gamma,0.01,0.009111627561154896,0.008302175681319744,0.007564633275546291,0.006892612104349695,0.006280291441834253,0.00572236765935022,0.005214008287999685,0.0047508101621027985,0.004328761281083057,0.003944206059437656,0.003593813663804626,0.0032745491628777285,0.0029836472402833404,0.00271858824273294,0.0024770763559917113,0.002257019719633919,0.0020565123083486517,0.001873817422860383,0.0017073526474706904,0.0015556761439304723,0.0014174741629268048,0.001291549665014884,0.0011768119524349979,0.0010722672220103231,0.0009770099572992247,0.0008902150854450384,0.0008111308307896872,0.0007390722033525775,0.0006734150657750821,0.0006135907273413176,0.0005590810182512223,0.0005094138014816375,0.00046415888336127773,0.0004229242874389499,0.0003853528593710527,0.0003511191734215131,0.00031992671377973844,0.0002915053062825176,0.0002656087782946684,0.00024201282647943808,0.00022051307399030456,0.0002009233002565046,0.0001830738280295368,0.0001668100537200059,0.0001519911082952933,0.00013848863713938718,0.00012618568830660197,0.00011497569953977356,0.0001047615752789664,9.545484566618328e-05,8.697490026177834e-05,7.92482898353917e-05,7.220809018385456e-05,6.579332246575683e-05,5.994842503189409e-05,5.462277217684337e-05,4.977023564332114e-05,4.534878508128582e-05,4.1320124001153344e-05,3.7649358067924715e-05,3.430469286314912e-05,3.1257158496882356e-05,2.848035868435799e-05,2.595024211399732e-05,2.3644894126454072e-05,2.1544346900318823e-05,1.9630406500402685e-05,1.788649529057435e-05,1.6297508346206434e-05,1.4849682622544636e-05,1.3530477745798076e-05,1.2328467394420658e-05,1.1233240329780266e-05,1.023531021899027e-05,9.32603346883218e-06,8.497534359086437e-06,7.742636826811277e-06,7.054802310718631e-06,6.4280731172843194e-06,5.857020818056661e-06,5.336699231206302e-06,4.862601580065354e-06,4.430621457583877e-06,4.037017258596549e-06,3.6783797718286343e-06,3.3516026509388406e-06,3.0538555088334123e-06,2.782559402207126e-06,2.535364493970106e-06,2.310129700083158e-06,2.104904144512022e-06,1.917910261672485e-06,1.747528400007683e-06,1.5922827933410906e-06,1.4508287784959373e-06,1.3219411484660288e-06,1.204503540258781e-06,1.0974987654930544e-06,1e-06
1.0,-1.0,-1.0,-1.0,-1.0,-1.0,-1.0,-1.0,-1.0,-1.0,-1.0,-1.0,-1.0,-1.0,-1.0,-1.0,-1.0,-1.0,-1.0,-1.0,-1.0,-1.0,-1.0,-1.0,-1.0,-1.0,-1.0,-1.0,-1.0,-1.0,-1.0,-1.0,-1.0,-1.0,-1.0,-1.0,-1.0,-1.0,-1.0,-1.0,-1.0,-1.0,-1.0,-1.0,-1.0,-1.0,-1.0,-1.0,-1.0,-1.0,-1.0,-1.0,-1.0,-1.0,-1.0,-1.0,-1.0,-1.0,-1.0,-0.007326088820567805,-1.0,-1.0,-1.0,-1.0,-1.0,-1.0,-1.0,-1.0,-1.0,-0.018573085717494393,-1.0,-1.0,-1.0,-1.0,-1.0,-1.0,-1.0,-1.0,-1.0,-1.0,-1.0,-1.0,-1.0,-1.0,-1.0,-1.0,-1.0,-1.0,-1.0,-1.0,-1.0,-1.0,-1.0,-1.0,-1.0,-1.0,-1.0,-1.0,-1.0,-1.0,-1.0
0.943512101377104,0.03621746635661911,0.036227117505877524,0.03623524270449654,0.03624198159558179,0.036247316209167414,0.03625141606750822,0.03625433260711146,-1.0,0.03625652966009644,0.03625561321368224,0.03625361229876332,-1.0,0.036245963541321265,-1.0,-1.0,-1.0,-1.0,0.03620310892686806,0.03618995474840523,0.03617516857325104,-1.0,0.03613935639793518,-1.0,-1.0,-1.0,-1.0,-1.0,0.03597276014204193,0.035933982277639914,0.03589129637477398,-1.0,-1.0,-1.0,-1.0,0.0356023251676157,-1.0,-1.0,-1.0,-1.0,-1.0,-1.0,-1.0,0.034737595692604886,-1.0,-1.0,-1.0,-1.0,-1.0,0.0335028875598004,0.03322133261948007,-1.0,-1.0,-1.0,-1.0,0.03134378377956558,-1.0,0.030311393251637547,-1.0,-1.0,-1.0,-1.0,-1.0,-1.0,0.024729409750349887,-1.0,-1.0,-1.0,0.01947109709913367,0.017821216875836696,-1.0,-1.0,-1.0,0.009448373997028917,-1.0,-1.0,-1.0,-1.0,-0.006510741541087189,-0.010693759610125864,-0.015284808937183217,-1.0,-0.025853225161200998,-0.03192217914896675,-0.03858292239113118,-0.04589302754265358,-0.0539158507638376,-0.06272094208228202,-1.0,-1.0,-0.09463001833401162,-1.0,-1.0,-0.1368119300713671,-1.0,-1.0,-1.0,-0.2148979947949696,-1.0,-1.0,-1.0
0.8902150854450386,0.07043209326425852,0.07045526726798966,0.07047566902597972,0.07049379610193507,0.0705093354439423,0.07052248873430807,-1.0,0.07054300200561141,-1.0,-1.0,-1.0,0.0705617785314539,0.07056206889966399,-1.0,0.07055754998921726,0.07055267827155068,0.0705460979583669,0.07053750580662753,-1.0,-1.0,-1.0,-1.0,-1.0,0.07044233949744001,-1.0,-1.0,-1.0,-1.0,-1.0,0.07024593618315313,-1.0,0.07014837011865983,-1.0,-1.0,0.06996102584274498,-1.0,-1.0,-1.0,-1.0,-1.0,-1.0,-1.0,-1.0,-1.0,0.0687624604069008,0.06856872551285606,-1.0,0.06812250770265568,-1.0,-1.0,-1.0,-1.0,-1.0,-1.0,-1.0,-1.0,-1.0,-1.0,0.06343212167250252,0.06271802990295981,-1.0,-1.0,-1.0,0.05909396349532602,0.05795684644741204,-1.0,-1.0,-1.0,-1.0,-1.0,-1.0,-1.0,-1.0,0.041186112047176614,0.038302840444559796,0.0351384884009214,-1.0,0.027854123232909644,-1.0,-1.0,0.01404149303422706,0.008511666658685718,-1.0,-1.0,-1.0,-1.0,-1.0,-1.0,-1.0,-1.0,-1.0,-0.08705985183143582,-1.0,-1.0,-0.13786813932396402,-1.0,-1.0,-0.20503357983236553,-0.23192306211683336,-1.0
0.8399287059458466,-1.0,0.10273967624007378,0.1027730440008482,-1.0,0.10282903374700932,0.10285211957854541,0.10287216219392255,0.10288945015941314,0.10290440671119967,0.10291649301426019,-1.0,-1.0,0.10293920136987712,0.1029424061931495,0.10294340870961771,-1.0,-1.0,-1.0,-1.0,-1.0,-1.0,-1.0,-1.0,-1.0,0.10282937987010167,-1.0,-1.0,-1.0,0.10270458096857601,-1.0,-1.0,-1.0,-1.0,-1.0,-1.0,-1.0,0.10222524834371195,-1.0,-1.0,-1.0,-1.0,-1.0,-1.0,-1.0,-1.0,-1.0,-1.0,-1.0,0.10029260791795777,0.1000113640626674,-1.0,0.09936368451385212,0.09899164025297534,-1.0,-1.0,-1.0,-1.0,-1.0,-1.0,-1.0,-1.0,-1.0,-1.0,-1.0,-1.0,0.08913665659378593,-1.0,-1.0,0.08461388055682717,-1.0,-1.0,-1.0,-1.0,-1.0,0.07073091475991428,0.06756657808664858,-1.0,-1.0,-1.0,-1.0,0.046469669932190795,-1.0,-1.0,-1.0,-1.0,-1.0,-1.0,-1.0,-0.016197062186369585,-1.0,-1.0,-1.0,-1.0,-1.0,-1.0,-0.12578074262270778,-0.14810478691519674,-0.17260544031538977,-1.0,-0.2290059313628816
0.7924828983539173,0.133134664456364,-1.0,0.1332340918105753,0.1332762138798966,0.13331366385429172,0.13334710300800504,0.13337653386780865,0.1334022619422175,0.1334246535477023,-1.0,0.13346025642281556,-1.0,-1.0,0.13349200373652767,-1.0,-1.0,-1.0,-1.0,-1.0,-1.0,-1.0,-1.0,-1.0,0.1334317310822575,0.13341091221797943,-1.0,0.13335878205777676,0.1333267942909064,0.13329126026107777,-1.0,0.13320699377351122,-1.0,-1.0,-1.0,-1.0,-1.0,0.13281828339801977,-1.0,-1.0,-1.0,-1.0,-1.0,-1.0,-1.0,-1.0,-1.0,-1.0,-1.0,-1.0,-1.0,-1.0,0.12996104241367368,-1.0,-1.0,-1.0,-1.0,0.1277008363641973,-1.0,-1.0,-1.0,-1.0,-1.0,-1.0,-1.0,0.12098300682628074,0.11973505523953437,-1.0,-1.0,-1.0,0.11340169300085307,-1.0,0.10923345632331943,-1.0,0.10421275066379601,-1.0,0.09816520776448528,-1.0,-1.0,-1.0,0.08210688539648263,-1.0,-1.0,-1.0,-1.0,0.05149877017010508,0.043475936594525644,-1.0,-1.0,-1.0,-1.0,-1.0,-1.0,-1.0,-1.0,-1.0,-1.0,-0.11750606762783172,-1.0,-1.0,-0.19840716274227632
0.7477172047313224,0.16183120614184027,0.1618993467213141,0.16196085348063397,0.1620158782066424,0.16206534169711412,0.1621094262509781,0.16214888128579916,-1.0,0.16221407014794476,-1.0,-1.0,0.16228310997137835,-1.0,-1.0,-1.0,-1.0,0.1623336339240007,-1.0,-1.0,0.16232937753291354,-1.0,-1.0,0.16229940671957083,-1.0,-1.0,-1.0,-1.0,-1.0,-1.0,0.1621116810049901,-1.0,0.16201973819509555,-1.0,-1.0,0.1618390932882059,-1.0,-1.0,0.1615942678063707,-1.0,-1.0,-1.0,-1.0,0.16098856935503864,-1.0,-1.0,-1.0,-1.0,0.16001516230915938,0.15975936503331772,-1.0,-1.0,-1.0,-1.0,-1.0,-1.0,0.157111587432801,0.15657679031051203,-1.0,-1.0,-1.0,-1.0,-1.0,-1.0,-1.0,-1.0,-1.0,-1.0,0.14573367187802352,-1.0,0.1422732514232438,-1.0,0.13810505715994306,-1.0,-1.0,-1.0,-1.0,-1.0,-1.0,-1.0,-1.0,-1.0,-1.0,0.0943413161832635,0.08768062267859872,0.08037070243289986,-1.0,-1.0,-1.0,0.04327341483807673,-1.0,0.018859019224815615,-1.0,-0.010548224569088716,-1.0,-1.0,-1.0,-1.0,-0.11313481189140462,-0.14002419029573807,-0.16953532143358455
0.7054802310718643,0.1888877489635159,0.18897287137793028,-1.0,0.1891185586017885,0.18918056645073036,-1.0,0.18928587591214732,-1.0,0.18936902390812993,0.1894033877958971,-1.0,-1.0,0.18948181319850807,-1.0,-1.0,0.18952624503482915,-1.0,-1.0,-1.0,-1.0,-1.0,0.18952861241451946,0.18951804608646572,-1.0,-1.0,-1.0,-1.0,-1.0,-1.0,-1.0,-1.0,-1.0,-1.0,-1.0,-1.0,-1.0,-1.0,-1.0,-1.0,0.1886233737378718,-1.0,-1.0,0.18822695074071152,-1.0,-1.0,-1.0,-1.0,0.1872548987869467,-1.0,-1.0,-1.0,-1.0,0.18570018267143262,-1.0,0.18484423701790526,0.18435252406566843,0.18381276358343238,-1.0,0.1825699498570603,-1.0,0.18107265357614202,-1.0,-1.0,0.17823292743935146,0.17709594759199065,-1.0,-1.0,-1.0,-1.0,-1.0,0.16752778985862837,-1.0,-1.0,-1.0,-1.0,-1.0,0.15080591007371066,-1.0,-1.0,-1.0,-1.0,-1.0,-1.0,0.11492257798640235,-1.0,0.09958966699173427,0.09078463541060047,-1.0,0.07051538985319564,-1.0,-1.0,-1.0,-1.0,-1.0,-0.018727342919541284,-1.0,-1.0,-1.0,-1.0,-0.14229334747585984
0.6656291352986196,-1.0,0.2144988188661983,0.21459174739401551,0.21467541344127297,0.21475058841348332,-1.0,0.21487914480069534,-1.0,0.21498120183764682,0.21502387863458983,-1.0,-1.0,-1.0,-1.0,-1.0,0.21518304128511587,-1.0,-1.0,0.21520960276303736,0.21521163636680596,-1.0,0.21520545866849528,0.21519742303833733,-1.0,-1.0,-1.0,-1.0,-1.0,-1.0,-1.0,-1.0,-1.0,-1.0,-1.0,-1.0,0.21469714009985952,-1.0,-1.0,0.21443044036907885,-1.0,-1.0,-1.0,-1.0,-1.0,-1.0,-1.0,-1.0,-1.0,-1.0,0.21242060893725256,-1.0,-1.0,0.2114026900036071,0.21099480616716004,-1.0,0.21005541388412974,-1.0,0.20892335308217902,-1.0,-1.0,0.20677594146555012,-1.0,-1.0,0.2039364032733106,-1.0,0.201551643650822,-1.0,-1.0,-1.0,-1.0,-1.0,-1.0,-1.0,-1.0,-1.0,-1.0,-1.0,-1.0,-1.0,0.1639244054967437,-1.0,0.15335611031010618,0.14728717041837305,-1.0,0.1333164397386289,0.12529365028155437,-1.0,0.1068250746486025,0.0962196734082452,-1.0,0.0718049894639487,-1.0,-1.0,0.02551044075202122,-1.0,-0.013364193810545238,-0.03568825003027587,-0.06018886466355633,-1.0,-1.0
0.6280291441834253,0.2384413725339953,0.23856340156216108,0.23867313341696808,-1.0,0.23886178088928128,-1.0,-1.0,0.2390792557748569,-1.0,0.23918834949587953,-1.0,0.23927374511500163,-1.0,-1.0,-1.0,-1.0,-1.0,-1.0,0.23942439207574062,-1.0,-1.0,-1.0,-1.0,-1.0,-1.0,-1.0,0.23936244901484874,-1.0,0.2393068156497841,-1.0,-1.0,-1.0,-1.0,-1.0,0.23901358360870792,-1.0,-1.0,-1.0,-1.0,-1.0,-1.0,0.23832003342644384,-1.0,-1.0,-1.0,-1.0,-1.0,0.2372091906732388,-1.0,-1.0,0.23636331868720284,0.23602516418630093,-1.0,0.23524607470336267,-1.0,0.23430691827637862,0.23376736520950095,0.2331750764399269,-1.0,-1.0,-1.0,-1.0,-1.0,-1.0,-1.0,-1.0,-1.0,-1.0,-1.0,-1.0,-1.0,-1.0,-1.0,-1.0,0.20739937005471099,-1.0,-1.0,0.1969509899607051,-1.0,0.18817700783247565,0.1831384938789535,-1.0,-1.0,-1.0,-1.0,-1.0,-1.0,-1.0,0.12047202618385275,0.10883234090066504,-1.0,0.08203751759298039,-1.0,-1.0,0.031229340218498047,0.010888487155534504,-1.0,-1.0,-1.0,-1.0
0.5925530975545678,0.26110501234044037,0.26124705642650553,0.2613751795028314,0.2614908543161411,-1.0,0.26168925088403366,0.2617739424342741,0.26184984463298056,0.2619176890821111,0.26197831689262796,-1.0,-1.0,0.2621215438832922,-1.0,-1.0,-1.0,0.2622372427517147,-1.0,-1.0,-1.0,0.2622815878638873,0.26228255993987093,-1.0,-1.0,-1.0,-1.0,-1.0,-1.0,0.2621742232671839,-1.0,-1.0,-1.0,-1.0,-1.0,0.2618878802754695,-1.0,-1.0,-1.0,-1.0,-1.0,-1.0,-1.0,0.261054834506212,-1.0,0.2607220716092904,-1.0,-1.0,-1.0,-1.0,-1.0,-1.0,0.2589066083118878,-1.0,0.2581278387975088,-1.0,0.2571889387133042,-1.0,-1.0,0.2554072500982615,0.254693670716786,0.25391040469494836,-1.0,-1.0,-1.0,-1.0,-1.0,-1.0,-1.0,-1.0,0.24235402892899266,0.2403669381092629,-1.0,-1.0,-1.0,-1.0,-1.0,-1.0,0.21983405887595886,0.2156510466020839,0.21106016268510985,-1.0,-1.0,0.19442299655955705,-1.0,-1.0,-1.0,-1.0,-1.0,-1.0,0.1317155684746377,-1.0,-1.0,-1.0,-1.0,0.05411260595954753,0.03377175743117042,-1.0,-1.0,-1.0,-0.06945329610884116
0.5590810182512224,0.28246331907709604,0.2826266673158018,0.28277424972310533,0.28290762877991815,0.2830278099051236,-1.0,0.28323383087624227,-1.0,-1.0,-1.0,-1.0,-1.0,0.28363853784303017,-1.0,-1.0,-1.0,-1.0,-1.0,-1.0,-1.0,-1.0,-1.0,-1.0,-1.0,-1.0,-1.0,-1.0,-1.0,0.28374872794092304,-1.0,0.2836793581222233,-1.0,-1.0,-1.0,-1.0,0.2833996687514597,-1.0,-1.0,-1.0,-1.0,-1.0,-1.0,-1.0,0.2824834586474992,-1.0,0.282117950359892,0.28190727425727047,-1.0,-1.0,0.2811410749038382,0.2808335779089684,-1.0,-1.0,-1.0,-1.0,0.27877872778756724,-1.0,-1.0,-1.0,-1.0,0.27550069355790624,0.2746410288247429,-1.0,-1.0,0.2715249727297266,0.2702772872667532,0.2689080046844304,-1.0,-1.0,-1.0,-1.0,-1.0,-1.0,0.254756439331771,-1.0,-1.0,-1.0,-1.0,0.23724203338416794,-1.0,0.22761289679711463,0.22208293449240177,-1.0,-1.0,0.20204332161164562,-1.0,0.18521552141093636,-1.0,0.1649463293668371,-1.0,0.14053198714751935,-1.0,-1.0,-1.0,-1.0,-1.0,-1.0,0.008538292063500597,-1.0,-0.04786222566143744
0.5274997063702618,0.30258828804105614,0.3027742927933564,0.3029424033294199,0.3030944746063418,0.3032315754967268,0.3033556008258858,-1.0,-1.0,-1.0,-1.0,0.30381039916008395,0.3038747719076134,0.3039315330272097,-1.0,-1.0,-1.0,0.30409528147305026,-1.0,-1.0,-1.0,-1.0,-1.0,-1.0,0.30418103367681226,-1.0,-1.0,-1.0,-1.0,0.3041030568695368,-1.0,-1.0,-1.0,0.30394714604916023,-1.0,-1.0,-1.0,-1.0,-1.0,-1.0,-1.0,-1.0,-1.0,-1.0,-1.0,-1.0,0.3024862468673875,-1.0,-1.0,-1.0,-1.0,-1.0,-1.0,-1.0,0.30008754264674153,-1.0,-1.0,0.2986100179496724,0.29801805410662946,-1.0,-1.0,-1.0,-1.0,0.2940686142484099,-1.0,0.29189626159707766,-1.0,0.2892792717694636,-1.0,0.28612676977184215,-1.0,-1.0,-1.0,-1.0,-1.0,-1.0,-1.0,-1.0,-1.0,-1.0,-1.0,-1.0,-1.0,-1.0,0.22972518785472587,-1.0,-1.0,-1.0,-1.0,0.1853181844660116,-1.0,-1.0,-1.0,-1.0,0.11460994448979336,-1.0,-1.0,-1.0,-1.0,0.0020206968371277445,-1.0
0.4977023564332111,0.32154725763973435,0.3217577461983022,0.321947853398708,0.3221197129763526,-1.0,-1.0,-1.0,0.3226550105237389,0.3227573713759757,0.32284908356081315,-1.0,0.323004741358683,0.32306990286488224,-1.0,0.32317789154376014,-1.0,-1.0,-1.0,-1.0,-1.0,-1.0,-1.0,0.3233718745328263,-1.0,-1.0,-1.0,-1.0,0.3233294144661688,-1.0,-1.0,-1.0,-1.0,0.32315585176113937,-1.0,-1.0,-1.0,0.3228980156337904,0.32281289239593286,-1.0,-1.0,-1.0,0.32236746250234793,-1.0,-1.0,-1.0,-1.0,0.3214939203863168,-1.0,-1.0,0.3207293662084792,-1.0,-1.0,-1.0,-1.0,-1.0,-1.0,-1.0,-1.0,0.3165885554099503,0.31587526655203885,-1.0,-1.0,-1.0,0.31225375486557677,-1.0,-1.0,-1.0,-1.0,0.3053478181164394,-1.0,-1.0,-1.0,0.29697628117011265,0.2943492936116563,-1.0,-1.0,-1.0,-1.0,-1.0,-1.0,-1.0,-1.0,-1.0,-1.0,0.24163652534222707,0.2336137867321713,0.22480876499718191,-1.0,-1.0,-1.0,-1.0,-1.0,-1.0,-1.0,-1.0,-1.0,-1.0,-1.0,-1.0,-0.008268887910103606
0.4695881961786354,0.33940430246618297,-1.0,0.33985443653057196,0.34004746164279515,0.340221676167947,0.34037918988334015,0.3405211974762271,0.34064912485181004,0.3407643508438084,-1.0,-1.0,0.3410439314739691,-1.0,0.3411833023732506,0.34124097247325264,-1.0,-1.0,-1.0,0.34140373018322745,-1.0,-1.0,-1.0,-1.0,-1.0,0.34147680105603095,-1.0,-1.0,-1.0,-1.0,-1.0,-1.0,-1.0,-1.0,-1.0,-1.0,-1.0,-1.0,-1.0,-1.0,-1.0,0.3406263061497446,-1.0,-1.0,-1.0,-1.0,-1.0,-1.0,-1.0,0.3391417129168201,-1.0,0.3385558191432826,-1.0,0.3378482476868303,-1.0,0.33699444593942873,0.3365036446925447,-1.0,0.3353730126931944,0.33472337778650385,-1.0,-1.0,-1.0,-1.0,-1.0,-1.0,-1.0,-1.0,-1.0,-1.0,-1.0,-1.0,-1.0,-1.0,-1.0,-1.0,-1.0,-1.0,0.299153857040847,-1.0,-1.0,0.28534165970256825,0.27981194892021166,-1.0,-1.0,-1.0,0.2517496985180219,0.2429447152209074,0.23328126931711488,0.2226756094128202,-1.0,0.1982612548418164,-1.0,-1.0,0.15196678882968542,-1.0,0.11309216785771484,-1.0,0.0662675577300641,0.03937816337768879,0.009867117032796358
0.44306214575838804,0.35621969884291377,0.3564838737305338,0.35672249360974795,0.3569378882072969,0.3571326840581988,0.3573086406531864,0.3574674579053683,-1.0,-1.0,-1.0,0.35795963589715546,-1.0,-1.0,0.3582103046218637,-1.0,0.35833299569733357,-1.0,0.35842589855764767,-1.0,-1.0,-1.0,-1.0,-1.0,-1.0,-1.0,-1.0,0.35854680025292723,-1.0,-1.0,-1.0,0.3584570652690379,-1.0,0.3583758739079115,-1.0,-1.0,0.35820106589879785,-1.0,0.35804329000987073,-1.0,-1.0,-1.0,-1.0,-1.0,-1.0,0.35713348534212613,-1.0,-1.0,-1.0,-1.0,-1.0,-1.0,0.35532807390877813,0.35495787239283577,-1.0,-1.0,-1.0,-1.0,-1.0,-1.0,-1.0,0.3503380747677234,0.3494787566644186,0.3485354749284597,-1.0,-1.0,-1.0,0.3437469259353403,-1.0,-1.0,-1.0,0.33679775511404014,0.33461711275638506,-1.0,-1.0,0.3267135667416408,-1.0,-1.0,-1.0,-1.0,-1.0,-1.0,-1.0,-1.0,-1.0,0.27688418831535805,-1.0,-1.0,-1.0,0.23978733117277004,-1.0,0.21537302199009384,0.20135291965009572,-1.0,-1.0,0.15054484930835288,0.13020396852670388,-1.0,0.08337935555715714,-1.0,-1.0
0.41803449618514543,0.3720492714576864,0.37234306166321524,0.37260861715604027,0.37284853448068295,0.37306507963487806,0.3732607121237554,-1.0,-1.0,0.3737400246640106,-1.0,0.37398536101170743,-1.0,0.37418244868584966,0.3742656457511632,-1.0,-1.0,0.3744609580090739,-1.0,-1.0,-1.0,-1.0,-1.0,-1.0,-1.0,-1.0,-1.0,-1.0,-1.0,-1.0,-1.0,-1.0,-1.0,-1.0,0.37445680362029493,-1.0,-1.0,-1.0,-1.0,-1.0,-1.0,-1.0,-1.0,-1.0,0.37344586088708853,-1.0,-1.0,-1.0,-1.0,-1.0,0.37211390184848375,-1.0,-1.0,-1.0,0.37069450767805723,-1.0,-1.0,0.3692189066214299,-1.0,-1.0,-1.0,-1.0,-1.0,-1.0,-1.0,-1.0,0.36126090326992644,-1.0,0.35838903867726696,-1.0,-1.0,-1.0,0.35076184560073703,0.3483684861657503,0.34574170511144586,0.3428587488178239,0.33969465349769257,-1.0,0.33241074813087346,-1.0,0.3236372088796569,0.31859865390792363,-1.0,-1.0,0.30033955494986186,-1.0,0.28500682062480853,0.2762018413659838,-1.0,0.2559327367662041,0.24429301774590248,0.23151845240127794,-1.0,-1.0,-1.0,-1.0,0.14634942963149836,-1.0,0.09952483584706856,-1.0,0.04312438448267075
0.39442060594376555,0.38694685474116186,0.3872722794735319,0.3875664882316951,-1.0,-1.0,-1.0,0.38848420873887235,-1.0,0.388819795726753,-1.0,0.3890920557460847,0.3892079423523474,-1.0,0.3894035097099785,0.3894858040638712,0.3895585920582334,0.3896222759265965,-1.0,-1.0,-1.0,-1.0,0.38982749553807183,0.3898483390440713,-1.0,-1.0,-1.0,0.3898713566987923,-1.0,-1.0,-1.0,-1.0,-1.0,-1.0,0.38967589103028144,-1.0,-1.0,-1.0,-1.0,-1.0,0.3892092615821495,-1.0,0.38896900620301206,-1.0,-1.0,-1.0,-1.0,-1.0,-1.0,-1.0,-1.0,0.38703839954983726,0.38670194667459673,0.3863322124704032,-1.0,-1.0,-1.0,0.38445089093338924,0.3838596059410041,0.38321036576328327,-1.0,-1.0,-1.0,0.3799127499266452,0.3788775110705699,0.3777411624291249,-1.0,-1.0,0.3736221111931247,0.3719728000671154,0.37016257176994066,0.36817574932187963,-1.0,-1.0,-1.0,-1.0,-1.0,-1.0,-1.0,0.3434613062626659,0.33887055633097063,0.33383216090581486,-1.0,-1.0,-1.0,0.30826311340858936,-1.0,0.29143544206995176,0.2817719927170541,0.2711663615012797,-1.0,-1.0,-1.0,-1.0,0.20045764744786418,-1.0,-1.0,-1.0,0.11475846206343321,-1.0,0.05835803052628624
0.3721406147404329,-1.0,-1.0,0.4016461908159192,0.40193949338733087,0.4022041535302567,0.40244322117784254,-1.0,-1.0,0.4030295885295895,0.4031878878067857,-1.0,0.4034584884640574,-1.0,-1.0,0.40376701941177384,0.40384822720713914,0.40391945074587404,0.4039819794387823,-1.0,0.4040825129289626,0.40412144400207023,-1.0,0.40417842684856664,-1.0,-1.0,0.4042153514308544,0.4042149867936866,-1.0,-1.0,-1.0,-1.0,0.40411942190595773,-1.0,-1.0,-1.0,-1.0,-1.0,-1.0,0.40367513853789716,-1.0,0.40346076871680653,-1.0,-1.0,-1.0,0.40287031493426684,-1.0,0.40247373490070865,-1.0,-1.0,-1.0,-1.0,-1.0,-1.0,-1.0,-1.0,-1.0,-1.0,0.39823133171898123,-1.0,-1.0,-1.0,-1.0,-1.0,-1.0,0.39211368041855527,-1.0,-1.0,-1.0,-1.0,0.3845354107500528,0.38254863285730833,-1.0,-1.0,-1.0,-1.0,-1.0,-1.0,-1.0,-1.0,-1.0,0.3482053590035229,-1.0,-1.0,-1.0,-1.0,-1.0,0.305808694317931,-1.0,0.28553962150079704,-1.0,-1.0,-1.0,0.2317182430900566,0.2148309966203721,0.19629720878303225,0.1759564107164904,0.1536324373106307,0.1291318065090215,-1.0,0.07273146499282346
0.35111917342151316,0.4141410621848537,0.4145376657876229,0.41489503132299904,0.41521800945696213,0.41550937523373516,0.41577236747128904,0.41600989112263326,-1.0,-1.0,0.4165920313372966,-1.0,0.4168900643593634,-1.0,0.41712984559830263,0.4172310109781243,-1.0,0.4174004757453708,-1.0,0.4175311224128487,-1.0,-1.0,0.4176646738266581,-1.0,-1.0,0.41773286555993255,-1.0,-1.0,-1.0,0.4177315343452294,0.41771489002684953,-1.0,-1.0,-1.0,-1.0,-1.0,-1.0,-1.0,-1.0,-1.0,0.41712610748765505,-1.0,-1.0,-1.0,-1.0,-1.0,0.416238047759855,-1.0,0.41580171978515673,0.41554966790982967,-1.0,0.41496684986153687,-1.0,-1.0,-1.0,-1.0,-1.0,0.4123822004949366,-1.0,-1.0,0.41042975579600766,-1.0,0.40878853475442334,-1.0,0.4068106027275666,-1.0,-1.0,-1.0,-1.0,-1.0,0.39809649446116624,-1.0,-1.0,-1.0,-1.0,0.38602652769649387,0.3828624598645931,-1.0,0.37557870359395884,-1.0,0.3668052007991434,-1.0,-1.0,-1.0,-1.0,-1.0,-1.0,-1.0,0.30970679882339613,-1.0,-1.0,-1.0,-1.0,0.24527986506563046,0.22839256553303736,0.2098588122270626,0.18951801597839837,-1.0,0.14269342803732726,0.11580407570703172,0.08629299623263742
0.3312851891487237,0.4265286803411486,0.42696459299256406,0.42735755063736003,0.427712103111189,0.428031993314424,0.42832083037866964,0.4285815038935634,-1.0,0.42902904205286946,-1.0,0.42939274882517015,0.4295475560016045,-1.0,-1.0,-1.0,-1.0,0.43011039321694866,-1.0,-1.0,-1.0,0.43036491071878147,-1.0,0.43044137013747347,-1.0,-1.0,-1.0,0.4305075112667999,-1.0,-1.0,-1.0,-1.0,-1.0,-1.0,-1.0,-1.0,-1.0,-1.0,-1.0,-1.0,-1.0,-1.0,-1.0,-1.0,-1.0,-1.0,0.4290281529930141,0.4288211287134822,-1.0,-1.0,-1.0,0.4277590946340704,-1.0,-1.0,0.42664911432462166,-1.0,-1.0,0.4251759260352569,-1.0,-1.0,-1.0,-1.0,-1.0,-1.0,-1.0,-1.0,-1.0,0.4158533226298226,0.4143508456545517,-1.0,-1.0,-1.0,-1.0,-1.0,-1.0,0.398821850183961,-1.0,0.3921853482713013,-1.0,0.3841913705162099,-1.0,0.37456235227574536,-1.0,-1.0,-1.0,0.3489934926771364,0.34097081076122354,0.33216587626794847,-1.0,0.3118968519455615,-1.0,-1.0,-1.0,0.25807555130841386,-1.0,-1.0,-1.0,0.17998971828772387,-1.0,-1.0,0.09908876396921312
0.3125715849688236,0.43816643202499644,0.4386443475929117,0.4390755108905988,-1.0,0.439814392843787,0.44013067413645446,0.44041618636488744,-1.0,0.4409058994461656,0.44111555684444864,0.44130426400566486,0.4414740271099901,0.44162693903462,-1.0,0.44188649005035346,-1.0,-1.0,-1.0,-1.0,-1.0,0.44237571591966784,-1.0,-1.0,-1.0,-1.0,-1.0,-1.0,0.44254785025701393,0.44254339656502917,-1.0,-1.0,0.44248719102248263,-1.0,-1.0,-1.0,-1.0,-1.0,-1.0,-1.0,-1.0,-1.0,-1.0,-1.0,0.4414511627042334,0.4412822052477599,-1.0,0.44088879856421814,0.4406609423728972,0.44040988056455754,-1.0,-1.0,-1.0,0.4391246566598492,-1.0,0.43827399255240534,-1.0,0.437246903863199,-1.0,-1.0,-1.0,-1.0,-1.0,-1.0,-1.0,-1.0,0.42929436519892766,0.42792561471071194,0.42642320792545685,-1.0,-1.0,-1.0,-1.0,-1.0,-1.0,0.4108945771738809,-1.0,-1.0,-1.0,-1.0,0.3916735560994773,0.38663529505479083,-1.0,-1.0,0.3683764043726987,-1.0,-1.0,-1.0,-1.0,-1.0,0.3123302150148898,-1.0,0.2855356304101126,0.2701485806193571,0.25326135286007134,0.23472757362797741,-1.0,0.19206283109325845,0.1675622303633434,-1.0,0.11116185142897012
0.2949150729647068,0.44909176178062626,0.44961548884300634,0.4500872717644862,0.45051239779772817,0.4508957434736837,0.45124142507547443,0.4515535094590765,0.45183475811010204,0.45208858957164366,0.45231775247916506,0.452523791169824,-1.0,0.4528765237290148,-1.0,-1.0,-1.0,-1.0,-1.0,-1.0,-1.0,-1.0,0.4537547073170947,0.4537998970015692,-1.0,-1.0,-1.0,0.4538990668396713,-1.0,-1.0,0.45389487111474175,-1.0,0.4538550212645187,-1.0,0.4537841128718398,-1.0,0.4536800455615586,0.45361389773299665,-1.0,0.4534521301094909,-1.0,-1.0,-1.0,0.4529865207488701,-1.0,-1.0,-1.0,-1.0,0.452046964699288,-1.0,-1.0,-1.0,-1.0,-1.0,-1.0,-1.0,-1.0,0.44863591751499393,-1.0,-1.0,-1.0,0.4459031661360622,-1.0,0.4441021483165417,-1.0,0.4419315508407942,0.4406846850383147,0.4393160052314774,-1.0,-1.0,-1.0,-1.0,0.43018782304722797,-1.0,-1.0,-1.0,-1.0,0.4156491000549313,-1.0,-1.0,-1.0,-1.0,-1.0,-1.0,0.3797675123859091,-1.0,-1.0,0.3556300442267123,0.34596663843713227,-1.0,0.3237213871798914,0.3109468682006596,-1.0,-1.0,0.26465256075314136,0.24611881041302308,0.2257780618683756,-1.0,0.17895346465143996,-1.0,-1.0
0.2782559402207124,0.4593414875959216,0.4599145666626667,0.46043033391486077,0.46089496842377176,0.4613138565839082,0.46169074651776987,-1.0,0.46233782106616583,0.46261468644440257,0.4628645322286487,0.46308958739543443,-1.0,-1.0,0.46363852321867716,-1.0,0.46391604044344215,0.46403339344084393,-1.0,0.4642286842794747,0.46430911736940667,-1.0,-1.0,-1.0,-1.0,0.46456484561629907,-1.0,-1.0,0.46461706704076744,-1.0,0.46461299907476794,-1.0,-1.0,-1.0,-1.0,0.4644654922592892,-1.0,-1.0,-1.0,0.4641871787186141,-1.0,-1.0,-1.0,-1.0,0.46357471456300475,0.4634071134051216,-1.0,-1.0,-1.0,-1.0,-1.0,0.46195948855004815,-1.0,-1.0,0.46085245824057847,-1.0,-1.0,0.4593814741672403,-1.0,-1.0,0.457431203189427,-1.0,-1.0,0.4548487378780764,-1.0,-1.0,-1.0,-1.0,-1.0,-1.0,0.44510232430160795,-1.0,-1.0,0.4385421535808991,0.4359156578918277,0.43303296394466684,-1.0,0.4263967019435099,-1.0,-1.0,-1.0,0.40877401133390506,-1.0,-1.0,-1.0,-1.0,-1.0,-1.0,0.35671450899688706,-1.0,-1.0,-1.0,-1.0,0.2922876994741598,-1.0,0.25686676884130516,-1.0,-1.0,-1.0,0.16281203386931242,0.1333009984403884
0.2625378468783063,0.46894916208437354,0.4695756808628824,0.4701387261543189,0.4706455014553305,0.47110195766895707,0.4715131732996661,-1.0,0.4722182315886256,0.4725196568666522,-1.0,0.4730364555947507,-1.0,-1.0,0.4736340282813131,0.4737940797690504,-1.0,-1.0,-1.0,-1.0,-1.0,-1.0,-1.0,-1.0,-1.0,0.47465496611861185,0.4746847259685978,0.4747061481084438,-1.0,-1.0,-1.0,-1.0,-1.0,0.4746658899512577,-1.0,-1.0,0.4745334530542721,-1.0,-1.0,0.4743144736070162,-1.0,-1.0,-1.0,-1.0,-1.0,-1.0,-1.0,-1.0,-1.0,0.4726747222053191,-1.0,-1.0,0.4717619649719159,-1.0,-1.0,-1.0,-1.0,-1.0,-1.0,-1.0,-1.0,-1.0,-1.0,-1.0,0.4639537968213238,-1.0,-1.0,0.46020299997502423,-1.0,0.457052024238321,0.45524223850376166,0.4532558212302359,0.4510755527058597,0.4486825686791656,-1.0,0.443173470508257,0.44000966299757505,-1.0,0.432726235742248,-1.0,-1.0,-1.0,-1.0,0.4073165293018228,-1.0,0.39334618451053344,0.3853235978031513,0.37651871633636913,0.36685532274008703,-1.0,0.3446101140870569,-1.0,0.31781558582495906,-1.0,0.28554147342581737,-1.0,0.24666685322688933,0.2243428987609849,-1.0,-1.0,0.14344194572949165
0.24770763559917108,0.4779459335536155,0.4786302712607125,0.47924451278591035,0.4797971056594154,-1.0,0.4807417812871902,-1.0,-1.0,0.4818365574684783,0.4821319475806458,-1.0,0.48263805884173283,-1.0,0.48304886536595376,0.4832225826335541,0.48337930204751495,-1.0,0.48364260055535596,-1.0,-1.0,0.4839353845487148,0.4840090943464907,-1.0,0.48412557306804604,0.4841692924211461,0.4842039074772382,-1.0,-1.0,0.48425597154691274,-1.0,-1.0,-1.0,-1.0,-1.0,-1.0,-1.0,-1.0,-1.0,0.4838682227157247,-1.0,-1.0,-1.0,-1.0,-1.0,-1.0,-1.0,-1.0,-1.0,-1.0,-1.0,-1.0,-1.0,0.48095871247362443,-1.0,0.48011051039366437,0.47962215256869584,-1.0,-1.0,-1.0,-1.0,-1.0,-1.0,-1.0,0.4735206451038378,-1.0,0.4711385729385835,-1.0,-1.0,0.46661940679196584,-1.0,0.4628233417981428,-1.0,-1.0,-1.0,-1.0,0.4495774634818912,-1.0,0.44229412186793216,-1.0,-1.0,-1.0,-1.0,-1.0,-1.0,0.40291424845969676,0.3948916411540606,0.38608678394390983,-1.0,0.3658178790409954,0.35417825279470483,-1.0,-1.0,-1.0,-1.0,-1.0,0.25623504173966594,0.23391288813105648,-1.0,0.1825211899698585,0.1530101721064554
0.23371515179132787,0.4863614718634741,0.48710784871369023,-1.0,-1.0,0.4889202233614837,-1.0,0.48984592236712227,0.49024079262156856,0.490596764932392,-1.0,0.49120641216050454,-1.0,-1.0,0.491912297188198,0.49210176208094747,0.4922719876651987,-1.0,-1.0,-1.0,0.49278604685610194,0.49287968008695343,-1.0,0.49303109838722037,0.4930905785495928,-1.0,-1.0,-1.0,-1.0,-1.0,-1.0,-1.0,0.49323137498058145,-1.0,-1.0,-1.0,-1.0,-1.0,-1.0,-1.0,-1.0,-1.0,-1.0,-1.0,-1.0,-1.0,0.4919359328672847,-1.0,-1.0,-1.0,0.49098742957633407,0.4906823935141933,-1.0,-1.0,-1.0,-1.0,0.48864689068451,-1.0,-1.0,-1.0,-1.0,-1.0,-1.0,-1.0,-1.0,-1.0,-1.0,-1.0,0.4772950043368331,-1.0,-1.0,-1.0,0.4696703222789064,0.46727745829589024,-1.0,-1.0,0.4586048563370756,-1.0,0.4513215966158841,-1.0,-1.0,-1.0,0.4319808129181929,0.42591216624565764,-1.0,-1.0,0.40391932833001876,-1.0,-1.0,-1.0,-1.0,0.3504315287991852,-1.0,-1.0,0.3041373482292158,-1.0,-1.0,0.24293889249889444,-1.0,-1.0,0.1620380148117202
0.22051307399030456,0.49422197289462144,0.49503626934325756,-1.0,0.49642078531955464,0.4970090678567531,-1.0,0.49801445959337826,0.49844330099337214,0.4988291115071749,-1.0,0.4994908233497406,0.49977359297872503,0.5000275489104545,-1.0,0.5004618578385424,0.5006466022729078,-1.0,-1.0,0.501090358737598,-1.0,0.5013088711688618,-1.0,0.5014757948227027,-1.0,-1.0,-1.0,-1.0,-1.0,-1.0,-1.0,0.5017282586160242,0.5017180329222831,0.5016991244118907,0.5016710715156975,-1.0,-1.0,-1.0,-1.0,-1.0,-1.0,-1.0,0.5010711250284169,-1.0,-1.0,-1.0,-1.0,-1.0,-1.0,-1.0,-1.0,-1.0,-1.0,0.49849606194755924,-1.0,-1.0,-1.0,-1.0,-1.0,0.49538899581071666,-1.0,-1.0,-1.0,0.49209752543181773,0.4910634947423715,-1.0,0.48868194703834866,-1.0,-1.0,-1.0,-1.0,-1.0,0.47818763225559097,-1.0,-1.0,-1.0,-1.0,-1.0,0.45983921366866987,-1.0,-1.0,-1.0,-1.0,-1.0,-1.0,-1.0,-1.0,-1.0,-1.0,-1.0,0.37172393082632815,-1.0,-1.0,0.3295424713893137,-1.0,-1.0,0.27378082279724913,0.2514568777311572,-1.0,0.20006699610380535,0.170555999451537
0.2080567538217171,0.5015528512746971,0.5024406090483946,0.5032354959417047,-1.0,0.5045871454222701,0.5051616283198067,0.5056784053032345,0.5061433104412223,0.5065619090423582,0.5069390968081905,-1.0,-1.0,0.5078604296003156,-1.0,0.5083309262127178,-1.0,0.5087105654923786,0.5088704075728844,0.5090134700244745,-1.0,0.509251681362619,-1.0,-1.0,0.509508118084987,-1.0,-1.0,-1.0,-1.0,0.509713918360488,-1.0,-1.0,-1.0,0.5097058178293631,-1.0,-1.0,0.509600702996181,0.509545451132907,-1.0,0.5094021954953686,-1.0,-1.0,-1.0,-1.0,-1.0,0.5086552152308824,-1.0,0.5082717463284421,-1.0,-1.0,-1.0,-1.0,-1.0,-1.0,0.5061256615415692,-1.0,0.5051950443836613,-1.0,-1.0,-1.0,-1.0,-1.0,-1.0,0.5001326929726043,-1.0,-1.0,0.49671754245381916,0.4953495125635874,0.49384778453823325,0.49219938947437764,-1.0,0.48840377926479905,-1.0,0.4838310698986738,0.48120486767164616,-1.0,-1.0,-1.0,-1.0,-1.0,-1.0,-1.0,-1.0,-1.0,0.4358062894262398,0.4284964943810909,-1.0,-1.0,0.402005841120912,0.3914003274306942,0.379760753918545,-1.0,0.3529663149616856,-1.0,-1.0,0.3021584733182754,-1.0,-1.0,0.23499326356513056,0.20810392555431717,-1.0
0.19630406500402708,0.5083762299217549,0.5093448199587475,0.5102098495069964,-1.0,0.5116793529812312,0.5123029820824214,0.5128631288429668,0.513367152926565,-1.0,0.514228952852584,0.5145967181121631,0.5149278042401365,0.5152262176020131,-1.0,-1.0,0.5159525605486701,-1.0,0.5163202095422533,-1.0,-1.0,-1.0,0.5168419626465025,-1.0,0.5170161739114345,-1.0,0.5171423213647126,-1.0,-1.0,0.5172502218965157,0.5172663022272078,0.5172727235360691,0.5172695586195368,-1.0,0.5172347186742977,-1.0,-1.0,-1.0,-1.0,0.5169669869642024,0.5168793151639001,-1.0,0.5166643289910485,0.5165351564639341,0.516390085545637,0.51622786051322,-1.0,-1.0,0.515623403512768,-1.0,-1.0,-1.0,-1.0,-1.0,-1.0,-1.0,0.5127743922112178,0.5122389198354111,0.5116503442849762,0.5110035704044461,0.510292992306776,0.5095124601329756,-1.0,-1.0,-1.0,0.5055451787690604,0.5042991615237065,-1.0,0.5014296510548075,-1.0,-1.0,0.4959859518592864,0.4938060584983221,-1.0,0.4887872609188254,-1.0,-1.0,0.47926918747869585,0.4754584969076886,0.4712758544238222,0.46668544814555996,0.46164737338947803,0.45611799990454993,0.4500494340077793,-1.0,0.43607933694052153,0.4280568450113359,-1.0,-1.0,0.39898327555906,0.3873436902322165,0.37456925630649135,0.36054926622548733,0.34516233223978965,0.32827515637615656,0.30974156433079836,0.2894007313029221,0.2670767807715094,0.24257626784445058,0.21568696020313832,0.18617595408344934
0.18521526088081725,0.5147130786828464,0.5157696793805372,0.5167120076873322,0.5175539294591635,0.5183083718429627,0.518984940676669,0.5195927093955341,0.5201383167684184,0.520629373001502,0.5210714698795645,0.5214690365490605,0.5218273643414187,-1.0,0.5224396576327958,0.5227006157413393,-1.0,-1.0,0.5233331625122979,-1.0,0.5236508574497907,-1.0,-1.0,-1.0,0.5240912749006684,0.5241671876594935,0.5242311028478558,-1.0,0.5243246062941352,-1.0,0.5243759719651919,0.5243864543179412,-1.0,-1.0,-1.0,-1.0,0.5242886239685854,-1.0,-1.0,-1.0,0.5240164787623864,-1.0,-1.0,0.5236766402864831,-1.0,-1.0,-1.0,-1.0,-1.0,-1.0,-1.0,-1.0,0.5216210007417609,0.521256093466129,0.5208542106827608,-1.0,-1.0,0.5193901380082999,-1.0,0.5181554002026558,0.5174450900450428,0.5166649536867957,-1.0,-1.0,-1.0,0.5126982983142532,0.5114524321088206,-1.0,-1.0,0.5069349639011809,-1.0,-1.0,-1.0,-1.0,-1.0,-1.0,-1.0,-1.0,-1.0,0.47843028565490936,0.47383986983415244,-1.0,-1.0,0.457203944744232,0.4505436548070202,-1.0,0.4352114030174179,-1.0,-1.0,0.40613791806855204,0.3944983654071038,0.38172392848917663,-1.0,-1.0,0.3354299205400213,0.3168961884901139,-1.0,-1.0,-1.0,0.2228417051934098,0.19333070837422983
0.17475284000076838,0.5205827586446606,0.5217349060683482,0.5227605448249664,0.52367658574989,0.5244958780254022,0.5252298054756895,0.5258882616100461,0.5264792794812515,0.5270106859072837,0.5274887842903849,0.5279187375895086,0.5283056169011389,0.5286538560054626,0.5289676574268614,-1.0,-1.0,0.5297296258055283,0.5299336133515257,0.5301152645182023,0.5302778199087689,0.5304217488649453,0.5305487380601634,-1.0,0.5307573841163402,-1.0,0.5309117034789048,-1.0,0.5310176102491049,-1.0,0.5310788402412064,-1.0,-1.0,-1.0,-1.0,0.5310494406464118,-1.0,-1.0,-1.0,-1.0,-1.0,0.5306511699329596,0.5305397389558345,-1.0,0.5302706491679211,-1.0,0.5299319030382365,-1.0,-1.0,-1.0,-1.0,-1.0,-1.0,-1.0,-1.0,-1.0,-1.0,-1.0,-1.0,0.5249029903294116,-1.0,-1.0,0.5225561325790636,0.5216151544877285,0.5205818413411516,0.5194472463858048,0.5182015418222381,-1.0,0.5153325904457604,0.5136844796487907,0.5118753611387976,0.5098895337421542,-1.0,0.5053173284569039,0.5026913396302395,0.49980910707545184,0.49664567183748076,-1.0,0.4893629097601718,0.4851804971596941,0.4805901735348563,0.4755522030187954,-1.0,0.46395437923624694,-1.0,-1.0,0.44196192632809905,-1.0,-1.0,0.41288849092146884,0.4012490432507353,0.3884745405021403,0.3744545994367702,-1.0,-1.0,0.32364689785167744,0.3033061397662815,0.2809823411457665,-1.0,0.22959240785682883,0.2000814316011328
0.16488141929074185,0.5260008498892154,0.5272578774136523,0.528375359870316,0.5293715778232555,-1.0,0.531057423312234,0.5317708443492375,0.5324110304278686,0.532985745426786,0.5335023010078339,0.5339669912992285,0.5343847120525871,0.5347609893466289,-1.0,0.5354035173934741,0.5356772966800644,0.5359227977344773,0.5361428008787692,0.5363396756722726,0.5365151808102985,0.5366714825898807,0.5368093806769907,-1.0,0.5370370805185203,-1.0,-1.0,-1.0,-1.0,0.5373672155873513,-1.0,0.5374169151567479,0.5374255208336477,-1.0,-1.0,-1.0,-1.0,-1.0,0.5372497696776625,0.5371803405421677,0.5370981795072451,0.5370026076069554,-1.0,-1.0,0.536626501645543,-1.0,0.5362900873077763,0.536092043259978,-1.0,0.5356276963594186,0.5353573730204015,-1.0,0.5347287061172421,0.5343649201195522,-1.0,-1.0,-1.0,-1.0,0.5319149788461333,-1.0,-1.0,0.5297796495673565,0.5289231028584538,-1.0,0.5269492472323559,-1.0,-1.0,0.5232018677137612,0.5217006477912213,-1.0,-1.0,0.5162579500241998,0.51407833174218,0.5116859313436295,-1.0,-1.0,-1.0,0.4995425181430023,0.4957318527809331,-1.0,-1.0,0.48192258382895536,-1.0,-1.0,-1.0,0.4563536212761132,0.44833116114263183,-1.0,-1.0,-1.0,0.4076182895038546,0.3948439023209814,0.38082395265932933,-1.0,-1.0,0.3300162515792161,-1.0,-1.0,0.2628511592138612,0.23596185760619032,0.20645086147176583
0.1555676143930472,0.5309826325020434,0.5323548821987432,0.5335728111265724,0.5346564748588831,0.5356229203188778,0.5364865513344258,0.5372592930136171,0.5379519991036722,0.5385735928083422,0.5391320510258065,0.5396337274965898,0.5400851517729138,-1.0,-1.0,-1.0,0.5414797385599844,0.5417444320791079,-1.0,0.5421947488688332,0.5423846813462976,0.5425540561975247,-1.0,0.5428359047329044,0.5429517205242117,-1.0,0.5431381409866025,-1.0,-1.0,0.5433178729017905,-1.0,0.5433776722990578,-1.0,-1.0,0.543384226447273,-1.0,-1.0,-1.0,0.5432341817590275,-1.0,0.543086930332929,-1.0,-1.0,-1.0,-1.0,0.5424643404650712,0.5422878776225439,-1.0,-1.0,0.5416284194887655,-1.0,-1.0,-1.0,0.5403684692766088,-1.0,0.5395272647552646,-1.0,-1.0,0.5379208714364676,-1.0,0.5365659562266142,-1.0,-1.0,-1.0,-1.0,-1.0,-1.0,0.5292099597742523,-1.0,-1.0,-1.0,0.5222665851114242,-1.0,-1.0,-1.0,0.5121868648582284,-1.0,-1.0,-1.0,0.49755874391306293,0.49296852271565145,0.4879306135929211,-1.0,-1.0,0.46967280085299246,-1.0,-1.0,0.4455359957338131,-1.0,0.42526739656676427,0.41362788807656004,0.40085352562268833,-1.0,-1.0,-1.0,0.3360261339889994,-1.0,-1.0,0.26886086193029196,0.24197156957109317,0.2124606238180623
0.14677992676220694,0.5355400971839829,0.5370396527333567,0.5383677566532666,0.5395471206937401,0.5405969962650643,0.5415337571173214,0.5423713383956121,0.5431210237138608,0.5437930993400929,0.5443963369265703,0.5449386457460864,0.5454252185610258,0.5458633129001386,-1.0,0.5466110598504271,0.5469294573604678,0.5472151904329594,0.5474715835131406,0.54770128125247,0.5479060726565458,-1.0,0.5482512842916695,0.5483947715448084,0.5485207532557109,-1.0,-1.0,0.5488049268900704,0.5488715553025938,0.548925291759991,0.5489666557159819,-1.0,-1.0,0.5490199736240147,-1.0,0.5489981061154182,-1.0,-1.0,-1.0,-1.0,-1.0,-1.0,-1.0,-1.0,0.5482768776848704,-1.0,-1.0,-1.0,-1.0,0.5472892016812644,-1.0,-1.0,0.5463947777596032,0.5460322472563941,0.5456327940336547,-1.0,0.5447073477613211,0.5441738684032641,0.5435871064184423,0.5429419821215451,0.5422329115767561,-1.0,0.5405977595653265,0.5396574868145524,0.5386248327969723,0.5374908377436435,0.536245677684751,0.5348785761981452,0.5333776677709064,0.5317299805546717,0.5299212334751987,0.5279357667730323,0.5257563585569004,0.5233641403686022,-1.0,0.5178564262304348,-1.0,-1.0,0.5074108075032422,0.5032285583570372,0.49863838556056944,0.49360052717820657,-1.0,-1.0,0.4753428013795521,0.4680331726322711,-1.0,-1.0,-1.0,-1.0,-1.0,0.40652373021634,-1.0,0.3771169510256629,-1.0,-1.0,-1.0,-1.0,-1.0,0.24764207996686466,0.21813093863103628
0.1384886371393873,0.5396837544488359,0.5413239562095615,0.5427728343155944,0.5440569929326444,0.545198229339108,0.5462148065071536,0.5471224081564822,0.547934069078682,0.5486608133120426,0.5493127218727879,0.5498978872089476,0.5504232631771444,-1.0,0.5513198788631615,0.5517014875426851,0.552044530063454,0.5523525060354394,0.5526292922800967,-1.0,-1.0,-1.0,0.553471027916621,0.5536265137519938,0.5537633683282728,-1.0,0.5539865130390689,-1.0,-1.0,-1.0,-1.0,-1.0,-1.0,-1.0,-1.0,0.5543104308622273,0.5542855997729664,0.5542486551795449,0.5541992910503865,-1.0,-1.0,-1.0,0.5538675860349027,-1.0,-1.0,0.5534561173805385,0.553282221685244,0.5530875874895234,0.5528705378089627,-1.0,0.5523614253366452,-1.0,0.5517372383506756,-1.0,0.5509763060292592,-1.0,-1.0,-1.0,-1.0,0.5482881405643306,0.5475794242362424,0.5468005927980266,0.5459448787389292,0.5450048919605864,-1.0,0.5428387132654955,-1.0,-1.0,0.5387261027358203,-1.0,-1.0,-1.0,0.5311053211474497,-1.0,-1.0,-1.0,0.5200425431616759,-1.0,-1.0,-1.0,-1.0,-1.0,-1.0,-1.0,0.48069257976462754,0.4733829878540174,-1.0,0.4565559970199269,0.44689284884693725,-1.0,0.4246480319350605,0.4118736863816285,0.3978538102589865,0.3824670259907741,0.36557985239535107,0.3470462399981007,0.32670561051727154,-1.0,-1.0,-1.0,0.2234810456468026
0.13066570504423455,0.5434214054260493,0.5452173841843939,0.5467998313174482,0.5481991085867004,0.5494401601736946,0.5505439189732075,0.5515276235140812,0.5524062709759983,0.5531922935187449,0.5538965769536928,0.5545281218116281,-1.0,-1.0,0.5560614398214241,0.5564728178989298,0.556842015708705,0.5571739365290208,-1.0,-1.0,0.55797808538273,0.5581908162039239,0.5583804026803961,-1.0,-1.0,0.5588274483770032,-1.0,0.5590367344412356,-1.0,0.5591859554436626,-1.0,0.559280477618171,0.5593084592342872,-1.0,0.5593272679203233,-1.0,-1.0,0.5592634275356281,-1.0,-1.0,0.559084460252317,0.5589971248282353,0.5588948061126314,-1.0,-1.0,-1.0,-1.0,-1.0,-1.0,0.5576663861815435,0.5573996012414083,-1.0,-1.0,0.556415977317926,-1.0,-1.0,-1.0,0.5545621004467521,-1.0,-1.0,-1.0,-1.0,-1.0,-1.0,0.549017846319844,-1.0,0.5466395648144396,-1.0,-1.0,-1.0,-1.0,-1.0,0.5361520791470167,-1.0,0.5311345657320558,0.5282527526343812,0.5250896956305554,-1.0,0.5178075920787286,0.5136254851511898,-1.0,0.5039976600556555,-1.0,-1.0,-1.0,-1.0,-1.0,0.4616037138148915,-1.0,0.4413352524036459,-1.0,0.41692150616892615,-1.0,-1.0,-1.0,-1.0,0.33175347904102337,-1.0,-1.0,-1.0,-1.0
0.12328467394420663,0.5467584129003812,0.5487275934218154,0.5504577429002087,0.5519838981056842,0.5533345424993025,0.554533628976597,-1.0,0.5565517829097973,0.5574018560194258,0.5581629034461036,0.5588444571862099,0.5594557970787492,0.5600046236226747,0.5604975697834,0.5609405461298247,0.5613385962636729,0.561695970432216,0.5620165089827219,0.5623038131925121,-1.0,0.5627913359977222,-1.0,0.5631778825846164,0.5633391208155768,0.5634797551330749,-1.0,0.5637087161422596,0.5637987673790656,0.5638737462914831,-1.0,-1.0,-1.0,0.5640356556616684,0.5640434299140814,0.5640386915743039,-1.0,-1.0,-1.0,-1.0,0.5638208039820353,-1.0,-1.0,0.5635194847115242,-1.0,-1.0,0.5630637166781486,-1.0,0.5626570515513785,-1.0,-1.0,-1.0,-1.0,-1.0,-1.0,-1.0,-1.0,-1.0,-1.0,-1.0,-1.0,-1.0,-1.0,-1.0,-1.0,-1.0,-1.0,0.5500336458765528,-1.0,0.5468860905828524,-1.0,0.5430927153879821,0.5409136853774139,0.5385218180874448,0.5358964138736069,0.5330146847450793,-1.0,-1.0,0.5225697759332643,-1.0,0.5137977371152653,0.5087600454349283,0.5032309939067307,-1.0,0.49050273362936825,-1.0,-1.0,-1.0,-1.0,-1.0,-1.0,-1.0,-1.0,0.3922775668892573,0.37539048818267073,0.35685691194931257,0.33651626842450144,0.314192408457457,0.28969195631482897,-1.0,-1.0
0.11632058178068948,0.5496970987343469,0.5518597673209287,0.5537540707690018,0.5554199534590485,0.5568909352410765,-1.0,0.5593517676995136,0.5603826768148887,0.5613024986437553,0.5621246717564811,0.5628605301200643,0.5635202372893193,0.5641117114727651,-1.0,0.5651196572186439,-1.0,0.5659326451553855,0.5662780786411238,0.5665872635808807,-1.0,-1.0,-1.0,-1.0,0.5677039021106516,0.5678567379129588,-1.0,0.5681060795875799,0.5682049518381789,-1.0,0.568356055345185,-1.0,-1.0,-1.0,-1.0,0.5684874947084511,-1.0,-1.0,-1.0,-1.0,-1.0,0.5682041317774451,-1.0,-1.0,-1.0,0.5677110309487862,0.5675416352394376,0.5673510324102069,-1.0,-1.0,-1.0,-1.0,-1.0,-1.0,-1.0,-1.0,0.5643392333087203,-1.0,-1.0,-1.0,-1.0,-1.0,0.5602395745999844,0.5593005001559558,-1.0,0.5571359083578009,-1.0,-1.0,-1.0,-1.0,-1.0,-1.0,-1.0,-1.0,-1.0,0.5375075758175599,0.5343447019743167,0.5308731743904138,-1.0,0.5228809411212206,-1.0,-1.0,-1.0,-1.0,-1.0,0.4876867212814157,0.47966446652296524,-1.0,0.46119688412354276,0.450591600585028,0.438952735616557,0.4261779458079082,-1.0,0.39677132282553007,0.37988426962059396,0.3613506980972001,0.3410100781558071,-1.0,-1.0,-1.0,0.2377856804368963
0.10974987654930562,0.5522370331271679,0.5546165873718099,0.5566932268861047,0.5585145573276373,0.5601184371205192,0.5615361731556384,0.5627929657868586,0.5639103077802403,-1.0,0.5657946283919043,0.5665892355014198,-1.0,0.5679384835236586,0.5685106579942723,0.5690240321103524,0.5694854366075917,0.5698989935039728,0.5702703301640052,0.5706033870167729,-1.0,-1.0,0.5714068811772012,-1.0,-1.0,0.5719723945712781,-1.0,-1.0,-1.0,-1.0,-1.0,-1.0,-1.0,-1.0,-1.0,-1.0,-1.0,-1.0,-1.0,-1.0,0.572496813474896,-1.0,0.5723216533112658,0.5722097499969909,0.5720803975214612,0.5719324830917628,-1.0,0.5715756776466279,0.5713637073206168,-1.0,0.5708634500133652,-1.0,0.5702465998188526,-1.0,0.569491750860647,-1.0,-1.0,-1.0,-1.0,0.5668146358935154,0.5661075777968962,0.5653302532390294,0.5644759163472808,0.563537186370567,0.5625059137002479,0.561373179553645,-1.0,-1.0,-1.0,-1.0,0.5538083882311934,-1.0,0.5496449455276438,0.5472532795953992,0.5446280963875899,0.5417466011674642,-1.0,0.5351123995419516,0.531302620411187,0.5271203281236999,0.5225304642539564,-1.0,0.5119639837978739,-1.0,-1.0,-1.0,-1.0,-1.0,0.4654367097139056,-1.0,0.44319268683328183,-1.0,0.4163980954571497,0.40101128141777775,0.38412429617621746,0.36559069954350565,-1.0,0.32292627612826563,0.2984258554307217,-1.0,0.24202572563835867
0.10355033664891308,0.5544660023405024,0.5569980131025966,0.5592787150995554,0.561272401798831,0.5630232931661663,0.5645670415471611,0.5659328835560993,0.5671446411742902,0.5682227300483433,0.569183796732619,0.5700420168798735,0.5708097385053049,0.5714972178116926,0.5721135155083956,0.5726665028682866,0.5731624069381696,0.573607652238034,0.5740071868233645,0.5743655134694066,-1.0,0.5749738642377077,-1.0,-1.0,-1.0,0.5758409160290772,-1.0,-1.0,0.5762536661745425,-1.0,0.5764380023931903,-1.0,-1.0,-1.0,-1.0,0.5766296539211604,0.5766252194382802,0.5766068161994243,-1.0,-1.0,-1.0,0.5763889074260565,-1.0,-1.0,0.5760593205848963,0.5759133526169224,-1.0,-1.0,-1.0,-1.0,0.5748517347079142,0.5745602310066733,-1.0,-1.0,0.5734839166123321,-1.0,-1.0,0.5720361351582897,-1.0,0.5708099860282075,0.5701034039580795,-1.0,-1.0,-1.0,-1.0,-1.0,-1.0,-1.0,0.5612615631822335,-1.0,-1.0,-1.0,-1.0,-1.0,-1.0,0.5457461218893603,0.5425835223785198,-1.0,0.535302037399676,0.5311202136111198,-1.0,-1.0,-1.0,0.5098959634440032,0.5032360688466785,-1.0,0.48790451034469495,-1.0,-1.0,0.45883186017612587,-1.0,0.43441831445135776,-1.0,0.40501184286574543,0.38812476165057963,-1.0,0.34925083265020773,0.3269268283965624,-1.0,0.2755372156395048,-1.0
0.09770099572992251,0.556544470957306,0.5590183647684466,0.5615104376099921,0.5636966045633902,0.5656105688569808,-1.0,0.5687788729602216,-1.0,0.571262714554199,0.5723023703657606,0.5732294150179917,0.5740579124491391,0.5747992223897235,0.5754633638813399,0.5760584198879193,0.5765921521647966,-1.0,0.5775007908712673,0.5778862500641114,-1.0,0.5785405348969153,0.5788169844262274,0.5790630022729221,0.5792821663228438,-1.0,0.5796455683460046,0.5797944520209913,-1.0,-1.0,-1.0,-1.0,-1.0,-1.0,-1.0,-1.0,0.5803509502679517,0.5803369684812454,-1.0,-1.0,-1.0,-1.0,0.58004298717584,-1.0,-1.0,-1.0,-1.0,-1.0,-1.0,0.5788743625267826,-1.0,-1.0,0.5780008550862689,-1.0,0.5772496257338663,0.5768140451560031,-1.0,0.5758040662353169,-1.0,0.574579082878366,-1.0,-1.0,-1.0,0.5713050865451201,-1.0,-1.0,0.5678989150100643,0.5665333676374443,-1.0,-1.0,0.561580029270015,-1.0,0.5574170965740712,-1.0,0.5524011238385427,-1.0,-1.0,0.5428858428234248,-1.0,-1.0,-1.0,0.5252669731816529,-1.0,-1.0,0.5070103421745202,-1.0,-1.0,-1.0,-1.0,0.46260629690399535,0.4509669938482651,-1.0,-1.0,-1.0,-1.0,-1.0,0.35302543478999016,0.33070157124178834,-1.0,-1.0,-1.0
0.0921820717877747,0.558295864049107,-1.0,-1.0,-1.0,0.5678830305491018,0.5697200681027886,0.5713371266109716,0.5727664317088679,0.5740329612677885,0.5751582867495121,0.5761608534145154,-1.0,0.5778546969742296,-1.0,-1.0,0.5797855267263563,0.5803005616247124,0.5807627077807728,0.5811769935584078,0.581548209627041,0.5818807356666781,0.5821777131008464,0.5824427957208524,0.5826785183631817,-1.0,0.5830717366071956,0.5832330725480981,-1.0,-1.0,-1.0,0.5836797128744122,0.5837471669648937,-1.0,-1.0,-1.0,0.5838605104322113,0.5838515861284066,0.5838270007128225,-1.0,-1.0,-1.0,-1.0,-1.0,0.5833480990211515,0.5832063918207732,0.5830442854136673,0.5828603805044168,-1.0,-1.0,-1.0,-1.0,-1.0,0.5811951383952956,-1.0,-1.0,-1.0,-1.0,0.5787759031285293,-1.0,0.5774291181112818,0.5766531747553534,0.5758001062871074,0.5748625192429103,-1.0,-1.0,-1.0,0.5700921128151846,-1.0,0.566946727074485,-1.0,-1.0,-1.0,0.5585857532826942,0.5559609852093971,0.5530798761825225,-1.0,-1.0,-1.0,0.5384547960274378,-1.0,0.5288278053614771,-1.0,-1.0,-1.0,-1.0,-1.0,-1.0,-1.0,0.4661675215503923,-1.0,-1.0,-1.0,0.41234767162968766,0.3954607070731946,0.3769272189974766,0.3565866743502887,0.33426288446903696,-1.0,-1.0,-1.0
0.08697490026177834,0.559667563551552,0.5625146569216499,0.5650087436069909,0.5675427169961661,0.5698409495173727,0.5718490642028996,0.5736121588862199,0.575166280632988,0.5765409754348633,0.5777601297656804,0.578844234775012,0.579810870460299,0.5806735130171922,0.5814441129348521,0.5821344233528148,0.5827525620503174,0.5833066507143286,0.5838032953139562,0.5842487300677177,0.5846477831712893,0.585005136480652,0.5853246860231016,-1.0,0.5858638239388564,0.5860891132085059,0.5862881340668308,0.5864629315656014,0.5866151391598218,-1.0,-1.0,-1.0,-1.0,0.587085585394291,-1.0,-1.0,-1.0,-1.0,0.587141783125556,0.5871065558852205,-1.0,-1.0,-1.0,-1.0,0.5866826169209648,0.5865432207236109,0.5863832308235516,0.5862012536798775,0.5859957164175423,-1.0,-1.0,0.5852188838940221,0.5848990684589486,-1.0,0.5841519073646536,0.5837180924200683,0.5832392339685388,0.5827111815950613,0.5821293668184518,-1.0,0.5807837812281176,-1.0,-1.0,0.5782186026302828,-1.0,-1.0,-1.0,0.573449564989668,0.5719506232905203,0.5703047023417398,0.5684975636169047,0.566513553644725,-1.0,0.5619445083612907,0.5593198921551793,-1.0,0.5532766130134125,0.5498059117821903,-1.0,0.5418143056582309,0.5372247542625612,0.5321874705491222,0.5266588188661502,-1.0,0.5139311833698414,0.5066219678728278,0.4985999383624917,0.48979561207003985,0.480132733206846,-1.0,0.4578884048514388,-1.0,0.43109457724859934,0.4157078901642931,0.3988209463426745,0.38028747657650763,0.35994695898529205,-1.0,-1.0,-1.0,0.2567228049636927
0.0820618709130545,0.5606451454948131,0.5637995615298422,0.5665115537561839,-1.0,0.5714829413967254,0.5736821397361702,-1.0,0.5772989506708177,0.5787921467727838,0.580114192631989,0.5812874649415185,0.5823321708399539,0.5832624825244374,0.5840937548391828,0.5848370998445619,0.5855025349571514,0.5860986607480662,-1.0,0.5871114858232206,0.5875405040269234,0.5879245174687235,-1.0,-1.0,0.5888483709000288,0.589090923299586,0.5893056886071522,0.5894949063252353,0.5896597928187993,-1.0,-1.0,-1.0,-1.0,0.5901783373817202,-1.0,0.5902610314910941,-1.0,-1.0,0.5902639985431299,-1.0,-1.0,-1.0,-1.0,-1.0,-1.0,0.5896888364634123,0.5895310927077602,-1.0,0.5891474880926333,-1.0,0.5886616432931806,-1.0,0.5880567436908359,-1.0,-1.0,-1.0,-1.0,-1.0,0.5852926291267461,0.5846526758413946,-1.0,-1.0,-1.0,0.5813846376929507,0.5803552239280698,-1.0,-1.0,-1.0,0.575118410195294,-1.0,-1.0,-1.0,-1.0,-1.0,-1.0,-1.0,0.5564459358145798,0.5529750580300825,-1.0,0.5449839381879069,-1.0,-1.0,0.529828739425835,0.5237609115229424,-1.0,-1.0,-1.0,-1.0,0.48330300798886516,-1.0,0.46105872682287996,0.4482846569952382,0.4342649641197933,0.4188783880403554,-1.0,-1.0,0.36311746688340496,-1.0,-1.0,-1.0,-1.0
0.0774263682681127,0.5612083314218346,0.5647159338069095,0.5677142076726861,0.5702984211426343,-1.0,0.5752175809566477,-1.0,0.5791669191803449,0.5807907218176843,0.5822252734454643,0.5834961207061706,0.5846252648972441,-1.0,0.5865271955429758,0.5873282348816585,0.5880444772030889,-1.0,0.5892601893549906,0.5897746743613992,0.5902356784271129,-1.0,0.5910175969713073,-1.0,0.5916414890502991,-1.0,0.5921345125175204,-1.0,-1.0,0.5926728181613284,0.5928063676366293,0.5929190382471287,-1.0,0.5930872388889888,-1.0,0.5931842209869065,0.5932073549537114,-1.0,0.5932042122892762,0.5931779971785249,-1.0,-1.0,-1.0,-1.0,-1.0,-1.0,-1.0,-1.0,0.5921193040792492,-1.0,-1.0,-1.0,-1.0,-1.0,-1.0,-1.0,-1.0,-1.0,-1.0,-1.0,-1.0,-1.0,-1.0,-1.0,-1.0,-1.0,0.5809696260574532,-1.0,-1.0,0.5764615840348781,-1.0,-1.0,-1.0,-1.0,0.5654787989524319,0.5625981281030147,-1.0,0.5559653638958059,0.5521558157476222,0.5479744787826566,0.5433851321691107,0.5383480344283135,-1.0,-1.0,0.5200921934740864,0.512783328292834,-1.0,-1.0,-1.0,-1.0,-1.0,-1.0,-1.0,-1.0,-1.0,-1.0,-1.0,0.343785152298699,-1.0,-1.0,0.26288483515185423
0.07305271542664456,0.5613296866782028,0.5652457756321901,-1.0,0.5714228961749626,0.5739163469558085,0.5764513863646381,0.5787568747927173,0.5807712382287765,-1.0,0.5840976834910722,0.5854756506929795,0.5866974975828071,0.5877836519822581,0.5887512687072519,0.5896145732128231,0.5903861262655786,0.5910760426397338,0.5916937049527552,-1.0,0.5927423179346011,0.5931856279703385,-1.0,0.5939368842267627,0.5942534364235726,-1.0,-1.0,0.5950043804568623,0.595197818136934,-1.0,0.5955118328846334,0.5956352662681709,-1.0,0.5958220834822615,0.5958872624022836,0.5959343467517763,-1.0,0.5959766813690436,0.595972339294343,0.5959510543403851,-1.0,-1.0,-1.0,0.5956912240611977,-1.0,-1.0,-1.0,-1.0,-1.0,0.594694997677582,0.59444170538161,-1.0,0.5938426570333724,-1.0,0.5931025673383695,-1.0,-1.0,0.5916702471616931,-1.0,0.5904522401010889,-1.0,-1.0,-1.0,-1.0,-1.0,-1.0,-1.0,-1.0,0.5809263557701589,-1.0,-1.0,-1.0,0.5733141366531084,-1.0,-1.0,-1.0,0.5622572583417206,-1.0,-1.0,-1.0,0.5462067713193485,-1.0,0.5356413621502476,0.5295736746983999,0.5229141554932929,-1.0,-1.0,-1.0,-1.0,-1.0,-1.0,-1.0,-1.0,-1.0,-1.0,-1.0,-1.0,-1.0,-1.0,-1.0,-1.0
0.06892612104349699,0.5609722634887787,0.5653649354286023,0.5690681015631025,0.5722238789788844,0.5749362304129173,0.5774032804283181,0.5799081570659053,0.5821111945927306,0.5840395601039323,0.5857341955181007,0.5872297119977398,0.5885529638424595,0.5897279557101456,0.5907722613365096,0.5917034420548385,0.592534296491581,0.5932768505844932,-1.0,0.5945361891024871,0.5950680720462397,-1.0,-1.0,0.5963517334254625,-1.0,0.5969947153676753,-1.0,0.5975007360437744,0.5977097550616182,0.5978923791160651,0.5980506665096993,0.5981854690936762,-1.0,-1.0,-1.0,0.5985208775735531,0.5985573410473983,-1.0,-1.0,-1.0,-1.0,-1.0,-1.0,-1.0,0.5982103531992489,-1.0,-1.0,-1.0,0.5975612127550699,0.5973377557328,-1.0,-1.0,-1.0,0.5961408970037375,-1.0,-1.0,-1.0,-1.0,-1.0,-1.0,-1.0,-1.0,-1.0,-1.0,-1.0,-1.0,0.5864474782654335,-1.0,0.5835861806854801,0.5819414157677946,-1.0,0.5781522471137925,-1.0,-1.0,-1.0,-1.0,-1.0,-1.0,-1.0,-1.0,-1.0,-1.0,-1.0,0.5322361202272421,-1.0,-1.0,-1.0,-1.0,-1.0,-1.0,-1.0,-1.0,0.44274159925893597,0.42735502722633556,-1.0,-1.0,-1.0,0.34927070442857067,-1.0,-1.0,-1.0
0.06503262930552246,0.5601518136451666,0.5650411260775736,0.5691824158117681,0.5726875917425484,-1.0,0.5782644898023305,0.5807693998605,0.5831838758233713,0.585290007809191,0.5871358943013016,0.5887604104081394,0.5901951948979622,0.5914661229778101,0.5925948717358351,0.593599452944274,0.5944953823895571,-1.0,0.5960095280523628,0.5966488018903049,-1.0,-1.0,-1.0,0.598599903799647,0.5989652519207007,0.5992911012910865,0.5995799813863399,0.5998361824788703,0.6000617082340778,0.6002592969326492,-1.0,0.600578208553179,0.6007028000883947,-1.0,-1.0,-1.0,-1.0,-1.0,-1.0,-1.0,-1.0,-1.0,-1.0,-1.0,-1.0,-1.0,-1.0,-1.0,-1.0,0.5998288799617427,-1.0,0.599299511670593,-1.0,-1.0,-1.0,0.5978238828465313,-1.0,-1.0,-1.0,-1.0,-1.0,-1.0,-1.0,-1.0,-1.0,-1.0,-1.0,-1.0,0.5860957843731124,0.584450944200646,-1.0,-1.0,0.5784854065917951,-1.0,-1.0,-1.0,0.5674300690587408,-1.0,-1.0,0.5559696782435135,0.5513808155188109,-1.0,0.5408156301674479,0.5347481209425264,0.5280887603720672,-1.0,0.5127583461053801,-1.0,0.4942914670995082,0.48368657794264847,0.472047567590674,-1.0,-1.0,0.42986763138975925,0.4129808166543306,0.3944474387535186,-1.0,0.35178338389874075,-1.0,0.3003940361795345,0.27088323690679283
0.06135907273413173,0.5592825411980008,-1.0,0.568886095007559,0.5727944654425863,0.5761142752091185,-1.0,0.5814490584948122,-1.0,-1.0,0.5883025126935523,0.5900696239267125,0.5916267673001382,0.5930037747154792,0.5942240369817957,0.5953086264582484,0.5962745256290676,-1.0,-1.0,0.5985926023253955,0.5992071679826129,0.5997576065753621,0.6002490595110982,0.6006887800716737,0.6010813658015806,-1.0,-1.0,0.6020185337723588,0.6022618628041589,0.6024751213144809,-1.0,0.6028215177268034,-1.0,0.603071875277561,-1.0,-1.0,0.6032879864734264,0.6033208907127249,-1.0,-1.0,0.6033071879731517,-1.0,-1.0,0.6031234117173127,-1.0,0.6029003214179408,0.6027560376889225,-1.0,-1.0,-1.0,-1.0,0.6016513563229854,0.6013404565677932,0.6009939354259414,-1.0,-1.0,-1.0,-1.0,-1.0,0.5979737667840339,-1.0,-1.0,0.5956523154076624,-1.0,-1.0,-1.0,-1.0,-1.0,-1.0,-1.0,-1.0,-1.0,-1.0,0.578463979844753,-1.0,-1.0,0.5697992140763769,-1.0,0.5625200791549028,-1.0,-1.0,-1.0,-1.0,-1.0,-1.0,-1.0,-1.0,0.5063244286673737,0.49666187646458326,-1.0,0.4744180656134136,-1.0,0.44762470449039216,-1.0,-1.0,-1.0,-1.0,-1.0,0.3296538773452448,-1.0,-1.0
0.05789302765393119,0.5580601366441519,0.5631596088631039,0.5681424504968725,0.5725209083003682,-1.0,0.5793589121557727,-1.0,0.5845285259381198,0.5870313250825027,0.58923148392916,-1.0,-1.0,-1.0,0.5956625238666537,0.5968343936592654,0.5978764585854959,0.5988046372073932,0.5996327801887158,-1.0,0.6010332630870799,0.6016242641803877,0.6021526873869577,0.6026249632894842,0.6030471193512457,0.6034228430142755,0.6037573150346047,0.6040541808868419,0.604316545429583,0.604547230358458,0.6047486443759184,0.6049231562365484,0.605071867284282,0.6051973676101281,0.6052996492230374,0.6053807844994683,-1.0,0.6054820714695783,-1.0,0.6055045635670688,-1.0,-1.0,0.605393864888411,-1.0,0.6052203387886563,-1.0,0.6049606747622633,0.6047958979953925,-1.0,-1.0,-1.0,0.6038681611440476,-1.0,-1.0,-1.0,-1.0,-1.0,-1.0,-1.0,-1.0,-1.0,-1.0,0.5978821672408109,0.5969488419809055,-1.0,-1.0,-1.0,-1.0,-1.0,0.5890517168687697,-1.0,-1.0,-1.0,-1.0,-1.0,-1.0,-1.0,-1.0,-1.0,0.5605748790491559,0.5559861263436876,0.5509495885729879,0.5454215713190037,0.5393542491005101,0.5326950652250739,-1.0,-1.0,0.5085608383931006,-1.0,-1.0,-1.0,0.4638808036174496,-1.0,0.43447492382519237,-1.0,0.39905492243556884,-1.0,0.3563909514813246,-1.0,-1.0,0.275490955630895
0.05462277217684343,0.5562365508860562,0.5620139629434544,0.5669563470380581,0.5718338363847695,0.5759575098904937,0.5794481117458115,0.5824318913357918,-1.0,0.5875104686797041,0.5899192860274703,0.5920202873232174,0.5938617860837511,0.5954823252609102,-1.0,0.5981801166443022,0.5993054174182415,0.6003061086813893,0.6011983283056572,-1.0,0.6027046099783147,-1.0,0.6039076233123745,-1.0,0.604867906068362,0.6052719265212403,-1.0,-1.0,0.6062335905271428,0.6064825982774665,-1.0,0.6068894508313827,0.6070517913931891,0.6071890191430617,0.6073025806559745,-1.0,-1.0,-1.0,0.6075401589051935,-1.0,0.6075372653307601,0.6075057965910252,-1.0,0.6073825042750172,-1.0,-1.0,0.6070370084995884,0.606875326366947,-1.0,0.606474179980677,0.6062312614552475,0.6059574092443666,0.6056502494354381,-1.0,0.6049250988441924,0.6045008308392555,0.6040306698898019,0.6035105282721557,-1.0,0.6023018656759292,0.601602874488177,0.600833126204337,0.5999852519591288,0.5990526113538184,0.5980268951539373,0.5968992195137107,0.5956598252348191,-1.0,0.5928018295490285,0.5911584931088487,0.5893537074323917,-1.0,0.5851958459430887,-1.0,-1.0,0.5773040162299622,-1.0,-1.0,-1.0,-1.0,-1.0,-1.0,-1.0,-1.0,0.5348048625009235,-1.0,0.519474802445572,-1.0,0.5010084431407263,-1.0,-1.0,0.465991072619883,-1.0,-1.0,0.4196986007222395,-1.0,0.38082501866494967,-1.0,-1.0,0.30711227296288873,0.27760152715893605
0.05153724655961634,0.5537131118268058,0.5603499346307224,-1.0,0.5706907899786744,0.5753194585885916,-1.0,0.5825106309037831,0.5853423395513464,0.5878246540355907,0.5903594255656823,0.5926564175074434,0.5946633903387362,0.5964249260639263,0.5979762670613338,0.5993481126888509,0.6005640240886652,0.6016434997518864,-1.0,0.6034616530320804,-1.0,0.6049089204291549,0.6055189316699614,0.6060639966401566,0.6065508914457156,0.6069845408581498,0.6073711608118157,0.6077149812364742,0.6080194448464318,0.608287333120045,-1.0,0.608728101155459,0.6089043462934326,-1.0,0.6091796588859832,-1.0,-1.0,-1.0,0.6094537408153654,-1.0,0.6094642262126929,-1.0,-1.0,0.6093257057320243,-1.0,-1.0,-1.0,-1.0,-1.0,0.6084382102235861,0.6081977639092456,-1.0,-1.0,-1.0,-1.0,-1.0,-1.0,0.6054890923944851,-1.0,0.6042826496337005,-1.0,-1.0,0.6019686742395753,-1.0,0.6000117076925403,-1.0,-1.0,-1.0,-1.0,-1.0,-1.0,-1.0,-1.0,-1.0,-1.0,0.5792931789559078,0.576132436782877,-1.0,-1.0,-1.0,-1.0,-1.0,0.549521479954129,0.5434543867362774,0.5367954014209798,0.5294868574190066,-1.0,0.5126617047296907,0.5029993091764522,0.4923946577091559,-1.0,0.467982119944301,-1.0,-1.0,0.4216897698727585,-1.0,-1.0,0.360492720607405,0.33599256241521974,0.309103581862945,-1.0
0.04862601580065353,0.5507901497596975,0.5580552664608035,0.5642118122505767,0.5692823859817049,0.5742616238756834,-1.0,0.5822818921587712,0.5854096742302145,0.5880983511383368,0.5905625176606124,0.5930596713589881,-1.0,0.597167920601172,0.5988530445418284,0.6003389506686229,-1.0,0.6028198727184857,0.6038566142126178,0.6047793974462896,0.6056024978972069,0.6063363842864107,0.6069923730800734,-1.0,-1.0,-1.0,-1.0,0.6093513975611373,0.6096785308128548,-1.0,0.6102220597695592,0.610443970058129,0.6106355302194002,0.6107994000717908,-1.0,0.6110498493182884,-1.0,0.611205540363406,-1.0,0.6112730938076074,0.6112750547706138,0.6112556810508655,0.6112152214251757,-1.0,-1.0,0.6109629648297941,-1.0,0.6106775146713471,0.6104965948323182,-1.0,-1.0,-1.0,0.6094781213169033,0.609138840015557,0.608760291370566,-1.0,0.6078719222188185,-1.0,0.6067822012976951,0.6061503274299596,0.6054533191740816,0.6046851454113454,-1.0,0.6029080092311646,0.6018836580747046,0.6007572248349135,-1.0,-1.0,-1.0,0.5950204574197696,0.5932164542274238,0.5912352943847176,-1.0,0.5866712123918632,0.584048748035212,0.5811697503868274,0.5780092372539843,-1.0,-1.0,-1.0,-1.0,-1.0,0.5513994059035993,0.5453322990009906,0.5386734193315006,-1.0,-1.0,-1.0,0.5048776911536226,-1.0,-1.0,-1.0,-1.0,0.44045506453299343,-1.0,0.4050352895762118,0.38469505217639544,0.3623715302058793,0.33787140240878993,0.31098243657961994,-1.0
0.045879234349670873,0.5477327719499959,0.5550856456365897,0.5621170694812978,0.5678410032654048,-1.0,0.5776292077095444,-1.0,0.5851901893236433,0.5881542952247999,0.5907102634319509,0.5932220323865773,0.5956189663793707,0.5977094329370988,-1.0,0.6011535875698155,-1.0,0.60383722543124,-1.0,-1.0,0.6068361397457396,-1.0,0.608331252907058,0.6089600175039391,-1.0,0.6100221834927125,0.6104686005742352,0.6108658439010183,-1.0,-1.0,0.611803501186957,0.6120433129478304,0.6122517534899673,0.6124298613355738,0.6125808708858566,-1.0,-1.0,-1.0,0.6129351524479798,0.6129662149799185,0.6129753356554508,-1.0,0.6129282062181907,0.6128716790954243,-1.0,-1.0,-1.0,-1.0,-1.0,-1.0,0.6117951413749425,-1.0,-1.0,-1.0,-1.0,-1.0,-1.0,-1.0,-1.0,0.6079112076097106,0.6072152837687553,-1.0,-1.0,-1.0,0.6036490694188266,-1.0,-1.0,-1.0,-1.0,-1.0,-1.0,-1.0,-1.0,-1.0,-1.0,-1.0,-1.0,-1.0,-1.0,-1.0,-1.0,0.5586983637147278,-1.0,-1.0,-1.0,-1.0,0.5251156994127406,-1.0,-1.0,-1.0,0.4844067118071683,-1.0,-1.0,-1.0,-1.0,0.40680789154517893,0.38646767874204224,-1.0,0.3396441026178029,-1.0,-1.0
0.04328761281083059,0.5437751027654772,0.5520711632167769,0.5593556249965574,0.5659212836864694,0.5712543179062913,0.5762165975457577,-1.0,0.5846642129661866,0.587942337648565,-1.0,0.5932272770306225,-1.0,0.5980441840004656,0.6000396849842944,0.6017905371850377,0.6033331805734503,-1.0,0.6059044418143797,-1.0,0.6079314592828787,0.6087812899056942,0.6095393560130754,0.6102153743705009,0.6108187889471997,0.6113567243512019,0.6118361515232128,0.6122628663233926,0.6126416469091166,-1.0,-1.0,0.6135320228390377,-1.0,0.613951176598809,-1.0,0.614253654714983,-1.0,-1.0,-1.0,0.6145542831750075,-1.0,-1.0,0.6145375862942832,-1.0,-1.0,-1.0,-1.0,-1.0,-1.0,-1.0,-1.0,-1.0,-1.0,-1.0,-1.0,-1.0,-1.0,0.6107701787525366,-1.0,-1.0,0.6088764596189108,0.6081103178627072,-1.0,-1.0,-1.0,0.6041888636857268,0.6029518688616184,-1.0,0.6000980665376141,0.5984565462146412,-1.0,-1.0,-1.0,-1.0,0.5874885015022342,-1.0,0.5814500317068331,0.5779811077704881,-1.0,-1.0,0.565405451777329,-1.0,0.5548422702705039,0.5487755552033268,-1.0,0.5348086855264196,0.5267875517838402,-1.0,-1.0,0.4977174939036726,0.4860788991386168,0.4733053346572968,-1.0,-1.0,-1.0,-1.0,-1.0,0.36581673888944266,-1.0,-1.0,0.2849171380512203
0.04084238652674522,-1.0,0.5485102524391361,0.5561549134942614,0.5634014188469785,0.5694879881940305,0.5745237812870511,0.5794945355467572,0.5838061349004366,0.5874446386726996,0.590546893144473,-1.0,0.5956796288506685,0.5981665251853775,0.6003430509396457,0.602248077169814,0.6039218629955232,0.6053980437924636,0.6067035928355419,-1.0,0.6088898555971447,-1.0,-1.0,0.6113475140492919,0.611995992652439,0.6125738012384446,0.613088945729646,0.6135474401019108,0.613954736389573,0.6143155673622924,0.6146340268155175,-1.0,-1.0,0.6153684346366696,0.6155484389307952,0.6157000847476555,-1.0,0.6159211097798523,-1.0,0.6160426394005726,0.616067905299722,0.6160696532520196,0.616048203045066,-1.0,-1.0,0.6158430272507794,-1.0,-1.0,0.615412479016596,0.6152137500911847,0.6149847865812607,-1.0,0.6144280083702542,-1.0,-1.0,0.6133073424844253,0.6128450911100771,-1.0,0.6117641105937146,-1.0,-1.0,0.6096774313373028,-1.0,-1.0,-1.0,-1.0,-1.0,-1.0,-1.0,-1.0,-1.0,0.5962470393984809,0.594072694660511,0.5916850986610284,0.5890635733113779,-1.0,0.5830257968390472,0.5795569976269437,0.5757493462869903,-1.0,0.5669819665793779,-1.0,0.5564191100522778,-1.0,-1.0,-1.0,0.5283648885298489,-1.0,-1.0,-1.0,-1.0,-1.0,-1.0,-1.0,-1.0,-1.0,-1.0,0.36739478405692383,0.3428947463642881,-1.0,-1.0
0.03853528593710529,0.5343560183851549,-1.0,0.5528902751522435,0.5602112431195589,0.5671802543738806,0.5728361638236047,0.5777618269204888,0.5825835413530189,0.5866388001593607,-1.0,0.5930123436671758,-1.0,-1.0,-1.0,0.6025219406808124,0.604340689381397,0.6059410397122996,0.6073537584456076,-1.0,0.6097137344807622,-1.0,0.6115773945372053,0.6123592154536994,0.6130560734178077,0.6136772460593457,0.6142307231721409,0.6147233852833374,-1.0,0.6155493680548769,0.6158926997438627,0.6161942009237278,0.6164576870916654,-1.0,0.6168823775727474,0.6170479491995837,0.6171849368294936,0.6172944122112463,0.6173779381076413,0.6174362942016819,-1.0,-1.0,-1.0,-1.0,-1.0,-1.0,0.6171660103013132,0.6170273270055269,-1.0,-1.0,-1.0,0.6161823022473286,0.6158894376173094,-1.0,-1.0,-1.0,-1.0,-1.0,-1.0,-1.0,0.6119186030339232,-1.0,-1.0,0.6093851154936046,0.6083640244436299,-1.0,0.6060049918708518,-1.0,0.6031539411990028,-1.0,0.5997110941569802,-1.0,0.5955577080614312,0.5931704950549473,0.5905493152922788,0.5876714655436587,0.5845120207603712,0.5810436138338735,-1.0,0.5730569347270712,-1.0,-1.0,-1.0,0.5518403058609521,0.5451819457051166,-1.0,-1.0,-1.0,-1.0,-1.0,-1.0,0.4763716659696852,0.4623529111614587,-1.0,0.430080116283845,0.41154711482786244,-1.0,-1.0,-1.0,-1.0,-1.0
0.036358508611685776,0.5283903161909084,0.5393265302907231,0.5487878449904,0.5569521539949633,0.5642373683032942,0.5707145446918259,-1.0,0.5809549844340411,0.5854960895760127,0.5893148882103781,-1.0,0.5953462989643805,0.5978117147156871,0.6003414557961835,0.6026069965325063,0.604586630955676,0.6063239421096781,0.6078541362493389,0.6092062600103677,0.6104038626182986,-1.0,0.6124119996667695,0.6132532106870312,0.6140026085755073,0.6146702920963935,0.6152648523346782,0.6157942433151675,0.6162648375368001,0.6166822874590299,-1.0,0.6173766789009085,0.6176615236884058,0.6179091802307487,-1.0,0.6183033744034654,-1.0,-1.0,-1.0,0.618739912117421,-1.0,0.6188016755676209,0.6187947580353883,-1.0,-1.0,0.6186263221903815,-1.0,0.6183851609282753,-1.0,-1.0,0.6178102048325295,-1.0,-1.0,-1.0,-1.0,-1.0,-1.0,0.6151907377527518,-1.0,-1.0,-1.0,-1.0,0.6117063075697258,-1.0,-1.0,-1.0,-1.0,0.606044567307719,0.604552275318919,-1.0,0.6011108153592032,0.599131844234299,-1.0,0.5945716200288903,0.5919507464946233,-1.0,0.5859140955694696,0.58244596710918,-1.0,0.5744596513788945,0.5698722910219854,-1.0,-1.0,-1.0,-1.0,-1.0,-1.0,-1.0,-1.0,0.5021878223361883,0.49054945166913155,0.4777760962495165,0.4637571197103888,-1.0,0.43148473106545415,-1.0,-1.0,0.370288448960405,0.3457884834817703,-1.0,0.28938916763087574
0.03430469286314919,0.5222621107871167,0.5338657559180722,0.5439605733637914,0.5532507811731978,0.5608069997897986,-1.0,-1.0,0.5790244748361877,0.5839800888907302,0.5882440611483556,0.591844107805025,0.594914884463099,0.5975561746187064,0.6000254077626873,0.6024965185555016,0.6046546848132829,0.6065435660096714,0.6082031858017722,-1.0,0.6109605392212766,0.6121077069855032,0.6131258420283372,0.6140316018039892,0.6148374087620925,0.61555518476262,0.6161949101227006,0.6167632074836032,-1.0,-1.0,-1.0,0.6184655766347229,-1.0,0.6190410123020277,-1.0,-1.0,-1.0,0.6197712346486083,0.6198782585195339,-1.0,0.6200109431541594,0.6200381121291042,-1.0,-1.0,-1.0,-1.0,-1.0,-1.0,0.6195034010137853,-1.0,-1.0,-1.0,-1.0,-1.0,-1.0,-1.0,-1.0,-1.0,0.6159339084641116,-1.0,-1.0,-1.0,-1.0,-1.0,0.6110753014057628,-1.0,-1.0,0.6073627350841806,0.6058711297425817,0.6042319036975635,-1.0,-1.0,-1.0,-1.0,-1.0,-1.0,-1.0,-1.0,-1.0,-1.0,-1.0,-1.0,-1.0,-1.0,-1.0,-1.0,-1.0,-1.0,0.514116771588225,0.5035126926736226,-1.0,0.4791011545962082,0.46508224243929974,-1.0,0.4328099830127816,-1.0,-1.0,-1.0,-1.0,-1.0,0.2907154586539581
0.03236689285040603,0.5149446822847203,0.527688947256775,0.5390277988053044,0.548601401408508,0.5573717462986904,0.5646674502421432,0.5715525254812532,0.5771288790208257,-1.0,0.5868285628580581,0.5908372961459829,0.5942347984324147,0.5971420294090461,0.5996574352305992,0.6021813958070827,-1.0,0.6065955959809594,0.6083980859607936,0.6099837487612384,-1.0,-1.0,0.6137198479052086,0.6146953860529816,0.615562644544594,-1.0,0.6170216566038887,-1.0,0.6181766842960151,-1.0,-1.0,0.6194644693671914,0.6197957887961595,0.6200854975514817,0.6203365055245992,-1.0,-1.0,0.620883644999367,0.6210029439520066,-1.0,-1.0,0.6211945791975685,-1.0,0.6211889073910765,-1.0,0.6210779324666496,-1.0,-1.0,-1.0,-1.0,-1.0,0.6200608991291966,-1.0,-1.0,0.6190931450494148,-1.0,-1.0,-1.0,-1.0,0.6165441010529339,-1.0,-1.0,-1.0,-1.0,0.6123155049134298,0.6111947632249062,-1.0,0.6086055730564675,0.6071146940267719,-1.0,0.6036756964787308,0.6016977893434692,-1.0,0.5971393628627334,-1.0,0.5916425820779548,0.5884841191238958,-1.0,-1.0,0.577031342662346,0.572444441920399,-1.0,-1.0,-1.0,-1.0,-1.0,-1.0,-1.0,-1.0,-1.0,-1.0,-1.0,0.466332454076713,-1.0,-1.0,-1.0,0.3951875712750996,-1.0,-1.0,-1.0,-1.0
0.030538555088334154,0.5072932237481205,0.5209673466721578,0.5329492708080688,0.5437327423422799,0.55317299127516,-1.0,0.5684745116175147,0.5748507230814826,0.5800464250608781,0.585028678432577,-1.0,-1.0,0.5964956941039502,0.5992498970545873,0.6017076974572874,-1.0,0.6064742414086055,0.608434900707261,0.6101554445960486,0.61167105041556,0.6130092110222465,0.6141946351463945,0.6152456338045603,0.6161795902208701,0.6170100843870153,0.6177489082994316,-1.0,0.6189905241613066,-1.0,0.6199691969443937,0.6203754938037116,0.6207330565534552,0.621046008587292,0.6213178991369005,-1.0,0.6217501947589361,0.6219156714666246,0.6220490643452118,0.6221527796971278,0.6222276540092692,0.6222745455605221,-1.0,0.6222864169841962,-1.0,-1.0,0.6221002335838854,-1.0,0.6218349895199689,-1.0,-1.0,-1.0,-1.0,0.620603925093995,-1.0,0.619840396669946,-1.0,-1.0,-1.0,-1.0,-1.0,-1.0,-1.0,0.6145013860454971,-1.0,-1.0,0.6111325458045072,-1.0,0.6082871766071362,-1.0,-1.0,0.6028721977258904,-1.0,0.59831479978386,-1.0,0.5928188462204217,-1.0,0.5861935587658798,-1.0,0.578208883726245,-1.0,-1.0,-1.0,-1.0,-1.0,-1.0,-1.0,-1.0,-1.0,-1.0,0.49430381761447695,-1.0,-1.0,-1.0,-1.0,-1.0,-1.0,-1.0,0.3495443817077963,0.322655694306662,-1.0
0.028813496284414607,0.4986933497971664,0.513498717532363,0.5266977037284349,0.5382422414776687,0.5481788840021986,0.5573900961611091,0.5648609016471576,0.5720285022370851,0.5779367109938838,0.5829031449310973,0.5878344352671242,-1.0,-1.0,0.5986341457481857,0.6012454670655479,-1.0,0.6061724174659272,0.6083084233238816,-1.0,0.6118206923826801,0.613268813113732,0.6145489933015618,0.6156828419094764,-1.0,0.6175834844183933,-1.0,0.6190848327032972,0.6197127120898938,0.6202705702542674,0.6207654228350424,0.6212025375297134,0.621587772836274,-1.0,0.6222198252304105,-1.0,0.6226902566909769,0.6228716969538133,0.6230200841153387,0.6231370520525717,-1.0,-1.0,-1.0,0.6233121591802627,-1.0,0.6232309118723748,-1.0,-1.0,-1.0,-1.0,-1.0,0.6222750884172266,0.62199871017171,-1.0,0.6213270059906366,-1.0,-1.0,0.6199758445338597,-1.0,0.6188005151356208,-1.0,-1.0,-1.0,0.6156017707031415,-1.0,-1.0,0.6122361909970758,0.6108818281413088,-1.0,-1.0,0.6059563049043367,-1.0,0.6018081943718603,-1.0,-1.0,-1.0,-1.0,0.5873036657012106,-1.0,-1.0,-1.0,0.5696988192680397,-1.0,0.5581072654842932,-1.0,-1.0,0.5361222457907998,-1.0,-1.0,-1.0,-1.0,-1.0,-1.0,0.4532390618864198,-1.0,-1.0,-1.0,-1.0,0.35065757850364526,-1.0,-1.0
0.027185882427329416,0.48920751791578837,0.5051292297518462,0.5193032121503327,-1.0,0.5431435381772627,-1.0,0.5612790939936968,0.5685609810659646,0.5753400839890425,0.5808278451487695,0.5857579438221895,0.5904744820757706,0.5944302259718354,0.5977854793705908,0.6006576658129534,0.6031519902498332,0.6056799513490002,0.6080119604295952,0.6100468368904356,0.6118298776861022,0.613398768886125,0.614782880941244,-1.0,0.6170916000529876,0.6180542065236433,0.6189095144838153,0.6196696512242312,0.6203451328848186,0.6209454023755367,-1.0,0.6219474902920319,0.622362574476675,0.6227270508722865,0.6230455460843363,-1.0,0.6235563514506425,0.6237552082651652,0.6239192117290043,0.6240503078902088,-1.0,-1.0,0.6242588784591885,0.6242695743691087,0.6242515006343761,-1.0,0.6241286324165354,-1.0,0.6238867553597869,-1.0,-1.0,0.6232823016938495,0.6230098542033706,0.6226983022770511,0.6223449680576787,-1.0,0.6215004041672905,-1.0,0.6204472485026491,-1.0,-1.0,-1.0,0.6175588172244706,0.6166384734556806,0.6156239522489668,-1.0,-1.0,-1.0,-1.0,-1.0,0.6069997913223787,-1.0,0.6028529269328249,-1.0,0.5978499425103524,0.594974443729302,0.5918171364010861,0.5883506917949244,-1.0,0.5803672684176405,0.5757811691727545,0.5707470251520547,-1.0,-1.0,0.5524985604635932,0.5451915101310278,0.5371714298060979,0.5283688974213203,0.5187076591672384,-1.0,-1.0,-1.0,0.4696746969980493,0.45428903940644405,-1.0,0.4188704058602928,-1.0,0.376207595477587,0.3517078764136112,0.3248193470264092,0.29530895805817403
0.025650209056800457,0.47910655401023233,0.49630325555650356,-1.0,0.5251865903073074,0.5370162101112521,-1.0,0.5570234477336243,0.5648810326421285,-1.0,0.5784304521189475,0.583555581235314,0.5885403361146309,0.5929605681658617,0.5966833642732607,0.5998518993737858,0.6025719774158451,-1.0,-1.0,0.6097551992673017,0.6116938672122079,0.6133950624720391,0.6148930311461897,0.6162161145953569,-1.0,-1.0,0.6193453684037094,0.6201629976359888,0.6208893188615421,0.6215344563134031,-1.0,0.6226128433180504,0.6230599618730939,-1.0,0.6237965110984993,0.624094859155331,0.6243512697733818,0.6245689806189154,-1.0,-1.0,-1.0,-1.0,-1.0,-1.0,0.6251528832814104,0.6251142426081747,0.6250457197325219,-1.0,-1.0,0.6246544685412121,-1.0,0.6242275254615942,-1.0,-1.0,-1.0,-1.0,-1.0,0.6219670931097455,-1.0,-1.0,-1.0,-1.0,-1.0,-1.0,0.6166018081632652,0.6154856094967103,-1.0,-1.0,0.6114166299367345,-1.0,-1.0,-1.0,-1.0,0.6014541584855652,0.5988360823602689,-1.0,-1.0,0.5893381267467626,-1.0,-1.0,-1.0,0.5717357360741718,0.5662101851938676,-1.0,-1.0,-1.0,0.5381611835393938,0.5293588060418932,-1.0,-1.0,-1.0,-1.0,-1.0,0.45527963506834235,-1.0,-1.0,-1.0,0.37719847297398124,0.35269882396813096,0.3258104261088462,0.2963000213498106
0.02420128264794382,-1.0,0.4865345782327411,0.5028735560390969,-1.0,0.5306407716569244,0.5421223270043676,0.5519151146746607,0.5610182721584372,0.5684132273480682,0.5755138155950248,0.5813197197151991,0.5862590327137283,0.5911550296759279,0.5953032928158886,0.5988110888872596,-1.0,-1.0,-1.0,0.6092956434858664,0.6114070980499556,0.6132546667567016,-1.0,0.6163086114797006,0.617572647870499,0.6186917156295122,0.619684075310056,0.6205649201907281,0.6213460555407861,0.6220402428052587,0.62265523154868,0.623200648976907,0.6236814188673465,0.6241050760776723,0.624476175802373,0.624799087382244,-1.0,-1.0,0.6255133355209109,-1.0,0.6258032831299735,0.6258979090157927,0.6259605546711512,0.6259920689021838,0.6259926967080474,0.6259628199346736,0.6259022371672291,-1.0,-1.0,-1.0,0.6253401478142502,-1.0,0.6248500988044193,0.6245463643444684,-1.0,0.6238084562725219,-1.0,-1.0,-1.0,-1.0,0.6210342343232644,-1.0,-1.0,-1.0,-1.0,0.6164078857895351,0.6151800495340095,-1.0,-1.0,-1.0,0.608910771323006,0.6069361421199039,0.6047666294256809,-1.0,0.5997659146013168,-1.0,-1.0,0.5902693453944918,0.5864644542920765,-1.0,0.5777018755166409,0.572668291447834,-1.0,0.561078165059436,-1.0,-1.0,0.5390948421999073,-1.0,-1.0,-1.0,-1.0,-1.0,-1.0,-1.0,-1.0,0.420795911351716,-1.0,-1.0,-1.0,-1.0,-1.0
0.022834203047182717,0.45662411029027367,0.4758767413296632,0.49341998440470425,0.5092191699801678,0.5232400819865519,0.5356367664200231,-1.0,-1.0,-1.0,0.5719798157439925,0.5786312759705002,0.5840246245528835,0.5889697124842227,0.5936138144214638,0.597512118574524,0.6008207222977329,0.6036543828447095,0.6061301606793498,-1.0,0.6109619712579852,0.61297203563728,0.6147336632271828,0.6162828881042863,0.6176490547661639,0.6188569160134213,0.6199265566385594,-1.0,-1.0,0.622462857702099,0.6231247673348017,0.6237113253312887,0.624229210554514,-1.0,0.6250862148571896,0.6254354298810163,-1.0,0.6259958581871239,-1.0,0.6263929102681888,-1.0,0.6266446655779447,0.6267199146036899,-1.0,0.6267737515223044,-1.0,0.6267012300270227,-1.0,0.6265004126185909,-1.0,0.6261655696537857,-1.0,-1.0,-1.0,-1.0,0.6246554411818233,0.6242181116436833,0.623727849634209,-1.0,-1.0,0.6218946205370108,-1.0,-1.0,-1.0,-1.0,0.6172766154395504,0.6160500272017219,0.6146998321797368,0.613214351130456,0.6115806776690818,-1.0,0.6078108686156172,0.6056420654127281,0.6032595166705089,-1.0,-1.0,-1.0,-1.0,-1.0,0.5831662783298616,-1.0,0.5735478543621991,-1.0,-1.0,-1.0,0.5479951027328391,-1.0,-1.0,0.521512758692896,0.510909534481642,-1.0,-1.0,-1.0,0.45709687279579336,-1.0,-1.0,-1.0,-1.0,-1.0,-1.0,-1.0
0.021544346900318832,-1.0,0.4645353427849711,0.4833522837692962,0.5003733945897191,0.515525736657688,0.5289642444370531,-1.0,0.5510393540549252,0.56041752408704,-1.0,0.5753906534842491,0.5815386348609279,-1.0,-1.0,0.5959278830892525,0.5995960814177776,0.6027200222720647,-1.0,-1.0,0.6103501339132074,0.6125407295735433,0.614455030904851,0.6161345628276957,0.6176132221797854,0.6189181082918772,0.6200719734845479,-1.0,0.6220000943616182,0.6228037544667215,-1.0,0.6241467791994981,0.6247045742070343,0.6251965381148558,0.6256284498967966,0.6260058020917698,0.6263331069991837,0.6266141434332453,0.6268521596036573,0.6270498808442074,0.6272095573767675,-1.0,0.6274217782905869,-1.0,-1.0,0.627488020414979,-1.0,0.6273689553379713,-1.0,0.627116354862896,0.6269376477294429,-1.0,-1.0,-1.0,-1.0,-1.0,-1.0,-1.0,-1.0,-1.0,-1.0,-1.0,-1.0,0.6202154784570973,-1.0,-1.0,-1.0,0.6155204107084049,0.6140360261478361,0.6124033514353113,-1.0,-1.0,0.606467233835585,-1.0,-1.0,0.5985956489134284,-1.0,-1.0,-1.0,0.5839951330295611,-1.0,-1.0,-1.0,-1.0,0.5561319137448992,-1.0,-1.0,0.5320045047804323,-1.0,0.5117408261799247,-1.0,0.48733104922583576,-1.0,-1.0,-1.0,0.42250982299653606,0.4021702520798943,0.37984743578359415,-1.0,0.328459624231976,-1.0
0.020327352016717128,0.4310145985924967,0.45246907233415806,0.47250147182468777,-1.0,0.5066885686877783,-1.0,0.5341581929436842,-1.0,0.5552469014802303,0.5642106826295656,0.5715444433141911,0.5785567057139168,0.584254775054248,0.589176424518252,0.5940242527651992,0.5981077213496602,-1.0,-1.0,-1.0,-1.0,0.6119522958561111,0.6140362041446621,0.6158600284646644,0.617461820080084,0.6188726953716809,0.6201187747402759,0.6212210564769834,0.6221977535887065,-1.0,0.6238291486911641,0.6245081482799907,0.62510862002126,0.6256384088303494,0.6261043401005117,0.6265118644688198,0.6268662191231142,0.6271715042390215,-1.0,0.6276485840443737,0.6278258795098959,0.6279652202273581,0.6280682254526351,0.6281361212032458,0.628169781549752,0.628169722565828,0.628136133719642,-1.0,-1.0,-1.0,0.6276589761996625,0.6274493124290018,-1.0,-1.0,-1.0,0.626196125306476,-1.0,-1.0,-1.0,-1.0,-1.0,-1.0,0.621894425103195,-1.0,0.6199754094977712,0.6188648033306806,0.6176409381940192,0.6162932243079415,-1.0,0.6131783848782396,0.6113842961916858,0.6094121518266763,0.6072449018512837,0.60486376928697,0.6022481255948492,0.5993753365416422,-1.0,-1.0,-1.0,-1.0,0.5801923120089946,0.5751597051755185,-1.0,0.563571277985683,-1.0,-1.0,-1.0,-1.0,-1.0,0.512524988568008,0.5008877917628846,-1.0,-1.0,-1.0,-1.0,-1.0,0.4029552132124048,-1.0,-1.0,-1.0,-1.0
0.019179102616724886,0.41718466379658714,0.43967406059262554,0.46078425249602534,0.47986662415064957,0.49730667005463786,0.5129719315381742,0.5268258584273171,0.5390243826903923,-1.0,0.55948432114731,0.567702194646614,0.5749846052357923,0.5815017994185995,-1.0,-1.0,-1.0,0.6001616319053937,-1.0,0.6062131487422154,0.6086721130140796,-1.0,0.613469728372801,0.6154531921750839,0.6171904641099981,0.6187181744471164,0.6200649366516964,0.6212546516039027,0.6223073537164128,-1.0,0.6240649398413202,-1.0,0.625442151411812,0.6260127834456134,0.6265149685121978,0.6269550299180832,0.6273383871526156,-1.0,0.6279527033020623,0.628190914734343,0.6283870266079816,-1.0,0.6286615881494186,-1.0,-1.0,0.6288005736725996,-1.0,-1.0,0.6286260891110731,-1.0,0.6283319793446813,-1.0,0.6278854993044808,0.6276003727611078,-1.0,-1.0,0.626468498077658,-1.0,0.6254496537211679,-1.0,0.6241794337348571,0.6234366908886049,-1.0,0.6217037708271367,0.6206985987217457,-1.0,-1.0,0.6170208897164984,0.6155388843557514,0.6139084034124864,0.6121153260972398,0.6101441226320298,0.607977719735599,0.6055973560166428,0.6029824162011709,0.6001102666502943,-1.0,-1.0,0.5896891696964648,0.5855138337918602,-1.0,-1.0,0.5703733771361109,-1.0,0.5576537319651856,0.5503479774543476,-1.0,-1.0,-1.0,-1.0,-1.0,-1.0,-1.0,-1.0,-1.0,-1.0,-1.0,0.3813731185400093,-1.0,-1.0,-1.0
0.01809571541243321,0.402733752277172,0.4261786724156394,0.4482986332515932,0.4685676634860772,0.4872867787236404,0.5040614854812906,0.5190398390131731,0.5323583848442839,0.5439806180609742,0.5541127979830287,-1.0,-1.0,0.5782209790769895,0.5842465343920045,0.5892497827234263,0.5942090780734658,0.5984883730917782,-1.0,-1.0,0.6078188080736345,-1.0,0.6127466937548495,0.6149069245434656,0.6167946734835377,0.6184506474383827,0.6199077509806956,0.6211929561627921,-1.0,0.6233332096699716,-1.0,-1.0,-1.0,0.6263204853720284,0.6268617720436767,0.627336459397093,0.6277509067317052,-1.0,0.6284179811124547,0.6286785592209603,0.6288947756935611,0.6290691503472866,0.6292037277196182,0.6293001062992282,0.6293594824038061,-1.0,-1.0,0.6293218527813975,0.6292376983238391,0.6291170313777579,-1.0,0.628762082144278,-1.0,0.6282453579047739,-1.0,-1.0,-1.0,-1.0,0.6261152130971199,0.6255171087978748,0.6248508310726304,-1.0,0.6232900722855476,-1.0,-1.0,0.6202715849496696,-1.0,0.6177058706054245,0.616225168681656,-1.0,-1.0,-1.0,-1.0,0.6062886151051292,-1.0,-1.0,-1.0,-1.0,-1.0,0.5862085316266836,-1.0,0.576593109029626,-1.0,-1.0,0.558350355658231,-1.0,-1.0,-1.0,0.5245649730577289,-1.0,-1.0,0.48955356421339197,-1.0,-1.0,-1.0,0.424733605638024,-1.0,0.38207184103683667,-1.0,-1.0,-1.0
0.017073526474706904,0.38769733921948824,-1.0,-1.0,0.4565358051026915,0.476360749932271,0.4941367867169449,0.5102024016213887,0.5245420611176214,0.5373113417961843,0.5486626214405583,0.5582418868534623,0.5670303519242156,-1.0,-1.0,0.586809124353359,0.5917247371284846,0.5965099948812806,0.6005253109384998,0.6039262169192474,0.6068334491921374,0.6093439712270361,-1.0,-1.0,0.6162679657048014,0.6180654051945265,0.6196437208589839,0.6210336533146822,0.6222596800098249,0.6233432990666286,-1.0,0.6251495747117664,-1.0,-1.0,-1.0,0.6276570393665948,0.6281048700190482,0.6284937644675396,0.628828463838083,0.6291129815660125,0.6293506907345143,0.6295443898448255,0.6296963627983658,0.6298084225790792,0.62988194262543,0.6299181135659164,0.6299168624714214,-1.0,0.6298043551069634,0.6296922425759243,-1.0,-1.0,-1.0,-1.0,-1.0,-1.0,-1.0,0.6272707087729595,0.6267391949442053,0.6261443426143781,0.6254810173661629,-1.0,0.6239253845237756,-1.0,0.622018380086317,-1.0,-1.0,-1.0,0.616871143792626,-1.0,0.613452269136255,-1.0,-1.0,0.6069398683794037,-1.0,0.6014556950827207,-1.0,0.5948401609180973,-1.0,0.5868635874193824,-1.0,-1.0,0.5717256710553084,-1.0,-1.0,0.5517020845987898,-1.0,0.5348827298536443,-1.0,-1.0,-1.0,-1.0,-1.0,-1.0,-1.0,-1.0,0.4050534806562923,-1.0,-1.0,-1.0,0.3018339104590101
0.016109078842068338,-1.0,0.3972933254352951,0.42130648276983,0.4437665053230974,0.4646038349187473,0.48359510887686835,0.5009235462676601,0.5164338577190294,0.530119526723746,0.5421060815159957,0.5528941364367554,0.5623353776109341,-1.0,0.5776352098301765,-1.0,0.5892083743562502,0.5941843959831353,0.5986711003561643,0.6024443636473564,0.6056514344351318,-1.0,-1.0,0.6133633029844743,0.615602697107943,0.6175566959277485,0.6192686162811883,0.620772931394526,-1.0,-1.0,-1.0,0.6252151422438232,0.6260228193802483,0.6267360758430658,-1.0,-1.0,0.6284011143141944,0.6288220107685722,-1.0,-1.0,0.6297561629339815,0.6299705165647063,0.6301410654593943,0.6302698554866076,0.6303584599818917,0.6304080251378124,0.6304192896403353,-1.0,-1.0,0.6302249409417074,-1.0,-1.0,-1.0,0.6294088282484929,0.6290954019678197,0.6287334975937906,-1.0,-1.0,-1.0,0.626732413495774,0.6260721273825318,0.6253374487300326,0.6245219349936046,0.6236185337888173,0.6226194309506398,0.621515980613398,0.6202986315852912,-1.0,-1.0,0.6158523153041544,0.6140626878468552,-1.0,-1.0,-1.0,-1.0,-1.0,-1.0,-1.0,-1.0,0.5874810665643556,-1.0,-1.0,-1.0,0.5662817574677906,-1.0,-1.0,0.5443037750154336,0.5355030345786757,-1.0,-1.0,-1.0,-1.0,-1.0,-1.0,-1.0,-1.0,0.4056752132426562,-1.0,-1.0,0.33196599994767356,0.3024560148197589
0.01519911082952934,0.3562267981412819,0.38203673611246275,0.4068799462273333,0.43028722579552786,0.4521539063248133,0.4723648690143513,0.4908852934007765,-1.0,0.5222189798302105,0.5354188351447325,0.5469615649922314,0.5568846527639062,0.566090476644476,0.5735502010584014,0.5807140153977658,0.5866140004702015,0.5915713367814587,0.5964990392578712,0.6007032646135586,0.6042533020767493,0.6072805699180167,0.609882708467009,-1.0,0.6147896784332845,0.6169175832963646,0.6187767980996898,0.6204072177782393,0.6218413843243059,0.6231048526257956,-1.0,0.6252052585016674,0.6260757271325793,0.6268443173652011,0.627521964784687,0.6281179611517244,0.628640219638249,0.6290955805539754,0.6294894755741292,0.6298272395444823,-1.0,0.6303488072827649,0.6305392057420974,0.6306858584638874,0.6307905563831601,-1.0,-1.0,-1.0,-1.0,-1.0,-1.0,0.6304091403853745,-1.0,-1.0,-1.0,-1.0,-1.0,-1.0,0.6278707553816106,-1.0,-1.0,0.6258944899351949,-1.0,0.624180825462951,0.6231839974868079,0.6220826154643135,-1.0,-1.0,-1.0,0.6164255251615525,0.6146371907051954,0.612670303195894,0.6105078321857521,-1.0,-1.0,-1.0,0.599498637678052,0.596037370355291,-1.0,0.5880630603726631,0.5834809124835003,0.5784503632230118,-1.0,0.5668655241371952,0.5602108860683616,-1.0,0.5448884944981,-1.0,-1.0,-1.0,-1.0,0.49141894527298285,-1.0,-1.0,-1.0,-1.0,0.40626173314297964,0.3839394902511185,-1.0,-1.0,-1.0
0.014340544997832723,0.339966608188503,0.36633577997087846,0.3919057511373189,0.4161467416091659,0.4390188656575868,0.4603915039890812,0.47989842811717626,-1.0,-1.0,0.5276266006757169,0.5401829233841097,0.5514313744489513,-1.0,0.5695313835774177,-1.0,0.5835686509261552,0.5890399048625667,-1.0,0.5986702999499409,-1.0,0.6059597495139545,0.6088194729333972,0.6113009579580889,0.6138180785955712,0.6161395801538159,0.6181621605964894,0.6199315790136177,0.6214845389495588,0.6228509694847406,0.624055638674382,0.6251184935375266,0.6260571868523622,0.626885700473876,0.6276160139703002,-1.0,0.6288225346750252,0.6293147252965667,-1.0,0.6301086806707247,0.6304203280615308,-1.0,0.630892002289203,-1.0,-1.0,0.6312591711857803,-1.0,-1.0,0.6312527267487112,-1.0,0.6310456946446491,0.6308797499476427,0.630670563609441,0.630416425495568,-1.0,0.6297644040067989,-1.0,0.6289015582294201,0.6283821408865523,-1.0,-1.0,0.6264165004475377,-1.0,-1.0,-1.0,-1.0,0.6214013375398453,-1.0,0.6185884560656749,-1.0,0.6151777243206532,0.6132120856478559,0.6110507507128606,-1.0,-1.0,0.6031959220187495,0.6000451320056072,0.5965846123576022,0.5927843854356641,-1.0,-1.0,-1.0,-1.0,0.5674158778901334,-1.0,-1.0,-1.0,-1.0,-1.0,-1.0,-1.0,-1.0,-1.0,-1.0,-1.0,0.42715374466257217,-1.0,-1.0,-1.0,-1.0,-1.0
0.013530477745798068,0.323460691402533,0.3502668968376554,0.37641495419758736,0.40140749438022844,0.4252229830098127,0.4476652823664727,0.46820476068660283,0.4871081338505779,0.5042951162606508,0.5195947407142295,0.5331325248440252,0.5449330437828505,0.5554731013884955,-1.0,0.5727040967018624,-1.0,0.5862213552239313,0.5913264630358963,0.5963046891230753,-1.0,0.6044159866511531,-1.0,-1.0,0.612712851585608,0.6152127048969482,-1.0,0.6193401033680777,0.6210242016638855,0.6225032625852109,-1.0,0.6249529259785142,0.6259654744952621,0.6268588310221677,0.6276466291328979,0.6283396606202792,-1.0,0.6294800493952047,-1.0,-1.0,-1.0,0.6309661819667601,0.6312004883241326,0.6313866065159598,0.6315273228828349,0.6316229061746625,0.6316761391478196,0.6316873509494522,-1.0,-1.0,0.6314708242822725,0.6313138701746194,-1.0,-1.0,0.6305715558274572,0.630226811031661,-1.0,-1.0,-1.0,-1.0,-1.0,-1.0,-1.0,-1.0,-1.0,0.6231143467057114,-1.0,-1.0,0.6190937966624468,0.6174716784423901,0.6156861151574923,0.6137218025780715,-1.0,0.609187014400086,0.6065772717012897,0.603709839811735,-1.0,-1.0,-1.0,0.5891283507868779,0.5845473082569947,-1.0,0.5739961926456617,0.5679347524658529,-1.0,-1.0,-1.0,-1.0,0.5275009956297105,0.5168995516551035,0.5052636791245361,0.4924925887064447,0.4784756776444473,0.4630915291865142,-1.0,-1.0,-1.0,-1.0,-1.0,-1.0,-1.0
0.012766169490574082,0.30678416649698315,0.33390640248533815,0.3604515739903141,0.3861406019023705,0.41081195975271706,-1.0,0.455822033007571,0.4759674945336298,0.494176599520762,0.5104875396006391,0.5251175870585854,-1.0,-1.0,0.5594053837817342,0.5684716313385904,0.5758417338596868,0.5829187262960076,0.5886912893084553,0.5936165567021313,0.5984974088986762,0.6026245740218278,0.6061124346218751,0.6090885080131415,-1.0,-1.0,0.6165318502919913,0.618625432708229,0.6204543262952482,-1.0,-1.0,0.6247061145141971,-1.0,0.6267629308678084,0.6276123909173256,0.62836014006113,0.6290168358207551,0.6295915185979504,0.6300918545348354,0.6305243494506235,0.63089450251805,-1.0,0.631465529455163,0.6316734447835577,0.6318332563683947,-1.0,-1.0,-1.0,0.6320241815055254,0.6319638367927318,-1.0,-1.0,0.6315205589428583,0.631281650568522,-1.0,0.6306559568184653,-1.0,-1.0,0.6293047327574752,-1.0,-1.0,-1.0,0.6265588867863738,0.6256664437211267,-1.0,0.6235829211257385,0.6223738190407964,-1.0,-1.0,0.6179480493508172,-1.0,0.6142011644667016,-1.0,-1.0,0.6070601366298158,-1.0,-1.0,0.5975856196576995,0.5937868128279782,-1.0,0.5850348056460102,-1.0,-1.0,-1.0,0.5617702279600908,0.5544667106960267,-1.0,-1.0,-1.0,-1.0,-1.0,-1.0,-1.0,-1.0,-1.0,-1.0,0.40782917372058225,-1.0,-1.0,-1.0,-1.0
0.012045035402587823,0.29000894153948265,0.3173064514702378,0.344150336518706,0.3704200004148113,0.39584459229160646,0.4201090771347829,0.4427414346901802,0.4640162429388293,0.48322980522176096,0.5007574155119047,-1.0,0.5304950442016436,0.5428272451568265,0.5539250777435971,-1.0,0.5717586692770115,0.5790352601101728,0.5856397798272952,-1.0,-1.0,0.6005531649051029,0.6044265329034555,-1.0,-1.0,0.6129801766256634,-1.0,0.6177794349897405,0.6197685764596348,0.6215080818317821,-1.0,0.6243750367119708,-1.0,0.6265961385598123,-1.0,-1.0,0.6290281609308501,0.6296489379840525,0.6301901979201543,0.6306591139086918,-1.0,-1.0,-1.0,-1.0,0.6320998037785204,0.6322323613788204,-1.0,0.6323592737661446,-1.0,0.632307719134046,0.6322154664680576,-1.0,0.6318951019377911,-1.0,0.6313847063266939,-1.0,-1.0,0.6302239649816039,0.6297190360832472,-1.0,0.6285069504088531,-1.0,-1.0,-1.0,-1.0,0.624022107275523,-1.0,0.6214832765224954,-1.0,-1.0,0.6166132231893239,-1.0,0.6124942973224479,0.610122039951744,0.6075144772447766,0.6046490290182122,0.6015008785722983,0.5980427580611839,-1.0,-1.0,-1.0,-1.0,0.5749450907549933,0.5688845352021233,0.5622315198452363,0.5549284021781363,-1.0,0.5381126850128602,-1.0,-1.0,-1.0,0.4934474997482608,0.47943098897450886,-1.0,-1.0,-1.0,-1.0,0.38597173284457,0.36147319647488635,0.33458568332194966,0.3050763278828492
0.011364636663857248,0.273203382240411,0.3004952461012121,-1.0,0.35432434319497613,0.38038888382244734,0.405384533558199,0.4289883207495237,-1.0,0.471634668853129,0.4904446298459182,0.5073891304748614,0.5224812856511932,0.5358764205850584,0.547548292391535,-1.0,0.5671728776503194,-1.0,0.5820704001698291,0.58816757384013,0.5931967435319894,0.5981629597574853,0.6024825687688317,0.6061225585303975,-1.0,-1.0,0.6143153387702984,0.6167918768004215,0.6189591232750229,0.6208496381327671,-1.0,0.623956042066861,0.6252326574552396,-1.0,-1.0,0.628216311171439,-1.0,0.6296518650453323,-1.0,0.6307452890123685,-1.0,0.6315554416375059,-1.0,0.6321240743177613,0.6323272237196833,-1.0,0.632584621530781,-1.0,-1.0,-1.0,-1.0,0.6324110506340546,-1.0,-1.0,-1.0,-1.0,-1.0,0.6306033893778142,0.6301039497824847,0.6295381404201728,0.6289012467114914,0.6281877400480327,0.6273914706146148,-1.0,-1.0,-1.0,0.6232292055251256,-1.0,0.6204324519172574,-1.0,-1.0,0.6150752263188748,0.6129191681643058,-1.0,0.6079418392297183,0.6050774755806909,0.6019303124156506,-1.0,0.5946758663389287,0.5905057527845142,-1.0,-1.0,0.5753788348762914,0.569318809188181,-1.0,-1.0,0.5473474817429568,-1.0,-1.0,-1.0,-1.0,-1.0,-1.0,-1.0,-1.0,0.42906963635579076,0.4087314460154069,0.3864098202736028,0.36191142197761034,-1.0,0.30551477284023887
0.010722672220103232,0.25643172506956013,0.28362306359743056,0.3108669357785837,0.3379288367387389,0.3645142676065228,0.39012024493290626,-1.0,0.43787846282957504,-1.0,0.4793223340513135,0.49722291511139194,0.513377022578611,-1.0,0.540703084238642,0.5520930281607198,0.5617156917466979,0.5706052395518416,-1.0,0.5848758444829077,0.5905203605677677,0.5954287586124969,-1.0,0.6042949870053276,0.6077194050959578,0.6106428197932297,-1.0,-1.0,0.6180170855806941,0.6200743708437889,0.6218710556456052,0.6234448282768633,0.6248264387231809,0.6260408224621018,-1.0,-1.0,0.6288753240273569,0.6295995582377137,0.6302324848505996,0.6307826737505491,0.6312577284125035,0.6316637625609283,0.6320062291689034,0.6322889912587664,0.6325162208636818,-1.0,-1.0,-1.0,-1.0,-1.0,-1.0,0.6327123715149023,-1.0,0.6323372359905138,-1.0,-1.0,-1.0,-1.0,-1.0,0.6299001023436478,-1.0,0.6285587955291726,0.6277664595366517,-1.0,-1.0,-1.0,-1.0,-1.0,-1.0,-1.0,0.6174310476041575,-1.0,0.6133183313475151,-1.0,0.6083436727706494,-1.0,0.6023343237421824,-1.0,-1.0,0.5909123831260157,-1.0,0.5813068376886089,-1.0,0.5697279357044348,-1.0,0.5557736485722138,-1.0,-1.0,-1.0,-1.0,-1.0,-1.0,-1.0,-1.0,-1.0,-1.0,0.4091444864146029,-1.0,-1.0,0.33543745852526113,0.30592832418829863
0.0101169709987675,0.23975466395592435,0.26676108540318294,0.2940328740256712,0.32131012222438077,0.3482327230315943,-1.0,0.3996606927672926,0.42382750703803057,-1.0,0.4673505809726535,0.48640418118864304,0.5038056390875588,-1.0,-1.0,-1.0,0.5561798604126709,0.5656333352662319,0.5737502906286045,0.5810278486034265,-1.0,-1.0,0.5976751567562982,0.6021990678884291,0.6059988394609145,-1.0,0.6119855158992666,0.6144234548120425,-1.0,0.6191742905004377,0.6211282376171864,0.6228359586111682,0.6243325092407527,-1.0,0.6268013537323543,0.6278167874323477,0.6287086596520185,0.6294909988758494,0.6301752011118724,0.6307708508106067,0.631286232030804,0.6317283791679349,-1.0,0.6324141353882107,0.6326668926000057,0.6328640968834303,0.6330083012310559,0.633101452002649,0.6331449258262122,0.6331395660117488,0.6330857082407396,0.6329832013138882,-1.0,0.6326295393618088,-1.0,-1.0,0.631702266339565,-1.0,0.6307903720526503,-1.0,0.629608370542144,0.6289037878136611,-1.0,-1.0,-1.0,0.625177698993277,-1.0,-1.0,-1.0,0.6195792958439744,-1.0,-1.0,-1.0,-1.0,-1.0,0.6058592958089574,-1.0,-1.0,-1.0,0.5912951044652339,-1.0,-1.0,-1.0,-1.0,-1.0,-1.0,0.5481448799124772,0.5393466747681371,-1.0,0.5190894681873836,0.5074549403506405,-1.0,-1.0,-1.0,-1.0,-1.0,-1.0,-1.0,-1.0,0.3358274420845739,-1.0
0.009545484566618337,0.22322839910598868,0.2499727127626121,0.2771635701297906,0.30454132616828816,0.3316423243591628,0.3582818395017721,-1.0,-1.0,0.4326320767281713,0.4546630650481893,0.4749250543630492,0.4935741678597906,-1.0,0.5251247218796966,0.5383832421884934,0.5499629776954392,0.5599785146560283,0.5692354916763347,0.5767416865665285,0.5839340531913831,0.5898901881961314,0.594858886257277,0.5997967850316993,0.6040308037571707,0.6076016796730157,0.6106425663534606,0.6132525573530098,-1.0,0.6181392835167071,0.6202678075667066,0.6221235652274271,0.6237466632876606,0.6251697079896469,-1.0,0.6275160696693829,0.6284796728616104,-1.0,0.6300644563246878,-1.0,0.6312679824022772,0.6317485760012452,0.6321576770334043,0.632499702221782,-1.0,-1.0,0.6331680210870727,0.6332810365076573,0.6333426050964533,-1.0,-1.0,0.6332244013664491,-1.0,0.6328930013986585,0.6326485632712102,-1.0,0.6319924316360344,0.6315752984921891,-1.0,-1.0,-1.0,-1.0,-1.0,0.627565645927877,-1.0,0.6255132336517103,-1.0,-1.0,-1.0,-1.0,-1.0,-1.0,-1.0,0.6116783751124963,-1.0,-1.0,0.6030715416183766,0.5996172968813509,-1.0,-1.0,-1.0,-1.0,-1.0,-1.0,0.5638253122840349,0.5565240588693836,0.5485092919797818,-1.0,-1.0,-1.0,-1.0,-1.0,-1.0,-1.0,-1.0,-1.0,-1.0,0.3875802337566232,0.3630822165915382,0.33619521427020377,-1.0
0.009006280202112787,0.20690621091150385,0.23331662162943184,0.2603239863049475,0.2876554975493289,0.3148682305587673,0.3418628507732811,-1.0,0.39399136808319396,0.4182963849743371,0.44131405349359665,0.4627279757546273,-1.0,0.5001216736226711,0.5161155401932649,0.5303603358539859,-1.0,0.5543123384928661,0.5638508684378776,0.5725241627827278,0.579797908573547,-1.0,-1.0,0.5970443048084322,0.6017817083855215,0.6057506333303593,-1.0,0.6119797615263345,0.6144590421519376,0.6169575927949232,-1.0,-1.0,0.6230629709906775,0.6246053830918806,0.6259575175799237,-1.0,0.6281858795946251,-1.0,0.6298993041411486,0.6305966347250512,0.6312023045930494,0.6317244639710512,0.6321702085477648,0.6325454725396494,0.6328555651539928,-1.0,-1.0,-1.0,-1.0,-1.0,0.6335121334920851,0.6334371426768863,0.6333093913862813,0.6331293390078123,-1.0,-1.0,-1.0,0.631847400049353,-1.0,-1.0,0.630214630062027,-1.0,-1.0,-1.0,0.6269019152762838,-1.0,0.6246334636811982,-1.0,-1.0,-1.0,-1.0,-1.0,-1.0,-1.0,0.6094090350929484,-1.0,0.6034071142604418,0.5999540604274001,-1.0,-1.0,-1.0,-1.0,-1.0,-1.0,0.5641676390564273,0.5568669197052211,-1.0,-1.0,-1.0,-1.0,0.5081657921917893,-1.0,-1.0,-1.0,0.44911534796412156,0.4305852357026665,-1.0,-1.0,0.36342893413263716,-1.0,0.30703330931744255
0.008497534359086447,0.19083616622314467,0.21684684054456652,0.24357513334254619,0.2707276225931872,0.29798388579664453,0.3252118020926134,0.35211428631123315,0.37828048189255586,0.403380617652745,0.42732511242263516,0.4498041353275464,0.4704952486029511,-1.0,0.50671728349544,-1.0,0.5357113969569409,0.5475806182844488,0.5582259707555202,0.5676466077839916,-1.0,0.5828169189946316,0.5891086535037523,0.5942405632189328,0.5992103306226306,-1.0,0.6073666003443584,0.6105308163216229,-1.0,-1.0,0.6181558547289663,0.6203581123959971,0.6222747918950416,0.6239487423593104,0.6254139933410391,0.626698421503023,0.6278249634340264,0.6288126262846268,0.6296773917698297,0.6304321070843851,0.6310883252827567,0.6316552652691698,0.6321407860868277,0.6325514696569435,-1.0,-1.0,-1.0,-1.0,-1.0,-1.0,-1.0,-1.0,-1.0,-1.0,-1.0,-1.0,-1.0,-1.0,-1.0,-1.0,-1.0,-1.0,0.6290195026789571,-1.0,0.6271889872263587,-1.0,-1.0,-1.0,0.6221573177609298,0.6205519262599987,-1.0,-1.0,-1.0,0.6123207140072268,0.6097214645361964,0.6068635831066422,0.6037223190034703,-1.0,-1.0,-1.0,-1.0,-1.0,-1.0,-1.0,-1.0,-1.0,0.549176032213342,-1.0,0.530723230264175,-1.0,-1.0,-1.0,-1.0,0.4663245523379176,0.44944154191960317,-1.0,-1.0,0.3882535613013858,-1.0,-1.0,0.30736056935055556
0.008017526499665792,0.17506355336850987,0.2006155888587287,0.2269740163375918,0.25386907114858265,0.28105863666414804,0.30840366021185533,0.33560099081740363,0.3621628412881442,0.3879534698017234,0.4127395358790802,0.43617914113788936,0.45791264865527703,0.47810284058663494,0.496459883043267,-1.0,-1.0,0.5406802562337072,-1.0,0.5619810116517192,0.5711016830744973,0.5784961508866578,-1.0,0.591419365567761,0.5963446770747332,0.6012368360069655,0.605384801686993,-1.0,0.611868781316462,-1.0,-1.0,0.6192864321478696,0.6213744098640204,0.6231937430741346,0.6247831114139729,0.6261746405674066,-1.0,0.6284620555924179,0.6293972417390559,0.6302140616705063,0.6309248954640829,0.6315401286870732,0.6320684779763892,0.6325173341949577,0.6328924949077479,0.6331993764486769,-1.0,0.6336229120470962,-1.0,0.6338114691550537,0.6338218064151546,-1.0,-1.0,0.6335227068604575,0.6333112649303447,0.6330417436243503,-1.0,-1.0,-1.0,0.6313315890666136,0.6307281396794608,0.630044991722165,-1.0,-1.0,-1.0,0.6263866720064106,-1.0,0.6238885539671821,0.6224371479651071,0.6208345065616346,-1.0,-1.0,-1.0,-1.0,-1.0,-1.0,-1.0,0.6005675917933139,-1.0,-1.0,0.588037728129313,0.583014504368573,0.5774986581969181,0.5714424219957009,-1.0,0.5574937706186399,0.549480558237124,-1.0,0.5310287153718269,0.5204302593072097,-1.0,0.49602853031462985,-1.0,-1.0,0.44974900979915844,-1.0,-1.0,-1.0,-1.0,0.3371776870499657,-1.0
0.007564633275546291,0.15963021276907707,0.1846693390495619,0.2105736964010989,0.2371390706469651,0.26415806713904993,0.29150742410288305,0.31880793353096887,0.34572825564330417,0.37208855225321025,0.3976144326797919,0.4218992029085986,0.4446526128637852,0.4660011320454442,0.4853222161940132,0.5029021629407012,-1.0,0.5327707712260796,0.5451829884652388,0.5563381550888986,0.5658323722162116,0.5742567744606135,-1.0,0.5881799443128922,-1.0,-1.0,0.6031324260687531,0.6070209776574151,-1.0,0.6131291736892837,-1.0,-1.0,-1.0,-1.0,0.6240591503266334,0.6255679676875938,0.6268884953074428,0.6280447681763554,0.6290568009276323,0.6299406592032192,0.6307105784410421,0.6313779549043526,-1.0,-1.0,0.632853915888332,0.6331932088265155,0.63346465630625,-1.0,0.6338179339757476,0.6339047881625185,0.6339339739828908,-1.0,-1.0,-1.0,-1.0,-1.0,0.6329041485296218,-1.0,-1.0,-1.0,-1.0,-1.0,-1.0,-1.0,-1.0,-1.0,-1.0,-1.0,-1.0,0.6210979073879929,-1.0,-1.0,-1.0,-1.0,0.6102887209814607,-1.0,-1.0,-1.0,-1.0,0.5928930043234379,-1.0,0.583297635567723,-1.0,-1.0,-1.0,0.5577798645977747,0.5497672337545128,-1.0,0.5313164020063844,0.5207183912785299,0.5090856450258252,0.4963174104729133,-1.0,-1.0,-1.0,0.43150941772046736,-1.0,-1.0,-1.0,0.3374685362296888,0.30796021448957667
0.007137323037957842,0.144573340113633,0.16905139960755683,0.1944233883779044,0.22059300046166574,0.2473437683618214,0.2745917339498773,0.3018808150173055,0.32905330262079097,0.355860655389728,0.3820155234771869,0.4070254867633094,0.43073736842204957,0.4531330299258219,0.47354062579633044,0.4923931918622084,-1.0,-1.0,0.5380439399469825,-1.0,0.560107356489647,0.5694789572017225,0.5771748741531061,-1.0,0.5905661886442977,0.5956085299508859,0.6005694542684019,0.6049072356060302,0.6085574610413607,0.6116593914115218,0.6143165230323011,-1.0,0.6191990535273323,0.6213577536326219,0.6232354892270747,0.6248734734005692,0.6263050494574968,0.6275574934005147,0.6286527630285004,0.6296100785993417,0.6304436605238897,-1.0,-1.0,0.6323255824793645,0.6327765143204889,0.6331507340317084,0.6334533558846969,-1.0,0.6338594905287035,0.6339687560518156,0.6340180779049155,0.6340085510763551,-1.0,0.6338141983742526,0.6336285036532697,-1.0,0.6330735382545551,0.6326999108090866,0.6322582965565274,0.6317450078092626,-1.0,-1.0,0.6297283394212011,-1.0,-1.0,0.6268676002797142,-1.0,0.6243845931375196,-1.0,0.6213430294954575,-1.0,0.6176374589319329,0.6154965030843428,-1.0,0.6105454507580954,-1.0,-1.0,-1.0,0.5973192745301491,-1.0,0.5885849905618781,0.5835636996377297,0.5780496103900341,-1.0,-1.0,0.5580490576630579,0.5500370647517168,-1.0,-1.0,-1.0,-1.0,-1.0,0.4825756130489023,-1.0,-1.0,-1.0,-1.0,0.3891260507692935,-1.0,-1.0,-1.0
0.006734150657750821,0.12992887578067852,0.15380172256187863,0.178568584217829,0.20428220832528404,0.23067330891706675,0.25771352909120354,0.2849058047793194,0.3122126751299404,0.3393458655233884,0.36597923360008744,0.3916273748518324,0.41621080626090445,0.4395719324787189,0.46107526948032923,0.48114079532926646,0.4991351641933844,-1.0,0.5298432285999023,0.5427914252080568,0.5542006408635283,0.5638526546833932,-1.0,0.5801111101410252,-1.0,0.5927813442197785,0.597680673639886,-1.0,0.6065704807435026,0.6100008977770282,-1.0,0.6154355631396075,0.6179011461681014,0.6202588707122132,0.6223043469158328,0.6240851913730392,0.6256384310658907,0.6269958678734576,0.6281823676524758,0.6292186965189603,0.6301221355825405,0.6309068280752902,-1.0,0.6321663897074494,0.6326595341009073,0.6330712952805453,0.6334073813477501,0.633672436153554,0.6338701593336294,-1.0,-1.0,0.6340840800876988,-1.0,-1.0,0.6337513112880909,-1.0,-1.0,0.6328575041134463,0.6324253438503232,0.6319206152225956,-1.0,-1.0,-1.0,-1.0,-1.0,0.6270801695067301,-1.0,-1.0,0.6231641315585805,0.6215706839766292,-1.0,0.6178707450892099,-1.0,0.6133772623577757,-1.0,0.6079342971736432,-1.0,0.6013529169471585,-1.0,0.5934046491519713,0.5888338035517011,-1.0,0.578300400004952,-1.0,-1.0,-1.0,-1.0,-1.0,-1.0,0.5212452193716867,-1.0,-1.0,0.4828323185377611,-1.0,-1.0,-1.0,0.411704129480967,-1.0,-1.0,-1.0,0.30849335281183976
0.006353752638084487,0.1157284861902953,0.13890615903776732,0.16305139083173514,0.18825417481364892,0.2142002887650654,0.2409236571964028,0.26794998842163337,0.295277622802034,0.32261811762237136,0.34954289821329454,0.3757790965119121,0.40113077263377916,-1.0,0.44791489301352266,0.4690463009243867,0.48814199208393233,0.5055863019846515,0.5212417888971628,0.5350726874114132,0.5472363140342528,0.558193281177388,-1.0,0.5758264578507801,0.5830941022719437,-1.0,-1.0,0.5997833306784734,0.604322709103531,-1.0,-1.0,0.6141155600062713,-1.0,0.6190246835683337,-1.0,0.6231950922825277,-1.0,0.6263556715793428,0.6276418384301018,0.6287645606128573,-1.0,0.6305942897103645,-1.0,0.6319634030764069,0.6325020332732906,0.6329541833106049,0.633326221664737,0.6336233486633338,0.6338497410495223,0.6340086579010444,-1.0,0.6341330467553664,-1.0,-1.0,0.6338507332788383,0.6336308868757886,0.6333460398948352,0.6329939852607863,0.6325718873712434,0.6320762663371192,0.6315029750259301,-1.0,0.6301032598451101,-1.0,0.6283248715728935,0.6272751099940201,-1.0,0.6248091376683971,0.6233716387496279,-1.0,-1.0,0.6180876845152958,0.615951769581517,0.6135991575484177,-1.0,-1.0,0.6050269351302335,0.6015822936268289,0.5977965201539265,-1.0,-1.0,-1.0,-1.0,-1.0,-1.0,-1.0,0.5505296289630411,0.541735667537403,-1.0,-1.0,-1.0,0.49708730071315727,-1.0,-1.0,-1.0,-1.0,-1.0,-1.0,-1.0,0.3382450527951986,0.30873727976349163
0.005994842503189409,0.10196077277416524,0.12437140135529204,0.14790992408423134,0.17255265699221575,0.19797442460140502,0.22430513471299482,0.25107566460604613,0.27831638018239024,0.3057325370425445,0.33285060536649397,0.3595569772484269,0.38556381045716676,-1.0,0.434083265277427,0.45621499677615945,0.4765062092636888,0.49522053006888966,-1.0,0.526905093712302,0.5401975696127619,0.551796794981808,0.5618713505526073,0.5711517336387648,0.5786847520795817,-1.0,0.5918706332444008,0.5968414410452434,0.6017754648355826,-1.0,0.6095938738407947,0.6126325852249821,-1.0,-1.0,0.6200822701705955,0.6221955445737191,0.6240318949998053,0.6256315915541213,0.6270266234691005,0.6282438429029148,0.6293048156654453,0.6302275041255891,0.6310268797060792,0.631715147418255,0.6323028436495359,0.632798699207428,0.6332091833882987,0.6335407507214978,0.6337978892417309,0.633984341529527,-1.0,0.6341557398186829,-1.0,-1.0,-1.0,0.6337217080604696,0.6334499699011633,-1.0,-1.0,0.6322124522809812,0.6316479345182477,-1.0,-1.0,0.6294315400925358,-1.0,0.6274530634349744,-1.0,-1.0,-1.0,-1.0,0.6202236726212164,0.6182889966600074,0.6161558303680854,-1.0,0.611218304265792,0.6083711904996513,0.6052397254072791,-1.0,-1.0,0.5938543153359238,-1.0,0.5842680082302952,-1.0,-1.0,-1.0,0.5587639785243275,0.5507540500757011,0.54196075097684,-1.0,-1.0,-1.0,-1.0,0.4833017513580432,0.4679213730680778,-1.0,-1.0,0.41217617039464616,0.389856732398564,0.3653603353568701,0.33847476551338956,-1.0
0.00565620644760902,0.088553549411066,0.1102862648671151,0.13317975975857224,0.15717271277188935,0.18204168847864866,0.20791929142644025,-1.0,0.2613919541812871,0.28871857404320805,0.3159839192457627,0.34303735844452304,-1.0,-1.0,0.41962461136301643,0.44273170131737755,0.4641681131706572,0.4839541049302607,-1.0,0.5177421722256222,0.5320363913492152,0.544745674841764,0.5560670673023905,0.5656146430048758,-1.0,-1.0,0.5884596248329812,0.5939972449496114,-1.0,0.6036348511575678,-1.0,0.6109677167814815,-1.0,-1.0,-1.0,0.6210769147721629,0.6230776945181952,0.6248170931806383,0.6263320286203174,0.6276525308050146,0.6288034984436126,0.629803845936292,0.6306718252390002,0.631420027157549,-1.0,0.6326031147081758,0.6330554153988714,0.6334239931376358,-1.0,-1.0,-1.0,-1.0,-1.0,-1.0,0.6339803410002598,-1.0,0.6335327731243829,-1.0,-1.0,0.6323296060801972,-1.0,-1.0,0.6304059838008895,0.6295810950972981,-1.0,-1.0,0.6264561496047362,0.6251678729965262,0.6237386814353716,-1.0,-1.0,0.6184753677008481,-1.0,-1.0,0.6114126558885783,0.6085677421391616,0.6054382753241413,0.6019971636116759,-1.0,0.5940578450270334,-1.0,-1.0,0.5789642957971709,0.5729133643877494,-1.0,0.5589740923859974,-1.0,-1.0,-1.0,-1.0,-1.0,0.497528397231288,0.4835160663924333,-1.0,0.451255257337952,0.4327273483913827,-1.0,0.390072743672657,0.3655765926226386,0.3386912683766086,0.309183887315025
0.005336699231206312,0.07565331798872649,0.09667910237725946,0.11889332575413203,0.1421381819408582,0.16644477071582278,0.1917963358487066,0.21779880522233136,0.24456568953041394,0.2717125033689757,0.29901500142549875,0.326295918600524,-1.0,0.37942739930925357,0.40459763875654425,0.4286207641592207,0.4511176578411417,0.47190361987436297,0.4908880760284701,0.5081923744896136,-1.0,0.5372796156140957,0.5491929414823431,-1.0,0.56931670206121,-1.0,0.5845198179534898,0.5908378631490839,-1.0,0.6009337570575003,-1.0,0.6090982108174294,0.6122575524428171,0.614957787932993,0.6173592881674788,0.6198278606542366,0.6220114276278315,0.623905427626328,0.6255522456983637,0.6269859968944811,0.6282344103528166,0.6293202032783785,0.6302621026451242,0.6310759978343289,0.6317739980176899,0.632366724324251,-1.0,0.633272237108146,0.6335978235081652,0.6338454676535858,-1.0,-1.0,0.6341521177207048,-1.0,0.6340107672787169,-1.0,0.6335946475658378,-1.0,0.6328926995664622,0.6324280774836156,0.6318828361630615,-1.0,-1.0,-1.0,-1.0,-1.0,-1.0,0.6253240903871015,0.6238994403005091,-1.0,0.620575467501691,-1.0,-1.0,-1.0,0.6115931738366156,-1.0,-1.0,0.602184058610198,-1.0,-1.0,-1.0,0.5846671750698752,0.5791584499754985,0.5731086868201962,0.5664654929587563,-1.0,-1.0,0.5423711655607265,0.5327196696186184,0.5221249178980658,0.5104951372285023,0.49772960296946317,0.48371774598943573,0.4683382053086844,-1.0,-1.0,-1.0,0.39027623591249316,-1.0,0.3388952660589046,0.30938810842749787
0.00503524030605304,0.06327548724641296,0.08353621752966583,0.10495454219505057,0.12752141738745276,0.15122177741417395,0.17595743696606964,0.20150167426361237,0.22789355240838852,0.25478214550557055,0.28201279265756296,-1.0,-1.0,0.363217205919729,0.38906978732205394,0.4139253198940308,0.43737823372320034,-1.0,0.47940850657009443,0.49784828405114584,0.5142934509426316,-1.0,0.542190454168052,0.5536951259612045,0.5635372333667169,0.572683053339287,-1.0,-1.0,0.5930404460364826,0.5979586976215099,0.602846413856932,0.6069968159940496,0.6104942865419906,-1.0,-1.0,0.6184363913457376,0.6208229878969567,0.622888332036661,-1.0,0.6262389374769192,0.627594512758918,0.6287731075136436,0.6297962452465607,0.6306802491355408,0.6314399667649898,-1.0,-1.0,0.6330844875064003,0.6334481816168283,0.6337296787258386,-1.0,-1.0,-1.0,0.6341034416757141,-1.0,0.6338626701929557,0.6336357365283107,0.6333359573776175,-1.0,0.6325081634588853,0.6319735035913674,-1.0,0.6306404457722453,-1.0,-1.0,0.6278906695920589,0.6267435540816777,0.6254655939352964,0.6240457682141693,-1.0,-1.0,0.618805721188053,-1.0,0.6143401972354313,-1.0,0.6089203633226591,-1.0,-1.0,0.5985791838804592,-1.0,0.5898617390454958,0.5848477455210589,-1.0,0.5732916925333212,-1.0,0.559356347101539,0.5513489040790838,0.5425578706443644,-1.0,0.5223130286354986,0.510683862799927,0.49791885333220703,0.4839074980321254,0.46852840508473514,-1.0,-1.0,0.41278641918141534,0.3904678824812058,0.3659722884386824,-1.0,0.30958054657499223
0.0047508101621027985,0.051218266400571845,0.07075218680932169,0.09146500876813676,0.11335371446988975,0.13640914019260514,0.16046296002046687,0.1854943635121096,0.211428007511669,0.23798672838569127,0.2650414694230998,0.29243182640969195,0.31972934315592433,0.34669841814444824,0.37311334242799177,0.39870080965818994,0.4229951955410586,0.445822186601037,0.46720247291255423,0.48659868440713183,0.504207498732538,0.5200688692822576,0.5341492453612559,0.546606637410378,0.5577893114315418,-1.0,0.5757487909390269,0.5830041267202422,0.5896831528995419,0.595084193933213,-1.0,0.6046306378287549,0.6085173003450506,-1.0,0.6146052311984933,0.6170315119638947,0.6194997863759514,-1.0,0.6237098256919565,0.6254052269711837,0.626878765311625,-1.0,0.6292692361810568,0.6302301872229856,-1.0,0.6317644226363704,0.6323620768252582,0.6328598021950644,0.633264228702215,0.6335822104541105,0.6338182672545388,0.6339760947403127,0.6340583992081374,0.634066982313245,0.6340028034854492,-1.0,-1.0,0.6333715949950703,0.6330106285473005,0.6325700728947122,-1.0,0.6314360367418206,-1.0,-1.0,-1.0,-1.0,0.6268651475855068,-1.0,-1.0,-1.0,0.6208714025979746,0.6189508013773093,-1.0,-1.0,0.6119151067773384,0.6090776165088548,0.6059549025873835,-1.0,0.5987429654852565,-1.0,0.5900289535921145,0.5850164432919561,-1.0,-1.0,0.5668219646183692,0.5595297801393895,0.5515232735639228,0.5427330806468296,-1.0,-1.0,-1.0,0.4980967618724221,-1.0,-1.0,-1.0,-1.0,0.41296654769550034,0.39064834415361505,-1.0,-1.0,0.3097618384982501
0.004482446879289308,0.03971430911119173,0.058500390053812495,0.07848292601938386,0.09966363365457694,0.12197999887506089,0.14535068955536543,0.16982001330585553,0.19521774351194493,0.2213799422336085,0.2481622282887609,0.27544296557616754,0.30273105957819185,0.3299470231397578,0.35680272119352735,0.3830044809981399,-1.0,0.4318048279810686,0.45424256660326895,0.4746998193800824,0.49357537175054333,0.510674468181057,0.525878920170736,0.5393452748132822,-1.0,-1.0,0.5708501600769508,0.5785702821939758,0.5858179871040543,-1.0,0.59701339711819,0.6019591046838769,0.6062965298353323,0.6099402853545344,0.6130307435484598,-1.0,0.6180591042314981,0.6204982550968827,0.622630841300495,0.6244778474498565,0.6260804343753406,-1.0,0.6286786622500296,-1.0,0.6306235564852911,0.6313945861943543,0.6320486612520613,0.63259595814984,0.633044825754548,0.6334020491787362,-1.0,-1.0,-1.0,0.6340058463860425,-1.0,-1.0,-1.0,0.6333874779081197,-1.0,0.6326139624703273,0.6321025718742521,-1.0,-1.0,0.6300171781374645,-1.0,0.6281068249053459,-1.0,-1.0,-1.0,-1.0,-1.0,-1.0,-1.0,-1.0,-1.0,0.6092228826261868,-1.0,0.6026700357305146,-1.0,-1.0,-1.0,0.5851738569833043,-1.0,-1.0,-1.0,0.5596922117600202,0.5516866859343217,0.542897397527706,-1.0,-1.0,0.5110277179205824,0.498263933637421,-1.0,-1.0,-1.0,0.43347011179161954,-1.0,0.39081833834871904,0.36632325524871906,-1.0,0.3099326026634811
0.0042292428743894986,0.02863228242347993,0.046709570433196596,0.06595078117666475,0.08635840378493147,0.10792899071807235,0.13065442522332943,0.15451865280373694,0.1793081532016438,0.20501420585605146,0.23143239966867027,-1.0,0.2856916866867303,0.3130366289905346,0.3402125052000083,0.366852886305137,0.3925455454526611,-1.0,0.4405900150428553,0.4621286305872913,0.48223344840175364,0.5002899029445765,0.516524377297833,0.5310587173959599,0.5440381638139377,0.5554534630954154,-1.0,0.5740879527475127,0.5814010375024228,0.5884048808200827,0.5940904425797984,0.5989741822477221,0.6037967919707821,0.6078531604483249,-1.0,0.614181321622637,-1.0,-1.0,0.6214336211716549,0.6234489293310631,0.6251940692293102,0.6267075385937797,0.628019730884621,0.6291555217834299,0.6301353017900513,0.6309759393786419,-1.0,0.6322921365764494,0.6327886277912902,-1.0,0.6334966654500424,0.6337191713506378,0.6338592807736284,0.6339196127884954,0.6339018451851729,0.633806756484645,0.6336342850101204,0.6333835581146863,-1.0,-1.0,-1.0,-1.0,0.6308703324589957,0.6300873738595095,0.6291975688812912,0.628193339686202,0.6270660931001207,0.6258061544522222,-1.0,-1.0,-1.0,-1.0,-1.0,-1.0,0.6121884030536545,-1.0,-1.0,0.6028089338571839,0.5990362756551669,0.5948885273955972,-1.0,-1.0,-1.0,0.5737726974683185,-1.0,-1.0,0.5518397005998189,-1.0,-1.0,-1.0,0.511184060106252,-1.0,-1.0,0.4690337172311094,-1.0,-1.0,0.41329557184412746,0.3909780944925193,-1.0,-1.0,-1.0
0.003990341831649381,0.017999987132188592,0.035319728807638534,0.0538159309228905,0.07349532295536247,0.09435993401617207,0.11640663456864281,0.1396023218337601,0.16373967437561435,0.18893483118664223,0.21490488932405513,0.2416211443845974,0.26867681520624787,0.29603792368680243,0.3234160073375835,-1.0,0.37662080326922803,-1.0,0.42630324042846296,0.4488735989100712,-1.0,0.4891869822545956,0.506653507276562,-1.0,0.536196464125371,-1.0,0.5593807012772475,0.5688312597732506,0.577038059722862,-1.0,-1.0,0.5960559369511966,-1.0,0.6055098890100231,0.6093081158578513,0.6125206871867449,0.6152593477256523,-1.0,-1.0,0.6223084715179634,0.6242122391402549,-1.0,0.627287527386947,0.6285230291343733,0.6295893869464918,0.6305055204771601,0.6312868212313264,0.6319461972369221,0.6324940952246644,0.6329390793254481,0.6332880667288319,0.6335465443569303,0.6337187419143567,0.6338079110537328,0.6338156767461317,-1.0,0.6335918430187106,-1.0,-1.0,0.6326479417047094,-1.0,0.6315870418628831,-1.0,0.6301425375911094,-1.0,-1.0,0.6271460919632221,0.6258929314668134,0.6244956083324082,0.6229420875104863,-1.0,-1.0,-1.0,0.614875064501298,-1.0,-1.0,0.6063647197408217,0.6029370880872508,0.5991667932564441,0.5950211894727211,0.5904643762979559,-1.0,0.5799553745267526,0.5739121708070977,0.567274945578155,0.5599862121184787,-1.0,0.543195585829051,-1.0,0.5229571275008554,0.5113307316490217,-1.0,0.4845592645993717,0.46918231227685125,0.4523041994138651,0.4337787710436599,0.4134455857410829,0.3911285031273002,0.3666342314451953,0.3397506190988295,-1.0
0.0037649358067924675,0.007829510519841796,0.024488533020029818,0.042235053217656665,0.06116503713809042,0.08129802139641201,0.10261764629856526,0.12502128916694497,0.14855184836549207,0.17318653594346708,0.19862895847169126,0.22495258990209355,0.2517482014750283,0.2790181427093967,0.3064353071412837,0.33358335675067263,0.36032921618875685,0.38638007856396656,0.41142686970891457,0.4349562930882778,0.4571474177385012,0.4774527375850816,0.4961981292478867,0.5129824847843839,0.5279581129811907,0.5412661117102668,0.5528710878467638,-1.0,0.5722627374381205,0.5798049805308835,0.5870009512856217,0.5929929250799473,-1.0,0.6028716594501178,0.6071079665484361,0.610668570149439,0.6136887535139985,-1.0,0.6186480498246744,0.6210463508506756,-1.0,0.6249217566016233,-1.0,0.6278211445071004,0.6289820231018122,-1.0,0.6308336451164551,-1.0,-1.0,0.632653536797148,0.6330460462150912,0.6333435657869968,0.6335498591463826,0.6336696401473783,-1.0,-1.0,0.633528016195746,-1.0,-1.0,0.6326380037924041,-1.0,0.6316047568412247,0.6309449978200424,0.6301828396643849,-1.0,0.628324614766792,0.6272127951625789,-1.0,0.6245760528122991,-1.0,0.6213107176033562,-1.0,-1.0,-1.0,-1.0,-1.0,0.6064798320789839,-1.0,0.599287154181724,-1.0,0.5905890825872138,-1.0,-1.0,-1.0,-1.0,-1.0,0.5521165929002323,-1.0,-1.0,-1.0,0.5114682234332403,-1.0,-1.0,-1.0,0.45244425613672923,0.43391934600237203,-1.0,-1.0,-1.0,-1.0,-1.0
0.003552262494616665,-0.0019310012935723167,0.013965110374440369,0.031014628998106447,0.04922823480523801,0.06861152458403055,0.08916740453406119,0.11089273432217367,0.13377875406221781,0.15778875380215324,0.18265046221677786,0.2085202845647595,0.23496353047357255,-1.0,0.28936236431328227,0.3166582655817666,0.3437462415638786,0.3703289584183101,0.3960010498867051,0.4204202533517099,-1.0,0.4650259730424034,0.48486717420700726,0.5026441718900476,0.5187014966548,0.5330200492686912,0.5457585096366371,-1.0,0.5666313472780884,-1.0,0.5826349121781919,0.5894931644821492,-1.0,-1.0,0.604637951046063,0.6085994958020626,0.6119405625313362,0.6147814388538807,0.6172180963942212,-1.0,0.6219238519407505,0.6238852545745242,0.6255799337463644,0.6270446683205132,0.6283092177011258,0.6293968695908758,0.6303282232087374,0.6311190766612392,0.6317826540928652,0.6323297666795357,0.632769194421325,0.633107981592054,0.6333516687483923,-1.0,0.6335693939076459,0.6335483960755065,-1.0,0.6332514278796785,0.6329745418262344,-1.0,0.6321550261862714,0.6316061993099669,0.6309590687299146,0.6302083009659049,0.6293476196408567,-1.0,0.6272663929655369,0.6260281003013611,0.6246442582741456,-1.0,0.6213909387189817,-1.0,0.6173940016993251,-1.0,0.612515025815972,-1.0,0.6065848546776904,0.603162892065454,-1.0,0.5952568381899735,-1.0,-1.0,-1.0,0.5741627097027125,-1.0,-1.0,-1.0,-1.0,0.5338108883133822,-1.0,0.5115969941765774,0.49883607324464535,-1.0,-1.0,0.4525757493528768,-1.0,0.41371914015701794,0.39140292272834976,-1.0,0.34002654395575765,-1.0
0.003351602650938841,-0.01125698874454106,0.004024502623617059,0.020310004752358696,0.037763954414691894,0.05640111249650981,0.07622776254115113,0.09724601817752318,0.11945261272739112,0.1427116518439285,0.16701077323749003,0.19237104600399618,0.21837656004428277,0.24516580860189544,0.2723068568799248,0.2996360699338891,-1.0,0.35393746995892483,0.3801125194042846,0.40532329774257525,0.4293919522899127,0.4518957977932463,0.47273638571256293,0.49173443866645666,0.5090545567420643,0.5245348017380526,-1.0,0.5501226060379047,0.560853886126299,0.570264148685071,-1.0,-1.0,-1.0,-1.0,0.6018553370337338,0.6062827070626784,0.6099919291826407,-1.0,0.6158028710008584,0.6181673697804299,0.6205967031377124,0.6227411861728449,0.6245907111333877,0.6261874163463195,0.6275650836527378,0.6287510356023563,0.6297675071762152,0.6306326703254834,-1.0,0.6319658477039247,0.6324559090439262,0.6328395459813839,-1.0,0.633311326194911,0.6334078991814656,0.6334151926678484,-1.0,0.633166291742833,0.6329098246171772,-1.0,0.6321252166402025,-1.0,0.630957633500866,0.6302190218131288,0.6293693300110912,-1.0,0.6273070396522576,-1.0,0.6247004881748388,-1.0,0.6214598892011333,0.6195678750716349,-1.0,0.6151585644226033,0.6126031593155002,0.6097851471961347,-1.0,-1.0,0.5994989575946938,0.5953606037600868,0.5908103865356923,0.5858089455054803,0.5803128424164518,-1.0,-1.0,0.560357289407952,0.5523576630521034,0.543573745945426,-1.0,0.5233412708339474,0.5117174687696942,-1.0,-1.0,0.46957544933849027,0.45269913622141544,-1.0,-1.0,0.3915278546579346,0.3670348059499126,-1.0,-1.0
0.0031622776601683794,-0.020148996755321082,-0.0056326130754776335,0.010012176373871445,0.02679826321390867,0.04473562100118786,0.0638208823394209,0.0840844540183128,0.10549641118591259,0.12805622130892338,0.15174892171384735,0.17650036835004224,0.20203751767546244,0.22844892277392168,0.2553314785401926,0.2825848942951732,0.31000226850568174,0.33721242068646723,0.36384404937678033,0.38973206431485846,-1.0,0.4380844311084368,0.45994923149595984,0.48017187264245675,-1.0,0.5151311300107854,-1.0,-1.0,0.5545587346739472,0.5644140580669255,0.5735650748448511,0.5809673088049584,0.588079116257305,0.5939120053738981,0.598811319762038,-1.0,-1.0,-1.0,0.6142398161042142,-1.0,0.619132098094544,-1.0,0.6235002876069468,0.6252427439780073,0.6267450346998721,0.6280382629181419,0.6291479262829645,0.6300936452129761,0.6308930774362191,-1.0,-1.0,0.6325363859523493,-1.0,0.6330891778789076,0.6332197248810162,0.6332573555555626,-1.0,0.633059918834292,-1.0,0.6324986911663669,-1.0,0.6315599546105973,-1.0,0.6302149728687105,-1.0,0.6284196415675029,0.6273348514970642,0.6261133767230601,-1.0,0.6232172915261516,-1.0,0.6196316375373228,0.6175427485154819,0.6152324675400719,0.612681444469327,-1.0,-1.0,-1.0,-1.0,0.5954554799622842,0.5909077345788766,0.5859085012550059,-1.0,0.574378112622898,-1.0,-1.0,0.552465804590415,-1.0,-1.0,0.5234529105844532,0.5118300729928491,-1.0,0.485064760574894,-1.0,-1.0,0.43429159414114704,0.41396042004144495,0.3916451790420896,-1.0,-1.0,-1.0
