gamma,0.01,0.009547716114208056,0.009115888299750819,0.008703591361485167,0.008309941949353396,0.007934096665797492,0.007575250258771912,0.007232633896483534,0.006905513520162331,0.006593188271333548,0.006294988990221888,0.006010276782070382,0.005738441648302393,0.005478901179593945,0.005231099308056263,0.00499450511585514,0.004768611697714469,0.004552935074866948,0.004347013158125026,0.004150404757850477,0.003962688638701479,0.003783462617131929,0.0036123426997094303,0.0034489622604057598,0.0032929712550971513,0.0031440354715915,0.003001835813575589,0.0028660676169482502,0.0027364399970746718,0.002612675225563329,0.0024945081352303164,0.002381685551976158,0.0022739657523579274,0.002171117945694505,0.002072921779595372,0.0019791668678535573,0.0018896523396912095,0.0018041864093920718,0.0017225859653987874,0.0016446761779946627,0.0015702901247293774,0.0014992684327860455,0.0014314589375234786,0.0013667163564620073,0.0013049019780144017,0.0012458833642950082,0.0011895340673703195,0.001135733358343105,0.0010843659686896108,0.0010353218432956617,0.0009884959046625587,0.0009437878277775381,0.0009011018251665018,0.000860346441668451,0.0008214343584919422,0.0007842822061337682,0.0007488103857590023,0.0007149428986597577,0.0006826071834272392,0.000651733960488242,0.0006222570836730231,0.0005941133984965033,0.0005672426068491978,0.0005415871378079476,0.0005170920242896756,0.0004937047852839004,0.0004713753134116724,0.00045005576757004977,0.0004297004704320844,0.00041026581058271905,0.00039171014908092607,0.0003739937302478798,0.00035707859649004625,0.0003409285069746815,0.00032550885998350565,0.0003107866187782014,0.00029673024081888695,0.0002833096101839324,0.00027049597304631344,0.0002582618760682675,0.0002465811075822604,0.00023542864143224178,0.00022478058335487252,0.00021461411978584036,0.0002049074689815846,0.0001956398343517065,0.00018679135990207828,0.00017834308769319092,0.00017027691722258995,0.00016257556664437935,0.0001552225357427048,0.00014820207057988585,0.00014149912974345758,0.00013509935211980265,0.0001289890261253308,0.00012315506032928262,0.0001175849554052157,0.00011226677735108136,0.00010718913192051276,0.00010234114021054527,9.771241535346502e-05,9.329304026284696e-05,8.90735463861044e-05,8.504489341802669e-05,8.11984499318401e-05,7.752597488629464e-05,7.401959996915652e-05,7.067181273927492e-05,6.747544053110686e-05,6.44236350872137e-05,6.150985788580505e-05,5.8727866131894886e-05,5.607169938205458e-05,5.353566677410719e-05,5.111433483440165e-05,4.8802515836544335e-05,4.659525668664687e-05,4.4487828311275854e-05,4.247571552536894e-05,4.0554607358408275e-05,3.872038781812557e-05,3.696912707195032e-05,3.52970730273065e-05,3.370064329271925e-05,3.217641750250736e-05,3.072112998861759e-05,2.9331662783900483e-05,2.800503894183631e-05,2.673841615839944e-05,2.5529080682395165e-05,2.4374441501222216e-05,2.327202478960412e-05,2.2219468609395237e-05,2.121451784910628e-05,2.0255019392306664e-05,1.933891750455232e-05,1.8464249428955465e-05,1.762914118095948e-05,1.683180353330955e-05,1.6070528182616385e-05,1.5343684089300132e-05,1.4649713983072878e-05,1.3987131026472387e-05,1.3354515629298974e-05,1.2750512407130129e-05,1.217382727739662e-05,1.1623224686798542e-05,1.1097524964120721e-05,1.0595601792776149e-05,1.0116379797662071e-05,9.658832241158709e-06,9.221978823334321e-06,8.804883581643465e-06,8.406652885618316e-06,8.026433522257175e-06,7.663410868007463e-06,7.316807143427192e-06,6.985879746785249e-06,6.669919663030115e-06,6.3682499447185865e-06,6.080224261649427e-06,5.805225516094895e-06,5.542664520663107e-06,5.291978735958436e-06,5.05263106533568e-06,4.824108704165373e-06,4.6059220411451036e-06,4.397603609302721e-06,4.198707084443905e-06,4.0088063288984645e-06,3.827494478516315e-06,3.6543830709572543e-06,3.489101213406774e-06,3.33129478793467e-06,3.1806256927941193e-06,3.0367711180354605e-06,2.899422853882875e-06,2.768286630392067e-06,2.643081486974103e-06,2.523539170434766e-06,2.409403560239527e-06,2.300430119772917e-06,2.196385372416547e-06,2.097046401323231e-06,2.0022003718155846e-06,1.9116440753857036e-06,1.8251834943190425e-06,1.7426333860096507e-06,1.6638168860761274e-06,1.5885651294280527e-06,1.5167168884709241e-06,1.448118227674533e-06,1.3826221737646564e-06,1.3200884008314168e-06,1.2603829296797275e-06,1.2033778407775905e-06,1.1489510001873085e-06,1.096985797892382e-06,1.0473708979594487e-06,1e-06
1.0,-1.0,-1.0,-1.0,-1.0,-1.0,-1.0,-1.0,-1.0,-1.0,-1.0,-1.0,-1.0,-1.0,-1.0,-1.0,-1.0,-1.0,-1.0,-1.0,-1.0,-1.0,-1.0,-1.0,-1.0,-1.0,-1.0,-1.0,-1.0,-1.0,-1.0,-1.0,-1.0,-1.0,-1.0,-1.0,-1.0,-1.0,-1.0,-1.0,-1.0,-1.0,-1.0,-1.0,-1.0,-1.0,-1.0,-1.0,-1.0,-1.0,-1.0,-1.0,-1.0,-1.0,-1.0,-1.0,-1.0,-1.0,-1.0,-1.0,-1.0,-1.0,-1.0,-1.0,-1.0,-1.0,-1.0,-1.0,-1.0,-1.0,-1.0,-1.0,-1.0,-1.0,-1.0,-1.0,-1.0,-1.0,-1.0,-1.0,-1.0,-1.0,-1.0,-1.0,-1.0,-1.0,-1.0,-1.0,-1.0,-1.0,-1.0,-1.0,-1.0,-1.0,-1.0,-1.0,-1.0,-1.0,-1.0,-1.0,-1.0,-1.0,-1.0,-1.0,-1.0,-1.0,-1.0,-1.0,-1.0,-1.0,-1.0,-1.0,-1.0,-1.0,-1.0,-1.0,-1.0,-1.0,-1.0,-1.0,-1.0,-1.0,-1.0,-1.0,-1.0,-1.0,-1.0,-1.0,-1.0,-1.0,-1.0,-1.0,-1.0,-1.0,-1.0,-1.0,-1.0,-1.0,-1.0,-0.019736822931949595,-1.0,-1.0,-1.0,-1.0,-1.0,-1.0,-1.0,-1.0,-1.0,-1.0,-1.0,-1.0,-1.0,-1.0,-1.0,-1.0,-1.0,-1.0,-1.0,-1.0,-1.0,-1.0,-1.0,-1.0,-1.0,-1.0,-1.0,-1.0,-1.0,-1.0,-1.0,-1.0,-1.0,-0.09520954052205981,-1.0,-1.0,-1.0,-1.0,-1.0,-1.0,-1.0,-1.0,-1.0,-1.0,-1.0,-1.0,-1.0,-1.0,-1.0,-1.0,-1.0,-1.0,-1.0,-1.0,-1.0,-1.0,-1.0,-1.0,-1.0,-1.0,-1.0
0.9714874305813421,0.01825640766816705,0.01825810393318902,0.018259591353166273,0.018260740341620046,0.01826175665252281,0.018262425997360533,0.01826306070522264,0.018263329546001624,0.018263485448239938,0.01826340667028444,0.018263129347452813,0.018262617840061238,0.01826195915150922,0.01826102831646279,-2.0,0.018258605230185923,0.018256966051857736,0.0182551815675445,0.018253188661533422,-2.0,-2.0,0.018245860980073577,-2.0,0.018239570970802164,0.018236149759647054,-2.0,-2.0,0.018224128145566468,0.018219568609214365,0.01821462025481948,0.018209395769516426,0.018203949325437237,0.018198020612779052,-2.0,-2.0,-2.0,0.01817099243601363,-2.0,-2.0,-2.0,-2.0,0.01812793968358657,0.018117966513014925,-2.0,-2.0,0.018084735119828107,-2.0,-2.0,-2.0,-2.0,0.018017074801038157,-2.0,0.017985103261813202,-2.0,0.01794982050867127,0.01793092139345036,0.017911103433693242,0.017890323360999588,0.017868537321167183,0.017845698458734856,-2.0,-2.0,-2.0,-2.0,-2.0,-2.0,0.017651924486525507,-2.0,-2.0,-2.0,-2.0,-2.0,0.01742713962374663,-2.0,-2.0,-2.0,-2.0,0.017185413354491263,-2.0,-2.0,-2.0,-2.0,-2.0,-2.0,-2.0,-2.0,-2.0,0.016496763931484863,-2.0,-2.0,-2.0,-2.0,-2.0,-2.0,-2.0,-2.0,-2.0,-2.0,-2.0,-2.0,-2.0,0.014798516250890719,-2.0,-2.0,-2.0,-2.0,-2.0,-2.0,-2.0,-2.0,-2.0,-2.0,-2.0,-2.0,-2.0,-2.0,-2.0,-2.0,-2.0,-2.0,-2.0,-2.0,0.008948310553531192,0.008502498530825771,-2.0,-2.0,-2.0,-2.0,-2.0,-2.0,0.0047309872300750466,-2.0,-2.0,-2.0,-2.0,-2.0,-2.0,-2.0,-0.0013762405004763244,-2.0,-0.0032903551954080457,-2.0,-0.005390101519230139,-2.0,-0.0076934953595170046,-2.0,-2.0,-2.0,-2.0,-0.01447705601281269,-2.0,-0.017662044061172628,-0.019368428891902618,-0.021155417074718335,-0.023027526203859547,-0.02498808094152255,-0.02704150931216487,-0.029191842037213096,-2.0,-2.0,-2.0,-0.038863235796278664,-0.041573938199739216,-0.0444130579693085,-0.04738665327166263,-0.05050112431701955,-0.05376313575105691,-2.0,-0.0607580408083076,-2.0,-2.0,-2.0,-2.0,-2.0,-2.0,-2.0,-0.09621215671052807,-0.10163956869321546,-0.10732406091102335,-0.1132778151078613,-2.0,-2.0,-2.0,-0.140050003496391,-2.0,-0.15541350113997288,-2.0,-2.0,-0.18129718318411603,-0.19075514264103946,-0.20066113179314674,-2.0,-2.0,-0.23328451619515578,-2.0,-2.0,-2.0,-0.28446340430337724,-0.2988084158372839,-2.0
0.9437878277775381,0.03604044521023703,0.0360453637852224,0.03604994563714968,0.03605422509055287,0.036057969432940956,-2.0,0.0360646935877669,0.036067506919421934,-2.0,0.03607217738543839,0.03607410204631479,0.0360757042796199,-2.0,0.03607783789349824,0.03607847576969637,0.03607883747157252,0.03607902545791021,0.03607872394454143,-2.0,0.03607744329263229,0.0360762674769812,0.03607494753347438,0.036073068933907666,0.03607099783540479,0.03606864794048712,0.036065980102183016,-2.0,0.036059757512999294,-2.0,-2.0,-2.0,0.03604303246789104,0.036037871284783474,-2.0,-2.0,0.03602038596098823,0.036013592964539404,0.03600647255184869,-2.0,-2.0,0.035982349639527844,-2.0,0.03596390985255734,-2.0,-2.0,-2.0,-2.0,-2.0,-2.0,-2.0,-2.0,0.035850754733700335,-2.0,-2.0,-2.0,-2.0,-2.0,-2.0,-2.0,-2.0,-2.0,-2.0,-2.0,0.03559515576615807,-2.0,-2.0,0.03550465010861764,-2.0,-2.0,-2.0,-2.0,-2.0,0.03528067994076223,0.03523683695822683,-2.0,-2.0,-2.0,-2.0,0.03498411434520379,-2.0,-2.0,-2.0,-2.0,-2.0,-2.0,0.03451526983017372,-2.0,-2.0,-2.0,-2.0,-2.0,-2.0,-2.0,-2.0,-2.0,-2.0,-2.0,-2.0,-2.0,-2.0,-2.0,-2.0,-2.0,0.03230870846457258,-2.0,0.03192997842541768,-2.0,-2.0,-2.0,0.03105871214673257,0.030814479059113706,-2.0,-2.0,0.030010158729895476,-2.0,-2.0,-2.0,-2.0,-2.0,-2.0,-2.0,-2.0,-2.0,-2.0,0.02589141866111134,0.02540238566162243,-2.0,-2.0,0.02379179752736786,0.023203288109469443,0.022586907629004914,0.021941309434775597,-2.0,0.020556928440601602,-2.0,-2.0,-2.0,-2.0,-2.0,-2.0,-2.0,-2.0,-2.0,-2.0,-2.0,-2.0,-2.0,-2.0,-2.0,-2.0,-2.0,-2.0,-2.0,-2.0,-2.0,-2.0,-2.0,-2.0,-2.0,-0.01594804243267825,-2.0,-2.0,-0.023717809482620707,-2.0,-2.0,-0.03264507256726408,-2.0,-0.03932361254402114,-2.0,-2.0,-2.0,-2.0,-0.05899280266239344,-0.06350292137560769,-2.0,-2.0,-2.0,-2.0,-2.0,-2.0,-0.10165754691052756,-0.10818858499355591,-2.0,-2.0,-0.12969789924340505,-0.13755742220556466,-2.0,-2.0,-0.16344115967035505,-0.17289905741418674,-2.0,-2.0,-2.0,-2.0,-0.227349070100385,-2.0,-0.2529111197635618,-0.26660697631374797,-2.0,-2.0
0.9168780118215468,0.05331669625451941,0.05332500991010011,0.05333281482446392,-2.0,0.05334688520529292,0.053353206169187865,0.05335899815493972,0.05336439606122174,0.05336943210145997,0.05337380370865794,-2.0,0.05338180862560969,0.053384934719651084,-2.0,0.05339025259617514,-2.0,0.05339416735416211,-2.0,0.05339650440152567,0.053397160481907714,-2.0,-2.0,-2.0,0.05339586398033395,0.053394780840018426,0.0533932080408269,0.05339124454635493,-2.0,0.053386116223565705,-2.0,-2.0,0.05337571158184535,-2.0,0.05336669440313611,0.05336153362231538,0.05335593103944753,0.05334990046458769,-2.0,0.05333649155657356,0.05332909022328256,-2.0,-2.0,-2.0,0.053293846137282004,-2.0,-2.0,0.053261587677608614,-2.0,-2.0,-2.0,-2.0,-2.0,-2.0,-2.0,0.053144242379241376,0.053125811582144584,0.053106501496452255,-2.0,0.05306488973350769,-2.0,0.05301898097076271,-2.0,-2.0,0.05294183216838538,-2.0,-2.0,0.052851324011929574,-2.0,-2.0,-2.0,-2.0,-2.0,-2.0,-2.0,-2.0,-2.0,-2.0,0.052387524547547255,0.05233225343184304,-2.0,-2.0,-2.0,0.05208346219474788,-2.0,-2.0,0.05186395503267334,-2.0,-2.0,-2.0,0.051519326754302555,-2.0,-2.0,-2.0,-2.0,-2.0,-2.0,-2.0,-2.0,-2.0,-2.0,-2.0,-2.0,-2.0,-2.0,0.04947325431519532,-2.0,-2.0,-2.0,0.04864149792036872,-2.0,-2.0,-2.0,-2.0,0.047359881584350005,-2.0,-2.0,-2.0,-2.0,-2.0,-2.0,0.04498600180029619,-2.0,0.04415399551919647,0.04370820518979902,-2.0,-2.0,-2.0,0.04170359572887968,-2.0,-2.0,-2.0,0.03929124804994455,-2.0,0.03790688564584896,0.03716513481965126,0.0363882544201336,-2.0,-2.0,-2.0,0.0328948336443524,-2.0,0.03089004727391041,-2.0,-2.0,-2.0,-2.0,-2.0,-2.0,0.02221389479255713,0.020728739752462873,-2.0,-2.0,0.015837643006570132,0.014050440439624522,-2.0,-2.0,0.008164587305818954,0.006013886504866291,-2.0,-2.0,-2.0,-0.0036571174333883613,-2.0,-2.0,-2.0,-0.01529501084322897,-2.0,-0.02197352972508207,-0.02555190763444505,-0.029299787354157947,-0.033225131967141774,-2.0,-2.0,-0.046152838136145735,-2.0,-2.0,-2.0,-2.0,-2.0,-0.07807165301384554,-2.0,-2.0,-2.0,-0.10484384190724624,-0.11234783656431412,-2.0,-2.0,-0.13706063285147196,-0.14609104773881426,-2.0,-2.0,-0.1758301629951074,-2.0,-0.19807834358379747,-2.0,-2.0,-0.23556102895360492,-2.0,-2.0,-2.0
0.890735463861044,0.07009810608191408,0.07010993887315548,0.07012098087690669,0.07013148723909166,0.0701412607414764,0.0701503673237146,0.07015897862563739,0.07016700887720455,-2.0,0.07018143004935729,0.0701877202913672,-2.0,-2.0,-2.0,-2.0,-2.0,0.07021541823106923,0.07021842433536947,0.070220956835665,0.07022301477940694,0.07022470538594745,0.07022597427674111,0.07022674448067691,-2.0,-2.0,0.07022669249306991,-2.0,-2.0,-2.0,0.07022053159676123,0.07021793570448663,-2.0,-2.0,-2.0,-2.0,0.07019845337849884,-2.0,0.07018698158025649,-2.0,-2.0,0.07016632398671024,-2.0,-2.0,-2.0,0.07013097320024313,-2.0,0.07010961724933838,-2.0,-2.0,-2.0,-2.0,0.07004399996754009,-2.0,-2.0,-2.0,-2.0,0.06995797896472138,-2.0,-2.0,-2.0,-2.0,0.06984692799856042,-2.0,0.06979470854204953,0.06976586432844846,-2.0,-2.0,-2.0,-2.0,-2.0,-2.0,-2.0,-2.0,-2.0,-2.0,-2.0,-2.0,-2.0,0.06918730582799063,0.06912948205221454,-2.0,0.06900538993702053,0.06893885544549315,-2.0,0.06879609589330767,-2.0,-2.0,-2.0,0.068467378659179,-2.0,-2.0,0.06817743308215103,-2.0,-2.0,0.06784410584796963,-2.0,-2.0,-2.0,-2.0,0.06717429589022636,-2.0,0.06685974159393974,-2.0,-2.0,0.06632971110742247,-2.0,-2.0,0.06572063685106305,-2.0,-2.0,-2.0,-2.0,-2.0,-2.0,-2.0,-2.0,-2.0,-2.0,-2.0,-2.0,-2.0,0.06143641529262708,-2.0,0.06056503017591996,0.0600981278749232,-2.0,-2.0,-2.0,0.057998584883906815,0.05741009265760425,-2.0,-2.0,-2.0,-2.0,-2.0,0.053245172582895,-2.0,-2.0,-2.0,-2.0,-2.0,-2.0,-2.0,0.04554782074357591,0.044369491080503365,-2.0,0.04184272198394112,-2.0,0.03907088869019626,-2.0,-2.0,0.03440102012603765,0.032694642534839544,0.03090751379818208,-2.0,0.02707501762820605,-2.0,-2.0,0.020618343637646225,-2.0,-2.0,-2.0,0.010489360913237718,-2.0,-2.0,0.0015620256022381984,-2.0,-0.005116500723368153,-2.0,-2.0,-2.0,-0.020479535804045088,-2.0,-2.0,-2.0,-2.0,-2.0,-2.0,-2.0,-2.0,-0.06745027778653856,-2.0,-2.0,-0.08798677101016514,-2.0,-2.0,-0.11158206604059948,-2.0,-0.12923397658893726,-2.0,-2.0,-0.15897309051763414,-2.0,-2.0,-2.0,-0.20562720420544914,-2.0,-0.2324001575391606,-2.0,-0.26176970948656486
0.8653383071140456,0.08639800155107177,0.08641340270270995,0.08642794063381878,-2.0,0.08645438825881886,0.08646649799122803,-2.0,0.08648858865748135,0.08649851277232959,0.08650791219854004,0.08651650104534726,0.08652458182169706,0.08653215942400765,0.0865389305309989,-2.0,-2.0,-2.0,-2.0,0.08656488765672803,-2.0,-2.0,0.0865742743490911,-2.0,-2.0,0.08657936343853216,-2.0,-2.0,0.08657991239144752,-2.0,-2.0,-2.0,-2.0,-2.0,-2.0,-2.0,-2.0,-2.0,0.08655081312135565,-2.0,-2.0,-2.0,-2.0,-2.0,-2.0,-2.0,-2.0,-2.0,-2.0,-2.0,0.08644204104487313,-2.0,-2.0,-2.0,-2.0,-2.0,-2.0,-2.0,-2.0,-2.0,-2.0,-2.0,-2.0,-2.0,-2.0,-2.0,-2.0,-2.0,-2.0,-2.0,-2.0,0.08593833949074008,-2.0,-2.0,-2.0,-2.0,0.08572046986061672,-2.0,-2.0,0.08556272791952102,-2.0,-2.0,-2.0,-2.0,0.08524498984768956,0.08517201973825214,0.08509556095407605,-2.0,-2.0,-2.0,-2.0,-2.0,-2.0,0.08444790193341599,-2.0,0.08422061020003872,0.08409882467514328,0.08397125157997709,-2.0,-2.0,0.08355099965255645,-2.0,0.0832365189303173,0.0830679964853548,-2.0,0.08270658050376382,-2.0,0.08231012111071684,-2.0,-2.0,0.0816419310025381,-2.0,-2.0,-2.0,-2.0,-2.0,-2.0,-2.0,-2.0,0.07897834547453673,-2.0,-2.0,-2.0,-2.0,-2.0,-2.0,-2.0,-2.0,-2.0,-2.0,-2.0,-2.0,-2.0,0.0718494794119466,-2.0,-2.0,-2.0,0.06880883628353612,-2.0,-2.0,-2.0,-2.0,-2.0,-2.0,0.06192520958609421,-2.0,0.05951276178902043,0.05822016543669592,-2.0,-2.0,-2.0,0.05240763614507877,0.05077844083460537,0.04907206789207248,-2.0,0.04541299178046072,-2.0,-2.0,-2.0,-2.0,-2.0,-2.0,-2.0,-2.0,0.024027546154476068,0.021053941372511417,-2.0,-2.0,-2.0,-2.0,-2.0,-2.0,-0.004102075052738588,-0.008408212661180206,-0.012918320352407267,-2.0,-2.0,-2.0,-0.033198883189556244,-2.0,-2.0,-0.05107287391953416,-0.05760411486854515,-2.0,-2.0,-2.0,-2.0,-2.0,-2.0,-0.11285651746047388,-2.0,-2.0,-2.0,-2.0,-0.16484379744800506,-2.0,-0.1892494046552589,-2.0,-2.0,-2.0,-2.0
0.8406652885618325,0.10222979453101899,0.10224871895735854,0.10226669540102945,0.10228368419864792,0.10229972486087129,-2.0,-2.0,0.10234259189500992,0.10235514968000138,-2.0,0.1023780615711259,0.10238836726354872,-2.0,0.10240686118008382,-2.0,0.1024227956316467,0.10242980118366275,0.10243611079571892,0.1024420023987568,0.10244707752258563,0.10245181895791965,0.10245600490807565,0.1024592407966204,-2.0,-2.0,0.10246670063441056,-2.0,0.10246864225042086,-2.0,-2.0,-2.0,0.10246667655683325,0.10246487056315859,0.10246253273772629,-2.0,0.10245641431183075,-2.0,-2.0,-2.0,-2.0,-2.0,0.10242387060060086,-2.0,-2.0,-2.0,-2.0,0.10237994357047857,0.10236910460868455,-2.0,0.10234519625509376,-2.0,-2.0,-2.0,0.10228770801959931,-2.0,-2.0,-2.0,-2.0,-2.0,0.10217337191296279,-2.0,-2.0,-2.0,0.10207459308489567,-2.0,-2.0,-2.0,-2.0,-2.0,-2.0,-2.0,-2.0,-2.0,-2.0,0.1016770028337467,-2.0,-2.0,0.10152686176173208,-2.0,-2.0,-2.0,-2.0,-2.0,0.10115458562402736,-2.0,-2.0,-2.0,-2.0,-2.0,-2.0,-2.0,-2.0,0.10035801280773438,0.10024708461660813,-2.0,-2.0,-2.0,0.0997480123386068,0.09960806866013477,-2.0,-2.0,-2.0,0.09897857625608285,-2.0,-2.0,-2.0,0.09822075720832865,0.09800831026441933,0.09778578232396928,0.09755270291053023,0.09730856831036391,-2.0,-2.0,-2.0,0.09621065552133515,-2.0,-2.0,-2.0,0.09488928127101028,-2.0,0.09413094215112099,0.09372461043511679,0.09329902378075844,-2.0,-2.0,-2.0,-2.0,0.09084879135114207,-2.0,-2.0,-2.0,-2.0,-2.0,0.08705223270460129,-2.0,-2.0,0.08471997204627447,-2.0,-2.0,0.08204027343159544,0.0810611036017979,-2.0,0.07896140748419866,-2.0,0.07665805789609892,-2.0,-2.0,-2.0,-2.0,-2.0,-2.0,-2.0,0.06498327517555995,-2.0,-2.0,-2.0,-2.0,-2.0,0.05290698918570161,0.050547715121414635,-2.0,-2.0,-2.0,0.03993878333235003,-2.0,-2.0,-2.0,-2.0,0.023593843224777755,-2.0,-2.0,-2.0,-2.0,-2.0,-2.0,-2.0,-2.0,-2.0,-0.02297212932776793,-2.0,-2.0,-2.0,-2.0,-0.0556980507237223,-2.0,-0.07106155539955047,-2.0,-0.08791506878944066,-2.0,-0.10640317674217492,-2.0,-2.0,-0.13755105228893388,-0.14893252468483764,-2.0,-2.0,-2.0,-2.0,-2.0,-2.0
0.8166957611638572,-2.0,0.11762902874390281,0.11765061120182625,0.11767111306158522,-2.0,0.11770857055968371,-2.0,-2.0,0.1177572831148,0.11777167493061964,-2.0,0.11779777089880224,0.11780961517623903,0.11782066875361567,0.11783100277949055,0.11784073777341572,0.11784935388146384,0.11785759685210623,0.11786515668062134,-2.0,0.11787787832369631,-2.0,-2.0,0.11789267464644222,-2.0,0.1178992997979702,-2.0,-2.0,-2.0,0.11790585130398774,-2.0,0.11790567536352899,-2.0,-2.0,0.11790115470151276,-2.0,-2.0,-2.0,-2.0,0.11788201744671889,0.1178764804795925,0.11786999871523246,-2.0,-2.0,-2.0,-2.0,-2.0,-2.0,-2.0,-2.0,-2.0,0.11776891126319305,0.11775431316057612,-2.0,-2.0,-2.0,-2.0,-2.0,0.1176477629421582,-2.0,-2.0,-2.0,-2.0,-2.0,-2.0,-2.0,-2.0,-2.0,-2.0,-2.0,0.11730159252376779,-2.0,0.11722115594421682,0.1171779311966893,0.11713258157035848,-2.0,0.11703510943977104,-2.0,-2.0,0.11687036907516327,-2.0,-2.0,-2.0,-2.0,-2.0,-2.0,-2.0,-2.0,-2.0,-2.0,-2.0,-2.0,-2.0,-2.0,-2.0,-2.0,-2.0,-2.0,0.11506540128464378,0.11491884587708999,-2.0,0.11460450817691303,-2.0,0.1142595964187491,0.1140747632536392,-2.0,0.1136783555120849,-2.0,-2.0,0.11301037846949648,-2.0,0.11251057873980586,-2.0,0.11196225506526013,-2.0,-2.0,0.11103836240116441,-2.0,-2.0,0.10997675353517551,0.1095888238484633,0.10918250715639126,-2.0,-2.0,-2.0,-2.0,-2.0,-2.0,0.10574491572555961,0.10515645053322792,0.10454010736263399,-2.0,-2.0,0.10251025462070099,-2.0,0.1009916798077469,-2.0,-2.0,-2.0,-2.0,-2.0,0.09549362373438201,0.09441958745400351,-2.0,-2.0,0.09088201295851707,-2.0,-2.0,-2.0,-2.0,-2.0,-2.0,-2.0,-2.0,0.0767823321870717,-2.0,0.07276841133314331,-2.0,-2.0,-2.0,0.06353481873175323,-2.0,-2.0,-2.0,-2.0,0.04930888063550652,0.046046879259343074,-2.0,-2.0,0.03530412422528087,-2.0,-2.0,-2.0,-2.0,0.013727329243273648,-2.0,-2.0,-2.0,-2.0,-0.013467712432254711,-2.0,-2.0,-0.03307525845090238,-2.0,-0.047743643229563384,-2.0,-0.06383514434741454,-2.0,-2.0,-2.0,-2.0,-0.11122605008267848,-2.0,-2.0,-0.1453949599721076,-2.0,-0.17095703214038271,-0.18465300455814915,-2.0,-2.0
0.7934096665797492,-2.0,-2.0,0.13259225495254523,0.13261615498036267,0.1326388393803121,-2.0,-2.0,0.1326995451032666,-2.0,-2.0,-2.0,0.13276576952302171,0.13277995250614438,0.13279313749195015,0.13280544915726653,-2.0,0.13282766541429586,0.13283781525605667,-2.0,-2.0,-2.0,-2.0,0.13287624132384107,-2.0,-2.0,-2.0,0.1328950309499343,-2.0,-2.0,-2.0,-2.0,-2.0,0.13290385197373336,-2.0,-2.0,-2.0,-2.0,0.13289442495414333,-2.0,-2.0,-2.0,0.1328759404439609,0.1328691544067734,-2.0,-2.0,-2.0,-2.0,-2.0,0.13281620684865886,0.13280456990645087,0.13279207211397648,0.13277886657511234,-2.0,-2.0,-2.0,-2.0,-2.0,-2.0,-2.0,-2.0,0.13261649991655264,0.1325929174948781,0.13256805956660367,0.1325418728952687,-2.0,-2.0,-2.0,0.13242267528406326,-2.0,-2.0,-2.0,-2.0,-2.0,-2.0,-2.0,-2.0,-2.0,-2.0,-2.0,-2.0,0.13182591850145084,-2.0,-2.0,-2.0,-2.0,-2.0,0.1313983150893518,-2.0,-2.0,-2.0,-2.0,-2.0,0.13083181116088125,-2.0,-2.0,-2.0,0.1303557866754468,-2.0,-2.0,-2.0,-2.0,-2.0,-2.0,-2.0,-2.0,0.12889841684665526,-2.0,-2.0,-2.0,-2.0,0.12778366080535447,0.12752800177235046,-2.0,-2.0,-2.0,-2.0,-2.0,-2.0,0.1253646813428459,-2.0,-2.0,0.12420011699477052,0.1237745421357559,0.12332881427868976,0.12286196381135296,-2.0,-2.0,0.12132442757726236,0.120762596700331,0.12017414046981514,-2.0,-2.0,0.11823614330492456,-2.0,0.11678627041842865,0.11600941885662559,-2.0,0.11434356348752822,0.11345098393582567,-2.0,-2.0,0.1105114009374718,-2.0,-2.0,0.10713452278393559,-2.0,-2.0,-2.0,-2.0,0.10035026863401214,0.09879477124547742,0.09716558485388588,-2.0,-2.0,0.09180016563655397,0.08983963278589391,0.08778622144565007,0.08563555307275997,-2.0,-2.0,-2.0,-2.0,-2.0,0.07041478503265093,-2.0,0.0643267361163106,-2.0,-2.0,0.05406985960230057,-2.0,0.04639656532011441,0.04228520629311823,0.03797907497290476,-2.0,-2.0,-2.0,-2.0,-2.0,-2.0,0.001550180853514993,-2.0,-2.0,-2.0,-2.0,-2.0,-0.040585442272426026,-2.0,-0.0574390288192802,-0.06646918835113819,-2.0,-2.0,-0.09620827531267284,-2.0,-0.11845643987402996,-0.13037708387661368,-0.14286233926747471,-2.0,-0.16963516607878906,-2.0,-0.1990048371522484
0.7707875183839599,0.14704443344935775,0.14707515213836955,0.14710403246971757,0.1471315952108116,0.14715762077662156,0.14718235085091955,0.14720569025366984,-2.0,-2.0,0.14726851572608493,0.14728708010604147,-2.0,0.14732091836211678,0.1473363900622306,0.14735089500441587,-2.0,0.14737720425921683,-2.0,-2.0,-2.0,-2.0,-2.0,0.14743575808688675,0.14744286553470298,0.14744897086750744,-2.0,0.14745968878670956,-2.0,-2.0,-2.0,0.14747246109514156,-2.0,-2.0,-2.0,-2.0,0.1474734695374025,-2.0,-2.0,-2.0,0.1474624307720608,-2.0,0.1474529194506725,-2.0,-2.0,0.14743338026753172,-2.0,-2.0,0.14740718027369495,-2.0,-2.0,0.1473738871238765,0.1473610361453091,-2.0,0.14733260189042638,-2.0,-2.0,-2.0,-2.0,-2.0,-2.0,-2.0,-2.0,-2.0,-2.0,-2.0,-2.0,-2.0,-2.0,0.14697539424439798,-2.0,0.14690303968723423,-2.0,-2.0,-2.0,-2.0,-2.0,-2.0,0.1465860347082424,-2.0,-2.0,-2.0,-2.0,-2.0,-2.0,-2.0,-2.0,0.1459868191932517,-2.0,-2.0,-2.0,-2.0,-2.0,-2.0,-2.0,-2.0,0.1450722673837197,-2.0,-2.0,-2.0,-2.0,-2.0,-2.0,-2.0,-2.0,0.14368138858445892,0.14348784092125852,0.14328520280246196,-2.0,-2.0,0.1426172842943839,-2.0,-2.0,-2.0,-2.0,-2.0,-2.0,-2.0,0.14030798702682437,-2.0,-2.0,-2.0,-2.0,-2.0,0.13791861266882427,-2.0,-2.0,-2.0,0.13591427373410425,-2.0,-2.0,-2.0,0.1335021503375639,-2.0,-2.0,0.13137617865843962,-2.0,-2.0,-2.0,-2.0,0.12710604804161252,-2.0,0.12510136222988155,-2.0,-2.0,-2.0,0.12048981203079609,0.11919719601822418,-2.0,-2.0,-2.0,-2.0,-2.0,0.11004925719227392,-2.0,-2.0,-2.0,-2.0,0.10022556847279634,-2.0,0.09561372925754706,-2.0,0.09055461252248717,-2.0,-2.0,-2.0,0.0789167927793338,-2.0,-2.0,0.06865990123325649,-2.0,-2.0,-2.0,0.052569127829306894,-2.0,-2.0,-2.0,0.033205824757099045,0.027778451471683077,-2.0,-2.0,-2.0,0.0033732685562661846,-2.0,-0.010631692930013315,-0.018135939156574077,-2.0,-2.0,-2.0,-0.051879108480112124,-2.0,-2.0,-0.08161820243269807,-0.09248492785218304,-2.0,-0.11578701331321711,-2.0,-0.14134896412701986,-2.0,-2.0,-0.18441481549688435
0.7488103857590023,0.16113048394506083,0.1611652182797203,-2.0,0.16122936548744585,0.16125893305227243,-2.0,0.16131352301595592,-2.0,0.16136238695099825,0.16138492578459643,-2.0,-2.0,-2.0,0.16146282448429314,0.16147969529310055,0.16149518302255156,0.161510007920909,0.16152353926477245,0.16153632020074418,0.16154827623151247,0.16155912121242275,0.1615693069486767,-2.0,-2.0,0.16159467006296643,-2.0,0.16160771664595705,-2.0,-2.0,-2.0,-2.0,0.16162748028412438,0.161629279060252,-2.0,-2.0,0.1616307046919402,-2.0,0.16162794897296048,-2.0,-2.0,-2.0,0.1616142986326593,0.16160909150304406,-2.0,-2.0,-2.0,0.161580753769958,-2.0,-2.0,-2.0,-2.0,-2.0,-2.0,-2.0,-2.0,-2.0,-2.0,-2.0,-2.0,-2.0,-2.0,-2.0,-2.0,0.16129708297048967,-2.0,-2.0,-2.0,-2.0,0.1611460693291213,-2.0,0.16107404387711768,0.1610352468822203,-2.0,0.1609516700481138,-2.0,-2.0,-2.0,-2.0,-2.0,-2.0,0.16058618001386538,-2.0,-2.0,-2.0,-2.0,-2.0,-2.0,-2.0,-2.0,-2.0,-2.0,0.15970078077045968,-2.0,0.159483148934069,-2.0,-2.0,-2.0,-2.0,-2.0,0.15869863226732359,-2.0,-2.0,-2.0,-2.0,-2.0,-2.0,-2.0,-2.0,-2.0,-2.0,-2.0,-2.0,-2.0,-2.0,-2.0,-2.0,-2.0,-2.0,0.15412843397780104,-2.0,0.1533703091905914,-2.0,-2.0,0.1520927180393656,-2.0,-2.0,-2.0,-2.0,0.14952664766915158,-2.0,-2.0,-2.0,-2.0,-2.0,-2.0,-2.0,0.14395992297310148,0.14310773753837047,-2.0,0.14128030872709638,0.14030116344359583,-2.0,-2.0,-2.0,0.13589820628269944,-2.0,-2.0,-2.0,0.13059970776378235,0.1291145728318806,-2.0,-2.0,-2.0,-2.0,-2.0,-2.0,0.11655057990213608,-2.0,-2.0,0.10978807723511584,-2.0,0.10472901061625317,0.10201826983572873,-2.0,0.09620558955402012,-2.0,-2.0,-2.0,0.08283426656524034,0.07908639169348279,-2.0,0.07104961557648502,0.06674350088458914,-2.0,0.05750965529040822,-2.0,0.04738020207767751,0.041952828601216394,-2.0,0.03031459952207652,-2.0,-2.0,0.010707079377347911,0.0035424680463985447,-2.0,-2.0,-2.0,-0.028674573165699963,-2.0,-0.047162664259353754,-0.057068544564587764,-2.0,-0.07831053092777268,-2.0,-2.0,-2.0,-2.0,-0.14087089058111615,-2.0,-0.17024039079795233
0.7274598776536367,0.17481021740576852,-2.0,0.1748859406156633,0.17492103592890582,0.1749543209414103,0.17498584891625346,0.17501558254553928,0.17504387199679378,0.17507072864766207,-2.0,0.17512000337694786,-2.0,-2.0,-2.0,0.17520314249049143,-2.0,-2.0,-2.0,-2.0,-2.0,0.17529421311001264,-2.0,0.17531688885473615,-2.0,-2.0,0.17534413813125918,0.17535154491647262,-2.0,-2.0,-2.0,-2.0,-2.0,-2.0,0.17538155303760744,-2.0,0.1753836375963393,0.17538333598536546,-2.0,0.1753807708182839,-2.0,-2.0,-2.0,0.17536686693936038,-2.0,-2.0,-2.0,0.17534069091398588,-2.0,-2.0,0.17531248293533783,-2.0,-2.0,0.1752763390169379,-2.0,-2.0,0.17523156192714506,0.17521457346717903,-2.0,-2.0,0.17515691172241854,-2.0,-2.0,-2.0,-2.0,0.17503586224560252,-2.0,-2.0,-2.0,0.17491277784293374,0.17487783989181235,-2.0,-2.0,-2.0,-2.0,0.17467434634294343,-2.0,-2.0,-2.0,-2.0,-2.0,-2.0,0.17429166386641076,0.1742257447234191,-2.0,0.17408413599317674,-2.0,-2.0,0.17384495390289018,-2.0,-2.0,-2.0,0.1734687384254405,0.17336313515335472,-2.0,-2.0,-2.0,-2.0,-2.0,-2.0,-2.0,-2.0,-2.0,-2.0,0.17180960320066488,0.17162489058318012,-2.0,-2.0,-2.0,-2.0,-2.0,-2.0,-2.0,-2.0,0.16951332839961344,0.16921959644093532,-2.0,-2.0,-2.0,-2.0,-2.0,-2.0,-2.0,-2.0,-2.0,0.1653961355739175,-2.0,-2.0,-2.0,-2.0,-2.0,-2.0,-2.0,-2.0,-2.0,-2.0,-2.0,-2.0,0.1568781129592929,-2.0,-2.0,-2.0,-2.0,-2.0,-2.0,-2.0,0.14843450551705537,-2.0,-2.0,-2.0,0.1428850146128436,-2.0,0.139700429978546,0.13799400149237268,-2.0,-2.0,0.13237443957674963,0.13032111213719194,-2.0,-2.0,0.12355855395487243,0.12108751902189811,0.11849943879577868,-2.0,0.11294967018574335,-2.0,-2.0,-2.0,0.10018311922665872,-2.0,-2.0,0.08893148675843535,-2.0,-2.0,-2.0,-2.0,-2.0,-2.0,-2.0,-2.0,-2.0,-2.0,0.03131815008675359,-2.0,-2.0,-2.0,0.0019494805579674535,-2.0,-0.014904029380172157,-0.023934210363790315,-2.0,-2.0,-2.0,-2.0,-2.0,-0.08784209729219034,-2.0,-2.0,-0.12710032498700616,-0.14144534854385427,-2.0
0.7067181273927491,0.18809514285742396,0.18813822592336657,-2.0,0.18821815578997825,0.18825516617121352,-2.0,-2.0,0.18835493924212213,-2.0,0.1884131058216126,0.18843987475589466,0.18846540880896667,0.18848938771148296,0.1885117726372286,0.1885329185989127,-2.0,0.18857180170727741,0.18858956274305289,-2.0,0.1886214776900079,0.18863582274825988,-2.0,0.18866174769658947,-2.0,-2.0,-2.0,-2.0,-2.0,-2.0,-2.0,-2.0,-2.0,-2.0,0.1887400174117017,-2.0,0.18874344006398938,-2.0,-2.0,-2.0,0.18874161533133127,-2.0,-2.0,0.18873190359385847,-2.0,-2.0,-2.0,0.18870794525773424,-2.0,0.18869095698635266,-2.0,-2.0,-2.0,-2.0,0.18863268280282142,-2.0,-2.0,-2.0,-2.0,-2.0,0.18852909085403172,-2.0,-2.0,-2.0,0.18843598143104498,-2.0,-2.0,-2.0,-2.0,-2.0,0.1882522254412928,-2.0,-2.0,-2.0,-2.0,0.18804950592659048,-2.0,-2.0,-2.0,-2.0,0.1877902115207993,0.1877303975730487,0.1876676462430448,-2.0,0.18753278876920304,-2.0,-2.0,-2.0,-2.0,-2.0,0.18704231262014726,-2.0,0.18684551487435622,0.18673997472951143,-2.0,-2.0,0.18639204274315158,0.1862647972430766,-2.0,0.18599179207705935,-2.0,-2.0,-2.0,-2.0,-2.0,-2.0,-2.0,0.18460618730149822,-2.0,-2.0,-2.0,-2.0,0.18343908481087556,0.18317137165977365,-2.0,0.18259725923760883,-2.0,-2.0,-2.0,-2.0,-2.0,0.18051818530161612,0.18011194120804153,-2.0,0.17924076992046034,-2.0,0.1782850473435815,0.177772950463832,-2.0,-2.0,-2.0,-2.0,-2.0,-2.0,-2.0,-2.0,0.1719218747684724,-2.0,0.17025607369074935,-2.0,0.16842868051529397,-2.0,-2.0,-2.0,0.1642249239669612,0.16304663734891914,-2.0,0.16051994381995596,0.15916612874890715,-2.0,-2.0,-2.0,0.15307840901021721,0.15137205018869454,-2.0,0.147713023774801,-2.0,-2.0,0.14154845794176368,-2.0,0.1369366506644214,0.1344655956850926,-2.0,0.12916682630277873,0.12632776434272386,-2.0,-2.0,-2.0,-2.0,-2.0,0.10623499773697796,-2.0,0.09819825319865831,-2.0,0.08938199845768935,-2.0,-2.0,-2.0,-2.0,-2.0,-2.0,-2.0,-2.0,0.037855692286073994,-2.0,-2.0,0.015328133182825915,0.00709594479517639,-2.0,-2.0,-2.0,-0.029919989362765825,-0.04029518481724492,-2.0,-2.0,-2.0,-0.08694921221374494,-2.0,-2.0,-0.12806721760931467,-2.0
0.6865677777260395,0.20099602927353347,-2.0,0.20108889300876498,-2.0,0.20117281464510492,-2.0,0.2012481760684372,0.20128294901830301,-2.0,0.2013474268557471,0.20137727416995377,0.20140505074789541,0.2014315377785968,-2.0,0.20148042135500577,0.2015026596761349,-2.0,-2.0,0.20156174491118187,-2.0,-2.0,-2.0,-2.0,0.20163745167591723,0.2016496316473836,-2.0,-2.0,0.20167975335559965,-2.0,-2.0,-2.0,-2.0,-2.0,-2.0,-2.0,-2.0,-2.0,-2.0,0.20172385028860534,0.20172299520721615,0.20172123006935716,-2.0,-2.0,0.20171132417481938,-2.0,-2.0,-2.0,-2.0,0.20167768753139606,-2.0,-2.0,-2.0,0.20163499739102084,-2.0,-2.0,-2.0,-2.0,-2.0,-2.0,-2.0,-2.0,-2.0,-2.0,-2.0,0.20140198482233138,-2.0,0.2013438333218702,0.20131269479199967,-2.0,0.20124528652218246,-2.0,-2.0,-2.0,-2.0,0.20104336197789577,-2.0,-2.0,-2.0,-2.0,0.20078469650057815,-2.0,-2.0,-2.0,-2.0,0.20045537925829837,-2.0,-2.0,0.20021669136295728,-2.0,-2.0,-2.0,-2.0,-2.0,0.19962501448429804,-2.0,-2.0,-2.0,-2.0,-2.0,-2.0,0.19868811550112822,-2.0,-2.0,-2.0,0.19799842361611164,0.1978050083479412,0.19760239523760226,-2.0,0.19716781794697788,-2.0,-2.0,0.19643542468469133,-2.0,0.1958873717180823,-2.0,-2.0,-2.0,-2.0,0.19427283464545725,0.19390255980444301,-2.0,-2.0,-2.0,-2.0,-2.0,-2.0,-2.0,-2.0,-2.0,0.1890830463214146,-2.0,-2.0,-2.0,-2.0,-2.0,-2.0,-2.0,-2.0,-2.0,-2.0,0.1804463058470179,0.17942079382370205,-2.0,0.177221752453932,-2.0,-2.0,-2.0,-2.0,0.1707449861464234,-2.0,0.16770438429337012,-2.0,-2.0,-2.0,0.16070985043417418,-2.0,0.15669594062723807,-2.0,-2.0,-2.0,-2.0,0.1448743627231476,-2.0,-2.0,-2.0,0.1332365628395247,0.12997458530229028,-2.0,0.12297978342867699,0.11923184699238369,0.11530644754503741,-2.0,0.10688897328253563,-2.0,-2.0,0.09270757049314897,-2.0,0.08209868145836895,-2.0,0.07046009822297211,0.0642243211701147,0.05769313969489501,-2.0,-2.0,0.03618396062681806,-2.0,0.02009269659909224,-2.0,-2.0,-2.0,-0.016923050094916986,-2.0,-2.0,-0.04954646532279916,-2.0,-2.0,-0.08702913116071065,-2.0,-0.11507033833723135,-2.0
0.6669919663030122,-2.0,0.2135762132167957,0.2136256718868741,0.21367289438612636,0.21371759733059478,0.21376004886642386,0.21380058694896936,0.21383869240507147,0.2138750694553958,0.2139093780047934,-2.0,-2.0,0.21400232432304023,0.21402993596306683,-2.0,-2.0,0.21410373881961334,-2.0,0.21414621474236248,0.21416530120782873,-2.0,0.21420025747080892,-2.0,0.21423067929135353,-2.0,-2.0,0.2142680404777019,-2.0,-2.0,-2.0,0.2143042657049258,-2.0,-2.0,-2.0,-2.0,-2.0,-2.0,-2.0,-2.0,0.21433363690027146,-2.0,-2.0,-2.0,-2.0,-2.0,-2.0,-2.0,-2.0,-2.0,-2.0,-2.0,-2.0,0.21425260437889995,-2.0,-2.0,-2.0,0.21419505430728084,0.21417793057430154,-2.0,0.21414012759956616,-2.0,-2.0,-2.0,-2.0,0.2140228693041292,-2.0,-2.0,0.21393490450752903,0.21390224727942564,-2.0,-2.0,-2.0,-2.0,-2.0,0.21366704064188333,-2.0,0.21357106789503602,0.2135195739430634,0.21346590019126804,-2.0,-2.0,-2.0,-2.0,0.21315213235606437,-2.0,0.21300418663950313,-2.0,-2.0,-2.0,-2.0,0.21256669296050099,-2.0,-2.0,0.2122502274275035,-2.0,0.21201312518506307,-2.0,-2.0,0.21161317873228164,0.21146692151332006,-2.0,-2.0,-2.0,0.21080874956532808,0.21062415657818423,0.2104307752235011,-2.0,-2.0,0.20979368296157183,-2.0,-2.0,0.20906137833716748,-2.0,0.20851336972406376,-2.0,0.20791210635539414,-2.0,-2.0,-2.0,0.20652868332479854,-2.0,-2.0,0.20530919050103452,-2.0,-2.0,-2.0,-2.0,-2.0,-2.0,0.20170931431215056,0.20109304525231375,-2.0,0.19977149363465582,-2.0,0.19832172665333936,0.19754492487539316,0.1967313166968289,-2.0,-2.0,0.19405178815527002,-2.0,-2.0,-2.0,-2.0,0.18866980614046902,0.18743570396669526,-2.0,0.18478932959772823,-2.0,-2.0,-2.0,-2.0,-2.0,0.17520812434613617,-2.0,-2.0,-2.0,0.16717172249594894,-2.0,0.16255992605405994,-2.0,-2.0,-2.0,-2.0,0.14897747879818093,-2.0,-2.0,0.13918453931397146,0.13560620681765811,0.13185832134147824,0.12793291612739568,-2.0,-2.0,0.11500533332661644,-2.0,-2.0,0.10015215881185732,-2.0,-2.0,-2.0,-2.0,0.07031963718524861,-2.0,0.056314615193213374,0.048810443575305174,-2.0,-2.0,0.024097439036450646,-2.0,-2.0,-0.004296603839735208,-2.0,-0.025538469799270325,-2.0,-0.04884059539801838,-0.06132590169490337,-2.0,-0.08809884093470205,-0.10244384352933006,-2.0
0.6479743115621104,0.22568916170486472,0.22574613015794015,0.22580008928858208,0.22585176926845818,0.22590042956174758,0.22594681411246403,-2.0,0.22603256538449862,-2.0,0.22610998994140766,0.22614555875787018,-2.0,-2.0,0.22624154711309216,0.2262702162081331,-2.0,-2.0,-2.0,0.22636928242722473,-2.0,0.2264105575895553,0.22642914637410674,0.2264467450830047,-2.0,0.22647815173141855,-2.0,-2.0,0.226516696114577,0.22652777564807036,-2.0,0.22654615102048456,-2.0,0.2265609368053739,-2.0,0.2265720008356333,-2.0,-2.0,-2.0,-2.0,-2.0,0.2265838092017417,0.226582571211805,-2.0,-2.0,-2.0,-2.0,-2.0,0.22655721093654288,-2.0,-2.0,-2.0,0.22652162440664161,-2.0,-2.0,-2.0,-2.0,-2.0,-2.0,0.2264195508585717,-2.0,-2.0,-2.0,-2.0,0.2263104250259176,-2.0,-2.0,-2.0,-2.0,-2.0,-2.0,0.22609443353303715,-2.0,-2.0,-2.0,-2.0,0.22588371840802451,-2.0,-2.0,-2.0,-2.0,-2.0,-2.0,-2.0,-2.0,-2.0,-2.0,0.2251895847726348,-2.0,-2.0,-2.0,0.22483182392067255,0.224731319132946,-2.0,-2.0,-2.0,-2.0,-2.0,-2.0,-2.0,-2.0,-2.0,-2.0,-2.0,-2.0,0.22289001690605365,-2.0,0.22249412889300813,0.22228196932870795,-2.0,-2.0,-2.0,-2.0,-2.0,0.2207795034175966,-2.0,0.22017828625649377,-2.0,-2.0,-2.0,0.2187949539285912,-2.0,0.21800095175869402,-2.0,-2.0,-2.0,-2.0,-2.0,-2.0,-2.0,-2.0,-2.0,-2.0,-2.0,0.21132983898083732,0.21058818790896733,-2.0,-2.0,-2.0,-2.0,0.20631829248749806,-2.0,-2.0,-2.0,-2.0,0.20093634607549465,0.19970225687503593,-2.0,0.19705588516936087,0.19563794681148164,-2.0,0.19259736854286177,-2.0,0.1892618768719248,0.1874747227934572,-2.0,0.18364236275907048,0.18158924102025864,-2.0,0.17718576355205687,-2.0,-2.0,-2.0,-2.0,-2.0,-2.0,-2.0,-2.0,-2.0,-2.0,0.14412497016944958,-2.0,-2.0,0.13178206624274283,-2.0,-2.0,-2.0,0.11241882083639157,-2.0,-2.0,-2.0,-2.0,-2.0,-2.0,-2.0,0.061077076560887844,-2.0,-2.0,-2.0,-2.0,0.017876004399556306,-2.0,-2.0,-2.0,-0.024652966005911936,-2.0,-2.0,-2.0,-2.0,-2.0,-0.10520170288644387
0.6294988990221887,-2.0,0.23756363740861952,0.23762227723471852,0.23767821601762312,0.23773107645546207,0.2377814476282799,-2.0,-2.0,0.23791801432176773,-2.0,-2.0,0.23803435884389093,0.23806921502238304,0.2381021736409488,-2.0,-2.0,0.23819076628176714,0.23821707166463454,-2.0,-2.0,-2.0,-2.0,-2.0,-2.0,-2.0,-2.0,-2.0,0.2384046053042352,-2.0,-2.0,-2.0,0.2384467855356905,-2.0,-2.0,-2.0,-2.0,-2.0,-2.0,-2.0,0.23848427768139735,-2.0,-2.0,0.23848306579584302,-2.0,-2.0,-2.0,-2.0,-2.0,0.2384557334537253,-2.0,-2.0,-2.0,-2.0,-2.0,-2.0,-2.0,-2.0,0.23834733485614104,-2.0,-2.0,-2.0,-2.0,-2.0,-2.0,-2.0,-2.0,-2.0,0.2381095916394189,-2.0,0.23804336823646502,0.23800751343394172,-2.0,-2.0,-2.0,0.23784395927455457,-2.0,-2.0,-2.0,-2.0,-2.0,-2.0,-2.0,-2.0,-2.0,-2.0,-2.0,0.23710475726582358,-2.0,-2.0,-2.0,-2.0,-2.0,-2.0,-2.0,-2.0,-2.0,-2.0,-2.0,0.23579475870808686,0.23564860394028617,-2.0,-2.0,-2.0,0.23499077655930323,-2.0,-2.0,-2.0,0.23419829792572913,-2.0,0.23374325572383756,0.2334993868881276,-2.0,-2.0,-2.0,-2.0,0.2320948594370189,-2.0,-2.0,0.2310818172392914,0.23071159686172024,-2.0,0.22991764519260835,-2.0,0.2290465994334332,0.22857986099136032,-2.0,-2.0,-2.0,-2.0,-2.0,-2.0,-2.0,-2.0,-2.0,-2.0,-2.0,-2.0,-2.0,-2.0,-2.0,0.21725609418418915,-2.0,0.21515651916475498,0.2140315498172774,-2.0,-2.0,-2.0,-2.0,0.20755490592525325,-2.0,-2.0,-2.0,0.20117885840143362,0.19939168612234695,-2.0,-2.0,0.1935059643644736,0.1913553197177388,-2.0,0.18674351136603257,0.1842725000833409,-2.0,-2.0,-2.0,-2.0,-2.0,-2.0,-2.0,-2.0,-2.0,0.1521165773801931,-2.0,-2.0,-2.0,-2.0,0.12951774221916562,0.12433587206387028,-2.0,-2.0,0.10727029362509749,0.10103450894111146,-2.0,-2.0,-2.0,0.07299413625824863,0.06513465359141288,-2.0,-2.0,-2.0,0.029793037786883664,-2.0,-2.0,-0.0013548146148180118,-2.0,-2.0,-0.037142185138501815,-2.0,-2.0,-2.0,-2.0
0.6115502679648499,0.2489718705414959,0.24903865336275557,-2.0,-2.0,0.2492198396669718,-2.0,-2.0,0.24937518357211255,0.2494218937590292,0.2494662303172423,0.24950830560329193,-2.0,0.24958579876370393,0.24962163111202118,0.24965556786732615,0.24968748990050085,0.2497178359420975,-2.0,0.2497733627401047,0.24979882595724015,-2.0,-2.0,0.24986626799822925,-2.0,-2.0,-2.0,0.24993712546558147,-2.0,0.24996544827228628,-2.0,-2.0,0.24999932806395747,-2.0,0.25001653780636923,-2.0,-2.0,0.2500352185794428,-2.0,-2.0,0.25004450181438664,-2.0,-2.0,-2.0,-2.0,-2.0,-2.0,-2.0,-2.0,-2.0,-2.0,-2.0,-2.0,-2.0,-2.0,-2.0,-2.0,-2.0,-2.0,-2.0,-2.0,-2.0,-2.0,0.24981779012026667,-2.0,-2.0,-2.0,-2.0,-2.0,-2.0,-2.0,-2.0,-2.0,-2.0,-2.0,-2.0,-2.0,-2.0,-2.0,-2.0,-2.0,-2.0,-2.0,-2.0,-2.0,-2.0,-2.0,-2.0,-2.0,-2.0,-2.0,-2.0,-2.0,0.2481175564624646,0.24800727298694036,0.24789167945749005,-2.0,-2.0,-2.0,-2.0,-2.0,0.24707187253753973,-2.0,-2.0,-2.0,-2.0,-2.0,-2.0,-2.0,-2.0,-2.0,0.24507620912797318,-2.0,-2.0,-2.0,-2.0,-2.0,-2.0,-2.0,0.24265879925555645,-2.0,0.24190085151827814,-2.0,-2.0,-2.0,-2.0,-2.0,-2.0,-2.0,-2.0,0.23746973511828573,-2.0,-2.0,-2.0,0.23482389510618465,-2.0,-2.0,0.23249190737549655,-2.0,-2.0,-2.0,-2.0,-2.0,-2.0,-2.0,-2.0,-2.0,-2.0,-2.0,-2.0,0.21764712491035135,-2.0,-2.0,-2.0,-2.0,-2.0,-2.0,-2.0,-2.0,-2.0,0.19832087585994773,-2.0,-2.0,-2.0,0.18771205099620164,-2.0,-2.0,0.17836206031050966,-2.0,-2.0,0.16761934899056097,-2.0,-2.0,-2.0,-2.0,-2.0,-2.0,0.1359132296399084,-2.0,-2.0,-2.0,-2.0,0.10608075469829528,0.09924014777064102,-2.0,0.0845716437352878,-2.0,0.06848030189275783,-2.0,-2.0,0.041370488576183445,0.0314646125333127,-2.0,-2.0,-2.0,-2.0,-2.0,-0.038641513553219486,-2.0,-0.06668263935215629,-2.0
0.5941133984965034,-2.0,0.26018073485059406,0.2602491229070465,0.2603140556352685,-2.0,0.2604347123700117,0.26049043408072636,0.2605433841639048,0.26059372937759606,0.26064163127162554,-2.0,0.26072996586274394,0.2607709146596053,-2.0,0.26084632721132717,0.2608809641796989,0.2609135749411283,-2.0,-2.0,-2.0,0.26102716737863196,-2.0,-2.0,-2.0,0.26111599250273004,-2.0,-2.0,-2.0,0.2611832601305731,-2.0,-2.0,-2.0,-2.0,-2.0,-2.0,0.2612561053689577,-2.0,-2.0,-2.0,-2.0,0.26127635981010466,0.2612775762778741,-2.0,-2.0,-2.0,-2.0,-2.0,0.2612634662746764,-2.0,-2.0,-2.0,-2.0,-2.0,-2.0,-2.0,-2.0,-2.0,-2.0,-2.0,-2.0,0.2611024128731657,-2.0,-2.0,-2.0,0.2610104438988854,-2.0,-2.0,0.26092495162786666,-2.0,-2.0,-2.0,-2.0,-2.0,-2.0,0.2606619515075502,0.2606159024284206,-2.0,-2.0,-2.0,-2.0,-2.0,-2.0,0.2602203279408714,-2.0,0.26008009259911574,-2.0,-2.0,-2.0,0.25975583044033174,-2.0,-2.0,-2.0,-2.0,-2.0,-2.0,-2.0,0.25888974378934565,0.2587567425672966,-2.0,-2.0,-2.0,-2.0,-2.0,0.2578138572627351,0.2576294138602364,0.2574361859359473,-2.0,-2.0,-2.0,0.2565667647802972,-2.0,0.25606755546459203,-2.0,-2.0,0.2552262022329529,-2.0,-2.0,-2.0,-2.0,-2.0,-2.0,-2.0,-2.0,0.251870758455205,0.2514040516403064,-2.0,0.2504032011020769,0.24986691152872914,0.24930520163818276,-2.0,-2.0,-2.0,0.24677918305616034,-2.0,0.24532949229087864,0.24455279134792263,0.24373915600811033,0.24288702380895213,-2.0,-2.0,-2.0,-2.0,-2.0,0.23685613721986132,0.23567788119295635,0.2344438073755946,-2.0,-2.0,-2.0,-2.0,-2.0,-2.0,0.2240035337111353,-2.0,-2.0,0.21838404982712628,0.21633067413128176,-2.0,-2.0,-2.0,-2.0,-2.0,-2.0,-2.0,0.19598586275265575,-2.0,-2.0,-2.0,-2.0,-2.0,-2.0,-2.0,-2.0,-2.0,0.15729005157034134,-2.0,-2.0,-2.0,-2.0,-2.0,0.12385930274767662,-2.0,0.11048757852402899,-2.0,0.09581894708769978,-2.0,-2.0,-2.0,0.06207582213475982,0.052617873928629405,-2.0,0.032336728381971436,-2.0,0.010088550056669698,-2.0,-2.0,-0.027394030735948538,-2.0,-0.055435219823870174,-2.0
0.577173698979317,0.27092182862338593,0.2709991908983934,0.2710726839403508,0.27114246372691414,0.2712088548262287,-2.0,-2.0,0.2713888344595434,-2.0,0.2714943245899898,0.2715432566190576,0.27158936144660367,-2.0,0.2716750479334772,-2.0,-2.0,0.2717872259871602,0.27182056994643505,-2.0,0.27188178997389906,0.2719098887798754,-2.0,-2.0,-2.0,-2.0,0.2720266884852164,-2.0,-2.0,-2.0,-2.0,-2.0,-2.0,0.27213323917178733,-2.0,-2.0,-2.0,-2.0,-2.0,-2.0,-2.0,-2.0,0.27218779315901986,-2.0,-2.0,-2.0,-2.0,-2.0,-2.0,0.2721725684645067,0.2721662693536768,-2.0,-2.0,-2.0,-2.0,-2.0,-2.0,-2.0,0.27207609113357106,-2.0,0.2720415939940714,-2.0,0.27200178943697584,-2.0,-2.0,0.27193137260979733,-2.0,-2.0,-2.0,-2.0,0.27178193534327566,-2.0,-2.0,-2.0,0.2716288350487258,0.2715852499106057,0.2715393630791278,0.27149107477690476,-2.0,-2.0,-2.0,0.27127175756236244,-2.0,0.2711447346030415,0.2710764237060208,-2.0,-2.0,0.2708505072035858,-2.0,-2.0,-2.0,-2.0,-2.0,-2.0,-2.0,0.2700632025914347,-2.0,-2.0,-2.0,-2.0,-2.0,-2.0,-2.0,-2.0,-2.0,0.26855540179542936,-2.0,-2.0,-2.0,-2.0,-2.0,-2.0,-2.0,-2.0,-2.0,0.26615251630728176,-2.0,-2.0,-2.0,-2.0,-2.0,0.2640743197188346,-2.0,-2.0,-2.0,0.2623305760505686,-2.0,-2.0,0.260793480554753,0.26023178501753913,-2.0,0.25902724255492343,0.2583818352486795,-2.0,-2.0,0.25625614626157195,-2.0,-2.0,-2.0,0.2529212122303519,-2.0,0.2510073485898353,-2.0,0.24890781502064158,-2.0,0.24660462090809732,0.2453705540251304,0.24407800803123414,-2.0,-2.0,-2.0,0.2382657716296094,-2.0,-2.0,-2.0,0.23127134333725957,-2.0,-2.0,-2.0,0.22285864930303687,-2.0,-2.0,0.21543598668823147,0.2127253355759855,-2.0,0.206912677336305,-2.0,-2.0,-2.0,0.19354144474611779,-2.0,-2.0,-2.0,-2.0,-2.0,-2.0,-2.0,-2.0,-2.0,-2.0,-2.0,-2.0,-2.0,0.12141442627489443,0.11424980587045155,-2.0,0.09888634679892719,-2.0,-2.0,-2.0,0.06354474315494132,-2.0,0.04326357976696432,-2.0,-2.0,0.009094809405179649,-0.0033904811268513635,-0.016467233601542397,-2.0,-2.0,-2.0
0.5607169938205457,0.2814202070336014,0.28150296183210555,0.2815815893577258,-2.0,0.2817274405286728,0.281795151851509,0.2818592477279781,0.28192031443000004,0.281978422362109,0.28203364060639313,-2.0,0.2821354316337164,-2.0,0.28222732028897957,-2.0,0.2823099635490878,-2.0,-2.0,0.2824178135108032,0.28244972086332476,0.28247990276634954,-2.0,-2.0,-2.0,-2.0,-2.0,-2.0,-2.0,0.28266401975888383,-2.0,-2.0,-2.0,-2.0,-2.0,-2.0,-2.0,0.2827619555924932,-2.0,0.2827749998211469,-2.0,0.28278367532504417,-2.0,-2.0,-2.0,-2.0,-2.0,-2.0,-2.0,-2.0,-2.0,0.28276314059462343,-2.0,0.28274616786353585,-2.0,0.2827246477385539,-2.0,0.282698396637005,-2.0,-2.0,-2.0,0.28263076466142556,-2.0,-2.0,-2.0,-2.0,-2.0,-2.0,0.28245721937761026,-2.0,-2.0,-2.0,-2.0,-2.0,-2.0,-2.0,-2.0,0.2821031500592595,0.28205250868223375,-2.0,-2.0,0.281884399960584,-2.0,-2.0,0.2816894266089104,0.28161783198143214,-2.0,0.28146382527535757,-2.0,0.281294284765942,0.2812032413675091,0.28110775502846275,-2.0,-2.0,-2.0,0.2806771738504337,-2.0,0.28042943162204315,-2.0,-2.0,-2.0,-2.0,-2.0,-2.0,-2.0,-2.0,-2.0,-2.0,-2.0,-2.0,-2.0,-2.0,-2.0,-2.0,-2.0,-2.0,-2.0,-2.0,-2.0,-2.0,-2.0,-2.0,-2.0,-2.0,-2.0,-2.0,0.2724568593962501,-2.0,-2.0,0.27084690859352734,-2.0,-2.0,-2.0,-2.0,0.2676129453677051,-2.0,0.26609460263837287,-2.0,-2.0,-2.0,0.2626016700175542,0.2616226032446778,-2.0,-2.0,0.2583981442444218,-2.0,0.2559858356426544,-2.0,-2.0,-2.0,-2.0,-2.0,0.24725195551460993,0.24554564428010955,0.24375849161351673,-2.0,-2.0,0.23787282747055338,-2.0,0.23346967356405543,-2.0,-2.0,0.22605135643547772,-2.0,-2.0,-2.0,-2.0,-2.0,-2.0,-2.0,-2.0,-2.0,0.19237228998506284,-2.0,-2.0,0.17883229314252289,0.17388477952881004,0.1687028804659316,-2.0,-2.0,0.15163737141666173,-2.0,-2.0,-2.0,-2.0,-2.0,-2.0,-2.0,0.0926482428726915,0.08361808516694541,-2.0,0.06425420607172463,0.05387898285978021,0.04301229602005047,-2.0,0.019710218849107508,-2.0,-0.005851813373511705,-0.0195480226951652,-2.0,-2.0
0.5447295116100163,0.2916123240464287,0.29170065220484837,0.29178468345251685,0.2918646960569138,0.29194060707983793,-2.0,0.292081643662263,-2.0,-2.0,0.29226802440479804,0.29232378991310054,-2.0,-2.0,0.29247513176690626,0.29252048397055536,0.29256346408871664,0.2926041710005106,0.2926426995343257,-2.0,-2.0,-2.0,0.29277682301370794,-2.0,-2.0,-2.0,-2.0,0.2929045124283551,-2.0,0.2929448803505923,-2.0,0.2929794913410284,-2.0,-2.0,-2.0,-2.0,0.29304370612284303,0.29305285267698916,-2.0,-2.0,-2.0,-2.0,-2.0,-2.0,-2.0,-2.0,-2.0,-2.0,-2.0,0.2930759386591075,-2.0,-2.0,0.2930570869182138,-2.0,-2.0,0.2930279503900612,-2.0,-2.0,-2.0,-2.0,-2.0,0.2929363899779183,-2.0,0.29289508787336277,-2.0,0.2928478043540369,-2.0,-2.0,-2.0,-2.0,-2.0,-2.0,-2.0,-2.0,-2.0,-2.0,-2.0,-2.0,-2.0,-2.0,-2.0,-2.0,-2.0,0.29206787549926755,-2.0,-2.0,-2.0,-2.0,-2.0,0.29160516982777474,-2.0,-2.0,-2.0,-2.0,-2.0,0.2909885381626902,-2.0,0.2907409271424871,0.2906081063720059,-2.0,0.2903230125209549,0.2901701237668537,-2.0,0.28984203853377877,-2.0,0.28948183031092106,0.28928872594752286,0.2890864088891733,0.28887448838334784,0.28865238623516404,-2.0,-2.0,-2.0,-2.0,-2.0,-2.0,0.28677220923273294,0.2864501786487869,-2.0,-2.0,-2.0,-2.0,0.2845956464504894,0.284170301984392,-2.0,-2.0,-2.0,0.2822573744777213,-2.0,-2.0,-2.0,0.2799549905346078,-2.0,-2.0,-2.0,-2.0,-2.0,-2.0,-2.0,0.2738491295055328,-2.0,-2.0,-2.0,-2.0,-2.0,-2.0,-2.0,-2.0,-2.0,-2.0,-2.0,-2.0,0.2575647113306819,0.2558584034366792,-2.0,0.25219945136636623,-2.0,0.2481855955391139,0.24603496541462858,-2.0,-2.0,0.23895220416594293,0.23636414457948193,0.2336534836807444,-2.0,-2.0,-2.0,0.221464481604413,-2.0,0.21446966451281507,-2.0,-2.0,-2.0,-2.0,-2.0,-2.0,0.1841975965818362,0.17901570457082347,-2.0,0.16790390173092185,-2.0,0.15571441057859822,-2.0,0.14234296484915968,-2.0,0.12767411593490174,0.11981458101076634,-2.0,0.10296106286394255,0.09393092098435396,-2.0,0.0745670472561061,-2.0,-2.0,-2.0,0.030023866504960695,0.017537785502580172,0.00446104619150256,-0.009235161629031985,-0.023580173230861534,-2.0
0.5291978735958441,0.3015067437386239,0.30160105144219607,0.301690847595374,0.3017761296855383,0.3018570174161991,0.30193401094482863,0.3020073482070801,0.30207707772973397,0.3021433678310775,-2.0,0.302265846962353,0.30232254613855425,-2.0,-2.0,-2.0,-2.0,0.30256508809007365,-2.0,-2.0,-2.0,0.30271695842444346,-2.0,-2.0,-2.0,-2.0,-2.0,-2.0,-2.0,0.3029307110928828,-2.0,0.3029683709288205,-2.0,-2.0,-2.0,0.30302719976325404,-2.0,-2.0,-2.0,-2.0,-2.0,0.3030780984077125,-2.0,-2.0,0.3030879107369381,-2.0,-2.0,-2.0,-2.0,0.3030818620380115,-2.0,-2.0,-2.0,-2.0,-2.0,-2.0,-2.0,-2.0,-2.0,-2.0,-2.0,-2.0,-2.0,-2.0,-2.0,-2.0,-2.0,0.30280746306705125,-2.0,-2.0,-2.0,-2.0,-2.0,0.30260496021596683,-2.0,-2.0,-2.0,-2.0,-2.0,-2.0,0.30226894039124513,-2.0,-2.0,-2.0,-2.0,-2.0,-2.0,-2.0,-2.0,-2.0,-2.0,-2.0,0.3013359092142118,-2.0,0.3011211567254508,-2.0,0.3008850869317011,-2.0,-2.0,0.30048653127218433,0.30034069838314925,0.30018786861653357,0.3000277905225651,0.2998598861889284,-2.0,-2.0,0.2993067094570979,-2.0,-2.0,-2.0,0.2984378898019073,0.2981942136767165,0.2979389419256894,0.2976715241994508,0.29739139756988403,-2.0,0.29679053756503315,0.2964685329383546,0.2961312366557521,-2.0,-2.0,-2.0,0.2946142658719997,-2.0,-2.0,0.2932766518356362,-2.0,-2.0,-2.0,0.29117805103982825,-2.0,-2.0,-2.0,-2.0,-2.0,-2.0,-2.0,-2.0,0.2847602970948841,-2.0,-2.0,-2.0,-2.0,0.27985460089923503,-2.0,-2.0,-2.0,0.27502479906121907,-2.0,-2.0,-2.0,0.26921263679539464,0.26758364183363514,0.2658772069956123,0.2640900736293128,-2.0,-2.0,-2.0,-2.0,-2.0,0.2514420363391863,-2.0,-2.0,-2.0,-2.0,-2.0,0.23474528874995657,-2.0,-2.0,-2.0,0.22074064184674513,-2.0,0.21270395201221026,-2.0,-2.0,0.1991639745864444,-2.0,0.18903467363993584,0.183607222235873,0.17792278967752745,0.17196903713085754,-2.0,0.15920210226754047,-2.0,0.14519693616687276,0.1376929689988201,0.12983347035908901,0.1216016935275051,0.11298162786901664,0.10394982506439682,0.09449189269367145,-2.0,-2.0,-2.0,-2.0,-2.0,-2.0,0.014479991830441852,-2.0,-0.013561243755557284,-0.02858578619599672
0.5141090824887365,0.31111196908850614,0.3112123905341674,0.31130771666452967,0.31139846451739106,-2.0,0.3115668298510014,0.31164476414320635,0.3117187826086031,0.31178912002586434,-2.0,0.3119200035496574,0.31198017409282336,0.31203740090561205,0.31209187016819046,0.31214352862652905,0.3121923435221392,0.31223878113796094,-2.0,0.31232431238409575,-2.0,0.3124009403204752,-2.0,-2.0,-2.0,0.31252983952883634,-2.0,-2.0,-2.0,-2.0,-2.0,-2.0,-2.0,-2.0,0.3127209079216632,0.3127349923834529,-2.0,-2.0,-2.0,-2.0,-2.0,-2.0,0.31279733962601997,-2.0,-2.0,-2.0,-2.0,-2.0,-2.0,-2.0,-2.0,-2.0,-2.0,0.31277903283666325,-2.0,-2.0,0.31274908220249104,-2.0,-2.0,-2.0,-2.0,-2.0,-2.0,-2.0,-2.0,-2.0,-2.0,-2.0,-2.0,-2.0,-2.0,-2.0,-2.0,-2.0,-2.0,-2.0,-2.0,-2.0,-2.0,0.31205466358200895,-2.0,-2.0,-2.0,-2.0,0.3117468463985955,-2.0,0.31160078515984224,-2.0,0.31143980412202893,-2.0,-2.0,-2.0,0.31106742453542263,0.3109626766237354,0.31085283405608943,-2.0,-2.0,-2.0,-2.0,-2.0,-2.0,0.30992000364908595,-2.0,0.3095921290734282,-2.0,0.3092321090394954,-2.0,0.30883686195305643,-2.0,-2.0,-2.0,-2.0,-2.0,-2.0,-2.0,-2.0,0.3065232771666794,-2.0,-2.0,-2.0,0.3051407105460973,-2.0,-2.0,-2.0,-2.0,-2.0,-2.0,0.30200890620049964,-2.0,0.3009110631519226,-2.0,0.29970663159244065,-2.0,-2.0,-2.0,-2.0,-2.0,-2.0,-2.0,0.29360095086156623,-2.0,-2.0,-2.0,-2.0,-2.0,0.2872845491337775,-2.0,-2.0,-2.0,-2.0,0.2805012776408736,-2.0,-2.0,0.2756104345118367,-2.0,-2.0,-2.0,-2.0,0.26578702843481994,-2.0,-2.0,-2.0,0.25611624721380505,-2.0,0.2505665844855261,-2.0,-2.0,-2.0,-2.0,-2.0,-2.0,-2.0,-2.0,-2.0,0.2136217510925177,0.20889727302470643,0.20394976566834094,-2.0,-2.0,-2.0,0.18170244053763013,0.1754666010187396,0.16893540405898558,-2.0,-2.0,-2.0,-2.0,0.13133500375780466,0.12271327217169506,-2.0,-2.0,-2.0,-2.0,0.07307734813849426,-2.0,-2.0,0.03728998429513042,-2.0,-2.0,-0.0038279303193844982,-2.0
0.49945051158551396,-2.0,0.3205424019473772,0.3206436985607789,0.3207401347719846,0.32083190097129843,0.32091882995653315,0.32100178597695206,0.3210806181010779,-2.0,-2.0,0.32129399651676094,0.32135807108005954,0.32141898877472297,0.32147684907665386,-2.0,0.3215838380835041,0.3216332181405144,-2.0,0.32172432582902477,-2.0,-2.0,0.32184356149994486,-2.0,-2.0,-2.0,0.3219730635997096,-2.0,-2.0,-2.0,0.32207386601665916,0.3220951661146355,-2.0,-2.0,0.32214917328556236,0.32216441171786775,-2.0,-2.0,0.3222022117404883,-2.0,0.3222208457479256,-2.0,-2.0,-2.0,-2.0,-2.0,-2.0,-2.0,0.32224616744879053,-2.0,-2.0,-2.0,-2.0,-2.0,-2.0,-2.0,-2.0,0.32218305567157385,-2.0,-2.0,-2.0,-2.0,-2.0,0.3220824171444646,-2.0,-2.0,-2.0,-2.0,-2.0,-2.0,0.3218938419898422,-2.0,-2.0,-2.0,-2.0,0.3217022284180546,-2.0,-2.0,0.32155978454300266,0.3215071435836714,0.32145177637025285,0.32139345638402816,-2.0,-2.0,-2.0,-2.0,-2.0,-2.0,-2.0,-2.0,-2.0,-2.0,-2.0,-2.0,-2.0,-2.0,0.32007125053051827,0.3199447374433709,-2.0,-2.0,-2.0,-2.0,-2.0,-2.0,-2.0,-2.0,-2.0,-2.0,0.31807998367216006,-2.0,0.3176255146658631,-2.0,-2.0,-2.0,-2.0,0.3162858903582013,-2.0,0.31565660210414836,-2.0,-2.0,-2.0,0.314208433549649,-2.0,-2.0,0.3129316771458202,-2.0,0.3119763464332689,0.31146468635162244,-2.0,-2.0,-2.0,-2.0,-2.0,0.3078409075481591,-2.0,0.30639136012524015,-2.0,0.3048011573402843,-2.0,0.3030566360852952,-2.0,-2.0,-2.0,-2.0,0.29791849241249924,0.29674028021415105,-2.0,0.29421373334598805,-2.0,-2.0,-2.0,0.2884016234928773,-2.0,0.2850662151531839,-2.0,0.2814073127182327,0.2794468091566584,0.2773934644279069,-2.0,0.2729903342896902,-2.0,-2.0,0.2655721381930936,0.26286141627692305,-2.0,-2.0,0.2539343856305363,0.2506724239316705,-2.0,0.24367761372371677,-2.0,0.23600438215683098,-2.0,-2.0,0.22307686822385164,0.21835315154615845,0.21340564433063164,-2.0,-2.0,-2.0,-2.0,-2.0,-2.0,-2.0,0.16438610408500384,0.1568821143446315,-2.0,0.14079085894187693,0.13217037021892122,0.12313899110083198,0.11368107330370705,-2.0,0.09339998460454813,-2.0,0.07115177651707172,-2.0,0.04674590452433258,0.03366915060938108,-2.0,-2.0,-2.0
0.4852098942027478,-2.0,0.3295992453502168,0.3297066333850115,0.32980883142085704,0.329905974596751,0.3299983816782596,0.330086533140951,0.3301696164974918,0.33024899689652676,0.3303246692264783,0.33039629671888443,0.3304644577086234,-2.0,0.33059031862117344,-2.0,0.3307039259073942,0.33075651390952127,-2.0,-2.0,-2.0,0.33093996255344926,0.33097984612767,-2.0,-2.0,0.3310865635968766,-2.0,-2.0,0.3311757940975869,0.33120153624841286,-2.0,-2.0,-2.0,-2.0,0.3313071642943311,-2.0,-2.0,0.3313524718671001,-2.0,-2.0,0.3313856320792679,0.33139404444643444,-2.0,-2.0,-2.0,0.33141489873968066,-2.0,-2.0,-2.0,0.3314162556385985,-2.0,-2.0,0.3314044572908397,-2.0,0.331390389271939,-2.0,-2.0,-2.0,-2.0,-2.0,-2.0,-2.0,-2.0,-2.0,0.3312397101440837,-2.0,-2.0,0.33116519549289536,0.33113692614419343,-2.0,0.331074882660377,-2.0,-2.0,-2.0,-2.0,-2.0,-2.0,-2.0,0.33074247552807007,0.3306900012473696,-2.0,-2.0,-2.0,-2.0,0.3303836271881368,-2.0,-2.0,0.33015972246910813,0.33007750060823277,-2.0,-2.0,-2.0,-2.0,0.3296013161193675,0.3294916368856485,-2.0,0.3292560200046587,-2.0,0.32899702048930723,-2.0,0.32871243057933597,-2.0,0.3283997771921356,-2.0,0.328056405493711,-2.0,-2.0,-2.0,-2.0,0.3270435310712333,0.32681105205708494,0.32656748080491105,-2.0,-2.0,-2.0,-2.0,-2.0,-2.0,-2.0,-2.0,-2.0,-2.0,0.3229883083107835,0.32256304970224864,-2.0,-2.0,-2.0,-2.0,-2.0,-2.0,-2.0,-2.0,-2.0,-2.0,-2.0,-2.0,-2.0,-2.0,-2.0,0.31224277817463253,-2.0,-2.0,-2.0,-2.0,-2.0,0.3059264804416031,0.30469244922237454,0.30339995969847106,-2.0,-2.0,0.29914328159164355,0.2975878592448327,-2.0,-2.0,-2.0,-2.0,-2.0,-2.0,-2.0,-2.0,0.2798173897827997,-2.0,0.2747583597753135,-2.0,-2.0,-2.0,-2.0,0.2598587324861614,-2.0,-2.0,0.2491160816469853,0.24519069616111042,-2.0,-2.0,0.23226317961384918,0.22753944751847452,-2.0,-2.0,0.21198271085610915,-2.0,-2.0,-2.0,0.1875775987440024,0.18073704881887317,-2.0,-2.0,0.15820898579162,-2.0,-2.0,-2.0,0.12286742732160957,-2.0,-2.0,0.09171962228055575,0.080338475931859,-2.0,-2.0,0.04285550082741707,0.029159279926034565,-2.0,-0.00021020168760210733
0.4713753134116723,0.33827041183401385,-2.0,0.33850371629238235,0.33861191201322016,0.3387148144174102,0.3388129876259522,0.3389056844849205,0.33899441849341927,0.33907830229196734,-2.0,-2.0,0.33930633638189084,0.33937477535417737,0.3394398623397437,-2.0,0.339560277468271,0.33961587970227675,-2.0,0.3397186184587516,0.33976602985985327,-2.0,-2.0,0.3398932914956853,-2.0,-2.0,0.34000006973673086,-2.0,-2.0,-2.0,-2.0,-2.0,0.3401620047725497,-2.0,-2.0,-2.0,-2.0,-2.0,0.3402650729070052,-2.0,0.3402880206915958,-2.0,-2.0,-2.0,0.3403176920608859,-2.0,-2.0,0.3403265858589523,-2.0,-2.0,0.34032461951093773,0.3403209010702577,-2.0,-2.0,-2.0,-2.0,-2.0,0.34027418937478154,-2.0,-2.0,-2.0,-2.0,-2.0,-2.0,-2.0,-2.0,-2.0,-2.0,-2.0,-2.0,-2.0,-2.0,-2.0,-2.0,-2.0,-2.0,-2.0,-2.0,-2.0,-2.0,-2.0,-2.0,-2.0,0.33937425542423644,0.3393055005873491,-2.0,-2.0,-2.0,-2.0,-2.0,-2.0,-2.0,-2.0,-2.0,-2.0,-2.0,-2.0,-2.0,0.3379200357517691,-2.0,0.3376355671333276,-2.0,-2.0,-2.0,-2.0,-2.0,-2.0,-2.0,0.3361890022267009,-2.0,0.3357346975578584,-2.0,-2.0,-2.0,-2.0,-2.0,0.33408815781348145,-2.0,-2.0,0.333075981052387,0.33270585702022787,-2.0,0.331912325998289,-2.0,-2.0,-2.0,-2.0,-2.0,-2.0,-2.0,0.32788875277342333,0.32727245256200505,-2.0,-2.0,0.3252432332813153,-2.0,-2.0,-2.0,-2.0,-2.0,-2.0,0.31925332629991143,-2.0,-2.0,-2.0,-2.0,-2.0,0.31232430464589067,-2.0,-2.0,-2.0,-2.0,-2.0,0.3031768681359776,0.30138983029112415,0.29951796490163896,-2.0,-2.0,-2.0,-2.0,-2.0,0.28627082894584593,-2.0,0.280972148322817,0.2781330923840332,0.2751595541723303,0.2720451427923023,0.26878319050199256,0.26536689401220775,-2.0,0.2580405425113992,-2.0,-2.0,0.24569773509423956,0.2411876616446924,-2.0,-2.0,0.22633454060037708,0.220907189351282,0.21522273565579075,0.20926901188535435,0.20303324371243628,0.1965020839684102,0.18966153349196843,0.18249693922393154,0.17499293665209448,0.16713346393802428,0.15890173259088852,-2.0,-2.0,0.13179191165449747,0.12188595145879791,0.11151079035120626,0.10064406020476951,0.08926261494940863,-2.0,-2.0,-2.0,-2.0,0.023738797353976937,-2.0
0.4579351920657804,0.3467956243478767,0.34692227576882206,0.34704262035907535,0.34715727926483253,0.34726583592388743,0.3473694439828772,0.34746768253757493,0.34756123141212236,0.34765011752627595,0.34773462528894705,0.34781505311823063,0.34789138996373276,0.347963778037888,0.3480327388476426,0.348098030470688,0.3481601080799239,0.34821889794918975,0.3482748825928938,0.3483277515416292,0.3483779603131044,-2.0,0.3484704189092791,-2.0,0.34855282206545835,-2.0,-2.0,-2.0,0.34869154771559213,0.3487212425980202,-2.0,-2.0,-2.0,0.34882190648809724,0.3488425092828731,0.3488618246849834,-2.0,0.34889566799643446,-2.0,-2.0,-2.0,-2.0,0.348954912224856,-2.0,-2.0,-2.0,-2.0,-2.0,-2.0,-2.0,-2.0,-2.0,0.34897347054462347,-2.0,-2.0,0.3489538026276106,-2.0,-2.0,-2.0,-2.0,0.3488938973759785,0.3488776312974241,-2.0,-2.0,-2.0,-2.0,-2.0,-2.0,-2.0,-2.0,-2.0,-2.0,-2.0,0.3485519982374363,-2.0,-2.0,0.34842577956399867,-2.0,0.34832944207544253,0.3482773156314878,-2.0,-2.0,-2.0,-2.0,-2.0,0.3479017062840027,-2.0,-2.0,-2.0,-2.0,-2.0,-2.0,-2.0,-2.0,-2.0,-2.0,-2.0,0.34672103079883126,-2.0,-2.0,0.34630428353326986,0.3461517577089726,-2.0,-2.0,-2.0,0.345464727767383,-2.0,-2.0,-2.0,-2.0,0.3444039350590173,-2.0,-2.0,-2.0,-2.0,-2.0,-2.0,-2.0,-2.0,0.3417453875448979,0.34137542275538285,-2.0,-2.0,-2.0,-2.0,-2.0,0.3387561225650541,-2.0,0.33770811123934824,0.3371465399902538,0.33655833450090333,-2.0,-2.0,0.3346212074074017,-2.0,-2.0,-2.0,0.331581415167581,-2.0,-2.0,-2.0,-2.0,-2.0,-2.0,-2.0,-2.0,0.3222867780956737,-2.0,0.3196405446088186,0.3182226754671479,-2.0,-2.0,-2.0,-2.0,-2.0,-2.0,-2.0,0.3041741725909076,-2.0,-2.0,-2.0,-2.0,-2.0,-2.0,0.2868031418717177,-2.0,0.2807151896956336,-2.0,-2.0,-2.0,-2.0,-2.0,-2.0,-2.0,0.24985788910774476,-2.0,-2.0,-2.0,-2.0,-2.0,-2.0,-2.0,-2.0,-2.0,-2.0,0.18366308625271466,0.17580356274479167,-2.0,0.1589519176805614,-2.0,0.14046201226272018,0.13055606632336195,0.12018084374517701,0.10931416392720156,-2.0,0.0860121019799504,-2.0,-2.0,0.04675395675228461,-2.0,0.017384373253442775
0.44487828311275845,0.3550696204716151,0.35520318955274116,0.35533036683643204,-2.0,-2.0,0.3556753393060593,0.3557792459889999,0.3558780528689334,-2.0,-2.0,0.3561460543787241,0.3562269061462476,0.3563035011713624,-2.0,0.35644506081179345,0.35651086026581974,0.35657308320735664,-2.0,-2.0,0.3567410031004647,0.3567913262893637,-2.0,-2.0,0.35692628015404465,0.3569665930124469,-2.0,-2.0,-2.0,-2.0,0.35713461922660367,-2.0,-2.0,0.35721239941633076,-2.0,0.3572551381894427,-2.0,-2.0,-2.0,-2.0,-2.0,0.35734644055270276,-2.0,-2.0,-2.0,-2.0,0.357383319510751,-2.0,0.3573885517923779,-2.0,-2.0,0.3573864026899753,-2.0,-2.0,-2.0,-2.0,-2.0,-2.0,-2.0,0.35732203222134273,-2.0,-2.0,-2.0,-2.0,0.3572350079389154,-2.0,-2.0,0.3571633943540105,-2.0,0.3571067627331043,-2.0,0.35704246353089397,-2.0,-2.0,0.35693041445322116,0.35688858994815664,-2.0,-2.0,-2.0,-2.0,-2.0,-2.0,-2.0,-2.0,-2.0,-2.0,-2.0,-2.0,-2.0,-2.0,0.35591155586564044,-2.0,-2.0,0.3556131145395943,-2.0,0.3553891057987499,-2.0,-2.0,-2.0,-2.0,-2.0,-2.0,-2.0,-2.0,0.3540705276674396,-2.0,-2.0,0.3534918025155114,-2.0,0.3530583735097555,0.35282601445048484,0.35258256773895547,-2.0,-2.0,-2.0,-2.0,-2.0,-2.0,-2.0,0.35016777718447806,-2.0,-2.0,-2.0,-2.0,-2.0,-2.0,-2.0,-2.0,-2.0,0.34556914810815115,0.34498096306964116,-2.0,-2.0,-2.0,0.34233574788497595,0.34159424824237655,-2.0,-2.0,-2.0,-2.0,-2.0,-2.0,-2.0,0.33424663730038207,-2.0,0.3319435724327369,0.3307095663666957,-2.0,0.3280633788387266,-2.0,-2.0,-2.0,-2.0,-2.0,-2.0,-2.0,-2.0,-2.0,-2.0,-2.0,-2.0,-2.0,-2.0,-2.0,0.29522605071602737,-2.0,0.28913810910818705,0.2858761557166441,-2.0,-2.0,-2.0,0.2712081600791375,0.26709685258030824,-2.0,0.25828066900443186,-2.0,0.248609435993968,-2.0,-2.0,-2.0,0.22636209469354557,0.22012632428427456,-2.0,-2.0,0.19959000210698788,0.19208600097956424,-2.0,-2.0,-2.0,-2.0,0.14888495987406766,-2.0,-2.0,0.11773712785491569,-2.0,0.09443508762951697,-2.0,-2.0,-2.0,-2.0,-2.0
0.43219366018265265,0.3630984005548774,0.36323952191868236,0.3633736514703753,0.36350120193731694,0.36362245017403855,0.3637378243181208,0.3638474664239711,-2.0,0.36405076435388506,0.36414473144344084,0.3642343238151166,-2.0,-2.0,-2.0,0.36454977542443345,0.36461900731993113,-2.0,0.3647471829162127,-2.0,-2.0,0.364915521493626,0.364965805183468,0.36501330541532323,0.3650581821460894,-2.0,-2.0,-2.0,0.3652141811045195,0.3652479059975955,-2.0,0.36530862820860277,0.36533637739118524,-2.0,0.36538551132825337,-2.0,-2.0,-2.0,-2.0,0.3654796721196489,-2.0,-2.0,-2.0,0.3655273163842129,-2.0,-2.0,-2.0,-2.0,0.36555473420540713,-2.0,-2.0,-2.0,0.3655522397333395,0.3655482301267266,-2.0,0.3655361051017137,0.36552795892074214,-2.0,-2.0,-2.0,0.36548108513343375,-2.0,-2.0,0.3654301769294613,-2.0,-2.0,-2.0,-2.0,0.3653123581419377,-2.0,-2.0,-2.0,-2.0,0.3651476515608931,-2.0,-2.0,-2.0,-2.0,-2.0,-2.0,-2.0,0.3647634057204411,-2.0,-2.0,-2.0,-2.0,-2.0,-2.0,0.36426808427978136,-2.0,-2.0,-2.0,0.36389815632889394,-2.0,-2.0,-2.0,0.36344967569161185,-2.0,-2.0,-2.0,-2.0,-2.0,-2.0,-2.0,-2.0,-2.0,-2.0,0.3616736189634548,0.3614620077222874,-2.0,0.36100805586814405,-2.0,-2.0,-2.0,-2.0,-2.0,0.35936207451585656,-2.0,0.35870317497473586,-2.0,-2.0,0.35759266063555156,-2.0,0.35676159127977447,-2.0,-2.0,-2.0,-2.0,0.3543131840798213,-2.0,0.35316348048370727,0.3525474106344651,-2.0,-2.0,0.3505183288150241,0.34977684252557134,-2.0,-2.0,-2.0,-2.0,-2.0,-2.0,-2.0,0.3424293234531469,-2.0,0.34012627412585344,-2.0,0.33759980678385937,-2.0,-2.0,0.33334322800794547,-2.0,0.3301587473512322,-2.0,-2.0,-2.0,0.322833154490299,0.3207798269183878,0.31862923358484496,0.31637672938157757,0.31401752972737096,0.3115466019265541,-2.0,-2.0,0.30340886355473146,-2.0,-2.0,-2.0,-2.0,-2.0,-2.0,0.2793909902387234,-2.0,-2.0,0.2664635113003391,-2.0,-2.0,-2.0,-2.0,0.24049863497824409,0.23454491116459902,0.22830913027559954,-2.0,-2.0,0.2077728498124424,0.20026884015162838,0.1924094543331408,-2.0,0.175555889124596,0.16652574702978562,0.15706783142311512,0.1471618989001409,-2.0,-2.0,-2.0,-2.0,0.0901326408450599,-2.0,-2.0,0.04901478462180925,0.033990207353954194
0.41987070844439095,0.370889318715743,0.37103790725347313,0.37117943016146426,0.3713137222682358,0.37144151010917303,0.3715630074773484,0.37167862329352935,0.3717886084914633,0.37189307814612144,0.371992492000622,0.3720865522268439,0.37217602916372333,0.3722612683739872,-2.0,0.37241897698959414,0.37249191001062,0.3725611530845042,-2.0,0.37268927393556145,-2.0,0.37280487283232966,0.3728575459734663,0.3729079374964864,-2.0,0.373000464108208,-2.0,-2.0,-2.0,0.3731560408824245,-2.0,-2.0,0.3732497028533851,0.37327723095793697,-2.0,0.37332599112528614,0.3733479937448918,0.37336817550580564,0.37338667644262497,-2.0,-2.0,-2.0,-2.0,-2.0,0.3734645881434646,-2.0,-2.0,-2.0,-2.0,-2.0,-2.0,-2.0,0.37348773243755257,-2.0,-2.0,-2.0,-2.0,-2.0,-2.0,-2.0,-2.0,0.373405995980119,-2.0,-2.0,-2.0,-2.0,-2.0,-2.0,-2.0,-2.0,-2.0,-2.0,-2.0,0.37309199935748383,-2.0,-2.0,-2.0,-2.0,0.37287261496672713,-2.0,0.3727666667925944,-2.0,-2.0,-2.0,-2.0,-2.0,-2.0,-2.0,-2.0,-2.0,-2.0,0.37194477886510474,-2.0,-2.0,0.37163224523801053,-2.0,-2.0,-2.0,-2.0,-2.0,-2.0,-2.0,-2.0,-2.0,0.37020054472005337,-2.0,-2.0,-2.0,0.3694105853359602,0.36918890844522356,-2.0,0.3687132814593532,-2.0,0.36819117738991425,-2.0,0.3676181290485402,-2.0,0.3669892176653401,0.36665215223983205,0.36629904572151445,-2.0,-2.0,-2.0,-2.0,0.3642653640573483,-2.0,0.36331029922858177,-2.0,0.3622624009827741,0.36170089577061204,-2.0,-2.0,0.35985141970669965,0.359175552538786,-2.0,-2.0,-2.0,-2.0,-2.0,0.354391731113096,-2.0,-2.0,-2.0,-2.0,-2.0,0.3480757178849881,-2.0,-2.0,0.3441955622665177,-2.0,-2.0,0.3397373172534074,0.3381082519751297,0.3364019834284031,-2.0,-2.0,-2.0,-2.0,-2.0,0.3243262636939803,-2.0,0.31949610406839424,-2.0,0.3141974633217739,-2.0,0.30838503230986414,0.3052704821124679,0.30200854714257436,-2.0,0.29501377408642776,0.29126594594600486,0.2873405609856968,0.2832292376846976,-2.0,-2.0,0.26968937861014586,0.2647418860726589,-2.0,0.25413265573579835,0.24844827335801778,0.2424944914795114,0.23625874520210413,0.22972757590421092,-2.0,-2.0,0.20821845051093663,0.20035897878665168,-2.0,-2.0,-2.0,0.16501743492249785,0.15511148402349897,-2.0,0.13386961684358006,-2.0,-2.0,-2.0,0.08500552628995356,0.07130936813637279,0.05696436444813119,0.04193993484641356
0.40789911572300924,0.378448344303474,0.37860516849274367,0.378754016890618,0.3788954046169653,0.37903012737043695,0.37915787324793765,-2.0,0.3793951704067871,0.3795050665232173,-2.0,-2.0,0.37980344058287424,0.3798929653686012,0.3799780149693876,-2.0,0.3801360911487344,-2.0,-2.0,-2.0,-2.0,0.38046545715551555,0.38052132544622247,0.38057415330562516,0.3806244277882112,-2.0,-2.0,0.38075897701255673,0.3807986906969617,0.38083616479851734,0.3808716514355325,-2.0,0.380935586173287,0.38096459706501706,-2.0,0.381016976002544,0.3810402946794908,-2.0,-2.0,-2.0,-2.0,-2.0,-2.0,0.3811565511898747,0.3811665518925386,-2.0,0.38118257254652754,-2.0,-2.0,-2.0,-2.0,0.381197496689763,-2.0,-2.0,-2.0,-2.0,0.3811768036211644,-2.0,-2.0,0.3811469397342042,-2.0,-2.0,0.3811033509818575,-2.0,-2.0,-2.0,-2.0,-2.0,-2.0,-2.0,0.3809127669292469,-2.0,0.3808460604063891,-2.0,-2.0,0.3807295577778318,-2.0,0.3806399543500498,-2.0,-2.0,-2.0,-2.0,-2.0,-2.0,-2.0,-2.0,-2.0,-2.0,-2.0,-2.0,-2.0,-2.0,-2.0,-2.0,0.3793531996367749,0.37923870951855476,-2.0,-2.0,-2.0,0.37872202879900163,-2.0,0.3784245378681569,-2.0,0.3780976979662761,-2.0,0.3777384922080034,-2.0,0.377344037584114,0.377132529754103,-2.0,0.37667867865271665,-2.0,-2.0,0.3759133432133462,0.37563352269480654,-2.0,-2.0,-2.0,-2.0,-2.0,0.37365156787586684,-2.0,-2.0,0.37243318344431237,-2.0,-2.0,-2.0,0.3705210638201948,-2.0,-2.0,0.3688353624279726,0.36821933271402585,0.36757408637326255,0.3668982431986542,0.3661903460468786,-2.0,-2.0,0.3638588562465654,0.3630068666977158,-2.0,-2.0,-2.0,-2.0,0.35810155831317025,-2.0,0.3557985474277714,-2.0,-2.0,0.3519184298013085,0.3505005825842178,-2.0,-2.0,-2.0,-2.0,-2.0,-2.0,-2.0,-2.0,-2.0,-2.0,-2.0,-2.0,0.32463102188845633,0.32192039965717945,0.31908138876558634,-2.0,-2.0,0.3097314955639158,-2.0,-2.0,-2.0,0.29506354880464514,0.2909522345462527,-2.0,0.28213606716639883,0.27741233883690775,0.27246483833082324,0.26728297540087587,-2.0,0.2561717044196132,-2.0,0.24398172215786482,-2.0,-2.0,0.2234454579681285,0.21594145892905897,0.208081986803034,-2.0,0.19122897770366173,0.18219837480582818,0.1727404637073958,0.16283451488128783,-2.0,-2.0,0.13021118122101683,-2.0,0.10580534536650243,0.09272854136430969,0.07903235495310112,0.06468736851391826,0.04966281363099839
0.39626886387014776,0.3857823307211107,0.3859472801417287,0.3861041484808866,0.3862526365844852,0.3863944021136161,0.38652878985078737,0.386656839030488,0.3867781044456102,0.38689368245384725,-2.0,0.38710814481204353,0.38720726015402596,0.38730166672671534,-2.0,-2.0,0.38755758115915756,-2.0,0.3877069431730511,-2.0,0.38784185303627394,-2.0,0.3879628366939586,-2.0,0.3880716135856833,-2.0,0.38816878241786607,0.3882134173624009,-2.0,0.3882951061408788,0.3883324136435676,-2.0,0.3884004039887859,-2.0,-2.0,-2.0,-2.0,-2.0,-2.0,0.3885751251371064,-2.0,-2.0,0.38862345060389847,-2.0,0.3886476316883989,-2.0,0.38866594169498725,-2.0,0.38867777128853115,-2.0,0.3886838103025042,0.38868469303795117,-2.0,0.3886830431707681,0.38867879547931966,0.3886736745337194,0.3886672569831862,-2.0,-2.0,-2.0,0.3886265331539543,-2.0,-2.0,-2.0,-2.0,-2.0,-2.0,0.3884932375280276,0.38846714363067275,-2.0,-2.0,-2.0,-2.0,-2.0,-2.0,-2.0,-2.0,0.3881381466165701,0.38808969731255644,0.3880385296468919,-2.0,-2.0,-2.0,0.38780437012645025,-2.0,-2.0,0.3875941881534647,-2.0,0.3874354104002337,0.38734992740533947,-2.0,-2.0,-2.0,-2.0,-2.0,-2.0,-2.0,0.38649366670724755,-2.0,-2.0,-2.0,-2.0,-2.0,-2.0,-2.0,-2.0,0.3850475321758664,-2.0,0.3846342939054126,-2.0,-2.0,-2.0,-2.0,0.38341533803618627,-2.0,-2.0,-2.0,-2.0,-2.0,-2.0,-2.0,-2.0,-2.0,0.3799355033551296,0.3794902222354353,0.37902379699892863,0.378535230595166,-2.0,-2.0,-2.0,0.3763378400227566,-2.0,-2.0,-2.0,0.373692891616937,0.3729514471476199,-2.0,-2.0,-2.0,0.36961710862275454,-2.0,0.36770349965574234,0.3666781515943788,-2.0,-2.0,-2.0,0.36206725172780324,-2.0,-2.0,-2.0,-2.0,-2.0,0.3533338582270247,0.35162762099260797,-2.0,-2.0,-2.0,-2.0,-2.0,0.33955200830924936,0.3371928589361852,0.33472182221502295,-2.0,0.32942329521817665,-2.0,0.3236106299211532,-2.0,0.3172342985227415,0.31381798248533505,-2.0,0.3064917448922385,0.302566354821027,-2.0,-2.0,-2.0,-2.0,0.27996767992077826,0.2747858171876958,0.2693609612367807,-2.0,0.2577203157688383,-2.0,0.24495345971731589,-2.0,-2.0,0.2234442950174429,0.21558483643761536,0.20735307419114607,-2.0,0.1897012170811626,0.18024329671606878,-2.0,0.15996215868857078,0.14909549248925696,-2.0,0.12579343600813625,-2.0,0.1002314618998485,0.08653520371068563,0.07219030826070655,-2.0
0.3849702203805975,0.39289697921225475,0.3930700553567832,0.3932346017940361,0.39339112688886746,0.39353995156766525,0.3936813562003105,0.3938157008598369,-2.0,0.39406495511943873,0.39418047212578655,0.39429030701968365,0.3943944810592704,0.3944937288981317,0.3945879251554643,-2.0,0.3947622805225257,-2.0,0.3949196267204527,0.39499251642841815,0.3950615890351935,0.3951269553893458,-2.0,-2.0,0.3953035351024309,-2.0,0.3954057584433531,-2.0,-2.0,0.3955392868597126,0.3955787759134716,-2.0,-2.0,0.39568262152661676,0.3957131820414428,-2.0,0.3957679037255357,-2.0,-2.0,0.3958358644235586,-2.0,-2.0,0.39588789164778915,-2.0,-2.0,0.3959250559021277,-2.0,-2.0,0.39594818098410595,-2.0,-2.0,-2.0,-2.0,0.3959564038126568,-2.0,-2.0,0.3959434775769473,-2.0,0.3959276781195374,0.39591744683583885,-2.0,-2.0,-2.0,-2.0,0.39584077027080117,-2.0,-2.0,-2.0,-2.0,0.3957211570995934,-2.0,0.39565978519175415,0.3956259554449942,0.39558993484384075,-2.0,0.39551100871030814,0.39546793411984826,0.3954224945862511,-2.0,-2.0,-2.0,-2.0,-2.0,0.39508972490500854,-2.0,-2.0,0.39488001661196503,-2.0,-2.0,-2.0,0.39454650383544276,-2.0,0.3943534688119636,-2.0,-2.0,-2.0,-2.0,-2.0,0.39364883485498214,-2.0,-2.0,-2.0,0.39305382504232306,-2.0,-2.0,-2.0,0.3923352796136703,0.39213355084725104,-2.0,-2.0,-2.0,-2.0,-2.0,-2.0,0.39042368978451436,-2.0,0.3898235754105678,-2.0,0.38916494490368175,-2.0,0.3884421511209361,-2.0,0.3876489945537557,-2.0,0.3867786781245853,-2.0,0.3858237345983773,0.3853120034083473,-2.0,0.3842145228089443,0.3836264279071585,-2.0,-2.0,0.3816894080834686,-2.0,-2.0,0.3794635452451201,-2.0,-2.0,-2.0,0.3759711984373932,-2.0,-2.0,0.3728929818818908,-2.0,-2.0,-2.0,-2.0,0.3667100779539127,-2.0,-2.0,0.3622517669088665,-2.0,-2.0,0.35712938889283313,-2.0,-2.0,-2.0,0.34909333141883936,0.34684085582605695,0.3444816711085452,-2.0,0.3394227158331005,-2.0,0.3338730738220304,-2.0,-2.0,-2.0,0.32110677683832384,0.31752847427851816,-2.0,-2.0,-2.0,0.3014379058979625,0.2969278295291091,0.29220411200897056,-2.0,0.28207476347941673,-2.0,0.2709630150976823,0.26500927104718547,0.2587735333551774,0.2522423751650863,0.24540184463809597,-2.0,0.23073327654340947,0.2228738952414707,0.21464206703003613,-2.0,-2.0,0.18753228424680804,0.17762633144824727,0.1672511321696888,0.1563844542667337,0.1450029965448752,0.1330824141915366,0.12059714023575308,0.10752038117816293,-2.0,0.07947919006959853,0.06445471722364948
0.37399373024787974,0.39979779119835757,0.3999798054308713,-2.0,0.40031735779942834,-2.0,0.4006221737719525,0.40076303733710045,-2.0,0.40102506681858796,0.401146255336556,0.40126150457328563,0.40137094187931405,0.40147496823595097,0.40157377578486336,0.40166787331923837,0.4017570062058383,0.4018419533278748,-2.0,0.4019986703932491,0.4020711686358409,0.40214029336298934,-2.0,0.40226711855902214,0.4023257954602254,0.40238109136985206,-2.0,-2.0,0.40252943833255334,0.40257372590597573,-2.0,-2.0,-2.0,-2.0,-2.0,-2.0,-2.0,-2.0,-2.0,-2.0,0.4029083806742141,-2.0,-2.0,-2.0,-2.0,-2.0,0.4029945939903071,-2.0,-2.0,-2.0,-2.0,-2.0,0.40302310810027,-2.0,-2.0,0.4030167321961748,-2.0,-2.0,-2.0,-2.0,0.40297523075121294,-2.0,-2.0,-2.0,-2.0,-2.0,-2.0,-2.0,-2.0,0.40279519501543054,-2.0,-2.0,0.40270092797401497,0.40266519081125174,-2.0,-2.0,0.4025439689664898,-2.0,-2.0,-2.0,-2.0,-2.0,-2.0,0.4021671962557421,-2.0,-2.0,0.4019579751044593,0.4018808518109377,0.40179976713458104,-2.0,0.4016250144267981,-2.0,-2.0,-2.0,-2.0,-2.0,-2.0,-2.0,-2.0,0.4005899159073895,-2.0,0.40029288719028416,-2.0,-2.0,-2.0,-2.0,-2.0,-2.0,-2.0,-2.0,-2.0,-2.0,-2.0,0.39778372275734347,-2.0,-2.0,-2.0,-2.0,-2.0,0.39589245856819566,-2.0,-2.0,-2.0,-2.0,-2.0,-2.0,-2.0,0.3923927369643366,-2.0,0.391295301240175,0.3907072327327623,0.3900912514964581,0.3894460596798124,0.3887702646757783,-2.0,-2.0,-2.0,0.3857310585778597,-2.0,0.3839867888974623,-2.0,-2.0,0.3810478960602316,0.37997397112162146,-2.0,-2.0,-2.0,-2.0,0.3737909968970136,0.37237317424362937,-2.0,-2.0,-2.0,-2.0,0.36421047709006055,-2.0,-2.0,-2.0,-2.0,-2.0,-2.0,-2.0,-2.0,-2.0,0.3409542065795204,0.3379807104858584,0.3348664871267427,-2.0,0.3281879205299824,-2.0,0.32086181120420043,0.3169364665452422,0.3128251334784533,0.30851906606671387,-2.0,0.2992852841983634,-2.0,0.2891559713249303,-2.0,-2.0,-2.0,-2.0,-2.0,-2.0,0.24531842951452057,-2.0,-2.0,-2.0,-2.0,0.20407136309309126,-2.0,0.1847075566630814,0.17433233326131714,0.16346567043788157,0.1520842458676251,-2.0,-2.0,-2.0,0.10090540484362337,0.08656039440993041,0.0715359765588175
0.36333020805204425,0.4064911608285156,0.4066821559258886,-2.0,0.4070365209940911,0.40720047976528284,0.40735615825023663,0.40750435653140527,0.4076452279053096,0.4077794610817265,0.40790639846701254,0.4080273800047478,0.4081420969033088,0.4082513630536985,0.4083550923819249,0.4084535876461321,-2.0,-2.0,0.4087209958400597,-2.0,0.40887699201660194,0.4089493728164826,0.40901778429503227,0.4090825510242704,0.40914400716246796,0.40920227854911395,-2.0,-2.0,0.40935879912793816,-2.0,0.4094488102952907,-2.0,0.4095286033123856,-2.0,-2.0,0.40963083959838126,0.4096605352881318,-2.0,0.4097138284689451,-2.0,-2.0,0.4097791095598595,-2.0,-2.0,-2.0,-2.0,-2.0,-2.0,-2.0,-2.0,0.4098812141159351,0.4098844748659905,0.40988617415167666,0.40988631599922964,-2.0,-2.0,-2.0,-2.0,0.4098637713522725,0.40985429007633917,0.4098433719224268,0.40983081013887707,0.4098167375661009,-2.0,-2.0,-2.0,-2.0,-2.0,-2.0,-2.0,-2.0,-2.0,-2.0,-2.0,-2.0,-2.0,-2.0,-2.0,-2.0,0.40927457328382927,-2.0,0.409164832172305,-2.0,-2.0,0.4089766831258996,-2.0,-2.0,-2.0,-2.0,0.40859100096301654,-2.0,-2.0,0.4083090514012512,-2.0,-2.0,-2.0,-2.0,-2.0,-2.0,0.4074674507313658,-2.0,-2.0,-2.0,0.4068442417811635,0.4066691511266947,-2.0,-2.0,-2.0,-2.0,-2.0,-2.0,0.4051837946216743,-2.0,-2.0,-2.0,-2.0,0.40378252462848657,-2.0,-2.0,-2.0,-2.0,0.40201407121768407,0.401608343975299,-2.0,-2.0,-2.0,0.3997832961392912,0.3992716087439947,-2.0,0.3981742201303235,0.3975861653434671,-2.0,0.39632503388378587,-2.0,-2.0,-2.0,-2.0,-2.0,-2.0,-2.0,-2.0,0.3889523332437555,-2.0,-2.0,0.38572830596922864,0.3845501924619107,0.3833162556643045,0.38202383660981115,0.3806701679807315,0.37925239743777106,-2.0,-2.0,-2.0,-2.0,0.3710897145320142,0.3692179746659155,0.36725756830254563,-2.0,0.36305369705886187,0.3608012397421153,0.3584420538098984,-2.0,-2.0,-2.0,-2.0,0.3448599889452856,0.34174561011233384,0.33848367186959794,-2.0,0.33148892690591686,0.3277411406245066,-2.0,-2.0,-2.0,-2.0,-2.0,0.301217124215602,-2.0,-2.0,-2.0,-2.0,0.2727340537345607,0.2662028978971428,-2.0,-2.0,0.2446937914550003,0.23683434820882657,-2.0,0.21998088212350395,-2.0,-2.0,-2.0,-2.0,0.17034499844011353,-2.0,-2.0,-2.0,-2.0,0.10778475527430309,-2.0,-2.0
0.35297073027306497,0.41298203987079174,0.4131828716008126,0.4133735850087949,0.4135544408275701,0.41372634244567136,0.4138897261104219,-2.0,0.41419312778990214,0.414333117609068,-2.0,0.41459339307207815,-2.0,0.41482829615804584,-2.0,0.41504052645075173,0.41513863196720335,0.41523211853854786,0.41532055872637735,0.4154047340786937,0.4154847676821707,-2.0,0.41563219950679453,-2.0,0.41576465866273493,0.4158260210955728,-2.0,-2.0,-2.0,-2.0,-2.0,-2.0,0.4161690178195662,-2.0,-2.0,-2.0,0.4163083120730817,0.41633756407642364,-2.0,-2.0,-2.0,0.4164342959805502,0.41645374473585384,0.4164713775022991,-2.0,0.4165012676385579,-2.0,-2.0,-2.0,-2.0,0.41654606316037124,0.4165501637510838,0.4165526646989208,-2.0,-2.0,-2.0,-2.0,-2.0,0.41653417036746704,0.4165254503701681,0.41651508287901357,0.4165030486696524,-2.0,0.41647404179417785,-2.0,-2.0,-2.0,0.41639409791195864,-2.0,-2.0,-2.0,-2.0,-2.0,-2.0,-2.0,-2.0,-2.0,-2.0,-2.0,-2.0,-2.0,-2.0,-2.0,-2.0,0.41565616157482554,0.41558681025138017,-2.0,-2.0,-2.0,-2.0,0.41518199824435675,-2.0,-2.0,-2.0,-2.0,-2.0,-2.0,-2.0,0.41428692290431735,-2.0,-2.0,-2.0,-2.0,-2.0,-2.0,-2.0,-2.0,-2.0,0.4125623818023285,-2.0,-2.0,-2.0,-2.0,-2.0,-2.0,-2.0,-2.0,0.4101433896539128,0.40980653055743715,-2.0,-2.0,0.40869665674736827,-2.0,-2.0,-2.0,-2.0,0.40646602823954775,-2.0,-2.0,-2.0,-2.0,0.40365306768516535,-2.0,-2.0,0.4016243279293862,-2.0,-2.0,-2.0,-2.0,-2.0,0.39661424059237954,-2.0,-2.0,-2.0,-2.0,0.39123323530294,0.3899993069992375,-2.0,-2.0,-2.0,-2.0,0.38289513777870254,0.3812661042048505,-2.0,-2.0,0.3759011013252599,-2.0,0.3718874039355289,-2.0,-2.0,-2.0,-2.0,-2.0,-2.0,-2.0,-2.0,0.3484288168090287,0.34516687309432065,0.3417504355571928,-2.0,0.3344243467172988,-2.0,-2.0,0.32208158431464406,0.3175715271654148,-2.0,-2.0,-2.0,0.2972911596153101,-2.0,-2.0,0.2794172934290392,0.272886130170629,-2.0,0.25888101000943864,0.2513770300002014,0.24351758940046928,0.2352858132935805,0.2266641025595029,-2.0,0.20817604777517,0.19827011533781005,0.18789492489687154,-2.0,0.16564695062209306,0.1537265461317227,0.14124092441449787,-2.0,0.11446805160152079,-2.0,0.08510131007679367
0.34290662782339987,0.419276430738749,0.41948667624137037,-2.0,0.4198764088665329,0.4200568902129294,-2.0,0.4203910717999158,0.4205456478700683,0.4206927286056349,0.42083247840814986,0.4209654710980079,0.4210914892893736,0.4212118557194049,0.4213255073766013,0.4214337808211195,-2.0,0.42163445316663156,-2.0,-2.0,0.42189908948119936,0.42197848786260045,0.42205393043344175,-2.0,0.42219311050105224,-2.0,-2.0,0.4223752455890357,-2.0,-2.0,0.42252911143890964,-2.0,-2.0,-2.0,-2.0,-2.0,-2.0,0.42279546054635264,0.42282430816343625,-2.0,0.4228755205880761,-2.0,-2.0,0.4229377143596933,-2.0,-2.0,-2.0,-2.0,-2.0,0.42301354051404627,-2.0,-2.0,-2.0,-2.0,-2.0,0.42302835419151325,0.4230251655858018,-2.0,-2.0,-2.0,-2.0,-2.0,-2.0,-2.0,-2.0,-2.0,-2.0,0.4228782682519289,-2.0,-2.0,-2.0,0.4227690622576934,-2.0,-2.0,-2.0,-2.0,-2.0,-2.0,-2.0,-2.0,-2.0,-2.0,-2.0,-2.0,0.42214501956523975,0.42207584494947686,-2.0,-2.0,-2.0,-2.0,0.4216718051476268,0.4215781510591766,-2.0,0.42137646449085714,0.4212679756654266,-2.0,-2.0,-2.0,0.42077764331733514,-2.0,-2.0,-2.0,-2.0,-2.0,-2.0,0.41965874255091207,0.4194665137547885,0.4192650263236705,0.41905385937142003,-2.0,-2.0,0.4183576228982547,-2.0,-2.0,0.4175565967751491,-2.0,-2.0,-2.0,0.4162984837642609,-2.0,-2.0,0.4151887152624904,-2.0,-2.0,-2.0,0.41344667605587304,0.41295822941923727,0.4124465904180144,0.41191066492333445,0.4113492942376743,-2.0,-2.0,0.4095002411100518,0.4088244926372738,-2.0,-2.0,-2.0,-2.0,0.40493358555620523,-2.0,0.4031067460445327,-2.0,-2.0,0.40002864409616734,0.39890385737323875,-2.0,0.39649185032825757,-2.0,-2.0,-2.0,-2.0,-2.0,-2.0,-2.0,-2.0,-2.0,-2.0,0.378380064245765,0.37622948180147076,0.37397706992254387,0.3716178645086904,-2.0,-2.0,-2.0,-2.0,0.35803583951288975,-2.0,-2.0,-2.0,-2.0,0.34091702381356737,-2.0,-2.0,-2.0,-2.0,0.3193405225745942,0.3143930468739216,0.30921119359674143,0.30378391515773323,0.29809945003431504,-2.0,0.2859099811031679,0.2793788595332426,-2.0,-2.0,0.2578697502362204,-2.0,0.2417785459269331,0.23315696565905233,0.2241266877553243,0.2146687812470153,-2.0,0.19438765850540451,0.1835209890364869,-2.0,0.16021923595951942,-2.0,0.13465704432631959,0.12096074536349027,-2.0,0.09159125006447089
0.3331294787934673,0.4253793225803499,0.42559958454955843,0.4258089004528607,0.42600775368138605,0.42619674829029275,0.426376214411643,0.42654690323939526,-2.0,0.42686308241975385,0.42700937089052043,0.4271483682318168,0.4272806280504573,0.42740632717761223,0.4275257839354888,-2.0,0.42774679464359605,0.427849366882889,0.42794656152422705,-2.0,-2.0,-2.0,-2.0,0.42836330922127597,-2.0,-2.0,-2.0,-2.0,-2.0,-2.0,0.42878694102678994,-2.0,-2.0,0.42892273076486387,-2.0,0.4289996984057712,0.42903458320065074,-2.0,-2.0,-2.0,-2.0,-2.0,-2.0,-2.0,-2.0,-2.0,-2.0,0.42928047606305253,0.4292912121506378,-2.0,-2.0,0.4293138851084572,-2.0,-2.0,-2.0,-2.0,0.4293180963963804,-2.0,-2.0,-2.0,-2.0,-2.0,-2.0,-2.0,0.4292370527057896,-2.0,-2.0,0.4291771081599153,0.42915325933686344,-2.0,-2.0,0.4290702429311724,-2.0,-2.0,-2.0,0.4289265062562103,0.42888483370767255,0.42884038133373287,0.42879334148355486,-2.0,0.42869080357212314,0.42863508668792166,-2.0,-2.0,-2.0,0.4283796921970372,-2.0,-2.0,-2.0,0.4280654256612723,-2.0,-2.0,-2.0,-2.0,-2.0,-2.0,-2.0,-2.0,-2.0,-2.0,0.42680067186632187,0.42664897272560687,-2.0,-2.0,0.4261482285896084,-2.0,-2.0,-2.0,0.4253602193032538,0.4251389774920906,-2.0,-2.0,-2.0,0.4241427911517286,-2.0,-2.0,0.4232635802404811,0.4229421141542804,-2.0,-2.0,-2.0,-2.0,-2.0,-2.0,-2.0,-2.0,0.41926533852325854,0.41875373821690276,0.41821782099822946,0.41765647485531704,-2.0,0.41645259643337884,0.41580747878873653,0.415131760056211,-2.0,-2.0,-2.0,-2.0,-2.0,-2.0,-2.0,-2.0,-2.0,-2.0,-2.0,-2.0,0.40279930321017976,-2.0,-2.0,0.39873550330944774,0.3972505461693426,-2.0,0.3940662093347986,-2.0,-2.0,0.3887013016930299,0.3867408589100433,-2.0,-2.0,-2.0,-2.0,0.3754545204112454,0.3728665271289504,-2.0,-2.0,0.36434341443487483,-2.0,-2.0,0.35455069662818794,0.35097241640158755,0.34722460982552455,0.34329927747601074,-2.0,0.3348819050642673,-2.0,-2.0,0.3207006828502744,-2.0,-2.0,0.30440708253287935,-2.0,-2.0,0.28568678157399374,-2.0,-2.0,-2.0,0.2563179683263843,-2.0,0.23946448245791382,-2.0,-2.0,-2.0,-2.0,0.18982864693602763,-2.0,0.16652660892526172,0.15404131596955467,-2.0,0.12726844916272806,0.11292341931681682,0.09789889978767913
0.3236311014039673,0.43129504596556617,0.431526214744724,0.4317454792102603,0.431953659472669,0.4321515832692189,0.43233948423204505,0.43251814031181257,0.4326877711485205,0.4328490862780127,0.433002196439581,0.4331477569737199,0.4332861763603614,-2.0,0.4335425204299215,0.4336611978642931,0.43377410835472535,-2.0,0.4339828749197264,0.4340796107939952,0.43417135975351423,0.43425867023355313,-2.0,0.4344192512724756,0.43449354096715215,0.4345639725469469,-2.0,-2.0,-2.0,-2.0,0.43486336797657876,-2.0,-2.0,-2.0,-2.0,0.4350868829006241,-2.0,-2.0,-2.0,-2.0,-2.0,0.43527336240433245,-2.0,-2.0,-2.0,-2.0,-2.0,-2.0,-2.0,-2.0,-2.0,0.4354225927966879,0.43542764234372927,-2.0,-2.0,0.4354325545519987,-2.0,-2.0,-2.0,-2.0,-2.0,0.4353962984949979,-2.0,0.4353703057579402,0.435354471335172,-2.0,-2.0,-2.0,-2.0,0.43524698431044595,-2.0,-2.0,-2.0,-2.0,-2.0,-2.0,-2.0,0.4349625415986382,0.434915760864232,-2.0,0.4348137178887174,-2.0,-2.0,-2.0,-2.0,0.4345036239074662,-2.0,0.434354869030857,-2.0,-2.0,-2.0,-2.0,0.4339097084518526,-2.0,-2.0,0.433584770412757,0.4334660219881188,-2.0,0.4332089438789511,-2.0,-2.0,-2.0,-2.0,0.4324492630342194,-2.0,-2.0,0.43189912952413007,-2.0,-2.0,-2.0,-2.0,-2.0,-2.0,-2.0,-2.0,-2.0,-2.0,0.4290690966385068,-2.0,-2.0,0.42800997898294646,-2.0,-2.0,-2.0,-2.0,0.4258810163016031,-2.0,0.4248810426416073,0.42434515949971063,0.42378383873552444,0.4231958742537652,-2.0,0.4219349103188427,-2.0,-2.0,-2.0,0.4190336496026902,0.4182203539369777,-2.0,0.41647621751364644,-2.0,-2.0,-2.0,0.4124638123558419,-2.0,-2.0,-2.0,-2.0,0.40628094566379136,-2.0,0.4033782269039535,0.4018229206011618,0.40019391191756154,-2.0,-2.0,-2.0,-2.0,0.3908153113874198,-2.0,-2.0,-2.0,-2.0,-2.0,-2.0,-2.0,-2.0,0.36735682639340694,0.36409493099368584,-2.0,0.3571002110568671,0.35335247245523244,-2.0,0.34531576767831246,-2.0,-2.0,0.33177597370144707,0.3268285053395531,-2.0,-2.0,-2.0,-2.0,-2.0,-2.0,0.2849737785923101,0.2778100312796362,0.27030524634125724,0.26244579789740463,0.2542144695833789,0.24559231287056324,0.23656219103696247,0.22710428365134214,0.2171983701262343,0.20682317671833422,-2.0,-2.0,0.17265447560469327,-2.0,0.1470924519624035,-2.0,-2.0,0.1040267836461834
0.3144035471591499,0.4370292365319997,0.4372711555837913,0.437500829784913,0.43771901920228323,0.437926269291705,0.43812294587559086,0.4383097839000073,0.43848713434205705,0.4386559542663078,0.4388161934036123,0.4389685527795576,0.4391131043376726,0.4392508888086604,0.43938127780814984,-2.0,-2.0,0.4397355577336154,0.4398419864853269,0.4399429189346005,0.4400389155263385,0.4401302767176509,0.44021664102379626,0.4402984145311435,0.44037619338547157,0.4404500575222339,-2.0,-2.0,-2.0,0.4407078503021233,-2.0,0.4408162887694798,0.44086594269918045,0.44091279009884,0.4409571138338613,0.440998222924656,-2.0,-2.0,-2.0,-2.0,0.44116799078427676,-2.0,-2.0,-2.0,-2.0,-2.0,-2.0,0.44131437296571063,0.44132751606379916,0.4413389725056231,0.44134844484190244,-2.0,-2.0,-2.0,-2.0,-2.0,-2.0,-2.0,-2.0,0.44135488121561867,-2.0,-2.0,-2.0,-2.0,-2.0,0.4412797867315,0.4412607678949641,-2.0,-2.0,-2.0,-2.0,-2.0,-2.0,-2.0,-2.0,-2.0,-2.0,-2.0,-2.0,-2.0,-2.0,-2.0,-2.0,-2.0,-2.0,-2.0,0.4403804513447164,0.44030431037654444,0.44022416374612183,0.4401398395967145,-2.0,0.4399579327471009,-2.0,-2.0,-2.0,-2.0,-2.0,-2.0,-2.0,-2.0,-2.0,0.4387262241621638,-2.0,-2.0,0.4382259728172176,-2.0,-2.0,-2.0,-2.0,-2.0,-2.0,0.4367428192763436,0.4364883337626308,-2.0,-2.0,-2.0,-2.0,-2.0,-2.0,-2.0,-2.0,-2.0,-2.0,-2.0,0.4322997663865519,-2.0,0.4313452035814582,-2.0,-2.0,0.4297364982841316,0.4291485541120062,-2.0,-2.0,-2.0,-2.0,0.4257629184822397,-2.0,0.42417317686270567,-2.0,0.42242909659200406,0.42149452826780875,0.4205156803633932,-2.0,-2.0,-2.0,0.4161137730179698,-2.0,-2.0,-2.0,0.41081616045429037,-2.0,-2.0,-2.0,0.4044407242778665,-2.0,-2.0,-2.0,-2.0,0.394617842699535,-2.0,-2.0,-2.0,0.3849473524732555,-2.0,-2.0,-2.0,-2.0,0.3700480181205361,-2.0,-2.0,0.35930553690503514,-2.0,-2.0,-2.0,-2.0,-2.0,-2.0,0.32759976870448937,0.32217246781546915,0.3164880423396294,-2.0,0.30429860606131975,0.29776752003129026,-2.0,0.28376236464985316,-2.0,-2.0,-2.0,0.25154553102372124,-2.0,-2.0,0.22315155157073593,0.21277636120506332,-2.0,0.19052820620804622,0.17860766644606352,-2.0,-2.0,0.13934944489540457,-2.0,-2.0
0.3054390941953024,0.44258644959227134,0.44283974236253976,0.4430802458580119,0.4433087411052695,0.4435249365625717,-2.0,-2.0,-2.0,0.44428857237430475,0.4444559234496358,0.4446152022311716,0.4447664071656277,0.4449102024230702,0.4450467683252573,-2.0,0.4452999725565182,0.4454173401309633,0.44552875367187067,0.4456343039461026,-2.0,0.4458294807850836,0.4459201543185143,0.446005823239036,-2.0,-2.0,0.44623714633802863,0.4463063425809536,-2.0,0.446433791822604,-2.0,-2.0,-2.0,0.4466489322884058,-2.0,-2.0,0.4467794145415209,-2.0,0.4468532674505918,0.446886583142249,0.4469176260001708,-2.0,-2.0,-2.0,-2.0,-2.0,-2.0,-2.0,-2.0,-2.0,-2.0,0.4471192259291371,-2.0,0.44713125829899253,-2.0,0.44713623309332456,-2.0,-2.0,0.4471300047455266,-2.0,-2.0,-2.0,-2.0,-2.0,-2.0,-2.0,-2.0,-2.0,-2.0,-2.0,-2.0,-2.0,0.4468797082990114,-2.0,0.4468100360233166,-2.0,-2.0,0.44668728093074184,-2.0,0.446591982431469,0.44653999780520404,-2.0,0.44642680000332663,-2.0,0.44630048033516045,-2.0,-2.0,-2.0,-2.0,-2.0,-2.0,-2.0,-2.0,-2.0,-2.0,0.44531693068347494,-2.0,-2.0,0.4449411122041025,-2.0,-2.0,0.4445077275068094,0.4443489096121365,-2.0,-2.0,-2.0,-2.0,-2.0,-2.0,-2.0,-2.0,-2.0,0.4422706334844454,0.4420040183657607,0.4417246512817661,-2.0,-2.0,-2.0,-2.0,-2.0,-2.0,-2.0,-2.0,-2.0,0.4380825759919454,0.43761642943633927,0.43712806760762807,-2.0,-2.0,-2.0,0.4349315253458652,0.43431570197159325,-2.0,-2.0,-2.0,0.43154600034931884,0.4307695508329838,0.42995628701682687,-2.0,-2.0,-2.0,-2.0,-2.0,-2.0,-2.0,-2.0,-2.0,-2.0,-2.0,-2.0,-2.0,-2.0,-2.0,-2.0,0.40843701561543894,-2.0,-2.0,-2.0,-2.0,-2.0,-2.0,-2.0,0.3907308425948957,-2.0,-2.0,0.38220767668211664,-2.0,-2.0,0.3724149894174002,-2.0,-2.0,-2.0,0.35705231124173986,-2.0,0.34823620752627593,0.3435125336305349,0.3385650464582613,0.3333832612056935,-2.0,0.32227148629207647,-2.0,-2.0,0.30355091028872394,-2.0,0.28954598223213757,0.282041824526586,0.27418240377494485,0.2659506781683659,0.2573289639154964,0.24829879713651537,0.2388409249065813,-2.0,-2.0,0.20769313886054636,0.19631173712062894,-2.0,-2.0,-2.0,-2.0,-2.0,0.11576341973250781
0.2967302408188869,0.4479712573055643,0.4482364228186405,0.44848800376088244,0.44872650400908876,0.44895292525821034,0.4491681282894689,0.44937290167989913,0.4495666877340294,-2.0,0.44992628651426725,0.45009280242189925,0.4502509132606857,-2.0,-2.0,-2.0,-2.0,0.4509305087191752,0.4510467605649264,0.4511573104243234,0.4512622516397604,-2.0,-2.0,0.45154589232508097,0.45163084982052126,0.4517112919181507,0.4517880193706512,-2.0,-2.0,-2.0,-2.0,0.4521128589055823,-2.0,0.45221878982198355,-2.0,-2.0,-2.0,-2.0,-2.0,0.4524684522433819,-2.0,-2.0,-2.0,0.452584962128042,-2.0,-2.0,0.4526497294508831,0.4526667813249862,-2.0,0.4526956798051337,0.4527072519933062,0.4527169431030771,-2.0,-2.0,-2.0,-2.0,-2.0,0.45273657612077706,-2.0,0.45272862423562643,0.4527219182834365,-2.0,-2.0,0.4526907088500029,0.45267653135041,-2.0,-2.0,-2.0,-2.0,-2.0,0.4525495824611825,-2.0,-2.0,-2.0,-2.0,-2.0,-2.0,-2.0,0.45225371966339295,-2.0,0.45215320245201995,0.4520984281796415,-2.0,-2.0,-2.0,-2.0,0.4517744769988662,-2.0,0.4516189052371908,-2.0,-2.0,-2.0,-2.0,-2.0,-2.0,0.45093218908906657,-2.0,-2.0,-2.0,-2.0,-2.0,0.4501243015723359,-2.0,-2.0,-2.0,-2.0,-2.0,-2.0,-2.0,-2.0,-2.0,0.448142394996405,-2.0,-2.0,0.4473421552142839,-2.0,-2.0,0.4464215514512854,0.4460849391651422,-2.0,-2.0,-2.0,-2.0,-2.0,0.4437004876840009,-2.0,-2.0,-2.0,-2.0,-2.0,-2.0,-2.0,-2.0,0.43861315987505217,0.4379054636371803,0.43716434005580634,0.43638777554152725,-2.0,0.4347227010457974,0.4338304929435508,-2.0,-2.0,-2.0,-2.0,0.4286933946469901,0.4275153682913397,0.4262814987358661,0.4249891569133357,-2.0,-2.0,0.4207329186734803,-2.0,0.41754864580611495,-2.0,-2.0,-2.0,0.4102234260502256,-2.0,-2.0,-2.0,-2.0,0.3989371972188576,-2.0,0.39363866892692884,-2.0,-2.0,-2.0,0.38144994806252625,-2.0,0.3744552550130703,-2.0,-2.0,-2.0,0.3583648244150448,-2.0,0.3491310690627657,0.3441836163632332,-2.0,0.33357447093714093,-2.0,-2.0,-2.0,0.30916947960380736,-2.0,0.2951644113920423,0.2876604164887919,0.2798009852397494,-2.0,0.26294760591871924,-2.0,-2.0,-2.0,0.22417838986243643,-2.0,-2.0,0.190009759788276,0.17752440418404003,0.16444772256506296,-2.0,0.1364067103766185,0.12138201410358607
0.2882696992289233,0.4531877741277355,0.4534651162409564,0.45372788743485076,0.45397750330649633,0.45421474856796146,0.45443939726608723,0.4546530427692775,-2.0,0.4550486731770197,0.45523184718123544,0.4554054021602018,-2.0,-2.0,-2.0,0.4560182551915728,0.45615319241708374,0.4562807499523846,0.4564021166517716,-2.0,0.4566268427720508,-2.0,0.45682944594208996,0.45692330787734065,0.45701214166337556,-2.0,-2.0,0.4572519390360895,-2.0,-2.0,0.4574554127859924,0.45751603284991216,-2.0,0.45762701927959787,0.4576779663897639,-2.0,-2.0,0.457812774384171,-2.0,-2.0,0.45792340236453233,-2.0,-2.0,-2.0,-2.0,-2.0,-2.0,-2.0,-2.0,0.4581305056096071,0.4581431588879964,-2.0,-2.0,-2.0,0.45817469540299377,0.45817803813492647,-2.0,-2.0,-2.0,-2.0,0.45816624314394333,-2.0,-2.0,0.4581368747457551,-2.0,-2.0,-2.0,-2.0,0.45804906201268775,-2.0,-2.0,-2.0,-2.0,0.4579077907422897,-2.0,0.45783490363089313,-2.0,0.45775172719174273,-2.0,-2.0,-2.0,0.45755156437700983,-2.0,-2.0,0.4573684329413851,-2.0,-2.0,-2.0,-2.0,-2.0,-2.0,-2.0,-2.0,0.4566087078509485,0.4565010010087156,0.45638787121090335,0.45626906888438173,-2.0,-2.0,0.4558760412615766,-2.0,-2.0,0.45542203084094407,0.4552556653191934,-2.0,-2.0,-2.0,-2.0,-2.0,-2.0,-2.0,-2.0,-2.0,-2.0,0.4527994640494827,0.4525068492141169,-2.0,-2.0,-2.0,-2.0,-2.0,-2.0,-2.0,-2.0,-2.0,0.4486921187023466,-2.0,-2.0,-2.0,0.44659539475602394,-2.0,0.4453917574880623,0.4447468019336489,-2.0,-2.0,-2.0,-2.0,-2.0,-2.0,-2.0,0.438354096979593,-2.0,-2.0,-2.0,0.43415158117765196,0.4329735522000507,0.4317397033679125,0.43044739052874315,0.4290937919320887,-2.0,0.4261913931149398,0.4246358847611692,-2.0,-2.0,-2.0,0.4176420702951291,-2.0,-2.0,-2.0,0.4092255463670448,0.4068664209877644,0.40439552456125455,-2.0,-2.0,-2.0,-2.0,0.3901702140659611,-2.0,0.3834919030305031,-2.0,-2.0,0.3722406112293186,-2.0,-2.0,-2.0,-2.0,0.34964201244317045,-2.0,-2.0,-2.0,-2.0,-2.0,0.3146279200851769,0.30778744271376257,-2.0,0.29311883111336634,0.2852594760138707,0.27702765010059777,-2.0,0.25937581607871785,-2.0,0.24001200350071475,0.22963681045914086,-2.0,0.20738883936121927,-2.0,-2.0,-2.0,-2.0,-2.0,0.12684044101822523
0.280050389418363,0.4582405194377056,0.4585304195546044,0.4588055008094894,0.45906639137410843,0.4593140766826766,0.4595490798506225,0.45977220146218484,0.4599839788339768,0.46018532539606216,-2.0,0.4605581479093635,0.4607306163001264,-2.0,0.46104988912964745,0.4611979274699224,0.46133828845850255,0.4614717651405265,0.46159856301629293,0.46171918646616716,0.4618335185607927,0.46194196425362005,0.4620447208939291,-2.0,-2.0,0.46232319964447793,0.46240660328134403,0.46248578956847086,-2.0,0.462631796803591,-2.0,-2.0,0.4628216637633071,-2.0,0.4629315079915616,0.4629814897140746,-2.0,-2.0,-2.0,-2.0,0.46318911938851914,-2.0,-2.0,0.4632826979266814,0.46330919100719326,-2.0,-2.0,0.463375424956102,-2.0,0.4634093453097827,-2.0,0.46343488179261727,-2.0,-2.0,0.46345830566882124,-2.0,-2.0,0.4634649074509784,-2.0,0.46345989427549295,-2.0,-2.0,-2.0,-2.0,-2.0,-2.0,0.4633828585527495,-2.0,-2.0,0.46331840351906656,0.46329290136123935,-2.0,-2.0,-2.0,-2.0,0.4631305301862307,-2.0,-2.0,-2.0,0.4629544034431149,-2.0,-2.0,0.4627915016881989,-2.0,-2.0,-2.0,-2.0,-2.0,-2.0,-2.0,0.46220076724670944,-2.0,-2.0,-2.0,-2.0,-2.0,-2.0,-2.0,-2.0,0.4611765288697112,0.4610324827873245,-2.0,-2.0,0.46055655683005065,-2.0,0.46019934290256637,0.46000763366507347,-2.0,-2.0,-2.0,-2.0,0.4589010348655909,-2.0,-2.0,-2.0,-2.0,-2.0,0.457180843518404,0.45684433186725376,0.45649174610226106,-2.0,-2.0,-2.0,-2.0,-2.0,-2.0,-2.0,-2.0,0.4524588570444181,-2.0,-2.0,-2.0,-2.0,-2.0,0.44866586920049545,0.44792464200308296,0.44714826037837613,0.44633504341438124,0.44548326162749646,0.4445910880489662,0.4436566205952858,0.44267782884357065,-2.0,-2.0,0.4394541427309143,-2.0,-2.0,-2.0,-2.0,-2.0,-2.0,0.4299385363579332,0.4283095788566472,-2.0,-2.0,-2.0,0.4209844095007141,-2.0,-2.0,-2.0,0.4121691492876123,0.40969825526174236,-2.0,-2.0,-2.0,-2.0,-2.0,-2.0,-2.0,-2.0,-2.0,-2.0,0.37343203656559787,-2.0,-2.0,-2.0,0.35494481264625016,-2.0,-2.0,-2.0,-2.0,-2.0,-2.0,-2.0,0.30592561822813247,-2.0,-2.0,0.28233055935391466,-2.0,-2.0,-2.0,-2.0,0.23494020117518077,-2.0,-2.0,-2.0,-2.0,-2.0,-2.0,-2.0,-2.0
0.2720654332493498,0.46313348022605605,0.46343650492892297,0.4637238010749359,0.4639964893659885,0.46425523422239795,0.46450079850192433,0.464733899633542,-2.0,0.4651654743916166,0.4653651080010467,0.4655545499370222,0.4657344656507724,0.4659057218829765,-2.0,-2.0,-2.0,-2.0,0.4666404478898352,0.46676607874718856,-2.0,0.4669987086991901,0.46710600353764364,0.4672081410102679,0.4673053056003019,0.4673969934671253,0.4674838398179599,0.46756635000889024,-2.0,-2.0,-2.0,0.46785519304365253,0.4679174601249229,0.4679767835935737,-2.0,-2.0,-2.0,-2.0,0.4682239021696187,-2.0,-2.0,-2.0,-2.0,-2.0,-2.0,-2.0,0.46847836176772606,-2.0,-2.0,-2.0,-2.0,-2.0,-2.0,-2.0,0.4685901829758687,0.4685951750978426,-2.0,-2.0,0.4685985984320366,-2.0,-2.0,-2.0,-2.0,-2.0,0.4685533315395329,0.46853886266810985,-2.0,-2.0,-2.0,-2.0,-2.0,-2.0,-2.0,-2.0,-2.0,-2.0,-2.0,-2.0,-2.0,-2.0,-2.0,-2.0,-2.0,-2.0,-2.0,-2.0,-2.0,-2.0,-2.0,-2.0,-2.0,-2.0,-2.0,-2.0,-2.0,-2.0,0.4667180916732376,-2.0,-2.0,-2.0,0.4661818478119995,-2.0,-2.0,0.465706227279779,-2.0,-2.0,-2.0,-2.0,-2.0,-2.0,-2.0,-2.0,-2.0,-2.0,-2.0,-2.0,-2.0,-2.0,0.46199500910304897,-2.0,0.4612731386198639,-2.0,-2.0,0.460056157006682,-2.0,0.459145238114147,-2.0,-2.0,-2.0,-2.0,0.456460956270075,-2.0,-2.0,-2.0,0.45381708384032726,-2.0,-2.0,-2.0,0.45063456230002114,0.44974240481664296,0.448807947988262,-2.0,0.44680399638627144,-2.0,-2.0,0.44342755077848867,-2.0,0.4409014199613924,-2.0,0.43813016557725537,0.4366452730104481,-2.0,0.4334610668248189,0.43175492557394896,-2.0,-2.0,-2.0,-2.0,0.4219322062784814,0.41967981324773185,0.4173206997266844,0.41484983036535034,0.4122619660430155,-2.0,-2.0,-2.0,0.4006245837600918,-2.0,0.39394626349121237,-2.0,-2.0,-2.0,0.37858364786995136,0.37427760164202506,0.369767576373797,0.3650438929997917,-2.0,0.3549146055318465,-2.0,-2.0,0.33784924869754823,-2.0,-2.0,-2.0,-2.0,-2.0,0.29571388455362735,0.287482140776852,-2.0,-2.0,-2.0,-2.0,0.24009131271258033,0.22922464870198828,-2.0,-2.0,0.19343854897392765,-2.0,-2.0,-2.0,-2.0
0.2643081486974105,0.467870409013161,0.4681871609763242,0.46848769871117363,0.4687726656935972,0.4690429410036366,0.46929948033733365,0.4695429245537281,0.46977389480465326,0.4699932974257971,0.47020125843259564,0.4703993139989257,0.4705869076962506,0.4707653649935736,0.4709349923770458,0.47109586854379293,0.4712487581843381,0.4713940643804951,0.47153196177159923,-2.0,0.4717874436467058,0.47190551535946107,-2.0,-2.0,-2.0,-2.0,-2.0,-2.0,-2.0,-2.0,-2.0,0.47279942042427414,-2.0,-2.0,0.47298472628190347,-2.0,-2.0,-2.0,-2.0,-2.0,0.473267998216475,0.47330546545796776,-2.0,-2.0,0.47340168330268473,-2.0,-2.0,-2.0,0.4734965045674964,0.4735148376482058,-2.0,0.47354483172779915,-2.0,-2.0,-2.0,0.47358053633734337,-2.0,-2.0,-2.0,-2.0,-2.0,-2.0,-2.0,-2.0,0.4735454052948603,-2.0,0.4735155592739001,0.47349750150133324,-2.0,-2.0,-2.0,-2.0,-2.0,-2.0,-2.0,-2.0,-2.0,-2.0,-2.0,-2.0,-2.0,-2.0,-2.0,-2.0,0.47281311492009936,-2.0,-2.0,-2.0,-2.0,-2.0,-2.0,-2.0,0.4721604607167727,0.47205841276631527,-2.0,-2.0,-2.0,-2.0,0.4714651408907794,-2.0,-2.0,-2.0,-2.0,-2.0,-2.0,0.4703521216747879,-2.0,-2.0,-2.0,-2.0,-2.0,-2.0,-2.0,-2.0,-2.0,-2.0,-2.0,-2.0,-2.0,-2.0,-2.0,-2.0,-2.0,-2.0,-2.0,-2.0,-2.0,-2.0,-2.0,-2.0,0.4614652580268539,-2.0,-2.0,-2.0,-2.0,0.4580802448222255,0.4573039047151242,-2.0,-2.0,-2.0,0.45381240380805715,0.4528336516872997,-2.0,0.4507347269821016,0.44961006331980635,0.4484320908922301,-2.0,-2.0,0.4445524428216177,0.44313474801218666,-2.0,-2.0,0.4384656876821327,0.43675955323551724,-2.0,0.4331009285325287,-2.0,-2.0,0.4269368834599474,0.42468449834132227,0.4223253883788215,-2.0,-2.0,0.4145560751112866,-2.0,-2.0,-2.0,0.4023674003961692,0.39895100598751515,0.39537274733569505,0.3916251582747585,-2.0,0.38358839507294795,-2.0,0.3747723351460118,0.3700486786834243,-2.0,-2.0,0.35449228798028815,-2.0,-2.0,-2.0,-2.0,-2.0,-2.0,0.3085781203783604,-2.0,0.29248693981596746,0.2838652275156599,0.27483510769752306,-2.0,-2.0,0.24509613264742058,-2.0,-2.0,0.2109274427089987,0.19844216640782397,-2.0,-2.0,-2.0,0.14229980904384543
0.25677204425975864,0.4724558321975283,0.47278671437613706,0.4731003832352911,0.473398127519595,0.4736802145427487,0.473948168807444,0.47420234098832353,0.474443618619239,0.4746725838828917,0.47488978938935933,0.4750958434210882,-2.0,0.4754782234011026,0.47565484860187507,0.4758226017857986,0.4759820864523534,-2.0,0.4762774317747081,-2.0,0.4765438959617444,0.47666718553314896,-2.0,-2.0,-2.0,-2.0,0.4771951475482085,-2.0,-2.0,0.47745061621731943,-2.0,-2.0,0.4776676911410784,0.4777324186832244,-2.0,0.4778503678268201,0.47790463116616944,-2.0,-2.0,0.478048077840217,-2.0,0.4781286661971044,-2.0,0.47819913275590276,0.4782300006569681,-2.0,-2.0,0.47830939120037447,0.4783309491984407,0.47835035291872585,-2.0,-2.0,-2.0,-2.0,-2.0,0.47842266969158515,-2.0,0.47843040031688494,-2.0,-2.0,0.47842700854507153,-2.0,-2.0,-2.0,-2.0,-2.0,-2.0,-2.0,0.4783285703182593,0.4783068707620545,-2.0,-2.0,-2.0,0.4781961760684532,-2.0,0.47812623653589953,0.47808735018816384,-2.0,-2.0,-2.0,-2.0,-2.0,0.4777935951768633,-2.0,-2.0,-2.0,-2.0,-2.0,-2.0,-2.0,-2.0,-2.0,-2.0,0.47691717360326974,-2.0,-2.0,-2.0,-2.0,-2.0,-2.0,-2.0,-2.0,-2.0,-2.0,0.47539491339235396,0.4752123419598141,-2.0,0.47482015769196834,-2.0,-2.0,-2.0,-2.0,-2.0,-2.0,-2.0,-2.0,0.472517332127943,-2.0,0.47185990953194273,0.4715074758010386,0.47113822768435604,-2.0,-2.0,-2.0,-2.0,0.4690107284776588,0.4685225937281405,-2.0,0.46747560762851564,-2.0,0.4663267558654939,0.46571109394254123,-2.0,0.4643906765134294,-2.0,-2.0,-2.0,0.461352466226694,0.46050074323519646,-2.0,-2.0,-2.0,-2.0,0.4555965811812951,-2.0,-2.0,-2.0,-2.0,-2.0,-2.0,-2.0,0.44495658379137815,-2.0,-2.0,0.43983455786969045,0.4379629180707162,-2.0,-2.0,0.4317989015784083,0.42954651706848324,-2.0,-2.0,0.42212861742727187,0.41941807792398716,0.4165791311470925,-2.0,0.41049134160527445,-2.0,0.4038130846951174,-2.0,0.39648707305044617,-2.0,-2.0,0.3841444717953093,-2.0,-2.0,-2.0,-2.0,-2.0,-2.0,0.34771611358239835,-2.0,0.3349493107573577,-2.0,0.3209441969176995,0.31344024735457965,0.3055808117112281,-2.0,-2.0,-2.0,0.27023936832443807,-2.0,-2.0,0.23909160710526906,0.22771018950227478,-2.0,0.2033043302412938,0.1902276298399757,-2.0,0.16218652176303844,-2.0
0.24945081352303158,0.4768923948705741,0.477238286620398,0.47756625896865584,-2.0,0.4781716722125548,0.47845103651372906,0.47871645472499885,0.47896789684539054,-2.0,0.4794336289901884,0.4796487223870293,0.4798531501900129,0.4800470661071109,0.480231244219185,-2.0,-2.0,0.48073039523445965,0.480880560770993,0.4810228517501661,-2.0,-2.0,-2.0,0.4815243306486439,0.48163422788992716,0.4817384620484287,0.4818368972466562,-2.0,0.4820196133542482,-2.0,0.48218326042694565,0.48225877600868006,-2.0,0.48239761869620706,-2.0,0.4825209639608735,0.48257762700285245,-2.0,0.4826808386628085,0.4827275325045332,-2.0,0.4828126569053182,0.4828506460942936,0.4828862588248133,0.4829189666978291,0.4829495532996452,0.48297718127998746,-2.0,0.4830257562805152,0.483046864658368,-2.0,0.4830815046017233,0.4830957355911324,-2.0,-2.0,-2.0,0.4831315669204643,0.4831351684523721,-2.0,0.4831365801590535,-2.0,-2.0,0.48312368041953657,0.48311494305259445,0.483104382588511,-2.0,-2.0,-2.0,-2.0,-2.0,-2.0,-2.0,-2.0,-2.0,-2.0,0.4828416797756628,-2.0,-2.0,-2.0,0.4826710334364034,-2.0,0.48256767682988677,-2.0,-2.0,-2.0,0.4823214655731008,0.4822508438107014,-2.0,-2.0,-2.0,0.48192753680321454,0.4818356409821246,0.48173893595589296,-2.0,-2.0,0.4814178574657692,0.4812997443054546,-2.0,0.4810453830701489,0.4809085981117122,0.4807650124547999,-2.0,0.4804562202209495,-2.0,0.4801163664358835,0.4799338900160851,0.47974253278488854,-2.0,-2.0,-2.0,0.4788797864581165,-2.0,0.47838347702326534,0.47811729461226143,-2.0,0.4775460049132635,-2.0,0.47691869448102603,0.4765823725910751,-2.0,-2.0,-2.0,0.47506873968523333,-2.0,0.47419942370435636,0.47373349369116435,0.4732454339598246,-2.0,0.47219848118057645,-2.0,0.4710496889224478,-2.0,0.46978918636263867,-2.0,0.468406133901916,0.46766501223378315,-2.0,0.4660755825962478,-2.0,-2.0,0.46339736663372594,-2.0,-2.0,0.4603197963827531,-2.0,-2.0,-2.0,0.4554911592291043,-2.0,0.45271998052871565,-2.0,0.44967991158776643,-2.0,0.44634500445573305,0.4445579202881739,-2.0,-2.0,-2.0,-2.0,-2.0,-2.0,0.42943997859060884,0.4268520400776092,-2.0,-2.0,-2.0,0.41521478678505463,0.41195293380837367,-2.0,0.40495829513474413,-2.0,-2.0,-2.0,0.3888679398283271,-2.0,0.3796342468535583,-2.0,-2.0,0.36407771020203344,-2.0,0.35243961454718603,-2.0,0.3396727852377044,-2.0,0.3256677521447774,0.3181637535838089,0.31030433808616953,0.3020725914723829,0.2934508928745858,0.28442079755325655,-2.0,-2.0,0.25468183593293203,-2.0,-2.0,-2.0,-2.0,-2.0,-2.0,-2.0,-2.0
0.2423383298859155,0.4811843149282755,0.481545765424917,0.4818880597104758,0.4822127888459634,-2.0,0.48281186590353503,0.4830886222824286,0.4833512345118829,0.48360016489229696,-2.0,0.48406138004453264,0.4842742522230484,0.48447669948138905,0.4846686861751068,0.48485109857442577,0.4850242112404156,0.4851889809184214,0.4853449396802521,0.48549345534068,-2.0,0.4857681808291215,0.4858950828861768,0.48601575628015664,0.48613015635238643,0.486238874557894,0.4863418557491955,0.48643940600471947,0.4865320637325457,0.48661974229676475,0.48670283457190205,0.4867816407315749,0.48685620548124625,-2.0,-2.0,0.48705556049637666,0.4871146704942658,0.48716993253056384,0.48722230230647995,0.4872712682982588,-2.0,0.48736022909955073,-2.0,-2.0,0.4874722555440547,0.4875042407811909,-2.0,-2.0,0.48758522238770236,0.4876073363113983,0.4876271972459726,-2.0,-2.0,-2.0,-2.0,-2.0,-2.0,-2.0,0.48770734579502356,-2.0,-2.0,-2.0,0.4876970294909636,0.487689312267051,-2.0,-2.0,-2.0,-2.0,-2.0,-2.0,0.4875742702359892,-2.0,-2.0,-2.0,0.4874577048999794,-2.0,-2.0,0.48734321159017335,-2.0,-2.0,-2.0,-2.0,-2.0,0.4870347079534642,0.48697173827602225,0.4869051332852435,0.48683475068234117,-2.0,-2.0,0.48659938207757647,0.486512293484338,-2.0,0.48632406131773803,0.4862225169417354,0.486115728519954,-2.0,-2.0,0.4857615842792323,0.48563143071825465,-2.0,-2.0,-2.0,-2.0,-2.0,-2.0,-2.0,0.48432947014437455,0.48412891349386805,0.4839186273120587,-2.0,-2.0,-2.0,-2.0,-2.0,-2.0,-2.0,-2.0,-2.0,0.4811701566937722,-2.0,0.4804486731404041,0.48006191220614686,0.4796567142418866,-2.0,-2.0,0.478321598790553,-2.0,-2.0,-2.0,-2.0,0.4756379595716713,-2.0,0.4743775050883128,-2.0,0.47299451478623333,-2.0,0.471477134888687,-2.0,0.4698123515402221,0.46892026749597393,-2.0,0.4670071833323427,0.4659820710008934,0.4649083594757768,0.46378374598540395,0.4626058077032889,-2.0,0.4600797868002141,0.45872629018928085,0.45730863252263854,-2.0,-2.0,-2.0,-2.0,-2.0,-2.0,-2.0,-2.0,-2.0,-2.0,0.4364996338014734,0.43402873660336344,-2.0,0.4287302977615292,0.42589135578467824,0.4229179060224345,0.41980359503164066,0.4165417337414921,0.41312535259570543,-2.0,0.405799367063175,0.40187405717373104,0.3977634332140959,-2.0,-2.0,0.3842230919252796,0.3792756519916259,0.37409383494169446,0.3686665477552941,-2.0,0.3570284734245344,0.350792781029563,-2.0,0.33742113423322184,-2.0,0.32275353153604347,0.31489319693217,0.3066614981881383,0.2980397784347656,0.2890097287149286,0.279551784539925,-2.0,0.2592707408426247,0.2484040352069487,0.23702262921631584,-2.0,0.21261680210658374,0.19954006030637123,0.18584386016514248,0.17149890822720598,0.15647439068429403
0.2354286414322417,0.48533501641146626,0.48571278475729585,0.4860702696563706,0.4864091940225753,0.48673002560028783,-2.0,0.48732283680671445,0.48759663698995204,0.4878564057725846,0.4881032349148574,0.4883370145866662,0.48855900084440335,0.4887700223993672,0.4889699803543159,0.4891601971204199,0.48934109260913494,0.48951231943296486,0.4896750044577454,-2.0,-2.0,0.4901158182439856,0.4902478511088755,0.4903735624360594,0.49049287065736136,0.4906058139676344,0.4907136430914057,-2.0,0.4909117622273795,0.49100292265704937,-2.0,-2.0,-2.0,0.49132242051353875,0.49139180065476173,-2.0,-2.0,-2.0,-2.0,-2.0,-2.0,0.4917760519907038,-2.0,-2.0,-2.0,0.49192735011081146,-2.0,-2.0,-2.0,-2.0,-2.0,0.49207651416558895,-2.0,0.49210743323090517,-2.0,0.4921295020134379,-2.0,0.4921429300951243,0.4921468713760078,0.49214784894028196,-2.0,0.49214431423241334,-2.0,-2.0,-2.0,-2.0,-2.0,-2.0,-2.0,-2.0,-2.0,-2.0,-2.0,-2.0,-2.0,0.4918717500998016,-2.0,-2.0,-2.0,-2.0,0.49165440666151217,-2.0,-2.0,-2.0,-2.0,-2.0,-2.0,-2.0,0.4911354488572674,-2.0,-2.0,-2.0,-2.0,0.49067690134972947,-2.0,-2.0,-2.0,-2.0,-2.0,-2.0,0.4898067336049123,-2.0,-2.0,-2.0,0.48915898911175204,-2.0,-2.0,-2.0,-2.0,-2.0,-2.0,-2.0,-2.0,-2.0,0.48688259205529927,-2.0,0.4862841808206565,-2.0,0.4856272354348172,-2.0,0.4849057234227245,0.4845190146488831,-2.0,-2.0,-2.0,-2.0,-2.0,-2.0,0.48124406759275745,-2.0,-2.0,0.4794798248003937,0.47883500991734274,0.4781596295052583,0.4774520733049037,-2.0,0.4759347411875124,-2.0,-2.0,0.47337794095386865,-2.0,-2.0,-2.0,0.4693661226613579,-2.0,0.46706364710469567,-2.0,-2.0,-2.0,0.4617664765804691,-2.0,-2.0,-2.0,0.4553914616468832,0.4536045266824789,-2.0,0.44977261627888315,0.44771943231902855,0.44556897749812985,-2.0,-2.0,0.43848669680725333,-2.0,0.4331882646848793,0.43034932621951866,0.4273758874642717,0.42426158118174395,-2.0,0.4175833453608316,0.4140051119040501,0.41025737119232786,-2.0,-2.0,-2.0,0.39340484750763827,-2.0,0.3837337090633452,0.37855187268453605,0.3731245860028101,-2.0,0.3614865247964912,-2.0,0.34871970649349837,0.34187920433462615,-2.0,0.3272107055811746,0.3193513721363169,0.31111953518535945,0.30249784153857495,0.2934678402130245,0.2840098833899978,0.27410395681885047,-2.0,-2.0,0.24148067449812954,-2.0,-2.0,-2.0,0.1903019421321705,-2.0,0.16093250158896044
0.22871596595026464,0.48934766684978526,0.4897418685229644,0.4901151550632686,0.49046912481254556,0.4908041256420221,0.49112141938285286,0.49142244151905273,-2.0,0.4919791215650853,0.49223590052995925,0.49247960577315514,0.49271111645025173,-2.0,-2.0,0.49333731651085466,0.4935254995223235,0.4937040165691751,0.49387354711310544,0.4940343965137741,0.4941876074869256,0.4943324040746931,0.4944703556281199,0.49460101247228144,0.4947251695624798,0.4948431769170953,0.49495496188661053,-2.0,0.4951613032740784,-2.0,0.49534695313126303,-2.0,0.49551317490756025,-2.0,-2.0,-2.0,0.4957945811838619,-2.0,-2.0,0.4959664346779154,-2.0,-2.0,0.4961079063746281,-2.0,0.49618689560957774,-2.0,-2.0,-2.0,0.49631261056658466,-2.0,0.49636018270491566,0.49638054002869114,0.49639830495435944,-2.0,-2.0,0.49643799508821534,-2.0,0.49645375493029636,-2.0,0.49646019086277315,0.49646033160471675,-2.0,-2.0,-2.0,-2.0,-2.0,0.49641573281816387,-2.0,-2.0,-2.0,-2.0,-2.0,-2.0,-2.0,-2.0,-2.0,-2.0,-2.0,-2.0,-2.0,-2.0,-2.0,-2.0,-2.0,-2.0,0.4956832968044778,0.49561341096134215,0.49553957421640105,-2.0,-2.0,-2.0,0.4952014172033721,0.495105269057526,0.49500408319942496,0.49489764096547284,-2.0,-2.0,-2.0,-2.0,-2.0,-2.0,0.4939846630570541,-2.0,0.49366137204886945,0.4934877035400288,-2.0,0.49311446668185366,-2.0,-2.0,0.4924837019151805,-2.0,0.49201066234522944,-2.0,-2.0,-2.0,-2.0,-2.0,0.4902930759520882,0.48995692056771106,0.4896046953134139,-2.0,0.4888489851583026,-2.0,0.4880194622197924,0.48757482584585016,-2.0,0.4866210347752507,0.48610984061666346,0.48557433944302825,0.48501336210097823,-2.0,0.48381018794058034,0.48316540111719575,0.4824899952691673,0.481782541504295,-2.0,0.4802652430658841,0.47945218023968694,-2.0,0.47770850751312166,-2.0,-2.0,0.4747704278412693,0.4736967544270394,0.4725721731017547,-2.0,-2.0,-2.0,-2.0,-2.0,-2.0,-2.0,0.4614283198093969,-2.0,0.4579355888042769,-2.0,0.4541034291272316,-2.0,0.4498998370683437,-2.0,0.44528838832988904,-2.0,0.44022965618193294,-2.0,-2.0,-2.0,0.4285924712950413,-2.0,-2.0,-2.0,0.4145882871055361,0.41066300455413185,0.4065517378543625,0.40224572314023344,-2.0,-2.0,0.38806463526515694,-2.0,-2.0,-2.0,-2.0,0.3595817799482438,0.35305066090536863,-2.0,-2.0,0.33154166675361363,0.3236822374590378,-2.0,0.30682883508759706,0.2977987009456098,0.2883408278650298,-2.0,0.26805974937942145,0.2571931075367588,-2.0,0.23389113496597497,0.22140588223228552,0.2083291125123496,-2.0,0.18028805458448655,0.1652634674573089
0.22219468609395232,0.49322547810290546,0.493637212395499,0.4940268325129512,0.49439596439720374,0.4947455496459209,-2.0,0.49539096389476234,-2.0,0.49597069857663484,0.4962391127558398,-2.0,0.4967337716103105,0.49696264014955754,0.49718009074199043,0.4973863815444037,0.4975819744580254,0.49776785755635156,0.49794442380628035,0.4981119699394741,-2.0,0.49842222317600715,0.49856568066440227,0.4987018791470412,0.49883115259694494,-2.0,-2.0,0.4991805539110798,-2.0,0.4993847126400675,0.49947848724128807,0.49956819106183276,0.4996517825500809,-2.0,-2.0,0.4998780458602,0.499945216045554,-2.0,0.5000681840724582,0.5001244444215455,0.5001768628378398,-2.0,0.500272578426221,-2.0,-2.0,-2.0,-2.0,-2.0,0.500488154172496,-2.0,-2.0,-2.0,-2.0,-2.0,0.5006102298618132,0.5006223683000215,-2.0,0.50063988693827,-2.0,0.5006485254066504,0.5006495711568437,-2.0,-2.0,0.5006394473909239,-2.0,-2.0,0.5006094329884719,0.5005950209512298,-2.0,-2.0,0.500537425469767,-2.0,0.5004870524269078,-2.0,-2.0,-2.0,-2.0,-2.0,-2.0,-2.0,0.5001787486631915,-2.0,-2.0,-2.0,-2.0,-2.0,0.4998155112068451,0.4997419229432718,-2.0,-2.0,0.499495757616257,-2.0,-2.0,-2.0,0.4991014356243889,-2.0,-2.0,-2.0,0.4986190005620008,-2.0,0.4983396918474972,-2.0,-2.0,-2.0,0.49769290130136135,0.4975108362052304,0.4973198730649018,-2.0,-2.0,0.4966893885778783,0.4964585301545415,-2.0,-2.0,-2.0,0.49541824067805573,-2.0,-2.0,-2.0,-2.0,-2.0,0.49344208580362575,-2.0,-2.0,-2.0,-2.0,-2.0,-2.0,-2.0,-2.0,-2.0,-2.0,-2.0,-2.0,-2.0,-2.0,-2.0,-2.0,-2.0,-2.0,-2.0,0.4809812831413402,-2.0,-2.0,-2.0,-2.0,-2.0,-2.0,-2.0,-2.0,-2.0,-2.0,0.46726450846865686,-2.0,0.4639295703738661,0.4621427800620062,0.46027106490504954,0.4583107861464372,0.45625762548782345,0.45410717852244153,0.45185484048785607,-2.0,-2.0,0.44443706151503853,-2.0,0.43888763067512665,-2.0,0.432799915042832,-2.0,-2.0,-2.0,-2.0,-2.0,-2.0,-2.0,-2.0,-2.0,-2.0,-2.0,-2.0,-2.0,0.3700249797640162,0.36378944335707564,-2.0,-2.0,-2.0,-2.0,0.32788976836233485,-2.0,-2.0,0.30200622591419535,-2.0,-2.0,-2.0,-2.0,-2.0,-2.0,-2.0,-2.0,-2.0,-2.0,-2.0
0.21585934468224163,0.49697172920942756,0.4974012540841901,0.4978083396364615,-2.0,0.4985584691910377,0.4989034689512058,-2.0,0.4995412369046591,0.4998354710309427,-2.0,0.5003794194855734,-2.0,-2.0,-2.0,-2.0,0.5015137389959023,-2.0,-2.0,0.502065438765509,-2.0,0.5023885952045739,-2.0,-2.0,0.5028140000293385,-2.0,-2.0,0.5031776487730824,0.5032866186618846,0.5033900092302228,0.5034882937740843,-2.0,-2.0,-2.0,-2.0,-2.0,0.5039741733931764,0.5040405742951819,0.5041024586884164,0.5041613730955018,-2.0,-2.0,0.5043162158045459,-2.0,0.504403056820979,0.5044424995143932,-2.0,-2.0,-2.0,-2.0,0.5045958293802983,-2.0,-2.0,0.5046571896832877,0.5046728480273923,-2.0,-2.0,-2.0,-2.0,-2.0,-2.0,-2.0,0.5047154238016676,-2.0,0.5047036231334731,-2.0,0.5046827783204864,-2.0,-2.0,0.5046341619639901,-2.0,-2.0,0.5045638810014745,-2.0,0.5045048589225998,-2.0,-2.0,-2.0,0.5043525224667345,-2.0,0.5042589325210751,-2.0,0.5041525265841117,0.50409423717118,-2.0,-2.0,-2.0,-2.0,0.5037467055455186,-2.0,-2.0,-2.0,-2.0,-2.0,-2.0,-2.0,-2.0,-2.0,-2.0,-2.0,-2.0,-2.0,-2.0,0.5019515214235718,-2.0,-2.0,-2.0,0.5012050984038029,-2.0,-2.0,-2.0,0.5003023753126833,0.5000487689755914,-2.0,-2.0,0.49921232630117884,0.49890631246543204,0.4985856309062113,0.4982495949650945,0.4978974848151061,-2.0,0.4971419884894798,0.49673698041771996,0.49631266786862527,-2.0,-2.0,-2.0,-2.0,-2.0,-2.0,-2.0,-2.0,-2.0,-2.0,-2.0,-2.0,-2.0,-2.0,0.4868947431066089,0.4860027711152052,-2.0,-2.0,-2.0,-2.0,-2.0,-2.0,-2.0,0.47716286658766305,-2.0,-2.0,0.47290701386926237,-2.0,0.46972299313528465,0.4680169460483213,0.46623006226165226,-2.0,0.4623982222587211,-2.0,0.4581946027830309,-2.0,-2.0,-2.0,-2.0,0.44581402181446145,-2.0,0.44000168845223486,0.4368874021924434,-2.0,-2.0,-2.0,0.42288325257615167,0.41895797194368745,-2.0,-2.0,0.4060307319333921,0.4013070935949019,0.39635964899120707,-2.0,0.38575057435145427,-2.0,-2.0,-2.0,0.36134575684698456,-2.0,-2.0,-2.0,-2.0,-2.0,-2.0,0.3060938102885733,0.2966360291339508,-2.0,0.2763549046304964,-2.0,-2.0,-2.0,0.2297009454372846,0.2166242407918862,0.20292808413956082,0.18858309845538151,-2.0
0.20970464013232323,0.5005881797730259,0.5010369703967922,0.5014618797295477,0.5018640524526353,0.50224458590728,0.5026048060365372,-2.0,0.5032694645565557,0.5035760989212918,0.5038669816671163,0.504142694758538,0.5044045836156428,-2.0,0.5048883019524597,0.5051117558787883,0.5053239326740081,0.5055255919251872,0.5057167634953439,0.5058981855185771,0.5060706094043702,0.5062341147685009,0.5063894935131873,0.506537052757801,0.5066769339757053,-2.0,0.5069362238806359,0.5070554423694357,-2.0,0.5072764425157007,-2.0,0.5074751860945781,0.5075661817884216,-2.0,0.5077344946588935,-2.0,-2.0,0.5079537055761973,-2.0,0.5080797266179101,0.5081374986620536,-2.0,0.508241580681313,0.5082890967642222,-2.0,0.5083740972053576,-2.0,-2.0,-2.0,-2.0,-2.0,-2.0,-2.0,-2.0,0.508618148578487,-2.0,-2.0,-2.0,-2.0,-2.0,-2.0,-2.0,-2.0,-2.0,-2.0,-2.0,-2.0,0.5086259902118858,0.5086104353240397,-2.0,0.5085721073823942,-2.0,-2.0,0.508495918678385,0.5084653285230493,0.5084320376041047,-2.0,-2.0,-2.0,-2.0,-2.0,-2.0,0.5081166516926815,0.5080586790954138,-2.0,-2.0,-2.0,0.5077897433661945,0.5077125292183206,-2.0,-2.0,-2.0,-2.0,-2.0,-2.0,-2.0,-2.0,-2.0,0.5066711814754432,0.5065352337308908,-2.0,-2.0,-2.0,0.5059199910003198,0.5057466714447078,-2.0,-2.0,-2.0,0.5049641996249361,-2.0,-2.0,-2.0,-2.0,-2.0,0.5034738508807112,-2.0,-2.0,-2.0,-2.0,-2.0,0.5014984543145415,-2.0,0.5007069939494944,0.5002827200969846,-2.0,-2.0,-2.0,-2.0,-2.0,-2.0,-2.0,-2.0,-2.0,-2.0,-2.0,0.49330602099548454,0.49252987401052656,-2.0,-2.0,0.4899733576831905,0.489039138261075,-2.0,-2.0,-2.0,-2.0,-2.0,-2.0,-2.0,-2.0,0.47836259244954904,-2.0,-2.0,0.47369387887811976,-2.0,-2.0,-2.0,-2.0,-2.0,-2.0,0.4599131867621553,0.45755413919116783,-2.0,-2.0,-2.0,-2.0,-2.0,-2.0,-2.0,-2.0,-2.0,-2.0,-2.0,-2.0,-2.0,-2.0,-2.0,0.4003306644914703,-2.0,0.38972160318809007,0.38403723391198896,-2.0,-2.0,-2.0,0.3584762684924989,-2.0,-2.0,0.33594855319948935,-2.0,-2.0,-2.0,-2.0,-2.0,-2.0,-2.0,-2.0,0.24615728258233832,-2.0,0.2205953361025092,0.20689917086455484,0.1925541851007317,-2.0
0.2037254220231357,0.5040786778165453,0.5045475846268502,0.5049911860054334,0.5054105433237746,-2.0,-2.0,0.5065386445143238,0.5068759860298403,0.5071954408526596,0.5074987013952171,0.5077859182557514,0.508058370188551,0.50831682629128,-2.0,0.5087946196046159,0.5090155956909591,0.5092254652375594,-2.0,0.5096135685960638,0.5097924143147776,0.5099628814203407,0.5101245582020756,0.5102777332997805,0.5104235252942181,0.5105617327610606,0.510692648880816,-2.0,-2.0,-2.0,0.511152946058172,0.5112536422749929,0.5113486577691364,0.511438624788927,0.5115238595484743,-2.0,0.5116805042329571,0.5117523929446273,0.5118203355810821,-2.0,0.5119438816388715,0.5119999820219249,0.512052979954942,0.5121021062630463,-2.0,0.5121913268143824,0.5122310487665294,-2.0,0.5123019851643759,0.512333398423068,-2.0,-2.0,0.5124108477699881,-2.0,-2.0,0.5124651982050834,-2.0,-2.0,-2.0,0.5125039744487145,-2.0,-2.0,-2.0,-2.0,-2.0,-2.0,-2.0,-2.0,0.5124545688692999,-2.0,-2.0,-2.0,-2.0,-2.0,-2.0,-2.0,-2.0,0.5122059072738311,-2.0,0.5121200066602111,0.5120724016683966,0.5120215620713396,-2.0,0.5119097292409203,-2.0,-2.0,-2.0,-2.0,0.511565000068234,-2.0,-2.0,-2.0,0.5112121715179921,0.511111769600613,-2.0,0.5108948626396725,0.5107779064692723,-2.0,-2.0,-2.0,-2.0,-2.0,-2.0,-2.0,-2.0,-2.0,-2.0,-2.0,-2.0,-2.0,-2.0,-2.0,0.5078742597211989,-2.0,0.507330130161547,-2.0,-2.0,0.506411852507778,0.5060759422313018,0.5057239543668473,0.5053551269351694,0.5049686785828968,0.5045637845023533,0.5041395560928257,0.5036951060152632,-2.0,-2.0,-2.0,-2.0,-2.0,0.5005469674747111,0.49993155508558446,0.4992868982296289,-2.0,0.49790425849922837,-2.0,0.49638719447715135,0.4955742361498835,-2.0,0.49383075587796155,0.49289649459703927,-2.0,0.4908929288246462,0.4898193314031788,0.48869481940970216,-2.0,0.48628331864200885,-2.0,0.4836377470354383,-2.0,0.4807354197824196,-2.0,-2.0,0.47584542846381755,0.47405875811601456,-2.0,0.47022675580775325,0.4681736119579929,-2.0,0.4637708822689396,-2.0,-2.0,-2.0,0.45364269697107945,-2.0,-2.0,-2.0,-2.0,-2.0,-2.0,0.4307120277265427,0.4267867667868237,-2.0,-2.0,-2.0,-2.0,-2.0,0.3990066872789866,-2.0,-2.0,0.38194140355231515,0.3757056953113922,-2.0,-2.0,-2.0,0.3476656482470717,-2.0,-2.0,0.32295282443373585,0.3139227505070845,-2.0,-2.0,0.28418381737255927,-2.0,0.26193572899434153,0.2500151700220961,-2.0,0.22445318347310156,-2.0,0.19641205679344848,0.1813875416445494
0.19791668678535568,0.5074460469304297,0.5079354475739954,0.5083978967627794,0.5088359701955767,0.5092494577652811,0.5096414021056164,0.510012500078147,0.5103639785055519,0.5106968677369775,0.5110124959757921,0.5113115795393887,0.5115953976749612,0.5118644030400072,0.5121196861366445,0.5123619286752618,0.5125917483032236,0.5128101975998153,0.5130169873562869,-2.0,0.5134002082214526,0.5135772075518075,0.5137453619421626,-2.0,0.5140564945987793,0.5141999441288684,0.5143364600417982,0.5144658974785384,-2.0,0.5147048001989173,0.5148152880416963,0.5149196797617981,-2.0,0.5151128058906718,-2.0,0.5152853167847722,-2.0,-2.0,-2.0,0.5155759927914836,0.5156385206923351,-2.0,0.5157524265970551,0.5158040584088934,-2.0,0.5158974777187275,-2.0,-2.0,0.5160136439875411,0.5160466916006756,0.5160769905593399,0.5161040066302969,-2.0,0.5161508004368418,0.5161701039667604,0.5161870452016392,0.5162015023081366,-2.0,-2.0,0.5162302878049981,0.5162351479071201,-2.0,0.5162376191342861,-2.0,-2.0,-2.0,0.5162143041892556,-2.0,-2.0,-2.0,0.5161524553617742,-2.0,-2.0,-2.0,-2.0,-2.0,-2.0,-2.0,-2.0,-2.0,-2.0,-2.0,0.5157079075823714,0.5156505987588222,-2.0,0.5155250490327845,0.5154565421508115,-2.0,-2.0,0.5152263068070982,-2.0,0.5150505892278138,-2.0,0.5148552589967642,-2.0,-2.0,-2.0,-2.0,0.5142700796366028,0.5141344450567124,-2.0,0.5138423353760607,-2.0,-2.0,-2.0,-2.0,-2.0,-2.0,-2.0,0.5123458544250349,-2.0,-2.0,-2.0,-2.0,0.5110763816757496,-2.0,0.5104787993276018,0.510158317963598,0.509822475745424,-2.0,0.5091017879522258,0.5087154049337231,0.5083105714741617,0.5078863781512594,0.5074419873824322,-2.0,0.5064886269090884,-2.0,-2.0,-2.0,0.5042940949176807,-2.0,-2.0,0.5023588450270454,-2.0,-2.0,-2.0,-2.0,0.49847007886710976,-2.0,0.49664391818090264,0.4956653712014626,-2.0,0.4935668185752896,0.4924423351928128,-2.0,-2.0,0.48873872484055314,0.48738532829403186,0.48596777326755225,-2.0,-2.0,-2.0,0.4795930805307019,-2.0,-2.0,-2.0,-2.0,-2.0,0.4675186060937222,0.46515957866708224,-2.0,0.4601009925647818,-2.0,-2.0,0.4515781585551364,-2.0,0.4452021819059126,0.4417857330923403,-2.0,0.4344598226958507,-2.0,0.42642333102489005,0.4221173421271899,0.4176073630234941,-2.0,0.4079363125530096,-2.0,-2.0,0.3916429114731881,-2.0,0.37945354348056914,0.3729224911053022,0.3660819761054799,-2.0,-2.0,0.34355409449363117,-2.0,0.32670072154662955,0.3176706129586574,-2.0,0.29830683397062185,0.2879316684319556,0.27706504021310013,0.26568361199693774,0.25376303379871984,-2.0,0.22820109301819186,0.21450492717655606,0.20015997348141917,-2.0
0.19227357351427748,0.5106919987784498,0.511203026518152,0.5116862660676265,0.5121424247385595,0.5125742051268747,0.512983058509155,0.5133696692954001,0.5137362392621813,0.5140829451350677,0.5144116213168278,0.5147231601045021,0.5150188262798406,0.5152986112200284,0.5155643524753859,0.5158167441330189,0.516055752840481,-2.0,0.51649793925225,0.5167024381047087,0.5168963737643167,0.5170809171662123,0.5172553941538708,0.5174211865016282,0.5175790603059721,-2.0,0.5178702622891898,0.5180043935732561,-2.0,0.518253204280666,0.5183677543609132,-2.0,-2.0,-2.0,0.5187694186743925,0.5188568221536299,-2.0,-2.0,0.5190904843702778,0.519160168941665,0.519225075573626,0.519286296248095,0.5193442734781482,0.5193977954541634,-2.0,0.5194953185558787,-2.0,-2.0,-2.0,0.519652206660286,-2.0,0.5197126159417884,0.5197390081684435,0.5197622223058777,-2.0,-2.0,0.5198169683934559,-2.0,-2.0,0.5198491154610331,0.5198549432098242,0.5198583576193179,-2.0,0.519857972328025,-2.0,-2.0,-2.0,-2.0,-2.0,-2.0,-2.0,-2.0,0.5197356745588959,0.5197091234374922,0.5196800566708373,-2.0,0.5196136068164384,-2.0,-2.0,-2.0,-2.0,0.519394857512774,0.5193413847254538,0.5192844208625808,0.5192238408855913,0.5191595171955832,0.5190913107498458,0.5190190772068073,-2.0,0.518861899348174,-2.0,0.5186866329863751,-2.0,-2.0,-2.0,0.5182756743591843,-2.0,-2.0,-2.0,0.5177720767891034,-2.0,-2.0,0.5173233141191894,-2.0,0.5169856081003497,0.5168041243691409,0.5166137191873545,-2.0,-2.0,-2.0,-2.0,0.5155128055264153,-2.0,-2.0,-2.0,0.5144240427781757,0.5141183144524681,-2.0,0.51346213110525,-2.0,0.5127415671768917,0.5123552448300582,-2.0,-2.0,-2.0,-2.0,-2.0,-2.0,0.5090825125538365,-2.0,-2.0,0.5073190227706638,0.5066744419716522,0.5059992212629459,-2.0,-2.0,0.5037749911057666,0.5029620820963848,-2.0,-2.0,0.5002844904897418,0.4993059609434184,0.4982810156615467,0.4972074619490584,0.4960829880289447,0.494905197839456,0.4936715606715641,0.4923794411834457,0.49102605806051963,0.48960852966649504,-2.0,-2.0,0.4849398852929926,0.4832338848204291,0.48144702810974843,0.4795754946028502,-2.0,-2.0,-2.0,-2.0,0.46880046538702236,0.4663300072601159,0.46374182490922516,-2.0,-2.0,-2.0,0.4521048475774736,0.44884301956276446,0.4454266801194379,0.4418484981224373,-2.0,-2.0,0.43006430147985064,-2.0,0.4212483521674145,0.4165251208049291,-2.0,0.40639552990299777,0.40096826132206237,-2.0,0.3893302565084123,-2.0,0.37656346542623553,-2.0,0.3625584485946639,0.35505457548469777,-2.0,-2.0,0.33034181142503094,-2.0,-2.0,-2.0,0.29157278647649254,0.28070608295308014,-2.0,-2.0,-2.0,0.23184238603247292,0.2181459655784948,-2.0,-2.0
0.18679135990207824,0.513819121284577,0.5143533187855912,0.5148570113129948,0.5153339932625727,0.5157838634892071,0.5162099007522771,0.516613053308316,0.516994729305933,0.51735613571032,0.5176986943080132,0.518023060022792,0.5183304895251322,0.5186222007269943,0.5188990873556589,0.5191609066221926,0.5194097850518219,0.519645683084563,0.5198697381594334,0.5200822586500328,0.5202844092926322,0.5204754937531897,-2.0,0.5208297303235581,0.520993812683005,0.5211487997472849,0.5212963711154969,0.5214361933800615,-2.0,0.5216946771415226,0.5218138662381845,0.5219269268137601,-2.0,-2.0,0.522231495999929,0.5223225381343183,-2.0,0.5224892905345555,-2.0,0.5226381443387952,0.522706212546524,-2.0,0.5228301279117846,-2.0,-2.0,-2.0,-2.0,0.5230767457070389,0.52311623832352,0.5231527883413933,0.5231862808510994,0.5232165274038737,0.5232442148908779,0.5232692413391824,-2.0,-2.0,0.5233281108359545,-2.0,0.5233541416440415,0.5233635488475052,-2.0,-2.0,-2.0,-2.0,-2.0,-2.0,-2.0,-2.0,-2.0,0.5233217126648817,-2.0,-2.0,-2.0,0.5232345021420184,-2.0,-2.0,0.5231406729708699,-2.0,-2.0,-2.0,-2.0,-2.0,0.5228710227535124,-2.0,0.5227540050521103,-2.0,0.5226221089437818,-2.0,-2.0,-2.0,-2.0,0.5222187824367877,0.5221241363457959,-2.0,-2.0,-2.0,0.5216932530306968,-2.0,-2.0,-2.0,-2.0,-2.0,-2.0,-2.0,-2.0,0.5203387341146716,-2.0,0.5199488305586258,-2.0,-2.0,-2.0,0.5190480813385016,-2.0,-2.0,0.5182512736309831,0.5179596618852191,0.5176540006828998,0.5173336650952195,0.5169979636484693,0.5166461649854837,-2.0,-2.0,-2.0,-2.0,-2.0,-2.0,-2.0,-2.0,0.5126188883957733,-2.0,-2.0,-2.0,-2.0,-2.0,-2.0,0.5080876769883433,-2.0,-2.0,-2.0,0.5047554488812083,-2.0,-2.0,0.5018178411637768,0.5007442977646038,0.49961985013992993,-2.0,-2.0,-2.0,-2.0,0.4931454766134993,0.49166076754824806,-2.0,0.4884768845136481,0.4867710175202144,0.48498405403322803,-2.0,0.4811523296848487,0.47909923230286133,0.4769488423097499,-2.0,0.4723376036759056,0.46986678599952375,0.46727895218150456,-2.0,-2.0,0.4587562241330435,0.45564197245529703,0.4523801845192457,0.44896384609669676,-2.0,-2.0,-2.0,-2.0,0.42929552460666276,0.42478564911055783,-2.0,-2.0,-2.0,0.40450548575492945,-2.0,0.39286746819763735,0.3866317884928552,-2.0,0.37326022552186444,-2.0,-2.0,0.35073239682681223,-2.0,0.33387897861556604,0.3248488964403895,0.3153910478535319,0.30548514364297386,-2.0,-2.0,-2.0,-2.0,0.24845610414562713,-2.0,-2.0,-2.0,0.19231382491424687
0.18146545828606472,0.5168303071597102,0.5173879234431775,0.5179137733574916,0.5184108356432013,0.5188809094061544,0.5193249353304646,-2.0,0.5201428804487452,0.5205194947408514,0.5208761518579575,0.5212138425561214,0.5215339753475077,-2.0,0.5221251613861319,0.5223982548026018,0.5226568446174865,0.5229023939787698,0.5231354219273197,0.5233565233566398,0.5235661602102608,0.523765278637743,-2.0,0.5241336107026754,0.5243035700418972,0.5244651420741789,0.524618243398266,0.5247636050399459,-2.0,0.5250324569612397,0.5251562911016086,-2.0,-2.0,0.5254906813271227,-2.0,0.5256850600774999,-2.0,0.5258588362494067,-2.0,-2.0,0.5260848875705737,0.5261511025452261,0.5262137409295434,0.526272724749839,-2.0,-2.0,-2.0,0.5264716576050664,0.5265130311792637,-2.0,0.5265864193819609,0.5266185992723347,-2.0,-2.0,0.5266979802447616,-2.0,-2.0,-2.0,-2.0,-2.0,0.52678432388298,-2.0,0.5267927162274125,0.5267931722790049,-2.0,-2.0,-2.0,-2.0,-2.0,-2.0,-2.0,-2.0,-2.0,-2.0,-2.0,0.5265999725200503,0.5265663103140498,-2.0,-2.0,0.5264472554473449,-2.0,-2.0,-2.0,-2.0,0.5261832008664534,-2.0,-2.0,-2.0,-2.0,-2.0,-2.0,-2.0,0.5255555321607727,-2.0,-2.0,-2.0,-2.0,-2.0,0.5248737519130026,-2.0,0.5245966302195421,0.5244474598755122,-2.0,-2.0,0.5239536444668309,-2.0,-2.0,-2.0,0.5231734907837138,0.5229539979793644,-2.0,0.5224824339769657,-2.0,-2.0,-2.0,0.5213943707411564,0.5210888008956528,0.5207685389191243,0.5204329054339955,0.5200811790142953,0.5197126098404079,0.5193263998784416,0.5189217261727509,-2.0,0.5180534845801626,0.5175880493403554,0.5171004289595723,-2.0,0.5160543960554301,-2.0,-2.0,0.5142911515598508,-2.0,-2.0,-2.0,-2.0,-2.0,0.5099346077159,-2.0,-2.0,0.5072571779399684,0.5062786967852579,0.5052537989409258,0.5041802856237589,0.5030558600000714,-2.0,-2.0,-2.0,-2.0,-2.0,0.49509688518579187,-2.0,-2.0,-2.0,0.48842031530191204,-2.0,-2.0,-2.0,-2.0,-2.0,0.4757738191502284,0.47330307040025305,-2.0,0.46800477223517495,-2.0,0.46219251332007616,-2.0,-2.0,0.452400152720373,-2.0,0.44507429045037306,-2.0,0.4370378291764839,-2.0,-2.0,-2.0,0.4185509047174018,0.4133691076114937,-2.0,0.4022575076627093,-2.0,-2.0,0.3835370974949801,0.37669660084179135,0.3695321564026839,-2.0,0.3541687524420505,-2.0,0.3373153926810324,-2.0,-2.0,0.30892155201107796,0.2985464023764366,-2.0,0.27629833579754287,0.26437781403666544,0.2518925129628595,0.23881600517537888,0.22511966144168633,-2.0,0.19575020956661215
0.17629141180959476,0.5197268968324605,0.5203090155271818,0.5208584707739151,0.5213771067048094,0.5218672686619452,0.5223304259106665,0.5227685428281124,0.5231829236478825,0.5235752110818339,0.5239466297145771,0.5242986178014324,0.524631683451664,0.524947393334025,0.5252467909452043,0.5255305548044636,0.5257997402580813,0.5260551565838159,0.526297280779931,0.5265273493671968,0.5267451430292072,0.5269522086915035,0.527148733806542,0.5273348824785613,0.5275118758261278,0.5276794243009783,-2.0,0.5279900905812118,0.5281330234388123,0.528268939021297,0.5283978108196478,0.5285199749311127,-2.0,0.5287454494440808,0.528849224860954,-2.0,0.5290407106044785,0.5291285395354053,0.5292111614963805,0.5292895270882784,0.5293631937717154,0.5294326648735138,-2.0,-2.0,0.5296166934704075,-2.0,-2.0,0.5297673399464571,0.5298107040661671,-2.0,-2.0,0.529921760494357,-2.0,-2.0,0.5300058241045068,-2.0,-2.0,-2.0,-2.0,-2.0,-2.0,-2.0,-2.0,-2.0,-2.0,0.5301067758959868,-2.0,-2.0,-2.0,-2.0,0.5300501755814533,-2.0,-2.0,0.5299845781690335,-2.0,0.5299269723051253,-2.0,-2.0,0.5298185320776049,0.5297762251869041,-2.0,-2.0,-2.0,-2.0,-2.0,-2.0,-2.0,0.5293121615237075,0.5292366358405362,0.529156684409648,-2.0,0.5289829895039608,-2.0,-2.0,-2.0,-2.0,-2.0,0.5283366646631197,0.5282083046081498,-2.0,-2.0,-2.0,-2.0,-2.0,0.5272891549590182,0.527108072016523,-2.0,0.52671866700474,0.5265095083812108,-2.0,-2.0,0.5258187744080528,-2.0,-2.0,0.5250225308839375,-2.0,0.5244255874988148,-2.0,-2.0,0.5234181929764459,-2.0,-2.0,0.5222589286541518,-2.0,0.5213907992028035,-2.0,-2.0,-2.0,0.5193919177206628,0.518831404349183,0.518244019528418,0.5176287993909368,0.5169843232407317,0.5163092157174668,0.5156020241363348,0.5148612416655085,0.5140852727562888,-2.0,0.5124213008385907,0.5115293014575866,0.5105951176766836,0.5096166624533991,0.508591788702726,0.507518295919079,0.5063938911400806,-2.0,0.5039826586643451,0.5026905465276249,-2.0,-2.0,-2.0,0.4968799766822609,0.49525127445587713,0.49354524988106835,-2.0,0.48988694359798524,0.48792676041711175,0.48587368607475967,0.48372332131027007,0.4814710661624574,0.4791120810901689,0.4766413252580341,0.47405349992237306,0.47134305954741,-2.0,-2.0,0.4624166014759562,0.45915482751082576,0.4557385192720345,-2.0,-2.0,0.4444874006817918,-2.0,0.4360702358484141,0.4315603376543914,0.4268367607390682,0.4218892647957411,-2.0,0.4112802692071191,-2.0,0.3996422594700972,0.39340657989089856,-2.0,0.3800350548692726,-2.0,0.3653667291259761,-2.0,0.34927549467307356,0.3406538321101047,0.33162373436194525,0.3221658806164419,0.31225997629118474,0.30188484064357946,0.29101836752995086,0.2796367858661279,0.2677163515758623,-2.0,-2.0,0.2284581324120895,-2.0,-2.0
0.17126489069246048,-2.0,0.5231195614412133,0.523693418360859,0.5242344582060341,0.5247456449966268,0.5252287135407556,0.5256853090556314,0.5261171305188174,0.5265258736654403,0.5269127016914358,0.5272789837811354,0.5276257822670452,0.5279542570681655,0.5282661286829343,0.5285610280009869,0.5288410047054958,-2.0,0.5293585488301473,0.5295972083385314,0.5298238379112115,0.5300389078164804,0.530242961244952,0.5304366886204241,0.5306203585966108,0.5307949486694643,0.5309602164719498,0.5311171099481287,0.5312660035780228,0.5314073645026836,0.5315413544040641,0.5316681717531121,-2.0,0.5319023535706849,0.5320104955664584,0.5321126221136923,0.5322093725645338,0.5323003962653564,-2.0,0.5324686115591369,0.5325449157801324,0.5326172462395725,0.5326852899857671,-2.0,-2.0,0.5328652838027578,0.5329177142901006,0.5329667117565369,-2.0,0.5330540745073256,-2.0,0.5331285298079197,-2.0,-2.0,0.5332175123380025,-2.0,0.533262217003389,0.53328052346274,0.5332961208378123,-2.0,0.5333190978694191,0.5333267008516406,-2.0,-2.0,-2.0,-2.0,0.5333259102640869,0.5333180995161582,0.533307492100762,-2.0,-2.0,-2.0,0.5332388879841755,-2.0,-2.0,-2.0,-2.0,-2.0,-2.0,0.5330097219777568,-2.0,0.5329161562926783,0.5328642431660351,-2.0,0.5327496084420537,0.5326866395709032,0.5326197268228533,-2.0,-2.0,-2.0,-2.0,-2.0,-2.0,-2.0,-2.0,-2.0,-2.0,-2.0,-2.0,-2.0,0.5311711661454059,-2.0,-2.0,-2.0,0.5305294173675337,-2.0,0.5301585801164618,-2.0,-2.0,-2.0,-2.0,-2.0,0.5288070145122481,0.528541893063446,-2.0,0.5279725745712925,-2.0,0.5273470596011758,0.5270115785417013,-2.0,-2.0,0.5259054813018262,0.5255009337227358,0.5250770492764084,-2.0,-2.0,0.5236800823735549,-2.0,0.5226342431241359,0.5220736801333234,-2.0,0.5208712590489208,0.5202268229935364,-2.0,0.5188446019500402,0.5181038483524855,0.5173279181484185,-2.0,0.5156637631925581,0.5147719808544956,0.513837875387907,0.512859448277477,0.5118345971157346,-2.0,-2.0,0.5084590469285923,0.5072254844064963,-2.0,-2.0,0.503162791940013,0.501678003823975,-2.0,0.49849421868794264,0.4967882762504405,0.4950014749014994,0.4931299970627492,-2.0,-2.0,0.48696641131930496,-2.0,-2.0,-2.0,-2.0,0.47458620055562944,-2.0,0.4687739947066859,-2.0,-2.0,0.4589816864173069,0.4554035208738966,0.45165583798867737,-2.0,0.443619414972506,0.439313443770071,0.43480349896765347,-2.0,0.4251325127494378,0.4199507367669143,0.4145234911803321,-2.0,0.4028855049857378,-2.0,0.39011878358835206,0.3832783234726146,0.3761137765895416,0.36860986444042254,0.3607504682317313,0.3525187818611922,0.343897101504424,-2.0,0.3254093679391946,0.3155032770332803,0.30512811501638315,-2.0,0.2828800919911419,0.27095953280576696,0.2584742665364844,-2.0,-2.0,-2.0,-2.0
0.16638168860761288,0.5251857962273688,0.5258210494638452,0.5264198266560703,0.5269847544158499,0.5275180730103148,0.5280218002660713,0.528497840884204,0.5289478834808624,0.5293736669997477,0.529776280535812,0.5301576942125232,0.5305186753775968,0.5308611640358176,0.5311846892454282,0.5314917739210429,0.5317830529265642,0.532059213679847,0.5323207851986128,0.532569214493635,0.5328046743128032,-2.0,0.5332402066047329,0.5334414020755893,-2.0,0.5338135224964374,0.533985358301854,0.5341485207449264,-2.0,-2.0,0.5345893342469715,0.5347209232707171,0.5348457310178301,0.5349643258320945,0.5350763181318892,0.5351824907377384,0.5352829427065886,0.535378382339389,0.535467844813723,-2.0,0.5356325671991433,0.5357076229201317,-2.0,-2.0,-2.0,-2.0,0.5360209504433981,0.5360720265607273,-2.0,-2.0,-2.0,-2.0,-2.0,0.5363076143295185,0.5363356674453129,-2.0,0.5363834881165991,0.5364030534072417,0.5364199908178013,0.5364339905681184,0.5364453954947135,-2.0,0.5364602070514195,-2.0,0.536464468339009,-2.0,-2.0,0.536451179504958,-2.0,0.5364294953863553,0.5364143558031569,0.5363962834961923,-2.0,-2.0,-2.0,0.5362980100791263,-2.0,0.5362309759388623,0.5361918639819513,0.5361504927940927,0.536105844680971,0.5360578249262408,0.5360063326418777,-2.0,0.5358924783324576,-2.0,-2.0,0.535692642564453,0.5356177209631988,-2.0,-2.0,-2.0,0.535272145657481,-2.0,-2.0,-2.0,0.5348439708883861,-2.0,-2.0,-2.0,-2.0,0.5341695762095935,-2.0,0.5338494613985819,-2.0,0.5334963381843892,-2.0,0.533107460946623,-2.0,-2.0,-2.0,-2.0,-2.0,0.5316906869696795,-2.0,-2.0,-2.0,0.5304962133577146,-2.0,0.5298093015343441,-2.0,0.5290549299420788,0.528650446989981,0.5282266236475339,-2.0,0.5273172887161968,-2.0,-2.0,-2.0,-2.0,0.52463637512377,0.5240212466023244,0.5233768480638724,-2.0,0.5219946965344902,0.5212539865921202,0.5204780835001259,0.5196653334816622,0.518813995831124,0.5179222428423431,0.5169881665565033,-2.0,0.5149849409956087,0.5139114988195946,-2.0,-2.0,0.510375921618882,0.5090838933428962,0.5077306076261122,0.5063131581652445,-2.0,0.5032734982443527,0.5016447618824343,0.499938843460969,0.4981520569144851,-2.0,-2.0,-2.0,0.49011705000421624,-2.0,-2.0,-2.0,0.4804473028956228,-2.0,0.4748980489759785,0.47192470954668087,0.4688104793848388,-2.0,-2.0,0.45855425829044083,-2.0,-2.0,-2.0,-2.0,0.43795426770167045,-2.0,0.42828327299211494,0.4231015105267084,0.4176742748611821,0.41198993844920195,0.4060364472943025,0.39980064129493376,0.3932695576325249,-2.0,-2.0,0.37176067232191845,-2.0,0.35566958224852446,-2.0,0.3380178513659695,0.3285599801268563,-2.0,0.3082790612400046,0.29741231493542836,0.28603094999265716,0.27411036796984184,0.26162512976419683,0.2485484427984354,0.2348522792627616,-2.0,0.20548284546344608
0.1616377191611948,0.5277514996658753,0.5284150984692281,0.5290405277337382,-2.0,0.5301867422419798,0.530711939672955,0.531208163502904,0.5316771806803476,0.5321205904192574,0.5325400949531212,0.5329371690831216,0.5333128168665043,0.5336687880060231,0.5340058207127136,0.534325317011117,0.5346282555011257,0.5349153043833927,0.5351876404903039,0.5354453222534789,0.5356902380317045,0.535922312677083,0.5361426223252206,0.5363517261114092,0.5365500941038744,0.5367381125399812,0.5369169061393811,0.5370863906768404,0.5372466620865138,0.5373993792682757,-2.0,-2.0,0.5378104158850626,0.5379333662177835,0.5380502638537439,0.5381604036951465,0.5382647435275792,-2.0,-2.0,0.5385448027619079,0.538627948934267,-2.0,0.5387801439849071,-2.0,0.5389146858634386,0.5389758663110279,-2.0,-2.0,-2.0,0.5391823518209,-2.0,0.5392642170386364,-2.0,0.5393332632871874,-2.0,0.5393903716791765,-2.0,0.5394349941350067,-2.0,-2.0,0.5394811392174167,-2.0,-2.0,-2.0,0.5395045463698415,0.53950370332243,0.5395001919258058,-2.0,0.5394851391519355,-2.0,-2.0,-2.0,-2.0,0.5393997131867609,0.5393741642765534,0.5393456840622951,0.5393142123532251,0.5392796799634366,-2.0,-2.0,-2.0,-2.0,-2.0,-2.0,-2.0,0.538883256022309,-2.0,-2.0,-2.0,-2.0,0.5385092873160492,-2.0,-2.0,-2.0,0.5381250807451489,0.5380155715796946,0.5379002291805274,-2.0,-2.0,0.5375166630067124,-2.0,-2.0,-2.0,0.5369070244087227,-2.0,-2.0,0.5363646739763657,-2.0,-2.0,-2.0,-2.0,-2.0,-2.0,0.5347496044141848,0.5344718443847881,-2.0,0.5338754287621271,-2.0,0.5332201703568091,-2.0,-2.0,0.5321145099564255,0.5317100947547438,0.5312863427208997,0.5308423309649303,-2.0,0.5298897206237049,-2.0,0.5288440815671922,-2.0,-2.0,0.5270813709044271,-2.0,0.5257620284727232,0.5250549537856337,-2.0,0.5235384071083709,0.5227256940636896,-2.0,-2.0,-2.0,0.5190702525604627,0.5180454437821836,-2.0,0.5158476933571982,-2.0,-2.0,-2.0,-2.0,-2.0,0.5078891943313937,0.5063341995447116,-2.0,-2.0,-2.0,0.49934134288716703,-2.0,-2.0,-2.0,-2.0,-2.0,-2.0,0.4835081494308488,-2.0,0.47795892288494474,0.47498557071351644,-2.0,0.46860961174642796,-2.0,-2.0,0.45786749138489635,-2.0,0.44983109349568196,0.4455251376977174,-2.0,-2.0,-2.0,0.42616253297866724,-2.0,-2.0,0.40909727290334935,0.40286161920522867,-2.0,0.3894901008701056,0.3823255666941998,-2.0,-2.0,0.3587305722930227,-2.0,-2.0,-2.0,0.32171510761110345,-2.0,-2.0,0.2890919362928776,-2.0,0.26468615428028897,0.251609460292691,0.23791331349658434,0.22356835971267713,0.20854406790949853
0.1570290124729377,0.5302103606668572,0.5309042626368373,0.5315569496581706,0.5321728272809929,0.5327531688068263,0.5333011105743639,0.5338184663394603,0.5343072401019556,0.5347691879749508,0.535206000306021,0.5356193354816106,0.5360105456572111,0.536381041453305,0.5367314466428599,0.5370637812491931,0.5373787575174299,0.5376770802747752,0.5379601266488777,-2.0,0.5384825650451825,0.5387238098598399,0.5389525898382715,0.5391698161814447,0.539375784904634,-2.0,0.5397565603850981,0.5399323937618852,0.5400992281669562,0.540257738534769,0.5404075566874994,-2.0,-2.0,0.5408124522970245,0.5409334917636219,0.5410483235737381,0.5411567741724126,0.5412596182397669,0.5413564413520952,0.5414478708306526,0.5415343820662797,0.5416161653972064,-2.0,-2.0,0.5418330122319003,0.5418966814971075,0.5419564971331672,-2.0,-2.0,-2.0,-2.0,0.542198133512452,-2.0,-2.0,-2.0,0.5423311764650696,-2.0,0.5423787179852324,0.5423984702383804,0.5424149870363435,0.5424288662933774,0.5424399569578066,-2.0,-2.0,0.5424567386865224,0.5424568871535136,-2.0,-2.0,-2.0,-2.0,-2.0,-2.0,0.542381324642675,-2.0,-2.0,-2.0,-2.0,-2.0,-2.0,-2.0,0.5421205817589811,-2.0,-2.0,-2.0,-2.0,-2.0,-2.0,0.5417129433180292,-2.0,-2.0,0.5414766632657418,0.5413885547051145,0.5412954680735896,-2.0,-2.0,0.5409842824618016,-2.0,0.5407479664942655,-2.0,-2.0,0.540345147495847,-2.0,-2.0,-2.0,-2.0,-2.0,0.5393354193755449,0.5391365725059966,-2.0,0.5387090213961363,0.5384796118189611,-2.0,0.5379860198491295,-2.0,-2.0,0.5371524505266982,-2.0,0.5365274604833946,-2.0,0.5358408730737518,0.5354726544910794,0.5350867873286871,0.5346824414934891,-2.0,-2.0,-2.0,0.5328623100926674,-2.0,0.5318167831768351,-2.0,-2.0,-2.0,-2.0,0.5287349563969271,0.5280279257891436,0.5272872794688166,0.5265114510440678,-2.0,-2.0,-2.0,0.5230218163859919,-2.0,0.5210186728096462,-2.0,0.5188209722988285,0.517643337929266,0.5164099020036669,-2.0,-2.0,-2.0,0.5108626008708632,0.5093076242874119,0.5076789169124366,-2.0,-2.0,-2.0,0.5003547024591102,0.4983016842077155,0.4961513650226548,-2.0,0.4915402257660014,0.489069504993159,-2.0,-2.0,0.48093250016250294,-2.0,0.4748449750557503,0.4715832293569509,-2.0,0.4645888010386158,-2.0,-2.0,-2.0,-2.0,-2.0,-2.0,0.4343179107534148,-2.0,-2.0,-2.0,-2.0,0.4058353293816592,-2.0,0.39246381683660814,-2.0,0.37779538803540436,-2.0,0.3617043420613985,-2.0,0.34405257413031043,-2.0,-2.0,-2.0,-2.0,0.29206576790884736,0.28014515237217236,0.267659913975005,0.25458336071734416,-2.0,0.22654210167043615,-2.0
0.15255171185405977,0.5325637040621441,0.5332886221787254,0.5339708713309202,0.5346136654800699,0.5352194954959062,0.5357911570470162,-2.0,0.5368398578131796,0.5373211567049295,0.5377763311985836,0.5382064914044951,0.5386139760026827,0.5389993016209985,0.5393637639668671,0.5397095075424712,0.5400369915772807,0.5403469507892372,-2.0,0.5409196704963884,0.5411840250041767,-2.0,-2.0,0.5418982037006356,0.5421121925825836,-2.0,0.5425076333452965,-2.0,-2.0,0.5430275823805365,0.5431833053645505,0.5433313124420035,-2.0,-2.0,0.5437295031032499,0.5438487158359778,0.543961570460471,-2.0,0.5441689876600785,0.5442639178849746,0.5443538610922459,-2.0,0.5445185826655178,0.5445940596498798,-2.0,-2.0,-2.0,-2.0,0.5449058909939246,0.5449559336767569,0.5450027687132877,0.5450460687783312,0.5450859376455648,-2.0,0.5451557457564106,-2.0,0.545212858936453,-2.0,0.5452578181020459,0.5452758784286695,-2.0,-2.0,-2.0,-2.0,-2.0,0.5453246927294318,-2.0,-2.0,0.5453117504174374,0.5453019164258669,0.5452889972111441,-2.0,0.5452554737752326,-2.0,-2.0,-2.0,-2.0,-2.0,0.5450820632745592,0.5450422256850679,-2.0,-2.0,-2.0,-2.0,0.5447908947663408,-2.0,-2.0,0.5445943805630457,0.5445204652641313,-2.0,-2.0,-2.0,-2.0,-2.0,0.5439770935288402,0.5438680766504361,-2.0,-2.0,-2.0,-2.0,-2.0,0.5430819129727632,-2.0,-2.0,-2.0,-2.0,0.5422213182093545,-2.0,-2.0,-2.0,-2.0,0.5411251191259858,-2.0,-2.0,-2.0,-2.0,-2.0,-2.0,-2.0,-2.0,-2.0,-2.0,0.5375699858693066,-2.0,-2.0,0.5362373974933009,0.5357501053949641,-2.0,-2.0,-2.0,-2.0,0.5329422679678426,0.5322980056690554,-2.0,0.530916103201958,0.5301754998626572,0.5293997075263093,-2.0,0.5277358216586,0.5268441635225204,-2.0,0.524931860362283,0.52390715105003,0.5228337604818462,-2.0,-2.0,0.519298393180349,-2.0,-2.0,0.5152358218343337,-2.0,0.5121963108051742,0.5105676108163286,0.5088617589295447,0.5070749666914862,-2.0,0.5032434305619,-2.0,-2.0,-2.0,0.4944290041637418,0.4919583032371168,0.4893705292928752,-2.0,0.4838215942702488,-2.0,-2.0,-2.0,-2.0,-2.0,-2.0,-2.0,-2.0,0.45138770269471185,-2.0,0.44215418992928945,0.4372068218512111,0.43202509006098744,0.4265978578335185,0.42091353176415314,-2.0,0.4087243314905239,0.40219325592929467,0.3953527629258554,-2.0,0.3806843764744552,0.37282496556154743,0.3645933246410316,-2.0,-2.0,0.3374837162267925,0.32757786198356564,-2.0,0.30633607628643494,0.2949547042439146,-2.0,-2.0,-2.0,0.24377607555761377,0.22943110688477147,-2.0
0.14820207057988583,-2.0,0.5355709092692599,0.536283789987467,0.5369551200476315,0.5375873283191277,0.5381839332826659,0.538746036554798,0.5392772009228627,0.539778538523805,0.54025257506604,0.5407006194958113,0.5411243836257773,0.5415252272812967,0.5419050870528899,0.5422641471719524,0.5426048285730586,0.542926997710182,0.5432326111036537,0.5435226126165685,0.5437969337038011,0.54405762393318,0.5443045595503905,-2.0,0.5447607571158125,-2.0,0.5451713308457967,-2.0,0.5455407984970254,0.5457118501442803,0.5458731470123138,0.5460267887773849,-2.0,-2.0,0.5464404763588526,0.5465643402919046,0.546681321370321,0.5467917669918572,0.5468966222054875,0.5469957101950186,-2.0,0.5471770614031785,0.547260416971622,-2.0,0.5474122550619728,-2.0,-2.0,-2.0,0.5476633199978055,0.5477164084920214,-2.0,-2.0,0.5478524502251113,0.5478907108852238,0.5479257175606328,0.5479575209937115,-2.0,-2.0,0.5480341110140183,-2.0,-2.0,0.548083780673548,-2.0,-2.0,0.5481072920905934,0.5481095090653425,-2.0,-2.0,-2.0,-2.0,-2.0,-2.0,-2.0,-2.0,0.5480018660368855,-2.0,-2.0,-2.0,0.5478768382555149,-2.0,0.54779487780745,-2.0,-2.0,-2.0,-2.0,0.5475275367807255,0.5474624695194333,-2.0,-2.0,-2.0,-2.0,0.5470714622552468,0.546978955636556,-2.0,-2.0,-2.0,0.5465547348836695,-2.0,-2.0,-2.0,-2.0,-2.0,-2.0,-2.0,0.5453941057090193,0.5452139234620933,0.5450247549986083,-2.0,-2.0,-2.0,0.5441698200758759,-2.0,-2.0,-2.0,-2.0,0.5428439660278026,0.5425390183046344,0.5422193480386338,-2.0,-2.0,-2.0,0.5407793255390569,0.5403751252620509,-2.0,0.5395077583498269,0.5390427352668232,0.538555506059989,0.5380450258538548,0.5375102053179134,0.5369498891190853,0.5363628842255578,0.5357479322689234,-2.0,0.5344288520637547,0.5337218987851129,-2.0,-2.0,-2.0,0.5305417736120188,0.529650152042753,0.5287161905581752,0.5277379049224173,-2.0,0.5256398552587452,0.5245155990188725,-2.0,0.5221045696621899,0.5208126314436813,0.5194594250031309,-2.0,0.516557492173741,-2.0,-2.0,0.511668018690015,-2.0,0.5080099380514261,0.5060497951428906,0.5039968019983219,-2.0,0.49959433298633493,0.49723542918941,0.49476472976750613,0.49217697185981607,0.4894665899433586,-2.0,-2.0,-2.0,-2.0,0.473862299366612,-2.0,0.46653652512597776,0.4626113313408531,0.4585001696935189,0.4541942415565432,-2.0,0.4449607354039269,-2.0,-2.0,0.429404466434921,0.4237201022095324,-2.0,-2.0,-2.0,-2.0,-2.0,-2.0,0.3756315704696477,0.36739987385828704,-2.0,-2.0,0.34029032491198474,-2.0,-2.0,0.3091427110907771,-2.0,0.28584076453921453,-2.0,0.26027883539403923,-2.0,-2.0,0.21721325610830156
0.143976448754488,0.5369600885103543,0.5377521769541626,0.5384971490114363,0.5391981571329791,0.5398583395515497,0.5404803932415022,0.5410671336031362,0.5416204941830709,0.5421430327168351,0.5426367583868754,0.5431033539394302,0.5435444918984471,0.543961830086571,0.54435642609671,0.5447302659935447,0.5450841503024834,0.5454193906030488,0.5457370317769185,0.5460381336750327,-2.0,0.5465940247286691,-2.0,-2.0,0.5473243884162403,0.5475431650737412,0.5477509840906791,0.5479479551767755,-2.0,0.5483113562442182,0.548479445352357,0.5486385180312577,-2.0,0.5489325144819653,0.549068238430635,0.5491963449595662,0.5493181457527669,0.5494329700195013,0.5495419989985719,0.5496445460765665,0.5497416807034339,-2.0,0.5499198122500201,-2.0,0.5500779698617165,-2.0,-2.0,-2.0,0.5503400151502946,0.5503948056486642,-2.0,0.5504935091375772,-2.0,0.5505776876173424,-2.0,0.5506481356077249,-2.0,-2.0,0.5507294907896252,0.5507503934427376,0.5507682741946462,-2.0,-2.0,-2.0,-2.0,-2.0,-2.0,-2.0,-2.0,-2.0,0.5507872464460104,0.5507733132444499,-2.0,-2.0,0.5507137710334683,0.5506878718555956,-2.0,-2.0,0.5505912588414655,0.550552522876059,-2.0,0.5504647706175759,0.5504155671423413,-2.0,-2.0,-2.0,-2.0,-2.0,-2.0,-2.0,0.5498786292583404,-2.0,-2.0,-2.0,0.549499100913139,0.5493904809265003,-2.0,-2.0,-2.0,-2.0,-2.0,-2.0,-2.0,-2.0,0.5481171238895967,-2.0,-2.0,0.5475496920184854,-2.0,-2.0,0.5468937290581537,-2.0,0.5464010600627418,-2.0,-2.0,-2.0,0.5452635968078644,-2.0,0.5446090526086929,0.5442579512650801,-2.0,-2.0,0.543100216363689,-2.0,0.5422329887664867,0.5417680313370624,0.5412808653147829,-2.0,-2.0,-2.0,0.5390884697276811,0.5384735661513605,0.5378293962008768,0.537154947409153,0.5364476744778921,-2.0,0.5349314313634351,0.534118860522838,-2.0,-2.0,0.5314421805001731,0.5304639263345116,-2.0,-2.0,-2.0,-2.0,-2.0,0.5235388377983651,0.5221856310670696,-2.0,0.519283738733624,0.5177288155581561,0.5161001894340811,0.5143943222153027,-2.0,-2.0,0.5087761449837946,0.5067231879840638,0.504572898691053,0.502321123232628,0.49996182807379697,0.4974911560036312,0.4949034034152853,-2.0,-2.0,-2.0,0.4832667719427878,-2.0,0.47658880612954296,0.47301067486027515,0.4692630440823501,-2.0,-2.0,0.45692077610547177,-2.0,0.44768728515948275,0.4427399268191709,-2.0,0.43213099509576275,0.42644667931781377,0.4204930612511188,0.4142574194887827,0.40772638186656585,0.40088593590892774,0.39372143256735437,-2.0,0.3783581688744324,0.37012682171045214,0.36150485005530963,-2.0,-2.0,-2.0,-2.0,0.31186931532595413,0.30048793720181793,-2.0,0.27608217142914104,-2.0,-2.0,-2.0,0.21993992306321541
0.13987131026472382,0.5390047604765945,0.5398337166906547,0.5406124454437139,0.5413445368736571,0.5420340212421151,-2.0,0.5432950263129013,0.5438719425267996,0.5444164481932476,0.5449306896298024,0.5454165244850575,0.5458758362890381,0.5463101338325489,0.5467208122900937,0.5471096203264328,0.5474775486665565,0.5478260414501026,-2.0,-2.0,0.5487655739576038,-2.0,-2.0,0.5495654683733009,-2.0,-2.0,0.5502475557529257,-2.0,-2.0,-2.0,0.5510042205310178,0.5511691143890078,0.5513259322088531,0.5514741592562257,-2.0,0.5517481180986482,0.5518746714495777,-2.0,0.5521069913771094,0.5522137939136537,-2.0,0.55240989902888,0.5524999386855074,0.5525846005231877,0.5526640358702971,0.5527392581502227,-2.0,0.55287556688736,-2.0,0.5529943331260829,0.5530478612084213,-2.0,-2.0,-2.0,0.5532246154098165,0.5532599278938803,0.5532923762093099,-2.0,0.5533463167245507,-2.0,-2.0,-2.0,-2.0,0.5534276757144256,0.5534350409726729,0.5534394295222287,0.5534409325093445,-2.0,0.5534352196368533,0.5534279970915252,0.5534178486525112,-2.0,0.5533886891698994,0.5533696178373393,-2.0,-2.0,-2.0,0.5532624013185808,0.5532275835280088,-2.0,0.5531478375732719,-2.0,-2.0,-2.0,-2.0,-2.0,-2.0,0.5527524947226052,-2.0,-2.0,-2.0,0.5524335031731318,0.5523416138584866,-2.0,-2.0,0.5520337042321375,-2.0,-2.0,-2.0,0.5515393744739365,0.5513991116090604,-2.0,0.5510965132101683,-2.0,-2.0,-2.0,-2.0,-2.0,-2.0,0.5497689211044554,-2.0,0.5492994873721214,0.5490474049558105,0.5487830331508313,-2.0,-2.0,-2.0,0.5475909082365579,-2.0,0.5469050160697775,0.5465371275971532,-2.0,-2.0,0.5453241167563065,0.5448804430487255,0.5444155525468108,-2.0,0.5434180928992468,0.5428833873720772,0.5423231855092335,0.5417362860320477,-2.0,-2.0,-2.0,-2.0,-2.0,-2.0,0.5367672141103222,-2.0,-2.0,-2.0,0.5331121914859414,0.5320875471447064,0.5310142792609788,0.5298900807687253,0.5287125255259659,-2.0,-2.0,-2.0,-2.0,-2.0,-2.0,-2.0,-2.0,-2.0,0.5133848232325503,0.5114247554250988,0.5093717887827298,0.5072215345697288,0.504969373748115,-2.0,0.5001398255687549,-2.0,-2.0,0.4920029583238213,0.4890296725670945,0.48591550297856656,0.48265379083649235,-2.0,-2.0,0.47191180066058347,0.46798662631377663,-2.0,0.4595695724084119,0.45505967009527126,0.4503361126832923,0.4453887395490708,0.44020701426772546,-2.0,-2.0,0.423141893702019,0.4169062617070396,-2.0,-2.0,0.3963702823508011,-2.0,0.3810070432731515,-2.0,0.3641537053462529,-2.0,-2.0,-2.0,-2.0,-2.0,0.3031368645542953,-2.0,-2.0,-2.0,-2.0,-2.0,-2.0
0.13588321982112225,0.540948947720991,0.5418163674242916,0.542630247288025,0.5433954361724498,0.5441152123367723,0.5447927388525797,0.545431156409867,0.5460327879693734,0.5466004278290924,0.5471362339804342,0.5476421061380714,0.5481202149340636,0.5485721912484596,0.548999758488905,0.5494038162994126,0.5497864643946923,0.5501487736809086,0.5504920426027067,0.5508169248373794,0.5511250178348341,0.5514173653781532,0.5516934593588965,0.5519559432815202,-2.0,0.5524404314230531,0.5526639520386568,-2.0,0.5530774477781591,0.5532679553452663,-2.0,0.5536203158512153,0.5537829884595504,0.5539372130278002,0.5540831735147831,0.5542213425134519,0.554352491071714,0.554476685047284,-2.0,0.5547045797476617,0.554809644094893,0.5549084119307317,0.5550020373830453,0.5550901240502412,0.5551729683146566,-2.0,-2.0,-2.0,-2.0,-2.0,0.5555729421828953,-2.0,-2.0,0.5557171756190767,-2.0,-2.0,-2.0,0.5558593012489511,0.5558864391638787,-2.0,0.55593111766584,-2.0,0.5559633426221232,0.5559748897699613,-2.0,-2.0,0.5559915954316431,-2.0,0.5559879233706388,0.5559816510365961,0.5559724087339096,0.555960178229491,0.5559449360525535,-2.0,0.555905286201548,0.5558807963810142,0.5558531319791056,0.5558222324102612,0.5557884168712632,-2.0,-2.0,-2.0,0.5556167624042364,-2.0,-2.0,-2.0,-2.0,-2.0,-2.0,0.555168016940148,-2.0,-2.0,-2.0,-2.0,0.5547092070870652,-2.0,0.5544874119897331,0.5543674139849984,-2.0,-2.0,0.5539678879193295,-2.0,-2.0,-2.0,-2.0,-2.0,0.5529635225805374,0.5527654299956473,-2.0,-2.0,-2.0,0.5518701308293523,-2.0,-2.0,-2.0,0.5507862476953157,0.5504816039533532,0.5501622320952562,0.5498274454272745,0.5494765270303996,-2.0,0.5487232642124958,0.5483192854666732,-2.0,0.5474523550342025,-2.0,0.5465004990221363,0.5459903812445372,0.5454555577212088,-2.0,-2.0,-2.0,-2.0,-2.0,-2.0,-2.0,-2.0,0.5393396026235148,-2.0,-2.0,0.5366631287075174,0.53568493841989,0.5346603187214782,-2.0,-2.0,-2.0,-2.0,-2.0,-2.0,-2.0,0.5245052205756995,-2.0,-2.0,-2.0,-2.0,-2.0,-2.0,0.5119449035174649,0.5097947563293552,-2.0,0.5051836462834681,-2.0,-2.0,-2.0,0.494576158889737,0.4916029565776696,-2.0,0.48522702642381416,0.4818107898992428,-2.0,0.47448506786374856,-2.0,-2.0,-2.0,0.45763295530159065,0.45290939513762196,0.4479620537756667,0.44278032666248146,-2.0,0.43166882779461013,-2.0,-2.0,0.41294856760344056,0.40610811937157965,0.3989436467497124,0.3914397714098924,-2.0,0.37534870513074475,0.36672707700942153,-2.0,0.3482391900034507,0.33833332994371,0.3279581942610338,0.31709157781901737,0.3057101956365122,0.2937896625482234,0.2813044396630414,-2.0,0.2545316122751992,-2.0,0.2251622007487304
0.1320088400831418,0.5427931894018478,0.5437007159449481,0.5445523053343052,0.5453521267839746,0.5461038962608336,0.5468112915941107,0.5474772248509397,0.5481046817966093,0.548696346355365,0.5492546144274997,0.5497815524717864,0.5502793465299114,0.550749716668987,0.5511943249046817,0.5516150181005421,0.5520130263505255,0.5523898247354342,0.5527460961141609,0.5530838427258681,0.5534039706709216,0.5537070598096142,0.5539944970138699,0.55426698338874,-2.0,0.5547697081968416,0.5550018799239115,0.5552220061894353,-2.0,0.55562894129614,0.555816520058674,0.55599445757061,0.5561634854762484,0.5563230605295055,0.5564745936929146,0.5566184150432494,0.5567540016161013,0.5568829104395963,-2.0,0.5571200846177864,0.5572285596333435,-2.0,0.5574287353337833,-2.0,0.5576061695838525,0.5576875301277648,-2.0,0.5578350663100563,0.5579019233518114,-2.0,0.5580228568596554,-2.0,-2.0,0.5581738887567472,0.5582166384447061,0.5582557675912314,-2.0,0.558323710505306,-2.0,0.5583778208991358,0.5584000831877999,0.5584191643958414,-2.0,-2.0,-2.0,0.5584644940740491,0.5584682210350342,0.5584689376769709,0.5584666506313799,0.5584613562286764,0.5584530473477871,-2.0,0.5584273248468548,-2.0,0.5583892452933882,-2.0,-2.0,-2.0,0.5582749978369932,-2.0,-2.0,-2.0,0.5581059298590598,-2.0,-2.0,-2.0,-2.0,0.5578087781571195,-2.0,-2.0,-2.0,0.5574926389230975,-2.0,0.5573049068466822,-2.0,-2.0,-2.0,-2.0,-2.0,0.5566029800445842,0.5564631689607582,-2.0,-2.0,-2.0,0.5558279632383859,-2.0,0.5554599689904743,-2.0,0.5550542722004488,0.5548362121511989,-2.0,0.5543673316917548,-2.0,-2.0,0.5535743886787314,-2.0,-2.0,-2.0,0.5523254480007563,-2.0,-2.0,-2.0,0.5508176389556166,-2.0,0.5499508629250836,-2.0,0.5489991445493559,-2.0,-2.0,-2.0,0.5468074612485935,0.546192713272482,0.545548694648252,0.5448740207531376,0.5441672468654363,0.5434268581845378,0.5426512725452338,0.5418388217754239,-2.0,-2.0,-2.0,-2.0,-2.0,0.5360865018875033,0.5349623662329985,0.5337848807076664,0.5325515423345731,0.5312596994314005,-2.0,0.5284893168197605,0.5270048334755942,0.5254499758148424,0.5238213859921801,0.5221155982095204,-2.0,-2.0,-2.0,0.5144446479081893,0.5122944196252482,0.5100422946977029,0.5076834412003418,-2.0,-2.0,0.4999147542058649,0.49707599722255996,-2.0,0.49098859722556454,-2.0,0.4843106709213532,0.48073257772919786,0.47698496905698595,-2.0,0.4689486781249793,-2.0,0.46013290473011803,-2.0,-2.0,0.44528027869687903,-2.0,0.43416878785722857,0.42821519413913806,0.42197956448925655,0.4154485394514925,0.40860823672535296,-2.0,0.393939745912842,-2.0,-2.0,0.3692270796089028,-2.0,-2.0,-2.0,0.33045822607292086,0.3195916199611289,0.3082160425577331,-2.0,-2.0,-2.0,0.25703168829143147,0.2426867381597066,0.22766224558852632
0.1282449288663947,0.5445381292492371,0.5454883352472357,0.546379079797499,0.5472152211448326,0.548000795025768,0.5487392862015381,0.5494343461623145,0.5500888701987101,0.5507057734398291,0.5512875265830907,0.5518364235769759,0.5523547661441544,0.5528443571411302,0.5533069920674224,0.5537445138293716,0.5541583620402062,0.5545499809755562,0.5549205299549658,0.5552714939006601,0.5556039359529596,0.5559188021969887,0.5562172690393322,0.5565000047919381,0.5567680787270815,-2.0,0.5572634237039109,0.5574918071344461,-2.0,0.5579136559602021,0.558108414994027,-2.0,0.5584682876707003,0.5586342376344784,0.5587913858857082,-2.0,0.5590813062783957,0.5592149687619761,0.5593414824459999,0.5594609513579573,0.5595740022495926,0.5596807181296313,0.5597815645027132,-2.0,-2.0,0.5600508205616668,-2.0,-2.0,-2.0,0.5603392956146475,-2.0,0.5604567951607762,0.5605093905413329,0.5605580420368441,0.5606028675611149,0.5606441834091267,-2.0,0.5607154624239844,-2.0,0.5607730621309772,0.5607968474102033,-2.0,0.560834760411456,-2.0,-2.0,0.5608679857466733,-2.0,-2.0,0.5608734713759006,-2.0,0.5608618368724793,0.5608514134049658,0.5608378943489991,-2.0,0.5608014550794999,0.560778460938971,-2.0,0.5607226833968716,0.5606921352838932,-2.0,0.5606136148250072,0.5605701854706412,0.560523072272531,0.5604721734192454,-2.0,0.5603585847385364,-2.0,-2.0,-2.0,-2.0,-2.0,0.5599139379684352,0.5598232257231833,-2.0,-2.0,-2.0,-2.0,-2.0,-2.0,-2.0,-2.0,-2.0,0.5585857165499785,-2.0,-2.0,0.5580733670531504,-2.0,-2.0,0.5574796744315625,0.5572617694941756,-2.0,-2.0,-2.0,-2.0,0.5560006232204869,0.555710290720494,-2.0,-2.0,0.5547521139808836,-2.0,-2.0,-2.0,0.5532446716592839,-2.0,-2.0,-2.0,0.5514264796691184,-2.0,0.550381794283182,0.5498217708760559,-2.0,0.5486206104340481,0.5479763877247018,-2.0,-2.0,-2.0,-2.0,-2.0,0.5434157274225272,0.5425242843898156,0.5415905027419705,0.540612385030866,0.5395878279338644,-2.0,0.5373905315644733,0.5362130827012455,0.5349797716851976,0.5336879566489584,0.532334871593496,0.5309176218139308,-2.0,-2.0,0.5262497579533384,-2.0,0.5227573597476183,0.5208860391588732,-2.0,0.5168731164678966,0.5147228974586556,-2.0,0.5101119466804448,-2.0,-2.0,-2.0,-2.0,0.4965313088669644,-2.0,-2.0,0.4867392753843957,-2.0,0.47941359315992904,0.4754885002169723,-2.0,0.4670714317854804,0.46256153301985725,-2.0,-2.0,-2.0,0.4422817732055801,0.43659749249690083,0.4306438935493187,0.4244082904800073,-2.0,-2.0,-2.0,0.3963684810675975,0.38850911406141175,-2.0,-2.0,-2.0,0.35316793320157025,0.34326207548554766,0.3328869835339521,-2.0,-2.0,0.29871843599268905,-2.0,-2.0,-2.0,0.24511549954881112,-2.0
0.12458833642950079,0.5461842008474922,0.547179293044942,0.5481116292591068,0.5489859714824551,0.5498068879256172,0.5505782869997607,0.5513037875557604,0.551986699056125,0.5526299179930937,0.5532364883283575,0.553808153800199,0.5543480814416865,0.554857577716136,0.5553390463761739,0.5557942209640045,0.5562245222726032,0.5566316762037641,0.5570168932106815,0.5573820341896071,-2.0,0.5580542263331774,0.5583641708013356,0.5586575510873971,0.5589360956308063,0.5591996637580587,-2.0,0.559686811688967,-2.0,-2.0,0.560326801091518,-2.0,0.5606999811839514,-2.0,0.5610353138186643,-2.0,0.561336181196386,-2.0,-2.0,-2.0,0.561847451877485,0.5619583436644086,-2.0,0.5621618483665882,0.5622551948098452,0.5623426561036082,0.5624251188616654,-2.0,-2.0,0.5626431391845749,0.5627071226264501,0.5627660909972697,0.562820770096342,0.5628718233530283,-2.0,0.5629618874090645,-2.0,-2.0,-2.0,-2.0,-2.0,0.5631455708439929,-2.0,-2.0,0.563192267435777,-2.0,-2.0,0.5632105532445367,-2.0,-2.0,0.5632008017283319,0.5631913221741847,0.5631787038254003,-2.0,-2.0,0.5631217295471108,0.5630962357579685,-2.0,0.5630351864007787,-2.0,0.5629602843545196,0.5629174421574619,-2.0,-2.0,-2.0,0.5627079383468023,-2.0,-2.0,-2.0,-2.0,-2.0,0.5622657846123094,-2.0,-2.0,-2.0,-2.0,-2.0,-2.0,-2.0,-2.0,0.5612415265288213,-2.0,0.5609406595459924,-2.0,0.5606080318063712,0.5604289134822549,-2.0,-2.0,-2.0,-2.0,-2.0,-2.0,-2.0,0.5586342888418782,-2.0,-2.0,-2.0,-2.0,-2.0,-2.0,-2.0,-2.0,-2.0,0.5551793330822945,-2.0,-2.0,-2.0,0.5532744454700836,-2.0,0.5521800305341101,-2.0,-2.0,-2.0,0.5496602480707082,0.5489540172496125,-2.0,0.5474377781129646,-2.0,-2.0,-2.0,0.5439492933477557,0.5429712076211725,0.5419466964897015,0.5408736086035358,0.5397494573427938,-2.0,0.537338752144262,0.5360469642935798,-2.0,0.5332766795438674,-2.0,0.5302374276646356,0.5286088875324226,-2.0,0.5251165272041389,-2.0,-2.0,-2.0,-2.0,0.5148300393137195,-2.0,0.5100006197394681,-2.0,0.5047026184361737,0.5018638873275449,-2.0,0.49577652426772356,-2.0,0.48909864687379284,-2.0,-2.0,0.4778478267380716,-2.0,0.46943083083575654,0.4649209526276503,0.46019741424487837,-2.0,-2.0,0.4446412433700228,-2.0,-2.0,-2.0,-2.0,-2.0,0.4062318175393037,0.3987279457276731,-2.0,-2.0,-2.0,0.3649852621824713,0.3555274580111324,0.34562158598310877,-2.0,0.3243798649783,0.3129986015982998,0.3010779697630301,-2.0,-2.0,0.2618199580325506,-2.0,0.2324506281327101
0.12103600283829954,0.5477317142737318,0.5487743613313579,0.5497505550856868,0.5506650756234881,0.5515235088255025,0.5523293278166389,0.5530867515113091,0.5537992430022273,0.5544701306988564,0.555102234984636,0.5556984810457399,0.556260348379028,0.5567908931211605,0.5572920281638305,0.5577656542098743,0.5582131034671074,-2.0,0.5590370225930031,0.5594160881391329,0.5597748181985924,0.5601143242869542,0.5604363634354516,0.5607416508929585,0.5610301072899863,-2.0,-2.0,0.5618095120197473,0.5620428277344511,0.5622637100311433,0.562473562983394,0.5626720923543373,0.562860488215652,0.5630390644074523,0.5632082767299988,-2.0,0.5635205134398124,0.5636643188140027,0.5638004293355102,0.563929353501146,-2.0,0.5641661557216876,-2.0,0.5643774959450638,-2.0,-2.0,0.5646511246044295,0.5647316878748474,-2.0,0.5648784424836122,0.5649442204975607,0.5650059215051566,0.5650635719808296,-2.0,0.5651658110503334,-2.0,-2.0,0.5652900677503817,0.5653241454138395,-2.0,-2.0,-2.0,-2.0,0.565442691068991,-2.0,-2.0,0.5654742758083978,-2.0,-2.0,-2.0,-2.0,0.5654633817257612,0.5654518112667118,0.565436793463517,-2.0,0.5653972515382653,0.5653725239763077,-2.0,-2.0,-2.0,-2.0,0.5651970687971133,0.5651513315424795,-2.0,0.5650475341182188,0.5649897300822592,0.5649277372773482,-2.0,0.5647906830985882,-2.0,-2.0,0.5645501394557791,-2.0,-2.0,-2.0,-2.0,-2.0,-2.0,0.5637997710227026,0.5636676913519757,-2.0,-2.0,-2.0,-2.0,0.5628959908192055,-2.0,-2.0,-2.0,0.5621244520015783,-2.0,0.5616785077144482,0.5614388812624487,-2.0,-2.0,0.5606471284132107,0.5603570376463727,0.5600528484175619,-2.0,-2.0,-2.0,0.5586815894531614,-2.0,-2.0,-2.0,-2.0,0.5565620396563515,0.5560752902165524,-2.0,-2.0,0.5544709866756689,0.553884376507189,-2.0,-2.0,-2.0,-2.0,-2.0,-2.0,0.5489167912904651,-2.0,0.547174499851438,0.5462407935225202,0.5452629032528238,0.5442383085449545,-2.0,-2.0,-2.0,0.5396304521513573,-2.0,-2.0,-2.0,-2.0,0.5325292513512513,0.5309007363975323,0.5291950086936693,-2.0,-2.0,0.5235771614733575,-2.0,0.5193741042266071,0.5171220305473821,0.5147632081128453,0.5122926132046807,-2.0,0.5069946530705974,-2.0,-2.0,-2.0,-2.0,0.4913907351531937,0.4878126876522816,0.4840651106092765,-2.0,0.4760288840942619,0.4717229762373577,-2.0,0.4624895700219601,0.4575422630137536,0.4523605791921784,0.44693341561396377,-2.0,-2.0,0.42905994335142283,0.42252890902150364,0.41568851403577267,0.4085240314197147,-2.0,-2.0,0.3849291554440602,0.376307546340943,-2.0,0.3578196907279335,0.34791383640485984,-2.0,0.32667213368225784,0.31529075993513805,0.3033702318523826,0.29088503159278933,-2.0,-2.0,0.24976728569213863,0.23474283136125784
0.11758495540521567,0.5491807984058614,0.550273642931835,0.5512958675479044,0.5522533467945001,0.553150529188291,0.553992888710124,0.5547837853333347,0.5555277821052613,0.5562273927244779,0.5568865407100593,-2.0,0.5580930577233065,0.5586456063794909,0.5591671363989373,0.5596597995823994,0.5601253600796673,0.5605655027317398,0.5609817827360547,0.5613761367146387,0.5617484111045149,0.5621013993659629,0.5624355361994389,0.5627521510942817,0.5630520402872576,0.5633362754540356,-2.0,0.5638609326760244,0.5641029785677409,-2.0,-2.0,0.5647563881559474,0.5649514138675265,0.5651366361436639,-2.0,0.565478481422107,0.565636025195057,0.5657853558528422,0.5659266108116792,0.5660603641244402,-2.0,0.5663062299889482,-2.0,-2.0,0.5666259967468678,0.5667206206935488,-2.0,0.5668935333277556,0.5669724595629143,0.5670458798464526,-2.0,-2.0,-2.0,-2.0,0.5673463463959897,-2.0,-2.0,0.5674769715303952,-2.0,-2.0,0.5675736903096967,-2.0,0.5676209281008012,0.5676392745819594,-2.0,0.56766627333976,-2.0,0.5676802250146552,-2.0,0.5676812893055743,-2.0,-2.0,0.5676587709408364,-2.0,-2.0,-2.0,-2.0,0.5675556550909271,-2.0,-2.0,-2.0,-2.0,0.5673656048337602,-2.0,0.5672631526043586,0.5672058617387841,-2.0,-2.0,-2.0,-2.0,0.5668535884050058,-2.0,0.5666791155832142,-2.0,-2.0,-2.0,-2.0,-2.0,0.5660208284873727,-2.0,-2.0,-2.0,-2.0,-2.0,-2.0,0.5649397785487639,-2.0,-2.0,-2.0,-2.0,0.5639020948599146,-2.0,0.5634113575456584,-2.0,-2.0,-2.0,0.5622772603130888,-2.0,-2.0,-2.0,-2.0,-2.0,-2.0,0.5596962727131202,-2.0,-2.0,-2.0,0.5577907075633569,0.557256387836632,-2.0,0.556110015488801,-2.0,-2.0,-2.0,-2.0,-2.0,-2.0,0.5511428015879873,-2.0,0.5494005913779505,0.5484669269798911,0.5474889178295269,0.5464644703702177,-2.0,0.5442673698780994,0.5430900162411181,-2.0,-2.0,0.5392120599652348,0.5377949047794056,0.5363104981006135,-2.0,-2.0,-2.0,-2.0,0.5277637027020415,-2.0,0.5237508745500341,-2.0,-2.0,-2.0,0.5145192757974111,-2.0,0.5092213448975341,0.506382639926639,0.503409421005342,-2.0,0.4970336747668968,0.49361748506582165,-2.0,0.48629191717504905,0.4823667645418047,-2.0,0.4739497826488195,-2.0,0.4647163851450502,-2.0,0.45458741416932713,-2.0,-2.0,0.4375224181803315,0.4312868490441468,-2.0,0.41791536442730104,0.41075090958188687,0.4032470401975655,-2.0,0.38715604345857185,-2.0,-2.0,0.36004659879261336,0.35014073843073246,0.33976562919816156,-2.0,0.3175176744324086,0.3055971442016692,-2.0,-2.0,0.2663391350974839,0.25199421357285073,-2.0
0.11423230620163467,0.550531303593859,0.5516775672233084,0.5527483916993337,0.5537505184612874,0.5546897239972738,0.5555696546520017,0.5563961043978557,0.5571726213509208,0.5579028383267339,0.5585901364035695,0.5592375054405372,0.5598475372933805,-2.0,0.5609659831051723,0.5614788907785382,0.5619628728683834,0.5624206088889755,0.5628533322629423,0.5632627777513445,0.5636499804735086,0.5640167391433165,0.5643636722257184,-2.0,0.5650043555237237,-2.0,0.5655784051786231,0.5658432120768065,0.5660943081650471,0.5663323143924622,-2.0,0.5667717713487853,-2.0,0.5671666363162431,0.5673486432608319,0.5675212508334322,0.5676847893165031,0.5678393090167226,0.5679858206710803,0.5681247704144934,0.5682556338709261,0.5683798132307755,0.5684973260897013,-2.0,0.5687117946920105,-2.0,0.5689030339572464,-2.0,0.5690718932991188,0.5691484132723299,0.5692202182701387,-2.0,0.5693497595249535,-2.0,0.5694616207875378,0.5695115440842062,0.5695569657474919,0.5695987841423,0.5696364536118413,0.5696706059499181,0.5697011140643394,-2.0,-2.0,-2.0,-2.0,-2.0,-2.0,-2.0,-2.0,-2.0,-2.0,-2.0,-2.0,-2.0,0.5697730790900494,-2.0,-2.0,0.5697032542896762,-2.0,0.5696392511670594,0.5696019952644712,0.5695610315293138,0.569516266320243,-2.0,-2.0,-2.0,-2.0,0.569231869225055,-2.0,0.5690875409488464,-2.0,-2.0,-2.0,0.5687397881163336,0.5686394711546935,0.5685333910475311,0.5684213201727658,-2.0,0.5681782358645802,-2.0,-2.0,0.5677622406125248,-2.0,0.567447199250692,-2.0,0.5670988783462452,-2.0,-2.0,0.5665073796137734,0.5662901431924898,0.5660621062274551,-2.0,0.5655716792467174,-2.0,-2.0,-2.0,-2.0,-2.0,-2.0,-2.0,0.5630677550442722,-2.0,0.5622793901379014,-2.0,-2.0,-2.0,-2.0,-2.0,-2.0,-2.0,-2.0,-2.0,-2.0,-2.0,-2.0,-2.0,-2.0,0.5533053050746228,-2.0,-2.0,-2.0,0.5496515934738989,0.5486271834577843,-2.0,0.5464301551901573,-2.0,0.5440196564864809,0.5427279644515394,0.5413749637579984,-2.0,-2.0,0.5369187064366333,0.5352902746217082,-2.0,0.531798012563628,0.5299267689282461,-2.0,0.5259139848460058,0.5237638444734035,0.5215118356080083,0.5191530141962007,0.5166824506578673,0.514094808781396,0.511384544797254,-2.0,0.5055726487548655,0.5024585728348103,-2.0,0.49578074878281947,0.49220271190026177,0.48845515210549917,0.48453003161155594,-2.0,-2.0,0.4716032349752527,0.4668797176319197,0.46193243773106935,0.4567507468155889,0.45132358635731035,0.4456393335116833,0.43968581315400385,0.43345015818904453,-2.0,-2.0,-2.0,-2.0,0.39755145007365633,-2.0,0.38069786562191954,-2.0,0.36221000537668124,-2.0,0.3419290512641634,-2.0,0.3196811121558896,-2.0,0.29527536370750684,0.2821987025943851,0.26850260353782035,-2.0,0.2391332064531
0.11097524964120718,0.5517829793836956,0.5529854625601854,0.5541082222672494,0.5551577259164269,0.5561401131649804,0.5570608789254727,0.5579247035274106,-2.0,0.5594973605439659,0.5602142293285414,0.5608892208694254,-2.0,0.5621246319680502,0.5626894912185361,0.5632231685828449,0.5637268850996598,0.5642029429270108,0.5646528241785164,0.5650787407665855,0.5654812407965046,0.565861556580896,-2.0,0.5665633565299479,0.5668871377854753,0.567193142914913,0.5674829109430545,0.5677578488309085,0.5680183254539154,0.5682652350341523,0.5684992578036895,0.5687210699590293,0.5689314940635315,-2.0,0.5693195442521151,0.5694983331140359,-2.0,0.5698288166247796,0.5699802199045038,-2.0,0.5702602209060734,0.570388835672938,0.570510548186737,0.5706252133025022,0.5707335779651096,0.5708357489239652,-2.0,-2.0,-2.0,0.571187700627676,-2.0,-2.0,-2.0,-2.0,-2.0,-2.0,-2.0,0.5716575448522616,0.5716974126893384,-2.0,-2.0,-2.0,0.5718197071642603,0.5718412592831135,0.5718591221603544,-2.0,0.5718850262649288,0.5718929224817833,-2.0,-2.0,0.5718966228896005,-2.0,0.5718824791379222,-2.0,-2.0,-2.0,0.5718138239994546,-2.0,-2.0,-2.0,-2.0,0.571648999149211,-2.0,-2.0,0.5715047391601636,-2.0,-2.0,-2.0,0.571253857287849,-2.0,-2.0,-2.0,-2.0,0.5708336935818569,-2.0,0.5706279994019849,0.5705164203721658,0.5703982692139188,-2.0,0.5701425346975324,0.5700042403889058,-2.0,-2.0,-2.0,0.5693744538965562,-2.0,0.5690088123047214,0.5688119839337066,-2.0,-2.0,0.5681603481429959,0.567921183530616,-2.0,-2.0,-2.0,0.566841036894665,0.566537222444564,-2.0,-2.0,0.5655344176950474,-2.0,0.5647824924349234,0.5643791558279242,-2.0,-2.0,-2.0,0.5625626076518789,0.5620528165521909,0.5615186396943422,-2.0,0.5603725405124932,0.5597581562161105,0.5591144802768259,0.5584401351905196,0.5577336731707221,0.5569935842801121,-2.0,-2.0,0.5545553063432909,0.5536640721658892,0.5527304939656337,0.5517525643606942,-2.0,-2.0,0.548531233827337,0.5473539412225463,0.5461207837687266,-2.0,0.5434761702007446,0.5420590498204767,-2.0,0.5390200001724619,0.5373915465455564,-2.0,0.5338993683048434,0.5320281648232706,0.5300682258951608,-2.0,-2.0,0.5236132501013718,-2.0,-2.0,-2.0,0.5134860836698106,-2.0,-2.0,0.50456012701152,-2.0,0.49788236595557606,0.494304304648035,-2.0,-2.0,-2.0,0.4782147539272914,0.4737048731172965,-2.0,0.46403438120495993,-2.0,0.4534253250341957,-2.0,0.44178744161968714,-2.0,-2.0,-2.0,-2.0,-2.0,-2.0,-2.0,0.3827995784972906,-2.0,-2.0,-2.0,0.34403084229690295,-2.0,-2.0,-2.0,0.29737712588795906,-2.0,-2.0,-2.0,-2.0
0.10781106013205938,0.5529372133768714,0.5541976346469666,0.5553753783914398,0.5564748216921074,0.5575032933503309,0.5584663646619401,0.5593690074163246,0.5602161178653481,0.561011812428346,0.5617599413155536,0.5624634108074131,0.5631263431298721,0.5637506032344688,0.5643391124442144,0.5648944262661824,0.5654186641451903,0.5659137968700395,0.5663816017591221,0.5668239425587019,-2.0,0.5676379301020954,0.5680124985930955,0.5683665832408276,0.5687020980053333,0.5690203343277314,0.5693211858651496,0.5696062490752667,0.5698767177148478,0.5701327129001931,0.5703759156913423,0.570605540594918,-2.0,0.5710303432322581,0.5712259605341098,0.5714115796857315,0.571587344222026,-2.0,0.5719116117456927,0.5720604918564818,0.5722018320577686,-2.0,0.5724616116258466,0.5725808095103063,0.5726933116735502,-2.0,0.5728990186822397,-2.0,0.5730815369144369,0.5731647385402712,0.5732423432955018,0.573315573558502,0.5733830284053376,0.5734463797629835,-2.0,-2.0,0.5736101033756497,0.5736555251343461,-2.0,0.5737356294130123,-2.0,0.5737998328285558,-2.0,-2.0,0.573869355500743,0.5738854638114389,-2.0,-2.0,-2.0,-2.0,-2.0,-2.0,-2.0,-2.0,0.5738770748568495,-2.0,-2.0,0.5738127779284556,0.5737842647592041,0.5737521184828013,0.5737162724156822,-2.0,-2.0,-2.0,0.5735342558448946,0.5734786106022205,-2.0,-2.0,-2.0,-2.0,-2.0,-2.0,0.572961459363473,-2.0,-2.0,-2.0,-2.0,-2.0,-2.0,0.5721782952075077,0.5720403065758898,0.5718949014475195,-2.0,-2.0,0.5714114796654465,0.5712334988382404,-2.0,-2.0,-2.0,-2.0,-2.0,-2.0,-2.0,-2.0,-2.0,-2.0,-2.0,-2.0,-2.0,-2.0,-2.0,-2.0,-2.0,-2.0,-2.0,-2.0,-2.0,-2.0,-2.0,-2.0,-2.0,0.5617986721513776,-2.0,-2.0,-2.0,-2.0,-2.0,-2.0,-2.0,-2.0,-2.0,-2.0,-2.0,-2.0,-2.0,-2.0,-2.0,-2.0,0.5455174492015052,-2.0,-2.0,-2.0,-2.0,-2.0,-2.0,-2.0,-2.0,-2.0,-2.0,0.5256547822417829,-2.0,0.5208255165940735,0.5182378969363555,-2.0,0.5126889985672616,-2.0,0.5066017614510474,0.5033401490030034,0.49992399683047734,-2.0,-2.0,0.4886733512407795,-2.0,-2.0,-2.0,-2.0,-2.0,-2.0,0.45546704629623697,-2.0,-2.0,-2.0,0.4310626377250839,-2.0,0.41705779755956707,0.40955528355123594,0.4016946242752272,-2.0,-2.0,-2.0,0.3663535546405069,-2.0,0.3460726211758498,-2.0,-2.0,-2.0,-2.0,0.286342343571562,-2.0,0.2583012792483583,0.24327686404665738
0.10473708979594494,0.5540401034294399,0.5553133787968919,0.556548924173179,0.5577016438550597,-2.0,0.5597866432522847,0.5607305821510651,0.561615756436631,0.5624467021356603,0.5632272298987123,0.5639613152529985,0.564652029970711,0.5653027086606786,0.5659156839351738,0.5664941181626161,0.5670398948064922,-2.0,0.5680409711255975,0.5685006854587781,0.5689352631974554,0.5693464021001615,0.5697354524338335,0.5701032668889463,0.5704518323986364,0.5707815690299086,0.5710941324423294,0.5713901148775162,0.5716706848999819,0.5719363247197983,0.572188198365616,0.5724265472493077,0.5726526983218923,0.5728671310042198,0.5730704248150327,0.5732627401475375,0.5734446213864013,0.5736175093331715,0.573780799636557,-2.0,0.574081795947524,-2.0,0.574351160842496,0.5744748284800673,0.5745916153399807,0.5747017274271865,0.5748056568587483,0.5749032768700355,-2.0,-2.0,-2.0,0.5752382268999005,-2.0,0.5753749094892477,-2.0,0.5754929695832198,-2.0,-2.0,0.575637843749712,-2.0,-2.0,0.5757459364422516,0.5757744373297666,0.575799251024141,-2.0,-2.0,-2.0,-2.0,-2.0,-2.0,-2.0,-2.0,-2.0,-2.0,0.5758404095085403,-2.0,0.5758028768125756,-2.0,-2.0,-2.0,-2.0,-2.0,-2.0,-2.0,0.5755052602133629,-2.0,-2.0,-2.0,-2.0,0.575185522989847,-2.0,-2.0,0.5749363823718664,-2.0,-2.0,-2.0,0.5745274988840359,0.5744101641909723,0.5742863029266929,0.5741556489497406,-2.0,-2.0,0.5737200620573092,-2.0,0.5733901622756097,0.5732123280248741,-2.0,-2.0,0.5726226497630891,0.572405962885179,0.572178456993082,-2.0,0.5716890135755275,-2.0,0.5711501248427714,-2.0,0.5705571694916423,-2.0,-2.0,0.5695551039397824,-2.0,-2.0,-2.0,-2.0,-2.0,0.5670710162315882,-2.0,-2.0,0.565541012479973,0.5649814759604231,-2.0,0.5637809524938218,-2.0,0.5624631879985601,-2.0,0.5610168585039226,-2.0,-2.0,-2.0,-2.0,-2.0,-2.0,0.5547521197413245,0.5536791948303329,-2.0,-2.0,-2.0,0.5488533954645202,-2.0,-2.0,-2.0,-2.0,0.541416106871376,-2.0,-2.0,0.5360528449792866,0.53409296889231,-2.0,0.5298901006975918,0.527638108567854,-2.0,0.5228088635401079,0.5202213844361894,-2.0,-2.0,0.511699244970618,-2.0,-2.0,0.5019074541495363,0.4983294743764518,0.49458212912924704,0.490656828169296,0.48654577626552586,0.4822399652232159,-2.0,0.47300663293160405,0.46805938794488916,0.4628777022215256,0.4574505665910315,-2.0,-2.0,-2.0,-2.0,-2.0,-2.0,-2.0,0.40367824726652024,-2.0,-2.0,-2.0,-2.0,0.3584313755852405,0.3480562590924545,-2.0,-2.0,0.31388782609928395,0.30140261291173054,0.28832618189827003,0.27462986803081185,0.2602849311459086,0.24526048419368496
0.10175076625242988,0.5551117270432528,0.5563533464099992,-2.0,0.55883816177864,0.5599668601460528,0.5610219718068911,0.5620094502648926,0.5629347347393994,0.5638026526833946,0.5646176060913121,0.5653835377116851,0.5661036734557823,0.5667819213347991,0.5674204410089334,-2.0,0.5685901336092192,0.5691259712518196,0.5696319911324892,0.5701100707165898,0.57056198192022,0.5709887446895534,0.571392713412518,0.5717749621846622,0.5721366230913789,0.572479113036694,0.5728034712579033,0.5731105359200446,0.57340152127293,0.5736770918878583,0.5739383247121194,0.5741857073861313,0.5744202235907219,-2.0,0.574853045323601,-2.0,0.5752415845879328,-2.0,-2.0,0.5757503754596749,0.5759021312392899,0.5760460915909357,0.576181534470247,0.5763098388136487,0.5764311854771789,-2.0,0.5766531114499549,-2.0,-2.0,-2.0,-2.0,-2.0,-2.0,0.5772454795981148,0.5773096197366792,0.5773687928314033,0.5774234298431733,-2.0,-2.0,0.5775622063809088,-2.0,-2.0,0.5776648058369835,-2.0,-2.0,-2.0,0.5777487221094563,-2.0,0.5777691916904759,-2.0,0.57777561955406,-2.0,0.5777680963807822,0.5777590977887275,-2.0,0.5777305436465499,0.5777109334077489,-2.0,-2.0,-2.0,0.5775959195705292,-2.0,-2.0,-2.0,-2.0,0.577364763608429,0.5773059672753165,0.5772427120668556,-2.0,-2.0,0.5770248011777074,-2.0,-2.0,-2.0,-2.0,0.5765578488767271,-2.0,-2.0,-2.0,-2.0,0.5759388502383967,0.5757940406734776,0.5756415417394298,-2.0,-2.0,0.5751345483362561,0.5749478465727141,-2.0,-2.0,-2.0,-2.0,-2.0,-2.0,-2.0,0.5730740337294213,-2.0,-2.0,0.5721631789401338,0.5718295235690647,0.5714796861453082,0.5711129172731231,-2.0,-2.0,-2.0,-2.0,-2.0,0.5685099637670404,0.568000412434353,-2.0,-2.0,-2.0,-2.0,-2.0,-2.0,-2.0,0.5629427986212631,0.5621676535411866,-2.0,0.560504984890453,-2.0,-2.0,0.5577026478986934,-2.0,-2.0,-2.0,0.5533044838021788,-2.0,-2.0,-2.0,0.5480099732836369,0.546525727985499,0.5449710830335861,0.5433427143534071,-2.0,-2.0,-2.0,-2.0,0.5339669058733968,-2.0,-2.0,0.5272062423709064,0.5247356704591838,0.5221481127107958,-2.0,0.5165992470114945,-2.0,-2.0,0.5072506281345806,-2.0,0.500256362993809,-2.0,0.4925837772193299,0.4884727270810263,0.4841669450491968,0.47965717939584196,-2.0,-2.0,0.46480470961555587,-2.0,-2.0,-2.0,-2.0,-2.0,0.42813287277567946,-2.0,0.4134646039076033,-2.0,0.39737365819378295,-2.0,-2.0,0.37026426898985365,0.3603584250474364,-2.0,0.3391167707238049,0.32773542821133567,-2.0,-2.0,-2.0,0.27655696833459903,-2.0,-2.0
0.09884959046625581,0.5561474930784541,0.5573628310233197,0.5586191539272621,0.5598840640101745,0.561067249468062,0.5621723450746525,0.5632058696897029,0.5641733534293035,0.5650802855830985,0.5659312819092052,0.5667304763799705,0.5674818108190309,0.5681885556361668,0.5688542106950971,-2.0,0.5700719153545227,0.5706294799982985,0.5711557724410666,-2.0,0.5721225769326872,0.5725666027517808,0.5729858119246493,0.573382920151835,0.5737587163702959,0.5741139168807073,0.5744503857730004,0.5747690900712725,0.5750711874694924,0.5753568558363021,0.5756278728338785,0.5758844431327588,-2.0,-2.0,0.5765762946972992,-2.0,0.576979445853623,0.5771646222339135,-2.0,-2.0,-2.0,-2.0,-2.0,0.5780875646429909,0.5782128409765529,-2.0,0.5784432791223773,0.5785486930536683,0.5786479035869972,0.5787411904397,-2.0,0.5789107197711868,0.5789874471468689,-2.0,-2.0,0.5791876613423546,-2.0,0.5792977720389716,-2.0,-2.0,-2.0,-2.0,-2.0,-2.0,-2.0,-2.0,-2.0,0.5796029948440751,-2.0,-2.0,-2.0,-2.0,0.5796165833689586,0.5796086743017814,-2.0,-2.0,-2.0,0.5795411698826515,-2.0,0.5794854015294967,-2.0,-2.0,0.5793729742605797,0.5793275187182463,-2.0,0.5792240756336184,0.5791658685100748,-2.0,0.5790358639843586,0.5789637905600764,-2.0,-2.0,0.5787174055755554,-2.0,0.5785262311486615,-2.0,-2.0,-2.0,0.5780718009138324,0.5779417789601837,0.5778046555365142,-2.0,0.5775079188534386,-2.0,0.5771790437202,0.5770016851899015,0.5768152139147795,0.5766192297962142,-2.0,0.5761970218496462,0.5759698936650725,0.5757314420528065,-2.0,-2.0,0.5749429109587275,0.5746537959348215,-2.0,0.5740324902917456,-2.0,0.5733492555373427,-2.0,-2.0,-2.0,0.5717729878874078,-2.0,-2.0,0.5703803074709798,0.5698708067978427,0.569336953625316,-2.0,0.5681914553230213,-2.0,-2.0,-2.0,0.5655536187295791,-2.0,0.5640386731009517,0.5632267046449116,-2.0,-2.0,-2.0,-2.0,-2.0,-2.0,-2.0,0.5551759227626205,-2.0,0.5526513600306152,0.5512985403528102,-2.0,-2.0,0.5468427119519763,-2.0,-2.0,-2.0,-2.0,-2.0,0.535838681184881,-2.0,0.5314366838019539,0.5290779946278291,-2.0,0.5240199538158086,0.5213097671284669,0.518471145403344,-2.0,0.512383995263825,0.5091224276884334,0.5057063095648213,0.502128345236243,0.4983808265132469,-2.0,-2.0,-2.0,-2.0,-2.0,-2.0,-2.0,-2.0,-2.0,-2.0,-2.0,-2.0,-2.0,0.42284056830026095,0.4153367030662869,-2.0,-2.0,-2.0,0.38159416740658525,-2.0,-2.0,-2.0,-2.0,0.3296075615890283,0.3176870562124226,0.305201889833867,0.2921252153555431,-2.0,-2.0,-2.0
0.09603113465608079,0.557102672764937,0.5583430214514816,0.5595669288508712,-2.0,0.5620796045397043,0.5632376382942896,0.5643196069574306,0.5653318086243214,-2.0,0.5671687552867845,0.5680031200840103,0.5687868373975387,0.5695237871684353,0.5702172799057512,0.5708703836472927,0.5714858657727141,0.5720661043857667,0.5726134768433556,0.5731302420866081,0.5736183612446808,0.5740796721816344,0.5745155700133256,0.5749279805054615,0.5753179902846047,0.5756869581160936,0.5760364683502451,0.5763670232498999,0.5766802111669854,0.5769769089239799,-2.0,0.5775239892666209,0.5777761606794143,0.5780152297183431,0.5782414304940975,0.5784562010900417,0.5786589979223957,0.5788514041726858,-2.0,-2.0,-2.0,0.5795241385861082,-2.0,-2.0,0.5799386214856116,0.5800613946667189,0.5801776954338858,-2.0,-2.0,0.5804871079581406,-2.0,-2.0,0.5807430628933355,0.5808176541677419,0.5808872079258124,-2.0,0.5810119843565297,-2.0,-2.0,-2.0,-2.0,-2.0,-2.0,-2.0,0.581335099250087,-2.0,-2.0,-2.0,-2.0,-2.0,-2.0,-2.0,-2.0,-2.0,-2.0,-2.0,-2.0,-2.0,-2.0,-2.0,-2.0,-2.0,-2.0,-2.0,-2.0,-2.0,-2.0,0.5809099297818607,0.5808431707018452,0.5807716240848595,-2.0,-2.0,-2.0,-2.0,-2.0,-2.0,-2.0,-2.0,0.5798840173037749,0.5797537200343361,0.5796169109894873,0.5794726939844344,-2.0,-2.0,-2.0,-2.0,0.5786290788743627,-2.0,-2.0,0.5780115371999082,-2.0,-2.0,0.5772962368013617,-2.0,-2.0,-2.0,0.5761662621288239,0.5758483564340325,0.5755149684915458,-2.0,-2.0,-2.0,-2.0,-2.0,0.573147061485664,-2.0,-2.0,-2.0,-2.0,-2.0,-2.0,-2.0,-2.0,-2.0,-2.0,-2.0,0.5658563040600717,0.5650443846923977,-2.0,-2.0,-2.0,-2.0,-2.0,0.5592948265722547,-2.0,-2.0,-2.0,-2.0,-2.0,-2.0,-2.0,-2.0,-2.0,0.5453271144119954,-2.0,-2.0,0.5397097938371915,-2.0,-2.0,0.5332551204357429,-2.0,0.5284259898281977,0.5258384744191762,0.5231283010341387,0.5202896774799642,-2.0,0.5142025573061538,0.5109410037894973,-2.0,-2.0,-2.0,-2.0,-2.0,0.4878575687408837,0.4833477612986373,-2.0,-2.0,0.46849543185841314,0.46306832734080844,-2.0,-2.0,0.44519504206093163,0.43866405953853915,-2.0,0.42465946855451997,0.4171554474791068,-2.0,0.40106452526858,-2.0,-2.0,-2.0,0.3640493486630184,-2.0,-2.0,0.33142633980270925,-2.0,-2.0,0.29394401990659186,-2.0,-2.0,0.25087855568526685
0.09329304026284682,0.5579656947974031,0.5592678130339509,-2.0,0.5617268650795508,0.5630033968588615,-2.0,0.5653508036125874,0.566410134782482,0.5674015276818589,0.5683304018407062,0.5692016203972279,-2.0,0.5707882347001274,0.5715111374989583,0.5721916420586021,0.5728322645209522,0.5734364572368604,0.5740059514191319,0.5745435675133969,0.5750509520606302,-2.0,0.5759833109751994,0.5764119805752552,0.5768168106726747,0.5771999119480452,0.5775626186673358,0.5779056018864337,-2.0,0.5785382731375904,-2.0,0.5791057672394138,0.5793672713683384,0.5796151636124914,-2.0,-2.0,0.5802826956141036,-2.0,-2.0,0.5808497453661553,0.5810193360775686,0.5811792685382046,-2.0,0.5814740654857223,0.5816093282145617,0.5817367796526395,0.5818574965242642,0.5819710859867278,0.5820778807073671,0.5821786366371826,-2.0,0.582361845246021,0.582445113181221,0.5825225418517754,-2.0,0.5826627211293671,-2.0,0.5827826237595821,-2.0,-2.0,-2.0,-2.0,-2.0,0.5830370761134909,0.5830650744973369,-2.0,-2.0,-2.0,-2.0,-2.0,-2.0,-2.0,-2.0,-2.0,-2.0,-2.0,-2.0,-2.0,0.5830636012969194,0.5830355497408831,-2.0,0.582967723404756,0.5829278022798289,-2.0,-2.0,0.5827829648659502,-2.0,0.582664471681406,0.5825982811438902,-2.0,-2.0,-2.0,-2.0,-2.0,0.5820945166728663,0.5819909207303393,-2.0,-2.0,-2.0,-2.0,0.5813771174423552,0.5812332091657926,-2.0,0.5809218744636936,-2.0,-2.0,-2.0,0.5801954183996366,-2.0,-2.0,0.5795473421388372,-2.0,-2.0,-2.0,-2.0,-2.0,-2.0,0.5776122787659398,-2.0,-2.0,-2.0,-2.0,-2.0,0.5753542528398896,-2.0,-2.0,-2.0,-2.0,-2.0,-2.0,0.5717739985972131,-2.0,-2.0,-2.0,0.5691367277794008,0.5683969962029434,0.5676220287393927,0.5668101897996286,0.5659596902391364,0.5650687525009281,0.5641354522022226,-2.0,-2.0,-2.0,-2.0,0.5587601342418136,0.5575271920964792,-2.0,0.5548829835664345,-2.0,-2.0,0.5504273322134745,0.5487990485663551,-2.0,-2.0,-2.0,-2.0,0.5394236075195213,-2.0,0.5350216945035541,-2.0,-2.0,-2.0,0.5248949260308468,-2.0,-2.0,-2.0,-2.0,-2.0,-2.0,-2.0,-2.0,-2.0,0.4896243562654021,-2.0,-2.0,-2.0,-2.0,0.46483515820487326,-2.0,-2.0,0.44696187059306647,-2.0,-2.0,-2.0,0.41892309185581333,-2.0,-2.0,-2.0,-2.0,-2.0,-2.0,-2.0,-2.0,0.33319327737870424,-2.0,0.308787601816482,-2.0,-2.0,0.26766997353150584,-2.0
0.09063301597607476,0.5587354040928967,0.5601034035750541,-2.0,0.5625893782175251,0.5638437918932048,-2.0,0.5662991612175644,0.5674083402881487,-2.0,-2.0,0.5703264894120792,0.5711803952365614,0.5719824471439079,0.57273597479559,0.5734450987160804,0.574112471859485,0.5747414918235724,0.5753343102154291,0.5758932335178742,0.5764211501603435,0.5769192602285415,-2.0,0.5778349112850768,-2.0,0.5786534833925294,0.5790297894717289,-2.0,0.5797232712278604,0.5800427583503103,0.5803449515523914,0.5806313782593059,-2.0,0.5811593919186973,0.5814028967161051,0.5816330444474825,0.5818511826215177,0.5820581722458538,0.5822539484719348,0.5824391147047914,0.5826145753966028,0.5827806874592822,0.5829376407271478,-2.0,0.5832264531049441,0.5833591942026225,0.583483951700005,0.5836021770074474,-2.0,-2.0,0.5839157067343578,-2.0,0.5840946689584299,0.5841754034556182,0.584250605922817,0.5843208539997361,-2.0,0.5844464426065282,-2.0,-2.0,-2.0,-2.0,-2.0,0.5847140844567679,0.5847438803948181,-2.0,-2.0,0.5848097832826088,-2.0,-2.0,-2.0,-2.0,-2.0,-2.0,-2.0,-2.0,-2.0,-2.0,-2.0,0.5847335329652381,-2.0,0.5846673767532691,-2.0,-2.0,-2.0,0.584485518372735,-2.0,0.5843682816666173,-2.0,0.5842322337361885,-2.0,-2.0,-2.0,-2.0,0.5838017570545719,-2.0,0.5835895694609727,-2.0,-2.0,-2.0,-2.0,-2.0,-2.0,0.5826324313558778,-2.0,-2.0,-2.0,0.5819070069935726,0.5817017606009331,0.5814861126719698,-2.0,0.5810217210736923,-2.0,-2.0,-2.0,0.5799461510296565,-2.0,-2.0,0.5789926464928641,0.578643334582475,-2.0,-2.0,0.5774904911892081,-2.0,-2.0,-2.0,-2.0,0.5751675050538906,-2.0,-2.0,-2.0,-2.0,-2.0,-2.0,-2.0,-2.0,-2.0,-2.0,-2.0,-2.0,-2.0,0.5648735274172373,0.56384935613151,0.5627766182453495,0.5616529437972086,-2.0,-2.0,-2.0,-2.0,0.5551819725405308,-2.0,0.5521433321243465,-2.0,-2.0,-2.0,-2.0,-2.0,0.5411397618226522,0.5389897820739268,-2.0,-2.0,-2.0,-2.0,-2.0,-2.0,-2.0,-2.0,-2.0,-2.0,-2.0,-2.0,-2.0,-2.0,-2.0,-2.0,0.48210753686545715,-2.0,-2.0,-2.0,-2.0,-2.0,-2.0,-2.0,-2.0,-2.0,-2.0,-2.0,-2.0,0.3959263708270804,0.3868963809442788,0.37743860797288253,0.3675328320673811,-2.0,-2.0,0.3349098332679739,-2.0,0.31050415231571993,-2.0,0.2837314440420918,-2.0,0.25436210797111325
0.0880488358164346,0.5594103974938571,0.5608486186927448,0.5621844751805903,0.563427472839873,0.5646487694389583,0.5659186392845363,0.5671639964046955,-2.0,0.569411407097366,0.5704269032516281,0.5713783798313579,0.5722698387186734,0.573106344485174,0.5738925383361126,0.5746316887961499,0.5753269703557162,0.5759817514581206,0.5765987794596189,0.5771806794430488,0.5777294348752327,0.578247501595327,0.5787366428553513,0.5791990367484732,-2.0,0.5800489299182986,0.5804397505929847,0.5808094181273695,0.5811592290311083,0.5814904134216441,0.5818042437644823,0.5821012449133309,0.5823821393855758,0.5826489411161281,0.5829010947873526,0.583139703829833,0.5833660187193708,0.5835803527385626,0.583783454606514,0.5839757315273801,0.5841574217763718,0.5843296748767427,0.5844922888930573,0.5846462814111031,0.584791877723961,-2.0,0.5850588909444129,0.5851812231136231,0.585296513614562,0.585405048199046,-2.0,0.5856029336945229,0.5856927855651053,0.5857771261554962,-2.0,0.5859287168730345,-2.0,-2.0,-2.0,-2.0,-2.0,0.5862650076970929,-2.0,0.5863411366796031,0.586372614597802,0.5864002891416157,-2.0,-2.0,0.5864595137049969,0.5864716124640018,-2.0,-2.0,-2.0,0.5864813560858827,-2.0,-2.0,-2.0,0.5864305993935469,0.5864082580957536,-2.0,-2.0,0.5863175958608756,-2.0,0.5862367185504171,-2.0,-2.0,-2.0,-2.0,0.5859577797275922,-2.0,-2.0,-2.0,-2.0,0.5855566041378006,-2.0,-2.0,0.5852486566051248,-2.0,-2.0,0.5848830743806309,-2.0,0.5846040068291781,-2.0,-2.0,0.5841263536565494,0.5839500293278664,0.5837645528008308,-2.0,-2.0,-2.0,0.5829227785008855,0.5826851143950147,0.5824355831506499,-2.0,0.5818987388225778,-2.0,0.5813076460688127,0.5809901934414817,0.5806572398618636,-2.0,-2.0,-2.0,-2.0,-2.0,0.5782915241235984,-2.0,-2.0,-2.0,0.5762996753026438,0.5757406278468289,0.5751548385344866,0.5745410374723741,0.5738979278874833,-2.0,0.5725181665927914,0.571778565239506,-2.0,0.5701919930197266,-2.0,-2.0,0.567517606413862,0.5665400440228656,-2.0,-2.0,0.5633197278923471,-2.0,0.5609098797462848,0.5596184937917498,0.5582658143537118,0.5568489495260697,-2.0,0.5538103708929015,-2.0,-2.0,0.548690378326368,-2.0,0.5448596198822486,0.5428069683629047,-2.0,-2.0,0.5360465343191602,-2.0,-2.0,0.5282785399134566,-2.0,0.5224669136126335,-2.0,-2.0,-2.0,0.5090974579137834,0.5053500001324276,-2.0,-2.0,-2.0,-2.0,-2.0,-2.0,-2.0,-2.0,0.46253493631693443,0.4565814696034077,-2.0,0.44381497308037043,-2.0,0.4298102235673732,0.42230642606082724,-2.0,-2.0,-2.0,-2.0,0.37910653010231965,-2.0,0.35882534438889635,-2.0,-2.0,-2.0,0.31217183025742323,-2.0,-2.0,-2.0,-2.0
0.0855383372729865,-2.0,0.5615023078672391,-2.0,0.5642104130031502,0.5654312294845649,0.5666677725350981,-2.0,0.5691627036829908,0.5702994255899938,0.5713616689178912,0.5723558536580882,0.5732872983737054,0.5741609844812303,0.5749811026165679,0.5757516435343651,0.5764762748182851,0.5771582920484106,0.5778006714750058,0.5784060359146609,0.5789774958766964,0.579515828704229,0.5800241276733501,-2.0,0.5809584363446706,-2.0,0.581792944735874,0.5821766774399737,0.5825398792994031,0.5828833881878089,0.5832088055482368,0.5835167626432269,0.5838084717451306,0.5840845633971353,0.5843463833262943,0.5845937138575813,0.5848285501040276,-2.0,0.58526087240282,0.5854602129328473,0.5856486581088713,0.5858273069199066,0.5859957952273922,-2.0,-2.0,-2.0,-2.0,-2.0,0.5868299267655358,0.5869426034894019,-2.0,0.5871482038011041,-2.0,-2.0,0.587411096727746,0.5874871330027387,-2.0,-2.0,-2.0,-2.0,-2.0,0.5878386671107801,-2.0,-2.0,-2.0,0.5879823137635136,-2.0,0.5880290233917294,-2.0,0.5880599757901765,0.5880695877141007,-2.0,0.588077233163826,0.5880752899527557,-2.0,0.5880598772956681,0.5880464884784222,0.5880293774994844,0.5880076886184179,-2.0,0.587953120174274,0.5879197477333297,0.5878822280568187,0.5878404819778482,-2.0,-2.0,0.5876889653527161,-2.0,-2.0,-2.0,-2.0,0.5873418380511721,-2.0,0.5871665489446422,-2.0,-2.0,-2.0,0.5867451085007823,-2.0,-2.0,-2.0,-2.0,-2.0,-2.0,-2.0,-2.0,0.5853791089713503,-2.0,-2.0,0.5847643682024339,-2.0,-2.0,-2.0,-2.0,0.583515038748759,0.5832267557115878,-2.0,-2.0,-2.0,-2.0,-2.0,0.5811754365883508,-2.0,-2.0,-2.0,-2.0,0.5789602094558405,-2.0,-2.0,-2.0,-2.0,0.576159451280194,-2.0,-2.0,-2.0,-2.0,-2.0,0.5718108347479892,0.570960526666983,-2.0,-2.0,0.5681591157263157,-2.0,-2.0,0.5649389411540634,-2.0,-2.0,0.5612378295402013,-2.0,0.5584683608343128,0.5569843069657414,0.5554299370789659,0.5538016778146907,-2.0,0.5503099465695274,0.5484389503984973,-2.0,-2.0,0.5422766906198055,-2.0,-2.0,0.535195874660178,0.5326084051114996,-2.0,0.5270597792913535,-2.0,-2.0,-2.0,0.5142952423421969,-2.0,0.5069698969057407,0.5030448856784524,0.49893391438922996,0.49462817933308534,0.4901184049444748,0.4853950094755335,0.48044778200883936,0.47526618834913514,0.46983911473317147,0.4641549250010729,-2.0,-2.0,-2.0,0.4385946419408042,0.4314302784201318,-2.0,0.4160671898936922,-2.0,-2.0,-2.0,-2.0,-2.0,-2.0,-2.0,0.3381975540235353,-2.0,-2.0,-2.0,-2.0,-2.0,-2.0
0.08309941949353392,0.5604681909274004,0.5620619642455035,0.5635382676517101,-2.0,-2.0,0.5673957875336573,0.5686483259815693,-2.0,0.5711086360802371,0.5722206619552231,0.5732604683871423,0.574233881957606,0.5751461585302888,0.5760019119730053,-2.0,0.5775610356274706,0.5782716943245332,0.5789404396261929,0.5795711289451765,0.5801645069467107,0.5807246813758349,0.5812533381028812,0.5817527389113741,-2.0,0.5826699535230028,0.583090734129862,0.5834890641466206,0.5838659442761821,0.5842224158495587,0.584559861673191,0.5848794010690364,0.585182027108931,0.5854680922991359,0.5857394371669105,0.5859963919444001,-2.0,0.5864695679456282,0.5866878479710981,0.5868945325968665,0.587089692458959,0.5872745101023805,0.5874495559349284,-2.0,-2.0,0.5879191305858634,-2.0,-2.0,-2.0,-2.0,0.5885414490652634,0.5886448741874349,0.5887419427093784,-2.0,0.5889180876745826,-2.0,0.5890716558601595,0.5891403977352287,-2.0,-2.0,-2.0,0.589365016064502,-2.0,0.5894495262833606,-2.0,-2.0,0.5895442730631982,0.5895672352436743,0.5895862392853681,-2.0,-2.0,0.5896198571125314,0.5896229030908173,-2.0,-2.0,-2.0,-2.0,-2.0,-2.0,-2.0,-2.0,-2.0,-2.0,-2.0,-2.0,-2.0,-2.0,0.5891893302057525,0.5891255876822438,-2.0,-2.0,-2.0,-2.0,0.5887298981917436,0.5886341866690284,-2.0,0.5884246192376201,-2.0,-2.0,0.5880614611900092,0.5879263715315652,-2.0,0.587633509003839,-2.0,0.5873080081244166,-2.0,-2.0,-2.0,0.5865482916316234,-2.0,0.5861074848620543,-2.0,-2.0,-2.0,-2.0,-2.0,-2.0,0.5841775266943071,-2.0,0.5834960108290583,-2.0,-2.0,0.5823443661839692,0.5819227339332789,-2.0,-2.0,-2.0,-2.0,-2.0,-2.0,-2.0,-2.0,-2.0,-2.0,0.5757092807641369,-2.0,-2.0,0.5733838622787982,-2.0,0.5716425473090607,-2.0,-2.0,-2.0,-2.0,-2.0,-2.0,-2.0,-2.0,-2.0,-2.0,-2.0,-2.0,-2.0,-2.0,-2.0,-2.0,-2.0,0.5460000811805179,0.5438501690051813,-2.0,-2.0,-2.0,0.5341819775260899,-2.0,-2.0,-2.0,0.522546430562928,0.5192849470119101,0.5158689163914403,-2.0,-2.0,-2.0,-2.0,-2.0,-2.0,-2.0,-2.0,0.4768399795538747,0.47141295154302626,-2.0,-2.0,0.45353985881504766,-2.0,0.4401684791198388,0.4330041421703774,0.42550030758613033,0.41764103641684935,-2.0,0.40078789866748177,0.39175794035240297,0.3823001644505287,-2.0,0.3620193104264924,0.3511527744366704,-2.0,0.3278509696274104,-2.0,0.302289172955624,0.28859310885923634,-2.0,0.2592237714729413
0.08073004152657436,0.56084660042903,0.5625264432592186,0.5640802686265755,0.5655205413022713,0.5668581529588844,0.5681026576843997,0.5693221495185945,0.5705907503893761,0.5718389093375932,0.5730034399303405,0.5740914137608423,0.5751089538572165,0.5760619967364021,0.5769554868251913,0.5777941028615505,0.5785815537600626,0.5793221864453,0.5800188945018687,-2.0,0.5812932725367543,0.5818758338444173,0.5824256713560088,0.5829444537742223,0.5834337343326548,0.5838965367870269,0.5843339262132384,0.5847475150727377,0.5851386139331377,0.585508629328639,0.5858586865071783,0.5861899529095584,0.5865036078391697,0.5868005849344424,0.5870816686477446,-2.0,0.5876000296043531,0.5878387215756132,0.588064950327562,0.5882787399874605,0.588481265238476,-2.0,0.5888545023563826,0.5890258305499161,0.5891880706249498,0.5893412214183135,-2.0,0.5896228984413331,0.5897513175082157,0.5898729358241708,0.5899870359140741,-2.0,0.5901951856722618,-2.0,-2.0,-2.0,-2.0,0.5906098623452515,-2.0,-2.0,0.5907933826847873,-2.0,-2.0,-2.0,-2.0,0.5910054604996482,0.5910344709792397,0.5910594353595036,-2.0,-2.0,-2.0,-2.0,0.5911228614621038,-2.0,-2.0,-2.0,-2.0,0.591086694476445,-2.0,-2.0,-2.0,0.5909852770208227,0.5909494181190376,0.5909093175989206,-2.0,-2.0,-2.0,-2.0,-2.0,-2.0,-2.0,0.5904213712929582,-2.0,-2.0,-2.0,0.5900516944861462,-2.0,-2.0,0.589709845323722,-2.0,-2.0,0.5893054136631967,-2.0,-2.0,-2.0,-2.0,-2.0,-2.0,0.5880719985454987,-2.0,-2.0,-2.0,-2.0,-2.0,-2.0,-2.0,-2.0,0.5857030946845833,-2.0,0.5850218878746557,-2.0,-2.0,-2.0,-2.0,0.5830073058866465,-2.0,0.5820587258742291,-2.0,-2.0,-2.0,-2.0,-2.0,-2.0,-2.0,-2.0,-2.0,-2.0,-2.0,-2.0,-2.0,-2.0,0.5712599370289463,-2.0,-2.0,-2.0,-2.0,-2.0,0.5643392093507816,0.5629866786373806,-2.0,-2.0,-2.0,-2.0,-2.0,-2.0,0.5515408855123266,0.5495812400220836,-2.0,-2.0,-2.0,0.5407684313538853,-2.0,-2.0,-2.0,-2.0,-2.0,-2.0,0.5208137566030449,-2.0,-2.0,0.5100724274151797,-2.0,0.5020365139241885,-2.0,-2.0,-2.0,-2.0,-2.0,0.4729418324327426,-2.0,-2.0,0.455068687672464,-2.0,-2.0,-2.0,-2.0,-2.0,0.41093844322360223,0.4023169128176597,-2.0,-2.0,-2.0,0.3635483635057257,0.35268180510066155,-2.0,0.32938000663988726,-2.0,0.30381823485147924,0.2901221975340636,0.2757772945684844,-2.0
0.07842822061337677,0.5611207613675712,0.5628933198885988,0.5645299790494823,0.5660452623885972,0.5674503200693812,0.5687561157981486,0.5699771211699391,0.5712120634154699,0.5724893614007374,0.5737094599613775,0.5748482731353555,0.5759126704069453,0.5769086326717953,0.5778420231266753,0.5787168032363574,0.5795382800808442,0.5803101032984496,0.5810358765850454,0.581719036719788,0.5823625555961843,0.5829684850840182,0.583540037741934,0.5840793320229825,0.5845888935802861,0.585069158888667,0.5855234965565489,0.585952733551791,0.5863587257117706,0.5867425992717028,0.5871058713743703,0.5874498748549181,0.5877749163315594,0.5880828662125339,0.5883745942906086,0.5886502516149537,-2.0,0.5891591674522477,0.5893937842669333,-2.0,-2.0,-2.0,0.5902118601247226,0.5903894253024207,0.5905575234292222,-2.0,0.5908664936628722,-2.0,0.5911416967114325,-2.0,0.5913861972258099,0.5914978210150948,0.591602779563471,0.5917007550524522,-2.0,-2.0,0.5919591855415055,0.592033780901596,0.5921030673646385,0.5921668462115739,-2.0,0.5922798399326895,-2.0,-2.0,-2.0,0.5924488575618948,-2.0,0.5925067698892159,-2.0,-2.0,-2.0,0.5925723736108344,-2.0,-2.0,0.5925786385857978,-2.0,-2.0,-2.0,0.5925303490164382,-2.0,0.5924816954470293,-2.0,0.5924161832443879,0.5923769410532544,-2.0,0.5922850779881284,-2.0,0.5921747167856013,-2.0,0.5920449188353164,-2.0,-2.0,-2.0,-2.0,-2.0,-2.0,-2.0,-2.0,-2.0,0.591059399516904,-2.0,-2.0,-2.0,0.5904757248650578,-2.0,-2.0,0.5899499166384649,-2.0,0.5895519549718788,-2.0,-2.0,-2.0,-2.0,-2.0,-2.0,-2.0,-2.0,-2.0,-2.0,-2.0,0.5861385308202204,-2.0,0.5853532928203401,-2.0,0.5844901914211706,-2.0,-2.0,0.5830331583641141,0.5825000652288698,0.5819414035315773,0.5813559766006549,0.5807425290133756,0.580099751729377,0.5794262576450798,0.5787206139045813,-2.0,0.5772067416118684,-2.0,0.5755451564265764,0.5746545698342763,-2.0,-2.0,0.5717204604030802,-2.0,0.5695245548181399,-2.0,-2.0,-2.0,0.5644713275470984,0.563054607032979,-2.0,-2.0,0.558388217540811,-2.0,-2.0,0.5530258061810203,0.5510661620869877,-2.0,-2.0,0.544611988446336,0.5422534910632512,0.539783158477894,-2.0,-2.0,-2.0,-2.0,-2.0,0.5222989121642758,0.518882914555616,-2.0,-2.0,-2.0,-2.0,-2.0,0.494706327105201,-2.0,-2.0,-2.0,-2.0,-2.0,-2.0,0.4565540582868177,-2.0,-2.0,-2.0,-2.0,0.42065542371174747,-2.0,-2.0,0.394772342510588,-2.0,0.3754088101888282,-2.0,-2.0,0.3427859204483415,-2.0,0.3183802941557704,0.305303693197083,0.29160760977905104,-2.0,-2.0
0.07619203052875606,0.5612874420418938,0.5631594961638582,0.5648850818259947,0.5664801330801825,0.5679577678086674,0.5693288432916367,0.5706036603066112,0.5718159964601579,0.5730670884781519,0.5743380983125894,-2.0,0.5766445134556081,0.5776858965173293,0.5786607103137268,0.5795744475948835,0.5804312963770695,0.5812365177761565,0.5819924204549102,0.5827039453525968,0.5833736351375739,0.5840043756416039,0.584598848934313,0.5851596191482542,0.5856886767393664,-2.0,0.5866601174281166,0.5871063755139664,0.5875273132130818,0.5879257182747211,0.588302540734696,0.588659188770335,0.5889964968384518,0.5893158622870895,0.589618110857677,0.5899042637137601,0.590175087991956,0.5904318662037573,0.5906744981014418,0.5909043466586194,0.5911218946312842,-2.0,0.5915224981404686,0.5917071438467525,0.591881121376356,-2.0,0.5922012777562605,-2.0,0.5924871093681796,0.5926173845452303,-2.0,-2.0,-2.0,-2.0,0.5931631057824419,0.5932524546074547,0.5933359844914339,0.5934136308765917,0.5934859085561226,-2.0,-2.0,0.5936707682612185,-2.0,-2.0,0.593811323783,0.5938489117031873,0.5938822093555827,-2.0,0.5939351984631439,-2.0,-2.0,-2.0,0.5939905886910661,-2.0,-2.0,-2.0,-2.0,-2.0,-2.0,-2.0,-2.0,-2.0,-2.0,-2.0,-2.0,-2.0,0.5936594289816934,-2.0,-2.0,-2.0,-2.0,-2.0,-2.0,-2.0,0.5930599155361975,-2.0,-2.0,-2.0,-2.0,-2.0,-2.0,-2.0,-2.0,-2.0,0.5917456956225069,-2.0,-2.0,-2.0,-2.0,-2.0,-2.0,-2.0,-2.0,-2.0,-2.0,0.5892427110738595,-2.0,-2.0,-2.0,-2.0,-2.0,-2.0,0.5867934908310011,-2.0,0.5859306539542145,-2.0,-2.0,0.5844739776468045,-2.0,-2.0,-2.0,-2.0,-2.0,0.5808676543898672,-2.0,0.5794228581658503,0.5786483763518547,0.5778369763575192,-2.0,0.5760964039112239,-2.0,-2.0,-2.0,-2.0,-2.0,0.569789916673745,-2.0,-2.0,0.565913642120521,0.5644969478572202,0.5630130516247291,0.5614587277397403,-2.0,0.5581253902067456,0.5563392148553225,-2.0,-2.0,-2.0,-2.0,-2.0,-2.0,-2.0,-2.0,0.5359284705962267,-2.0,-2.0,0.5270031757094988,-2.0,-2.0,-2.0,-2.0,0.5090755832119932,-2.0,-2.0,-2.0,-2.0,-2.0,-2.0,-2.0,-2.0,0.46423256907583915,-2.0,-2.0,0.4446258417550113,-2.0,-2.0,-2.0,-2.0,-2.0,-2.0,0.38675795935546253,-2.0,-2.0,-2.0,0.34422903354806184,-2.0,-2.0,0.3067467874153665,0.293050739014137,0.27870590896702746,-2.0
0.07401959996915641,0.5613426634437867,0.5633217867555634,0.5651431980268474,0.5668238893214292,0.5683786798481302,0.5698193037200567,0.5711574602348226,-2.0,0.5736203946096047,0.5748886507319162,0.5761381961657357,0.5773042206998041,0.5783934413330927,0.5794122496083264,0.580366389336239,0.5812610451908697,0.5821002310079328,0.582888784890586,0.5836299175456168,0.5843272323192166,0.5849836363490774,0.585602190679291,0.5861852582962217,0.5867354249336829,-2.0,0.587744575951997,0.5882075505535784,0.5886449558195783,-2.0,-2.0,0.58981940612016,0.5901693654234609,-2.0,0.5908144152129736,0.5911106881228995,0.5913914437340041,-2.0,0.5919089769939241,0.5921471911250787,0.5923729953883032,-2.0,0.5927879874841547,0.592978955241197,0.5931595541039082,0.5933306592901348,0.593491549790853,0.593644148793171,-2.0,0.5939231334526519,-2.0,-2.0,0.5942839281011333,0.5943902314930174,0.5944893996908441,0.594582457726707,0.5946693705387779,0.5947507747931225,0.5948258707672955,-2.0,0.5949600505017582,0.5950189822138344,-2.0,-2.0,0.5951669308095808,-2.0,-2.0,-2.0,-2.0,-2.0,-2.0,-2.0,-2.0,-2.0,-2.0,-2.0,-2.0,-2.0,-2.0,-2.0,-2.0,-2.0,-2.0,-2.0,-2.0,-2.0,-2.0,-2.0,-2.0,-2.0,-2.0,0.5947140941658127,-2.0,-2.0,0.5944506069779117,-2.0,-2.0,-2.0,-2.0,-2.0,-2.0,-2.0,0.5934633857321147,-2.0,0.5931406353664416,-2.0,-2.0,-2.0,-2.0,-2.0,-2.0,-2.0,-2.0,-2.0,0.5909278333848609,-2.0,-2.0,-2.0,0.5896905693691252,-2.0,0.5889771143333579,-2.0,-2.0,-2.0,-2.0,-2.0,-2.0,-2.0,-2.0,-2.0,0.584197049294226,-2.0,-2.0,0.5822678674528678,0.5815623878902013,0.5808232520319643,-2.0,-2.0,0.5783875304601778,-2.0,0.5765642299134609,-2.0,-2.0,-2.0,-2.0,-2.0,0.5699583275267687,-2.0,0.5673147655660685,0.5658981321494194,0.5644142713627964,0.562859997253572,-2.0,0.5595267274612976,0.5577405818779233,0.5558697446937109,-2.0,-2.0,0.5497078820682063,0.5474561626811341,0.5450977175301306,0.5426274257111691,-2.0,0.5373300785261361,-2.0,-2.0,-2.0,0.5251434229803791,-2.0,-2.0,0.5144022569374496,-2.0,-2.0,-2.0,-2.0,0.49282768160164026,-2.0,-2.0,-2.0,0.4715878343344446,-2.0,0.45939891413925216,-2.0,-2.0,-2.0,-2.0,-2.0,0.4152688080301808,-2.0,-2.0,-2.0,-2.0,0.3678787998007591,-2.0,0.34563097325887376,-2.0,0.3212253655714611,0.3081487552553947,0.2944526858284841,-2.0,-2.0
0.07190911098669456,0.5612818183844139,0.5633767874020147,-2.0,0.5670742492107214,0.5687110952315805,0.5702265919260624,0.5716316116249456,0.5729375867414219,-2.0,0.5753924322979641,-2.0,0.5778909576597926,0.579030936935892,0.580096167963849,0.5810931333643659,0.5820269076860699,0.5829027269194009,0.5837247565705008,0.5844971380225303,0.5852234202936998,0.585906882405083,0.5865505650401588,0.5871569983101521,0.5877291101458754,0.5882682986367541,0.5887775200116423,0.589258339287312,0.5897126369790208,0.5901420898484743,0.5905478569596566,0.5909317010825611,0.5912947501041,0.5916380028774465,-2.0,0.5922709588488037,0.5925618538286158,0.59283730361264,0.5930980872384574,0.5933452525754167,-2.0,-2.0,-2.0,0.5942069860060633,0.5943941637064113,-2.0,0.5947382972761335,0.5948966707816671,-2.0,0.5951857875966189,0.5953184007208289,-2.0,0.595560484964541,0.5956703790488272,0.5957737007417235,0.5958704510263768,0.5959608778495987,0.596045204912209,0.5961236616971608,-2.0,0.5962636666009514,-2.0,-2.0,0.5964341056473249,-2.0,0.5965228252070326,-2.0,-2.0,0.5966210770072073,-2.0,-2.0,-2.0,-2.0,0.5966966953622083,-2.0,-2.0,-2.0,-2.0,-2.0,-2.0,0.5966234227237245,-2.0,-2.0,-2.0,-2.0,0.5964405251553079,0.596390085287364,-2.0,-2.0,-2.0,-2.0,-2.0,-2.0,-2.0,0.5958011175876865,-2.0,-2.0,-2.0,0.5953655635620346,-2.0,-2.0,-2.0,-2.0,-2.0,-2.0,-2.0,-2.0,-2.0,-2.0,-2.0,-2.0,-2.0,0.5928192697570176,-2.0,-2.0,-2.0,-2.0,0.5913806192797418,-2.0,-2.0,-2.0,-2.0,-2.0,-2.0,-2.0,-2.0,-2.0,-2.0,-2.0,0.5861420636361404,-2.0,-2.0,-2.0,-2.0,-2.0,0.5821835911511071,0.5814093033615528,-2.0,-2.0,0.5788577174797065,0.577924946433938,-2.0,0.5759241551531321,0.5748518475289474,0.5737285869156775,0.5725519231594736,-2.0,-2.0,-2.0,0.567259319680803,0.5657754987652296,-2.0,-2.0,-2.0,-2.0,-2.0,-2.0,-2.0,-2.0,0.5488176950415217,0.5464592453364157,0.5439889993622306,0.5414016688467401,-2.0,0.5358532888610031,0.5328803477609328,-2.0,-2.0,0.5230891846091785,0.5195113639148798,0.5157642079586513,-2.0,0.5077282132955315,0.5034225523918261,0.49891286177528493,-2.0,0.48924236933934434,0.48406085323944714,-2.0,-2.0,-2.0,-2.0,-2.0,-2.0,-2.0,-2.0,-2.0,-2.0,-2.0,-2.0,-2.0,-2.0,0.36924081652020124,-2.0,0.3469929581954821,-2.0,0.322587464547729,-2.0,-2.0,0.28146982254559455,-2.0
0.06985879746785245,0.5610998621162411,0.5633200035093813,0.5653556760608871,0.5672275663065368,0.5689530960504084,0.5705478827487699,0.5720251060466309,0.5733958600361936,0.574670433096558,0.575881858317277,0.5771326898468734,-2.0,-2.0,0.580712004688969,0.5817539716129038,0.5827293901078967,0.5836434360930023,0.5845009649234612,0.5853060986450542,0.586062758593256,0.5867748801468455,0.5874443916800665,0.588075259466832,0.5886701352501614,0.589230837599323,0.5897597666453086,0.5902592337536368,0.5907309256310962,0.5911770295050267,0.5915979214437507,0.5919961747090156,0.5923726303836792,-2.0,0.5930658979430334,0.5933848603320453,0.59368669572329,0.59397229504439,0.5942426605932845,0.5944993007779408,0.5947407345146268,0.5949699140457405,0.5951867556848079,0.5953918793644234,-2.0,0.5957692560145174,0.5959425669932907,-2.0,-2.0,-2.0,0.5965439228277011,0.5966736247541016,-2.0,0.5969096684256363,0.5970170403595747,0.5971173388534434,0.5972113875177569,-2.0,0.5973808818517884,0.5974567559721565,0.5975269745812183,-2.0,0.5976511354655506,0.5977053887331868,0.5977546473956088,-2.0,-2.0,-2.0,-2.0,0.5979291000195699,-2.0,-2.0,-2.0,0.5979875492192281,-2.0,-2.0,-2.0,0.5979771243581318,0.5979634038371727,-2.0,-2.0,-2.0,-2.0,-2.0,-2.0,-2.0,0.5976958631245481,0.5976413799847612,-2.0,-2.0,-2.0,-2.0,0.5972916361076119,-2.0,-2.0,-2.0,-2.0,-2.0,-2.0,-2.0,-2.0,-2.0,-2.0,-2.0,-2.0,-2.0,-2.0,-2.0,-2.0,-2.0,-2.0,-2.0,-2.0,-2.0,-2.0,0.5933169455053311,-2.0,-2.0,-2.0,-2.0,-2.0,-2.0,-2.0,-2.0,0.5900094028635425,-2.0,-2.0,-2.0,-2.0,-2.0,0.5868779636221254,0.5862649082729742,0.5856225028220767,-2.0,-2.0,0.5835050811331832,-2.0,0.5819196616616749,-2.0,0.5801795104183791,0.5792468120721316,0.5782697152672303,-2.0,0.5761738971913084,-2.0,-2.0,0.5726415825182513,-2.0,-2.0,-2.0,-2.0,-2.0,0.563915750467209,-2.0,-2.0,0.5585537167325465,-2.0,0.5545418964501272,-2.0,-2.0,0.547782024183646,-2.0,-2.0,-2.0,-2.0,-2.0,0.5310893761026667,-2.0,-2.0,-2.0,-2.0,0.5131620462736441,-2.0,-2.0,-2.0,-2.0,-2.0,0.48538387308209385,-2.0,0.47427275563158144,-2.0,-2.0,-2.0,-2.0,-2.0,0.4340446636249089,-2.0,-2.0,-2.0,-2.0,0.3908447256907913,-2.0,-2.0,-2.0,0.34831612907746096,-2.0,-2.0,0.3108339629096836,-2.0,0.28279301893592207,0.2677686043505275
0.06786694365554635,0.5607906586522653,0.5631468466364005,0.5653025737816216,0.5672807712962423,0.5691015668962831,-2.0,0.572335824615932,0.5737756511043813,0.5751130882394765,0.5763572549397841,0.5775747310048133,-2.0,0.5800930265257825,0.5812592589539207,0.5823489579027729,0.5833681987762612,0.5843225012160015,0.5852173548051562,0.5860567457856577,-2.0,0.5875865504765831,0.5882839320676008,0.588940409117717,0.5895589041569528,0.5901420258824857,0.590691825396534,0.5912107431101411,0.5917006668116753,0.592163382712313,0.5926006854407392,0.5930142547424126,0.5934046971596236,-2.0,0.5941237107941374,0.5944545107220257,0.5947672847298036,0.5950633433832014,0.5953436898919419,0.5956089503950489,0.5958597842738057,0.5960973122873213,0.5963219986674739,0.5965346092107949,0.5967356015880835,-2.0,0.5971053280049858,0.5972752387593181,0.5974352888995467,0.5975864387471147,0.5977291266535337,0.5978630605428885,0.5979897232034537,0.5981082067636215,0.5982196237013664,-2.0,0.5984219198914404,0.5985132504583122,0.5985984166300564,0.5986774458680781,0.5987510673069373,0.5988183620423608,0.5988805495302023,-2.0,-2.0,-2.0,0.5990776301202961,-2.0,0.5991468542044677,-2.0,-2.0,-2.0,0.5992303204109294,0.5992398789511131,0.5992451650615664,-2.0,-2.0,0.5992348742445267,-2.0,-2.0,-2.0,-2.0,-2.0,-2.0,-2.0,-2.0,-2.0,-2.0,-2.0,-2.0,-2.0,-2.0,-2.0,-2.0,-2.0,-2.0,-2.0,0.5980720794066382,0.5979541178698634,-2.0,-2.0,-2.0,-2.0,-2.0,-2.0,-2.0,-2.0,-2.0,-2.0,-2.0,-2.0,-2.0,-2.0,0.5951575493934631,-2.0,-2.0,0.594296903757626,0.5939810758709781,0.5936496695462589,-2.0,0.5929375641179613,-2.0,-2.0,0.5917329267633291,-2.0,0.5908295046025314,-2.0,-2.0,-2.0,-2.0,-2.0,-2.0,-2.0,0.586232904070486,0.5855276884161219,-2.0,-2.0,0.5832035350428253,-2.0,-2.0,0.5805309003621957,0.5795538727300872,-2.0,-2.0,-2.0,-2.0,-2.0,-2.0,-2.0,-2.0,-2.0,-2.0,-2.0,0.5634953165847704,-2.0,0.5598385457350461,-2.0,-2.0,-2.0,-2.0,-2.0,0.5465967494483948,-2.0,-2.0,-2.0,-2.0,0.5323745750481775,-2.0,-2.0,-2.0,-2.0,-2.0,0.5103363878535291,0.5060307460465273,0.5015210981800148,-2.0,-2.0,-2.0,0.4812422468373109,-2.0,0.4696046711294722,-2.0,-2.0,0.4499980882174994,0.4428337529621673,0.43533003238449386,0.42747081199362036,0.41923925896574693,-2.0,0.4015878402787887,0.392130172611763,-2.0,-2.0,-2.0,-2.0,-2.0,-2.0,-2.0,-2.0,-2.0,0.26905407543581317
0.06593188271333544,0.560361876209576,0.5628515880323844,0.5651374501910836,0.5672311611820169,0.5691539706357396,0.5709254457675008,0.5725613964399099,0.5740755351301973,0.5754799536266473,0.5767847705908397,-2.0,0.5792382311060236,-2.0,0.5817371935923508,0.5828771617648038,0.5839427010988792,0.5849396996637368,0.5858735218245409,0.58674914132472,0.5875711446019956,0.5883436099147223,0.5890696776607495,0.589752989721819,0.5903970801745727,0.5910028429545774,0.5915743666025025,0.592114018054422,0.5926230117159162,0.5931028710558243,0.593556754663482,0.593985648066953,0.5943912206675896,0.5947744793918303,-2.0,0.5954799126388731,0.5958045803730241,0.5961112287127679,0.5964017247146359,-2.0,-2.0,0.5971828342099635,0.5974156997257591,0.5976360814488734,0.5978443106260459,0.5980412901922759,-2.0,0.5984035147641895,0.5985696734156866,0.5987261018576628,-2.0,0.599013215619029,0.5991442217662198,0.5992677745776238,0.5993834580193848,0.5994921276608938,0.5995938165237923,0.5996888138641399,0.5997770812360823,0.599859487945531,0.5999362395314134,-2.0,0.6000716058959386,0.6001312055640906,0.6001857728498279,-2.0,-2.0,0.6003179792300053,0.6003523942192421,-2.0,-2.0,-2.0,-2.0,-2.0,-2.0,-2.0,0.6004618699061259,-2.0,-2.0,-2.0,-2.0,-2.0,-2.0,-2.0,-2.0,-2.0,0.6001937444186741,-2.0,0.6000833785547829,-2.0,0.5999515902563962,-2.0,-2.0,-2.0,-2.0,0.5995243840741806,-2.0,-2.0,0.5991925015450938,-2.0,0.5989362814853851,-2.0,-2.0,-2.0,-2.0,-2.0,-2.0,-2.0,-2.0,-2.0,-2.0,-2.0,-2.0,-2.0,-2.0,-2.0,-2.0,-2.0,-2.0,-2.0,-2.0,-2.0,-2.0,-2.0,-2.0,-2.0,-2.0,0.5910828940160769,0.5905505042639679,-2.0,-2.0,-2.0,0.5881526672092686,0.5874797291163528,-2.0,0.586035815528376,-2.0,-2.0,0.583601166476726,0.5827108724024559,-2.0,-2.0,-2.0,0.5787057767200391,0.5775826763105415,-2.0,0.575173802687417,0.5738828755628186,0.5725306255601893,0.5711141782979683,0.5696305225232916,-2.0,-2.0,-2.0,-2.0,-2.0,-2.0,-2.0,0.5549252235581259,0.5526737103715641,-2.0,-2.0,0.5452578354388715,0.5425479358639688,-2.0,0.5367367204651358,0.5336229527452446,-2.0,0.5269457406377576,0.5233679715759013,0.519620670984415,-2.0,-2.0,-2.0,0.5027696965430463,0.4980463921410163,0.49309929560556515,0.48791781490509,-2.0,0.4768069893619117,-2.0,-2.0,-2.0,0.45124679074452745,0.4440824785305162,0.4365787527202116,0.4287195447289146,-2.0,0.41186650843015893,0.40283658493198726,0.3933789250824099,-2.0,0.3730982477874836,-2.0,0.35085035467454445,0.33892991979521475,-2.0,0.31336820846853425,0.2996721956024801,-2.0,-2.0
0.06405199533056867,0.5599228097929093,-2.0,0.5648549758032546,0.5670729873463938,0.569106847146298,-2.0,0.5727002903170936,-2.0,0.5757692323434287,0.5771388927330355,0.578412156419514,-2.0,0.5808734514581709,0.582145155839147,0.5833382561481035,0.5844524697066836,0.5854942563667938,0.5864694473017023,0.5873832549904865,0.5882409800784949,0.5890453302580672,0.58980183507019,0.590513628000464,0.5911826504259177,0.5918132398695437,0.5924075267328578,0.5929679143552913,0.5934966138903706,-2.0,0.5944669027776615,0.5949120816308514,0.5953329428547087,0.5957308166658002,0.5961064872073714,0.5964622659332498,0.5967985015583663,0.5971169539833429,0.5974178578252702,0.597702792214338,0.5979723678907464,0.598227414198397,0.5984688295429134,0.5986970254281809,-2.0,0.5991170023679604,0.5993100003572732,0.59949222289266,0.5996643641520569,0.5998270017691479,0.5999802599924943,0.6001245094091325,0.6002605177765745,0.6003888867358917,0.6005086300753855,0.6006214051196126,0.6007272640451135,0.6008258499771181,0.6009180469500562,0.6010038782676057,0.6010835646103194,0.6011573077037696,-2.0,0.6012876935970505,-2.0,0.6013963524872009,0.601443003324963,-2.0,0.6015210448960863,-2.0,-2.0,-2.0,-2.0,-2.0,-2.0,0.6016450987603129,-2.0,-2.0,-2.0,-2.0,-2.0,-2.0,-2.0,-2.0,-2.0,0.6014348739464203,-2.0,-2.0,-2.0,-2.0,-2.0,-2.0,-2.0,-2.0,-2.0,-2.0,-2.0,-2.0,0.6003948469336192,-2.0,-2.0,-2.0,-2.0,-2.0,0.5995348561331537,-2.0,-2.0,-2.0,0.5987863870401722,-2.0,-2.0,-2.0,-2.0,-2.0,-2.0,-2.0,-2.0,-2.0,-2.0,-2.0,-2.0,-2.0,-2.0,-2.0,-2.0,-2.0,-2.0,-2.0,0.5917611091182351,-2.0,-2.0,-2.0,-2.0,0.5886909235945484,0.587985908082351,-2.0,-2.0,0.5856622581533235,-2.0,0.5839225614322321,-2.0,-2.0,0.5809898048981278,-2.0,-2.0,-2.0,-2.0,-2.0,-2.0,-2.0,0.5708428254030787,0.5692887565815679,0.5676609363586568,0.5659558755029838,0.564169923687234,-2.0,0.5603398435125955,0.5582875265637259,0.5561378704475783,0.5538862882546979,0.5515279601008793,0.549057827008021,-2.0,-2.0,-2.0,-2.0,-2.0,-2.0,0.5281586274917891,-2.0,0.5208336018805211,0.51690875637823,-2.0,0.5084923187449222,0.5039826903984177,-2.0,0.4943123585452304,-2.0,-2.0,0.4780222265406817,-2.0,0.46583103005401016,-2.0,0.452459894530703,-2.0,0.43779187387901863,0.42993267501045196,-2.0,0.4130796665695846,-2.0,-2.0,0.3846863151214701,-2.0,-2.0,-2.0,0.34014311342275944,0.3276579879364028,0.3145814047865914,0.30088535741159644,0.2865405072584231,0.27151611211620763
0.06222570836730228,0.5594965598665614,-2.0,0.5644493161429339,0.5668024928788782,0.5689553707346142,0.5709311579572287,0.5727496822649614,0.574427497755097,-2.0,0.5774179286847582,0.57875357193514,-2.0,-2.0,0.5824817209163007,0.5837313792662912,0.584897162596906,0.5859862719801796,0.5870049650615198,0.5879590132914166,0.5888531779323987,0.5896924688656391,0.5904803080460758,0.5912215395421048,0.5919179916763097,0.5925746322725219,0.5931920305701032,0.5937745340752854,0.594323901855004,0.5948425623282635,0.5953316212027023,0.5957939786380384,0.5962303716869966,0.596642992320685,0.5970330984924244,0.597402073513042,-2.0,0.5980808264214337,0.5983928336266876,-2.0,0.5989675068620353,0.5992324482707049,0.5994819123198354,-2.0,0.599942167645369,0.6001538289987883,0.6003536682285173,0.60054265803132,0.6007209797406458,-2.0,-2.0,-2.0,0.601339155406062,-2.0,0.6015966691857891,0.6017137870582447,0.6018235601850715,0.6019262718553384,0.6020223672107938,0.6021115572269276,0.6021946052839076,0.6022717497478239,0.6023427545591957,0.6024078653850138,-2.0,-2.0,0.602570905330612,-2.0,-2.0,0.6026874526124586,0.6027164586488947,0.6027406988716634,-2.0,-2.0,0.6027851915754929,-2.0,-2.0,-2.0,-2.0,-2.0,0.6027501004125704,0.6027281506469023,-2.0,0.6026701608981195,0.6026340044949793,0.6025929778567483,0.6025469970812453,-2.0,-2.0,-2.0,-2.0,0.6022390316504687,0.6021609168967929,-2.0,0.601986914443745,0.6018906562275168,0.6017879575277869,0.6016786010180134,0.6015623525081575,-2.0,-2.0,-2.0,-2.0,-2.0,-2.0,-2.0,-2.0,-2.0,-2.0,0.5997459347072649,-2.0,-2.0,-2.0,0.5987823711451267,-2.0,-2.0,-2.0,-2.0,0.59727772575761,0.5969306190622485,0.5965664581452933,-2.0,-2.0,-2.0,0.5949230714423941,0.5944611372666488,-2.0,-2.0,-2.0,-2.0,0.5917947554571962,-2.0,-2.0,-2.0,-2.0,-2.0,-2.0,0.5868391615482612,-2.0,-2.0,-2.0,-2.0,-2.0,-2.0,0.579972110112637,-2.0,-2.0,-2.0,-2.0,-2.0,0.5720205525666295,-2.0,-2.0,-2.0,-2.0,-2.0,-2.0,-2.0,-2.0,-2.0,-2.0,0.550235953227172,-2.0,-2.0,-2.0,-2.0,-2.0,-2.0,-2.0,-2.0,0.5220119354360534,0.5180871923719605,-2.0,-2.0,-2.0,-2.0,-2.0,-2.0,-2.0,-2.0,-2.0,-2.0,-2.0,-2.0,-2.0,-2.0,0.43111146843063464,-2.0,0.41425823199181266,-2.0,0.3957706221997265,-2.0,-2.0,-2.0,0.35324213938176635,0.34132171741744527,0.3288365889540533,-2.0,-2.0,-2.0,-2.0
0.060451493537854416,0.5590221080423551,0.5614540706912657,0.5639263054778302,0.5664137598723482,0.5686958800518842,0.5707860003312502,0.5727060637023023,-2.0,0.5761085804841783,-2.0,0.5790224802396129,0.5803253764331189,0.581543923966223,0.5827776130829216,0.584055349451618,0.5852759092145704,0.5864150280706273,0.5874797686966818,0.5884758349466491,-2.0,0.5902840808828425,0.5911054546742266,-2.0,0.5926029753613865,0.593285653431887,0.5939283028160959,0.5945337278267482,0.5951047711133294,0.59564322025948,0.5961514409468752,0.59663136468066,0.5970844970397993,0.5975126089251329,-2.0,0.5982998339628508,0.5986615696983655,0.5990039465880532,0.5993272720927824,0.5996333762681975,0.5999231579535864,0.6001971973978278,0.6004565928801224,0.6007011684270963,0.6009329860063074,0.6011521767796683,0.6013595791947162,0.6015554739188615,-2.0,0.6019151332376478,0.6020796617150652,0.6022348035988822,0.6023810503594212,0.6025187769717013,0.6026485202135229,0.602770290371015,0.6028841886297874,-2.0,-2.0,0.6031837001566509,0.6032701496287167,0.6033501997654561,0.603424361887378,0.6034926350262431,-2.0,-2.0,0.6036637849366217,0.6037100972019604,0.6037512349351095,0.6037873177880502,-2.0,0.6038446566263097,-2.0,-2.0,-2.0,0.603901885008506,-2.0,0.6039025124183414,0.6038957210184405,0.6038843741043279,0.603868359008936,0.603847651187173,0.6038225798464348,0.6037919598217054,0.6037568746284291,-2.0,0.6036718636050057,0.6036217607137384,0.6035664582966439,-2.0,0.6034397768488214,-2.0,0.6032907502319124,0.6032074697934321,0.6031181133119426,0.603022492410975,-2.0,-2.0,-2.0,-2.0,0.6024427654892675,-2.0,-2.0,0.6020044493343842,0.6018414913054673,-2.0,-2.0,-2.0,-2.0,-2.0,-2.0,-2.0,-2.0,-2.0,-2.0,0.5993638495151388,-2.0,-2.0,0.5984182983789302,0.5980714005876777,0.5977074381674766,0.5973256306776313,0.5969251598401605,0.5965051686912182,0.5960648499276608,-2.0,-2.0,0.5946113255575317,-2.0,-2.0,-2.0,-2.0,-2.0,-2.0,0.5903054705531772,0.5895669490467152,-2.0,-2.0,0.5871329745320844,0.5862430362280926,0.5853106983721135,0.5843339586753178,-2.0,0.5822387947540922,0.5811158796836474,0.5799395761080233,-2.0,-2.0,0.5760645069303606,-2.0,-2.0,0.571610677850007,0.5699830786728238,0.568277968565278,-2.0,-2.0,-2.0,-2.0,-2.0,-2.0,-2.0,-2.0,-2.0,-2.0,-2.0,-2.0,-2.0,-2.0,-2.0,-2.0,0.523156673068862,-2.0,0.5151210556905967,-2.0,-2.0,-2.0,-2.0,-2.0,-2.0,0.4803431337316916,-2.0,-2.0,-2.0,-2.0,-2.0,0.4401153529200046,0.43225615305211684,-2.0,-2.0,-2.0,-2.0,-2.0,0.3766348806164872,-2.0,-2.0,-2.0,-2.0,-2.0,0.30320903748087064,-2.0,-2.0
0.0587278661318948,0.5584137805754387,0.5609765924474007,0.5633933853994465,0.5659002801871531,0.5683227795185299,0.5705366297199477,0.5725663607428475,-2.0,-2.0,0.5777441605410604,-2.0,0.5805844004962333,0.5818553198424681,-2.0,-2.0,0.5855876623300099,0.5867798756318217,0.5878929834765075,0.5889336518504497,0.5899082964047495,0.5908207772739342,0.5916772036784436,-2.0,-2.0,0.5939472818967889,0.5946164639139436,0.5952458311090452,0.5958393519235802,0.596399125074596,0.5969268582970887,0.5974250778993138,0.5978957305439889,0.5983402079697749,-2.0,0.5991567819307816,-2.0,0.5998864780550532,0.6002226181361642,0.600539321301569,0.6008394704544078,0.6011233370824772,0.6013918925643311,0.6016460864937115,-2.0,-2.0,0.602328122416883,0.6025309601940432,0.6027225140826916,-2.0,0.6030744012033609,0.6032352872980494,0.603387041239631,0.6035300242552322,0.6036642931656709,0.6037905320381902,0.603908964287963,-2.0,0.6041236296452026,0.6042204200861723,0.6043105213446927,-2.0,-2.0,0.6045429242276741,-2.0,-2.0,-2.0,0.6047712560902676,0.604814797858165,0.6048531634340879,-2.0,-2.0,0.604938125125362,-2.0,-2.0,-2.0,0.6049835248917528,0.6049830148749361,-2.0,-2.0,-2.0,0.6049337319426419,0.6049095373108738,-2.0,-2.0,-2.0,-2.0,-2.0,0.6046599472717941,0.6046001990349044,-2.0,-2.0,-2.0,-2.0,-2.0,-2.0,-2.0,-2.0,0.6037965097258442,-2.0,0.6035444130440484,0.6034069074739561,-2.0,-2.0,-2.0,-2.0,-2.0,-2.0,0.6022009699150204,-2.0,-2.0,-2.0,-2.0,-2.0,-2.0,-2.0,-2.0,-2.0,-2.0,-2.0,0.598815653255688,-2.0,-2.0,-2.0,-2.0,-2.0,-2.0,0.5957207259882328,-2.0,-2.0,-2.0,0.593434874741102,0.5927929519186351,-2.0,-2.0,0.590677307670036,0.5899036010951324,-2.0,0.5882436001579148,-2.0,0.5864214982279974,0.5854449701515272,0.5844216697737374,0.5833498130205576,0.5822269674568655,-2.0,-2.0,0.5785278585553105,-2.0,-2.0,-2.0,0.5727221565391665,0.5710944656049227,0.569389536688152,-2.0,0.5657331433005462,-2.0,0.5617216331130304,-2.0,-2.0,-2.0,0.5524923199201747,-2.0,0.5471953773920905,-2.0,-2.0,-2.0,-2.0,-2.0,-2.0,0.524268737646033,-2.0,-2.0,-2.0,-2.0,-2.0,0.4977477502132593,-2.0,-2.0,-2.0,-2.0,-2.0,0.46273579948119337,-2.0,0.44873130726969856,-2.0,-2.0,-2.0,0.41651549724167314,-2.0,-2.0,-2.0,-2.0,-2.0,-2.0,-2.0,-2.0,-2.0,-2.0,-2.0,0.274952164545895
0.057053383771999505,0.5576618652266776,0.5603950880489831,0.5628757223948818,0.5653152643897904,0.5678301932722538,0.5701783678066129,0.5723263457159568,0.5742985963433013,0.5761130718882167,0.5777875692272092,0.5793360678503776,0.5807718270821106,0.5821046826754815,0.5833447426393169,0.58456223613846,-2.0,0.5870797735958743,0.5882442877584636,0.5893319114080747,0.5903494156697229,0.5913020812894154,0.5921952048092781,0.593033246223414,0.5938203942092986,0.5945601157581424,0.5952561564971516,0.5959113239304472,0.5965281888400453,0.5971099556764728,0.5976583062011637,0.5981757599049934,0.5986643009182822,0.5991253584361664,0.5995610846592178,-2.0,0.6003618606591241,0.6007301070698396,0.6010775390798853,-2.0,0.6017176145546433,0.6020121628740126,0.6022905723692074,0.6025534475328698,0.6028023156835977,0.6030377061791821,0.6032602533637642,0.6034705976231117,-2.0,0.6038569216865131,0.6040336229955703,0.6042005851232903,0.6043579516518343,0.604506147804698,0.6046457992831961,-2.0,0.6048998076435568,-2.0,0.6051226644791095,-2.0,0.6053171492435496,-2.0,0.6054850496290723,-2.0,-2.0,-2.0,0.6057477200888558,-2.0,-2.0,0.6058862898115372,-2.0,0.6059518479239286,0.605977258009597,0.6059977240088418,0.6060132746373702,-2.0,0.6060298640959,0.606031414282855,0.6060272412601952,-2.0,-2.0,0.6059873209297485,-2.0,-2.0,-2.0,0.6058657428514828,-2.0,-2.0,0.6057211642363466,-2.0,-2.0,0.6055278955896056,-2.0,0.6053702284070461,-2.0,0.6051879743513211,0.6050871515155483,0.604979583813326,-2.0,0.6047432754809033,0.6046140339987789,0.6044770366852616,-2.0,-2.0,0.6040165050556485,-2.0,-2.0,-2.0,-2.0,0.6030629472409756,-2.0,-2.0,-2.0,-2.0,0.6018313790776393,0.6015461804555098,0.6012466540448645,-2.0,-2.0,-2.0,0.5998920349427436,-2.0,-2.0,-2.0,-2.0,0.5977893753274887,-2.0,-2.0,0.5962666153503722,-2.0,-2.0,-2.0,0.5938712124578384,-2.0,-2.0,0.5917558968962703,0.590982288367051,-2.0,0.5893224747406268,-2.0,-2.0,-2.0,0.5855008684197084,-2.0,-2.0,0.5821301331406721,-2.0,-2.0,0.5782556353414701,-2.0,-2.0,0.5738019181562557,-2.0,0.5704693657726081,-2.0,0.5668130608867161,0.5648538125730054,0.5628016269855141,-2.0,-2.0,-2.0,-2.0,-2.0,-2.0,0.5454373828538976,-2.0,-2.0,-2.0,-2.0,-2.0,-2.0,0.521424323195903,0.5173135624549675,-2.0,-2.0,-2.0,-2.0,-2.0,-2.0,0.48253584850499476,-2.0,-2.0,0.4638163341447846,0.45697616001879593,0.4498119266640659,0.44230852762930606,-2.0,-2.0,0.41759610805911196,-2.0,0.3991085335593264,0.38920283005913736,0.37882786453970096,-2.0,0.3565801372009562,0.3446597424470503,-2.0,0.31909811931319837,0.3054020917463333,-2.0,0.2760328510814418
0.05542664520663104,0.5567561771149294,0.5596764955781116,0.562318208913768,0.564746249719811,-2.0,0.5697050706385713,0.5719815831950861,0.5740666844545276,0.575982292208029,0.5777471765900299,0.5793770262865845,0.5808853338135591,0.5822844398550471,0.5835844715167565,0.5848008925738741,0.5860361601305705,-2.0,0.5885322956110033,0.5896698579113163,0.5907329203897989,0.591727839502135,0.5926597202860636,0.5935333821590815,0.5943534641650667,0.5951238719670936,0.5958483136331911,0.5965298164767596,-2.0,0.5977760969230016,0.5983461202134239,0.5988835726367844,0.5993908537023532,0.5998694964277766,0.6003216515999812,0.6007494587396567,-2.0,0.6015344797933599,0.6018946169368071,0.602235649800906,0.6025581477083964,0.60286313644809,0.6031521230418774,0.6034243507002142,0.6036822951319447,0.6039261823319333,-2.0,0.6043746038077611,-2.0,0.6047748983114656,0.6049583128526346,0.6051314205308451,0.6052945704806034,0.6054483138508248,0.6055931901686542,0.605729123821565,0.6058566701665113,0.6059764409804073,-2.0,-2.0,0.6062908976933008,0.6063814665953406,0.6064656580336972,0.6065434675833642,-2.0,-2.0,-2.0,0.6067946253010519,-2.0,0.6068863459111441,-2.0,-2.0,-2.0,-2.0,0.6070242702898913,-2.0,-2.0,-2.0,-2.0,-2.0,-2.0,-2.0,0.6069875993799714,-2.0,0.6069292726937144,-2.0,-2.0,-2.0,0.6067509942209645,0.6066930657568113,-2.0,0.6065603690828046,0.60648532213287,-2.0,-2.0,0.6062237021128679,-2.0,0.6060163403999728,-2.0,-2.0,-2.0,-2.0,0.6053715022589681,-2.0,-2.0,0.6048862590793112,-2.0,-2.0,0.6043161274249047,-2.0,-2.0,-2.0,-2.0,-2.0,-2.0,-2.0,-2.0,-2.0,-2.0,-2.0,-2.0,-2.0,-2.0,-2.0,0.599297041379999,0.5988357621739131,0.5983521037734121,-2.0,-2.0,-2.0,-2.0,0.5955601099223927,-2.0,-2.0,-2.0,0.5928036190289224,-2.0,0.5912196467703519,-2.0,-2.0,0.588548732963132,0.587572227946753,0.5865492183025399,-2.0,0.5843548280032221,-2.0,-2.0,-2.0,-2.0,0.5778880186051091,0.5764046257656814,0.5748508008182514,-2.0,-2.0,-2.0,-2.0,-2.0,0.5638507929649922,0.5617013169911942,-2.0,-2.0,-2.0,0.5520346627881108,-2.0,-2.0,-2.0,-2.0,0.5371391999715713,0.5337234499552276,-2.0,0.5263986349869777,-2.0,-2.0,-2.0,-2.0,-2.0,-2.0,-2.0,-2.0,-2.0,0.4776324758835451,-2.0,-2.0,0.45802586529458666,-2.0,0.443357973219072,0.4354987914813555,-2.0,-2.0,0.4096159953574484,0.40015834341762313,0.39025263845098823,-2.0,0.36901122142208503,-2.0,0.3457096038706707,-2.0,-2.0,-2.0,-2.0,-2.0
0.05384628913753366,0.55568462439918,0.5588115163908887,0.5616306937494836,0.5641849385337465,0.5666018854143605,0.5691109611144706,0.5715267609799691,0.5737346546605419,0.5757589458727873,-2.0,0.5793372143260506,0.5809237307167133,0.5823934796529402,0.5837569183833163,0.5850248493056462,-2.0,0.5874866843001947,0.5887566333115988,0.5899469449471786,0.591058226282694,-2.0,0.5930696814116692,0.5939813528242155,0.5948362412905652,0.5956390150154048,0.5963927816942552,0.597102481550192,0.5977695511276326,0.5983982284420601,0.5989905722016466,0.5995488929993267,0.6000757921350176,0.6005728320275365,0.6010421278986312,0.6014853760168642,0.6019040852120786,0.6022998463899375,-2.0,0.6030277323222935,0.6033616793152918,0.6036778083735839,0.6039767494572362,-2.0,-2.0,0.6047794543008898,0.6050183499239185,0.6052441233938141,-2.0,0.6056590251185677,0.6058490713381596,0.6060292532979642,0.6061976572142865,0.6063570479157157,0.6065070892779021,0.6066484394792601,0.6067807207203705,0.6069050420134234,0.6070214794924533,-2.0,0.6072321043378671,0.6073264447334433,-2.0,0.6074954213141142,0.6075702383241788,-2.0,0.6077018576503527,0.6077585097511342,-2.0,-2.0,-2.0,0.607930501843032,0.6079601692904036,0.6079846791662156,-2.0,0.6080184797193997,0.608028070303993,0.6080322839558708,0.6080318582648124,0.6080262858284176,0.6080158722016564,0.6080004972308888,0.6079801339239691,-2.0,0.6079242828294905,-2.0,-2.0,0.6078017813016732,-2.0,0.6076933206867761,0.6076307353375563,-2.0,-2.0,-2.0,-2.0,-2.0,-2.0,-2.0,-2.0,0.6067888673895208,-2.0,-2.0,-2.0,-2.0,-2.0,-2.0,0.6057172620620892,0.6055277607490352,0.6053280301141873,-2.0,-2.0,0.6046630796974053,-2.0,-2.0,-2.0,-2.0,0.6033056144707104,-2.0,-2.0,-2.0,-2.0,0.6015718752112243,0.6011721792236668,-2.0,-2.0,0.5998521147182089,-2.0,-2.0,0.5983303041574002,0.5977732457873325,-2.0,-2.0,-2.0,-2.0,-2.0,0.5938213488351896,0.5930479463938484,-2.0,0.5913885216267464,-2.0,0.589566941356806,-2.0,-2.0,0.5864959543035886,-2.0,0.584197279948389,-2.0,0.5816747931585533,0.5803229423756044,-2.0,0.5774235202444817,-2.0,-2.0,-2.0,0.5707517135090215,0.5688812809508442,-2.0,0.5648700101500639,0.562720576432276,-2.0,0.5581111001179243,0.555641109252486,0.5530541001045497,-2.0,0.5475061883848729,-2.0,0.5414198960509413,-2.0,-2.0,-2.0,0.527418212910593,-2.0,0.5193827690456422,-2.0,-2.0,-2.0,0.5008975553278728,-2.0,0.49028929465307897,-2.0,-2.0,0.47241662659896355,0.4658858549432502,-2.0,0.4518814861116036,-2.0,-2.0,0.4282872669249829,0.4196657327362292,0.41063585724816887,0.40117823859351653,0.39127252365387366,0.380897594811363,0.37003114601193837,-2.0,0.34672948513325913,0.33424439061700795,0.32116787003131003,-2.0,-2.0,0.27810267073125994
0.052310993080562605,0.5544331732348148,0.5577889470189566,-2.0,0.5635266528517962,-2.0,0.5684427217289192,0.5709559816230108,0.5732966958039166,0.5754386657771513,0.5774048573342175,0.5792143811639818,0.5808844747127344,0.582429225607207,0.5838610485476334,0.5851901612353038,0.5864271145522572,0.5876455914778609,-2.0,0.5901616575396783,-2.0,0.5924097282701553,0.5934252020929028,0.5943762803418562,0.5952676235690088,0.5961041508732604,0.5968896334670571,0.5976279607534494,0.5983224595858706,-2.0,0.5995919738336267,0.6001727945448887,0.6007196578914336,0.6012363449975168,0.6017227189410777,0.602182829980127,0.6026171753422482,0.6030276408425119,-2.0,-2.0,0.604128870322479,0.6044564985878996,0.6047663313747711,0.6050596933509572,0.6053362703179802,0.6055981497959554,0.6058459935095619,0.6060796498820524,0.6063007194001641,0.6065095902933779,0.6067065602781148,0.6068926746340254,0.6070679282208328,0.607233205629891,-2.0,0.6075352159437211,0.6076728002451505,-2.0,-2.0,0.6080359610098991,-2.0,-2.0,0.6083315370369033,0.6084161422321408,-2.0,0.6085663609003327,0.6086318546078225,0.6086915930926842,-2.0,-2.0,0.6088364464616907,0.6088736901242299,-2.0,-2.0,0.6089536592535352,-2.0,-2.0,0.6089874069622382,0.6089884801078275,-2.0,0.6089756893431748,-2.0,0.608942833923113,0.6089186792263563,0.6088894601133475,0.6088550623322395,-2.0,-2.0,-2.0,0.608663902150612,0.6086022471036409,-2.0,0.6084614315296487,-2.0,-2.0,0.608204120945657,-2.0,-2.0,0.6078872983788324,0.6077670825192147,0.6076395253499116,-2.0,-2.0,0.607208718855408,0.6070480370700002,-2.0,-2.0,0.6065099397253274,0.606310609054872,0.6061006060915017,-2.0,0.6056467518107357,0.6054019314483625,-2.0,-2.0,-2.0,0.6042907988041113,-2.0,0.6036476891906751,0.6033019224183049,-2.0,-2.0,0.6021587716106352,-2.0,0.6013003132548471,-2.0,-2.0,-2.0,0.5993179634043221,0.5987610530969821,0.5981772996940692,-2.0,-2.0,0.5962521652432627,-2.0,-2.0,-2.0,-2.0,0.592377424496229,-2.0,0.5905560159351946,-2.0,0.5885568300249084,-2.0,0.5863627125534471,-2.0,0.5839548512686142,-2.0,0.581312597489671,-2.0,0.5784132952654482,0.5768595750338792,0.5752320895490729,-2.0,0.5717416912019881,0.5698713062985342,0.5679121797109259,-2.0,-2.0,0.5614593830688274,0.5591012805663423,0.5566313620213575,0.554044337590289,0.551334666907994,0.548496535332292,0.5455238676290844,-2.0,0.5391491510799882,-2.0,-2.0,-2.0,0.5244840037710681,0.5203733167984632,-2.0,0.5115583193765519,0.5068352534179981,-2.0,-2.0,0.4912799338617399,-2.0,-2.0,0.473407310768327,-2.0,0.4600363823688076,-2.0,-2.0,-2.0,-2.0,-2.0,0.4116266338376271,0.402168997740476,-2.0,0.381888377198937,-2.0,0.35964069042133334,0.3477203143945942,-2.0,-2.0,0.30846268725434317,-2.0,-2.0
0.050819472258994136,0.552995952463601,0.5565960785806009,0.5598269782949942,-2.0,0.5653661837653369,-2.0,-2.0,-2.0,0.5750168492267993,0.577095605795338,0.5790053268294914,0.5807647331394121,0.5823896978181283,0.5838938317660646,0.5852889042203463,0.5865854814820655,0.5877999594384686,0.5890359573418578,-2.0,0.5915297113713779,0.592664827878693,0.5937257008466619,0.5947184130589616,0.5956482317933514,0.5965201999950001,0.5973385686988121,0.5981073647493523,0.5988301819696229,0.5995102347775026,0.6001503943216763,0.6007539967268211,0.6013223717557302,0.601858144732569,0.602364060512849,0.6028415237526376,0.6032922855745818,0.6037184466479892,-2.0,0.6045006835374566,0.6048601721326786,0.6051996851235145,0.6055210065439036,0.6058246916563298,0.6061115452978201,-2.0,-2.0,-2.0,0.6071110215448414,-2.0,-2.0,-2.0,-2.0,0.6080774721177014,-2.0,-2.0,0.6085334646728038,0.6086677440216962,0.6087930984558384,-2.0,0.609021008141974,-2.0,0.6092182837265131,-2.0,-2.0,-2.0,0.6095319831527168,-2.0,0.6096513963524983,-2.0,0.6097475326253734,-2.0,-2.0,0.6098502095641258,-2.0,0.6098920215215811,0.6099051286187943,0.6099130923255932,0.6099159406300221,-2.0,-2.0,0.6098938826272838,-2.0,-2.0,-2.0,-2.0,0.6097539327698801,-2.0,0.6096606289775531,-2.0,-2.0,0.6094788158593252,-2.0,-2.0,-2.0,-2.0,0.6090529588661663,-2.0,0.6088360159062202,-2.0,0.6085897159301079,0.6084549101070554,0.6083119561059896,0.6081605503926669,0.608000363866655,-2.0,0.6076522732460368,-2.0,0.6072647062537065,0.6070550948161451,0.6068343416533778,0.6066019742945375,0.6063574957552876,0.6061003821426966,0.6058300821806066,0.6055460175148129,0.6052475868983505,0.6049341340046932,0.6046050024657362,0.604259479099778,0.6038968301759264,0.6035162767151241,0.6031170026348769,-2.0,0.6022588306915918,0.6017980933067987,0.6013149571440424,0.6008083822261187,0.60027729823705,0.5997205352257061,-2.0,-2.0,0.5978841015074009,-2.0,0.596508061337345,0.5957701959672335,0.5949970127650692,-2.0,0.593338009947479,0.5924486142487492,0.5915167951725682,0.590540556698009,0.5895177853764397,-2.0,0.5873238258204301,-2.0,0.5849161140455407,0.5836257135962692,0.5822739847130908,0.5808580275495723,0.5793748175944123,0.5778211886173694,0.5761937047687598,-2.0,0.5727034086194885,0.5708330699699813,0.5688740056648638,0.566821962883555,0.5646726099641451,-2.0,-2.0,0.5575934786145305,-2.0,0.5522967307098352,-2.0,0.5464859934646255,-2.0,-2.0,0.5366956469068025,0.533118078519855,0.5293709652378573,-2.0,-2.0,-2.0,-2.0,0.5077975083517521,-2.0,-2.0,0.49224233930904554,-2.0,-2.0,-2.0,-2.0,0.46099885542578856,-2.0,-2.0,-2.0,-2.0,0.4216190162922272,0.4125892064419062,-2.0,-2.0,-2.0,-2.0,0.36060327778742524,0.3486829010674402,0.33619781540691995,-2.0,0.30942528462196944,0.2950804886494787,0.280056125785083
0.049370478528390015,0.5515389365477051,0.5552173203710441,-2.0,0.5618011476877447,0.5646081232649118,0.5671514957864505,-2.0,0.5720811099310582,0.5744882378614673,0.5766885160552117,0.5787061968606213,0.5805620340451181,0.5822729584680768,-2.0,0.5853194135157268,0.5866790459124244,0.5879431272750715,0.5891518918481012,-2.0,0.591674395765587,0.5928617036708368,-2.0,0.5950070750534002,0.5959774262159366,0.5968867210303127,0.5977398363295857,0.5985405860886177,0.5992929183390067,-2.0,0.600666326987861,0.6012932749356648,0.6018840587626799,0.6024410359240736,0.6029663095737043,0.6034618835782625,0.6039297252831395,-2.0,0.6047889706238164,0.6051832504277664,0.6055561515713066,0.6059080940692824,-2.0,0.6065556007948337,-2.0,0.6071345188215621,0.6074002893002146,-2.0,-2.0,0.608112900365732,0.6083245903328058,0.6085244330494103,0.6087128500704279,-2.0,-2.0,-2.0,0.609363895756354,-2.0,0.6096330489882782,0.6097552098314039,0.6098694112103555,-2.0,0.6100754899830376,-2.0,0.6102522644789548,-2.0,-2.0,-2.0,0.6105280923583618,0.6105817555810713,0.6106296012531112,-2.0,0.6107083192979914,0.6107393977974447,0.610765408062161,0.6107854048613924,0.6108004597316723,-2.0,-2.0,-2.0,0.6108085775520762,-2.0,0.6107815260014374,0.6107605129597844,0.6107335637469354,-2.0,0.610664326540881,-2.0,-2.0,-2.0,-2.0,0.6103940327955912,0.6103224376502615,0.610244675934542,-2.0,-2.0,-2.0,-2.0,-2.0,-2.0,0.6095120903006692,-2.0,-2.0,-2.0,-2.0,-2.0,-2.0,0.6083895957010187,-2.0,0.6079819739903669,-2.0,-2.0,0.6072854041418065,0.6070286257980103,0.6067586468696898,-2.0,0.6061767429978195,0.6058635723833544,-2.0,0.6051894418404076,0.6048270324168125,-2.0,0.6040476563570921,-2.0,0.6031898946810308,0.6027293500325399,0.6022463963150456,0.6017400025940943,0.6012090695893259,0.6006524743323619,0.6000690212252217,0.5994574586810857,0.5988164764714637,0.5981447017197156,0.5974406960486103,-2.0,0.5959298863669351,0.5951198448662977,0.5942710891399514,0.5933817974622451,0.5924500745245809,0.5914739217009366,0.5904512424074888,0.5893798489391396,-2.0,-2.0,0.5858498786962111,0.5845595515501872,-2.0,0.5817919923970167,-2.0,0.5787552274042225,-2.0,0.5754232002286154,0.5736376516489223,0.571767355336095,0.569808320015667,-2.0,-2.0,0.5633557646374844,0.5609977377699614,0.5585278944674986,0.555940937483882,0.553231327460283,0.550393259512728,0.5474206525065736,-2.0,-2.0,-2.0,-2.0,-2.0,0.5263810918448835,0.5222704365969175,0.5179650911451121,-2.0,-2.0,0.5037854622971749,-2.0,0.4931772834900758,-2.0,-2.0,-2.0,-2.0,0.4619338746671058,-2.0,-2.0,-2.0,0.4311754961084306,-2.0,0.4135242587147199,0.40406664125083125,-2.0,-2.0,-2.0,-2.0,-2.0,-2.0,-2.0,-2.0,-2.0,-2.0
0.04796279933211694,0.5501233719666508,0.5537081927222329,0.5573741061147562,0.5607134203007708,0.5637142087383608,0.5664247057331624,0.5688881833050544,0.5713350911626103,0.573847209689861,0.5761792636577635,0.5783134967247662,0.580272511491107,0.582075963563309,0.5837402722935281,0.5852799126660171,0.5867069283034589,-2.0,-2.0,0.5904846985861765,0.5917567586988436,0.5929993026582469,0.594158608010091,-2.0,-2.0,0.5972032961041244,0.5980925049733428,0.5989269526357313,0.5997103148190526,0.6004469581734969,0.601140237984355,-2.0,0.6024053989021826,-2.0,0.6035297619764516,0.6040443154855755,0.6045298951218775,0.6049888158144964,0.6054213274102426,0.6058303010865637,0.6062168133279825,0.6065819364668608,0.6069269732756304,0.6072532770179067,0.6075620258236983,0.60785296426454,-2.0,0.6083887240786879,0.6086346770393938,0.6088670184848015,-2.0,-2.0,-2.0,0.609672976129805,0.6098465140848953,0.6100098796116541,-2.0,-2.0,0.6104433278715998,0.610570228403061,0.610688923247722,0.6107997259589264,-2.0,0.6109988038058097,0.6110879835169813,0.6111699545125557,-2.0,-2.0,-2.0,-2.0,0.6114833852168382,-2.0,-2.0,0.6116005465288762,0.611628410441761,-2.0,-2.0,-2.0,-2.0,-2.0,0.6116831590805418,0.6116738069393176,-2.0,-2.0,-2.0,-2.0,0.6115473107904876,-2.0,-2.0,0.6114057079812869,-2.0,-2.0,-2.0,-2.0,-2.0,-2.0,-2.0,0.6107617914024493,-2.0,-2.0,0.6104074184127681,-2.0,0.6101319962617401,-2.0,0.6098225310819114,-2.0,-2.0,0.6092886294944041,0.6090905724408332,-2.0,-2.0,-2.0,0.6081864307284869,-2.0,-2.0,0.6073769107229376,0.6070790603528959,-2.0,0.6064375834073075,-2.0,-2.0,0.6053503359775424,-2.0,-2.0,0.6040941721605229,-2.0,-2.0,0.6026448672283613,0.6021140842206401,0.6015576522704925,-2.0,0.6003629435881916,0.59972210205763,-2.0,0.5983465902256498,0.5976089658155648,0.596836022925813,-2.0,0.5951774395947924,-2.0,-2.0,0.592380574108829,0.5913579839924024,0.5902866758162041,0.5891643546696467,0.587988616080382,0.5867569386752868,0.5854666844615851,0.5841150956268495,0.5826992563887072,0.5812161544389344,0.579662605903468,0.5780352820580882,-2.0,0.5745451946348844,-2.0,-2.0,0.5686640276077425,0.5665147555904282,-2.0,-2.0,-2.0,0.5568488175613716,-2.0,-2.0,-2.0,0.5452151503110592,-2.0,0.5385384498476989,0.534960934250461,0.5312138690884639,0.5272892378069738,0.5231785919521358,-2.0,0.5143637290984185,0.5096406115359221,0.504693704488434,-2.0,0.49408555967756745,0.4884016162954168,0.48244837743959407,0.4762130981316348,0.46968234830483047,0.46284223486956655,0.45567803399216356,0.448174420943414,0.44031592386834717,0.43208389271905573,0.4234625213171187,-2.0,0.40497506364826774,-2.0,-2.0,0.37382805839141614,-2.0,0.3505264977523997,0.33804142970804263,-2.0,-2.0,-2.0,-2.0
0.0465952566866468,0.5486230419455959,0.5522348709513137,0.5558739251406469,0.5594593537708563,0.5626740997779551,0.5655683386544756,0.5681870246171608,0.5706071544117829,-2.0,0.5755617953648863,0.5778220053979037,0.579892774651561,0.5817954601814419,0.5835486395393945,0.5851679014646872,0.5866667506620485,-2.0,-2.0,0.5905612740613232,0.5917991421820918,0.5930764741193497,0.5942895056156933,0.5954213935091763,0.5964796059474448,-2.0,0.5983968673436669,0.599266639244705,0.6000829575584762,0.6008495817780287,0.6015699758969314,0.6022480650423936,0.6028865051728651,0.6034877564129143,-2.0,-2.0,0.6050931215097051,0.6055689299365468,0.6060181546555942,0.6064428886257817,0.606843140688065,0.6072219238729891,0.6075795641521164,-2.0,0.6082376167857338,0.6085398608944087,-2.0,0.6090945419569147,-2.0,-2.0,0.6098176386634593,-2.0,-2.0,-2.0,0.6106055379417165,0.6107748417345447,0.6109342276940802,0.6110840186455742,0.6112246215939885,0.6113565209894387,-2.0,0.6115949620016051,0.6117023509471016,0.6118021984723654,0.6118947720363308,0.6119803989412209,0.6120590236216169,-2.0,0.6121968218957412,-2.0,-2.0,-2.0,-2.0,0.6124343091932902,0.6124644828623838,0.6124891032779457,-2.0,0.6125219424967968,0.6125302573216259,-2.0,-2.0,-2.0,0.6125100156032149,-2.0,0.6124677226628289,-2.0,0.6124036342765117,0.6123632666145378,-2.0,-2.0,-2.0,0.612144250036236,-2.0,-2.0,-2.0,-2.0,-2.0,0.6116287688134477,-2.0,-2.0,0.6112764587271771,-2.0,-2.0,0.6108525069520917,-2.0,0.6105261081397514,-2.0,-2.0,-2.0,0.6097555220914188,0.6095359591900863,-2.0,-2.0,0.6088052616296981,0.6085359519260568,0.6082528357378243,-2.0,0.6076427081643258,0.6073143968647831,-2.0,-2.0,-2.0,0.6058293269603733,0.6054111307288323,0.6049724255296611,0.6045122825426346,-2.0,-2.0,-2.0,0.6024368342060619,-2.0,-2.0,0.6006017480641591,0.5999302481008831,-2.0,-2.0,0.5977162987857609,-2.0,0.5960578358034316,0.595168756695249,-2.0,-2.0,0.5922387781463856,-2.0,-2.0,-2.0,-2.0,-2.0,-2.0,0.5835805935191538,-2.0,0.5805440977582768,0.5789168002608559,0.5772122641206668,0.575427601871122,-2.0,-2.0,0.5695457931744894,0.5673965620590671,-2.0,-2.0,-2.0,-2.0,-2.0,-2.0,-2.0,0.5460972414230113,-2.0,-2.0,-2.0,-2.0,-2.0,0.5240608481058473,-2.0,-2.0,0.5105229225081163,-2.0,-2.0,-2.0,-2.0,-2.0,-2.0,-2.0,-2.0,-2.0,-2.0,-2.0,-2.0,-2.0,-2.0,0.40585761047328595,0.39595193669240747,-2.0,-2.0,0.3633294143873202,0.3514090636637513,-2.0,0.325847496901904,0.3121515963102754,0.29780673295660215,0.2827823969447423
0.0452667061957886,0.5469073758129729,0.5507764357418007,0.554342821516559,-2.0,0.5614762444029633,0.5645729154212655,0.567365458287221,0.5698964337433007,0.5723157571943616,0.5748301598441042,0.577227150993491,0.5794184311715884,0.5814284153352323,0.5832766051171798,0.5849811970155706,0.5865569586828258,0.5880164480155576,0.5893711323546301,0.5906307520171438,0.591839367908199,0.593095589447094,0.5943614766474062,0.5955453593561788,0.5966509838762409,0.5976846843485802,-2.0,-2.0,0.6004093853762583,0.6012078918661213,0.60195822826347,0.6026633224934923,0.6033271352993197,0.6039521845954657,0.6045410714554629,0.6050962321044827,0.6056197347911942,0.6061135368492825,0.6065797139980388,0.6070199028418714,0.6074354987248718,-2.0,0.608199116375091,0.6085499110493505,0.60888091558063,0.6091941605046781,0.609489879576246,0.6097693409955416,0.6100336215749639,0.6102829256734601,0.6105185148966268,-2.0,0.6109508332091286,0.6111486760328451,0.6113352129429243,0.6115108923400923,0.611676596710257,-2.0,-2.0,0.6121148027301313,0.612242546937984,0.6123628000836329,0.6124740229800008,0.6125779760345818,-2.0,0.6127636847003652,0.6128459252750874,-2.0,0.6129903929321356,0.6130527090743942,-2.0,0.6131590308922671,0.6132031706846279,-2.0,0.6132739868010608,0.6133008876171967,0.6133225109989882,-2.0,0.6133482882165638,-2.0,0.6133522774145219,0.6133462216069651,0.6133347388428604,-2.0,-2.0,0.6132675039410322,-2.0,-2.0,-2.0,0.6130994420174829,-2.0,-2.0,0.6129116135223179,-2.0,0.6127551106256514,0.6126669995457501,-2.0,-2.0,-2.0,0.6122443007260432,-2.0,-2.0,-2.0,0.6116978343348191,-2.0,-2.0,0.611195689057878,0.6110088981790883,-2.0,-2.0,0.6103848241433442,0.6101538722065046,0.609910864290724,0.6096551537712495,0.6093861945797098,0.6091034082637294,0.608806191029972,-2.0,0.6081658855426363,-2.0,0.6074598015481355,-2.0,-2.0,0.6062638842519834,0.6058253966561089,0.60536546171079,-2.0,-2.0,0.6038468503705295,-2.0,0.6027077937373014,-2.0,-2.0,-2.0,-2.0,0.5993438338230765,-2.0,0.5977614315059684,0.5969130088691159,-2.0,-2.0,-2.0,0.5930943608009527,-2.0,-2.0,-2.0,-2.0,-2.0,-2.0,0.5844367239881039,-2.0,-2.0,-2.0,-2.0,0.5762832487551488,-2.0,-2.0,-2.0,-2.0,0.5660020636298874,-2.0,-2.0,-2.0,-2.0,-2.0,-2.0,-2.0,-2.0,0.5402775931832322,0.5367001235737724,-2.0,-2.0,0.5249179311628005,0.5206125497549596,0.5161031553626728,-2.0,-2.0,-2.0,-2.0,0.4901412247435256,-2.0,-2.0,-2.0,-2.0,-2.0,-2.0,-2.0,-2.0,-2.0,-2.0,-2.0,-2.0,-2.0,-2.0,-2.0,0.3522665210430476,-2.0,0.3267049479970074,-2.0,-2.0,0.28363991365680397
0.04397603609302719,0.5449523461841268,0.5491466842063772,0.5528556750109521,0.556448137108614,0.5601066986720956,0.5634271980659178,0.5664116980638744,0.5691082827140247,0.5715621891454592,0.5740140120808239,0.57652276128999,0.5788446297446846,0.5809697572408155,0.5829208550699414,-2.0,0.5863748002669169,-2.0,-2.0,0.5906501110566477,0.5918787618797071,0.5931003819320517,0.5943740348865247,0.5956127241589539,0.5967683715622957,-2.0,0.5988582344974929,0.5998039834313538,0.6006901320233468,0.6015220409529678,0.6023030779530933,0.603037324209558,0.6037276147102016,0.604377609103535,0.6049893639171712,0.6055665445393789,-2.0,-2.0,0.6071062579765851,0.6075629362568559,0.60799412398837,0.6084016503121512,0.6087865399172135,0.6091494821436931,0.6094928326563882,-2.0,0.610124430994226,0.6104136992058932,0.6106872944710926,-2.0,0.6111902485646216,-2.0,0.6116381534355945,0.6118430676399296,-2.0,0.6122186042076648,0.6123900606299174,0.6125512908628417,0.6127027382969024,0.6128452033762781,0.6129779129601926,0.6131027457944966,-2.0,0.6133272399719961,0.6134275484365751,0.6135204361333838,0.613606616280582,0.6136854427561618,0.6137572531547156,0.6138228353408567,-2.0,0.613935066364769,-2.0,-2.0,-2.0,-2.0,0.614110229485607,-2.0,-2.0,0.6141470325267593,0.6141481917331226,-2.0,0.6141340221621382,0.6141186588751981,-2.0,-2.0,0.6140391358939378,0.6140013071112133,-2.0,-2.0,0.6138528527620629,-2.0,-2.0,0.6136495689891959,-2.0,0.6134817925735558,0.6133876944781579,0.6132865515311339,-2.0,-2.0,-2.0,-2.0,0.6126669052104743,-2.0,-2.0,-2.0,0.6120178487410218,-2.0,-2.0,-2.0,0.6112087252411472,0.6109784162590829,-2.0,-2.0,0.6102117686930452,-2.0,-2.0,0.6093204697467145,-2.0,-2.0,-2.0,0.6079078742416129,-2.0,0.6070920369159721,-2.0,0.6061940605208836,0.6057118944194544,0.6052062491330533,-2.0,0.6041201282098403,0.6035373280230607,0.6029263899541402,-2.0,-2.0,0.6009113355792677,0.6001741084086177,0.5994015373587102,0.5985919661795257,0.5977436611560988,0.5968548057591103,-2.0,-2.0,0.593925427568064,0.5928543921836649,0.5917323300465541,0.5905568382871333,-2.0,0.5880353717156274,-2.0,0.5852683693903545,0.5837854642378405,0.5822320999199466,-2.0,0.5789005391106367,0.5771152007454939,0.5752451138403475,0.5732862755823238,0.571234541803631,-2.0,-2.0,-2.0,0.5620067003616231,0.5594198922613707,-2.0,-2.0,0.5509000142751161,-2.0,-2.0,-2.0,0.5375326682809985,-2.0,0.5298611108698905,-2.0,-2.0,-2.0,-2.0,0.5072658991602728,0.5020846353499316,-2.0,-2.0,0.4850207897909616,-2.0,0.4722548665622923,-2.0,-2.0,-2.0,-2.0,0.43465660126833844,-2.0,-2.0,-2.0,-2.0,-2.0,-2.0,-2.0,-2.0,-2.0,-2.0,0.31384193402359944,0.29949716011474053,0.28447284997627476
0.04272216631116735,0.5427296378081287,0.5472927641113006,0.5513050586872458,0.5549043828392405,-2.0,0.5621194080107953,0.565315476116746,0.5681936123967819,0.5707982215722904,0.5732150124930406,-2.0,0.5781661981120718,0.5804159705419905,-2.0,0.5843721255713998,0.5861179388716362,0.5877305969169554,0.5892233936316912,-2.0,0.5918949239588227,0.5931050599546772,0.5943448730266164,0.595621828875511,0.596830900570782,0.5979590437731609,-2.0,-2.0,0.60092483732103,0.6017916154063299,0.60260519612935,-2.0,-2.0,0.6047634856136164,0.605399539435644,0.6059988616455579,0.606563670053049,-2.0,-2.0,-2.0,-2.0,-2.0,-2.0,0.6097179929986782,0.6100735134288875,0.6104097981929077,0.6107277411305154,0.6110279412738838,0.6113114374819123,0.6115794547785922,0.6118324261882083,0.6120711877209987,0.6122965944500808,0.6125092201997919,0.6127096795882917,0.6128989486146402,-2.0,0.6132437817286073,0.6134007462629641,-2.0,0.6136864517026142,-2.0,0.613936578277801,0.6140496240552179,0.6141538106291377,0.6142511734779724,0.6143404544020733,0.6144229313872874,0.6144984723613454,0.6145672749447576,-2.0,0.614685367139191,0.614734963747784,0.6147784400241201,0.6148159111435975,-2.0,0.6148733770880171,-2.0,0.614907529594198,-2.0,-2.0,0.6149166834920763,0.614908537227779,-2.0,-2.0,-2.0,-2.0,-2.0,-2.0,0.6146925859124921,-2.0,-2.0,-2.0,-2.0,-2.0,0.6142722718657876,-2.0,-2.0,-2.0,-2.0,-2.0,-2.0,-2.0,-2.0,0.6131578584251101,-2.0,0.6128159370865102,-2.0,0.6124339850930453,-2.0,-2.0,-2.0,-2.0,-2.0,-2.0,0.6107312812667397,-2.0,-2.0,-2.0,-2.0,-2.0,0.6087116396301159,-2.0,0.6078963003205627,-2.0,-2.0,0.6065168237566354,0.6060113792294305,-2.0,-2.0,-2.0,-2.0,-2.0,-2.0,-2.0,0.6009805588292336,0.600208120234381,-2.0,-2.0,-2.0,-2.0,-2.0,-2.0,-2.0,0.5925397826620142,0.5913643780265545,-2.0,-2.0,-2.0,-2.0,-2.0,0.5830400870159638,-2.0,0.5797086491992096,-2.0,0.5760533361063046,-2.0,-2.0,-2.0,-2.0,-2.0,-2.0,-2.0,-2.0,-2.0,-2.0,-2.0,-2.0,-2.0,-2.0,0.5345944876229034,-2.0,0.5265594035376191,-2.0,-2.0,-2.0,-2.0,0.5028936049670987,-2.0,-2.0,-2.0,0.47959457163908803,-2.0,0.4662238423005426,0.4590596983191504,0.4515561509450563,-2.0,0.4354657141004156,-2.0,-2.0,0.40835702154723763,-2.0,-2.0,-2.0,-2.0,0.35390863313598325,-2.0,-2.0,-2.0,-2.0,-2.0
0.041504047578504746,0.5404201765968691,0.5451884807965578,0.5495446159410525,0.5533866171046613,0.5569519113515975,0.560634678380193,0.5640655577927205,0.5671434814337718,0.5699204676870291,-2.0,0.5748596445745238,0.5773761631486971,-2.0,0.5819428466739351,0.5839430591228877,-2.0,0.5874808141061865,0.5890495673725623,0.5905030204536507,0.5918521079696273,-2.0,0.5943154125322877,0.5955738773436432,0.5968369962834709,0.5980166765635823,0.5991184233827448,-2.0,-2.0,0.6020164277005055,0.6028642034692232,0.6036596314979568,-2.0,0.6051102169778239,0.6057716208135049,0.6063947514126323,0.6069813015954466,0.6075341211202165,0.6080553890502193,0.6085472655187342,0.6090114490008269,0.6094497284398052,0.6098637621584564,0.6102541138501189,0.6106233176169399,-2.0,0.6113012358009744,0.6116124111282655,0.6119063433931023,0.6121843859932796,0.6124461576095692,0.6126940623978837,-2.0,0.6131476636237698,0.613355455711352,-2.0,0.613735639551945,0.6139091081466037,0.6140721541673426,-2.0,0.61436874852667,-2.0,0.6146286715006493,-2.0,0.614855087307002,0.6149558236012811,0.6150493273917829,-2.0,0.6152145275476015,0.6152866563225983,0.615352151548288,0.615410916321628,0.6154633730950367,-2.0,-2.0,0.6155836575216208,0.6156119216381775,-2.0,-2.0,-2.0,0.6156660621344159,-2.0,-2.0,-2.0,-2.0,-2.0,-2.0,-2.0,-2.0,0.615453110366585,-2.0,-2.0,-2.0,-2.0,-2.0,-2.0,-2.0,-2.0,-2.0,-2.0,0.6145039154221374,-2.0,0.6142349780205706,0.6140876782596437,-2.0,-2.0,-2.0,-2.0,0.6132097159226166,-2.0,-2.0,0.6125558601017761,0.6123140744005489,-2.0,0.6117916819578239,-2.0,-2.0,-2.0,0.6105753380807742,0.610231758740444,0.6098709635949106,0.6094921782084071,-2.0,-2.0,-2.0,0.6077802989147678,-2.0,-2.0,-2.0,-2.0,0.6051255278713702,-2.0,-2.0,-2.0,-2.0,-2.0,0.600991559972482,0.6001822482121913,-2.0,0.5984455687651389,-2.0,0.5965389305311559,-2.0,0.5944460023175883,-2.0,0.5921488018990515,0.590917535054137,-2.0,0.5882764398128822,-2.0,-2.0,-2.0,-2.0,-2.0,0.5787084385573513,-2.0,0.5748797936806218,0.5728280449131642,-2.0,-2.0,-2.0,-2.0,-2.0,-2.0,-2.0,-2.0,-2.0,-2.0,0.542704563912451,0.5391271426631966,0.5353802109519427,-2.0,-2.0,-2.0,-2.0,-2.0,-2.0,0.5036794926623136,0.49825277278491525,0.49256891703554173,0.4866157582003862,0.48038053335193376,-2.0,-2.0,-2.0,-2.0,-2.0,0.4362517730234245,0.42763043491253283,-2.0,-2.0,0.3992375027513849,-2.0,-2.0,-2.0,-2.0,-2.0,-2.0,-2.0,-2.0,0.28606824933059016
0.040320660540767356,-2.0,0.5428528525212173,0.5475501266316094,-2.0,0.5553976137722461,0.5589992997881378,0.5626476678153608,0.5659472490273557,0.568913630241129,-2.0,0.5740389448673303,0.5764963881228409,0.5790005666553917,0.5813108920680483,0.5834259885468048,0.5853676689017628,0.5871556277489227,0.5888062468754812,0.5903333014225736,0.5917482471031228,0.5930627853842395,0.5942870436462357,0.5955106039906638,0.596785595953523,0.5980199687831644,0.5991716643771855,-2.0,0.6012537053838366,0.6021961710418922,0.6030792688315274,0.6039080911968808,0.6046864483094637,0.6054177508772564,0.6061057975119287,0.6067529837577351,0.6073626068562372,0.6079368983284799,0.6084783349115144,-2.0,-2.0,0.6099255381497445,0.6103545182593634,-2.0,0.6111423714647484,0.611503841582029,0.6118453343438258,0.6121681627437043,0.6124724233243681,0.6127603823363224,0.6130318511550829,-2.0,0.613530466800946,0.6137588732913448,-2.0,0.6141772842555665,0.6143684269413561,0.6145483353274565,0.6147174809652086,-2.0,0.6150253362709402,0.615164893010728,0.6152953857656026,0.6154171646453717,0.6155305583809342,-2.0,-2.0,0.6158233389465647,-2.0,0.6159815551413712,-2.0,0.6161121823757234,-2.0,-2.0,-2.0,0.6162958913394629,0.6163263989917636,-2.0,0.6163695498110308,-2.0,0.6163892730568941,-2.0,0.6163858447865564,-2.0,0.6163593230794161,-2.0,-2.0,-2.0,-2.0,-2.0,-2.0,-2.0,0.6160160811300972,-2.0,-2.0,0.6157830415128358,-2.0,0.6155931054465931,-2.0,-2.0,-2.0,-2.0,0.6149844463686496,-2.0,-2.0,-2.0,0.6143429258696048,0.6141578570041977,-2.0,0.6137566935690403,0.6135393717668954,-2.0,0.6130689245440122,0.6128147920000693,-2.0,0.6122659933828175,0.6119701434616146,-2.0,0.6113323938305038,0.610989126511259,0.6106286270527014,0.6102501252985877,0.6098528088139441,0.6094358280523305,0.6089982909440983,-2.0,-2.0,0.6075527207871118,0.6070231076290964,0.6064677671089581,0.6058855100518258,-2.0,-2.0,-2.0,-2.0,-2.0,0.601752502225851,0.6009433166656343,-2.0,0.5992068874388662,0.5982759196947065,0.5973004806092299,0.5962784876096977,-2.0,-2.0,-2.0,-2.0,0.5903897855836243,-2.0,-2.0,-2.0,-2.0,-2.0,-2.0,0.5794711653527472,-2.0,-2.0,-2.0,-2.0,-2.0,-2.0,-2.0,-2.0,-2.0,-2.0,-2.0,0.5501440792060208,-2.0,-2.0,0.5398904022080943,0.5361434999746836,-2.0,0.5281085285214756,-2.0,0.5192942151272355,0.5145709466800178,0.50962415111881,0.504442960367242,0.49901625433452507,0.493332488855699,-2.0,0.48114406836346024,-2.0,0.4677734039371251,0.4606094133983847,0.4531057650523054,-2.0,-2.0,-2.0,-2.0,-2.0,0.40000116868575675,0.38962631329621855,-2.0,0.3673787902868488,-2.0,-2.0,-2.0,0.31620105864374587,0.30185631045821787,0.28683201210707254
0.039171014908092584,0.5358249182073352,0.5405443394546531,-2.0,0.5498201270411088,0.5538020470914482,0.5573898949976963,0.5610474767890569,-2.0,0.5677678875740085,0.5706282531773577,0.5732174798370085,-2.0,0.5781269629699293,0.5805772449758158,0.5828157424477484,0.5848671121498168,0.5867526985574749,-2.0,-2.0,0.5915814239217994,0.5929601015553877,0.5942412229097157,0.5954493192978672,-2.0,-2.0,-2.0,0.6002961035375926,0.6013464495484189,0.6023295727802185,0.6032506708889658,0.6041139454826382,0.6049243814778512,0.6056856862948397,-2.0,0.6070743780002128,0.6077079896897897,0.6083047776101869,0.6088672051105061,0.6093972088271774,0.6098972099413479,0.6103689529096361,0.6108142100264736,0.6112345275643059,0.611631938015862,0.6120060992343124,-2.0,0.6126946813757398,0.613010186478615,0.6133082841867198,0.613589864139207,0.6138557014506474,0.6141066062804399,0.6143436440815666,0.6145665840182104,0.6147770117939664,-2.0,0.6151618014575458,0.6153374648628418,-2.0,-2.0,-2.0,-2.0,-2.0,0.6161821515018292,0.6162916459385124,0.6163933989917468,0.6164871389609965,0.6165734512875067,0.6166525599733745,-2.0,-2.0,-2.0,0.6169001107812186,-2.0,-2.0,0.6170179138234144,-2.0,-2.0,-2.0,0.6170894894185663,-2.0,0.617090092585853,-2.0,0.617066961568564,0.6170464398299699,0.6170201586855475,-2.0,-2.0,-2.0,0.6168546168513511,0.616797713596411,-2.0,-2.0,0.616587940680637,-2.0,-2.0,0.6163163518907391,-2.0,0.6160984534657141,0.6159777837357171,-2.0,0.6157117198171724,0.6155657602082979,0.6154107697586372,-2.0,0.6150723678460468,-2.0,-2.0,-2.0,0.6142712796848084,0.6140426532142662,0.6138017434436845,0.6135480368073271,-2.0,0.6130000224437737,-2.0,0.6123939229412734,0.6120674839453185,0.611724535777087,-2.0,0.6109861320457702,-2.0,-2.0,-2.0,0.6092763039571946,0.6087950211339059,0.6082902201831334,-2.0,-2.0,0.6066236583818747,-2.0,-2.0,-2.0,0.6040003318912885,-2.0,0.6024915813454587,-2.0,-2.0,0.599946367556218,-2.0,0.5980401957717496,0.5970183156555351,-2.0,-2.0,0.5936508776949132,0.5924197834608695,0.5911300915683605,-2.0,-2.0,0.5868810922900957,-2.0,0.5837011275620049,0.5819969773869721,0.5802118679028994,0.5783420101087862,-2.0,-2.0,0.5721828713777992,-2.0,-2.0,0.565104774018709,0.5625181335633512,-2.0,0.556971044885547,-2.0,0.550885461220168,0.5476246153793589,-2.0,-2.0,-2.0,-2.0,-2.0,-2.0,-2.0,0.5153126619877444,-2.0,-2.0,-2.0,-2.0,0.4881210158205456,0.48188583272060426,-2.0,0.4685152506481226,0.4613511008011739,0.45384758770026945,-2.0,0.4377572456365684,-2.0,-2.0,0.4106486586982365,0.40074306606400767,-2.0,0.37950185624521665,-2.0,-2.0,0.3437154227073389,-2.0,-2.0,-2.0,0.2875739820078401
0.03805414862632631,0.5331531080806949,-2.0,0.5429190900727883,0.5476825925425746,0.5520036492071244,0.5558159149681384,0.5593829199295755,0.5630647317117984,0.5664722060553318,0.5695300107813369,0.5722895341667493,0.5747914979755618,-2.0,0.579735407089246,0.5821078772718868,0.5842775596345355,0.5862678954497877,0.5880992640405881,-2.0,0.5913496782521982,-2.0,0.5941392052379636,0.5953880105190392,-2.0,0.5978587201826139,-2.0,0.6002933724062809,0.6013906620332087,0.6024165497011456,0.6033772049545846,0.6042774064887099,0.6051213540276021,0.6059141015342137,-2.0,-2.0,0.6080173893226652,-2.0,0.609221677641401,0.6097721720061601,-2.0,0.6107809444621474,0.6112429534961636,-2.0,0.6120903176558707,-2.0,0.6128458821174174,0.6131924292907845,0.6135197051183624,0.6138287635943528,0.6141207674184198,0.6143961498376895,0.6146561239655447,-2.0,0.6151328690670682,-2.0,-2.0,-2.0,0.6159320745212544,0.6161029810170204,0.6162635098215725,0.6164143380926775,-2.0,-2.0,0.6168091815973394,-2.0,0.6170292604706799,0.6171272081062491,0.6172174437037867,0.6173002105853199,0.6173757278713795,0.6174441946555458,0.617505789999594,0.6175606787430565,-2.0,0.6176508990792601,-2.0,0.6177160386779043,-2.0,-2.0,-2.0,0.6177727184550952,0.6177715838408525,0.6177648255993784,0.617752072825772,-2.0,-2.0,-2.0,-2.0,-2.0,-2.0,-2.0,-2.0,0.6173621550090183,-2.0,-2.0,-2.0,-2.0,-2.0,0.6168018250781048,-2.0,-2.0,-2.0,-2.0,-2.0,-2.0,-2.0,0.6155970964497077,-2.0,-2.0,-2.0,-2.0,-2.0,-2.0,0.613993226554778,-2.0,0.6134175656080919,0.6131073049539546,0.6127812112117462,0.6124385928839785,-2.0,-2.0,0.6113040537745891,-2.0,0.6104505884833401,-2.0,-2.0,0.6090064278701746,-2.0,-2.0,-2.0,-2.0,-2.0,0.6054204619679414,-2.0,-2.0,-2.0,0.6024005192842474,-2.0,0.6006646152559235,0.5997338889849357,-2.0,-2.0,0.5966663915774538,-2.0,0.5943697883559043,0.593138791820948,0.5918491845901066,-2.0,-2.0,-2.0,-2.0,0.584420644906305,-2.0,-2.0,0.5790616965878026,0.5771031326256293,-2.0,-2.0,0.5706518732476346,-2.0,-2.0,-2.0,-2.0,-2.0,0.5547188738759578,-2.0,0.5483448511621984,-2.0,-2.0,-2.0,0.5336809078296059,0.5295704825765226,-2.0,0.520755999828191,-2.0,-2.0,0.5059051490956105,-2.0,0.4947946924971791,-2.0,-2.0,-2.0,0.4692358705392081,-2.0,-2.0,0.44670926350018436,0.4384779317397928,0.42985664242746047,0.42082690085400276,0.4113693819619628,0.4014638131976681,-2.0,-2.0,-2.0,-2.0,0.3444362023316938,-2.0,-2.0,-2.0,0.2882948491206826
0.03696912707195026,-2.0,0.5357513509867342,0.5406131083178725,0.5453024405697007,0.5499761252073209,0.5541049090038414,-2.0,0.5613772534799263,0.5650122555080975,0.568289007838909,0.5712356902270865,-2.0,0.5763348147436888,0.5787988223668598,0.5812964397990381,-2.0,0.5856977268672534,0.5876293779279289,0.5894082911939711,-2.0,-2.0,0.5939784782471741,0.595286834978464,0.5965067561168984,0.5977326805377075,0.5990088461896369,0.6002380012950828,0.6013848330672487,0.6024564318109369,0.6034589603147719,0.604397033947415,0.6052769022985313,0.6061021367260269,0.6068773296116965,-2.0,-2.0,0.6089351537485493,0.6095421644988266,0.6101141669503019,0.6106531907833402,0.6111610701217389,0.6116404836782162,0.6120927139371449,-2.0,0.6129227230643634,0.6133032139884408,0.6136623536550663,0.6140016357244847,0.6143219391518291,-2.0,0.6149099263370226,0.6151796944755625,0.6154337024302063,0.6156735423530315,0.6158996546464364,0.6161132312648916,0.6163136759385064,0.6165024757229258,0.6166794784138518,-2.0,0.6170022991546833,0.6171486013723102,0.6172854844273578,-2.0,-2.0,0.6176421375453189,-2.0,0.6178384887329713,0.6179250372982298,0.618004274683056,-2.0,-2.0,0.6181989597611661,0.6182500982790379,-2.0,0.6183334982780215,-2.0,0.6183904986898511,-2.0,0.6184234062040226,-2.0,0.6184315591724237,-2.0,-2.0,-2.0,0.6183756371458168,-2.0,-2.0,-2.0,-2.0,0.6181670661184274,0.618106135953779,-2.0,-2.0,-2.0,-2.0,0.6176985012800549,0.6175951781070642,-2.0,0.617365085161689,-2.0,0.6171020695830288,0.6169575281652774,0.6168038936488341,-2.0,-2.0,-2.0,-2.0,-2.0,0.6156713151350823,-2.0,-2.0,-2.0,-2.0,-2.0,-2.0,0.6137999049054239,-2.0,0.6131318907637586,-2.0,0.6123947731699484,0.6119982800994016,-2.0,0.6111453654679179,-2.0,0.6102062821417582,0.6097019407285043,0.6091729774618132,-2.0,0.6080365954825618,0.6074267726255588,-2.0,0.6061171706176138,-2.0,-2.0,-2.0,-2.0,-2.0,-2.0,-2.0,-2.0,-2.0,-2.0,-2.0,0.5950680842065981,-2.0,-2.0,-2.0,-2.0,-2.0,-2.0,-2.0,-2.0,-2.0,-2.0,-2.0,-2.0,-2.0,-2.0,-2.0,-2.0,-2.0,0.5612284549756188,-2.0,-2.0,0.5523052830910214,0.5490445101188484,-2.0,0.5420519103186994,-2.0,-2.0,-2.0,0.5259651032094583,-2.0,-2.0,0.5117862612841076,-2.0,-2.0,-2.0,-2.0,-2.0,0.47677587720033865,-2.0,0.46277183968304514,0.4552683453970512,-2.0,0.43917806010734745,-2.0,-2.0,0.41206982274348825,-2.0,-2.0,0.3809228209458057,-2.0,-2.0,-2.0,0.33205999004674097,-2.0,-2.0,-2.0
0.0359150422699641,-2.0,-2.0,0.5382346452606582,0.5429321446473085,0.5476924600985447,-2.0,0.5561286127890748,0.5597062569223218,0.5633740607060247,0.5668930799890709,0.5700463329790004,0.5728875786358587,0.5754599942214158,0.5778726500394136,-2.0,0.5828113063199257,0.5850371408606181,0.5870773319175798,-2.0,-2.0,-2.0,0.5937570637171558,0.5951288198937541,0.5964038067556084,0.5976104024416277,0.5988553279569845,-2.0,0.6013285245208627,0.6024479063132221,0.6034940802918997,0.6044731045496783,0.6053903468831485,0.6062500220456256,0.607057102139996,0.6078149931774671,0.608527467275155,0.6091977302719394,0.6098284295035251,0.6104226248546977,0.6109823431143806,0.6115097425545245,0.6120074494480972,-2.0,0.6129194220948763,-2.0,0.6137321636092639,0.6141044773423767,-2.0,-2.0,0.6151016409541161,0.6153975744208576,0.6156768817261363,-2.0,0.6161890863405463,0.6164233947773983,0.6166442614757385,0.6168522632075368,0.6170480047796221,0.6172320442748622,-2.0,0.617567079802048,-2.0,0.6178611282930981,0.6179941728590661,0.6181174322060903,0.6182323184413162,0.6183387818569903,-2.0,-2.0,0.6186107104516578,0.618685983810428,-2.0,0.6188153910306884,0.6188694133502584,0.6189170095364617,-2.0,-2.0,-2.0,0.6190426534977563,-2.0,-2.0,-2.0,-2.0,0.6190582931519574,0.6190430517320904,0.6190216444146587,-2.0,0.6189601685166876,0.6189199846794098,-2.0,0.6188203331235282,-2.0,-2.0,0.6186209969700521,-2.0,-2.0,0.6183584569906667,-2.0,-2.0,0.618027733747611,0.6179012899156735,-2.0,-2.0,-2.0,0.6173072061182813,0.6171350255254244,-2.0,-2.0,0.6165558984614761,0.6163406193538349,0.616113475111011,0.6158739794302537,-2.0,0.615355859289627,0.6150761268770841,-2.0,0.6144723159222342,0.6141469515614154,-2.0,-2.0,-2.0,0.6126723647146243,-2.0,-2.0,0.6113619950755365,0.6108814497855041,0.6103773492971248,-2.0,0.6092941160414577,-2.0,-2.0,0.607463844502038,0.6067938125931226,0.6060914623269988,-2.0,-2.0,-2.0,-2.0,0.6020398010056758,0.6011093315963862,-2.0,-2.0,0.5980425420916132,0.5969211856358817,-2.0,-2.0,-2.0,-2.0,0.5904602775860051,-2.0,0.5874250483463159,-2.0,0.5840944298159948,-2.0,-2.0,-2.0,0.5764300464277885,-2.0,-2.0,0.5696729800328103,0.567203609623603,0.5646171044087358,-2.0,-2.0,-2.0,0.55298492415432,-2.0,0.5463088718096345,-2.0,0.5389848791682778,-2.0,-2.0,0.5266449748189697,0.5221357957289502,-2.0,-2.0,0.50728528255337,-2.0,0.49617470682690035,-2.0,0.48398650358457496,-2.0,-2.0,0.46345195027562625,-2.0,-2.0,0.43985821454913115,0.4312369445220299,-2.0,0.4127497430993802,-2.0,-2.0,-2.0,-2.0,0.35830167734523394,-2.0,0.332740263435181,0.3190443543404881,0.3046996382695813,-2.0
0.03489101213406772,0.5241420222708632,0.5298062977717274,0.5355461539389678,0.5406106714882455,0.5452604234172768,0.5500150741744942,-2.0,-2.0,0.5616495984753103,0.5653285392617332,0.5687102282997613,0.5717466883129297,0.5744875006969289,-2.0,-2.0,0.581923240620399,0.58428186189644,0.5864387271582779,-2.0,0.5902393135557279,-2.0,0.5934732887599778,0.5949122943420114,-2.0,0.59749088577232,0.5987019864605011,-2.0,0.6012203255445744,0.6023902829998636,0.603483153880645,0.6045045404527286,0.6054610062447868,0.6063571255010235,0.60719762883596,0.607986632096541,0.6087280603782478,-2.0,-2.0,0.6106979043136104,-2.0,-2.0,-2.0,-2.0,-2.0,0.6137234888163281,0.6141326764560505,0.61451888175304,0.6148837730309922,0.6152280798579565,-2.0,0.6158594968653048,0.6161491751492725,0.6164220087197554,0.6166796654725818,0.6169226111402669,0.6171515854322748,0.6173672314648894,0.6175702140952418,-2.0,0.617940461655573,0.6181087820170701,-2.0,0.6184141892062301,-2.0,0.6186806806302306,-2.0,0.6189112142367829,0.6190137853097031,-2.0,-2.0,-2.0,-2.0,0.6194103799063844,0.6194674755189241,-2.0,0.6195617835163466,0.6195989525705582,-2.0,0.6196539072759286,0.619671718199279,-2.0,-2.0,0.6196876788581923,-2.0,-2.0,-2.0,-2.0,0.6195889563734398,-2.0,-2.0,0.6194537753374382,-2.0,0.619329834428469,0.6192578270015164,-2.0,0.6190922109972067,-2.0,-2.0,0.6187877581924217,0.618670460753897,-2.0,0.6184106808960261,-2.0,-2.0,0.6179537630510764,-2.0,-2.0,0.617408228585343,-2.0,0.6169902014024099,-2.0,0.6165245859325713,0.6162727037425705,-2.0,-2.0,-2.0,-2.0,0.614800108514959,-2.0,-2.0,0.613722706683288,-2.0,0.6129112975348453,0.6124751048103055,0.612017354910313,0.6115370684687712,-2.0,-2.0,-2.0,-2.0,0.6087597555096061,-2.0,-2.0,0.6067487756675488,-2.0,-2.0,-2.0,-2.0,-2.0,-2.0,0.6007927319714103,-2.0,0.598701139366339,-2.0,-2.0,-2.0,-2.0,-2.0,0.5911194758842705,0.5896371918271073,0.5880844139803871,-2.0,-2.0,-2.0,-2.0,-2.0,-2.0,-2.0,-2.0,-2.0,-2.0,-2.0,-2.0,-2.0,-2.0,-2.0,-2.0,-2.0,-2.0,0.53964524881131,-2.0,-2.0,0.5273054362513601,-2.0,0.5180733915928656,0.5131267159605316,-2.0,-2.0,0.4968353085019077,-2.0,0.4846471609551811,-2.0,-2.0,-2.0,-2.0,-2.0,0.44051910082979745,-2.0,-2.0,0.4134105392812235,-2.0,0.3931301991087496,-2.0,-2.0,0.35896253992997545,0.3464775612325377,-2.0,-2.0,0.3053605475020184,-2.0
0.03389617972850788,-2.0,0.5267960859629218,0.5325119302707609,0.5380757533524467,-2.0,0.5475993915360902,0.552243736506679,0.5563360947509804,0.5599741254100605,0.5635963863677463,0.5672144453626133,0.5704665592651812,0.5733922846669057,0.5760377165679842,0.5784648270145704,0.5809356584252873,0.5834250583342833,0.5857088331114703,-2.0,0.5897215000731113,0.5914901116679452,0.5931234277473111,0.5946347661691631,0.5960360404132116,0.5973376123529027,-2.0,0.5997824670035814,0.6010589467991013,0.6022823959376616,0.6034241487407078,0.604490645834378,0.6054884201781487,0.6064226463183834,0.6072984523337663,0.608120134771101,0.6088916362503973,0.6096165693097406,0.6102984039782463,0.6109400323108766,0.6115439851451183,-2.0,-2.0,0.6131546117078607,0.6136312913796423,0.6140811396735163,-2.0,0.6149059636720018,0.6152840081688294,0.6156408570107363,0.6159776951952982,-2.0,-2.0,0.6168787909484521,-2.0,-2.0,0.6176350248749972,0.6178589150634799,0.6180693389159939,0.6182671615552817,0.6184531526232899,0.618627831759819,0.6187918704739621,0.6189449606793695,0.6190882943884415,-2.0,0.6193464797930971,-2.0,0.6195689936855513,-2.0,0.619758242161206,0.6198410405225726,-2.0,0.6199843271740084,-2.0,0.6200983293294123,-2.0,-2.0,-2.0,0.6202449918500047,-2.0,-2.0,-2.0,-2.0,-2.0,-2.0,-2.0,0.6202286213003261,-2.0,-2.0,0.6201171941687645,-2.0,-2.0,-2.0,-2.0,-2.0,-2.0,-2.0,0.6195184815935817,-2.0,-2.0,0.6191690680397697,0.6190357169934996,-2.0,0.6187420221932505,-2.0,-2.0,0.6182291552031919,-2.0,-2.0,-2.0,-2.0,0.6171560444176054,0.6169047161049431,-2.0,0.616360976271185,-2.0,-2.0,-2.0,-2.0,0.6147344751487428,-2.0,-2.0,-2.0,0.6131111794455473,-2.0,0.612173689715514,0.6116700928528421,-2.0,0.6105877973412316,-2.0,0.6093975423913724,-2.0,-2.0,-2.0,0.6066513259480866,-2.0,0.6050718180875597,-2.0,-2.0,-2.0,-2.0,-2.0,-2.0,-2.0,0.5970450919472592,-2.0,-2.0,-2.0,-2.0,-2.0,-2.0,-2.0,-2.0,-2.0,-2.0,-2.0,0.5777307256183977,-2.0,-2.0,0.5709740128644304,-2.0,-2.0,0.56320928454156,-2.0,-2.0,-2.0,-2.0,0.5476106253810107,-2.0,-2.0,0.5363624553112321,0.532252150447245,0.5279470369115207,-2.0,0.518715052101355,-2.0,-2.0,0.503160774308519,-2.0,-2.0,-2.0,0.4787584560234188,-2.0,0.4647545014834509,-2.0,0.44939214866299115,0.4411608774043216,0.4325396383039024,0.4235099613637219,-2.0,-2.0,-2.0,-2.0,-2.0,-2.0,-2.0,-2.0,-2.0,-2.0,0.2909783311231817
0.0329297125509715,0.5171430394758963,0.5237001872481005,0.5294282705943684,-2.0,0.5404923176164322,0.5451706573053241,0.5499389509456323,-2.0,-2.0,0.5618685064301431,0.565543965723946,0.5690352627443604,0.5721647562419583,0.5749854276570425,0.5775400460335066,0.5799528058634341,0.5824612232027395,0.5848823609560715,-2.0,0.5891228594550577,0.5909875094633856,0.592706313753092,0.5942945144491039,0.5957651305240107,-2.0,0.5983977685454488,0.5996036358870884,0.6008513085416968,0.6021230294854963,0.6033165428852197,0.604430588621969,0.6054720417472377,0.6064463522775464,0.6073592235308221,0.6082151313629948,0.6090181489441724,0.6097725675389685,0.6104817958340641,0.6111486970596901,0.6117762119249179,-2.0,-2.0,-2.0,0.6139435930671672,0.6144104273643644,0.6148504750100459,0.6152658659716268,0.6156579468792874,0.616027856862501,-2.0,-2.0,-2.0,0.6173110791978027,0.6175878997468384,0.6178492221569429,0.6180949608739817,0.6183267614962875,0.6185450092189022,0.6187503452426351,0.618943366134163,0.6191247733523747,0.6192946425674726,0.6194538937149243,-2.0,-2.0,0.6198713505867494,0.6199919178049387,0.6201031714193805,-2.0,-2.0,0.6203874851838055,0.6204663878359422,0.6205377261817764,-2.0,0.6206584562369669,-2.0,-2.0,0.6207869856211968,0.6208163009183424,0.6208390062045324,0.6208551784437556,-2.0,-2.0,-2.0,0.6208552200342132,0.6208391517335817,-2.0,-2.0,-2.0,-2.0,-2.0,-2.0,-2.0,0.6204730664842298,-2.0,0.6203120979252643,-2.0,-2.0,-2.0,0.6198982766070329,-2.0,-2.0,-2.0,0.6193498199061767,0.6191895904295907,0.619019457874886,-2.0,0.6186480251280904,-2.0,0.6182323542177407,0.618006824327003,-2.0,-2.0,-2.0,-2.0,-2.0,-2.0,-2.0,-2.0,-2.0,-2.0,-2.0,-2.0,-2.0,0.6132715806870936,0.612791836123764,-2.0,-2.0,0.6112066958092076,-2.0,-2.0,-2.0,-2.0,-2.0,-2.0,-2.0,-2.0,0.6048453592167082,0.6039578267391508,-2.0,-2.0,0.6010320687778619,-2.0,-2.0,-2.0,-2.0,0.5951471159186187,-2.0,-2.0,0.5908996169956582,-2.0,-2.0,-2.0,-2.0,0.582362725712343,-2.0,-2.0,-2.0,0.5739541195427641,0.5715967466821558,-2.0,-2.0,-2.0,-2.0,-2.0,-2.0,0.5516489193122116,-2.0,0.5446566175033195,-2.0,-2.0,0.5328754093733745,-2.0,0.524061208529715,-2.0,0.5143917890681542,-2.0,-2.0,-2.0,-2.0,-2.0,-2.0,0.47254202897040454,0.4653780488861039,0.4578746308016266,-2.0,0.44178446981539626,0.4331632468287605,0.4241335895839258,0.4146761371045994,0.40477062552402276,-2.0,-2.0,-2.0,-2.0,-2.0,-2.0,-2.0,-2.0,-2.0
0.031990801835925474,0.5134759642311947,0.5201746030419997,0.5264138041281042,0.5320777360172328,0.5377930953446293,0.542803518878192,0.5474573954874001,0.5521982265427444,0.5564409771214301,-2.0,0.563766469555438,0.5674389847671628,0.5707939482980536,0.5738074509854787,0.576528418376935,-2.0,0.5814380483694738,0.5839530385509709,0.5862964246208076,0.5884404390257266,-2.0,-2.0,0.5938887710993273,0.5954337389343127,0.5968648569357431,0.5981938909149994,-2.0,0.6006432267629983,0.6019105013463003,0.6031588749227119,0.6043230606395286,0.6054105420454238,0.6064272075152493,0.6073790102448033,0.6082707761613354,0.6091073373412456,0.6098924838686461,0.6106302247422333,0.6113237865574833,0.6119763748562982,-2.0,-2.0,0.6137133292677472,0.6142269097917713,0.6147112477845323,-2.0,-2.0,-2.0,-2.0,-2.0,0.6170926024720458,0.6174149926430209,0.617719165417376,0.61800608844272,-2.0,-2.0,-2.0,-2.0,0.6192112621823552,0.6194115772192093,-2.0,0.6197760168960249,0.6199413765213428,0.6200963957209611,-2.0,0.6203753121829139,0.6205005791798226,-2.0,-2.0,0.6208230518693605,0.6209137363371784,-2.0,-2.0,-2.0,0.6211988333617522,0.621251655949573,0.6212974131228878,0.6213362311150933,-2.0,-2.0,0.621412046350409,-2.0,-2.0,-2.0,-2.0,0.621406485792504,-2.0,-2.0,-2.0,0.6212838954841007,0.6212364951349666,-2.0,-2.0,0.6210526361917763,0.6209770468012444,-2.0,-2.0,-2.0,0.6205988735432277,0.6204843881786062,0.620361663456163,-2.0,0.6200892282085133,-2.0,-2.0,-2.0,0.6194307729095835,0.6192403928994458,0.6190389261091416,-2.0,-2.0,0.6183635911228457,0.6181132248646953,-2.0,0.6175714497505257,0.6172788781933085,0.6169710569460475,-2.0,-2.0,0.6159490298524793,-2.0,0.6151782761133915,-2.0,-2.0,-2.0,0.6133920238812682,-2.0,0.6123612152231618,-2.0,0.6112271047313664,-2.0,0.6099799812936322,0.6093107183426966,-2.0,-2.0,-2.0,0.6062948486712221,-2.0,-2.0,0.60363081218668,0.6026564335834396,0.6016353784635072,0.6005655690453949,0.5994447593818518,-2.0,-2.0,-2.0,-2.0,0.5929858192783372,-2.0,0.5899512874692608,0.5883249526698059,0.5866213057841668,-2.0,-2.0,-2.0,-2.0,-2.0,0.5745589674556729,-2.0,-2.0,0.5671462045022327,-2.0,0.5615997547477332,0.5586277175425083,0.5555147492898217,0.5522541755496944,-2.0,-2.0,-2.0,0.5375910736284154,-2.0,-2.0,-2.0,-2.0,-2.0,-2.0,0.5043898022215929,-2.0,-2.0,-2.0,-2.0,0.4731477496121441,0.46598463585859273,0.45848038764317045,0.4506214880212174,0.44239025908871393,-2.0,-2.0,-2.0,-2.0,0.3950016989250523,-2.0,-2.0,-2.0,-2.0,-2.0,-2.0,-2.0,-2.0
0.031078661877820123,0.5097789776955916,0.51642646346791,0.5231179449724714,0.5290104940786932,0.5347463224085677,0.5402567889579628,0.5450362920987737,0.5497563917363748,0.5543652072856559,0.5584191879117197,0.5620364004907537,0.5656702655720205,0.5692671416767102,0.572493219321439,0.5753966255779281,0.5780227095116233,0.5804429116492587,-2.0,0.5853999911396974,0.5876691587482221,0.5897471503516047,0.5916563951139332,0.5934149215876273,0.5950387438728031,0.5965414711863851,-2.0,0.5992294240905071,-2.0,0.6016728525063855,-2.0,-2.0,0.6053033778845616,-2.0,0.6073574336983409,0.6082873250724828,0.6091584599218264,0.6099760092790192,-2.0,0.6114654791237015,0.6121436271427304,0.6127816568305012,0.6133824579641118,0.6139482241873297,0.614481285779435,-2.0,0.6154577867032788,-2.0,-2.0,0.616724238138279,0.6171000665879369,0.6174538158919644,0.6177886810621498,-2.0,0.6184007430774169,-2.0,0.6189457081812514,0.6191947417224617,0.6194293689011553,0.6196501928106132,0.6198578599946089,0.6200529825407682,0.6202362280102175,0.620407801491313,-2.0,0.6207186950135267,0.6208587785826292,0.6209891469193956,0.6211101587084922,0.6212221448806201,-2.0,0.6214202409126695,-2.0,-2.0,-2.0,-2.0,-2.0,-2.0,0.6218664651454383,-2.0,0.621929078094106,0.6219501554989038,-2.0,-2.0,-2.0,-2.0,-2.0,-2.0,-2.0,-2.0,-2.0,-2.0,-2.0,0.6216811679238581,-2.0,0.6215398130015042,-2.0,0.6213686082044511,-2.0,-2.0,-2.0,-2.0,0.6207999190203282,-2.0,-2.0,-2.0,-2.0,-2.0,0.6198151544083093,-2.0,0.6194019008450543,-2.0,-2.0,-2.0,-2.0,-2.0,-2.0,-2.0,0.6172272150988112,0.6168871972302928,-2.0,-2.0,-2.0,-2.0,-2.0,0.6144539402218786,-2.0,-2.0,-2.0,-2.0,-2.0,-2.0,-2.0,-2.0,-2.0,-2.0,-2.0,0.6068800459321883,0.6060334553681956,-2.0,-2.0,0.6032424219764538,-2.0,-2.0,-2.0,-2.0,-2.0,0.596337484484426,0.5949871929846243,0.5935725887981771,-2.0,-2.0,0.5889119912272762,-2.0,0.5854239061316218,0.5835546005081501,-2.0,0.5795455567768782,0.5773974063117562,0.5751465381255896,0.5727892716365498,0.5703201721371693,-2.0,-2.0,-2.0,-2.0,0.5561026660356697,-2.0,-2.0,0.5458499963339623,-2.0,0.5381791874310861,0.53406898465555,0.5297639654816381,0.5252549110834909,0.5205321632272429,-2.0,-2.0,-2.0,-2.0,-2.0,-2.0,-2.0,-2.0,0.4665723306893321,-2.0,-2.0,-2.0,-2.0,-2.0,-2.0,-2.0,0.3955902929858809,-2.0,-2.0,-2.0,-2.0,-2.0,-2.0,-2.0,-2.0
0.030192529373589783,0.5055766230198607,0.5127816433764071,0.5194021713786111,0.5259056159293933,0.5316065674168478,-2.0,0.5426094672897794,0.5472728227359677,0.5520446649014461,0.5564455649865033,0.5603230483553423,0.5638880174607772,-2.0,0.5710314307272195,-2.0,0.5769349308978123,0.5794707533939194,0.5818856122482267,0.5843987295752097,0.5868034988854087,0.5890013966751919,0.5910166320269504,0.5928697988096874,0.594578380211649,0.5961574254069973,0.5976192536345314,0.598975944482635,-2.0,0.6014419863137818,0.6026937314010964,0.6039616922745414,-2.0,0.6062573754459476,0.607293447502095,-2.0,0.6091711773816977,-2.0,0.610821805499873,0.611572279964148,0.6122776550346221,0.6129411381204829,0.6135653072405811,0.6141531477958769,0.6147067672232635,0.6152285467707851,0.61572032573871,0.6161839860896228,-2.0,0.6170339901352964,-2.0,0.6177904602737655,0.6181369402143023,0.6184638014956332,0.6187721072917304,0.6190628440927317,0.6193369262030116,0.6195955059102953,-2.0,0.6200674526862291,0.6202828748247284,0.6204852604437948,0.6206753084385113,-2.0,0.6210208123347036,0.6211764834107922,-2.0,0.6214577720673164,0.621583785713004,0.621700517590704,0.6218082871969015,0.6219077866633512,0.6219983520299504,0.6220806316771144,0.6221556454925354,0.6222223058929323,0.6222814664829961,0.6223334169388289,0.6223781237914262,0.6224157117833967,0.6224462873889838,0.6224699390373455,0.622486738999971,-2.0,-2.0,0.6224965004962713,0.622486284680153,-2.0,-2.0,-2.0,0.6223777391784854,-2.0,-2.0,0.62222370999918,0.622158048687831,-2.0,0.6220044695908551,-2.0,0.6218201242696224,0.621715941780052,-2.0,0.6214824607193647,0.6213526679528508,-2.0,-2.0,-2.0,-2.0,0.62056157352752,0.6203725718529272,0.620172420371734,0.619960693647348,-2.0,-2.0,0.6192514010036677,-2.0,0.6187116560055532,-2.0,0.6181130829683513,0.6177901516019787,-2.0,0.6170936671337458,-2.0,-2.0,-2.0,-2.0,-2.0,-2.0,-2.0,-2.0,-2.0,-2.0,0.6117694190665961,0.611131526364297,-2.0,0.6097615098790381,0.6090264516809949,0.6082559512186836,-2.0,0.6066019392541144,-2.0,0.6047852980770809,-2.0,0.6027904475081489,-2.0,-2.0,-2.0,0.5981960790142636,-2.0,-2.0,0.5941425133534473,-2.0,-2.0,-2.0,0.5877787230306789,-2.0,-2.0,-2.0,-2.0,-2.0,-2.0,-2.0,-2.0,0.5683048333376817,-2.0,-2.0,-2.0,0.556673771861513,-2.0,-2.0,0.5464212343099993,0.5426746971441544,-2.0,0.5346404939865099,0.5303353484031768,0.5258263274274463,0.5211036083922433,-2.0,0.5109761194447526,0.5055496539418726,-2.0,-2.0,-2.0,-2.0,-2.0,0.4671439071466883,-2.0,-2.0,-2.0,0.4349293269009089,-2.0,-2.0,0.40653682757689225,-2.0,0.385295840015851,0.37391482620667577,-2.0,0.34950970201944764,-2.0,0.3227374687838191,0.3083928093095932,-2.0
0.02933166278390044,0.5012814610245212,0.5088649194204231,-2.0,0.5223935549596429,0.5285505308848739,0.5342221594052036,0.5399047413588418,0.5448588583783246,0.5495222441925612,0.554243511403053,0.5584443724294995,-2.0,0.5657460196824213,-2.0,-2.0,0.5757242868817726,0.5784242778881643,-2.0,-2.0,0.5858378052150109,-2.0,0.5902949121862648,0.5922500012648497,0.5940491258482332,0.5957097249175358,0.5972448430634012,0.5986677726002587,0.5999890350551143,-2.0,0.6024345172226535,-2.0,-2.0,0.6061047069217416,0.607186404822699,0.6081978720603894,-2.0,0.6100319221570242,0.6108640758743564,0.6116453354056696,0.612379121078043,-2.0,-2.0,0.6143281234268919,0.6149031244833633,0.6154447988973382,0.6159554805726459,0.6164364935413442,0.6168902624018707,0.6173188560703632,0.6177219516782049,0.6181028191145328,0.6184620292625527,-2.0,0.6191204045575237,0.6194217947146833,0.619705944046811,0.6199744537053592,0.6202259008152193,0.6204633414519592,0.6206867540801021,-2.0,0.6210938991634771,-2.0,0.6214525187290408,0.621614322380086,0.6217657203885885,0.6219068158222539,0.6220380019068926,0.6221596376084346,0.6222725049779256,0.6223760956988782,0.622470471742905,0.622557311965693,0.6226353962075047,0.622706321839038,0.6227686277448184,0.6228238246889485,0.6228716187143241,0.6229121423719377,0.6229455093895181,-2.0,0.62299114338507,-2.0,0.6230090858280481,-2.0,0.622999634844309,-2.0,-2.0,-2.0,-2.0,-2.0,-2.0,-2.0,-2.0,-2.0,0.6225338371057917,-2.0,0.6223518668320264,-2.0,-2.0,-2.0,-2.0,-2.0,0.6216032556659703,-2.0,-2.0,-2.0,-2.0,-2.0,-2.0,-2.0,-2.0,-2.0,0.6195330058287647,0.6192565966235727,-2.0,0.6186589872712889,0.6183365093299522,-2.0,0.6176407458299827,0.6172659740576883,0.616872218607973,0.6164586345907562,-2.0,0.6155684005530679,0.6150898400433678,-2.0,-2.0,0.613507939956191,0.6129281345715357,-2.0,-2.0,-2.0,-2.0,-2.0,-2.0,0.6080002423472822,-2.0,-2.0,-2.0,-2.0,-2.0,-2.0,-2.0,0.5999792280242997,0.5987492061620598,-2.0,0.5961104545078065,0.5946960645893676,-2.0,-2.0,-2.0,-2.0,0.5865482977865338,0.5846791532295901,0.5827212031931925,0.5806702730366987,0.5785219424977942,0.576271628271152,0.5739145070881277,-2.0,0.5688593965628722,-2.0,0.5633132607004749,0.5603413712227286,0.5572285433212116,0.5539681085587693,0.550553073324444,-2.0,0.5432296053111852,-2.0,-2.0,-2.0,-2.0,-2.0,-2.0,0.51153129539938,-2.0,-2.0,-2.0,-2.0,-2.0,-2.0,-2.0,-2.0,-2.0,0.4441058949399305,-2.0,-2.0,-2.0,0.40709229675644787,0.3967175637736393,0.3858513311300748,-2.0,-2.0,-2.0,-2.0,-2.0,-2.0,0.29392416971099056
0.028495341712609815,0.49702490232665186,0.5045203121717123,0.5119748944425813,0.5185991073971581,-2.0,0.5311014178477762,-2.0,-2.0,0.5470485687430666,0.5517854540701163,0.5563519069734025,0.5603657308699174,0.5639642977573204,-2.0,0.571181885921487,0.5743811235319264,0.577260896751619,-2.0,-2.0,-2.0,-2.0,-2.0,0.591551089352008,0.5934482825289242,0.5951955173602677,0.5968091945083777,-2.0,0.5996878731893185,-2.0,0.6021825905461732,-2.0,-2.0,0.6059055409766302,0.6070353255943776,0.6080910646772779,0.6090784424804082,0.6100031889481103,-2.0,0.6116831594973555,-2.0,0.6131642271562058,-2.0,0.6144731306085085,0.6150708852952002,0.6156329371941298,0.6161628761378867,0.6166623115501728,0.6171331341879349,0.6175779732775484,0.6179960193270132,0.6183908849876631,0.6187631645794014,0.6191146909673104,0.6194458427960601,-2.0,0.6200530966407053,0.6203305219842512,-2.0,-2.0,0.6210697982467812,-2.0,-2.0,0.6216843351901893,0.6218641447099392,0.622032552439377,0.6221901589073429,-2.0,-2.0,0.622599870589369,0.6227171037426393,0.6228251854212297,0.6229244112177131,0.6230150525045176,-2.0,0.6231715461875306,-2.0,-2.0,-2.0,0.6233909083566579,-2.0,0.6234562023900416,0.6234781357730331,0.6234930240280826,-2.0,-2.0,-2.0,0.6234829105469348,0.6234630177718228,-2.0,-2.0,-2.0,-2.0,0.6232576419362313,-2.0,0.6231245247304785,-2.0,-2.0,0.6228670470356241,-2.0,-2.0,-2.0,0.6224079574589103,-2.0,0.6221245127951581,0.621968316197434,0.6218020343074718,-2.0,0.621437771818124,0.6212390157938075,0.6210286190972764,-2.0,0.6205710811757593,-2.0,-2.0,0.6197853703976591,-2.0,-2.0,-2.0,-2.0,-2.0,0.6177974720278068,-2.0,0.6169908830096772,-2.0,-2.0,-2.0,-2.0,-2.0,-2.0,-2.0,0.6128546939825711,-2.0,-2.0,0.6108481433413844,0.6101134987023218,-2.0,-2.0,-2.0,-2.0,-2.0,-2.0,0.6038798836626856,0.6028106272940104,-2.0,-2.0,-2.0,0.5979981065155161,0.5966479831250301,-2.0,-2.0,-2.0,-2.0,-2.0,-2.0,0.5852173484335506,0.5832594789182248,0.5812086150575748,0.5790603722474883,0.5768101247659561,-2.0,0.5719841514465747,0.5693980802854525,0.5666893127249194,0.563852051900043,0.5608802188002309,-2.0,0.5545070450051863,-2.0,0.5475152788267188,0.5437686749892082,-2.0,-2.0,0.5314295855004684,0.5269206543396164,0.5221979742093057,-2.0,-2.0,-2.0,-2.0,-2.0,-2.0,-2.0,-2.0,0.4682387403655671,0.4607354215058479,0.4528766055546085,0.4446454429057402,-2.0,-2.0,-2.0,-2.0,-2.0,-2.0,0.37500996903499767,-2.0,-2.0,0.33752854850151176,-2.0,0.30948809317825504,-2.0
0.027682866303920653,0.49224490406945604,0.5002600258534403,0.5077916679113429,0.5149036121480093,0.5215456326649013,0.5279840470514741,0.5336648156347157,0.5394364774448505,0.5445966883646278,0.5492499994459598,0.5540202006473678,0.558375076085895,-2.0,0.5657784150053653,0.5694618523394551,0.5728931028927685,-2.0,0.5787478420509117,0.5812639971989534,0.5836827985144242,-2.0,0.5885867786781668,-2.0,0.5927711014605975,0.5946122178712937,0.596309894127046,0.5978791349554184,-2.0,0.6006803488217783,-2.0,-2.0,-2.0,0.6056579530311382,0.6068388815894143,0.6079411228648374,0.6089715784462546,0.6099358711735514,0.6108393459302434,-2.0,0.6124807571928172,-2.0,0.6139283307900927,-2.0,0.6152085299784121,0.6157931289121609,-2.0,0.6168616409130054,0.6173501755718073,-2.0,0.6182449673276766,-2.0,0.6190409340715562,0.6194052523314431,0.6197486402017497,0.6200725483217562,-2.0,-2.0,0.6209368318626423,0.6211925191108258,0.6214323622341369,0.6216582804751424,-2.0,0.6220699909764242,0.6222566035083328,0.6224315063466106,0.6225951593474709,-2.0,0.6228896339114158,0.623021927217887,0.6231437862959146,0.6232565845500161,0.6233603784935948,-2.0,0.6235415165416853,0.6236195389184028,0.6236894588608504,0.6237514679887454,0.6238057369015982,0.6238524158711166,0.6238916369619829,-2.0,0.6239481349384209,0.6239655823114383,-2.0,-2.0,-2.0,-2.0,-2.0,0.6239216604163813,-2.0,0.6238502949959439,0.6238037733475866,-2.0,-2.0,0.6236197071073064,-2.0,0.6234586289764158,0.6233661050759278,0.6232653401849924,-2.0,-2.0,-2.0,-2.0,-2.0,-2.0,-2.0,-2.0,0.6219463880962877,0.6217483614566264,0.6215386603621648,0.6213168369792418,0.6210824184127448,0.62083490257172,-2.0,0.6202984360440658,-2.0,-2.0,0.6193813075837581,-2.0,-2.0,-2.0,0.617920366890297,-2.0,-2.0,0.6166186782121286,0.6161407655686714,-2.0,0.6151128445731547,-2.0,-2.0,-2.0,-2.0,0.6120684910151001,-2.0,-2.0,-2.0,-2.0,0.608210729314195,-2.0,0.6063951005704011,-2.0,0.6044011704413617,0.60333206291551,0.6022118440236442,0.6010381301175132,-2.0,-2.0,0.5971700662721852,-2.0,-2.0,-2.0,-2.0,-2.0,0.5876090978812167,-2.0,-2.0,0.5817315449773828,0.5795834174959562,0.5773331970130092,-2.0,-2.0,-2.0,0.5672126396701177,0.5643754356208678,-2.0,-2.0,-2.0,-2.0,-2.0,0.5442923464142276,-2.0,-2.0,-2.0,-2.0,0.5227218300126102,-2.0,-2.0,0.5071681573269528,-2.0,-2.0,-2.0,-2.0,-2.0,-2.0,-2.0,-2.0,-2.0,0.4365484812985725,0.4275189200119889,-2.0,0.40815616449741177,0.39778143394155774,0.38691525189897374,-2.0,0.36361407739820445,0.35112919528694786,0.33805285740009733,0.32435704747577704,-2.0,0.2949882289983192
0.026893556656722693,0.48742114527938507,0.49580222697343335,0.5034418851878022,0.51101713096049,0.5177696711629508,0.5244904488266289,0.5305630195835931,0.5362496075706968,0.5418912321384323,-2.0,-2.0,0.5561612615277126,0.5603185360459683,0.5639975229513456,0.5675997385402722,-2.0,-2.0,0.5775089657590835,0.580187052849973,-2.0,0.5850847734814626,0.5875892055392331,0.5898997433757092,0.5920145280057958,0.5939566530934552,0.5957436487163418,0.5973932953632274,0.5989188862210127,0.6003329779478324,0.6016460117903074,-2.0,0.6040880962979017,-2.0,-2.0,0.6077476060801404,0.6088230962314916,0.6098290600731577,-2.0,0.6116528490508059,0.6124803427448572,-2.0,0.6139867497661551,-2.0,0.6153172049232467,0.6159243676047336,0.6164956329018156,0.6170338444973102,0.61754097675136,0.6180191899111108,0.6184695103239927,-2.0,-2.0,0.6196726789672329,0.6200288819282977,-2.0,0.6206813295404793,0.6209797047347646,0.6212611163726142,0.6215255145484795,0.6217749790255703,-2.0,0.622229179717978,0.6224363489134963,0.6226298476538996,0.6228114770491683,0.6229814931278844,-2.0,0.6232877215444809,0.6234250883790148,0.6235524312602728,0.6236701039211056,0.6237784318074296,-2.0,0.6239687181424833,-2.0,0.62412388018432,-2.0,-2.0,0.6242970317536779,0.6243394469586276,0.6243741131926782,-2.0,0.6244215979613122,0.6244344391110151,-2.0,0.6244385594104569,-2.0,-2.0,0.6243910386422014,-2.0,-2.0,-2.0,-2.0,-2.0,0.6240990525418628,-2.0,-2.0,0.6238494472461185,-2.0,0.6236418268925084,-2.0,0.6233992408014998,0.6232642088018533,0.6231196425503538,0.6229652345051879,0.6228006614384951,0.6226255629542417,-2.0,0.6222422997598769,-2.0,-2.0,-2.0,-2.0,-2.0,-2.0,0.6205066468171869,-2.0,-2.0,-2.0,-2.0,-2.0,-2.0,-2.0,-2.0,-2.0,0.6166432829813852,-2.0,-2.0,-2.0,-2.0,-2.0,-2.0,-2.0,-2.0,0.6111384666139485,-2.0,-2.0,-2.0,0.607829927788865,0.6069010165628259,0.605927528646974,-2.0,-2.0,-2.0,-2.0,-2.0,-2.0,-2.0,0.5962630715549655,-2.0,-2.0,0.5916039681258032,0.589900861857393,-2.0,-2.0,0.584290173435311,-2.0,0.580091373383627,0.5778413607971491,-2.0,-2.0,0.5704296171023464,-2.0,0.5648838256118628,-2.0,0.558799421667677,-2.0,-2.0,0.5485474241015982,-2.0,-2.0,-2.0,0.5324621745219331,-2.0,-2.0,-2.0,-2.0,-2.0,-2.0,-2.0,0.4898058950256764,-2.0,0.47643580557149123,-2.0,0.4617686889417848,-2.0,-2.0,0.4370576876769504,-2.0,-2.0,-2.0,-2.0,-2.0,-2.0,-2.0,-2.0,-2.0,-2.0,-2.0,-2.0
0.026126752255633278,0.482537388640753,0.4909009476414161,0.4991727177713083,0.50665656495457,0.5140510771794896,0.5206626418075074,0.5272925928312171,0.5330775614636617,0.5388518742039561,-2.0,0.5489425166199413,-2.0,0.5582136620847908,0.5621863599675364,0.5657692674017119,0.5694297435287946,0.5729697087702191,-2.0,0.5789960909708022,0.5815807748624453,0.5839920934782766,-2.0,0.5889365660605799,0.5911735861743281,0.5932235034898159,0.5951074185380166,0.5968433246613998,0.5984469134908116,0.5999308166445991,0.6013068623510625,0.6025856547368791,0.6037907230338467,-2.0,0.6063048975399737,-2.0,-2.0,-2.0,0.6106636872999985,0.6115831955644189,0.6124450132382308,-2.0,-2.0,0.6147258552527413,0.6153963642685563,0.6160270649824954,-2.0,-2.0,0.6177060038431281,0.6182020466446037,0.6186695681895769,0.619110272352068,0.619526077502534,0.6199174471564272,0.6202867650532401,0.6206349962481269,-2.0,-2.0,0.6215640679225448,0.6218387158003805,0.6220969001800536,0.6223401624616527,-2.0,0.622782898552462,-2.0,0.6231730837780022,0.6233492172862706,0.6235140558825195,0.6236677432848403,0.6238107135499739,0.6239439413749491,0.6240660799299564,0.6241791875076683,0.624283003994439,0.6243780216462033,-2.0,-2.0,0.6246107187377228,0.6246718876572317,-2.0,-2.0,-2.0,0.6248386481149433,0.6248614603526166,0.6248768887576366,-2.0,0.6248858204012552,0.6248793767540112,-2.0,-2.0,0.6248163871356109,-2.0,0.6247376527527331,-2.0,0.624628878993881,0.6245629674305714,-2.0,-2.0,0.6243174812363887,-2.0,-2.0,0.6239966245374051,-2.0,-2.0,0.6235943315924973,-2.0,0.6232771743246264,0.6231029311054085,-2.0,-2.0,0.6225130063492497,-2.0,-2.0,-2.0,0.6215532807033753,0.6212791032707992,0.6209901006052998,0.6206856543800419,0.6203651127488174,0.6200277896443945,-2.0,-2.0,-2.0,-2.0,-2.0,-2.0,0.6171310710584388,0.6166301357230141,0.6161044251068304,0.6155528095534426,-2.0,-2.0,0.6137304308937156,-2.0,-2.0,-2.0,-2.0,0.610052664703359,0.6092071831029422,-2.0,-2.0,0.6064189785039863,0.6053993943030478,0.6043302268862633,0.6032102972342386,0.6020368469880832,-2.0,0.5995191831163098,0.5981695797163897,0.5967556484234597,0.5952743591406359,0.5937225424444702,0.5920968710777548,-2.0,0.5886098670528055,0.5867410631600082,0.5847834463615058,-2.0,0.5805848011104994,0.5783347777789224,0.5759779307230516,-2.0,-2.0,0.5682147592313408,0.5653776621831023,0.5624059870251087,0.5592933702591769,0.5560331261859095,0.5526182810305269,-2.0,-2.0,-2.0,0.5372612347188681,-2.0,-2.0,0.5237250368159472,0.5187786607567473,0.5135978623415551,0.5081715514157243,-2.0,0.4965352907109279,0.4903004127441952,-2.0,-2.0,-2.0,-2.0,-2.0,-2.0,-2.0,-2.0,0.41906549978146757,-2.0,-2.0,-2.0,-2.0,-2.0,-2.0,0.33905701901656776,-2.0,-2.0,0.2959924536151335
0.025381811418260458,0.4771566524682326,0.4861162114144626,0.4944187833401021,0.5023433976855936,0.5099049777434638,0.5169157327937073,-2.0,0.5299449371023812,0.5356129750393825,0.5413674107449317,0.5464637316393867,-2.0,0.5558753708472618,0.5601828104511799,0.5639829538848916,0.567549453510714,0.571231327995077,-2.0,0.5776818601725605,-2.0,0.582930635030787,0.5853560696116156,0.5878735498019004,0.590243368958102,-2.0,-2.0,0.5962259437843925,0.5979121069993941,0.5994707395270712,0.600914483974596,0.6022545429850902,0.6035001464714463,-2.0,0.6059654166953592,0.6072235902503591,0.6083973304287783,-2.0,0.6105177393426889,0.6114763885904231,0.6123744763600328,-2.0,-2.0,-2.0,0.6154453570924902,0.6161011948382936,0.6167176019943291,-2.0,0.6178447689043172,0.6183599914977188,0.6188449505779596,0.6193022256413964,0.6197330972142516,-2.0,0.6205223767853227,0.6208834733803875,0.6212238392458014,-2.0,0.6218470999808826,0.6221317401192591,0.6223996236077582,0.6226513736412024,-2.0,0.6231109281114398,0.6233202445187731,-2.0,0.6236988908170986,0.6238701869816062,0.624029990144894,0.6241787559612372,0.6243169039829028,-2.0,-2.0,-2.0,-2.0,0.6248609284384222,0.6249425014462916,-2.0,0.6250803687554365,0.6251370455163386,-2.0,-2.0,0.6252599717219157,-2.0,-2.0,-2.0,-2.0,0.6253133776847372,0.6253018620072724,0.625282962941511,0.625256653759526,-2.0,0.6251816152712208,-2.0,-2.0,0.6250118388371696,-2.0,0.6248591964055247,0.6247705982517547,-2.0,0.6245679166429207,-2.0,-2.0,-2.0,0.6240545644285789,-2.0,-2.0,-2.0,-2.0,-2.0,0.6229781290833294,-2.0,-2.0,-2.0,-2.0,0.6217475308248911,-2.0,-2.0,0.6208351796437079,-2.0,-2.0,-2.0,0.619379647409691,-2.0,0.6185356727412076,-2.0,0.6176045296386833,0.617103938607084,0.6165785542998473,0.6160272499349135,-2.0,0.6148421034077339,0.6142057218436099,-2.0,-2.0,0.6121047785626406,-2.0,0.6105291322480546,0.6096838589131777,-2.0,0.6078693410006499,0.6068962390768148,-2.0,-2.0,0.6036880178561509,-2.0,-2.0,0.5999973252926908,-2.0,0.597234043735429,0.5957528704385537,-2.0,0.5925755993910491,-2.0,0.5890887941619154,-2.0,0.5852625680676726,-2.0,0.5810640754404389,-2.0,-2.0,-2.0,0.5714028930002304,-2.0,-2.0,0.5628857469489159,0.5597731673627877,-2.0,-2.0,0.5495214728505,-2.0,-2.0,-2.0,-2.0,-2.0,-2.0,-2.0,-2.0,-2.0,-2.0,-2.0,0.4907808020566753,-2.0,0.4774108070866908,-2.0,0.46274381645920726,-2.0,0.44665397267608814,-2.0,0.4290034081581341,-2.0,0.40964073265217704,0.39926607715855844,0.38839991528651746,0.3770189790501796,-2.0,0.3526140363133268,-2.0,-2.0,0.3114996577027492,0.29647319220513424
0.024658110758226028,0.47189338933902536,0.4809334077853913,-2.0,0.49792342519858146,0.5055035352521272,0.5130566729884031,-2.0,0.5264738482653022,-2.0,0.5381708210224123,0.5437613960116942,0.5486021456002532,0.5532993502800779,0.5579613757179643,-2.0,-2.0,0.5693378541657956,0.572967175563078,0.5762340578929587,0.5791718229003266,0.5818273162761993,0.5842572986960541,0.58672184673638,-2.0,-2.0,0.5936099212518964,0.5955377380106047,0.5973127828142029,0.5989511660792021,0.600466787534274,0.6018716519744832,0.6031762837422034,0.6043923313549104,0.6056161189506306,-2.0,0.6081177177354151,0.6092624472556801,0.6103317681245721,0.6113316237597037,0.6122677838159156,0.6131446421541583,-2.0,0.6147392597036918,0.6154642253780199,0.61614572802638,0.6167866298289745,0.6173901543148669,0.6179573201708066,-2.0,0.6189954304231705,-2.0,-2.0,-2.0,0.62073580064449,0.6211102705640811,-2.0,-2.0,0.6221091674146809,0.622404287740602,0.622682115845764,0.6229440225132696,0.6231893229088139,0.6234202616439365,-2.0,-2.0,0.6240306347578606,0.6242086135117956,0.6243747439414586,-2.0,0.6246733323681826,0.6248066371547805,-2.0,0.6250431386849393,0.6251469962875764,-2.0,-2.0,0.6254043804096405,0.6254729046272417,0.6255331323780144,0.6255852311594294,0.6256293502502773,0.6256656158891535,0.6256941358233346,-2.0,0.6257282755787444,-2.0,0.625732251153026,0.6257229953757292,0.6257062500967459,0.6256819880727653,0.6256501761747794,0.6256107572043204,-2.0,0.6255087890697412,0.6254460409339053,-2.0,-2.0,0.6252091747045048,0.6251134721932993,0.6250090798578173,-2.0,0.6247733323170712,-2.0,-2.0,0.6243484320426608,0.6241866183309609,0.6240142333770626,-2.0,0.6236357814026353,-2.0,-2.0,-2.0,0.622733504490642,0.6224748439779825,0.6222018856575007,0.6219140444680422,0.6216107061338608,-2.0,-2.0,-2.0,0.6202288741797191,-2.0,0.6194263895611327,-2.0,0.6185405679975101,-2.0,-2.0,0.6170387833415402,-2.0,-2.0,-2.0,-2.0,-2.0,0.6133004658707473,-2.0,-2.0,-2.0,0.6101467031403126,-2.0,0.6083325789647898,-2.0,-2.0,-2.0,-2.0,0.6029788421704725,-2.0,0.6004616843091615,-2.0,0.5976986590546292,-2.0,0.5946660163251659,-2.0,0.5913377586402645,-2.0,0.5876853449725777,-2.0,0.5836774603853505,-2.0,-2.0,-2.0,0.5744544577773147,0.5718687137346392,-2.0,0.5663233012482597,-2.0,-2.0,-2.0,-2.0,0.5499876931042758,0.5462414446617052,-2.0,-2.0,-2.0,-2.0,-2.0,0.5197254164733002,-2.0,0.5091184289791063,-2.0,-2.0,-2.0,-2.0,0.4778775398226135,-2.0,0.4632105610839802,-2.0,0.4471207942471946,0.43849975231896254,-2.0,-2.0,0.4101076270229419,0.3997329928773653,0.3888668498868804,0.37748591413490945,-2.0,-2.0,-2.0,0.32630894783399117,-2.0,-2.0
0.023955044663499153,0.4661921396388989,0.4755725421473785,-2.0,0.4930022207718319,0.5012109491058172,0.5086968303289288,0.5160169952764968,0.5226263619449346,-2.0,0.5349500951829765,0.5407336704477386,0.5460427517078208,0.5507283827879506,-2.0,0.5599606813954553,0.5638906016322015,0.5674620610042367,-2.0,0.5746404349642554,0.5777819654425043,0.5806125655012662,0.5831752882909166,0.5855854554608617,-2.0,0.5905198337464913,0.5927400366437762,0.5947749892626841,0.596645529318408,-2.0,-2.0,-2.0,0.6028026681018701,0.6040730472090173,-2.0,-2.0,-2.0,-2.0,0.6101048239090249,0.611147976794966,0.6121239795527991,0.6130379097918203,0.6138948557296708,0.6146980772194518,0.6154527984473858,0.6161611435086517,0.6168273532646646,-2.0,0.618043562906515,0.61859865831812,0.6191213711304473,0.6196139423901449,0.6200782250924289,0.6205150028356401,0.6209271185326751,0.6213154520625754,0.6216818693499601,0.6220266755315511,0.6223512958431117,-2.0,-2.0,0.6232165507559738,-2.0,0.6237110954667404,-2.0,0.6241470296237694,0.624344678769941,-2.0,0.6247022518199057,0.6248632120968565,0.6250129157215656,-2.0,0.6252802213610715,0.6253985761658158,-2.0,-2.0,0.6256963413289247,0.6257774176275427,0.6258498012550556,0.6259136957793708,0.6259692770322072,-2.0,-2.0,-2.0,0.6261113427523627,0.6261273261537585,0.6261356743780927,0.6261363267067124,-2.0,0.6261148768092359,-2.0,0.626062929138812,-2.0,-2.0,0.6259270209055626,0.6258659256765722,0.6257967496352419,0.6257193495283685,0.6256335689974628,-2.0,-2.0,0.6253240756056679,0.6252028123730967,0.6250721063121493,-2.0,-2.0,-2.0,-2.0,-2.0,-2.0,-2.0,-2.0,-2.0,0.6231728486374618,0.6229148551895393,-2.0,-2.0,-2.0,0.6217336089870874,-2.0,-2.0,-2.0,-2.0,-2.0,-2.0,-2.0,-2.0,-2.0,-2.0,0.6169348202851922,-2.0,0.615750885747073,-2.0,0.6144482254062217,-2.0,0.6130156719434305,0.6122468937134709,0.6114409425188964,0.6105960949167109,-2.0,-2.0,-2.0,-2.0,0.6057218876013822,-2.0,0.6034294473124486,0.6022003859491841,0.6009126316102454,-2.0,0.5981498719772815,-2.0,0.5951174734132008,-2.0,-2.0,0.5900057493113355,0.5881372238078916,0.5861798821747584,-2.0,0.5819817469487367,-2.0,-2.0,-2.0,-2.0,-2.0,-2.0,-2.0,0.5606919422212445,-2.0,-2.0,0.5504405712240962,0.5466943567875656,0.542770537075909,0.5386606873362869,0.53435601324814,0.5298473029174285,-2.0,-2.0,-2.0,-2.0,0.5038883932746766,-2.0,-2.0,0.4851705791569989,-2.0,-2.0,-2.0,-2.0,-2.0,0.4389533991977099,-2.0,-2.0,-2.0,-2.0,0.3893204456841474,0.3779395262310638,0.3660194476736239,-2.0,-2.0,-2.0,0.312418032647335,-2.0
0.023272024789604086,0.4604249885255645,0.47020940161692265,0.47928966193941747,0.48817011402042426,0.4965034937398365,0.5043331747683182,0.5119156310455906,0.5188304105663645,0.5255257082157054,0.5317959363215695,0.5374604610997873,0.5431884779692457,0.5482195830641643,0.552871481757703,0.5576192005373101,0.5618780652850933,-2.0,0.5692111890884349,0.5728874564572409,0.5762542330211466,0.5792773054900482,0.5820061233755572,-2.0,0.5869160274889577,-2.0,0.5917828591097417,0.5939335227099287,0.5959060364047511,-2.0,0.599395623357181,0.6009435389530444,0.602377519769671,-2.0,-2.0,0.6061544686201096,0.6074179019273582,0.6086686633606075,-2.0,0.6109244563897641,0.6119426118848772,0.6128953648514218,0.6137882543806275,0.6146245045025763,0.6154095787644444,0.6161469048098643,-2.0,0.6174907368644831,0.6181037178620169,0.6186797304326423,0.6192224768054635,0.6197336138583757,0.6202151064005422,0.620668984240774,0.6210962375992092,0.621499265808173,-2.0,-2.0,0.6225733031343061,-2.0,0.6231894430914973,0.6234706182100808,0.6237350707579474,0.623983624626989,-2.0,0.6244360312163131,0.6246414951984901,0.6248333051476282,0.6250127583640019,0.6251801343390169,0.6253359181017366,0.6254805453317717,0.6256144367964656,0.6257379685715714,-2.0,0.6259556420506075,-2.0,-2.0,0.6262113631875187,-2.0,0.6263382214233957,0.6263890685565311,-2.0,-2.0,-2.0,-2.0,-2.0,-2.0,0.6265216870455569,-2.0,-2.0,0.6264614924458434,-2.0,-2.0,0.6263312292882902,0.6262718417834956,0.6262042906861629,0.6261284394996597,-2.0,0.6259512007069918,-2.0,0.6257386614536047,0.6256186884756777,-2.0,-2.0,0.6252002536110558,-2.0,-2.0,-2.0,-2.0,-2.0,-2.0,-2.0,-2.0,-2.0,-2.0,-2.0,-2.0,0.6221627108182123,0.6218274664966532,0.6214746235862075,0.6211034272595837,-2.0,-2.0,-2.0,-2.0,-2.0,-2.0,0.6179190136366773,-2.0,-2.0,0.6161853957595504,-2.0,-2.0,-2.0,-2.0,-2.0,-2.0,-2.0,-2.0,0.6092191048244708,-2.0,0.6072273235463996,-2.0,-2.0,-2.0,-2.0,-2.0,-2.0,-2.0,-2.0,-2.0,0.5939308228050088,0.592228109939911,0.5904445157623754,0.5885761013717078,0.5866188578967104,0.5845685845768342,0.5824208997298572,0.5801711991708772,-2.0,-2.0,0.5727606325260954,0.5700523159205625,0.5672154883031114,-2.0,0.5611316688788622,-2.0,0.5544570185452173,-2.0,-2.0,-2.0,0.5391007277944795,-2.0,-2.0,-2.0,-2.0,0.5154381248812749,-2.0,-2.0,-2.0,-2.0,-2.0,-2.0,-2.0,0.46410447138994493,-2.0,-2.0,-2.0,-2.0,-2.0,-2.0,-2.0,-2.0,-2.0,-2.0,-2.0,-2.0,-2.0,-2.0,-2.0
0.022608479567277774,0.4544758577387425,0.4643554212294378,-2.0,0.48305227841270965,0.49157430631023935,0.49993991844268537,0.5074734313375335,0.5149910753799977,-2.0,0.5283512116598638,0.5342631539900051,-2.0,0.5455240965847303,0.5503156750523692,-2.0,0.5596525678943921,0.56371893504528,-2.0,0.5709706937015978,0.5745758946348356,0.577811645095818,0.5807224240433791,0.5833546030137897,-2.0,0.5882488816478691,0.5907323931200793,0.5930075507270964,-2.0,-2.0,0.5987670952375769,0.6003936144850326,-2.0,0.6032938329336229,-2.0,0.6058001960664455,-2.0,-2.0,0.6095224588881719,0.6106599777282319,0.6117225684444938,0.6127162080661271,0.6136463352248596,0.6145180771531386,0.6153351257357152,-2.0,0.6168225456194019,-2.0,-2.0,0.6187350128009237,-2.0,-2.0,-2.0,0.6207997804814076,-2.0,0.6216611657288846,0.6220548949115806,0.6224258494844641,0.6227753345155846,-2.0,0.6234142722652127,0.6237058884531536,0.6239801888534218,0.6242380373050394,0.6244802815168105,-2.0,0.6249205686267846,0.6251200361541926,0.6253065045472348,0.6254805205704685,0.6256425880709724,0.6257931747524147,-2.0,0.6260615916934795,0.6261801829991338,-2.0,-2.0,-2.0,-2.0,-2.0,-2.0,-2.0,0.6267927696118966,0.6268305593241597,0.6268602370803454,-2.0,-2.0,0.6269014307091341,-2.0,-2.0,-2.0,0.6268462112668265,0.6268127197070309,-2.0,0.6267220315850471,-2.0,-2.0,-2.0,0.6264412256103851,-2.0,0.6262493680392986,-2.0,0.6260211020309981,-2.0,0.6257545147333683,-2.0,-2.0,-2.0,0.6250970265691327,-2.0,-2.0,0.6244839570616066,-2.0,-2.0,-2.0,-2.0,-2.0,-2.0,-2.0,-2.0,-2.0,0.6215212195601891,-2.0,-2.0,0.6202907491410292,-2.0,-2.0,-2.0,-2.0,0.617789803607785,-2.0,0.6166071553826842,0.6159719392045503,-2.0,0.61460691633845,-2.0,0.6131059014644404,0.612300424102108,-2.0,0.6105709035984246,-2.0,0.6086707898942458,-2.0,0.6065837919834555,-2.0,0.6042920194470642,0.6030632777677615,0.6017758169755382,0.60042689501315,0.5990136129813937,0.5975329452075868,0.5959817223839576,0.5943566324471697,0.5926541456645814,-2.0,0.5890023540498092,0.5870452111013695,-2.0,-2.0,0.5805978236795045,-2.0,0.5757730190454887,-2.0,-2.0,-2.0,-2.0,0.5615587987088829,-2.0,-2.0,-2.0,0.5475616602191903,-2.0,-2.0,-2.0,-2.0,0.5259925979901483,0.5210464063990878,0.5158657859190352,0.5104396317547927,0.5047563258359328,0.49880368846260364,-2.0,-2.0,-2.0,0.47203550671596295,0.46453238032336386,0.4566737355826881,-2.0,0.439821771773919,0.4307923457951095,-2.0,0.4114298903885064,-2.0,-2.0,0.37880827676905876,0.3668882224648245,-2.0,-2.0,0.32763147742135373,0.3132869368248206,-2.0
0.02196385372416546,0.4482588551830671,0.4586242764884725,0.468335843052939,0.47763912898910454,0.4867209094693323,0.49501930518698706,0.503146627762972,-2.0,-2.0,0.5244990111366998,0.5310199424626346,0.5367274230491704,0.5425115041812042,0.5477494136648194,0.5524153174748819,-2.0,0.5616009200257814,0.5654875611946595,0.5690518348661061,0.5727323472842891,0.5762031280098391,-2.0,0.5821195208121862,0.5846598569648058,-2.0,-2.0,0.5919929904168507,0.5941956435744689,-2.0,0.5980713879096815,0.5997826392937045,0.6013635432902943,0.6028273797793617,0.6041850822162635,0.6054469096986045,0.6066488924283621,-2.0,-2.0,-2.0,0.6114627940800934,0.6124996745353155,0.6134693056596225,0.6143775759963267,0.6152286445874269,-2.0,-2.0,0.6174802500632011,-2.0,-2.0,-2.0,0.6199006220718013,0.6204194893628211,0.6209079873540216,0.6213681908636453,-2.0,0.6222101473620929,0.6225950075981848,0.6229575738997494,0.6232986596829873,0.6236200218409456,0.6239224738811255,0.6242069889152158,-2.0,0.6247257663239999,0.6249616411266014,-2.0,0.625389960787983,-2.0,0.625764578104466,0.6259331513164477,-2.0,0.6262352724523739,0.6263696866039898,0.6264935235426496,0.6266071336841785,0.6267108386502455,0.6268049262305874,0.6268896645268902,0.6269652910649176,0.6270320191497886,0.6270900389367329,0.6271395170088493,0.6271806155106298,0.627213403215418,0.6272381401861714,-2.0,0.627263090727455,0.6272636151081804,-2.0,0.6272407715081814,0.6272173914939406,-2.0,0.6271465452232956,-2.0,-2.0,-2.0,0.6269063876826028,0.6268251630309112,-2.0,0.6266362202418638,-2.0,0.6264106017377625,-2.0,-2.0,-2.0,-2.0,-2.0,0.6254931032186288,-2.0,0.6250984271782457,-2.0,0.6246544802170872,-2.0,-2.0,-2.0,-2.0,-2.0,-2.0,-2.0,-2.0,0.621926481763071,-2.0,0.6211277363237754,0.6206974453221143,-2.0,-2.0,-2.0,-2.0,-2.0,-2.0,-2.0,0.6163816033222422,-2.0,0.6150171587196634,0.6142846973093146,-2.0,0.6127114473149436,-2.0,-2.0,0.6100548541097875,0.6090826967608611,0.6080638354745413,-2.0,0.6058771585695167,-2.0,-2.0,-2.0,0.6008400033755943,0.599426862936273,0.5979463314506536,-2.0,-2.0,0.5930679041747988,-2.0,-2.0,-2.0,-2.0,-2.0,-2.0,-2.0,0.5761875447036835,0.5736020962737778,-2.0,-2.0,-2.0,-2.0,-2.0,-2.0,0.5517228189424856,-2.0,-2.0,0.5399433952997192,-2.0,-2.0,-2.0,-2.0,-2.0,-2.0,-2.0,-2.0,0.49298452313070784,0.486454419493635,-2.0,-2.0,-2.0,0.4570894354957229,0.4488584689747909,0.4402375187900539,-2.0,-2.0,-2.0,-2.0,-2.0,0.3792241363806165,-2.0,-2.0,-2.0,0.3280474135691202,-2.0,-2.0
0.021337607820153946,0.44200434163592517,0.4524154966039443,0.4625158950446629,0.4722968710176547,0.48134360104571244,0.49013663065993823,0.4985044197806669,0.5062367639712662,0.513826201638087,0.5206557020380455,0.5273715476353441,0.53354559070745,0.5392159603897266,0.5449075978741144,-2.0,0.5545331764749154,0.5592599974792686,0.5634697578358023,0.5671880065837964,0.5707736236689406,0.5744390239530339,-2.0,0.5807666830778098,-2.0,0.585927566311039,0.5883716403748804,0.5908830912467637,0.5932149001294648,-2.0,0.5973063914941656,-2.0,0.6007698422737101,-2.0,-2.0,0.605052094203955,0.6062811508598546,0.6074930315972132,-2.0,0.6100031479437028,-2.0,0.612244289068102,0.6132559169931441,0.6142025192243014,-2.0,0.6159203186935964,0.6167004119667914,-2.0,0.6181203200200031,0.618767283514097,0.6193752205287882,-2.0,0.6204862848144076,0.6209936004907778,0.6214711391820995,0.6219207198155594,0.6223444350587606,-2.0,0.62311954448543,0.6234734832073519,0.6238067864686553,0.6241204851278571,-2.0,0.6246933029116701,0.6249538065486467,0.625198964376899,0.625428175462563,0.6256434525650738,-2.0,0.6260325200252389,0.6262078257471209,0.6263709482023125,0.6265223598421382,0.6266624960651912,0.6267917561833536,0.6269105097820838,0.62701909155399,0.6271178091455418,0.6272069405598869,0.6272867380522265,0.6273574269473288,0.6274192090527537,0.6274722615111464,0.627516738861967,0.6275527809555647,-2.0,0.6275999387654951,0.627611226600408,0.6276143920237854,-2.0,0.6275964520937537,-2.0,-2.0,-2.0,-2.0,-2.0,0.6273467883863411,0.6272758735794766,-2.0,0.6271078186477417,0.6270103344341416,0.6269036176091596,0.6267874447097754,-2.0,-2.0,-2.0,-2.0,0.6260554936120856,0.6258767228569937,0.6256863283571885,-2.0,-2.0,-2.0,-2.0,-2.0,0.6242753288386433,-2.0,-2.0,-2.0,0.6230403816860782,-2.0,-2.0,-2.0,-2.0,-2.0,-2.0,-2.0,0.6196675259314796,0.6191443109062673,-2.0,-2.0,-2.0,0.6167792125561625,0.6161135458771346,0.6154153703453111,-2.0,0.6139154355569957,-2.0,-2.0,0.611381879896007,-2.0,-2.0,-2.0,-2.0,-2.0,-2.0,-2.0,0.6025897857419686,-2.0,-2.0,-2.0,-2.0,-2.0,0.5934697325625233,-2.0,-2.0,-2.0,-2.0,-2.0,0.5814146292541683,-2.0,-2.0,0.5740047944925314,0.5712967016498646,-2.0,-2.0,-2.0,-2.0,-2.0,0.5521260104436432,0.5483799835859099,-2.0,0.5403467187827463,0.5360422208666478,-2.0,-2.0,-2.0,-2.0,-2.0,-2.0,-2.0,-2.0,-2.0,0.4800185602016631,-2.0,-2.0,-2.0,-2.0,-2.0,-2.0,-2.0,-2.0,-2.0,0.39100898434728265,-2.0,-2.0,-2.0,-2.0,-2.0,0.31410695148424933,-2.0
0.02072921779595371,0.4353954904154117,0.44626201187941383,0.4566272938371592,0.46643635291501695,-2.0,0.4850904493234504,0.4935275698532306,-2.0,-2.0,0.5168271924829118,0.5234566845767685,0.5301300734774247,0.5359736090015942,-2.0,0.5471870178805003,0.551934348882132,0.5566695273724528,0.5612430631908334,0.5652628669063668,0.5688621543371613,0.5725065269758725,0.5760824798937016,0.5792860294862235,0.5821698643153634,0.5847779148572683,0.58719134227395,0.5896747974716098,0.5921432454889141,0.5943998427073303,0.596466837865262,0.5983659931001314,0.6001145726396416,0.601729517752904,0.6032236727476936,-2.0,-2.0,0.6071014930526177,-2.0,0.6096078651002015,-2.0,-2.0,0.6130050122040903,0.6139921163268408,0.6149162363855925,0.6157819416131954,0.6165937169106064,0.6173556391532001,0.6180709164510823,0.6187431702548968,0.6193751921618212,0.6199696796889851,0.6205290398753716,0.6210558007206589,0.6215512781775052,0.6220180852051929,0.6224577160667223,0.6228717684056752,0.6232617141937217,-2.0,0.6239748963460874,0.6242999961649329,0.6246061132056963,0.624893964476637,0.6251644705140389,0.6254184824298902,-2.0,0.6258801226696519,-2.0,0.6262845237074636,-2.0,-2.0,0.6267941750958298,0.6269403069456747,0.6270750974899727,0.6271993237480252,0.6273127923990232,-2.0,0.6275099640940106,-2.0,0.6276688503275526,0.6277345178556222,0.6277912614464618,-2.0,-2.0,-2.0,-2.0,0.6279461120547868,-2.0,-2.0,0.6279391208159252,-2.0,-2.0,0.6278581059233178,-2.0,0.6277624851519974,-2.0,0.6276327862561868,0.6275548495867329,-2.0,-2.0,-2.0,-2.0,-2.0,-2.0,-2.0,0.6265923821165541,-2.0,0.6262481928610831,-2.0,0.6258574732524808,-2.0,0.6254163563924673,-2.0,-2.0,0.624652780842695,-2.0,-2.0,0.623753364074382,-2.0,-2.0,0.6227007805412076,-2.0,-2.0,0.6214747375858742,0.6210235325875837,-2.0,0.6200515819778015,0.6195287669726095,-2.0,-2.0,-2.0,-2.0,0.616499743990729,-2.0,-2.0,-2.0,-2.0,-2.0,0.6117696985233532,0.6108426133978663,-2.0,-2.0,-2.0,0.6066665240220281,-2.0,0.6042662898433491,0.6029791630967593,-2.0,-2.0,-2.0,-2.0,-2.0,-2.0,-2.0,-2.0,-2.0,0.5862021347731448,-2.0,-2.0,-2.0,-2.0,0.5743959258969021,-2.0,-2.0,-2.0,-2.0,-2.0,-2.0,0.5525175748979357,-2.0,-2.0,-2.0,-2.0,-2.0,-2.0,-2.0,0.5170767283789516,-2.0,0.5059674948683688,-2.0,-2.0,0.4872503635828911,-2.0,-2.0,0.46574410544223277,-2.0,-2.0,0.4410337323297844,-2.0,0.4225471987794349,-2.0,-2.0,-2.0,-2.0,0.36810058251444894,-2.0,-2.0,-2.0,-2.0,-2.0
0.020138174534552102,0.4288061126865956,-2.0,0.45035719684229625,-2.0,0.47040809544671147,0.4796309907101173,0.4886657877396613,0.4969595231392498,-2.0,0.5125222340583288,-2.0,0.526288489197781,0.5327353153064442,0.5384178072308352,0.544192623896583,0.5493584844479044,0.5540117340851229,0.5587833471129625,0.5631430418972848,0.5669854064034798,0.5705472820642259,0.5742311285833025,0.5776662156906027,-2.0,0.5835256445424358,0.586043092213595,0.5884589130275089,0.5909743270926141,-2.0,0.5955492854381316,0.5975526932821826,-2.0,-2.0,0.6026621461006512,-2.0,0.6054632643429421,0.6067160254175794,-2.0,-2.0,0.6104328935830576,0.6116136472835928,-2.0,0.6137455204857413,0.6147089835754375,0.615610824538339,0.6164562625160133,0.617249102800369,0.6179934520643723,0.6186923567120166,0.6193492219787569,-2.0,0.6205485124093536,0.6210946289865618,-2.0,0.6220937389500982,0.6225502893708733,-2.0,0.623384072809811,0.623765100403322,0.6241239311506475,-2.0,0.6247786150004184,0.625077227578092,0.6253578808953439,0.6256214649693417,0.6258688084210279,-2.0,0.6263177877823056,-2.0,-2.0,0.6268869348225016,0.6270509256321477,0.6272031360364185,-2.0,0.6274735114147697,0.627592175473378,0.6277006205204424,0.6277989826689602,0.6278875399518241,0.6279665464808493,0.6280362262396172,0.628097101317188,0.6281483864778719,0.6281911959159759,0.6282253376412055,0.6282509200740781,0.6282680298949288,-2.0,-2.0,0.6282690697753092,-2.0,0.6282280457932446,0.6281949719107444,-2.0,0.6281034276973909,0.6280447867678103,0.627977443366024,-2.0,0.6278159713827576,-2.0,-2.0,0.6275043780217934,-2.0,-2.0,-2.0,-2.0,-2.0,-2.0,0.6264194310041911,0.6262189078597272,-2.0,0.625779776075208,0.6255402130702249,-2.0,-2.0,0.6247354860153222,-2.0,-2.0,-2.0,-2.0,-2.0,-2.0,-2.0,-2.0,-2.0,-2.0,-2.0,0.6199017837164816,-2.0,0.6187776360345011,0.6181734862311787,0.6175395769636552,-2.0,0.6161769916098303,-2.0,-2.0,0.6138737612077986,0.6130303551973382,0.6121461725215382,-2.0,0.6102478203047708,0.6092295841532211,0.6081624306241437,0.6070440721154128,0.6058721220021397,0.6046440514267165,0.6033572489125992,0.6020089466343418,0.6005962569376491,0.5991161547989678,-2.0,-2.0,0.5942389030522045,-2.0,0.590588028290494,-2.0,-2.0,0.5844343400796848,-2.0,0.5798289958223043,0.577360987013441,-2.0,-2.0,-2.0,0.5662603044981934,-2.0,-2.0,-2.0,0.5528979527739283,-2.0,-2.0,-2.0,-2.0,-2.0,-2.0,-2.0,-2.0,0.5120315455638452,0.5063483479447078,-2.0,-2.0,0.48763124013871506,-2.0,-2.0,-2.0,-2.0,0.45003572222306193,-2.0,-2.0,-2.0,-2.0,0.4026486692293605,-2.0,-2.0,0.3684818549300691,-2.0,0.3429209729485602,-2.0,-2.0,0.29985713672479464
0.01956398343517064,0.42185943489107736,0.43320745237324254,0.4441498051008839,0.45450756995264874,0.46453677496409934,0.4742899897174994,-2.0,0.492028081753761,0.5004151421710328,0.5080623962302511,0.5156429662944814,0.5223997489748657,0.529123751973768,-2.0,0.5408873283792536,0.5465320422143211,-2.0,-2.0,0.5608053837812718,0.5649644564944171,-2.0,0.5722443062075413,0.5758938881114306,0.5791929764720447,-2.0,0.5848369292099216,0.5872777759943637,0.5897309421040562,-2.0,0.5945480266429053,0.5966640784806959,-2.0,0.6003940544541634,-2.0,0.6035688252445758,0.6049821958229739,-2.0,-2.0,-2.0,-2.0,0.6112357117480813,-2.0,0.613461618842915,0.6144664277180211,-2.0,0.6162870446594574,0.6171125951170092,0.6178869478298492,0.6186139853797765,-2.0,-2.0,0.6205424820809408,-2.0,0.6216446601733893,-2.0,-2.0,-2.0,-2.0,0.6238818199862999,0.6242539608260638,-2.0,0.6249331636930556,-2.0,0.6255341240384724,0.6258076372857296,-2.0,0.6263050937583525,-2.0,0.6267414134168394,-2.0,-2.0,0.6272928462226878,-2.0,-2.0,-2.0,0.6278574510345291,0.62797100658683,0.6280742159035524,0.6281673753137145,0.6282507453698918,0.6283245702163045,-2.0,0.6284444059321971,0.6284907675112621,-2.0,-2.0,-2.0,-2.0,0.6285919394043757,-2.0,0.6285727239355231,0.6285504130695508,0.628519601336993,0.628480245974225,-2.0,-2.0,0.6283100658829988,-2.0,-2.0,-2.0,-2.0,-2.0,0.6277232425025262,-2.0,0.6274488541376905,0.6272957189066748,0.6271315272993994,-2.0,-2.0,-2.0,0.6263569242967197,-2.0,-2.0,-2.0,0.6253730372934408,-2.0,-2.0,-2.0,0.6241462064264099,-2.0,0.6234289085924276,0.6230417211526854,0.622634371979396,-2.0,0.6217557919110466,-2.0,0.6207856428647915,0.620263664302254,0.6197156152163035,0.6191403131542853,0.6185365261669178,0.6179029741030937,0.617238285651621,0.6165410440656148,0.6158097605253795,-2.0,0.6142386865368746,0.6133955469899128,0.6125116195904169,0.6115850308496292,0.6106137394448691,0.6095957225444235,0.6085287802847477,-2.0,0.6062388605267623,0.6050109785739148,-2.0,-2.0,0.6009636836910246,0.599484016320034,0.5979331937261186,-2.0,-2.0,-2.0,0.5909562700612638,-2.0,-2.0,-2.0,-2.0,0.5801977634933299,-2.0,-2.0,-2.0,0.569600491809759,-2.0,-2.0,-2.0,-2.0,-2.0,-2.0,-2.0,-2.0,0.537184289928275,-2.0,0.5279537567076693,-2.0,0.5178273625898969,-2.0,-2.0,-2.0,-2.0,0.488001322320222,-2.0,0.4739982861818265,-2.0,-2.0,-2.0,-2.0,-2.0,0.42329864914340964,0.41339346122609466,0.4030189884626283,-2.0,0.3807722042855833,-2.0,-2.0,-2.0,0.32959574215807214,-2.0,-2.0
0.019006163999369864,0.4149307886828847,0.4263791332586727,0.4374975979387506,0.4483022743620031,0.45869862847362836,0.4684499331697854,0.4779157560919594,0.4870374469448543,0.495407109326478,0.5036861960102469,0.5111731579698375,0.5185713956961312,0.5251847379835123,0.5318171321268994,0.5376020554865125,0.5433781043438103,0.5487573355764589,0.5534681449898192,-2.0,0.5627403237297115,0.5667126044999,-2.0,-2.0,0.5774948258182204,0.5806657837428637,0.5835213219818539,-2.0,0.5885148803927145,-2.0,-2.0,0.5956955961302561,0.5977459675813642,0.5996293693524478,0.601364998559339,0.6029675354429925,0.6044502848142023,0.6058253645969424,0.6071026226821955,-2.0,-2.0,-2.0,-2.0,0.6131392986237919,0.6141877484954527,0.615167983268869,0.616085551454041,0.6169452987552942,-2.0,0.6185078600687761,0.6192179839472647,-2.0,0.6205124957718021,0.6211027902647822,0.621657285202028,-2.0,0.6226708441387641,0.6231334667464471,0.6235691607821633,0.6239789699809866,0.6243648887757604,0.6247280834197112,-2.0,-2.0,-2.0,0.6259770896036203,0.6262435179676572,0.6264934024442592,0.6267278521215149,0.6269465956338528,-2.0,0.6273422167982978,0.6275199496352343,0.6276850491131277,-2.0,0.6279790212268,-2.0,0.6282276581761648,0.6283358776219411,-2.0,0.628521671331197,-2.0,0.6286688008431448,0.6287275412672219,0.6287775739804069,-2.0,0.628850678307899,-2.0,0.6288885849186224,0.6288948177726253,0.6288918629133626,-2.0,0.6288607415770834,-2.0,0.6287951302247887,-2.0,0.6286945769830694,-2.0,0.6285583620499555,0.6284765551236507,-2.0,0.6282847142957532,0.6281742887393718,-2.0,0.6279232784435251,-2.0,0.6276302712050866,-2.0,-2.0,-2.0,-2.0,-2.0,-2.0,-2.0,-2.0,0.6257164391869158,-2.0,-2.0,-2.0,-2.0,-2.0,0.6237764229924465,-2.0,0.6229830187391393,0.6225552144305192,0.6221054687540835,0.6216328241521782,0.6211362572403624,0.6206147187754963,-2.0,0.6194921761016674,0.6188887722107659,0.6182555787598348,-2.0,0.6168943309430164,0.6161633520544564,0.6153967477709134,0.6145928722151563,0.6137500045494986,0.6128663395215227,0.6119399809215933,0.6109689502036819,-2.0,0.6088844324996482,0.6077664828784898,0.6065949164768272,0.6053672222318852,-2.0,-2.0,0.6013204424493938,-2.0,0.598290266184856,0.5966659500017593,-2.0,0.5931814902074558,-2.0,-2.0,-2.0,-2.0,-2.0,-2.0,0.5780880786514565,-2.0,-2.0,-2.0,-2.0,-2.0,-2.0,0.5572023881380115,0.5536262413331501,-2.0,-2.0,-2.0,0.5375433662746527,-2.0,-2.0,-2.0,-2.0,0.5127607202693859,0.5070776397908106,-2.0,-2.0,0.4883607327246091,-2.0,-2.0,-2.0,0.45899637656833403,-2.0,-2.0,-2.0,-2.0,-2.0,0.40337874416319053,-2.0,-2.0,-2.0,0.35672736727930987,0.34365122189890546,-2.0,-2.0,-2.0
0.018464249428955436,0.40769815269279597,0.41950608500613984,0.43094740887935695,0.441847459069056,-2.0,0.4626382361362758,-2.0,0.4815549800012051,0.49052020518743256,0.4988296004426609,-2.0,-2.0,0.521330310677474,0.5280020525098499,0.5343605359766738,0.540029130028709,0.5457837842007874,0.5508770358912448,0.555525350476526,0.5602882691601648,-2.0,0.5683916467101403,-2.0,0.5756384942005851,0.5790371407073144,-2.0,0.5848387521170829,-2.0,-2.0,0.5922727527979751,-2.0,0.5968085027062261,0.598795530484954,0.6006229301292828,-2.0,0.6038652004702534,-2.0,0.6066453987571622,-2.0,0.609092152745444,-2.0,0.6116048969265994,0.6127773692463481,-2.0,0.6148943453347943,0.6158508839544633,0.6167465327310785,0.6175858756876532,-2.0,0.6191120076409324,-2.0,0.6204579920558945,0.6210704853897986,0.6216471487446917,-2.0,-2.0,0.6231794405544931,0.6236314061584364,0.6240569485010048,0.6244572272869476,-2.0,-2.0,-2.0,0.6258354064805228,-2.0,0.6264064103025554,0.6266659765983295,0.6269088976117081,0.6271364492584698,0.6273491549720955,0.6275476597488847,0.6277325598491804,0.6279044047854774,-2.0,-2.0,0.6283467818352767,0.628470779799966,0.628584179539683,0.6286870024991194,0.6287795464819123,0.6288620770480365,-2.0,0.6289980272279676,0.6290518441143113,0.6290964470463201,0.62913197076516,0.6291585304754725,0.6291762176113466,-2.0,0.6291852274918591,-2.0,0.6291592929617303,-2.0,-2.0,0.6290546821092398,-2.0,-2.0,0.628869723229011,0.6287897070080848,0.6287002594858913,-2.0,0.6284923211549407,-2.0,0.6282441923007525,0.6281044235300715,-2.0,0.627792010977231,0.6276187065172145,-2.0,0.6272360717982973,0.627025928480566,-2.0,-2.0,-2.0,0.6260490841129378,-2.0,-2.0,-2.0,0.6248281325591738,-2.0,0.6241133050913247,0.6237272765499481,0.6233210661168639,-2.0,0.6224445789111874,0.621972423855648,0.6214763324113586,-2.0,0.6204080336375707,0.6198335392977645,-2.0,0.6185977070666294,0.617933720262737,0.6172371484818611,0.6165064983823724,0.615740204616298,-2.0,0.6140940427002359,-2.0,0.6122845406616148,-2.0,0.6102961968423758,0.609229693934343,-2.0,0.6069405958279865,0.6057131285224954,-2.0,-2.0,-2.0,0.6001872153075507,0.598636977366895,-2.0,-2.0,-2.0,-2.0,-2.0,-2.0,-2.0,0.5832595321594716,-2.0,0.5784359985785122,-2.0,-2.0,-2.0,0.5673363272358214,-2.0,0.5609649978734528,0.5575508713874335,-2.0,0.5502291030750581,0.5463057628317255,0.542196391653495,0.5378921539780572,0.5333838626648414,-2.0,-2.0,-2.0,-2.0,0.5074269026990172,-2.0,-2.0,-2.0,-2.0,0.47470723794726677,-2.0,0.459345955771035,-2.0,-2.0,0.433464840239583,-2.0,-2.0,0.40372819852417363,0.39286225481934295,0.38148153203015306,-2.0,-2.0,0.34400082052150854,0.33030518734047515,0.31596076054866046,-2.0
0.01793778623534893,0.40044190570471005,0.412357503756121,0.42396260440405137,0.4352551421463564,0.446204380542824,0.4565391159290722,0.4664940518588438,0.4761936649144437,0.48524208594426854,0.49385072846228484,0.5022378808138714,0.5098168948153416,0.5173718293215862,0.5240695580589441,-2.0,-2.0,0.5424818269152311,0.5480685265021873,-2.0,-2.0,0.5622623620328279,0.5663708090657722,0.5700161293722978,-2.0,0.577259391321869,0.5805239394409328,0.5834594657909165,0.5861124832114106,-2.0,0.5910031259045566,-2.0,0.5957899402136242,0.5978879688780703,-2.0,0.6015878235014535,-2.0,0.604738027107957,0.6061407053437984,-2.0,-2.0,0.6098766246762632,-2.0,0.6123746219408494,-2.0,-2.0,0.615582129411443,0.6165155902885906,0.6173900568021433,0.6182093533022506,0.6189780984085439,0.6196997122619011,0.6203776555992563,0.6210145794325119,0.6216132042079798,-2.0,0.6227060818416952,-2.0,-2.0,0.6241152390324942,0.6245306122512292,0.6249215657939581,0.6252893756678942,0.6256353064558158,-2.0,-2.0,-2.0,-2.0,-2.0,0.6273110677942714,-2.0,0.6277384786277128,0.627931026040492,0.6281096123427983,0.6282755543167683,0.6284290623166612,0.6285705848656156,0.6287005350197381,0.6288192900720067,0.6289271898873162,0.6290245507268633,0.6291116523936152,0.6291887468892654,0.6292560598122208,0.6293137889058524,0.6293621065684235,-2.0,-2.0,-2.0,-2.0,-2.0,-2.0,-2.0,0.6294230753307141,0.6293902168375084,0.6293487787153377,-2.0,-2.0,0.6291699353906897,0.6290917669255395,-2.0,0.6289066935188047,-2.0,0.6286820131057583,0.6285542531320619,-2.0,0.628266558849523,0.6281060208352844,0.6279341396404131,-2.0,-2.0,0.6273443947059099,-2.0,-2.0,0.6266360385744841,0.6263712315107653,0.6260911667553033,0.625795245840236,-2.0,0.6251532739292546,0.624805846892786,0.6244398169597036,0.6240544037474649,-2.0,0.6232220763761299,0.6227733849661454,0.6223017388953636,-2.0,-2.0,0.6207387389471772,0.620164667085246,0.6195620578668385,-2.0,0.6182660009788116,-2.0,-2.0,-2.0,-2.0,0.6144279153632802,0.6135447992721814,-2.0,0.6116484234511896,-2.0,0.6095648346071337,-2.0,0.6072761621716098,-2.0,-2.0,-2.0,-2.0,-2.0,0.598973617265453,-2.0,-2.0,-2.0,-2.0,-2.0,-2.0,-2.0,-2.0,0.581241500802904,0.57877387457355,-2.0,0.5734814679109044,-2.0,-2.0,-2.0,-2.0,-2.0,-2.0,-2.0,-2.0,-2.0,-2.0,-2.0,-2.0,-2.0,-2.0,-2.0,-2.0,-2.0,-2.0,0.4890490987106033,-2.0,-2.0,-2.0,-2.0,-2.0,-2.0,-2.0,-2.0,-2.0,0.4040676837784587,-2.0,0.38182102454711514,-2.0,0.357416475552644,-2.0,-2.0,0.3163003605420924,0.3012763788463336
0.0174263338600965,-2.0,0.40520249835889044,-2.0,0.4284820464809025,0.4395429468508211,0.4502828829950329,0.46068069728721256,0.47040225859646045,-2.0,-2.0,0.49722098726515646,0.5054261762339209,0.5129164801244331,0.5202296287271466,-2.0,0.5334182222380405,0.5391554534920332,0.5449411189797925,0.550241683166049,0.5549242246492477,-2.0,0.5641514270664185,-2.0,0.5716445856363126,0.5753176024494139,0.5788198864451662,0.5819579508551296,0.5847850702915754,0.5873444215427297,-2.0,-2.0,0.5946843358720096,0.596902477142646,0.5989352275938065,-2.0,0.6025249775256244,-2.0,0.6055865136405182,0.6069510886649105,-2.0,0.6094187049794393,-2.0,-2.0,0.6131232047557149,0.6142374933217988,-2.0,0.6162520088969344,0.6171625488821818,0.6180159777604578,0.6188161102547095,0.6195668430894876,0.6202716589036465,0.6209339139532043,0.6215559890843607,0.6221409367225217,-2.0,0.6232086632837408,0.6236959105408039,-2.0,-2.0,0.6249906525267374,-2.0,-2.0,-2.0,-2.0,-2.0,-2.0,-2.0,-2.0,0.6277001697240254,0.6279146490516775,-2.0,0.6283007878746891,-2.0,0.6286336259978738,0.6287813146358012,0.6289171064941304,0.6290413978782615,0.629154548522897,0.6292568880994226,0.6293487127956159,0.629430290424184,0.6295018577964676,0.6295636279360849,0.6296157822010072,-2.0,-2.0,0.6297160302718974,-2.0,-2.0,-2.0,0.6297219997666046,0.6297009704006297,-2.0,-2.0,-2.0,-2.0,0.6294592634818961,0.6293830001816196,-2.0,0.6292014682232461,0.6290958315922417,-2.0,0.6288537334086252,-2.0,-2.0,-2.0,-2.0,-2.0,-2.0,-2.0,0.6274312610655578,-2.0,0.6269470921249306,0.6266831669112894,0.6264039426840019,-2.0,0.6257971786892518,0.6254683426654656,-2.0,0.6247562479200179,0.6243714664976676,-2.0,-2.0,-2.0,-2.0,-2.0,0.621605797726388,-2.0,0.6204858503193134,-2.0,0.6192516689954467,-2.0,-2.0,-2.0,0.6163968901595654,0.6155939270735626,0.6147519305595144,-2.0,-2.0,-2.0,-2.0,0.6098901539978997,-2.0,-2.0,-2.0,-2.0,-2.0,-2.0,0.600850391033534,0.5993004855846661,0.5976766230289471,-2.0,0.594193002627612,-2.0,0.5903696700578498,0.5883204902933019,-2.0,-2.0,-2.0,0.5791020730911227,-2.0,-2.0,0.5709737262150013,-2.0,-2.0,0.5616320394450227,-2.0,-2.0,0.5508965571339921,-2.0,0.5428640917086753,0.53856004263262,-2.0,-2.0,0.5243840801582648,0.5192038557647094,0.5137781496714146,-2.0,0.5021428295052541,0.49590842982178507,0.48937857234141213,-2.0,-2.0,-2.0,0.46001462217963207,-2.0,-2.0,-2.0,-2.0,-2.0,-2.0,-2.0,0.38215085385234787,-2.0,-2.0,0.34467025865026185,0.33097470765922127,0.31663028564791934,0.301606315797348
0.01692946430619779,0.3854098834697762,0.39774430066157307,-2.0,0.42155649654205873,0.4329986481611953,0.443891965922857,0.45437010596557975,0.4645417434434336,0.4743354416611445,0.48341709287697643,-2.0,-2.0,0.5084537043148168,0.5160421491967704,0.5229442940079296,0.5296459228235404,0.535902006218361,0.5415670992916038,0.5472912550644555,0.5523115836654271,0.5569632244706423,0.5617092571361884,-2.0,-2.0,0.5732864692210484,0.5769612511416762,-2.0,-2.0,-2.0,-2.0,-2.0,0.5934853143836787,-2.0,0.5979812052893264,0.5999514281426166,-2.0,0.6034356376090925,0.6049803907110047,0.6064113425628939,0.6077391315659678,-2.0,0.6101788598842409,-2.0,0.6126879220190379,-2.0,0.6149383603071865,0.6159535315678508,0.6169031107196787,0.6177922355081176,0.6186255541485592,0.6194067644441408,0.6201397789676825,0.6208281181297555,0.6214751196620119,0.6220826753710279,-2.0,-2.0,0.6236971760829938,-2.0,0.6246202173621105,-2.0,0.6254372253582654,0.6258101584607384,0.6261599640256946,-2.0,-2.0,-2.0,0.6273601087505177,0.6276149977756746,0.6278535220170042,0.6280764237044062,0.6282844166416873,0.6284780471561965,0.6286579864404772,0.6288247429044633,0.628978811874639,0.6291206464289149,0.6292506634733408,0.6293692418392104,0.6294767277611097,0.6295734343345841,0.6296596430921342,0.6297356067320745,0.6298019678602217,0.6298576670163384,0.6299041312557722,0.6299410869344204,0.629968653820867,0.6299874171348059,-2.0,-2.0,-2.0,0.6299682355560379,-2.0,0.6299042179549169,0.6298579902332407,-2.0,-2.0,-2.0,-2.0,-2.0,-2.0,0.6292676034207002,0.6291428753590215,0.629007376825157,-2.0,-2.0,0.628533302575101,0.6283516438548611,-2.0,-2.0,-2.0,-2.0,0.6272481591012757,-2.0,0.626706784854673,0.6264124913380142,-2.0,0.625773551173538,0.6254275363254158,0.6250628611937009,0.6246787248884608,0.6242743258641545,-2.0,-2.0,-2.0,-2.0,-2.0,-2.0,-2.0,-2.0,-2.0,0.6189010957152559,0.6182056045981392,-2.0,0.6167106755337352,-2.0,-2.0,-2.0,-2.0,-2.0,0.6112716987880356,0.6102059045240376,0.6090888464235369,-2.0,0.6066912483220447,0.6054055756943493,-2.0,0.6026466876031717,-2.0,-2.0,-2.0,0.5962930019993329,0.594510806499559,-2.0,-2.0,-2.0,-2.0,-2.0,0.5818880817699469,-2.0,0.5768360233858001,0.5741286559049698,-2.0,0.5683220811521466,0.565210491610388,0.5619513542477481,-2.0,0.5549614637333632,0.5512159710599315,-2.0,-2.0,0.5388795967601524,-2.0,-2.0,-2.0,-2.0,-2.0,-2.0,0.502462783654195,-2.0,-2.0,-2.0,-2.0,-2.0,-2.0,-2.0,-2.0,-2.0,-2.0,0.4150921585994566,0.4047177993005293,0.39385192470731106,0.3824712850594843,-2.0,-2.0,0.3449907156888374,0.3312951908575436,-2.0,-2.0
0.016446761779946636,-2.0,-2.0,0.4025878987561919,0.41445974139030306,0.4260136940254892,0.4372484463072744,0.4481713977905793,-2.0,0.4683935240362468,0.47801406756317866,0.48709927818673276,0.4956110366804605,-2.0,0.5115057911426125,0.5190186464777689,0.5256715722464581,0.5323709120696833,-2.0,-2.0,0.5495232238638723,-2.0,0.5590236256376396,-2.0,0.5676949961439505,0.5713113934999151,0.5749418461245189,-2.0,0.5817719557526229,0.5846774390370127,-2.0,-2.0,0.5921949573048128,0.5946759230858284,-2.0,-2.0,0.6009376563892219,0.602696511039922,0.604319959508632,0.605821682956828,0.6072133653135008,0.6085057405604227,-2.0,-2.0,0.612210084464304,-2.0,0.6145610650521381,0.6156207938354805,0.6166106773363733,0.6175372449593298,0.6184049588138385,0.6192183077303663,0.619981135608806,0.6206971242102639,0.6213694154925158,0.622001011086445,0.6225947314903895,-2.0,0.6236779227345974,-2.0,0.6246361971203716,-2.0,-2.0,0.6258708121326987,0.6262339586520274,0.6265754453435519,0.6268965194197045,-2.0,-2.0,-2.0,0.6279922026072875,0.6282238310080647,-2.0,-2.0,-2.0,0.6290025361685585,0.6291632067816265,-2.0,0.6294472596850172,-2.0,0.6296842296518022,-2.0,0.6298769770857544,0.6299574820146938,0.6300277357997695,0.6300879469702672,0.630138299487526,-2.0,0.6302100228424722,-2.0,-2.0,-2.0,0.630240375634229,0.6302247141501569,-2.0,0.6301660228562299,-2.0,-2.0,-2.0,-2.0,0.6298518366227724,-2.0,-2.0,0.629545195344187,0.6294219310791154,0.6292879275553608,-2.0,0.6289862737160553,-2.0,-2.0,0.6284446540115434,-2.0,-2.0,-2.0,-2.0,0.6272774070019671,-2.0,0.6267064977043004,0.6263964517590719,-2.0,0.6257238701270353,0.625359887293283,-2.0,-2.0,0.6241477484819933,0.6237007603842906,0.6232307290882453,0.62273666731267,-2.0,-2.0,-2.0,-2.0,0.6198668821425098,-2.0,-2.0,-2.0,0.6170151035729343,-2.0,-2.0,-2.0,-2.0,0.6125944576359938,-2.0,-2.0,-2.0,0.6082250539155907,0.6069984060200733,0.6057129219025124,0.6043658958316875,0.6029544279024687,-2.0,-2.0,-2.0,-2.0,-2.0,-2.0,0.5909965899467216,0.5889476644527462,-2.0,0.584552784888378,-2.0,0.5797302480939724,0.5771455674979314,0.5744382841230474,0.5716024951381423,0.5686319096151095,0.5655204114834393,-2.0,-2.0,0.555271611664896,0.5515261928195055,0.5476031239913868,-2.0,-2.0,-2.0,0.5299601089387519,-2.0,-2.0,-2.0,0.5087257720972278,0.502773566410311,-2.0,-2.0,0.483170245539688,-2.0,-2.0,-2.0,-2.0,-2.0,0.43476530761609333,-2.0,-2.0,0.4050290460738374,-2.0,0.38278247414818795,-2.0,-2.0,-2.0,-2.0,-2.0,0.3022381763220744
0.01597782234298378,0.36991131383715947,0.38260952084013033,-2.0,0.4072520262898631,0.4191405410484998,0.43053557922919056,0.44153663903082124,0.45220900553809473,0.4625777513135946,-2.0,0.4815939222532238,0.4906741779240939,0.49897413765879517,0.5070855482308723,-2.0,-2.0,0.5284323158397488,0.5349393302721278,0.5406402818290523,0.5464243670540723,-2.0,0.5563076836473649,0.5610810845695471,0.5654822531009677,0.5693584663767411,0.572920249743115,0.576601366661891,-2.0,0.5831692398514939,0.5859676125180392,0.5885019245459392,0.5909120124963099,-2.0,0.5958285877436278,-2.0,0.6000424357834153,0.601894974465256,-2.0,-2.0,0.606639390596194,0.6079931167044644,-2.0,0.6104495863848428,-2.0,0.6129597227458531,0.6141451457924219,0.6152511287744539,0.616284215971347,0.6172501707657669,0.6181543442511741,0.6190011651184156,0.6197952565995518,0.6205400150415776,0.6212391544545327,0.6218960312381147,0.6225131785196097,0.6230926298145807,0.6236378485912162,-2.0,0.6246327788295204,-2.0,0.6255128487353198,0.6259142645033212,0.6262910405833987,0.6266454310925244,-2.0,-2.0,0.6275840938361847,-2.0,0.6281163102153672,-2.0,0.6285820174166417,-2.0,-2.0,-2.0,0.6293348708597509,-2.0,-2.0,0.6297612512921776,0.6298795595672148,-2.0,-2.0,-2.0,0.6302425495143871,0.6303068157570333,0.6303611820307273,0.6304056438812112,0.6304403423551489,0.6304653954551144,0.6304808946556018,0.6304869056719477,0.6304834769900693,-2.0,0.6304483575409939,-2.0,-2.0,-2.0,-2.0,-2.0,0.6301139684487919,-2.0,0.6299234328511006,0.6298125999108306,0.6296910942836138,0.6295586654054794,0.6294150375355433,-2.0,0.6290929589400449,0.6289138313527781,-2.0,0.6285175052203502,-2.0,-2.0,0.6278213318986813,-2.0,0.6272836681989231,0.6269911023291663,0.626681891653958,0.6263553773137709,0.62601086198569,0.6256476088577072,0.625264842841225,0.6248617437105197,0.6244374514805169,0.6239910559158309,-2.0,-2.0,-2.0,-2.0,0.6213923387397967,0.6207914629253619,-2.0,-2.0,-2.0,-2.0,0.6173104390702918,0.6165084733430125,-2.0,-2.0,-2.0,0.6128913514021532,0.6118750694912233,0.6108097879837774,0.6096932127152713,-2.0,0.6072965200269638,0.6060112660866765,-2.0,0.6032531692691787,-2.0,-2.0,0.5986016601142174,-2.0,-2.0,-2.0,-2.0,0.5892476835558029,0.5871014095701571,0.5848530541419761,0.5824978008769662,0.5800306012425978,0.5774461736443228,-2.0,0.5719033485598661,-2.0,-2.0,-2.0,-2.0,-2.0,-2.0,-2.0,0.5437954287048834,-2.0,0.5349834884511072,-2.0,-2.0,-2.0,-2.0,0.5090276031659487,-2.0,0.4968411763153988,-2.0,-2.0,-2.0,-2.0,-2.0,0.4527172774196115,-2.0,-2.0,-2.0,-2.0,-2.0,-2.0,0.3830848212006083,-2.0,-2.0,-2.0,-2.0,-2.0,0.3025406475350879
0.015522253574270471,0.3620952319026819,0.3749800219848075,0.3875452426036993,0.39984176420935413,0.41185074019591866,0.42355828656171773,0.43496344817365934,0.4458874457642218,0.4562959528128835,0.46639034680353564,0.47617503769893227,0.4852228694552902,0.49400020849314574,0.5023787017490503,0.5100912900810358,-2.0,0.5244943912104397,0.531215571855401,0.5373654037251431,-2.0,0.5487208111721703,0.5536681550393383,0.5583318707980715,0.563052426707881,0.5672488141848285,0.5709566586720787,0.5745440929792952,0.5782058212065596,0.5815304815634667,-2.0,0.5872141360673446,0.5896653314250131,0.5921088390375983,0.5946186095519906,0.5969453367916705,-2.0,0.6010272100493955,0.6028243635075167,0.6044820816976086,0.6060145421237445,0.607434060833692,0.6087513735146839,0.6099758438313062,-2.0,-2.0,-2.0,-2.0,0.6159227997917108,-2.0,0.6178724673385044,0.6187550306866225,-2.0,0.6203564449151289,0.6210836990116337,-2.0,-2.0,0.6230102579661077,-2.0,0.6241090689129192,0.624609931379044,0.6250805698892379,0.6255233192080055,0.6259396712876212,0.6263312846728207,0.6266987937442996,0.6270443156344503,0.6273687314628502,0.6276736586161751,0.6279585098433808,0.6282257942672729,0.6284758481571819,0.6287094558322759,0.6289273482849742,-2.0,0.6293186252633207,0.6294932003875985,0.6296547650208222,0.6298033045637075,-2.0,0.6300628481180216,0.6301752091096572,0.6302762646442427,0.6303663139659812,0.6304456240066098,-2.0,-2.0,-2.0,0.6306597842274086,0.6306883969753995,-2.0,0.6307164902358381,-2.0,0.6307063530160428,-2.0,-2.0,-2.0,0.6305704700118666,-2.0,-2.0,-2.0,-2.0,-2.0,-2.0,0.62995062955402,-2.0,0.6296777077965663,0.6295243454019367,-2.0,0.6291806718515048,-2.0,0.6287868106953082,-2.0,-2.0,0.6280939171724783,0.6278337931523537,0.6275581934136699,0.6272665300825915,0.6269581801345406,0.6266324870097103,0.6262887562354933,0.6259262486131181,0.6255441974357656,0.6251417748585348,-2.0,0.6242723521778001,0.623803489424321,0.6233105379282288,0.6227924417795573,-2.0,-2.0,0.6210759163122354,0.6204455772435112,-2.0,-2.0,0.6183611591187821,0.6175969209601664,-2.0,-2.0,-2.0,-2.0,0.6131794359018594,-2.0,-2.0,-2.0,-2.0,0.6075858804081377,-2.0,0.6049542342923886,0.6035431606764445,-2.0,-2.0,0.5988921994359255,-2.0,0.5954098345357887,-2.0,-2.0,-2.0,0.5873928443483563,-2.0,-2.0,0.5803223975905716,0.5777380786146965,-2.0,0.572195322374166,-2.0,-2.0,-2.0,-2.0,-2.0,-2.0,-2.0,-2.0,-2.0,-2.0,0.5305546831506665,-2.0,-2.0,0.5150035277379263,-2.0,-2.0,0.4971344344368297,-2.0,-2.0,-2.0,0.4690996264519892,0.46124139391565644,-2.0,-2.0,-2.0,-2.0,-2.0,-2.0,-2.0,-2.0,-2.0,-2.0,-2.0,0.33220269272701547,0.31785835694939085,0.3028345152482428
0.015079674241700076,0.35402355826597653,0.36702621948473624,0.379827622491616,0.39239936557375066,0.40467631427403655,0.41651751561173594,0.42801849862666524,-2.0,0.4500564945226405,0.4604405961712108,0.47024065115560937,0.4797740376271716,-2.0,0.49731393569100674,0.5056371844441638,0.5131358795388282,0.5205874164537788,0.5272118587575808,0.5338768948688127,-2.0,0.5454662371381268,0.5509018728812656,-2.0,-2.0,-2.0,0.5689422920221886,0.5725354257091442,0.5761822489911838,0.5797490831453175,0.5829433664325755,-2.0,0.5884192029183059,-2.0,0.5933130897402772,0.5957764211001357,-2.0,-2.0,0.6019830974748007,0.6037267791059882,0.6053367640601437,0.606826195392857,0.6082071111100719,-2.0,0.6106906734811269,-2.0,-2.0,0.6143988541373986,0.6155249365641888,0.6165760218059657,-2.0,-2.0,-2.0,0.6201458231562587,0.6209025128501169,0.6216125876092615,0.6222792699815684,-2.0,0.623493908491182,-2.0,-2.0,0.6250557501493471,0.6255156129490212,0.6259475061658761,0.6263537187109897,-2.0,0.6270941015568025,0.6274308505107652,0.6277468561197307,0.6280434791876814,0.6283207704848723,0.6285805954320868,0.6288233367007479,0.6290498971059003,0.6292612382494865,-2.0,-2.0,0.6298072032903823,-2.0,0.6301043526482029,0.6302342981811628,-2.0,-2.0,0.6305535751040648,0.6306376413429167,0.630711101419951,-2.0,0.6308262272091345,0.6308685295348015,-2.0,0.6309232537569393,-2.0,0.630938479331424,0.6309315275998617,0.6309148658003201,-2.0,-2.0,-2.0,0.6307505871118212,0.6306847748595682,0.6306088513096599,0.6305226690580558,-2.0,-2.0,-2.0,0.6300715724748744,0.6299310501427934,0.629778883595478,-2.0,-2.0,-2.0,-2.0,0.6288315564680117,-2.0,0.628357477594592,0.6280983780721208,-2.0,-2.0,-2.0,0.6269007084012781,-2.0,0.6261960457702319,-2.0,0.6254130056734524,0.6249900273460676,0.6245448869420097,-2.0,0.6235842601646168,0.6230667159437819,-2.0,0.6219516315552108,-2.0,0.6207218203307995,0.6200606403655604,0.6193667463158331,0.6186386501417753,0.6178747946829686,-2.0,-2.0,-2.0,0.6144278212430384,-2.0,0.6124432491590015,-2.0,0.6102624460072874,0.6090926850930773,0.6078667141549188,0.6065819130504977,0.6052355141377024,0.6038246929950647,-2.0,-2.0,0.5991743122117908,-2.0,-2.0,0.5938257355288207,0.5918703354394041,-2.0,0.5876758167599386,0.5854277169075826,-2.0,-2.0,0.5780215362695331,-2.0,0.5724790413074727,0.5695087848903951,0.566397550440488,-2.0,-2.0,-2.0,-2.0,-2.0,-2.0,0.5400687409943892,-2.0,0.530839220645436,0.5258937679126441,0.5207137547976063,0.5152882335212996,-2.0,-2.0,0.4974192821766592,-2.0,0.4840505393864638,0.47688732083132224,0.46938464412139247,-2.0,-2.0,-2.0,-2.0,-2.0,-2.0,-2.0,0.39504439011634046,-2.0,-2.0,0.3592595281607408,0.34618355890038127,-2.0,-2.0,-2.0
0.014649713983072856,0.3460645528289458,-2.0,0.3720321523226291,0.3846978607490646,0.3971137787623531,0.4092579189793021,-2.0,0.43254419749719103,0.44348363108979244,0.4540867482689808,0.46439357225870104,0.4741457247494887,0.48335086269662847,0.4923732573259666,0.5006726657760757,0.5086742312087104,0.5162207764308389,0.5233108581697808,-2.0,0.5363856976175576,0.542062513566846,0.5478332287557134,0.5529763454474801,0.5576262662303483,0.5623961895331157,0.5667391709694184,0.5705668985654961,0.5741274266498751,0.5778108009789661,0.5812345656182923,0.5843056452165714,0.5870750522475237,-2.0,0.5919995162321701,0.5945140253172002,0.5968975926714792,0.599076177898981,0.6010736534733357,-2.0,0.6046031134134278,0.6061671271528156,0.6076154336742421,0.6089580143028569,-2.0,0.6114044656931515,0.6126537073184635,0.613913023411135,0.6150892990952043,0.616186740554362,0.617211804644092,0.6181702434672977,0.6190672363237478,0.6199076418821456,0.6206949723934402,0.6214336773568236,0.6221269768822136,0.6227779843840169,0.6233894336933588,0.6239640980232226,0.6245044202250676,-2.0,0.6254888778863916,0.6259375047789313,0.6263591199848308,0.6267553620924897,0.627127621435433,0.6274772735071215,0.6278055247857224,0.6281129161302534,0.6284012127426699,0.6286710785145159,0.6289233830886205,-2.0,0.6293784731422589,-2.0,-2.0,0.629947472104326,0.6301092217747469,0.6302581478261543,-2.0,0.6305175282713315,0.6306293362850329,0.6307295819235876,-2.0,0.6308965476038806,0.6309637708311818,-2.0,0.6310672921338641,0.6311027975987071,0.6311287608216166,-2.0,-2.0,-2.0,-2.0,0.6311095756237735,0.6310761019621884,0.6310326916741512,-2.0,0.6309157520858562,-2.0,0.6307579016529321,0.6306632655680918,-2.0,0.630441641594331,-2.0,-2.0,0.6300246479976382,-2.0,0.6296869584248597,0.629499177639881,-2.0,-2.0,-2.0,-2.0,-2.0,-2.0,-2.0,0.6274842329936229,0.6271602571980894,-2.0,0.6264572171826526,-2.0,0.6256756665657135,-2.0,-2.0,-2.0,-2.0,-2.0,-2.0,-2.0,-2.0,-2.0,-2.0,-2.0,-2.0,-2.0,-2.0,0.6165033953297616,-2.0,-2.0,-2.0,-2.0,-2.0,-2.0,-2.0,-2.0,-2.0,0.6055085097650837,-2.0,0.6026196969313578,0.6010708678746799,0.599448044202164,-2.0,-2.0,0.5941000327328697,-2.0,0.590096427421205,-2.0,-2.0,-2.0,-2.0,0.5782967758544637,-2.0,0.5727544471344265,0.5697843363649072,-2.0,-2.0,0.560000905266345,-2.0,-2.0,0.5487575328626131,-2.0,-2.0,0.5358371389619784,-2.0,-2.0,-2.0,-2.0,-2.0,-2.0,-2.0,-2.0,-2.0,-2.0,-2.0,-2.0,0.45357279850363813,-2.0,-2.0,-2.0,0.41656146466513444,-2.0,-2.0,-2.0,0.3720211946510608,0.35953671540458265,0.34646076268957654,0.33276530532654375,-2.0,-2.0
0.014232012996167009,0.337823925947262,0.35107141071088005,0.3641620999373735,-2.0,0.3896422078518901,0.4018990973351476,0.41386189357381464,0.4255161550756547,-2.0,0.44781857567568933,-2.0,0.468189738033016,-2.0,0.48697801284718834,0.4956549733699604,0.5040481045413633,0.5116730335585542,0.5192499964022815,0.525986156991921,0.5327116712498305,0.5387557067591713,-2.0,-2.0,0.5549532344024074,0.5596372299735023,0.5643232442473051,0.5684648971189752,-2.0,0.5757351262997014,0.579378015341189,0.5826652373640633,0.5856198707371529,0.5882890722574353,0.5907238188507948,-2.0,0.5956785005907634,0.5979835575465537,0.6000928598178693,0.6020289718910511,-2.0,0.605454337235568,0.6069739510988736,-2.0,-2.0,-2.0,0.6121175882751604,-2.0,0.6146148266231589,-2.0,0.6168308218159084,0.6178304079293885,0.6187653102988996,-2.0,0.6204605863582745,-2.0,-2.0,0.6226271419378426,0.6232627228867988,0.6238597611132819,0.6244207506877659,0.6249479923727249,0.6254435057219372,0.625909270176475,-2.0,-2.0,0.6271449716509508,0.6275076739523318,0.6278482617669765,0.6281677206425111,0.6284671209648311,0.628747570051117,0.6290096269662753,-2.0,-2.0,-2.0,-2.0,0.6300754122066815,-2.0,0.6303994732919457,-2.0,0.6306714050658989,0.630788865856667,0.6308944687502369,-2.0,0.6310713362313038,0.6311431315261401,0.6312041424134056,-2.0,0.6312945333838398,0.6313242139983947,0.6313437039225527,0.6313530854112664,-2.0,0.6313417266712905,0.6313210258932678,0.6312902957115749,-2.0,-2.0,-2.0,-2.0,0.6309839402673474,0.6308913415388758,-2.0,-2.0,-2.0,0.6304109936476001,0.6302615451793704,-2.0,-2.0,-2.0,0.6295408165686284,-2.0,-2.0,-2.0,-2.0,0.6283288308804968,0.6280400479596365,-2.0,-2.0,-2.0,-2.0,-2.0,-2.0,-2.0,-2.0,-2.0,-2.0,-2.0,0.6230472991769559,0.6224770867036434,-2.0,0.621249236682533,-2.0,0.6198959483155413,0.6191686839178152,-2.0,-2.0,-2.0,-2.0,0.6149614753200998,-2.0,-2.0,0.611913956370484,0.6107984452267029,-2.0,0.608403732001782,-2.0,-2.0,-2.0,0.6028850743751657,-2.0,0.5997138114512032,-2.0,0.5962324808990429,-2.0,-2.0,-2.0,0.5882172990308152,-2.0,-2.0,-2.0,-2.0,-2.0,-2.0,-2.0,-2.0,-2.0,-2.0,-2.0,-2.0,-2.0,-2.0,-2.0,0.5361054728940885,-2.0,-2.0,-2.0,-2.0,0.5101507518309972,-2.0,-2.0,-2.0,-2.0,-2.0,-2.0,-2.0,-2.0,-2.0,-2.0,-2.0,-2.0,0.4064563983621068,-2.0,0.384210161447539,-2.0,0.3598059706836675,-2.0,-2.0,-2.0,-2.0
0.013826221737646556,0.329684935023666,-2.0,0.356126326323934,0.3691027381742582,0.3818709852775158,0.39440439878848205,0.40667754579243504,0.41853510397866156,0.42998129960337905,0.4410933971630374,0.45188747037250426,0.46229555088675595,0.4720403426727505,0.4814840223200542,0.490610522475044,0.49896510656559123,0.5072240508191647,0.5147121425572376,-2.0,0.5286958565484757,0.5353112025591278,0.5410774259593669,-2.0,0.5522096653985232,0.5569082185851887,0.5616685549857909,0.5661648931799421,0.5701192998424826,0.5736941210374422,0.5773579927103811,0.5808851630684206,0.5840438118129267,0.5868883408668134,0.5894624636002883,-2.0,0.5943635293281588,-2.0,0.5990356850145246,0.6010786723505498,-2.0,0.6046846239486255,0.6062810233995208,0.6077580017366899,0.609127250294764,0.6103986175704751,-2.0,-2.0,-2.0,0.6152975125213749,0.6164145209780502,0.61745750554444,0.6184323001157481,0.6193443274323793,0.6201981903053969,0.6209983786722617,-2.0,0.6224528292379179,0.6231134421938785,0.6237339563514951,0.6243168395354561,0.6248646918505183,0.6253791422462613,-2.0,-2.0,0.6267443375451298,0.6271455061365825,0.6275223302221317,0.6278758318687205,0.6282075350301118,0.628518463053819,0.6288096552869488,0.6290820679878508,-2.0,0.6295741716418467,-2.0,0.6300005960458834,0.6301910621012309,-2.0,0.630529280669453,-2.0,0.6308138965061905,0.63093720250857,-2.0,0.6311476608100571,0.6312354463875085,-2.0,0.6313774626084656,0.6314321329328055,0.6314761540366852,-2.0,0.6315328097861761,0.6315456566923512,0.6315482804304178,0.6315407220547461,0.6315229973170208,0.631495097839763,0.6314569909057935,-2.0,-2.0,-2.0,0.6312009614418457,-2.0,-2.0,-2.0,-2.0,-2.0,0.63048976048241,0.6303301940644604,0.6301581026525187,0.6299731268374746,-2.0,-2.0,-2.0,-2.0,-2.0,-2.0,-2.0,0.6279763673033109,-2.0,0.6273138518999596,-2.0,-2.0,-2.0,-2.0,0.625312119770995,0.6248457974240693,-2.0,0.6238394855432279,0.6232973414421836,0.6227276817315536,0.6221292759030439,0.6215008523780642,-2.0,0.620148496365792,0.6194216675603422,0.6186590193378145,-2.0,0.6170196545300917,-2.0,-2.0,-2.0,-2.0,0.6121697705340382,0.6110545450145839,-2.0,-2.0,-2.0,0.6060305741106088,-2.0,0.603142629996096,0.6015942043957474,0.599971794376592,-2.0,0.5964908057509927,0.5946248178926481,0.5926698899405338,0.5906218461333963,0.5884762606484031,0.586228606052813,0.5838739595847642,0.5814073710699346,0.5788235253203009,-2.0,0.5732816500748897,-2.0,0.5672008619934642,0.5639421937671252,0.5605288873990041,0.5569535933269008,0.553208693734205,0.5492860296311247,0.5451773306347751,0.5408737549996916,0.5363660893784752,0.5316446348629308,-2.0,0.5215195544111977,0.5160941873245055,-2.0,0.5044597335230183,0.4982257043506084,0.4916962015159322,0.48485723614815357,-2.0,-2.0,-2.0,0.4541030571358093,0.4454825774511727,0.4364536265415886,-2.0,-2.0,-2.0,0.3958521727012522,0.38447208151817397,-2.0,-2.0,0.34699163878184963,0.33329621367656653,-2.0,0.3039281581949025
0.013432000630554154,0.3213882809073295,0.3348205054947472,0.34814199395884554,0.3612589452393232,0.3741184171437741,0.3867503751118217,0.39912638764112657,0.4112237687225164,0.4230297517672521,0.43448545966517715,0.44538847527758657,0.45592000063348886,-2.0,0.4759380483486005,0.4850597579868925,-2.0,-2.0,0.5102095572135983,0.517789393793562,-2.0,-2.0,0.5377621864597273,0.5434276133647518,0.5491727094459241,0.5542374505580128,0.5588850456058472,0.5636424596430081,0.5679267039798508,0.5717065791371598,0.5752719348919175,-2.0,0.5823356476739429,-2.0,0.588113192345926,-2.0,0.5930212994663931,0.5955361630930286,0.5978969085091912,0.6000552826496344,0.602034721214137,0.6038550922189896,0.6055333536688131,0.6070841157597592,0.6085198761792366,-2.0,-2.0,-2.0,-2.0,-2.0,0.61596159653828,0.6170504346048038,0.6180670982838135,0.6190179127858584,0.6199074572866565,-2.0,-2.0,-2.0,-2.0,0.6235867163320162,0.6241919109650979,0.6247610204225559,0.6252954838042495,0.6257980927710226,0.6262697141918099,0.6267131167084281,0.6271298547645713,0.6275207427632737,0.6278882684536118,0.6282325907999649,-2.0,0.6288578605790492,0.6291406978177914,0.6294055060628493,0.6296521208077659,-2.0,-2.0,-2.0,0.630478057746029,0.6306473509705961,-2.0,-2.0,0.6310744471060697,-2.0,0.6312963201076335,0.6313889998204585,0.6314704063785466,-2.0,0.6315996024996255,0.6316477984581336,-2.0,-2.0,-2.0,-2.0,-2.0,-2.0,0.631690675413124,-2.0,0.6316096158386296,-2.0,-2.0,-2.0,0.6313208134954567,-2.0,-2.0,-2.0,0.6308552833351657,0.6307094852100018,0.6305515351041582,0.6303809831857125,-2.0,-2.0,-2.0,-2.0,0.6293256993119725,-2.0,-2.0,-2.0,-2.0,-2.0,-2.0,-2.0,-2.0,-2.0,-2.0,0.6255517826491195,0.6250861441567622,-2.0,-2.0,0.6235395664332453,-2.0,0.6223725955808072,-2.0,-2.0,-2.0,-2.0,-2.0,-2.0,0.6172661188943082,-2.0,-2.0,0.6144959738527812,-2.0,0.6124179274631306,-2.0,-2.0,-2.0,0.6076255319704236,0.606280070650246,-2.0,0.6033925815124797,0.6018443684248046,-2.0,-2.0,-2.0,-2.0,-2.0,-2.0,-2.0,0.5864801206399491,0.5841256433292339,-2.0,-2.0,0.5763689521777272,-2.0,-2.0,-2.0,-2.0,-2.0,0.5572062781688598,-2.0,-2.0,0.5454302663346733,-2.0,-2.0,-2.0,-2.0,-2.0,0.5163475357334801,0.5106650476830654,0.5047132962820808,0.4984792142119454,0.49194977768624326,-2.0,0.4779477997219673,-2.0,0.46258725033558323,-2.0,0.44573639168949164,0.4367074816623503,0.4272507467919425,0.4173459209442335,-2.0,-2.0,-2.0,-2.0,-2.0,-2.0,-2.0,-2.0,-2.0
0.013049019780144023,0.3131069780444729,0.32655192810608424,0.33990532643506116,0.35313141210414245,0.3661949536470564,-2.0,0.3916850775412322,0.403920397363986,0.4158354648618249,0.42743449178844106,0.43871718350926786,0.44967006185351127,0.4600115504202449,-2.0,0.4796224965846575,0.4886866919797235,0.4972610892238281,0.5056454014021126,0.51320435361637,0.5207463363929605,0.5274247781121345,0.534138766371245,-2.0,0.5458071813395431,0.5513670938177081,-2.0,-2.0,0.5655268857127635,-2.0,-2.0,0.5768655082763952,0.5804827270573668,0.5837325895659701,0.5866550867189825,0.5892963749583335,0.5917173112607178,0.5941822594420684,0.5966707044301299,-2.0,-2.0,0.6029623829254523,0.6047283804736067,0.606357624870512,0.6078644727089744,-2.0,0.6105560843713749,-2.0,0.6129819386722052,-2.0,0.6154706366542209,0.6166075810655008,-2.0,0.6186601692808129,0.6195873963770117,0.6204553131803012,-2.0,0.6220304154212086,0.6227451960517141,0.6234160497221799,0.624045585997103,0.6246372940684686,0.6251922442766444,-2.0,0.6262041729284673,0.6266645267015474,0.6270969948783405,-2.0,-2.0,0.6282420512211718,0.6285772680848168,0.6288914378478551,0.6291854993555007,-2.0,0.6297171733956551,0.629956395222357,0.6301790261100766,0.6303861028006461,0.6305770955323273,0.6307537591391807,-2.0,-2.0,0.6312011305617791,-2.0,-2.0,-2.0,-2.0,0.6316934852866128,0.6317570969322245,0.6318096063157378,-2.0,0.6318820044863944,0.631902095859698,0.6319116293479267,-2.0,-2.0,-2.0,-2.0,-2.0,0.6317481125838751,-2.0,-2.0,-2.0,-2.0,-2.0,0.6311967106334901,0.6310648382833219,0.6309209079859999,-2.0,-2.0,0.6304136606761624,-2.0,-2.0,-2.0,-2.0,-2.0,-2.0,-2.0,-2.0,0.6281159834570813,-2.0,-2.0,-2.0,0.6266447389197204,-2.0,-2.0,-2.0,-2.0,-2.0,-2.0,-2.0,-2.0,-2.0,0.6213221605538799,-2.0,-2.0,-2.0,-2.0,0.6175050947620011,-2.0,0.6157032581538565,-2.0,0.6137218940014343,-2.0,0.6115440127140629,-2.0,0.6091509423112454,-2.0,-2.0,-2.0,-2.0,-2.0,0.6004651261833391,0.5987655985039463,-2.0,-2.0,-2.0,0.5911169799567054,-2.0,0.5867243232884067,-2.0,-2.0,-2.0,0.5766136897392036,-2.0,0.5708090147976851,-2.0,0.564439872031784,0.5610267639048108,-2.0,-2.0,-2.0,-2.0,-2.0,0.5368649481359515,0.5321436501737471,-2.0,-2.0,0.516593589292612,0.510911160819659,-2.0,0.49872544728888146,0.49219607257347553,0.4853571672718764,0.4781941755031971,0.4706917161608294,-2.0,0.45460333049597684,0.4459829451943521,0.43695406522407376,0.4274973636350897,0.41759258087107953,-2.0,-2.0,0.384972403961612,-2.0,-2.0,-2.0,-2.0,-2.0,-2.0
0.012676958697817228,0.304790064264734,0.31834838767418183,0.331795900169142,0.34506937497360635,0.35819806001545035,0.3711458055523737,0.38388097444619024,0.396373862589839,0.40860422606161273,0.42050029665658584,0.4319063325684633,0.44295445907907377,0.4536764034037496,0.4640736908763656,0.47379711561876314,0.48314867674768536,0.49225563144222645,0.500569456949173,0.508740769363196,0.5162394528710986,0.523512457071086,0.5301285883477429,-2.0,0.5423981563097083,-2.0,0.5534514803616236,-2.0,0.5628936743586436,0.567327778631086,0.5712307745037116,0.5747947843007876,-2.0,0.5819555149105664,0.5850786018947823,-2.0,0.5904398079428921,0.5928458532586306,-2.0,0.5977687783103485,0.5999776792842736,0.6020017915485417,0.6038618716811084,0.6055757717719316,0.6071583393491692,-2.0,0.6099801701203231,0.6112408772024438,-2.0,0.6136747460467304,-2.0,-2.0,0.6172359422230838,0.6182703306429731,0.6192372031785622,0.6201414596700531,0.6209882885110689,-2.0,0.6225251736478408,0.6232230456562678,0.6238774336183663,0.6244920837125182,0.6250690903133075,0.6256110908480063,0.6261204243150592,0.6265983543082048,0.6270474443490536,-2.0,0.6278652374344105,0.6282363433640028,0.6285847938005272,0.6289109241088995,0.6292168719036733,0.6295021575014578,0.6297689984640679,0.6300178712475235,-2.0,0.630464787440156,-2.0,-2.0,0.6310183650403487,0.6311739468725674,0.6313160268657617,-2.0,0.6315611243279426,-2.0,0.6317565597113617,-2.0,0.6319047332392257,0.6319616983674767,0.632007507289749,-2.0,-2.0,-2.0,0.6320818587031628,-2.0,-2.0,-2.0,-2.0,0.6319341654561439,-2.0,-2.0,0.6317158954759369,0.6316208658460989,-2.0,0.6313963113542669,-2.0,0.6311242031242257,-2.0,0.6308023068247732,0.6306218675455281,-2.0,0.6302201111525907,-2.0,-2.0,-2.0,-2.0,-2.0,-2.0,-2.0,-2.0,-2.0,-2.0,0.6268676492860763,-2.0,-2.0,-2.0,0.6250554958496275,-2.0,-2.0,-2.0,0.6228366743520612,-2.0,-2.0,-2.0,-2.0,0.6193736833654139,-2.0,-2.0,0.6168576918009469,0.6159357076104897,-2.0,-2.0,0.6128921187218391,-2.0,-2.0,-2.0,-2.0,0.6067570615887093,-2.0,-2.0,0.602322750191605,-2.0,0.5990016175012769,0.5972211410403814,0.5953556963794366,-2.0,-2.0,-2.0,0.5869613895732115,-2.0,0.5821410311755694,-2.0,0.5768513117851647,-2.0,0.5710472026616008,0.567936264318679,-2.0,-2.0,-2.0,-2.0,-2.0,-2.0,0.5416111005565828,-2.0,-2.0,-2.0,-2.0,0.5168325629430365,-2.0,-2.0,-2.0,-2.0,-2.0,-2.0,-2.0,-2.0,-2.0,0.44622241162122667,-2.0,-2.0,-2.0,-2.0,-2.0,-2.0,-2.0,-2.0,-2.0,0.33403695959459584,-2.0,-2.0
0.012315506032928256,0.2964103027692566,-2.0,0.32344527111260407,0.33686073281157314,0.35016077704886467,0.3633053276933021,-2.0,0.38877051941888197,0.4011051148941954,0.41315438183005593,0.42490461741128666,0.4363463313002683,0.44725542857095857,0.45771266402643457,0.46785851946482027,0.47765744468165716,0.4867251643421899,0.49556118116828735,0.5039251204656281,0.5116970873017879,0.5192914557421258,0.5261515518772525,-2.0,-2.0,0.5447405921093893,0.5504474063792524,0.5554342414303671,0.5600891682662985,0.5648246510105946,0.5690508881198383,-2.0,0.5763591157300985,0.5800281810170159,0.5833728571860345,-2.0,-2.0,-2.0,0.5939825206806418,0.5964940165922195,-2.0,-2.0,0.6029314448699734,0.6047349692059338,0.60639852847964,-2.0,-2.0,0.6106797164219946,-2.0,0.6131096891094968,-2.0,0.6156101905916167,0.6167675140442164,0.6178472737140719,-2.0,0.6197982328502922,0.6206805031578145,0.6215069581568597,-2.0,0.6230062448481458,0.6236869762681224,0.6243258790753489,-2.0,0.6254891074342912,0.6260178928262998,-2.0,0.6269809287151339,0.6274188604352846,0.6278297170192197,-2.0,0.6285770782898247,0.6289160322303731,0.6292334248603632,0.6295303287137383,-2.0,0.6300665586767509,0.6303076225915557,-2.0,-2.0,0.6309317706281831,-2.0,0.6312717181364196,-2.0,0.6315557672336498,-2.0,0.63178739663192,-2.0,-2.0,-2.0,0.6321044845290198,-2.0,-2.0,0.6322211882034592,0.632238086822313,0.6322440940675401,-2.0,-2.0,-2.0,-2.0,-2.0,0.6320525663995209,-2.0,0.6319009416013256,0.631808174845688,0.6317038712344336,0.6315878249722952,-2.0,0.6313195289423741,-2.0,-2.0,-2.0,-2.0,0.6304234900611176,0.6302027149026127,-2.0,-2.0,-2.0,-2.0,-2.0,-2.0,-2.0,0.6278549137400238,-2.0,-2.0,-2.0,-2.0,-2.0,0.6252740979345932,-2.0,-2.0,0.6236539567087721,0.6230578129852811,0.62243154361534,0.6217738099435404,-2.0,-2.0,-2.0,-2.0,0.6179613458821044,-2.0,0.6161610724976005,-2.0,0.6141811410878542,0.6131185391769366,0.61200454014706,0.6108367436563606,-2.0,-2.0,0.6069849453492239,0.605575707535189,0.6040989010801545,0.6025513608299448,-2.0,0.5992306585560668,-2.0,0.5955851304848242,-2.0,0.5915835168615343,0.5894385831725555,0.5871915083119398,0.5848374762369938,-2.0,-2.0,0.5770819920236943,-2.0,-2.0,-2.0,-2.0,-2.0,0.5579212919126779,-2.0,-2.0,-2.0,-2.0,0.5373354438793224,0.5326142964963321,0.5276692604125087,0.5224897403006896,0.5170646411580224,0.5113823407033751,0.5054306605983745,0.49919685199838937,-2.0,0.48582879180996597,-2.0,-2.0,0.4633056136930763,-2.0,-2.0,-2.0,0.42796958324558343,-2.0,-2.0,-2.0,-2.0,0.3735253086839007,-2.0,0.3479652044168639,-2.0,-2.0,-2.0
0.01196435931223849,0.2880996442327652,0.3016988254796934,0.3151905669900563,0.32862261377330076,-2.0,0.3551618734784435,0.3681971747191687,0.3810330616537732,0.39364204315969725,0.4059086811768981,0.4177746290922447,0.42931727644811324,0.44053590404123794,-2.0,0.4618093243671844,0.47165897118302497,-2.0,0.490352632343773,0.49882281235646947,0.5071746086316653,0.5146886852122776,0.522176799612483,0.5288150141900461,0.5355011794407983,0.5413634381708955,-2.0,0.5525932840636951,0.5573509292053475,0.5620793319736545,0.5666680360555495,0.5707005260833846,0.5743031375257734,-2.0,-2.0,0.584737665646515,-2.0,-2.0,0.5926522214963156,-2.0,0.5976004757597468,0.5998612088009972,0.6019314223920089,-2.0,0.6055822782434058,0.6071973312208828,-2.0,0.6100749626699096,-2.0,-2.0,-2.0,0.6150523858729221,-2.0,0.6173893171745606,0.6184415783876386,0.6194246690743406,0.6203439946456034,-2.0,0.6220102588816494,-2.0,-2.0,0.6241380827617283,0.6247615373432613,0.6253468073303232,0.6258963046479005,0.6264127434999252,0.626896704669485,0.6273516317681591,-2.0,-2.0,0.6285545949230216,0.628906672950729,0.6292364103301931,0.6295449352265614,0.6298332875374764,0.6301024251714172,0.6303532285353368,0.6305865222729302,0.6308030184706231,0.6310034319481507,-2.0,0.6313584558566029,-2.0,-2.0,-2.0,-2.0,0.6320023804171137,-2.0,0.6321708254717645,-2.0,-2.0,-2.0,-2.0,0.6323877964891994,0.6323974750071529,-2.0,-2.0,0.6323605073766186,0.6323262320127823,-2.0,-2.0,-2.0,-2.0,0.6319874302916862,0.6318853480431734,0.6317714142296283,0.6316454005802339,-2.0,0.6313560787627346,0.6311921750311738,-2.0,0.6308241773294979,0.6306193099707724,-2.0,-2.0,-2.0,0.6296502999414335,-2.0,-2.0,-2.0,-2.0,-2.0,-2.0,0.6272915436556601,0.6268746797516127,-2.0,-2.0,0.6254856077004806,0.6249731248533986,0.6244341301093387,0.6238674700279897,0.623271935625944,0.6226462437274286,0.6219890640870048,0.6212989833378846,0.620574529556682,0.6198141461739488,0.619016206670488,0.6181790080997416,0.6173007445918759,0.6163795480060457,0.615413434048192,0.6144003434332208,-2.0,-2.0,0.6110569487432518,0.6098331546532473,-2.0,-2.0,0.6057970588461132,-2.0,0.6027732158300882,0.6011518140384348,-2.0,0.5976728539722864,-2.0,-2.0,0.5918065521349469,0.5896618307402604,0.5874148742493069,0.5850609995143231,-2.0,0.580011943236681,0.5773059435592328,-2.0,-2.0,-2.0,-2.0,-2.0,-2.0,-2.0,-2.0,-2.0,0.5420678450889442,-2.0,0.5328394708400275,-2.0,-2.0,-2.0,-2.0,-2.0,-2.0,-2.0,0.48605447263008816,0.4788916324651309,0.4713893112722529,-2.0,-2.0,-2.0,-2.0,0.42819559505675187,0.418290902600739,-2.0,0.3970513818690912,0.3856710442519728,0.3737514782151801,-2.0,0.34819141307434437,0.3344961358343696,0.320152021028042,-2.0
0.011623224686798524,0.27966437060058036,0.29324078914936236,0.306819832630338,0.3203656278876874,0.3338408492979474,0.34713669374943773,0.36024148684424123,0.37316019356593755,0.38585972432945337,-2.0,0.4104932358658428,0.42238455382206314,0.4337979228745944,0.4447794957660964,-2.0,0.4657786373303201,0.4755151382896365,0.4847725969566404,0.4938319616670287,-2.0,0.5101923827652625,0.5177222884173425,0.5248771399828754,0.5315147826599842,0.537982641720515,0.5436696626861844,0.5494489616142099,0.5546317805442529,0.5592853635084591,0.5640577129559824,0.5684297646719573,0.5722814445767453,0.5758400653177966,0.5795218319851289,0.582965243657295,-2.0,0.5888356799923126,-2.0,0.5937656849562363,0.5962766008321142,0.5986707594016131,0.6008583366440924,0.6028634579635558,0.6047065038963715,0.6064047071017145,0.6079731855624471,0.6094247582303699,0.610770628061071,0.6120205840209043,-2.0,-2.0,0.6157175735147912,0.6168955471174425,-2.0,0.6190197998574243,-2.0,0.6208747694535767,0.6217139818033096,0.6225001453834298,0.6232370159830108,0.623928124321548,0.6245762984658592,0.6251847369389677,0.6257556988906781,0.6262918427129084,0.6267954007797744,0.6272676921187155,0.6277109242572334,0.6281269232753223,0.6285170074781384,0.6288827366764614,0.6292252899382714,-2.0,0.6298457924400401,0.6301257045620259,0.6303864965023188,0.6306291505676066,0.6308546477790462,0.631063555222233,0.6312565351826683,0.6314341915457996,0.63159707945926,0.6317457034392393,0.6318805228021305,0.6320019537556135,-2.0,0.63220611092421,-2.0,0.6323607177090338,0.6324200899338452,0.6324677471940423,0.6325042510588691,0.6325286480545327,0.6325421187909801,-2.0,0.6325354735708058,0.6325154258561351,0.6324842259923084,0.6324419425631306,0.6323882036412273,0.6323232283551347,0.6322467999927738,0.6321587857810705,0.6320589839782936,0.6319472308371092,0.6318232929813343,-2.0,-2.0,-2.0,-2.0,-2.0,-2.0,0.6305898707694603,-2.0,-2.0,-2.0,0.629563238576569,-2.0,-2.0,-2.0,-2.0,-2.0,-2.0,-2.0,-2.0,-2.0,0.6256901976200903,0.6251784377254785,0.6246401280605474,-2.0,-2.0,-2.0,-2.0,-2.0,-2.0,-2.0,0.6192266792753226,-2.0,0.6175120958467866,0.6165913062129292,0.615625587258601,-2.0,-2.0,0.612437652047624,-2.0,-2.0,0.6087645747427006,-2.0,0.6060117358108814,-2.0,0.6029883781047151,0.6013672497790796,0.5996685775746705,0.59788872284804,0.5960238706148498,0.5940700257046523,0.5920230033812743,-2.0,-2.0,0.5852779614338298,0.5828122319791849,-2.0,0.5775233460264717,-2.0,-2.0,-2.0,-2.0,-2.0,-2.0,0.5546197568435668,-2.0,0.5465894215682003,0.542286332437581,0.5377791236912864,-2.0,-2.0,-2.0,0.5175089145128955,0.5118267411823118,0.5058752187215887,-2.0,0.4931123385794963,0.48627366056241905,-2.0,-2.0,-2.0,-2.0,0.44690035185910804,0.4378716412847454,-2.0,-2.0,-2.0,-2.0,-2.0,-2.0,-2.0,-2.0,-2.0,0.3203718104003865,-2.0
0.011291816686047524,-2.0,0.28492200700023396,0.2984635805949037,0.3119943028465234,0.3254771042422823,0.3388744441195322,0.3521510971598702,0.36527271853322785,-2.0,0.3907617835715087,0.4030535449003289,0.41505347384667185,0.4267469569567096,0.4381332350990607,-2.0,0.4594700296102652,0.4695318091919534,0.47930630674280655,0.4883511364839801,0.49708215030954617,0.5054737465725786,0.5131410396195752,0.5207295978885065,0.5275011324151001,0.5342273284491762,-2.0,-2.0,-2.0,-2.0,0.5612433314041505,0.5659471696474561,0.5701150721544183,0.5737998059949179,0.57739356533098,-2.0,0.5843508206356418,0.5873202512597696,0.5900017442821684,-2.0,0.5948882113633082,0.597392410340982,0.5997070349898797,0.6018246441193902,0.6037672961032542,0.605554686384047,-2.0,0.6087268628644085,0.6101379011873936,0.6114467290096353,0.612663296829106,-2.0,0.6151332328083485,-2.0,0.6175117818881061,0.6185822472667732,0.6195820161482847,0.6205164805177418,0.6213908070738505,-2.0,-2.0,0.6236953196891324,0.6243694653012384,0.6250020867300404,0.6255955033357167,0.6261525695023696,0.6266754813056687,0.6271662094024543,-2.0,0.6280588921917527,0.6284643934172687,0.6288440697147099,0.6291999710504765,0.6295330934639395,0.6298446094714489,0.6301355675097298,-2.0,0.630659625477855,0.6308944442487698,0.6311122564650495,0.6313134454833961,0.6314989605543662,0.6316692961632727,0.6318249330023267,0.6319664069133547,0.632094137301457,0.6322085219659944,0.6323099167269497,0.6323986383029344,0.6324749669588288,0.6325391485411114,-2.0,0.6326319433430727,0.6326607588287615,0.6326781430718708,-2.0,-2.0,-2.0,0.632634372998514,0.6325947009993181,-2.0,-2.0,-2.0,-2.0,-2.0,-2.0,0.6319936307283516,-2.0,0.6317121464852092,0.6315518830716499,0.6313781724615422,-2.0,0.6309889357736405,0.6307725894034483,0.6305411661308956,0.6302941732903572,0.630031090464045,-2.0,-2.0,0.6291395341974851,0.6288061415488115,0.6284534944444432,-2.0,-2.0,-2.0,0.6268346710207755,-2.0,0.6258880516189196,0.6253770315853907,0.6248394314647121,0.6242741029977686,-2.0,-2.0,-2.0,-2.0,0.6209869518304859,-2.0,-2.0,0.6185943016906207,-2.0,-2.0,0.6158312284153302,0.6148188960557779,-2.0,0.6126444013772462,-2.0,-2.0,0.6089722727256793,-2.0,-2.0,-2.0,-2.0,-2.0,-2.0,-2.0,-2.0,-2.0,-2.0,0.5900886728795938,0.587842102247109,-2.0,0.5830229822917237,0.5804401097958228,0.5777343934542324,0.5749000441933884,0.5719309882056954,0.5688208668511026,0.5655630089968342,0.5621504370213652,0.5585758476577003,0.5548315745323079,0.5509095941909782,0.5468015024273605,-2.0,-2.0,0.5332705075538433,-2.0,-2.0,-2.0,0.5120393786541018,0.5060878898779522,-2.0,0.4933251443135416,0.48648654287315074,-2.0,0.47182159017475456,-2.0,-2.0,-2.0,0.4380848142529894,-2.0,-2.0,0.4083499674252702,-2.0,-2.0,-2.0,-2.0,0.3486246139479669,-2.0,-2.0,-2.0
0.010969857978923836,0.2629351399040041,0.2764936295500524,0.29009964500665825,-2.0,0.31725137364171324,0.3306694587355074,0.3439867741418012,0.35716655648264073,-2.0,0.3829727665971723,0.39553969400448813,0.40783139191480583,0.41968411584094634,0.431168153528905,0.44232065101102946,0.4531573083052802,-2.0,0.4733363386314709,0.4828288511909673,0.49195886396930855,0.5003444202559774,0.5086394937709904,0.516131498246915,-2.0,0.5301613943864021,0.5368028552306344,0.542595336480202,0.548369770343176,0.5537605051389346,0.5584742264631135,0.5632253624533466,-2.0,0.5717288927315436,-2.0,0.5789642805179855,0.5825102682685117,0.5856849948081916,0.5885427982288463,0.5911279655940562,0.5935329621938433,-2.0,0.5984717430421805,-2.0,0.6027607641697644,0.6046437766184318,0.6063777628994906,-2.0,-2.0,0.6108303832673878,0.6121037848984736,-2.0,-2.0,-2.0,-2.0,0.6181109833987499,-2.0,0.6201289945515523,0.6210398558489905,-2.0,0.622690994727392,0.623439140529783,0.6241405681119561,0.6247984397258822,-2.0,0.6259942743720884,0.6265377211841368,-2.0,-2.0,0.6279748684036869,0.628395863304487,0.6287905231648375,0.6291602747199975,0.6295067373648123,0.6298302080740068,0.6301326994275328,0.6304149428354777,0.6306778734064072,0.6309223570683969,0.6311491884827796,-2.0,0.6315527515411896,-2.0,0.6318936976229594,0.6320420565762092,0.6321763063654352,-2.0,0.6324041082291656,-2.0,-2.0,-2.0,-2.0,0.6327510675125168,0.6327842035000868,0.6328056316346481,0.6328154496669754,0.6328137269485176,0.6328005032811402,-2.0,0.6327395686113544,0.6326917950827191,0.6326323960851329,0.6325612719851796,-2.0,-2.0,-2.0,-2.0,-2.0,-2.0,-2.0,-2.0,-2.0,-2.0,0.6309482539556258,0.6307183235064654,-2.0,-2.0,-2.0,-2.0,0.6293231712515289,-2.0,-2.0,0.6282676814472036,0.6278751982501963,-2.0,0.6270242847201418,0.626564040229922,-2.0,-2.0,-2.0,-2.0,-2.0,-2.0,-2.0,-2.0,-2.0,-2.0,-2.0,-2.0,0.6179153432548544,0.6169954103054199,-2.0,0.6150185697336888,0.6139574256417925,0.6128448068808595,-2.0,0.6104554870466151,-2.0,0.6078301268807117,0.6064219824401718,0.6049462189591478,0.6033996724832857,0.6017790438813657,-2.0,0.5983014187514925,0.5964369895220268,-2.0,0.5924369158626646,-2.0,-2.0,-2.0,0.5832275249336497,0.5806448026172542,0.5779392376259103,-2.0,0.5721361102523908,-2.0,-2.0,-2.0,-2.0,0.5550372807316154,0.5511154020452361,-2.0,0.5427045123378177,-2.0,-2.0,-2.0,-2.0,-2.0,-2.0,-2.0,-2.0,-2.0,-2.0,0.4795306005787646,-2.0,0.46417071786638575,0.45594060561744726,-2.0,0.4382919486257876,-2.0,0.41893082268777593,0.40855694394336006,0.39769151919057816,-2.0,-2.0,0.3619076207193561,-2.0,-2.0,-2.0,0.30576932337252727
0.010657079141786952,-2.0,0.26814813338268917,0.28168498309624473,0.29525659981821906,0.30882677772622763,0.3223593505938453,0.3358176998353673,0.34915716731704427,0.36226048211159256,0.3751488782916521,0.387811798690015,-2.0,0.4123527270586145,0.4241948106087747,0.4356497022414665,0.4465725813440028,0.4571453939413785,0.4674174440990821,0.47719731137872423,0.48635883578899386,-2.0,0.503654350166295,0.511597359418761,-2.0,-2.0,0.5328582235881116,-2.0,0.5448962899162082,0.5506547155151442,0.5557546990540226,0.5604008984186424,0.5651648811337229,0.5694750567646466,0.5732756150150053,0.5768362055954136,0.5805169783079105,0.5839186091650745,-2.0,0.5897225184517801,-2.0,0.5946330785153117,0.5971461823195869,-2.0,0.6016822488684394,-2.0,0.605493923899497,0.6071766297732312,0.6087309026974862,0.6101695300034066,-2.0,-2.0,0.6139374940518167,0.6151848973625446,0.6164368458779067,0.6176046176502841,0.6186937975518704,0.6197102401857402,0.6206602247492919,0.6215486919713508,0.6223804528421212,0.6231590487480966,0.6238888263586392,0.6245729915736143,0.6252146188774249,-2.0,-2.0,0.6269113227928543,-2.0,0.6278745581310734,0.6283119218378959,0.6287219338220196,0.6291060978358174,-2.0,0.629802299939921,0.6301167775845172,0.6304103027798351,0.6306838654411095,0.6309384087112497,0.6311746636592829,0.6313935007452234,0.6315955895822569,0.6317815735841988,0.6319520416493306,-2.0,0.6322485257059862,-2.0,0.632489207630503,-2.0,0.6326758042568631,-2.0,-2.0,-2.0,-2.0,-2.0,-2.0,-2.0,0.6329308852452439,0.6329095722715808,-2.0,0.6328318833919413,-2.0,-2.0,-2.0,0.6325342504294456,0.6324294582018244,0.6323121468053078,-2.0,0.6320389968576396,-2.0,0.6317125775539826,-2.0,-2.0,0.6311170313607631,-2.0,0.6306445393601222,-2.0,-2.0,0.6298126293136521,-2.0,0.6291690448534127,0.6288185639238525,0.6284479757789602,0.628056494488408,-2.0,-2.0,-2.0,-2.0,-2.0,-2.0,-2.0,-2.0,-2.0,-2.0,-2.0,0.6213736453101709,0.6206153287557747,-2.0,-2.0,0.6181075772643492,-2.0,-2.0,-2.0,-2.0,-2.0,0.6118729560206189,-2.0,-2.0,-2.0,0.6066178726449928,-2.0,-2.0,-2.0,-2.0,-2.0,-2.0,0.5946811562549006,-2.0,-2.0,0.5882445232412705,0.5858912898808498,-2.0,-2.0,-2.0,-2.0,-2.0,-2.0,0.5659677641374099,-2.0,0.5589810695413323,-2.0,-2.0,-2.0,-2.0,-2.0,-2.0,0.5287322260623633,0.5235533751029307,0.5181283448291985,0.5124464017411668,-2.0,-2.0,-2.0,0.48689406080642905,-2.0,-2.0,-2.0,0.4561416052599277,-2.0,0.43849295912407005,0.42903651811644217,-2.0,-2.0,-2.0,0.38651256429270825,-2.0,-2.0,-2.0,-2.0,0.32099415520726254,-2.0
0.010353218432956621,0.24628354245070233,-2.0,0.27335187122012755,0.2869593732724932,0.30049618280397955,0.31401744634142387,0.32748604914392504,0.3408647958251685,0.3541178400290994,0.3672094389685143,-2.0,0.39272453774444754,0.4049749559984367,0.41692351247886056,0.42855869452787876,0.4398791313857062,0.4508455000206871,0.46119435112069435,0.471170715618383,-2.0,0.4899417115682005,0.4985652454859294,0.5069588227028357,0.5145454216951877,0.5221069749884284,0.5288091354076256,0.5355312881404917,0.541518594824543,0.5472281043479974,-2.0,0.5576568118619618,0.5623521723345118,-2.0,0.5711242813955133,0.5747689420328118,0.5783798690810144,0.5820083207236558,0.585273787993384,0.588209447212039,-2.0,0.5932855038599445,0.5957428362888332,0.5982356649230655,0.6005270172525016,0.6026237128163904,0.6045480072882061,0.6063190142279659,0.6079519858343894,0.6094618899377454,-2.0,0.6121574672706619,0.6133651304098241,-2.0,-2.0,-2.0,-2.0,0.6192600681319487,0.6202508876529735,0.6211769908349484,0.6220433135003538,0.6228542890228731,0.6236139837016991,-2.0,0.6249929973948871,0.6256188270617675,0.6262059853940577,0.6267565315843464,-2.0,-2.0,0.6282120928842316,-2.0,0.6290372420826204,0.629411019945528,0.6297607552230143,0.6300876779215642,0.6303929179441128,0.630677514895668,0.6309424229558183,0.6311885214960906,0.6314166149455641,0.6316274440050915,0.6318216849342783,0.631999959414198,0.6321628264601173,0.6323108056525641,0.632444362927824,0.63256391204317,-2.0,-2.0,0.6328423016041267,-2.0,-2.0,-2.0,-2.0,0.6330533034054019,0.6330592382782988,0.6330532881679164,0.6330354869909353,0.6330058344105624,0.6329643053113438,-2.0,0.6328453650013868,0.6327677559404423,-2.0,0.6325755532942353,-2.0,-2.0,-2.0,-2.0,-2.0,0.6316871671901161,-2.0,-2.0,-2.0,0.6308096531443588,-2.0,0.6302750303094187,0.6299818647397578,0.6296706470133281,-2.0,0.6289913674151565,0.6286218595776735,-2.0,-2.0,0.6273842703593093,-2.0,-2.0,0.6259340727145883,-2.0,-2.0,-2.0,0.623620811769763,-2.0,0.6222794561573317,0.6215577504065651,-2.0,0.6200045786323188,-2.0,0.6182937676519621,-2.0,0.6164106975192629,-2.0,-2.0,-2.0,-2.0,-2.0,0.6095582889974823,0.6082153686370748,0.6068079160609254,-2.0,0.6037866207434525,0.6021664986919898,-2.0,0.5986898493358283,-2.0,-2.0,0.5928266381717734,-2.0,-2.0,-2.0,-2.0,-2.0,-2.0,-2.0,0.5725285446522485,0.5694187839199706,-2.0,-2.0,0.5591748568278526,-2.0,-2.0,0.5474014675738781,-2.0,-2.0,-2.0,0.5289267087319587,0.5237476499468905,0.5183229901421986,-2.0,-2.0,0.5004563950634846,-2.0,-2.0,-2.0,-2.0,-2.0,-2.0,0.4477167771631183,-2.0,-2.0,-2.0,0.4089535932469258,0.3980882461080408,-2.0,-2.0,-2.0,-2.0,0.3355338240257972,0.3211898242102867,0.30616629208005863
0.010058021573680418,0.23807574995285027,0.25144184491949223,0.2649207145024455,0.27847813929789217,0.2920790886212821,0.30568798653721097,-2.0,0.332695200818325,0.3459929425455504,0.3591473527827171,0.37212313331877367,0.38488673578485966,0.39741090396325035,0.40967357943417115,-2.0,0.4329904799476904,0.44407545964449846,0.454836730027133,0.4652484094125445,0.474981098630388,0.4843773941502366,0.4934993676444463,0.5018296614675346,0.5100435366165627,0.5175361725844775,0.5248550284586241,0.5314673568268518,0.5380476216301414,0.5437848350391007,-2.0,0.5548727012654335,-2.0,-2.0,0.5687797625179973,0.5727036197159886,0.5762692447560969,0.5799392070179759,0.5834414915230882,-2.0,0.5894043315932609,0.591961091849121,0.5943639851618392,-2.0,0.5992895171622002,-2.0,-2.0,0.6054014853584715,0.6071189521562504,0.6087046772988114,0.6101715532013399,0.6115310223119802,0.6127930035494732,0.6139854309527977,-2.0,0.616480594260022,0.6176690318511654,0.6187769095189688,0.6198109397049849,0.6207764629974222,0.6216793021683236,0.6225242597967376,0.6233148365169818,0.6240556382770788,0.6247498921806887,0.6254007540471533,-2.0,-2.0,-2.0,-2.0,0.6280961258159188,0.6285387573136839,0.6289535169234743,0.6293419384190018,0.6297054292933271,0.6300452835217177,0.6303626917200904,0.6306587420371658,0.6309344421019706,0.6311907140103882,-2.0,0.631648596292885,0.6318511440003235,0.632037448287156,0.6322079601713545,0.6323631686088025,-2.0,0.6326295906355643,0.6327417709121653,0.6328400925668989,0.6329252411656906,0.6329973707679701,0.6330567227811573,0.6331035015733965,0.6331378780466271,0.6331599900191291,0.633169942324413,0.6331678084687701,0.633153632086715,0.6331274251956795,-2.0,-2.0,-2.0,0.6329015051192871,-2.0,-2.0,-2.0,0.6324764612224946,0.6323376995931649,-2.0,-2.0,0.631839035612845,0.6316442102103774,0.6314344346947326,0.6312092677667599,-2.0,0.6307108332939404,-2.0,0.630144704655823,-2.0,-2.0,-2.0,0.6287896608709581,-2.0,-2.0,-2.0,-2.0,-2.0,-2.0,0.6255728136482147,-2.0,-2.0,0.623797075743238,0.6231435737878345,-2.0,-2.0,-2.0,-2.0,0.6193495315753148,0.6184740469334202,-2.0,-2.0,0.6155812332011912,-2.0,-2.0,-2.0,0.6110226353802616,-2.0,0.6083992214990509,0.6069919840679534,-2.0,-2.0,-2.0,0.600654060826514,0.5988753694377205,-2.0,-2.0,0.5930128327350019,-2.0,0.5886233943522546,-2.0,-2.0,-2.0,-2.0,-2.0,-2.0,-2.0,-2.0,-2.0,-2.0,-2.0,-2.0,0.5475899183129613,-2.0,-2.0,0.5340601104877556,-2.0,0.5239365684481352,0.518511989514384,-2.0,-2.0,-2.0,-2.0,-2.0,0.4801158991679326,-2.0,0.4647563473756354,-2.0,-2.0,-2.0,-2.0,-2.0,-2.0,-2.0,-2.0,-2.0,-2.0,-2.0,-2.0,0.3213798850202279,-2.0
0.009771241535346491,0.22976801206665784,0.24313886439682336,0.25664020059389936,0.2701518691476384,0.283687026697381,0.29725340411284873,0.31081356451530806,0.32433163219161637,0.33777081371572965,0.35109561293969943,0.3642466234068229,0.37711444878635236,-2.0,0.4021044345773779,0.4141854649357222,0.4259693415245464,0.4374300269326131,0.44833707768173936,0.45883241429374694,0.46901881578627064,0.47882199155689953,0.4879118126751732,0.49679462277763364,0.5051425472832699,0.5129647924023307,0.5205566512219763,-2.0,0.5341627047416763,-2.0,0.5460819562429803,-2.0,0.5568242080879306,0.5614739026548187,0.5662183074959659,-2.0,0.5742172240319876,0.5777867280980027,0.5814596301874785,0.5848196697726923,0.5878355884908106,0.5905569449590046,0.5930243790354346,0.5954521804047063,0.5979633379786934,0.6003089982763762,0.602453548815294,-2.0,0.6062285100462809,0.6078954642054237,0.6094354251267902,0.6108608946713007,-2.0,-2.0,0.6146076066871532,-2.0,0.617102066422592,-2.0,0.619338647159918,0.6203460619915009,0.6212873211219634,0.6221675932381286,0.6229914592126038,0.6237622875147317,0.6244847933262103,0.6251618396045553,-2.0,0.6263916682048263,0.6269497174498797,0.627473053883487,-2.0,-2.0,0.6288547089358412,0.6292583663363438,0.6296361619121023,0.6299894564313847,0.6303196979464463,0.6306276527915827,0.6309143494718498,0.6311811780799151,0.6314288238821333,0.6316581043718642,0.631869769587733,0.6320645019595148,0.6322433810713236,-2.0,-2.0,0.6326858279971352,0.63280423015865,0.6329086845178729,-2.0,0.6330770546352085,0.6331419309490188,-2.0,0.6332321404833409,0.6332586239991553,0.6332727263771667,0.6332745333981963,-2.0,0.6332414487497211,0.6332065731724683,0.6331594365973321,0.6330999705386761,0.6330280793681188,0.6329436370149599,0.6328464885970541,-2.0,-2.0,0.6324768033569415,-2.0,0.6321626236824885,-2.0,0.6317913326148279,0.6315833267896801,-2.0,0.6311204367424126,-2.0,-2.0,-2.0,-2.0,0.6296652058663691,-2.0,0.6289509784685997,0.6285626766314536,-2.0,-2.0,-2.0,-2.0,-2.0,0.6257409721592232,0.6251793372751101,-2.0,0.6239674761728929,-2.0,0.6226287349166404,0.6219082480070708,0.6211516516256508,-2.0,0.6195235677037398,0.6186486081189426,-2.0,0.6167674162523176,-2.0,-2.0,-2.0,0.6124215936751995,0.6112001677047353,-2.0,-2.0,0.6071705241241292,0.6056959305353833,-2.0,-2.0,-2.0,0.5990553078631382,-2.0,-2.0,0.5931934628432991,-2.0,-2.0,-2.0,0.5839870845384437,-2.0,-2.0,-2.0,0.5728981719175829,0.5697887419566884,-2.0,0.5631195832349873,-2.0,0.5558018789884626,-2.0,-2.0,-2.0,-2.0,0.5342432677883677,0.5292988908784415,-2.0,0.5186955049790943,-2.0,-2.0,-2.0,-2.0,0.4874622768974304,-2.0,-2.0,-2.0,-2.0,-2.0,-2.0,-2.0,-2.0,-2.0,0.39846249786903826,-2.0,0.37516309970359846,0.36267903421066794,0.349603476718588,-2.0,0.32156449317795094,-2.0
0.009492638332763457,0.22164413835606092,0.2348618907127174,0.24823325160400683,-2.0,0.2753013291416421,0.28893113515331725,0.3025107027072812,0.3160217329067622,0.329475519768175,0.3428345182799942,0.35606211361397605,0.3691238414248707,0.38198675249056313,0.39461763969823765,0.40687235380244213,0.4187684902958747,0.43034393086609907,0.4415970084514012,0.4525354849933628,-2.0,0.47277865162552296,0.48240782989858255,-2.0,0.5000140950068105,0.5083838305846806,-2.0,-2.0,-2.0,-2.0,-2.0,-2.0,0.5539236544584688,-2.0,0.5634187188421643,0.5680290414328705,0.5720819223523792,-2.0,0.579322100348646,-2.0,0.5861456560669556,0.5890471708764438,0.5916697730508682,0.594081813277515,-2.0,0.599027749658631,0.6012957680075621,0.6033716156518176,0.6052772142401808,0.6070311883646948,0.6086490809233576,0.6101449085721696,0.6115304223055833,0.6128159640104793,0.6140155076079596,-2.0,0.6164964869513526,0.6177061529127392,0.618833272068718,0.6198846506670751,0.6208663593225182,0.6217840085125022,0.6226418558821357,0.6234448978974043,0.6241968719307648,0.6249013456529087,0.6255615517622143,0.6261804584962738,-2.0,0.6273049148738744,0.6278146336382815,0.6282926595487015,-2.0,-2.0,0.6295527677165897,0.6299200366275791,0.6302632163216993,0.6305838816665493,0.6308820482177651,0.6311598323601518,0.6314178041147112,-2.0,-2.0,-2.0,-2.0,-2.0,-2.0,-2.0,-2.0,0.632968277913347,0.6330650106902417,0.6331481192374749,0.6332178800435381,0.6332745308497751,0.6333182737246403,0.6333492736754861,0.6333676627620475,0.6333735406179479,-2.0,0.6333479934023579,-2.0,0.6332727864524167,-2.0,0.6331475778656918,0.633065985291641,0.6329715471445732,-2.0,0.6327433912513496,-2.0,0.6324613260453201,-2.0,-2.0,0.6319320240523842,0.6317258474423858,0.6315041032801971,0.6312663361534848,-2.0,0.6307406818600227,0.6304516858679052,0.6301444425070571,-2.0,0.6294725583531552,-2.0,-2.0,-2.0,-2.0,-2.0,0.6269422981035189,-2.0,-2.0,-2.0,0.6247525419077912,-2.0,-2.0,-2.0,0.6220749349459587,0.6213189449584503,-2.0,-2.0,-2.0,0.617899989926658,-2.0,0.6159275747296047,-2.0,-2.0,0.6125932406445822,-2.0,-2.0,-2.0,-2.0,-2.0,0.6043241832826227,-2.0,0.6010079833010099,-2.0,-2.0,0.5954142413933317,-2.0,-2.0,0.5889800715734478,-2.0,-2.0,-2.0,0.5788764870349514,-2.0,-2.0,-2.0,-2.0,-2.0,0.5597228475435929,0.5559793774765255,-2.0,-2.0,-2.0,0.5391415457818611,-2.0,-2.0,-2.0,-2.0,-2.0,-2.0,-2.0,-2.0,-2.0,-2.0,0.4729765969608857,-2.0,-2.0,-2.0,-2.0,-2.0,-2.0,0.4095068073203706,0.39864158504353314,-2.0,-2.0,0.3628582408570774,0.3497827307008194,0.3360876996548446,0.32174380150592413,-2.0
0.009221978823334321,0.2134420134078871,0.22664824271435383,-2.0,0.2534094631539371,-2.0,0.2804453604972596,0.29404053395670265,0.3076395119407118,0.32120658009620273,-2.0,0.34797972047532927,0.3611085823378741,0.37405218163424103,0.38677833551709756,0.39925827215933085,0.411469905913761,0.4233768145083457,0.4347873089372524,0.4458032492420483,0.4564874561510257,0.46686607829859034,-2.0,0.48589439672727613,0.49497890078058837,0.5032822495354455,-2.0,0.518906357108796,-2.0,0.5327369512835481,0.5392384769603533,-2.0,0.5507190954519948,0.5559332691535775,0.560590913951693,0.5653629819731557,0.5697579550693993,0.5736280368632652,0.5771857804747681,0.5808643234509068,0.5843226968837552,0.5874223729202841,-2.0,-2.0,0.5951491043064897,0.5976554920412879,0.6000571961362706,0.6022509659355494,0.604261127662911,-2.0,-2.0,0.6093805437963177,0.6108338092547804,-2.0,-2.0,0.614621490708694,0.6158576673248887,0.617115510505741,0.6182932355881441,0.6193910058229979,-2.0,0.621371971310571,0.6222665434632124,0.6231027838725859,0.6238856469405827,0.624618842965939,0.6253058045687666,0.6259494264629499,-2.0,-2.0,0.6276484593674069,-2.0,0.6286112390500123,0.6290468824777253,0.6294550414153186,0.629836843106653,0.6301936759253878,-2.0,0.6308374222311836,0.6311265778245971,0.6313952646650206,0.6316443877696872,0.6318747744416637,0.6320871837744048,0.63228230898722,-2.0,0.6326231813295095,0.6327700263420224,-2.0,0.633018892749215,0.6331217171919642,-2.0,-2.0,0.633347667790334,0.6333963291919361,0.6334319964521508,-2.0,0.6334648973139578,-2.0,-2.0,0.6334193502811785,0.6333789515212178,0.6333258915524468,0.6332600898485413,-2.0,-2.0,-2.0,-2.0,-2.0,0.6325894664171895,0.632429705886057,0.6322554701888861,-2.0,0.6318621020942412,-2.0,-2.0,0.6311534277272594,-2.0,-2.0,0.630290257122469,-2.0,0.6296209906806827,-2.0,-2.0,-2.0,-2.0,0.6275766194244004,-2.0,-2.0,-2.0,-2.0,0.6249108851595763,-2.0,0.6236398563014925,-2.0,-2.0,-2.0,0.6206875828092399,-2.0,-2.0,-2.0,0.617101861978404,-2.0,0.6150339261643596,-2.0,0.6127595106848585,0.6115388550615728,0.6102591203566303,-2.0,-2.0,-2.0,0.6044925470491345,-2.0,0.6011769239885747,0.5993990161634843,-2.0,-2.0,-2.0,-2.0,0.5891504534365956,-2.0,0.5843338889677191,0.5817522011558937,-2.0,0.5762143639648682,-2.0,-2.0,-2.0,-2.0,-2.0,-2.0,-2.0,-2.0,0.5438206159210364,-2.0,-2.0,-2.0,-2.0,-2.0,-2.0,-2.0,-2.0,-2.0,-2.0,-2.0,0.47315011615931624,0.46529273615491973,0.45706295455178564,-2.0,0.43941479547190443,-2.0,-2.0,-2.0,0.3988155834564146,0.3874355086046017,0.3755162860832882,0.3630323010770484,0.34995681346155955,0.3362618221050612,0.3219179981667221,0.30689452243661
0.008959036511956614,0.20543779870803022,0.2184633102436782,0.2316789348361622,0.24505432210782868,0.25855719092375706,0.2721380450668086,0.28567291923745786,0.29923278596349406,0.3127828036269826,0.32628586944890153,0.3397051690597138,0.3530048352814903,0.3661510364118595,0.37905729141541356,-2.0,0.40396574657913215,0.4159949233324839,0.4277187104337873,0.4391375053416165,0.4500756578104413,0.46049203320027,0.4705912089687087,0.4803823692380269,0.4894345443828528,0.49820804350219494,-2.0,0.5142984833868107,0.5218925002238289,0.5286949472197194,0.5354185282966589,-2.0,0.5472303063034594,-2.0,0.5578431902006671,0.5625063214918117,0.5672221742125321,0.5714104870663124,0.5751102685858719,0.5786955097557313,0.5823535445255408,0.5856718454650528,0.5886522575194097,0.591342791817595,0.5937877054947892,-2.0,0.5987317907853367,-2.0,0.6031759309062973,0.6051232839046496,0.606914086126122,0.6085651631655785,0.6100905613275184,0.6115027571835621,0.6128123768749397,-2.0,0.6152294555278296,-2.0,0.6177170248893391,0.6188637556868506,0.6199330222791288,0.6209309613225299,0.6218634862505166,0.6227349629786345,0.6235503180772308,0.6243137519869253,0.6250284885109886,0.6256981881734736,0.6263256163300659,0.6269137475488615,0.6274648549545065,0.6279818131427032,0.6284652578167516,0.6289184847267126,0.6293428941476615,-2.0,-2.0,0.6304571866050525,0.6307803423166906,0.6310813060852399,0.631361114314251,0.6316207181031873,0.631860988778335,0.6320827248056966,0.6322866561748787,0.6324734488930064,-2.0,0.6327979880498333,0.6329368806600818,0.6330605443806516,-2.0,-2.0,-2.0,-2.0,-2.0,0.6335068489761715,-2.0,0.6335486698682297,-2.0,0.633538946334183,-2.0,-2.0,-2.0,-2.0,-2.0,-2.0,-2.0,-2.0,0.6328544538733316,0.6327112069608851,0.6325536964229467,0.63238160427253,-2.0,-2.0,-2.0,-2.0,-2.0,-2.0,-2.0,-2.0,0.6301067973560138,-2.0,-2.0,-2.0,-2.0,-2.0,-2.0,0.6272465926630469,-2.0,-2.0,0.6256521224127082,0.6250637561036254,-2.0,-2.0,-2.0,-2.0,-2.0,0.6208446170777818,-2.0,0.6191392263242237,0.6182227191799734,0.6172610848354043,0.6162522647213446,-2.0,-2.0,-2.0,0.611700297345695,-2.0,0.6090797556457302,0.6076739731340239,0.6062002370464319,0.604655737932378,0.6030370513447948,-2.0,0.59956307880745,-2.0,0.5957485311083648,-2.0,-2.0,0.5893158799637607,-2.0,-2.0,-2.0,-2.0,0.5763805857127072,-2.0,-2.0,-2.0,0.5636354637646244,-2.0,0.5563185439525679,-2.0,0.5482902541996886,-2.0,0.5394817560793034,0.5347616036451506,0.5298175172774153,-2.0,-2.0,-2.0,-2.0,-2.0,-2.0,0.4879825993672289,0.4808203573769354,-2.0,-2.0,0.4572315768772219,0.4486118125594756,-2.0,-2.0,0.42022315873568317,-2.0,0.3989844512934632,0.3876044846731625,0.3756853012211368,0.36320137528298424,-2.0,0.3364309417309574,-2.0,0.30706371547006683
0.008703591361485156,0.19735537617888113,0.21035423103724316,0.2235563007876306,0.23679168239932558,0.25016699364424866,0.2636594618368786,0.2772346932663179,0.2908584316080619,0.3044910861974902,0.3180095869667291,0.3314477699843214,0.34478616560325287,0.35798781156505244,0.37101753358139883,0.38384306551194824,0.396436663278936,0.40873244010684356,0.4205909300545088,0.4321052557185351,0.44328980342955315,-2.0,-2.0,0.4743587278733215,0.4838896708834388,0.49301685726102956,0.5014318525160271,0.5097519689518785,-2.0,-2.0,0.5313151181738939,0.5379749174529846,0.54378996016376,0.5495562654618178,0.5549785133750607,-2.0,-2.0,0.5689955240863476,0.5729915746496539,0.5765775327402908,0.5802236628910129,-2.0,0.5869699768646456,0.5898376353933455,0.5924308067981108,0.5948347870597432,0.5973149185245233,0.5997722720050851,0.6020168189474815,0.6040717909553899,0.6059586124921972,-2.0,0.6092980811461767,0.6107798026001444,0.6121523479571297,0.6134259052004138,-2.0,-2.0,0.6171029869333425,0.6183014821927731,0.6194181382298426,0.6204596265622594,0.6214319768034777,0.6223407184735227,0.623190214149237,0.6239850248677276,0.6247290599801386,0.6254260412619322,0.6260786880280886,0.6266903113532017,0.6272634123835491,0.627800396225934,0.6283034565642461,0.6287745995395514,0.6292158676418921,0.6296283187108239,0.6300141150409783,0.6303744615201676,0.6307106543976352,0.6310238825748781,0.6313152656666833,0.6315857306543755,0.6318362400076949,0.6320676471999787,0.6322807134333555,0.6324761187135253,0.6326545234210081,-2.0,-2.0,0.6330932288299875,0.6332088776447692,0.6333099046076176,0.6333968721268064,-2.0,0.6335283925212261,0.6335738697721081,0.6336059921862554,-2.0,-2.0,0.6336234870581051,-2.0,0.6335700492168006,-2.0,0.6334644984916126,-2.0,0.6333062367721182,0.6332070120178865,0.6330941545908261,0.632967445823387,-2.0,-2.0,0.6325015596939508,-2.0,-2.0,-2.0,-2.0,0.6314183297191394,-2.0,-2.0,0.6305644400552932,0.6302424395382443,-2.0,0.6295383471916383,0.6291547587014342,-2.0,-2.0,-2.0,0.6273904938054403,-2.0,-2.0,-2.0,-2.0,-2.0,0.6239433341332584,-2.0,-2.0,0.6217883269924707,-2.0,0.6201649799902532,0.6192922147037946,0.6183762557668727,-2.0,0.6164068272175761,0.6153491354273262,-2.0,-2.0,-2.0,-2.0,-2.0,-2.0,0.6063580568216004,0.604813886758686,0.603195513884542,-2.0,0.5997221219742711,0.5978596650277503,-2.0,0.593863266630156,0.5917207667083494,-2.0,-2.0,0.5846602731133373,-2.0,0.5793747661623262,0.5765418662238707,-2.0,-2.0,0.5672087479069114,0.5637974133307231,0.5602240331425778,-2.0,-2.0,-2.0,-2.0,-2.0,0.5349243826941468,0.5299804052108024,0.5248018801196467,-2.0,0.5136963559834589,0.5077455537242399,-2.0,0.4949840832275253,-2.0,0.4809839062657455,-2.0,-2.0,-2.0,-2.0,0.43974739007258556,-2.0,0.42038717762789135,0.4100135942302813,-2.0,-2.0,-2.0,0.3633655370784792,0.3502901245126306,0.33659520328008513,0.32225141838499166,-2.0
0.008455429608599185,0.18950067617160896,0.20229641671350218,0.2153136902777501,0.22852701256474844,0.2419065642451456,0.25536322776571263,0.26884466733356266,0.2823979354079997,0.2959865509089047,0.30957468083370526,0.32312623873760715,0.3366049108092588,0.3499446476458535,0.36305135033406843,0.3759626421194215,0.3886500374537542,0.40108501181397405,0.4132440428849089,0.4251155128793657,-2.0,0.4475070982341385,0.4581124603620232,0.4684191211167027,0.47818509512517177,-2.0,0.4963998251059144,0.5047045388386615,-2.0,-2.0,0.5273147682995744,0.5339734628306763,0.5403790053671831,0.5460512796661282,0.5518179531733576,0.5569456847090245,-2.0,0.5663583517513231,0.5706889265886609,0.5745058087989715,0.5780625495545639,0.5817426898811427,-2.0,0.5882197588872221,0.5909806851696845,0.5934815286543714,0.5958922127191189,-2.0,0.6007784745007642,0.6029496861906873,0.6049397504421268,0.606768692046162,0.6084536841750067,0.610009554946416,0.6114489276352096,0.6127831689018268,-2.0,0.6152116642523822,-2.0,0.6177026139851736,0.6188693417771118,0.6199567536756122,0.620971600701264,0.6219186913725689,0.6228040925101004,-2.0,0.6244071541077508,0.6251322151487362,0.6258114490147877,0.6264476818726155,0.6270437128016555,0.6276022579422956,0.6281251504988561,0.628614943960558,0.6290734894743457,0.6295025307316767,0.6299036921774237,0.6302784625261012,0.6306282061756049,0.6309541757731231,0.6312575190734926,0.6315392891626349,0.6318004518551711,0.6320418896824045,0.6322644120897866,0.632468758559229,0.6326556018861965,0.6328255536433454,0.6329791701965936,-2.0,-2.0,0.6333467671112194,-2.0,0.6335181695520969,-2.0,-2.0,-2.0,-2.0,-2.0,-2.0,-2.0,-2.0,0.6336124679522356,-2.0,-2.0,-2.0,-2.0,0.6331982188604749,-2.0,0.6329358608787734,-2.0,-2.0,0.6324326927130859,-2.0,0.6320201719004214,-2.0,-2.0,0.6312772067203342,-2.0,0.6306930377613782,0.63037258672611,-2.0,-2.0,-2.0,0.6288843437252318,0.6284568405590456,0.6280054034642716,-2.0,-2.0,0.6264975876978284,0.6259402365064358,-2.0,0.6247363550351678,-2.0,0.6234048744578413,-2.0,-2.0,0.6211431439979648,-2.0,-2.0,0.6185247594533072,0.6175641855540426,0.616556380973404,-2.0,0.6143903432868277,-2.0,-2.0,-2.0,0.6093890561269429,-2.0,-2.0,-2.0,-2.0,0.6016533466370108,-2.0,0.5980141171920673,-2.0,0.5940182432793737,-2.0,-2.0,-2.0,0.5848161592596032,-2.0,0.5795311444789696,0.5766983212390967,0.5737308114392566,0.5706221672996944,-2.0,0.5639544974533779,-2.0,-2.0,-2.0,0.5486103607466801,-2.0,0.5398023258810553,0.5350823934554965,0.5301385130624816,-2.0,0.5195360575006874,-2.0,0.5079040936315145,-2.0,0.4951427354397737,-2.0,0.48114271108195084,-2.0,0.4657839205178528,-2.0,-2.0,-2.0,0.4304504998102846,-2.0,0.4101728705811958,-2.0,-2.0,-2.0,0.36352499231844615,0.3504496966135943,-2.0,0.32241099466885276,-2.0
0.008214343584919423,0.18155420229109748,0.19430566092553345,0.2072963700847865,0.22035355841597368,0.23357686990124782,0.2469561381842961,0.26046005645829967,0.2740549643538217,0.28764488218420536,0.3011978926921077,0.3147367733259205,0.32822409239401634,0.3416226814625356,0.3548963270306304,0.368010607974224,0.38093137337057326,0.39353458512571177,0.40580720070133586,0.4177823364846035,0.42944566538922657,0.4407959098766367,0.4517664639496467,0.46212713757950435,0.47213744232787747,0.48188131402008855,0.4909301945231725,0.49959261530870525,0.5079899044266369,0.5156014812722077,-2.0,0.5298982461599918,0.536623363267349,-2.0,0.5483451879787683,0.5539581448003659,0.5588177270434221,0.5635031726219685,0.5681794432508028,0.5723075952139874,0.5759631020883315,0.5795659086945056,0.5832015701331733,0.5864786997300939,-2.0,0.5920834158546371,0.5945101717546891,0.5969602371812771,0.5994549171133889,0.6017517923565141,0.6038528877720222,-2.0,0.6075538340285883,-2.0,0.6106997789182391,0.6120985447388942,0.6133957617979747,0.6146016063411468,0.61580652912479,-2.0,-2.0,0.6194210798769039,-2.0,0.6214683205741021,0.6223914436288108,0.6232542374357629,-2.0,-2.0,-2.0,-2.0,-2.0,0.6273859857318033,0.6279298711784033,0.6284391976883105,0.6289159402851958,0.6293620447252294,0.6297797329790985,0.630169311513033,0.6305328085147733,0.6308720201545323,0.6311878173694095,0.6314816843173799,0.6317535123660656,0.6320053565483102,0.6322376936123472,0.6324513021104503,0.6326468901357585,0.6328251022530514,-2.0,0.6331316933906498,-2.0,-2.0,-2.0,0.6335585687160475,-2.0,-2.0,-2.0,0.633754989413281,-2.0,0.6337710120586425,0.633758853057599,-2.0,-2.0,-2.0,-2.0,-2.0,-2.0,-2.0,0.6331746582410036,-2.0,-2.0,-2.0,-2.0,-2.0,0.6321344783131639,0.6319057920360619,-2.0,-2.0,-2.0,0.6308161149213797,-2.0,0.6301581430803693,-2.0,-2.0,0.629014300810157,-2.0,-2.0,-2.0,0.6271612097788897,-2.0,0.6260765418657724,0.6254907748468674,0.6248744039878421,0.6242261101583496,-2.0,-2.0,0.6220754715236566,0.6212848912622135,-2.0,0.6195831466762668,-2.0,0.6177083235571087,-2.0,0.615644356565978,0.614535993796743,-2.0,-2.0,-2.0,-2.0,-2.0,-2.0,0.6051156053983905,0.6034978860333664,0.6018024663187527,-2.0,-2.0,-2.0,0.594168491136699,-2.0,0.5897821988019052,-2.0,0.5849673422102167,-2.0,0.5796826373019749,0.5768501000806273,-2.0,-2.0,0.5675180159139832,-2.0,0.5605337913015153,-2.0,-2.0,-2.0,-2.0,-2.0,-2.0,0.5302920019275326,0.525113687885764,-2.0,0.5140085490990844,-2.0,0.5018251216069133,0.4952967790112389,0.48845892360110077,-2.0,0.4737953717346711,-2.0,0.4577087178421307,-2.0,-2.0,-2.0,-2.0,0.41032755577581703,0.39946256481175474,-2.0,-2.0,0.36368003658265524,0.350604544408406,-2.0,0.32256597306131446,-2.0
0.007980131543225704,0.1738305024690344,0.18640884779405142,0.1991860837394372,0.21219431349617213,0.2254054625609829,0.23870921656353633,0.2520884620479411,0.26558153765549375,0.2791544080246874,0.29277144971659574,0.3063973225838303,0.3199775385619464,0.33340507349046844,0.34672206568384306,0.35989688950451937,0.3728939969109548,0.3856807902150044,0.39822914039603025,-2.0,0.42239341559043,0.43384579806694074,0.44495937030042565,0.45575139017128513,0.46616895102675904,0.475913798882228,0.48534558391929034,-2.0,0.5028216383017936,0.5110661182541396,0.5185562108103028,0.525908700241745,0.5325196707264598,0.5391216068566296,0.5448741709376727,-2.0,0.555986813126034,0.5606751619881502,-2.0,0.5699166723914822,0.573856400495923,0.5774239885430095,0.5810876114703735,0.5846025587367236,0.5877500820256183,-2.0,0.5931477032657624,0.5955476900700927,-2.0,-2.0,-2.0,-2.0,-2.0,-2.0,-2.0,0.6113698115117068,0.6127292447943887,0.6139906468556564,0.6151791767410992,-2.0,0.6176638625345486,0.6188509473185461,0.6199568891163458,0.6209882860320477,0.621951043871756,0.6228505092877917,0.6236912370351068,0.624477678492146,0.6252136196874967,0.6259025869291931,-2.0,0.627151645672399,0.6277172970764896,0.628246922872938,-2.0,-2.0,0.6296403786032388,0.6300457700076519,0.6304242577868545,0.6307772341378896,0.6311059723811103,0.6314116387025905,0.6316953035859486,0.6319579487962915,0.6322004631089282,0.6324236742752971,0.6326286652910161,0.632815098856135,0.632984612409672,0.6331374249661998,-2.0,-2.0,-2.0,0.6335909884578138,0.6336668590343599,-2.0,-2.0,-2.0,-2.0,-2.0,0.6338261592811427,0.6338046217185671,-2.0,-2.0,-2.0,0.6335821195232499,-2.0,-2.0,-2.0,0.6331360107382888,0.6329882301187745,0.6328253928496895,-2.0,0.6324532051406275,0.6322430913542192,0.6320163935585764,0.631772642586147,-2.0,0.6312318983932674,0.6309337670322642,-2.0,-2.0,0.6299206569903874,-2.0,0.6291390462652873,-2.0,-2.0,0.6277906794188675,0.6272905259036703,-2.0,0.6262078284731432,0.6256229808389834,-2.0,0.6243600296896745,0.6236792250453871,-2.0,0.6222117018947169,0.6214219700124824,0.6205922609885063,0.6197213276571438,0.6188071205582075,-2.0,-2.0,-2.0,-2.0,0.6135149492110232,0.6122964290882738,0.6110187367608668,-2.0,0.6082747316864293,0.6068025510672401,-2.0,0.6036420439121085,0.6019469513414369,-2.0,-2.0,0.5963581884725737,0.5943141397062253,0.5921723872199339,0.5899283527743615,-2.0,0.5851139527001504,-2.0,0.5798296676473731,0.5769973263157454,0.5740302615751,0.5709218860901042,-2.0,-2.0,0.5606818663075365,0.5569391114478903,0.5530185892587385,0.5489118838965912,0.5446102031288036,0.5401043376601119,0.5353846333662494,0.5304409800130855,-2.0,0.5198389311296842,-2.0,-2.0,0.5019745766997281,0.4954463264661916,-2.0,0.4814466112374237,0.47394528341037334,-2.0,0.4578586627647068,0.4492391142879608,0.4402110705502239,-2.0,-2.0,-2.0,-2.0,-2.0,0.37631404164360044,0.36383026042291366,-2.0,-2.0,-2.0,0.307693224735647
0.007752597488629456,0.16608100396021508,0.17854787888746584,0.1912857909883464,0.20414627877281724,0.21717266388738748,0.23039346010447367,0.24377679753568823,0.2572905941783664,0.2707871059421457,0.2843370760716918,0.29791861723584195,0.31149599550445833,0.32503183805404734,0.33848925225738985,0.35183420798983545,0.36497782392016287,-2.0,0.390504260642966,0.40289244547850434,0.4149984394470747,0.4268087291425294,0.4382777459981052,0.44918892828954776,-2.0,0.46993265715595484,0.47973453670773963,0.488845817250647,0.49776496101444984,0.5061002249351337,0.5139617835125389,0.5215486343315541,0.5284868783172976,-2.0,-2.0,-2.0,0.5528702711078479,0.5579127345577996,0.5625581365513384,0.5673089074868735,-2.0,0.5753396828283531,0.5789031508194254,0.5825773976942707,0.5859490224801465,0.5889739154708697,0.5917026811729037,-2.0,0.5965967944143655,0.5991056563185299,-2.0,0.6036050920083998,0.6055747964855824,0.6073854236641208,0.6090541901097872,0.6105948542855721,0.612020153440083,-2.0,0.6145683237635027,-2.0,-2.0,0.6182450682842843,0.6194005236092067,0.6204774676262902,0.6214819002343165,0.6224197816975918,0.6232963404355881,0.6241153559667659,0.6248820409761048,0.6255988511830826,0.6262708106759395,0.6268985772563794,0.627486965363455,-2.0,-2.0,0.6290357965076516,0.6294871424423152,0.6299085986002722,0.6303023347945053,0.6306698659212262,0.6310121115615653,-2.0,0.6316256997501176,-2.0,0.632152641278643,-2.0,0.6325998434592149,-2.0,-2.0,0.6331343018986751,0.6332782188000045,0.6334061743824233,0.6335184087237702,0.6336153009642707,-2.0,-2.0,0.6338170299383429,-2.0,-2.0,-2.0,0.6338865350523896,0.6338691484208967,0.6338382543305227,-2.0,0.6337340066429761,0.6336611292434692,0.6335741684394987,-2.0,0.6333573544204621,-2.0,-2.0,0.6329216043682878,0.6327457629928481,-2.0,-2.0,0.6321214533394269,0.6318796552643307,0.631620200259154,0.6313425411534835,0.6310460975079418,0.6307302612709922,-2.0,-2.0,0.6296593106879294,0.6292586866954284,-2.0,0.6283869247541729,-2.0,0.6274148662666602,-2.0,-2.0,-2.0,-2.0,0.6244891202714263,-2.0,-2.0,0.622343114406829,0.6215539376623124,-2.0,-2.0,0.6189412193493322,-2.0,0.6169762305251637,-2.0,0.6148132039945176,0.6136517388199039,0.6124336942634905,0.6111564331414859,-2.0,-2.0,0.6069414652413048,0.6053987098459536,0.6037818600462019,-2.0,0.6003108050762809,0.5984495189865474,0.5964990796628216,0.5944553082573305,0.5923138223684536,-2.0,0.5877191477363075,0.585256114792027,-2.0,0.5799722614512426,-2.0,0.5741731730572146,0.5710650556694977,-2.0,0.5643983812297286,-2.0,-2.0,-2.0,0.5490559823135271,0.5447544405733622,-2.0,0.5355291182281342,-2.0,0.5254074843518407,0.5199837478020534,0.514302741392962,-2.0,0.5021196775238281,-2.0,0.4887538257920956,-2.0,0.4740905779715723,-2.0,0.4580042037866669,0.44938474760495783,0.4403567780133656,-2.0,0.4209969509031358,0.4106236350734904,0.39975874891013413,0.38837901422671145,-2.0,-2.0,-2.0,0.33720634491071727,0.32286270070292883,0.30783945545215974
0.007531551014560001,0.15849470049577505,0.17084384920200035,0.18334293897080894,0.19610645626688894,0.20910607727768818,0.22223309027180976,0.23546276105368796,0.24884612370409231,0.26235070867523846,-2.0,0.2895853146318466,0.303150491645164,0.3166775946967326,0.3301484545789897,0.3435257810331406,-2.0,0.36985404822662166,0.38273881890797873,0.395378263094451,-2.0,0.4195515811922232,0.4311527274934289,0.44243303993083677,0.4533893573959755,-2.0,0.4736605606535618,-2.0,0.492401011767373,0.5009508125549537,0.5093316394694184,-2.0,0.5244073405406078,0.5310720611634826,0.5377800220967064,-2.0,0.5494279216533485,0.5549651472822595,-2.0,0.5644670756403222,0.5690931060815381,0.5731616891028092,-2.0,-2.0,0.5840073132105645,0.5872433215000926,0.5901528357274551,0.5927819207413173,0.5951942017967303,0.5976563543032057,0.6001358122405066,0.602408262290839,0.6044875088141468,-2.0,0.608151138078169,0.6097700919340265,0.6112662912974072,0.6126516577625866,-2.0,0.6151328700639849,0.6163420358898639,0.6176015267901072,0.618809477413485,0.6199344488616491,0.6209828116909759,0.6219611926689332,-2.0,0.6237288248670878,0.6245269403212687,0.6252735514443162,0.6259722776640164,-2.0,-2.0,0.6278113896859023,0.6283476472610471,-2.0,0.629318615297329,0.6297577348876727,0.6301667968498236,0.63054936705258,0.6309051943179367,0.6312366069448301,-2.0,-2.0,-2.0,-2.0,0.6325613600626405,0.6327662584433791,0.6329527785287454,0.6331217147968724,0.6332737576075209,0.6334088642022057,-2.0,0.6336314971565109,-2.0,-2.0,-2.0,0.6338948622913378,-2.0,-2.0,-2.0,-2.0,-2.0,-2.0,0.6338033859252076,-2.0,0.6336503547667501,-2.0,-2.0,-2.0,-2.0,0.6330120878746859,0.632838692766625,-2.0,-2.0,0.6322210561275856,-2.0,0.6317237334994356,-2.0,0.6311531965456547,-2.0,0.6305046408427175,-2.0,0.629772580116009,-2.0,-2.0,-2.0,-2.0,-2.0,0.6270092230430055,-2.0,0.6258728598358444,0.6252592025295661,0.6246134895113811,0.623934365147856,0.6232203336931696,0.6224699062535648,0.6216814645350169,-2.0,0.6199837037085055,0.6190707493259818,-2.0,0.6171069191412799,-2.0,0.6149450004794358,-2.0,-2.0,0.6112896718318164,0.6099509244267854,0.6085473537727393,0.6070759553929522,0.6055335772158291,-2.0,-2.0,0.6004467146191452,0.5985857445276743,-2.0,0.5945921161429606,-2.0,-2.0,-2.0,0.585393948006287,0.5828137210811002,-2.0,0.5772786016369671,0.5743118901344068,0.5712039385187648,-2.0,0.5645376037741011,0.5609649215369584,-2.0,-2.0,-2.0,-2.0,-2.0,-2.0,0.530725917859464,-2.0,0.5201243251286342,-2.0,-2.0,0.5022605383634459,-2.0,0.48889485860640236,0.4817330762941149,0.4742317739673102,0.46637487178469883,0.4581455414209618,0.44952615690930264,0.4404982381824839,0.43104245628004867,-2.0,0.41076528290847014,0.399900448951183,-2.0,-2.0,-2.0,-2.0,-2.0,-2.0,-2.0
0.007316807143427192,0.15097488531963357,0.16312269569788268,0.17557122234755657,0.18821711813432201,0.2010057246785236,0.21402359177886054,0.2272411874625464,-2.0,0.25399901104612005,0.267492387851116,0.2810620236028575,0.2946719140295777,0.3082862336654955,0.32186985578921734,0.3353483147618736,0.34864435623610673,0.3617915306062297,0.3747551480966075,0.3875023832870305,0.40000429806806964,0.41223932899999394,0.42415179119141116,-2.0,0.44660899003815707,-2.0,0.4677173136887024,0.47744648742965906,0.48677666303975764,0.49587708558222604,0.5041861228361616,-2.0,0.5198362043460798,0.5270758004905257,0.533695786075689,-2.0,0.545928021665097,0.5517127027598514,-2.0,0.5616126775678155,-2.0,0.5707953093093131,0.5746793131778196,0.578236576000927,-2.0,0.5853801214878948,0.5884890599006636,0.5912889797789853,0.5938234612276821,0.5962237701855053,-2.0,0.6011314902035872,0.6033292081061016,0.6053419417432742,0.6071911652622833,0.608893755978575,0.6104648690117068,0.6119179543335265,0.6132641048318852,-2.0,0.6156985972427516,0.6169276786193384,0.6181819911698059,0.6193574992061046,0.6204525762519786,0.6214736461362806,0.6224264715716582,0.6233164631872583,0.6241482106386393,0.6249259258795559,0.6256534077236056,0.6263340895448662,0.6269710852247099,0.6275672186664656,0.6281252887180988,0.6286469553659241,0.6291350334130981,0.6295912460009029,0.6300173763936202,0.6304150516990504,-2.0,0.631130885455007,0.6314516588746047,0.6317494953123426,0.6320246508801742,0.6322788738016576,-2.0,0.6327272206283623,0.6329227297407213,0.6331001667406324,0.6332600589659495,0.6334033969109447,0.6335292993491314,0.6336395563792668,0.6337343308909725,0.6338132400167047,0.6338772828699879,-2.0,0.6339609807750126,-2.0,0.633987002580735,-2.0,0.633955036808921,-2.0,-2.0,-2.0,0.6337204156408627,0.6336256261625804,0.6335160987126109,-2.0,0.6332519856653772,-2.0,-2.0,-2.0,-2.0,-2.0,-2.0,0.6318220070116,0.631548057382581,0.6312551587983777,0.6309426665346846,-2.0,-2.0,-2.0,0.6294832246025281,0.6290618480671231,0.628616430854758,0.628145835408484,0.6276490569764012,-2.0,-2.0,-2.0,0.6253780340302438,0.6247332388031178,0.6240549727642071,0.6233417843615001,0.6225921510969188,0.6218044643557318,-2.0,0.6201081119176048,-2.0,0.6182381946362543,0.6172332049314384,0.6161786926049596,-2.0,-2.0,-2.0,-2.0,-2.0,0.6086771162295748,0.6072061271038125,0.605664139997584,-2.0,-2.0,0.6005783494835364,0.5987176973088396,-2.0,-2.0,-2.0,-2.0,0.5879901095200725,0.5855275621885473,-2.0,0.5802446060811085,0.5774128845755676,-2.0,0.57133860460236,-2.0,-2.0,-2.0,-2.0,0.5534377644615442,-2.0,-2.0,-2.0,0.5358054156025458,-2.0,-2.0,-2.0,0.5145799366475442,-2.0,-2.0,0.49586928460869095,-2.0,0.4818700695250513,-2.0,-2.0,0.4582828614403433,0.4496634452570596,-2.0,-2.0,-2.0,-2.0,-2.0,-2.0,-2.0,-2.0,-2.0,0.3374861097702639,-2.0,-2.0
0.007108186171827296,0.14353417494892604,0.15562248950636742,0.16782725238019436,0.18030756278690346,0.1930568478515882,0.20598659827568794,0.219021957247634,0.23224904270990232,0.24563611228288407,0.25915205225668114,0.27271909349640794,-2.0,0.29983967666792555,0.31340452455622875,0.32692366188883537,0.34035999954705853,0.35367772755610966,0.36684114614019997,-2.0,0.39234320804491374,0.40468394352801856,0.4167354225493045,0.4284837974930183,-2.0,-2.0,0.46129593142716946,0.47142413210823175,0.4812246489406739,0.4902856806920466,0.49909241549607214,-2.0,0.5152069017525548,0.5228026958162755,0.5296311780071509,0.5363503520020747,0.5425202174442076,0.5481888843398333,0.5538787867024179,-2.0,0.5634934863733699,0.5682172562395453,0.5724211141020962,-2.0,0.5797104115015261,0.5833712586339389,0.5866994797673772,0.589687913003237,0.5923844282019451,0.5948325534662722,0.5972645303721728,0.5997688278272862,-2.0,0.6042200790289786,0.6061695698680885,0.6079616742011197,0.6096133813593232,-2.0,-2.0,0.6138588343290732,-2.0,0.6162671233849807,-2.0,0.6187455666716295,0.6198896808537313,-2.0,0.6219499398747388,0.6228780360553114,-2.0,0.6245552086479678,0.6253128299152104,-2.0,0.626684579892974,0.6273049653673023,0.6278851849963312,-2.0,0.6289358491341785,0.6294107664632694,0.6298541070839173,0.6302675899265262,0.6306534351213814,0.6310129272824956,0.6313468831644401,-2.0,0.6319442433237563,0.6322095934965264,0.6324539815354703,0.6326782471688008,0.6328831560931335,0.6330695460784506,-2.0,0.6333883822567155,0.633522210157572,-2.0,-2.0,0.6338262097966205,-2.0,0.6339509540431877,0.6339908359202524,0.6340159373885916,-2.0,0.6340223039862499,-2.0,-2.0,-2.0,0.6338610861756491,-2.0,0.6336929699018976,0.6335866354614914,0.633465203241958,-2.0,0.6331760919224572,-2.0,-2.0,-2.0,-2.0,-2.0,0.6319151009907361,0.6316430925440157,-2.0,0.6310412988130243,-2.0,-2.0,-2.0,-2.0,-2.0,-2.0,-2.0,0.6277590941574649,-2.0,-2.0,0.6261040354097551,-2.0,-2.0,-2.0,-2.0,0.6227099482589429,-2.0,-2.0,-2.0,0.6193165159958208,-2.0,-2.0,-2.0,-2.0,-2.0,0.6128190269697754,0.6115431899637737,-2.0,-2.0,-2.0,-2.0,0.6041745984332655,0.6024809095445051,-2.0,0.5988454968435695,-2.0,0.5948530978677752,-2.0,-2.0,0.5881193637977523,0.5856570656797789,0.5830773270812311,0.5803745825951848,0.5775430801025896,0.5745767407305262,0.5714692098114605,0.5682138300835309,-2.0,0.5612312851989223,0.5574891620645709,-2.0,0.5494631160528554,-2.0,0.5406566557162562,-2.0,-2.0,-2.0,0.5203931305648293,0.5147124484394207,-2.0,-2.0,0.49600208874100726,0.4891646771748318,-2.0,-2.0,-2.0,-2.0,0.4497967438559488,-2.0,0.43131330255398714,0.42140951401635374,0.4110364211841243,0.4001716634157862,-2.0,0.37687326640398294,0.3643896821079379,0.3513145844764994,0.33761994660746214,0.3232764589256683,0.30825332638344927
0.006905513520162323,0.1362717795693323,0.148068590170168,0.1601937944174167,0.1726098196860978,0.18512224128309665,0.1978969309354357,0.21090568169269852,0.22410317018925457,0.23733933869185259,0.2507260927361866,0.2642306471496677,0.27781909838175944,0.29145672786797555,0.3050888975003521,0.31860718768470214,0.33206092988075603,0.3454158425989218,0.35863528218896124,0.37168323615811977,-2.0,0.3971427495598455,0.4094347276709119,0.42130440826839266,0.4328421899154125,0.4440512893201679,0.4549479973154701,-2.0,0.4751618576721346,-2.0,-2.0,0.5022852036340302,0.5106224991101553,0.5181266566450561,-2.0,0.5322190755690445,0.5388911016922471,-2.0,0.5504830939236779,0.5559296989126851,0.5606674243060388,0.5654009522212419,0.5699657280863846,0.5739754852411528,-2.0,0.5812040099903398,0.5847728684472111,0.5879684924180177,0.5908427453908872,0.5934411032470224,0.5958434790814398,0.5983168605393162,0.6007772265027299,0.6030252878426552,0.6050826692221628,-2.0,-2.0,0.6103114301384462,0.6117926540399943,0.613164116083742,0.6144360405831528,0.6156254173592731,-2.0,0.6180967823545633,-2.0,0.6204062078281776,0.6214440696018518,0.6224124944880294,0.6233161716792692,0.624160577937291,0.6249498116797436,0.6256877672765025,0.6263779655993689,0.6270235931322936,0.6276275426957503,0.6281924409805139,0.628720779006388,0.6292144425400957,0.6296757176180824,0.6301063184029229,0.6305079105202283,-2.0,0.6312300133813072,0.6315531843071105,0.6318529108744676,0.6321295931742474,0.632384861360617,0.6326193850812201,0.6328339700945785,0.6330293494038257,0.6332061866992481,0.6333650835993052,-2.0,-2.0,0.6337395035082319,-2.0,0.6339074120407753,-2.0,-2.0,0.6340438917478539,0.6340593353816875,0.6340599756935306,0.6340458853663277,-2.0,-2.0,-2.0,0.633842358373377,0.6337543951285386,0.6336513563169208,-2.0,0.6333992770829132,0.6332498947673743,0.6330842094845581,-2.0,-2.0,0.6324878717737641,-2.0,0.6320030934020385,-2.0,0.6314439293771388,0.6311350140617941,-2.0,0.6304552599134766,-2.0,-2.0,0.6292696941729812,-2.0,-2.0,-2.0,-2.0,-2.0,-2.0,-2.0,0.6249592714994546,-2.0,0.6235713784532881,-2.0,0.6220372943488633,-2.0,0.6203438860823072,-2.0,0.6184766494988068,-2.0,-2.0,-2.0,-2.0,0.6129391262206593,-2.0,-2.0,-2.0,-2.0,0.6059127808954368,0.6042972729434256,-2.0,0.6008292218030293,0.5989692569031905,-2.0,-2.0,-2.0,-2.0,-2.0,0.5857825764242589,0.5832030724691082,-2.0,0.5776693015182776,0.5747031792782117,0.5715958513251619,0.5683406657018439,-2.0,-2.0,-2.0,-2.0,0.5495908074827869,-2.0,-2.0,-2.0,-2.0,-2.0,-2.0,-2.0,0.508891019102127,-2.0,-2.0,-2.0,0.48213214527370885,-2.0,0.4667744272545521,0.4585453219428481,-2.0,0.4408984521306403,-2.0,-2.0,0.4111660458429396,-2.0,-2.0,0.37700311585043084,-2.0,0.351444522050192,0.3377499360872817,0.32340650149175915,0.30838343006701807
0.006708619586547219,0.12898390437685284,0.14071246515399116,0.15267809109167996,0.16484090419522174,0.17730259358053999,0.1900167720339775,0.2028169912162,0.21584361912360694,0.22906729024017874,0.2424582887047194,0.25590043077110847,0.2693940346171011,0.28295915246879116,0.29656131128613705,0.31016392078793925,0.32373060401180515,0.3372256747936174,-2.0,0.36367373538498443,-2.0,0.3893101321239041,0.401764242613229,-2.0,0.4258369080209084,-2.0,0.4482407691588898,0.4588720496962608,0.46920528170522624,-2.0,0.4881864617770504,0.4972257491556888,0.5055278092074347,0.5135473322665552,-2.0,-2.0,0.5348461291975384,0.5412783572379154,0.5469541860504213,0.5527255851617962,-2.0,0.5625206588247692,0.5672881857492815,-2.0,-2.0,0.5790165903570409,0.5826946548719993,0.586118851910558,-2.0,0.5919555393875249,0.5944608867236967,-2.0,0.5993718089565513,0.6017518546798801,0.6039258140528238,0.6059179445014982,0.6077475930986042,0.6094329581486753,0.6109886261259021,-2.0,0.6137596583663278,-2.0,0.6161802004351313,0.6174135306160906,-2.0,-2.0,0.6209076054986845,-2.0,0.622860849839584,-2.0,-2.0,-2.0,0.6260509339763747,0.6267230381792996,-2.0,-2.0,0.628489113446218,0.6290028685881733,0.6294828358820926,0.6299309361170616,0.6303489222750087,0.6307383991439112,0.6311008327858102,0.6314375637670895,0.6317498174431156,0.6320387155922838,0.6323052822643206,0.6325505055029981,0.6327750688948294,0.6329799165690779,0.6331656911263129,0.6333332575718589,0.6334825036287514,0.633614622331422,-2.0,-2.0,0.6339111557960475,0.6339779018244563,0.6340290656036982,0.634064861485778,-2.0,-2.0,-2.0,-2.0,-2.0,-2.0,-2.0,0.633809944527607,0.6337103079001274,-2.0,0.6334645360894476,-2.0,-2.0,-2.0,-2.0,0.6325663879560888,0.6323353071001334,-2.0,0.6318181124358228,-2.0,-2.0,-2.0,0.6305477108537966,-2.0,0.6297835738939193,-2.0,0.6289253129874955,-2.0,-2.0,-2.0,0.6268959993754691,-2.0,-2.0,-2.0,0.6243902562813974,-2.0,-2.0,-2.0,-2.0,-2.0,-2.0,-2.0,-2.0,-2.0,-2.0,-2.0,-2.0,-2.0,0.610443276568465,0.6090415012707429,-2.0,0.6060310737726586,0.6044159723719088,-2.0,0.6009486781010853,0.5990890627152649,-2.0,-2.0,-2.0,0.5907155376486172,-2.0,0.5859041975059501,0.5833249486517522,0.5806226974004097,-2.0,-2.0,0.5717186373191318,0.5684636938553604,-2.0,-2.0,0.5577400793309119,-2.0,-2.0,0.5454138552105197,0.5409088098477565,-2.0,0.5312469687485708,-2.0,-2.0,0.5149658548654773,0.5090159363886135,-2.0,-2.0,-2.0,0.48225745239588713,-2.0,-2.0,-2.0,0.4500518039520811,-2.0,-2.0,0.42166496985566104,0.41129198299938774,-2.0,-2.0,0.3771291867591862,-2.0,0.35157070562395826,-2.0,-2.0,0.3085097228498108
0.00651733960488242,0.12190463428408613,0.13342085039137075,0.14519136515798992,0.15729418391705569,0.16956530709676063,0.18205860881997593,0.1948189641088962,0.20781428677868097,0.22086282636048088,0.23409608653580863,0.24748649742164125,0.2610017597661364,0.27460897648321664,0.28818441779456727,0.30175052443841605,0.31530304147667515,0.3288049947104119,0.3422194869748538,-2.0,0.36864087369451043,0.38157112849900443,0.39416889108289715,0.40646120809976605,0.4184571104645172,0.43014242916871515,0.44151596240375246,0.4524849065824051,0.4628590803968363,0.4728958686731099,0.4826576466317506,0.49170486805461106,0.500397763027637,-2.0,0.5164283012118793,0.5240093223618335,0.5307501490962012,0.5374759571100871,-2.0,0.5492164186078629,-2.0,-2.0,0.5644002505195691,-2.0,0.5732277325640917,0.5768915794033828,0.5804870071703871,-2.0,0.5874122804611114,0.5903637384234803,0.5930285532880237,0.5954560726917953,0.5978996185560178,0.6003941157745458,0.6026940599091503,0.6047972678101761,0.6067262156945669,0.6084999803955988,0.6101348694392472,-2.0,0.6130422802405948,0.6143375422239746,-2.0,0.6167380356496213,-2.0,0.6192068059767151,0.6203391907460473,-2.0,-2.0,0.6232960893830242,0.6241536500207723,0.6249544097471168,0.6257026849442082,0.62640251000513,0.6270568597166983,-2.0,0.6282406965766147,0.6287753149373273,-2.0,0.6297411120276245,0.6301762844674292,-2.0,0.6309591026632665,0.6313099361645302,0.6316354353955099,0.631936799904822,0.6322150878399136,0.632471301504282,0.6327063329016939,-2.0,0.633116039332616,0.633292126045556,0.6334498633692655,0.6335897961467624,-2.0,0.633818118673823,0.6339073174443193,0.6339803256758666,-2.0,0.6340788398921595,0.6341047668881232,0.6341153491684417,0.6341106910062578,0.6340908549068404,0.6340558674704992,-2.0,0.633940335937649,-2.0,-2.0,-2.0,0.6335242643389191,-2.0,0.633220782456259,-2.0,-2.0,-2.0,0.6324110638142992,-2.0,-2.0,-2.0,-2.0,0.6309822460478436,0.6306352641697021,0.6302662730468542,0.6298744916851324,-2.0,0.6290191860112279,-2.0,-2.0,-2.0,-2.0,-2.0,-2.0,-2.0,-2.0,0.6237838623427994,0.6230376434588158,0.6222532150979826,-2.0,-2.0,0.6196534596760253,-2.0,-2.0,0.6166440580545648,0.615540105728091,0.6143818938722185,-2.0,0.6118926521191369,0.6105562928759257,0.6091550008666635,-2.0,-2.0,0.6045307892249528,-2.0,0.6010642801990382,0.5992050290506558,0.5972565307461495,0.5952146110044338,-2.0,0.590832801164774,0.5884835208972564,-2.0,0.5834430568493856,0.5807410397312646,-2.0,0.5749445649015451,0.5718376652581162,0.5685829367202351,-2.0,-2.0,0.5578598840498273,-2.0,-2.0,-2.0,-2.0,0.5363104770448945,-2.0,0.5261903353426118,-2.0,-2.0,0.5091371538500435,0.5029051345542734,-2.0,0.48954041549367644,-2.0,-2.0,0.4670217040197141,-2.0,-2.0,-2.0,-2.0,-2.0,0.41141419532930246,-2.0,-2.0,0.3772516064783638,-2.0,-2.0,-2.0,0.32365547106907583,-2.0
0.006331513506973245,0.1148753496199911,0.12621576988946992,0.1379190191673777,0.14974499888542964,0.16188466793162978,0.17432792266653002,0.18689407537685288,0.19967915688257976,0.21269682789513406,0.2259179164360904,0.23920803923124995,0.25259772161346916,0.26610193095495194,0.279686422861086,0.29331617588923803,0.3069557124298152,-2.0,0.3339633334787043,0.3472953666353232,0.3604864133537235,0.3735002227055382,0.3863047958533326,-2.0,0.411172209134735,0.423042874368588,-2.0,0.4456528252670097,0.45646891353655583,0.4668874138411368,0.47664477044576103,-2.0,-2.0,0.5035981497701146,0.5118646625557357,0.5193538874317193,0.5267310378698389,0.5333417672728336,0.5399590600094865,-2.0,0.5515031370331307,0.5568545557659433,0.5615491083664559,0.5663046383045,0.5707999044402273,0.5747514953716232,-2.0,0.5819770228783439,-2.0,0.5886559700752192,0.5914954952351419,0.5940635224339404,-2.0,-2.0,0.6013817136678591,0.6036051760901653,0.6056406720288813,0.6075093279130614,0.6092292424991632,0.6108154720782997,0.6122816648283986,-2.0,0.6148982834409029,0.6160818166755915,-2.0,0.6185536738733275,-2.0,-2.0,0.6218662238738903,0.622823970506333,0.6237178490551285,0.624552667108497,0.6253324880719628,0.6260613554036414,0.6267428371356103,0.6273795902435403,0.6279749537629924,0.628531690114179,0.6290511578081345,0.6295365049974352,0.6299898717346568,0.630411502547143,0.6308045754082009,0.6311700681367052,-2.0,0.6318236508286632,0.6321141256867132,0.6323818072913325,0.6326276420260132,0.6328524920521248,0.6330571402618724,-2.0,0.6334085956610337,0.6335566177214181,0.6336868756085835,0.6337998257130979,0.633895869713331,0.633975358212756,-2.0,0.6340858232267264,0.6341172605093712,0.6341330662766931,-2.0,-2.0,0.6340878835954693,0.6340417759393745,0.6339804202205122,-2.0,-2.0,0.6337027725837612,0.6335785136822426,-2.0,0.6332811049346656,-2.0,-2.0,0.6327081558744285,0.6324818496006877,0.6322371401324384,0.6319735214560992,-2.0,0.6313873183030342,0.6310635071458759,-2.0,0.6303510556749694,-2.0,-2.0,-2.0,-2.0,0.6281542983676077,-2.0,0.627089813358957,-2.0,-2.0,-2.0,-2.0,0.6238839158385854,-2.0,-2.0,-2.0,0.6206664139876361,-2.0,-2.0,0.617801777839114,-2.0,0.6156470588185216,-2.0,-2.0,-2.0,-2.0,-2.0,-2.0,-2.0,0.6046418347562478,0.6029497249068657,0.6011761360644741,0.5993172554871781,0.5973691149202223,-2.0,-2.0,0.5909463640695717,-2.0,-2.0,0.5835574554990715,-2.0,-2.0,-2.0,0.5719530436029575,-2.0,0.5652890656761129,0.5617174709091471,-2.0,-2.0,0.549951347663544,0.5456508443032904,-2.0,0.5364274676842082,-2.0,-2.0,-2.0,-2.0,-2.0,0.5030228818645184,-2.0,0.4896583713822664,-2.0,-2.0,-2.0,-2.0,-2.0,-2.0,-2.0,-2.0,-2.0,-2.0,-2.0,-2.0,0.3648871122693983,0.35181220951175346,-2.0,-2.0,-2.0
0.006150985788580498,0.10795014024135316,0.11921118990792479,0.13059866050831148,0.14234308935947504,0.15437387443711856,0.16655160325997026,0.17902608037313444,0.1917726955620503,0.2046202775134841,0.21765546291849117,-2.0,0.24427932722762338,0.25779211761558535,0.2712869544777493,0.2848482064951455,0.29844246222124676,0.31203228729483157,0.32558157699917434,0.33905403218666547,-2.0,-2.0,0.37843944093270715,0.3911044155583966,-2.0,0.4156364663329858,0.42746743089344685,0.43893845056852115,0.44985675353088705,0.46040565335809575,-2.0,0.4804465268397677,0.48957684278630487,0.4985235177202888,-2.0,-2.0,0.5223219092664935,0.5292893777415113,0.5359730112424478,-2.0,0.5479552501193028,0.5536984334256291,0.5587593386399623,0.5634016444917992,0.5681552881034163,0.572435437334866,-2.0,0.5797680153607736,0.5834417888690119,0.5868211191071868,0.5898528740506241,0.5925861651169834,0.5950621850437589,0.597476218735034,-2.0,0.6023362248407413,0.6044864370731396,0.6064570757432783,-2.0,0.6099357599580528,0.6114753436491347,0.6128992162723531,0.6142183356871052,-2.0,0.6166263166165915,-2.0,-2.0,-2.0,0.6213245122347573,0.6223240895953215,-2.0,0.624126780920013,0.6249395416030883,-2.0,0.6264084135858397,0.627071575386542,0.6276913581970913,0.6282705162535561,0.6288117054266332,-2.0,0.6297884504331419,0.6302277651207665,-2.0,-2.0,0.631371310467511,0.6316990741730732,0.6320022029547346,0.6322817926011626,0.63253884060381,0.6327742580540068,0.6329888702450331,0.6331834256349775,-2.0,-2.0,0.6336531875891104,0.6337736282300079,-2.0,0.6339629526388045,0.6340325354047578,-2.0,-2.0,-2.0,0.6341495455643057,0.6341392609811537,0.6341133398947845,0.6340717922786926,-2.0,0.6339416627541524,-2.0,0.6337482162157959,-2.0,0.6334900544695196,0.6333361678174105,-2.0,-2.0,0.6327715133203646,-2.0,-2.0,-2.0,0.6317631012617169,-2.0,0.6311401667820109,0.6307968489798205,-2.0,0.6300428888237304,-2.0,-2.0,0.6287312935490971,0.6282422592660019,0.6277256197283404,-2.0,-2.0,-2.0,0.6253600480662348,-2.0,-2.0,-2.0,0.6224529476899713,-2.0,0.6207659802833803,-2.0,-2.0,-2.0,-2.0,-2.0,-2.0,-2.0,-2.0,0.6107709192079912,-2.0,-2.0,0.606362990809741,0.6047491830713138,0.6030574979686799,0.60128431002451,-2.0,0.5974780489786717,-2.0,0.5932977747478234,0.591056306817835,-2.0,-2.0,0.5836682727365017,0.5809667961715389,-2.0,-2.0,-2.0,-2.0,-2.0,-2.0,-2.0,-2.0,0.5500643388780677,-2.0,-2.0,0.5365409385072322,0.5315984467983417,-2.0,0.5209988643425708,0.5153184897576141,-2.0,0.5031371304342409,-2.0,-2.0,0.4826117070143585,-2.0,-2.0,-2.0,-2.0,-2.0,0.4319243621723209,0.4220209148422368,0.41164810190231993,-2.0,-2.0,-2.0,0.36500257405892567,-2.0,0.33823334666828314,-2.0,0.30886728734003177
0.005975605379290422,0.10122316740551435,0.11216372182405063,0.12347553302633604,0.13505450761803853,0.14684110987436155,0.1589583965047038,0.17129608882358718,0.1838028105347311,0.19657393466054654,0.2095824497310403,0.22269680362511388,0.23593560321855545,0.2493288004297021,0.2628437680673376,0.276446896870316,0.2900907378297968,0.30365328757290116,0.31719291310481107,0.33067708035975063,0.3440683233015188,0.3573300605615905,0.37042758528256636,0.3833291132745877,0.3959695924117316,0.4082261082371513,0.4201654428066606,-2.0,0.44308813571422984,0.4540549921577194,-2.0,0.4743504846909343,0.48403619995211894,-2.0,-2.0,0.5100706685052852,-2.0,0.5251707411028026,0.5318461764872761,0.5385589081638944,-2.0,0.5502193610415961,0.5557742275438629,-2.0,-2.0,0.5699176399675338,0.5739978877346643,-2.0,0.581235362641841,0.5848464700388165,0.5880894579624775,0.5910043893404836,0.5936374368632079,-2.0,0.5985041333445961,0.6009840597048375,-2.0,0.6053390167579015,0.6072476631768177,0.6090026859894003,0.6106206391169858,-2.0,0.6134981488979688,-2.0,0.6159727567301926,0.6171741257306119,-2.0,0.6196309944457807,0.6207514688259946,0.6217950944313958,0.6227683229804871,0.6236758042731638,0.6245229886014159,0.6253146086561099,0.6260534458104656,0.6267440330782968,0.6273897421201744,-2.0,-2.0,0.629081367937639,0.6295720997422591,-2.0,-2.0,0.6308526786055018,0.6312210994736721,0.6315628542602383,0.6318791328582891,-2.0,0.6324397815954989,0.6326865109505175,0.6329111141103524,0.6331154175652267,0.6332997936137381,0.6334648890536475,0.6336114963771177,-2.0,-2.0,-2.0,-2.0,-2.0,0.6341217206005584,0.6341485121284646,0.6341592222925188,0.634153964429908,-2.0,0.6340957768584514,-2.0,-2.0,0.6338891237675638,-2.0,-2.0,-2.0,-2.0,-2.0,-2.0,-2.0,-2.0,-2.0,0.6321097973803914,-2.0,-2.0,-2.0,-2.0,0.6305072184991726,0.6301205001970508,-2.0,-2.0,0.628813642566822,0.6283260398240229,0.627810765657244,-2.0,0.6266927457393,0.6260876163409566,0.6254500411959537,-2.0,-2.0,-2.0,-2.0,-2.0,-2.0,-2.0,-2.0,0.6180016197631932,0.616951618861727,0.6158495900435289,-2.0,0.613480053422557,0.6122074515876665,0.6108727033108858,-2.0,0.6080051898457393,-2.0,-2.0,-2.0,-2.0,0.5995308246711488,0.5975834341373141,-2.0,0.5934038769461046,0.5911627267369106,-2.0,-2.0,-2.0,0.5810743942274719,0.5782443497973203,0.5752794031315145,-2.0,-2.0,-2.0,-2.0,0.5581978970590109,-2.0,-2.0,-2.0,-2.0,0.5366509925464044,-2.0,0.526531702906074,-2.0,-2.0,-2.0,-2.0,-2.0,-2.0,-2.0,-2.0,-2.0,-2.0,0.45051861112928904,-2.0,0.4320360663849905,-2.0,0.4117599590442623,0.4008956081287422,0.38951639747946326,-2.0,0.3651146829048061,0.35203989831821675,0.338345555902357,0.3240023337825148,-2.0
0.005805225516094896,0.09447109805079254,0.1053171148837388,0.11644746262050476,0.127805010908416,0.13952362287441036,0.15141413656015051,0.16356873891254753,0.17602449116636976,0.18865871356540637,0.20145498172784407,0.21448101856808616,0.22770779903443264,0.24107064237304487,0.25446252722984497,0.2679659917136173,0.28154607775006574,-2.0,0.30879428846297513,0.32239052422575126,0.3358572985853547,0.34916580179957546,0.3623274761774025,0.3753064615933094,0.38806979464756913,0.40058914306668125,0.41284232394308873,0.4247546178314157,0.43617653061610107,0.44723959919388406,0.45797382424367483,0.46838059170661644,0.478110928447407,-2.0,0.4965768344965478,-2.0,-2.0,0.5205605092830659,0.5278272507981084,0.5344422949244451,-2.0,-2.0,0.5524836934298187,0.5577413559482508,-2.0,0.5671721649753113,0.5715978280180383,-2.0,0.5790475528881357,0.5827174856228856,-2.0,0.5893090245981948,0.5921137594668008,0.5946515865235205,-2.0,0.5995425853487759,0.601951514550812,0.6041505093241597,0.6061640265817976,0.6080128890905159,0.6097146073879489,0.6112845312886667,0.6127354749674911,0.6140790373591456,0.6153249335219617,-2.0,-2.0,-2.0,0.6201455500696287,0.6212357764549268,-2.0,-2.0,-2.0,0.624906799281068,-2.0,0.6263963009336827,0.6270683618283923,0.6276961667941102,-2.0,-2.0,0.6293411029110054,0.6298173522154557,-2.0,0.6306744499806654,-2.0,0.6314147506162087,0.6317446987161147,0.6320495074032244,0.6323304264806054,0.6325880558036863,-2.0,-2.0,0.6332320608702505,-2.0,0.6335610487033604,-2.0,0.6338156354757363,-2.0,0.633998618215575,-2.0,0.6341136489580008,-2.0,-2.0,0.6341623269754767,-2.0,0.6341137310546828,0.6340652484412255,-2.0,0.6339197096265687,0.6338224522720328,-2.0,0.6335781565068911,0.6334306763092539,-2.0,-2.0,-2.0,-2.0,0.6324275039054587,-2.0,0.6318944857733635,0.6315977098099289,-2.0,-2.0,-2.0,-2.0,-2.0,-2.0,0.6288918265129354,-2.0,-2.0,0.6273491273701185,-2.0,0.6261725181908347,0.6255361039171489,0.624865828010065,0.624160257926232,0.6234178853845642,0.6226371260214846,0.6218163075031484,0.6209536757415355,0.6200473849487202,-2.0,-2.0,-2.0,-2.0,-2.0,0.6135770946880953,0.6123050929007195,0.6109709094559502,0.6095717088333308,-2.0,-2.0,0.6049531775344926,-2.0,0.601490036673354,-2.0,0.5976853502720725,0.5956448564489203,0.5935065173797722,0.5912657097859909,0.5889176726246276,0.586457362324697,0.5838795106760757,0.5811785870181084,0.5783488132701845,0.5753841223462951,0.5722781652321073,0.5690242888537491,0.5656155166550125,-2.0,0.5583037312325373,0.5543850527183676,0.5502801181754795,0.545980132298141,0.5414758819118742,0.536757721396534,0.5318155290402717,0.5266387277366464,0.5212162248641848,0.5155363984949174,0.5095870860384684,0.5033555327305133,0.4968283965681095,0.4899916872985959,0.4828307640031215,-2.0,0.46747415487083976,0.4592455548307885,0.450626896462307,0.4415996370614492,0.4321444917485039,0.42224119387586356,-2.0,-2.0,0.389625104626996,0.377706712143884,0.3652235079930134,0.3521487811153316,-2.0,0.3241113364771114,0.3090885468661493
0.005639703620576279,0.08789824536832441,0.09858474309578072,0.10947944800108186,0.12076269509078272,0.13220682878185158,0.14396708004011052,-2.0,0.16825582063628688,0.180743108697301,0.19350004324150566,0.2064179371980084,0.21946182980745782,0.2326969377685608,0.24609347225709932,0.2596189697988286,0.27317380573456185,0.2867303770369331,0.30031567390212793,0.3138927566669173,0.3274240825378395,0.34087432250682587,0.35420549508570276,0.36737700006001367,-2.0,0.39288880971227663,0.40524626721742746,0.41731543123021597,0.42908293503872424,0.44053840437442715,-2.0,-2.0,0.4720753948371556,0.48188053671279124,0.49094982326673164,0.49978283059887263,-2.0,0.5159147294299412,0.5235099822314904,0.5303597032578227,0.5370736303595559,0.543268812892729,0.548932949512104,-2.0,-2.0,0.5642578723647644,0.5689862031863897,0.573201504708465,-2.0,0.5804926211256666,0.5841542517316408,0.5874891064236185,0.5904823413983431,0.5931827301847163,-2.0,0.5980573827566263,-2.0,-2.0,0.6050130638133618,0.6069624689981592,0.6087540286853251,0.6104043983444417,-2.0,0.6133369393390183,0.6146422846075263,-2.0,-2.0,0.6182804054178852,0.6195052822793929,0.6206445542032298,0.6217052606017865,0.6226937349440661,0.6236154238142074,0.6244753358642764,0.6252780966744302,0.6260276805314843,0.6267277336981114,0.6273815533647801,0.6279921246340815,0.6285621578454048,-2.0,-2.0,0.6300525554647182,0.6304829381460882,0.6308830793323706,-2.0,-2.0,0.6319168499090088,-2.0,-2.0,0.6327265845010894,0.6329514914822925,0.6331552994831442,0.6333387305131619,0.6335024347836928,0.6336473708955834,-2.0,-2.0,-2.0,0.6340436930831005,-2.0,-2.0,-2.0,-2.0,0.6341532019638069,-2.0,-2.0,-2.0,-2.0,-2.0,-2.0,-2.0,-2.0,-2.0,-2.0,-2.0,0.6327162304257832,0.6324814959753441,0.6322273699609149,0.6319533273658685,0.6316588005163898,0.6313431746607076,0.6310057902109956,0.6306459390109291,0.630262861683599,0.6298557499472034,0.6294239493721676,0.6289659228014187,0.6284813188250262,-2.0,0.6274275769287236,0.6268561957427455,0.6262535406722759,-2.0,0.624949183862209,-2.0,0.6235033635909769,0.6227235924170301,0.6219037147200699,0.62104198192294,-2.0,-2.0,0.6181867265560368,0.6171381693116927,0.6160375577310344,0.6148825308070487,0.6136706202623738,0.6123992306705816,-2.0,0.6096669849572134,0.608200278115316,-2.0,0.6050499840808161,0.6033596489251977,-2.0,-2.0,0.5977838914811837,0.5957437877546524,0.5936058047707898,0.5913653558850235,0.589017652156812,-2.0,-2.0,0.5812794802814103,0.5784499818990223,-2.0,0.5723798515767422,0.5691262120384089,-2.0,-2.0,-2.0,-2.0,-2.0,-2.0,0.5415792261315211,-2.0,0.5319191835751166,0.5267425354879952,-2.0,-2.0,0.5096913683428401,0.5034598882918625,0.4969328596650595,0.4900962679802193,0.48293544268993593,0.4754350535650834,0.4675790308540808,-2.0,0.4507319568401421,-2.0,0.432249745949827,0.42234652171142995,-2.0,-2.0,0.38973066994843025,-2.0,0.3653291792068776,0.3522545089149774,-2.0,0.3242171879919267,0.3091944462423363
0.005478901179593939,0.0814927104131318,0.091895138965285,-2.0,0.11371122587019983,0.12503976278063014,0.1366822512685627,0.14848489985272195,0.16061633163497108,-2.0,0.1855409389956911,0.19832237295762378,0.2113392936392354,0.22452527833812624,0.2377695674191099,0.25116560262445004,0.2646792619174735,0.2782778577175512,0.2919262896680651,-2.0,0.31907566635698453,0.33254171286619816,0.3459092156776616,0.359141955348249,0.37220457942882695,0.38506496391613243,0.3976953069191531,-2.0,-2.0,0.4334185625541102,-2.0,0.4555630303884896,-2.0,0.4757884262137456,-2.0,0.49448752405131563,-2.0,-2.0,0.5188087680002335,-2.0,0.5329213152330561,0.5396013891634598,0.5454504051417297,0.5512001801307059,0.556665550232636,-2.0,0.5661373548503714,0.5707140105924753,0.5747336988725026,0.578326072931244,0.581957652414554,0.5855322584346313,0.588733191656032,0.5916117802327727,-2.0,-2.0,-2.0,0.6015406928233797,0.603789749806235,0.6058474278084156,-2.0,-2.0,-2.0,-2.0,0.6139200715638042,0.6151886574746048,0.6163725736664377,0.617577631040263,0.6188289220102421,0.620020102957934,0.6211283459402133,0.6221603872130003,0.6231222252407047,0.6240193699747252,0.6248561701172552,0.6256373942256167,0.6263667779815383,0.6270478291578264,0.6276837447351923,0.6282773323239138,0.628831271100788,0.6293484335805354,0.6298294123099525,-2.0,0.630694686328766,0.6310822719586013,0.6314408329842419,0.6317728827491866,-2.0,0.6323611392276158,0.6326195018593596,0.6328552958149032,0.6330693653608545,0.6332624760475455,0.6334353167635877,0.6335885008338786,0.6337225819756482,0.6338380466443351,0.6339353226730355,0.634014780530765,0.634076736499632,0.6341214560380548,0.6341491544044565,0.6341599994828556,0.6341541098785113,0.6341315655140439,0.6340923908331972,0.6340366535254579,0.6339640731488305,-2.0,0.6337685592964236,0.6336452331017665,-2.0,0.6333463411093082,-2.0,-2.0,0.6327628583146425,0.6325308182298673,0.6322792547595893,0.6320076510805439,-2.0,-2.0,0.6310667465146421,0.6307088970557535,0.6303277266408476,-2.0,-2.0,0.6290359766063224,-2.0,-2.0,0.6275021189490156,-2.0,-2.0,-2.0,0.6250287794602936,0.6243254153721618,0.6235851466610838,0.6228063920298755,0.6219874850902971,0.621126676026909,0.6202221231361196,-2.0,0.6182739478786765,0.6172261547963777,-2.0,-2.0,0.6137606956796916,-2.0,0.6111569474061357,-2.0,0.6082927149978565,-2.0,-2.0,0.6034535890775113,-2.0,0.5998253182975714,-2.0,-2.0,0.5937018171572468,0.5914617313091791,0.5891143714865638,0.5866547078727805,0.5840774720441797,-2.0,0.5785479263421888,0.5755837725895206,-2.0,-2.0,0.5658166316370232,-2.0,0.5585057159524046,-2.0,-2.0,0.5461832824156023,0.5416793864447426,0.5369615552542781,0.5320196882792476,-2.0,0.5214209822985111,0.5157415816145251,0.5097923898313896,0.5035610926663361,-2.0,-2.0,0.48303701049292624,0.4755367294026165,0.4676808083638023,0.4594524132896582,0.4508339177573748,0.4418068531507424,0.43235188346112763,0.422448743728299,0.4120762254339403,0.4012121053251391,-2.0,-2.0,0.3654317565787498,0.35235714896036247,0.33866299044987586,0.32431992994067765,-2.0
0.005322683629372804,0.07507780444836251,0.08539684452259555,0.0959588067530705,0.10682238615869194,0.11801377931561856,0.12938830351723513,0.14112247959239355,0.153078391609478,0.16524726102882153,0.17771526819015035,0.19041876404902874,0.20322572675209685,0.2162596263418579,0.22949178861558808,0.24289153242500638,0.25632190496451157,0.26982450260505697,0.2833999340424032,0.29701239202146834,0.31062575764944145,0.3242041599661912,0.3377093639086065,0.35102870563737804,0.36416062431686014,-2.0,0.38982508370735064,0.4022954959242726,0.4144928005133142,0.4263976193341068,0.43782521088261334,0.4488135825686459,0.45946456114063555,0.469816389625522,0.47956253339684185,0.48881264900340105,0.49786742884813673,-2.0,-2.0,0.5217485667723346,-2.0,-2.0,-2.0,0.5476532403708859,0.553426820579562,0.5585922153806577,0.5632378090918262,-2.0,0.5723615629452636,-2.0,0.5797493503761679,0.5834242020510112,0.5868547419179205,0.5899293231015884,-2.0,-2.0,0.5976061862631595,0.6001072293632433,0.6024886721229777,-2.0,-2.0,0.6084835672522007,0.6101672158010809,0.6117204273636179,0.6131561055885314,-2.0,-2.0,-2.0,0.6181197270067629,0.6193608025723439,0.6205191949515115,0.621597264155984,0.6226015182620681,-2.0,0.6244101973952447,0.6252246293894791,0.6259847635180829,0.6266943808475685,0.6273567262198743,-2.0,0.6285518909871286,0.6290899526333293,0.6295914592311666,-2.0,-2.0,-2.0,0.6312708798280852,0.631617369469736,0.6319373278276256,0.6322319466041367,0.6325023108034795,-2.0,-2.0,-2.0,-2.0,0.6335217088996573,0.6336643725370688,0.6337876798405959,0.6338927991816848,-2.0,-2.0,0.6340989182481228,0.6341326704202838,0.6341492524474462,-2.0,-2.0,0.6340971258258,0.6340459532257604,-2.0,0.6338927376640976,0.6337904854734012,0.6336709286188396,-2.0,-2.0,0.6332061266135569,0.6330148322296328,0.632804767764372,-2.0,0.6323265905090629,-2.0,-2.0,-2.0,-2.0,-2.0,-2.0,-2.0,-2.0,-2.0,0.6286206298218346,-2.0,-2.0,0.6270041879566997,0.6264041568643632,-2.0,0.6251046868028736,-2.0,-2.0,-2.0,0.6220676932551905,-2.0,-2.0,0.6193548271538608,-2.0,-2.0,0.6162115716581749,0.6150579587116047,-2.0,0.612577290048718,0.6112449226268105,-2.0,-2.0,0.6068450105876776,0.6052336341905773,-2.0,-2.0,0.5999169149343521,0.5979711585982048,0.5959318551238618,0.5937946355422483,-2.0,0.5892079174016003,0.5867485902000018,0.584171675364685,0.5814716594200459,-2.0,0.5756788600811423,0.572573681087763,0.5693205526851117,-2.0,-2.0,-2.0,-2.0,-2.0,-2.0,-2.0,0.5370588287643919,-2.0,0.5269408156521905,0.5215187381909953,0.51583933731617,0.5098904286949788,0.5036592702981005,-2.0,-2.0,-2.0,-2.0,0.46777956392239883,-2.0,-2.0,0.44190589394485547,0.43245101582003775,-2.0,-2.0,-2.0,-2.0,0.3780143356955821,0.36553133373781777,-2.0,-2.0,0.32441991365961637,0.3093970629547762
0.0051709202428967555,0.0688462689124602,0.07897565900836986,0.08934520322107584,0.10009030111667558,0.11100292578836758,0.12230276664073078,0.1338096846998292,0.14558560326682082,0.15769447534550882,0.16995567002084033,0.1824553750859951,0.19522224233611302,0.2082109939661355,0.22126251521285617,0.23450330599340477,0.24790214012425235,0.2614265481393003,0.2750405426289744,0.28860701835166913,-2.0,0.3157466243044385,0.32925960544717914,0.34268573008329156,0.35598853949800247,0.3691338572712239,0.38206657193493926,0.394664231347301,0.40697171125205184,0.4189836855513438,0.4306860277169175,0.4420775707183062,-2.0,0.46342912219668736,0.4734864034019719,-2.0,0.4923072527335206,-2.0,-2.0,0.5170703112547003,-2.0,0.5314103088997318,-2.0,-2.0,0.5498897335824228,0.5555307413544005,0.5604210006328431,-2.0,0.5697832002990958,0.5739342904810149,-2.0,0.5811924531892944,0.5848340196739091,-2.0,0.5910801288700777,0.5937475654137221,0.5961746746109206,0.5986112972204884,0.6011038055301335,0.6034045155989815,0.6055076463793008,0.6074357602183991,0.6092080001925503,-2.0,0.6123480036031242,0.6137420320193034,0.6150334259035465,-2.0,-2.0,0.618664726950171,0.6198762577439341,0.6210029219824904,0.6220517327604337,-2.0,0.6239392055842496,0.6247885137969129,0.62558090870473,0.626320374709189,0.6270105069948956,0.6276545550820154,0.6282557779220485,0.6288158944097909,0.6293382788426578,-2.0,0.630277518761866,-2.0,-2.0,0.6314500609156728,0.6317841237770874,0.6320919976355138,0.6323748277778796,0.632633656019118,0.632869424318872,0.6330829901941,0.6332751216950344,0.6334465597436074,0.6335977939711861,0.6337295055868128,0.633842139646463,0.6339361222264374,0.6340118219002905,-2.0,-2.0,0.6341320844977918,-2.0,0.6341251945919298,-2.0,0.6340495871686672,-2.0,-2.0,-2.0,-2.0,-2.0,-2.0,-2.0,-2.0,0.6328420059050606,-2.0,-2.0,-2.0,0.631815583425157,0.6315067948495338,-2.0,-2.0,0.630445086870732,-2.0,-2.0,-2.0,0.6286844833344561,0.6281766517499351,-2.0,-2.0,-2.0,-2.0,-2.0,0.6244759524641935,-2.0,-2.0,0.6221444121420419,-2.0,-2.0,0.6194343557946652,-2.0,-2.0,-2.0,0.6151406622151812,0.613930825659665,0.612661473457849,-2.0,0.609932771501239,-2.0,0.6069316954507206,-2.0,0.6036317740296162,0.6018612814065716,-2.0,0.5980600476402793,-2.0,0.5938843448736858,-2.0,0.5892983716844756,-2.0,0.5842628309858368,0.5815631030786953,-2.0,-2.0,0.5726660001667312,0.5694131259948738,0.5660053282488752,-2.0,-2.0,0.5547774804975311,0.5506733438421675,0.5463741192493416,0.5418705946432287,-2.0,-2.0,0.5270354277790554,0.5216135266413406,0.5159342774644163,0.5099855127613946,-2.0,0.49722784782175733,0.4903916151871738,-2.0,-2.0,-2.0,-2.0,0.4510288850161861,0.4420020103655232,0.43254723460079103,0.4226442503483291,-2.0,0.4014079199089556,-2.0,-2.0,-2.0,0.3525535188017677,0.33885948152872597,0.32451654242576405,0.3094939725626237
0.005023484020512821,0.06278377536476595,0.07263355261186433,0.08292065358431727,0.09335957583014348,0.1041923971073666,0.11525358992925505,0.12659876654876762,0.13830339344524473,0.1501235958352663,0.1622692483515967,0.1747187942241164,0.18727456155910963,0.20006634780156618,0.2130911546589576,0.22631993902694952,0.23959902257232174,0.25299709140654725,0.26650986842351243,0.2801032373455175,0.29374276353074985,0.3073930424255377,0.32095273661805607,0.33439962500949594,0.3477432659095047,0.36094634341546417,0.37397338000120506,0.3867920296582576,0.3993737351505019,0.41168090607692437,0.42354897815740933,-2.0,0.4461928665028778,0.4570277050025916,-2.0,0.4772129228650595,0.4866928985405216,0.49582641686193446,0.5042005952338396,0.5124827093594898,0.5199717719106558,-2.0,0.5339774622859743,0.5406053853947136,0.5463805440471797,0.5521545493470753,-2.0,0.5622214949039488,0.5669707970920529,0.5714771537795997,-2.0,0.5790059815737593,-2.0,-2.0,0.5893452554566211,-2.0,0.5947578032457045,0.5971508511410397,-2.0,0.6020659020877379,0.6042895255112655,0.6063243823855339,0.6081916763742243,0.6099094458964289,0.6114931435642201,0.6129561025926396,0.6143098856689068,-2.0,0.6167417345887327,-2.0,0.6191978394491922,0.6203758591721903,0.6214716083684801,0.6224917277114532,0.6234421281975373,0.6243280930029153,0.6251543553340715,-2.0,0.6266443667844842,0.6273154047116135,0.6279414905255376,0.628525220824005,0.6290694028437039,0.6295762940740515,0.6300480167868837,0.6304865062868592,-2.0,0.6312706647480755,-2.0,-2.0,-2.0,-2.0,0.6327550896390018,0.6329794622141579,0.6331817834819059,0.6333627881826709,-2.0,-2.0,-2.0,-2.0,-2.0,0.6340333810431571,-2.0,0.6341084425008264,0.6341194286131109,0.6341128788059013,-2.0,-2.0,-2.0,0.6339122631999976,-2.0,0.6337067006024816,0.6335771445275933,0.6334294473269623,0.6332633361010228,0.6330784932870479,0.632874559611085,-2.0,0.6324077552213584,-2.0,0.631859145221716,-2.0,0.6312242101870399,-2.0,-2.0,-2.0,0.6296733875047617,0.6292224654388491,-2.0,-2.0,0.6277029131346094,0.6271372116179037,-2.0,-2.0,-2.0,0.624545890954266,-2.0,-2.0,0.6222176915330591,-2.0,-2.0,0.6195105302266148,-2.0,0.6174697825600889,-2.0,0.615220107756034,-2.0,-2.0,-2.0,-2.0,-2.0,0.607014803974893,-2.0,0.6037161649963984,-2.0,0.6000907265972556,0.5981458626819967,0.596107410735683,0.5939710051154841,-2.0,0.5893858015814454,0.5869271799308541,-2.0,0.5816515738231757,-2.0,0.5758599645226684,0.5727553470696948,0.5695027416719578,0.5660951901239233,-2.0,-2.0,-2.0,0.5507641383562534,0.5464651185731502,-2.0,-2.0,-2.0,-2.0,0.5217054168171028,0.5160264023237339,0.5100777085964483,-2.0,-2.0,-2.0,0.4833238609662096,0.47582392065992285,0.46796832510733133,0.45974024252049656,-2.0,0.4420952646475469,-2.0,-2.0,-2.0,0.40150151864433886,-2.0,0.3782046818568983,-2.0,0.3526474082303061,-2.0,-2.0,-2.0
0.004880251583654429,0.05670836888397474,0.06647266869366719,0.07648417169908878,0.0868211657860033,0.0974413209125866,0.10832248730173294,-2.0,0.1309669913155646,0.14271663762179726,0.1547378904301496,0.1669210568657829,0.17940146204538784,0.19215438061017892,0.2049919647950407,0.21803390949631102,0.23127155097902247,0.24467301205623412,0.2581771242555239,0.2716780036357419,0.2852480699018378,0.2988513793851656,0.3124514085272563,0.3260114727484276,0.33949517046065025,-2.0,0.36598700046940985,-2.0,0.3915721601622723,-2.0,-2.0,0.427980083100298,0.43944979816999513,0.450375872058084,-2.0,0.47120491760060246,0.4809968966453815,0.49014383027072095,-2.0,0.507428896275826,0.5153444594790837,0.5229183987594184,0.5299095340830516,-2.0,0.5429257991271798,-2.0,0.5543343654990185,-2.0,-2.0,0.5688033015537384,0.5730929659841307,-2.0,-2.0,0.5840993824852366,0.5874837618287289,0.5905187431073609,0.5932545852710042,-2.0,0.5981394278891118,-2.0,0.602994996792682,0.6051450300145147,0.6071144444395508,0.6089233093786676,0.6105886841080604,-2.0,-2.0,-2.0,0.6160793413374189,0.6172553394635033,0.6184836723151718,0.6197144751902939,-2.0,0.6219255827752992,0.6229178467517966,0.6238425242883716,0.624704209594977,0.6255079204098549,0.6262575858616978,-2.0,0.6276091599491336,0.6282174059898934,0.628784357557405,0.6293124906599459,0.6298040551503057,0.6302610980106208,-2.0,-2.0,-2.0,0.6317788802421392,-2.0,0.6323719878699281,-2.0,0.6328665424928432,0.6330794346007996,0.6332704069501573,0.6334401641160374,0.6335893145506323,0.6337184281320415,-2.0,-2.0,-2.0,-2.0,-2.0,-2.0,-2.0,-2.0,0.6340395388172164,-2.0,0.6339138178937631,0.6338242736077552,-2.0,-2.0,-2.0,-2.0,0.6331032035567571,-2.0,0.6326821092973595,0.6324416398892363,-2.0,-2.0,-2.0,0.6312683658298536,-2.0,0.630546235844195,-2.0,-2.0,-2.0,-2.0,-2.0,0.6277624165382002,-2.0,-2.0,-2.0,-2.0,0.6246127538053938,-2.0,-2.0,0.622287605759351,0.6214307839763161,-2.0,0.6195834268809037,0.6185889413283531,0.6175444430843559,0.6164477034431447,0.6152963727562593,0.6140879844871774,-2.0,-2.0,0.6100939725782928,-2.0,-2.0,-2.0,-2.0,0.6020280406302695,-2.0,-2.0,0.5961906813236052,-2.0,0.5918161658750624,-2.0,0.5870120350924537,0.5844361454041187,-2.0,0.578909115208061,0.5759461330761898,-2.0,0.5695894813352618,0.5661822500896664,-2.0,-2.0,-2.0,-2.0,-2.0,-2.0,0.5373330851984711,-2.0,-2.0,-2.0,0.5161155628201363,-2.0,-2.0,0.4974099945087074,-2.0,0.4834138308749315,-2.0,-2.0,-2.0,-2.0,-2.0,-2.0,-2.0,0.4124561664866382,0.40159236278144256,0.39021365743532893,-2.0,0.36581289036413644,-2.0,0.3390446738582265,0.32470181848847873,0.3096793673549425
0.0047411030715949695,0.050806565115049974,0.06039814689035933,0.07021403636379248,0.08039933953147954,0.09078709949749623,0.10158812972379444,0.11252174212128158,0.12383805084105491,0.13540839070802613,0.14719983239028786,0.15932256065394135,0.1716508188296388,0.18416289962470672,0.19694026593195926,0.20995579077995563,0.2230599050457952,0.23630611681676875,0.24970681129007036,0.26322982403957484,0.276841271665052,0.2904791397410797,0.304045824458163,0.31759546557444734,0.33108949799400134,0.3444915928641595,0.357764855182442,-2.0,-2.0,0.39642631943245377,0.4086888266281609,0.42064270957614847,-2.0,0.4435971436341754,0.4545696272872708,0.4649223920115315,0.4748848855826887,0.48458858614234124,0.4936507981982922,0.5022494865727827,0.5106400925862828,-2.0,0.5257589178592142,0.5324429787486411,0.5391579316284981,-2.0,0.5508272652148328,0.5563946039359082,0.5612091280559949,-2.0,-2.0,0.5746356003303601,0.5782629047349698,0.581869341741097,-2.0,-2.0,0.5916476705736902,-2.0,0.596691838839541,0.5991397665182359,-2.0,0.603892453458296,0.6059719413393929,0.6078786757463149,-2.0,0.6112464618155102,0.6127373486612089,0.6141161724343499,-2.0,0.6165802017214081,0.6177726112947319,0.619017025294787,0.6202150425220385,0.62132874454991,0.6223654965538498,0.6233302399524387,0.6242294899108719,0.6250677451512804,0.6258493711834507,-2.0,0.6272580604693349,-2.0,-2.0,-2.0,0.629545199259057,0.6300215891658577,0.630464070684355,0.6308746732988176,0.6312543228231711,-2.0,-2.0,0.6322252829009511,-2.0,0.632744046686433,0.6329679089369333,0.6331692216614473,0.6333487255152992,0.6335070840211441,0.6336448869510409,0.6337628604143207,0.6338608441939478,0.6339398468910443,0.6339999971901322,0.6340415726928758,0.6340647973619798,-2.0,-2.0,-2.0,-2.0,-2.0,-2.0,-2.0,0.6336001145785344,-2.0,-2.0,-2.0,-2.0,-2.0,0.6324710864975849,-2.0,0.6319334297646215,0.6316321445405622,-2.0,-2.0,0.6305908339334324,-2.0,-2.0,-2.0,0.6288531164362143,-2.0,-2.0,-2.0,-2.0,0.6260341765271942,0.6253726461553576,0.6246754115316169,0.6239409854356253,0.6231678004502479,-2.0,0.62149845501368,0.6205987268417413,-2.0,0.6186595389499551,-2.0,0.616520036484451,-2.0,0.614161896426851,0.6128945978562828,0.6115649098295347,-2.0,-2.0,-2.0,-2.0,0.6038759200610552,0.6021069553404482,0.6002525046850642,0.598308586696034,-2.0,0.5941354936411015,0.5918973763452958,-2.0,0.5870940228948877,0.584518495045651,0.5818197949872916,0.5789921404472165,0.5760294733922026,0.5729254462951687,0.5696734096460216,0.5662663951249557,0.5626971101137411,0.5589578916780665,-2.0,-2.0,-2.0,0.5421357546728145,-2.0,0.5324778985758594,-2.0,-2.0,-2.0,0.5102537558302078,-2.0,-2.0,0.4906611068329426,-2.0,-2.0,-2.0,-2.0,-2.0,0.4422735278389549,0.4328190210334737,0.4229163292616086,0.41254423332944434,-2.0,0.3903018904530617,0.3783839880483411,-2.0,-2.0,-2.0,0.32479041563403926,0.3097680217571437
0.004605922041145104,0.045073527978192425,0.05439161473583953,0.06412303962812516,0.07401808176774444,0.08432289362059624,0.09481942081508604,0.10566964542933022,0.11679194940252556,0.1281535614074218,0.13987710702656994,0.15175872201919927,0.16391830836697877,0.1763798751789531,0.18900460990983778,0.2018067659042106,0.21483955297403906,0.22807292958674255,0.24142514076458985,-2.0,0.26833620455028623,0.28192428345846043,0.295554491348238,0.3091906893488354,0.3227953034807293,0.3362528069343891,0.3495718002051521,0.3627446061327451,0.37573537623308073,0.3885112220874522,0.4010437061523109,0.4133114879591034,-2.0,0.43664972125336965,0.44772863530929424,-2.0,0.4688927315588643,0.47862508257619846,0.4879993644325086,0.4971164198760445,0.5054365797063975,0.5136240159584574,0.5211188424527844,0.5284056476587297,0.5350163476676381,0.5415727329339709,0.5472918315562305,0.5530738278722662,0.5583451751021627,0.5630109048648986,0.5677737849061422,0.5722088018261661,0.5761098146795086,0.5796634798969753,0.5833278373124343,0.5868097477063012,0.5899275096988018,0.5927342760530485,0.5952729355610078,0.5976636080362154,0.600152368877038,0.6025613647279148,0.6047595540653106,-2.0,0.608618301824428,0.6103170149541417,0.611883374331513,0.613330310659751,-2.0,-2.0,0.6170818341624291,-2.0,-2.0,0.6206997815088511,0.6217826838887284,0.6227905463522875,0.6237292011789126,0.6246037107033994,-2.0,-2.0,-2.0,0.6275479917364296,0.6281636215315273,0.6287371127625714,-2.0,0.6297675778912539,0.6302289181556587,-2.0,-2.0,-2.0,0.6317575703609114,0.6320686838957414,0.6323524567844107,0.6326117880326393,0.632847037727368,0.6330590791798356,0.6332486981989891,0.6334165989304718,0.6335634088864726,0.6336896834319923,0.6337959101752917,0.6338825112488169,-2.0,-2.0,0.6340278881383787,-2.0,-2.0,-2.0,0.6339624736621383,-2.0,-2.0,-2.0,0.6336039759969432,-2.0,0.6333128017858539,-2.0,-2.0,-2.0,-2.0,0.6322408555183245,-2.0,-2.0,-2.0,-2.0,0.6306314965545605,-2.0,0.6298196201124185,-2.0,-2.0,-2.0,-2.0,-2.0,0.6267168737340963,-2.0,0.6254311496841862,-2.0,-2.0,0.6232299766770396,-2.0,0.6215628981115942,-2.0,-2.0,-2.0,-2.0,0.616589283935726,-2.0,0.614232765282494,0.6129662307529694,0.6116372583352682,-2.0,-2.0,-2.0,-2.0,-2.0,0.6021829821064342,0.6003290492544288,-2.0,0.5963485476390009,0.5942134519442075,0.5919757655060097,-2.0,0.5871732132027844,0.5845980602500291,0.5818997147560713,-2.0,0.5761100662719573,-2.0,0.5697545976007325,-2.0,-2.0,-2.0,-2.0,0.5510197442827751,-2.0,-2.0,0.5375019731881439,-2.0,-2.0,0.5219645169295167,-2.0,0.5103377584498034,-2.0,-2.0,-2.0,0.4835855898675554,-2.0,-2.0,-2.0,-2.0,0.44235870470370586,-2.0,-2.0,-2.0,0.40176604620366424,-2.0,-2.0,0.3659870628923113,0.35291285261749,-2.0,-2.0,0.3098540704171884
0.00447459536921003,0.03937065086671882,0.048556690879343334,0.05803674681792864,0.06781913661076572,0.07788600342070033,0.08824093883586581,0.09891967474358931,0.10981829620316373,0.12110596822682058,0.13254175764362638,0.14430662736963357,0.1563945293907075,0.16859181073018664,0.18108458966779908,0.19384701452285924,0.2067554064088306,0.2198054048879319,0.23304747508953397,0.24645075297211225,-2.0,0.27352842746380696,0.28709333477432086,0.30068656862472554,0.3142725184277859,0.32781373500626837,0.3412734782439509,0.3546159707009946,0.36779018612796593,0.3806775718318556,0.39331232513568887,0.4056825743668663,-2.0,0.4295467895427412,0.4410110411198268,0.4519285076348323,0.4624100260807612,-2.0,0.48238502741098604,-2.0,0.5003147023482603,0.5086753075150563,0.5164597284147016,0.5240529087844786,0.5309194845067882,0.5376276536973839,0.5438421338813619,0.549502435164896,0.555207982689569,0.5601947913362906,0.5648398068756898,0.569570504562375,-2.0,-2.0,-2.0,0.5847445470919604,0.5880832255665908,0.5910790060369431,0.5937808746752727,-2.0,0.5986476864066738,0.6011454972579888,0.6034720851359305,0.6055975002299449,0.607544972688997,-2.0,-2.0,0.6125001494384289,-2.0,0.6152048660615457,-2.0,0.6175871114344637,0.6188187606262782,0.6200371969101942,0.621169121776051,0.6222220259637045,0.6232020742125105,0.6241148098744448,-2.0,0.6257577941532115,0.6264965488010612,0.6271851188520919,0.6278267794012831,0.6284246749028394,0.6289809560160804,0.6294985930569497,0.6299796206120686,0.6304260480917284,0.6308397041430231,0.6312222501331736,0.6315751970667951,0.6318999188438588,0.6321976626536382,0.6324695601618869,0.6327166342571154,0.6329398114625489,0.6331399246878724,0.6333177216574858,-2.0,-2.0,0.6337235117619825,-2.0,-2.0,0.633948178073517,-2.0,-2.0,0.6340006861043185,0.6339808160120365,0.6339423998363372,0.6338854470529454,-2.0,-2.0,0.6336027427925561,-2.0,0.6333196199981402,-2.0,-2.0,-2.0,-2.0,-2.0,-2.0,-2.0,0.6313762713062236,0.6310343026841292,0.6306682480660518,0.6302773414413079,-2.0,-2.0,-2.0,0.6284479317239097,-2.0,-2.0,-2.0,0.6261446417823964,-2.0,-2.0,-2.0,0.6232889089534235,-2.0,-2.0,-2.0,-2.0,-2.0,-2.0,-2.0,-2.0,-2.0,-2.0,-2.0,-2.0,-2.0,0.607318074102377,0.6057101277662537,0.6040240337043575,-2.0,0.6004027817473107,-2.0,0.5964232753740214,-2.0,-2.0,-2.0,0.5872496704456168,-2.0,0.5819769283301951,0.5791499583809202,-2.0,0.5730845496808248,0.5698331138995112,0.5664266702911135,0.5628579292694179,0.559119254179232,-2.0,0.5510995837729886,0.5468014438720736,0.5422989545579078,-2.0,0.5326418867586011,-2.0,-2.0,-2.0,-2.0,-2.0,0.49766296295292367,-2.0,-2.0,0.4761681521863932,-2.0,-2.0,-2.0,-2.0,-2.0,0.42308449387044833,-2.0,0.4018490421739446,0.39047058677926677,0.37855284838673425,0.3660702898512326,-2.0,0.33930253175966735,0.3249598492024817,0.3099375895033908
0.004347013158125022,0.0337865957032692,0.0428601568390172,0.05209838615047915,0.06174309733352113,0.07157725127474603,0.0818190132867628,0.0922247275010272,0.10304408203018824,0.11403720726161774,0.1253696219821659,0.1370040107111238,0.1488111738357692,-2.0,0.1733439770240932,0.18586794403094684,0.19865522255728216,0.21167820095423878,0.22485469851510637,0.2381052852347782,0.25150797706283035,0.26502904143222855,0.27863540408583476,0.29229210170588155,0.3059051810950677,0.31943993197218307,0.3329149810692105,0.34629251168033104,0.35953564133822496,0.37260927219853135,-2.0,-2.0,0.4103989632176203,0.4222938724034851,0.43386377534506615,0.4451069133357288,0.45603686161260537,0.4664052654988544,0.47627182363964854,0.4858739374716953,0.4949814657642856,0.5034614939205183,-2.0,0.5193325349491418,0.5268235097062548,0.5334593325998965,0.540144265354088,-2.0,0.5517471046001815,0.5572258201231102,-2.0,0.5666963539510018,0.5712809177827334,0.5753070518369736,-2.0,-2.0,0.5861024881213374,0.5893062337693815,0.5921865658406735,0.5947886472440191,0.5971851757888882,0.5996443858483382,-2.0,-2.0,0.6064074329230803,0.6082927283962687,0.6100260054931205,0.6116230207915659,-2.0,-2.0,0.6157236390428689,-2.0,0.6180963225426106,-2.0,0.6205227945751143,0.6216233202271029,0.6226470456378268,0.6236000906124239,0.624487417432639,-2.0,0.6260846232908648,0.6268026811354225,0.6274714535543774,-2.0,-2.0,0.6292141901299572,0.6297157491267243,0.6301813656630526,0.6306129745098497,0.6310123343302131,0.6313814169683925,0.6317205570224276,0.6320321904932812,0.6323171434666213,0.6325764998661758,0.6328112375188493,0.633022241110743,0.6332103031317194,0.6333761322983475,0.633520360253653,-2.0,-2.0,0.6338286524326256,-2.0,-2.0,0.6339585508361502,0.6339634661116397,0.6339494508499445,0.6339165838109583,0.6338648917929816,0.6337943519712106,0.6337048937890947,0.6335963979529194,-2.0,0.63332157629101,-2.0,-2.0,0.6327608461949445,-2.0,0.6322838701160112,0.6320130795580075,0.6317200342906436,-2.0,0.6310647309080916,0.6307011155103918,-2.0,-2.0,0.629457134859145,-2.0,0.6284913399761599,-2.0,0.6274069720291847,-2.0,0.6261948095083589,-2.0,-2.0,-2.0,-2.0,-2.0,0.6216823079088051,-2.0,-2.0,-2.0,-2.0,0.6167187701962469,-2.0,-2.0,0.6131006585665747,-2.0,-2.0,0.6089192719669905,-2.0,0.6057793805534031,0.6040938909163992,-2.0,0.6004737633924329,0.5985313730891209,-2.0,-2.0,0.5921243373912292,0.5897801224855558,0.5873234586317306,-2.0,0.5820514844696817,0.5792248794312705,0.5762632139198812,0.5731601597480008,-2.0,0.5665028753984601,0.5629344169523299,0.5591959954127343,0.5552796071315702,-2.0,-2.0,-2.0,0.5376604180489626,-2.0,-2.0,-2.0,-2.0,-2.0,-2.0,-2.0,0.4909067663847311,-2.0,-2.0,0.4683927961864184,0.46016530034697395,0.45154765413547493,0.44252140165115394,-2.0,-2.0,0.4127930102949211,-2.0,0.39055119216342354,-2.0,0.3661510611252209,0.3530770113093546,0.33938340157072494,-2.0,0.31001865116456484
0.004223068643690165,0.028362069716488445,0.03717699621691328,0.04632957464876136,0.05569951776580002,0.06544871479243454,0.075398578942285,0.08572101856959544,0.0962757067860135,0.10714299273203935,0.11832683256344684,0.12970519202796663,0.14144377035894962,0.15339117972125135,0.16556489976592859,0.17803798003273394,0.19073284911471824,0.20354500156570415,0.21658494296182051,0.22982295625540733,0.2432293742651914,0.25665011381685227,0.27015942402125126,0.28374213899775763,0.2973626344572273,0.310984740036411,0.3245721041722304,0.33808135978140075,0.3513961635064498,0.3645379654658544,0.3774919989435613,0.3902243154592291,0.4027068978442369,0.4149165913067014,0.4268290353746875,0.43825260289951185,0.44925524702872854,0.4599215651087414,0.470286228560223,0.48002632312573684,0.4892936272495958,0.498359712614527,0.5066593744291215,-2.0,0.5222515983879764,-2.0,-2.0,0.5425051499188167,0.5481858038055943,0.5539595943947416,0.5591368539498205,0.5637817062382998,0.5685456541603853,0.572910514948034,0.5767534477259656,0.580300055212461,0.5839707560138524,0.5874047206086155,-2.0,-2.0,-2.0,-2.0,0.6006480105611429,0.6030287950761637,0.6052012970942796,0.6071903823360859,0.6090161502970428,-2.0,-2.0,0.6136755998381277,-2.0,0.6162261244761161,-2.0,0.6186091369594706,0.6198421940741684,0.620992984044591,0.6220628804076871,0.6230580333941474,0.6239844424671088,-2.0,0.6256508315355074,0.6263995229807757,0.6270975301651697,0.6277466539895106,0.6283513969579587,0.6289138665579818,0.6294368789054321,0.629922491374534,0.6303728141798914,0.6307896896705065,0.6311748107659694,0.6315297126374604,0.6318560806990514,0.6321543164888771,0.6324264317304338,0.63267317486461,-2.0,0.6330943845705178,0.633270067773986,0.6334237694375742,0.6335558951394231,0.6336669651527751,0.6337574320068428,0.6338276829872445,0.6338780419303918,0.6339087713722874,-2.0,0.6339121227933693,0.6338849940805433,0.6338387415812923,0.6337733572826595,-2.0,0.6335849332097132,0.6334616358316536,0.633318694858892,0.6331558623992594,0.6329728408423864,0.632769285511123,0.6325448011444145,-2.0,0.6320312303104544,0.6317411092203198,0.6314279911971952,0.6310912318632967,-2.0,-2.0,0.6299318488159291,0.6294929931680059,0.6290264472237266,0.6285312268908925,0.6280062855477003,0.6274505141359586,0.6268627200005263,0.6262416657362362,0.62558602473917,-2.0,0.624165327033965,-2.0,-2.0,-2.0,-2.0,-2.0,0.6189111004101026,-2.0,0.6167790693357695,-2.0,0.6144277265769,-2.0,-2.0,-2.0,-2.0,-2.0,0.6058459008261454,0.604161032044941,-2.0,0.6005420652995709,0.5986002142679079,0.5965646376373248,-2.0,0.5921946542768264,0.5898508860913702,-2.0,0.5848206825464577,-2.0,-2.0,-2.0,-2.0,-2.0,-2.0,0.5630083890035581,-2.0,0.5553541248394167,-2.0,-2.0,-2.0,0.5377358929938358,-2.0,0.5276209345855599,0.5222001960140162,-2.0,0.5105744941698953,-2.0,0.49781893993126936,-2.0,-2.0,-2.0,0.4684701383938932,0.4602427831632962,-2.0,-2.0,0.4331450281089546,0.4232427319634492,-2.0,0.4020076681300388,0.39062939854652384,0.3787118394688131,-2.0,0.3531554839129211,-2.0,-2.0,-2.0
0.00410265810582719,0.0230682979832694,0.03165618621933303,0.04062432976896302,0.049828504440349954,0.059361252698044,0.06916154328293109,0.0792845490502109,0.08965697481950459,0.10039520517004856,0.11131105182176382,0.12261483466329216,0.13411402965007252,0.14589428325707368,0.15800755672247835,0.17025995618088732,0.18276474110974536,0.19553704189419485,0.20851728036560258,0.22157395880556746,0.2348209665809635,0.24822584190350053,0.2617574949636604,0.27537109000747245,0.28893518354296766,0.30251877973798996,0.316090216536881,0.329612350342831,0.34304737807943314,0.3563598726940448,-2.0,0.3824467888041002,0.3950469026954609,0.40736589561291986,-2.0,0.431105376336143,0.44251064179083033,0.4534697612550578,0.46386763160058025,0.473940545888584,0.4837217502628294,0.49276932445305294,0.5015034983180163,0.5098952947689992,0.51756087304448,0.525147527404636,-2.0,0.5386362181682424,0.544725015736347,0.5504008718241732,0.556049340111722,0.560949508519795,0.5656124545807873,0.5703075347038552,0.5744654537295788,0.578138637800699,0.5817201112706637,-2.0,0.5886546072054156,0.5916114210181747,0.5942791058743379,0.5967042077275942,0.5991333862246199,0.6016221381000517,0.603921391570571,0.6060221975146101,0.6079473273194677,-2.0,0.6113444303839055,0.6128467915836922,-2.0,-2.0,-2.0,0.6178914914497814,0.6191254829873806,-2.0,0.6214478542701433,0.6224877137354443,0.6234551648598178,0.6243557068888376,0.6251942588979306,0.6259752327096896,0.6267025960944008,0.6273799232618593,-2.0,0.6285972144447002,0.6291424423491104,0.6296491532156737,0.630118802280546,0.6305539320251963,0.6309561445205805,0.6313270661166371,0.6316681736809777,0.6319808080393333,0.632266183020159,-2.0,0.6327596420279133,-2.0,0.6331554997567569,-2.0,-2.0,0.633580246286083,-2.0,-2.0,-2.0,-2.0,-2.0,0.6338687540663248,-2.0,-2.0,-2.0,0.6336673649660457,-2.0,0.6334495564930611,0.6333109332066356,-2.0,-2.0,0.6327732138326685,0.632552243223313,0.6323097277803269,0.6320451848330044,0.6317580810097222,-2.0,0.6311138013196771,0.63075529779283,-2.0,-2.0,-2.0,-2.0,0.6285676051418277,-2.0,0.6274906532396406,-2.0,0.6262852255181147,0.6256311737080115,0.6249410647582687,-2.0,-2.0,-2.0,-2.0,0.620895290203821,-2.0,-2.0,0.617927779068171,-2.0,-2.0,0.6144869938901835,-2.0,-2.0,0.61050657608101,-2.0,0.6075157129837656,0.6059097235679252,0.604225495857581,-2.0,-2.0,0.5986664290097978,0.5966313824194097,0.5944982252613794,-2.0,0.5899190803024165,0.5874632837391648,0.5848897359934371,-2.0,0.5793670729468333,-2.0,0.5733037396322285,0.5700532712763742,-2.0,-2.0,-2.0,-2.0,0.551323953732401,0.5470265435579273,0.542524752702255,-2.0,-2.0,0.5276943263650191,0.5222738627672469,-2.0,-2.0,0.5044187580209185,-2.0,-2.0,0.48389883650312826,-2.0,-2.0,0.46031785975659595,0.45170045955206206,-2.0,0.4332204778629182,0.4233182937846862,0.41294668849718363,0.4020834419565477,-2.0,0.37878778111613215,0.3663054757244175,-2.0,-2.0,-2.0,-2.0
0.003985680781783775,0.0177896662845104,0.026293081478363733,0.035005598861796494,0.04412516485570079,0.05338619076571503,0.06308453206748865,0.07293690562204136,0.08322728930080735,0.09365944393473642,0.10449564748431991,0.11554976518780906,0.1268988207368887,-2.0,0.15041993592088224,0.16256963512728684,0.17502378509827743,0.18757140396270808,0.20036811933568946,0.21339834154936513,0.22663271344223074,0.23990302934886015,0.2533068504719413,0.26682617741511244,0.2804268267071157,0.29407375754827847,-2.0,0.3212819599282499,0.3347371803802796,-2.0,0.36130204170246666,0.3743390052007318,0.38716793430215607,-2.0,0.41207094066878713,0.4239384228576296,0.4354407357446257,0.4466081896304088,0.457457157816651,0.4678700392578255,0.4776485537116486,0.48714457238622594,0.49627675389081394,-2.0,0.5129543206681592,0.5204427807809683,0.527850544468986,0.5344607710328151,-2.0,0.5468780761635722,-2.0,-2.0,0.5627283079106926,-2.0,0.5719849297478659,0.5759502008352713,-2.0,0.5831606443846875,0.5866939735611695,0.589854961354,0.5926982265011284,-2.0,0.5976561205809483,-2.0,0.6025618932350898,0.6047834284898478,0.6068155171734736,0.6086793104722024,0.6103928851233458,0.6119718810458877,0.6134294219968883,0.6147772103711663,0.6160253960095721,0.6171947295700002,0.6183926200397853,-2.0,0.6208007813543683,0.6218877226158535,0.6228984613483132,0.623839188980556,0.624714386227338,0.625528826864775,0.626287558106566,0.6269939689196995,0.6276515997119649,0.6282632314243562,0.6288319955024672,0.6293605897083936,-2.0,0.6303047069417274,0.6307247075864765,0.631112308970895,0.6314694177089418,0.631796366958205,0.6320955264488934,0.6323676977731667,0.6326139320598713,0.6328351752508169,0.6330322830567444,0.6332059941757708,0.6333570044679422,0.6334859006876801,0.6335932048939659,0.6336793667950807,-2.0,-2.0,0.6338145044340889,0.6338192946423671,0.633804239552152,0.6337694262161275,0.6337148870085593,-2.0,-2.0,0.6334324472506244,-2.0,-2.0,0.6329686814169079,0.6327726421192238,0.6325552981197355,0.6323162297446264,0.6320549623935655,0.6317709736661067,0.6314636846631302,-2.0,-2.0,-2.0,0.6299881522714037,0.6295538389823218,0.6290916176812028,-2.0,0.6280794920309793,0.6275274475232316,0.6269432111553215,-2.0,0.6256731276839343,0.6249845774110278,-2.0,-2.0,0.6226870446625333,0.6218384598801986,-2.0,-2.0,0.619019085587994,-2.0,-2.0,-2.0,-2.0,0.6132810958601446,-2.0,-2.0,-2.0,-2.0,-2.0,0.6042873503780855,0.6025219692121474,-2.0,0.5987300853365158,0.5966955853052794,0.5945629490591651,0.592327610431424,-2.0,-2.0,-2.0,-2.0,-2.0,-2.0,-2.0,0.5701217584064897,0.5667165388927146,0.5631489859829502,0.5594114314159989,-2.0,-2.0,-2.0,-2.0,-2.0,-2.0,0.527765455595125,-2.0,0.5166675156310587,0.5107202475586616,0.504490661067063,0.49796537557346787,-2.0,0.48397121915131036,0.47647238334083974,0.4686177709504935,0.4603906629102517,0.45177338976826165,0.4427474969495159,0.43329364800931836,-2.0,-2.0,0.4021569217920929,0.3907788450321062,0.37886146199395393,-2.0,0.35330544021470206,-2.0,0.32526972853405683,0.310247753269532
0.003872038781812553,0.012662121082547637,0.020993507955662488,0.02954735554070112,0.038411344715367925,0.0475817467631872,0.057003729566261395,0.06677079565682645,0.07677599664614938,0.08711599348940512,0.09772960663263253,0.10861377835731768,0.1198598394454366,0.1312546120536809,0.1430081156407852,0.1550219254068911,0.16720925253705735,0.17969408777377927,0.19245093264983837,0.20528162290533175,0.21832821016791668,0.2315713711266099,0.2449788458535866,0.25847399619654404,0.27198110114229457,0.2855578327562209,0.2991682724840335,0.3127758477532111,-2.0,0.33983615938384326,0.3532018270294642,0.3663275552048174,0.3792438643270816,0.39193233417788303,0.40436378618923485,0.41651559337888333,0.4283743869072365,-2.0,0.4507739559713407,0.46135450871583455,0.471631116638509,0.4814165703993148,-2.0,-2.0,-2.0,-2.0,0.5233709968745196,-2.0,0.5370483144435807,-2.0,-2.0,0.554813293993295,0.5598984507377427,0.5645342789123882,0.5692879078911685,0.5735837826239275,-2.0,0.580917201315289,0.5845855987596658,-2.0,0.591008384034711,0.5937442361071971,-2.0,-2.0,0.6011166156805634,-2.0,0.605616022833141,0.607582106573008,0.6093871969155693,-2.0,0.6125788556840235,0.6139931594598113,-2.0,0.6165137328134679,-2.0,0.6188977255961157,-2.0,0.6212566687485209,0.6223128726438437,0.6232950904927347,-2.0,0.6250597277927988,-2.0,-2.0,0.6272737321510325,0.6279117519416532,0.6285050372013862,0.6290560759497301,0.6295675287395348,0.6300415406502199,-2.0,0.6308852042889048,0.6312583088595576,0.6316007117056786,-2.0,0.6321998418293612,-2.0,-2.0,-2.0,0.6330845128166913,0.6332454924268942,0.633383795948351,-2.0,0.6335945294648849,0.6336678574003529,-2.0,0.633752177779079,-2.0,0.6337550318534128,-2.0,0.6336773367386971,-2.0,-2.0,0.6334102814765852,-2.0,0.6331306077309098,0.6329596527386983,0.6327675575776065,-2.0,-2.0,0.6320605644963473,0.6317797956198666,-2.0,0.6311472480689767,-2.0,-2.0,-2.0,-2.0,-2.0,0.6286299826952312,0.6281110122934076,-2.0,-2.0,-2.0,-2.0,0.6250249773592966,0.6243003575017426,0.6235365173292456,0.6227318242220697,-2.0,-2.0,-2.0,-2.0,-2.0,-2.0,0.6157988357959936,0.6145972927781248,0.6133357902354472,-2.0,-2.0,-2.0,0.6076341378332581,-2.0,-2.0,-2.0,-2.0,-2.0,-2.0,0.5946252039154312,-2.0,-2.0,-2.0,0.5850204897580786,0.5823245094369135,-2.0,-2.0,-2.0,0.5701878341019178,0.5667829774121546,-2.0,-2.0,-2.0,-2.0,0.5471646530822885,-2.0,-2.0,-2.0,-2.0,-2.0,-2.0,-2.0,-2.0,0.4980351873602369,-2.0,-2.0,-2.0,-2.0,0.460461231446235,-2.0,0.44281841970463165,-2.0,0.42346264272901657,-2.0,-2.0,0.3908502231880155,0.37893293683996737,0.36645080786811135,0.3533771661668082,-2.0,0.32534155081341093,0.31031964250460475
0.0037616370072543893,0.007680667743890567,0.015774336832418856,0.024245014896494832,0.032856342919622035,0.04187460799766961,0.051096602864668626,0.06068243152718544,0.07050087623305128,0.08067999025527979,0.09107040729835583,0.10186832843387432,0.11280160507887452,-2.0,0.13568485817444528,0.14747984658167756,0.15960650671153392,0.17192703312652416,0.18444362244302645,0.19722579757059241,0.21024603671922598,0.22334172344013498,0.23659281097299492,0.2499992504345583,0.26352842962379214,0.27714667009976957,-2.0,0.30434901913688045,0.3179055382721918,0.3314076619304864,0.34481795237705715,0.358099897279257,-2.0,0.3841429932735664,0.396774970151835,0.4090439625576164,-2.0,0.4326570190989408,0.443987192664442,0.45496221906660905,0.46531684621496056,0.4752933711719748,-2.0,0.4940659476937396,0.5026806122951993,0.5110724231706799,0.5186492220055712,0.5262039678654575,0.532894371885949,-2.0,0.5455792653974914,0.5512843544643559,0.5568598166829647,-2.0,0.566368040552525,0.5710157663473505,-2.0,0.5787377381684329,0.5823370170735,0.5859505762499364,0.5891992134457629,0.592117274157142,0.5947513101204038,0.597157303796422,0.5995974860351285,0.6020721541020111,0.6043440878144303,0.6064202447709992,0.6083230883428208,0.6100714338130466,0.6116810913319926,-2.0,-2.0,-2.0,0.6169877683460279,0.618169601621484,0.6194035339735005,0.6205927732433473,-2.0,-2.0,0.6236779794849465,0.6245658820002934,0.6253924901778226,0.6261609772340331,0.6268764215282628,0.6275419505254629,0.6281607399285737,0.6287356590259963,0.6292694607716943,0.6297640301907539,0.6302219677433328,0.6306450509419892,0.6310350344249992,0.6313935239315577,0.631721970049255,0.6320216588146128,-2.0,0.6325391491405922,0.6327591212894732,-2.0,0.6331262864322211,0.6332737667305006,0.6333991563719285,-2.0,0.6335839368159528,0.6336441531453686,0.6336833578214343,0.6337023727375636,0.6336996712133969,0.6336770976216053,0.6336341524172294,-2.0,-2.0,0.6333832307418364,0.6332582316494687,0.6331126115888357,-2.0,0.6327579251755305,-2.0,-2.0,-2.0,0.63178450857001,-2.0,0.6311581184470907,-2.0,-2.0,0.630029835600404,0.6296003562157991,-2.0,0.6286560117911127,-2.0,-2.0,0.6270106203891944,-2.0,0.6257475604749998,0.6250623150351662,0.6243392332460105,0.6235768952099167,-2.0,-2.0,0.6210374051708354,0.6201007241658911,0.6191156998779315,-2.0,0.6169920896699935,0.6158489585149423,-2.0,0.6133878189429481,-2.0,0.6106757314006279,-2.0,-2.0,0.606085610763002,-2.0,0.6026392940209437,0.6007894497252751,0.5988499261151412,-2.0,0.5946850195406841,0.5924507186113904,0.5901088777082902,0.5876544812735628,-2.0,-2.0,-2.0,-2.0,-2.0,0.5702516126433446,0.5668471007158367,-2.0,0.5595432652716917,0.5556282952823399,0.5515268952368002,-2.0,-2.0,-2.0,-2.0,0.5279009086629489,0.5224810780650367,0.5168038059722008,-2.0,0.5046277005240807,-2.0,0.4912681905184362,-2.0,-2.0,0.4687564387657669,-2.0,-2.0,-2.0,-2.0,-2.0,0.41316025043766547,-2.0,0.3909194371515074,0.3790022574517254,-2.0,0.3534465949988041,-2.0,-2.0,0.3103893823927637
0.0036543830709572546,0.002815560345736355,0.010704605095656405,0.018939121102911016,0.02745999722788798,0.03622111419335995,0.04535818146746267,0.05467076759848313,0.06440486917102344,0.07429389511220229,0.08460159865468836,0.09509175946264799,0.10594513586355303,0.11706043201669496,0.1284255248213924,0.14015277862252654,0.1520271186150506,0.16419083313966454,0.17665637279848906,0.189273304667396,0.20207987884240022,0.2151171529836465,0.22835607288804677,0.2417002451164184,0.2551048563324677,0.26862189839676126,0.28221647242979103,0.29585332464764624,0.3094965625005888,0.32310399380878096,0.33655710365649133,0.3498839693749106,0.3630653260869386,0.3760647726250878,0.38884998552508654,0.40139242459743196,0.4136702228182323,0.42557425572163765,0.43701134287084503,-2.0,0.45886580574139657,-2.0,0.47901630418260344,0.4884049956147265,0.49752569440539385,-2.0,0.5140503843714709,0.5215407166894429,0.5288416256598429,0.5354486146963627,0.5420134687690933,0.5477362312394763,0.5535151451803504,-2.0,0.5634621567540237,0.568220151294199,0.5726611581493047,0.5765660982771093,0.5801167778850443,0.5837749801472645,0.5872589191537432,0.5903774394788264,0.5931839157167319,-2.0,-2.0,-2.0,0.6029938187951865,0.6051890272967767,0.6071971891455757,-2.0,0.6107331151347407,0.6122937682698905,0.6137343980719177,0.6150663872918454,-2.0,0.6174624073677406,-2.0,0.6198945786497501,0.6210498205969549,-2.0,0.6231200089666245,0.6240472962425173,0.6249098398695639,0.6257122869921549,0.6264588080504858,0.6271531548394857,0.627798708637837,0.6283985224666276,0.6289553562132636,0.6294717059895559,0.6299498353180365,0.6303917949037663,-2.0,0.6311744637345893,0.6315185582044069,-2.0,0.6321183269527958,-2.0,0.6326087947273729,0.6328154510405444,0.6329975056439562,0.6331556811358301,0.6332906150846642,0.6334028647818285,0.6334929132079683,-2.0,0.6336079732090989,0.6336336046985475,-2.0,-2.0,-2.0,-2.0,-2.0,-2.0,-2.0,0.6330897942191531,-2.0,-2.0,-2.0,-2.0,0.6320591827689543,0.6317851498936057,-2.0,0.6311651096835895,-2.0,-2.0,-2.0,-2.0,-2.0,-2.0,-2.0,0.6276179856481644,-2.0,0.6264272973434611,0.6257801002754375,0.6250965220668991,0.6243751078780596,0.623614319574572,-2.0,-2.0,-2.0,0.620143650180261,-2.0,-2.0,-2.0,-2.0,-2.0,-2.0,0.6121149942578062,0.6107269447250172,0.6092704550295195,0.607742298406649,0.6061392333798674,0.6044577347345744,0.6026942943975238,0.6008451054237457,0.5989062062912247,0.5968734559069833,0.594742468842382,-2.0,-2.0,-2.0,-2.0,-2.0,-2.0,0.5766630704520787,0.573562183701945,0.5703131431835742,0.566908990416443,0.5633424260592117,0.55960581820336,0.555691151368578,0.5515900485762288,-2.0,-2.0,0.5380781240136352,0.5331391159975535,0.5279653490944607,0.5225457418455867,-2.0,0.5109220077779224,-2.0,-2.0,0.49133382593011243,-2.0,0.47667668961648313,-2.0,-2.0,0.4519790210238309,0.44295351345865175,0.4335000315622657,-2.0,-2.0,-2.0,-2.0,0.3790694725612534,-2.0,-2.0,0.3398208672327922,0.3254787914039419,0.31045704798029494
0.00355018721996422,-0.002027457277631563,0.005779666802230188,0.013779442247713434,0.022157238026513683,0.03072911779826327,0.039642606308210614,0.048830792631602254,0.05830535926073487,0.06809016990619347,0.07815118496255491,0.08850893262705546,0.09918130387691443,0.11008274630428415,0.1213737431544189,0.13280269138279302,0.14457127788381333,0.15665224145584433,0.16885271871507762,0.18134941944699612,0.19411630950028577,0.2070168614754346,0.22007138394648718,0.23331835425497516,0.24672702168131158,0.26026582444103413,0.2738018777033799,0.28737231466347035,0.30097231008036057,0.3145649900544545,0.3281133779898929,0.341580731358065,0.3549316633407728,0.368104118366999,0.3809925322294153,0.39363632447515706,0.40601616696423637,0.41810906381046387,0.42990130350882955,0.4413704620676377,0.4522858865809539,0.4627796483907756,0.4729606944455629,-2.0,-2.0,0.5007178395755238,-2.0,-2.0,-2.0,0.5313404288977838,0.5380424771234769,0.5442712002914516,-2.0,0.5556362867365414,0.5606312827986533,0.5652709073531202,-2.0,0.5742297402832929,0.5779588403475933,0.5815161253622552,0.5851739308320981,0.5885138448936234,-2.0,0.594210276751355,-2.0,0.5990671300181021,0.6015593723293489,0.6038830177675528,0.6060048158149824,-2.0,0.6097316530513457,-2.0,0.6128863183194581,0.6142839680233467,-2.0,0.616774198167897,-2.0,0.6191603365997043,-2.0,-2.0,0.6225340818526031,0.6235024744665724,0.6244032209696672,0.6252409292668033,-2.0,0.6267446112190936,-2.0,-2.0,0.6286251218090545,-2.0,0.6296635260423503,0.6301251819974445,-2.0,0.630943222192963,0.6313032962578993,0.6316328677842142,0.631932612608622,0.6322043744087988,0.6324490143811481,0.6326674983666659,0.6328606919917146,0.6330293639796937,0.6331742310019636,0.633295785779054,0.6333946509860997,-2.0,0.6335259125461321,0.6335589866140771,0.6335707001338312,-2.0,-2.0,0.6334791476774174,0.6334065984586351,-2.0,0.6331982157557285,0.6330621106532526,0.6329044589459727,0.6327249907848407,0.6325233836720504,0.6322992609289911,-2.0,0.631781696968989,0.631487233095721,0.6311682100885783,-2.0,-2.0,0.6300569993613826,-2.0,0.6291799371299358,0.6286978689863161,0.6281854468202693,-2.0,-2.0,0.6264549013200414,0.6258095549660855,0.6251277376210925,0.6244079999367006,-2.0,-2.0,0.6220055100564497,0.6211178949473125,-2.0,-2.0,0.6181681406388951,0.6170822466370176,-2.0,-2.0,-2.0,-2.0,0.6107756445702702,0.6093200301636437,0.607792671522843,0.60619035291923,0.6045096290227863,0.6027468957015137,-2.0,0.5989601272481386,-2.0,0.5947975903115582,-2.0,0.5902236040489798,0.5877702091936358,0.5851989551960716,0.5825043292692149,0.579680564255866,-2.0,-2.0,-2.0,0.5669686774575098,-2.0,-2.0,0.555751845652613,-2.0,-2.0,-2.0,-2.0,-2.0,0.5280276701971031,0.5226082947950011,0.5169314517910487,-2.0,-2.0,0.4982316114404469,-2.0,0.4842388126285615,-2.0,0.46888662091368616,0.46066007939189973,0.4520433616368763,0.44301800359939825,0.43356464803068007,0.4236630598254012,0.4132920281259871,0.40242930300670526,0.3910516442700211,0.37913466507352406,-2.0,-2.0,0.3398863430461932,0.325544353126555,-2.0
0.0034489622604057563,-0.006732157576287391,0.0009108564310646437,0.008767122750835464,0.016906077847195063,0.025394002656404634,0.034053394401859664,0.043121986746592456,0.052362175162104,0.06200149788717361,0.07183783758068948,0.08207389480190146,0.09248201243662427,0.10330430209166665,0.11429079581964827,0.12562695076235092,0.1372542569185417,0.14906457414010757,0.161204363103964,0.17359361887840055,0.18612193309121078,0.1989130125557575,0.2119405075466543,0.2251091545308133,0.2383644129527724,0.2517718821091783,0.2652986437733048,0.27891122499263094,-2.0,-2.0,0.31971941586721286,0.33320165687216424,0.3465861716286913,0.35983703803304223,0.37291889117669413,0.38579961493435294,0.3984461260010978,-2.0,0.4226225355881358,0.4342028401466135,0.4454569756559506,0.45639585393271187,0.4667587869185263,-2.0,-2.0,-2.0,0.503847222071933,0.512208116823414,0.5197260896233263,0.5272238170769936,0.5338618581383741,0.5405491358889519,-2.0,0.5521531093496002,0.5576408946751866,0.5623963661283253,-2.0,-2.0,-2.0,0.5793189702657835,-2.0,0.5865139067844886,0.5897182167463553,-2.0,-2.0,0.597590074423249,-2.0,0.6024965993820814,0.6047410669238573,-2.0,0.6086731069003106,-2.0,0.611991733504629,0.6134593188948376,-2.0,0.6160702632775671,0.6172381146822208,0.6184220741972547,-2.0,0.6208277693614693,0.6219177235962974,0.6229301886325583,0.6238711423055051,-2.0,0.6255592828765947,0.6263155165253531,0.6270184637978499,0.6276715861170656,-2.0,0.628840544550932,0.6293617524839766,0.6298439388372856,0.6302891937577607,0.6306994105444227,0.6310765468381424,0.6314214277184085,0.6317361843615337,0.6320218409766621,0.632279540583311,0.6325103094743445,0.6327150666542727,0.6328946325423577,0.6330497327456984,0.6331810066924569,0.6332890117907739,-2.0,0.6334370578068844,0.6334778398886581,-2.0,0.6334942677271176,0.6334702585824111,0.6334248965362174,0.6333582033629892,0.6332701458705173,0.6331606315527444,0.6330295155202503,0.6328765965849157,0.6327016198741019,0.6325042751580768,-2.0,-2.0,-2.0,0.6314831357235292,-2.0,-2.0,-2.0,0.6300651454707565,-2.0,-2.0,-2.0,-2.0,-2.0,0.6270876254505643,0.6264793809442154,0.6258359418709556,-2.0,-2.0,0.6236803858378951,-2.0,-2.0,0.6211539581727632,-2.0,-2.0,0.6182080855967397,-2.0,0.6159834978877323,-2.0,-2.0,0.6122079802781758,-2.0,-2.0,-2.0,0.6062390979468874,-2.0,-2.0,-2.0,0.5990117255044665,-2.0,0.5948504659733864,-2.0,0.5902775636947407,0.5878247120730143,0.5852539386653737,-2.0,0.5797365148899299,-2.0,0.5736779036743381,-2.0,0.5670262181348991,-2.0,-2.0,-2.0,-2.0,0.5474141895094851,0.5429139932214156,0.5381996934861912,-2.0,-2.0,0.5226687788532284,-2.0,0.5110459119030186,-2.0,0.4982929491776644,0.49145889539937726,0.48430050651890943,0.47680244344967737,-2.0,0.4607222761984359,0.452105695047333,-2.0,0.433627257782344,0.4237257978604093,0.4133548801829683,0.40249228322543623,0.39111474687112463,0.37919785922810717,0.3667161252431842,0.35364278414243183,0.3399498345834315,0.3256079333143103,0.3105863642629909
0.0033506234845336077,-0.011302282127292531,-0.0038773839205636378,0.003897278079896481,0.011804916182016269,0.020085485852347106,0.028623796192329264,0.037433861394624596,0.04658852866384033,0.055953156275241674,0.06570476862040014,0.07564904104885962,0.08597401338010147,0.09652278244304334,0.1073927725589428,0.1185703833986453,0.12995177627302243,0.1416934247775572,0.15363430644615905,0.16581081237677125,0.17828801109427114,0.19097534861452417,0.2037916656258929,0.2168358032239352,-2.0,0.24348686881392603,0.2569025876687097,0.2704170558709815,0.2840053009680829,0.29763167290323567,-2.0,0.32485404737974677,0.338363497165545,0.351676473606328,0.36482585384231037,0.3777876020800751,0.390528453349241,0.40301965901932113,0.4152389812011014,0.4271554563985684,0.4385766196603105,0.44958985488078923,0.460267440053411,0.4706405073748442,-2.0,0.4896563207282164,0.49872951532356224,0.5070280870394009,0.5151081963337596,0.5226275274385694,0.5297982352315143,0.536424013411693,-2.0,-2.0,0.554352723122193,0.5595380099926808,0.5641804275572843,-2.0,0.5733105333833566,-2.0,0.5806981788048241,-2.0,0.5877983067408524,0.590874739221393,0.5936446162492345,-2.0,-2.0,-2.0,0.6034005612908894,0.6055692609681936,0.6075535431641493,0.6093739128527189,0.6110477203011979,-2.0,0.6140133779602726,0.6153291829943579,0.616547249964042,0.6177048753473916,0.6189078671029354,-2.0,-2.0,-2.0,0.6233124426815251,0.6242262098655671,-2.0,0.6258650332928352,0.6265987684412517,0.627280446547567,0.6279133934812172,0.6285006081980338,0.6290448039430965,0.6295484315610063,0.6300137104677147,-2.0,-2.0,0.6311986051908661,0.6315287565354883,0.6318288634593044,0.6321001383129868,0.6323436701550879,0.6325604363553321,0.6327513094750549,0.6329170627753977,0.6330583817999434,0.6331758634342585,0.6332700230009918,-2.0,0.6333900679416175,0.6334166178370618,0.6334211831655745,0.6334039303537574,0.6333649635537352,0.633304328325918,0.6332220091433647,-2.0,-2.0,0.6328439487369415,-2.0,-2.0,0.6322647758072222,-2.0,-2.0,-2.0,-2.0,-2.0,0.6304607528096074,0.6300696805179635,-2.0,0.6292033022501573,0.6287261897616101,-2.0,-2.0,0.6271069438273101,0.6265007650376158,0.6258592887393203,-2.0,-2.0,-2.0,0.6229120101284292,-2.0,-2.0,-2.0,0.6192760255344505,-2.0,0.6171619060224522,0.6160231869322976,0.6148268286478454,0.6135702682664357,0.6122508170839361,-2.0,-2.0,-2.0,0.6062854883016378,-2.0,0.602845063695736,0.6009979625315284,0.5990610553783251,0.5970301939060262,0.5949010290779186,0.5926690015505984,0.5903293270568251,-2.0,0.5853067565731214,0.5826131012052407,-2.0,-2.0,0.5737325439223437,0.570484688026295,-2.0,-2.0,-2.0,-2.0,0.551766764677472,-2.0,0.5429714265934033,0.5382574091319069,0.5333191788729734,0.5281461566815587,0.5227272594227985,0.5170508776639182,0.5111048482130569,0.5048764745035338,0.4983522897945818,0.49151844866318384,0.4843602351396684,0.4768623455001938,-2.0,0.46078249850460257,0.4521660804421834,-2.0,-2.0,0.42378660244988664,-2.0,-2.0,-2.0,0.3792591349587137,-2.0,-2.0,-2.0,-2.0,-2.0
0.0032550885998350564,-0.015742226786538024,-0.008528882906175955,-0.0009743501758403285,0.0068493568691282486,0.014893934667759939,0.023318645535790626,0.03190816383569739,0.040871568250277844,0.05007757750197767,0.05960533227708851,0.0694076375061372,0.0795249546728182,0.0899000346370203,0.10063225758720137,0.11155069848593561,0.12285739604662695,0.13435021707043895,0.14613328542372475,0.15825019302276658,0.1704957010819355,0.18300379446475612,0.1957801963573769,0.20875278702458286,0.221813812496702,0.23506488162602418,0.24847475588635137,0.26201107262650164,-2.0,0.28918642316401827,0.30277565848002697,0.3163530502448935,0.3298813113165696,0.34332333422326855,0.3566429909830861,-2.0,0.3827339830772782,0.3953372320884441,0.4076647678761285,0.4196979980615063,-2.0,0.4428382900332831,0.45379111095736663,0.4641980215265609,0.4742824308012073,0.48406810047326015,0.4931157640706872,-2.0,-2.0,0.5179271045183049,0.5255135219242604,0.5322884749788449,0.5390068371928721,-2.0,0.5507770939023523,0.5564298058197359,-2.0,0.5659923845258432,0.5706882445576931,0.5748494557580843,0.5785239795066084,0.582097899367123,0.5857366893478746,0.5890302156934226,0.5919859789428985,0.5946517626698249,0.5970730616335628,0.5994938648591124,0.6019769931942709,0.6042723333285245,0.6063685853934739,0.6082884166774202,-2.0,-2.0,0.6131680838222469,0.6145488172885484,0.6158257256996087,0.6170081227740395,-2.0,-2.0,-2.0,0.621697886100136,0.6227258414843279,0.6236806621125803,0.6245678264541409,-2.0,0.6261583975291217,0.6268698740593217,0.6275308228377335,0.628143623564511,0.6287118458765392,-2.0,0.6297240428936565,-2.0,-2.0,-2.0,0.6313099949630772,0.6316251353853958,0.6319107665829016,0.6321675571215806,-2.0,0.6325991726811107,-2.0,-2.0,-2.0,0.6331584650071297,0.63323849952748,0.6332955358376603,-2.0,0.6333418592187594,0.6333316936401242,0.6332992509044572,-2.0,0.6331684996963246,-2.0,0.6329494244540912,0.6328068220364929,-2.0,0.6324525188403022,0.6322409424477995,-2.0,0.6317466057852399,0.6314628912640968,0.6311540822508399,-2.0,0.6304586373939958,-2.0,0.6296545924561902,0.6292098027307614,-2.0,-2.0,-2.0,-2.0,0.6265190460508704,0.6258796400983417,0.6252033975317133,-2.0,0.6237349118091319,0.6229395030068323,0.6221010876686837,0.6212178765001002,-2.0,0.6193094339022704,0.618280127658411,0.6171978665500039,0.6160603394017934,0.6148651185300963,0.6136096345980276,0.6122912125493728,0.6109071319021926,0.6094541226050836,0.6079293836580664,-2.0,-2.0,0.6028907060610738,0.6010443473976658,0.599108140224371,0.5970779500259029,0.5949494254903864,0.5927180087188523,-2.0,0.5879271616981946,0.585357436439014,0.5826642850614373,0.5798419278594614,-2.0,-2.0,-2.0,-2.0,0.563569953545204,0.5598347461138068,-2.0,-2.0,0.5475264598853447,0.5430268574778735,-2.0,-2.0,-2.0,-2.0,0.5171076956657453,-2.0,0.5049336285233568,-2.0,-2.0,-2.0,-2.0,0.46906685235820744,-2.0,-2.0,-2.0,-2.0,0.4238455027086071,-2.0,0.4026124878436585,0.3912351746182045,0.3793185204264407,-2.0,-2.0,-2.0,0.3257293976166405,-2.0
0.0031622776601683794,-0.020148996755321082,-0.0130475526592633,-0.005708563027382375,0.001977333268358423,0.009850547297861233,0.0180351581619558,0.026540250880441593,0.035248122832595756,0.044367050107442275,0.05362577300896507,0.06331909999362899,0.07317335540173789,0.08346462054824173,0.09389256131142101,0.10473142459998845,0.11577939081932832,0.12713134175153837,0.13882380779562145,0.1506487387490942,0.16280191462227556,0.1752567175957468,0.18779996370978405,0.20060095660585622,-2.0,0.2268703282769799,-2.0,0.2535445434447719,0.2670688552130064,0.28067471660932863,0.2943268278531847,0.3079869614187557,0.32153270058013045,-2.0,0.34835290910689987,0.36157218724587303,0.3746164056208229,0.3874530820080345,0.4000542195956373,0.41236447410086147,0.4242322097768957,0.43574376862887315,-2.0,-2.0,0.46818858825326726,0.47797492645775363,-2.0,0.4966122921988037,0.5050043556969496,0.5133043568253386,-2.0,0.5282084938011413,0.5348174952867726,0.5414562586650356,0.5472434822642296,0.5530060975992628,0.5583933004855384,0.5630966700220079,0.5678325307365889,0.5723505862234624,-2.0,-2.0,-2.0,-2.0,-2.0,-2.0,-2.0,0.5980032522078355,0.6004651208617078,0.6028963451817848,0.6051135298582982,0.6071402828936393,0.6089982046292938,-2.0,-2.0,-2.0,0.6150663051599798,-2.0,-2.0,-2.0,-2.0,0.6210349319822421,-2.0,0.6231080784377672,0.6240351391842865,0.6248961578196464,0.6256961029668903,0.626439093284275,0.6271289110735038,0.6277689933696322,-2.0,0.62891172635178,0.629419719896344,0.6298885510131333,0.6303202666333747,0.6307167184508533,0.6310795800864716,-2.0,0.6317104339611863,0.6319810183175507,-2.0,0.6324380247640499,0.6326263146272015,-2.0,0.6329266595624596,0.6330394174806464,0.6331285283731285,0.6331941332535079,0.6332365973342488,0.6332562093409028,0.6332531879018471,-2.0,-2.0,0.6331095620396416,0.633016928811772,0.632901814885932,0.6327640693510691,0.6326034845788294,0.6324197958957405,-2.0,0.6319817691974906,0.6317266013356759,0.631446706025191,-2.0,0.6308104474717091,-2.0,0.6300678628209766,-2.0,0.6292128596856083,-2.0,-2.0,0.627703737708807,0.6271361115661085,-2.0,0.6258968980337143,0.6252226874916228,0.6245101934308899,0.6237579030070179,-2.0,0.6221274369878395,0.6212457810257218,-2.0,0.6193402372296015,-2.0,-2.0,-2.0,-2.0,0.613646576670313,-2.0,-2.0,0.6094941029198828,0.6079703229080169,0.6063713197411534,0.6046937964687512,0.6029341146943786,-2.0,-2.0,0.597123541793207,0.5949956818177944,-2.0,0.5904263960954499,0.587975191955267,0.585406028500717,0.582713400295464,-2.0,-2.0,-2.0,-2.0,0.5671864363047169,0.5636217317778927,0.5598869057666334,0.5559739207518465,-2.0,-2.0,-2.0,-2.0,-2.0,0.5282569455082217,0.5228383679464694,-2.0,-2.0,-2.0,-2.0,-2.0,0.48447394358769413,0.47697642457561795,0.46912313601299527,0.4608972579041413,-2.0,0.44325638733379824,0.4338036074533387,-2.0,0.41353202979720827,-2.0,0.3912926179224802,-2.0,0.3668946715247434,0.35382165653253045,0.34012899148231984,0.3257873735260242,-2.0
