gamma,0.31622776601683794,0.3019252937358979,0.28826969922892337,0.2752317252565902,0.2627834378373631,0.25089816639867835,0.2395504466349916,0.2287159659502647,0.21837151136800032,0.20849491979722248,0.1990650305478458,0.19006163999369863,0.18146545828606478,0.17325806802500104,0.16542188479988584,0.15794011951465392,0.15079674241700075,0.14397644875448803,0.13746462598396758,0.13124732246407111,0.12531121756368732,0.11964359312238489,0.11423230620163467,0.10906576306844964,0.10413289435570348,0.09942313134590756,0.09492638332763458,0.09063301597607476,0.08653383071140455,0.08262004499074298,0.07888327349147113,0.0753155101456,0.07190911098669456,0.06865677777260396,0.06555154234890925,0.06258675171958727,0.05975605379290422,0.057053383771999505,0.054472951161001634,0.052009227358836375,0.049656933814147285,0.047411030715949695,0.0452667061957886,0.04321936601826527,0.04126462373784474,0.039398291300855266,0.03761637007254389,0.0359150422699641,0.03429066278233999,0.0327397513613822,0.031258985164823415,0.029845191637197507,0.028495341712609815,0.027206543324934985,0.02597603521153814,0.024801180997243856,0.02367946354587759,0.022608479567277774,0.02158593446822417,0.0206096374362503,0.01967749674580726,0.018787515276722067,0.01793778623534893,0.01712648906924605,0.01635188556662487,0.015612316132215039,0.014906196231565999,0.014232012996167009,0.01358832198211223,0.012973744075366049,0.012386962536998372,0.011826720182059092,0.011291816686047524,0.01078110601320594,0.010293493961127173,0.009827935816415728,0.009383434116379496,0.008959036511956614,0.00855383372729865,0.008166957611638569,0.007797579279269578,0.007444907333649699,0.007108186171827296,0.006786694365554635,0.006479743115621102,0.006186674776094437,0.005906861445308137,0.005639703620576279,0.005384628913753366,0.005141090824887363,0.004908567571338431,0.0046865609698547046,0.00447459536921003,0.004272216631116735,0.004078991157230091,0.003894504960159794,0.003718362776498087,0.00355018721996422,0.003389617972850788,0.0032363110140396713,0.003089937881933562,0.0029501849707238978,0.002816752858487498,0.002689355665672269,0.0025677204425975856,0.0024515865846570437,0.002340705273970635,0.002234838946290121,0.0021337607820153945,0.0020372542202313567,0.001945112494724129,0.0018571381909825019,0.0017731428232354832,0.001692946430619779,0.0016163771916119475,0.0015432710558991754,0.0014734713928999455,0.0014068286561815398,0.0013432000630554154,0.0012824492886639467,0.0012244461739031422,0.0011690664465555444,0.0011161914550358322,0.0010657079141786951,0.0010175076625242984,0.0009714874305813417,0.0009275486195712066,0.0008855970901791448,0.0008455429608599186,0.0008073004152657436,0.0007707875183839596,0.0007359260409904976,0.0007026412920430313,0.0006708619586547218,0.0006405199533056867,0.0006115502679648496,0.0005838908348096256,0.0005574823932450256,0.0005322683629372804,0.0005081947225899413,0.0004852098942027476,0.00046326463256527643,0.0004423119197486164,0.0004223068643690165,0.0004032066054076735,0.0003849702203805974,0.000367558637661806,0.00035093455277199854,0.0003350623484533608,0.00031990801835925475,0.00030543909419530234,0.00029162457615576,0.00027843486650614476,0.0002658417061698087,0.0002538181141826046,0.00024233832988591541,0.00023137775773420224,0.00022091291459881728,0.00021092137945517958,0.00020138174534552102,0.00019227357351427743,0.0001835773496178634,0.00017527444191500822,0.0001673470613480748,0.0001597782234298378,0.00015255171185405976,0.00014565204375190303,0.0001390644365197383,0.00013277477614727685,0.00012676958697817228,0.00012103600283829951,0.00011556173946985643,0.00011033506821222625,0.00010534479087321177,0.00010058021573680417,9.60311346560809e-05,9.168780118215463e-05,8.754090968231631e-05,8.358157540262827e-05,7.980131543225705e-05,7.619203052875614e-05,7.274598776536364e-05,6.945580396313453e-05,6.631442987240945e-05,6.331513506973246e-05,6.045149353785448e-05,5.771736989793168e-05,5.510690626441899e-05,5.261450969449455e-05,5.023484020512821e-05,4.796279933211699e-05,4.579351920657803e-05,4.372235212549416e-05,4.17448605939659e-05,3.9856807817837755e-05,3.805414862632635e-05,3.6333020805204415e-05,3.468973682197064e-05,3.3120775925276594e-05,3.1622776601683795e-05
1.0,-1.0,-1.0,-1.0,-1.0,-1.0,-1.0,-1.0,-1.0,-1.0,-1.0,-0.002354619704112873,-1.0,-1.0,-1.0,-1.0,-1.0,-1.0,-1.0,-1.0,-1.0,-1.0,-1.0,-1.0,-1.0,-1.0,-1.0,-1.0,-1.0,-1.0,-1.0,-1.0,-1.0,-1.0,-1.0,-1.0,-1.0,-1.0,-1.0,-1.0,-1.0,-1.0,-1.0,-1.0,-1.0,-1.0,-1.0,-1.0,-1.0,-1.0,-1.0,-1.0,-1.0,-0.012368540682388744,-1.0,-1.0,-1.0,-1.0,-1.0,-1.0,-1.0,-1.0,-1.0,-1.0,-1.0,-1.0,-1.0,-1.0,-1.0,-1.0,-1.0,-1.0,-1.0,-1.0,-1.0,-1.0,-1.0,-1.0,-1.0,-1.0,-1.0,-1.0,-1.0,-1.0,-1.0,-1.0,-1.0,-1.0,-1.0,-1.0,-1.0,-1.0,-1.0,-1.0,-1.0,-1.0,-1.0,-1.0,-1.0,-1.0,-1.0,-1.0,-1.0,-1.0,-0.12426559352403359,-1.0,-1.0,-1.0,-1.0,-1.0,-1.0,-1.0,-1.0,-1.0,-1.0,-1.0,-1.0,-1.0,-1.0,-1.0,-1.0,-1.0,-1.0,-1.0,-0.3124685092083635,-1.0,-1.0,-1.0,-1.0,-1.0,-1.0,-1.0,-1.0,-1.0,-1.0,-1.0,-1.0,-1.0,-1.0,-1.0,-1.0,-1.0,-1.0,-1.0,-1.0,-1.0,-1.0,-1.0,-1.0,-1.0,-1.0,-1.0,-1.0,-1.0,-1.0,-1.0,-1.0,-1.0,-1.0,-1.5757412764050998,-1.0,-1.0,-1.0,-1.0,-1.0,-1.0,-1.0,-1.0,-1.0,-1.0,-1.0,-1.0,-1.0,-1.0,-1.0,-1.0,-1.0,-1.0,-1.0,-3.9752684121234934,-1.0,-4.360737292601104,-1.0,-1.0,-5.010156968835501,-1.0,-1.0,-1.0,-1.0,-1.0,-1.0,-1.0,-1.0,-1.0,-1.0,-1.0,-1.0,-1.0,-1.0,-1.0,-1.0
0.9714874305813421,0.012508338165806833,0.012657200903949156,0.01278856021687248,0.012903681372445418,0.013003744071896953,0.01308955889267472,0.013162173921135516,0.013222291000405232,0.013270568734672137,0.013307585321278886,0.013333839435174775,0.013349758640513677,0.013355707644241873,0.013351996468983681,0.013338868911041567,0.013316540108618748,0.013285164835874426,0.013244861551175442,0.013195710460884722,0.013137779669703701,0.013071003146312328,0.012995427023157069,0.012910975659082051,0.012817559160572868,0.012715067464121523,0.012603357208431787,0.012482255610803673,0.01235156889021091,0.012211071269121042,0.012060513131150002,0.011899618002609105,0.0117280832774492,0.011545575797819556,0.011351741819863367,0.011146196263455494,0.010928525092005113,0.01069828769577853,0.010455013381765469,0.010198201290986898,0.009927323219778069,0.009641813356783902,0.009341078201504423,0.00902448470606878,0.008691374456183664,0.00834105572493111,0.007972747824415974,0.007585686742991642,0.00717909218880858,0.006752052401267536,0.006303693868670973,0.005833083739406084,0.0053391204321895334,0.004820853587918927,0.004277162393753526,0.0037068336961212714,0.003108686601463304,0.002481455820493656,0.0018237929739978714,0.0011342949968680405,0.0004114694793450023,-0.0003462085473020203,-0.001140361769102375,-0.001972685914995574,-0.002844976571439891,-0.003759090109103875,-0.004716953451334143,-0.005720599483834372,-0.006772354341193162,-0.007874277556475278,-0.00902878562659367,-0.010238367286309523,-0.01150558638073964,-0.01283307062772424,-0.014223901247176918,-0.015680793049083645,-0.017207096232064203,-0.01880589346718736,-0.02048067193235561,-0.022235082646538853,-0.02407278934766912,-0.025997688188213675,-0.028014067232098677,-0.03012615299147775,-0.032338487783722045,-0.03465569150543307,-0.03708293785941315,-0.03962531722563291,-2.0,-0.045077408120228674,-0.04799894124369056,-0.05105889834809406,-2.0,-0.05762095550509437,-0.06113706054392856,-0.06481982218737099,-0.06867703203152578,-0.0727172442862429,-0.07694882209935222,-2.0,-0.08602305402053768,-2.0,-0.09597759571071314,-0.10131136181757949,-0.10689786877106346,-0.11274898391191593,-0.11887740951657186,-0.12529615569729155,-0.1320189888645127,-0.13906020811478859,-2.0,-2.0,-2.0,-2.0,-2.0,-0.18889341369190019,-2.0,-0.20882599825548617,-0.2195061039757026,-0.23069196572495698,-2.0,-2.0,-2.0,-2.0,-2.0,-0.30985629764188016,-2.0,-2.0,-2.0,-2.0,-0.3948672564176179,-0.4143601380610881,-2.0,-0.4561598090362926,-2.0,-2.0,-0.526581845140624,-2.0,-2.0,-2.0,-2.0,-0.6680237944021857,-0.7004562008298165,-0.7344249411688506,-0.7700026916693601,-0.8072659728914335,-0.8462943381243354,-2.0,-0.9299849964912682,-2.0,-2.0,-2.0,-2.0,-1.1764649677667562,-2.0,-2.0,-2.0,-1.4191117068807337,-2.0,-1.5583569926701004,-2.0,-2.0,-2.0,-2.0,-2.0,-2.062487196808641,-2.0,-2.0,-2.0,-2.0,-2.0,-2.0,-2.0,-2.0,-2.0,-2.0,-2.0,-2.0,-2.0,-2.0,-2.0,-2.0,-2.0,-2.0,-2.0,-2.0,-2.0,-2.0,-2.0,-6.29712663358197,-2.0,-2.0,-7.237562161753345,-2.0,-7.941112471327745,-2.0,-2.0,-2.0,-2.0,-10.013163322216126,-2.0
0.9437878277775381,0.026599853899364208,0.026966526412681456,0.02729870874044831,0.02759947214581748,0.027870753448202598,0.028115425554956983,0.02833535154581657,0.028532083773396125,0.028707421267136976,0.0288626853794902,0.0289991114755947,0.029117809467373003,0.029219684796238175,0.029305644124935838,0.029376412162423517,0.02943264226577719,0.029474884987873654,0.02950364101635797,0.029519357258688074,0.029522269424191797,0.029512790489029012,0.02949107704615442,0.02945734202939854,0.029411732492158525,0.029354266837316158,0.02928501781859632,0.029204007348538383,0.02911117166773044,0.029006446705639163,0.028889670626521022,0.028760734885058068,0.028619430471587597,0.028465542731533018,0.028298789462025874,0.028118906717936064,0.027925536817491173,0.027718350376761933,0.02749691476338096,0.02726082676029261,0.027009598809320034,0.026742744117138853,0.026459722092700585,0.026159939616420914,0.025842793775245454,0.02550762932128999,0.02515373659491839,0.024780396254393728,0.02438687660606252,0.023972167820723055,0.0235355827443159,0.02307614973924186,0.022592863716459497,0.022084727143636233,0.021550714275259543,0.020989526279011884,0.02040013347501813,0.019781228945272098,0.019131482823243486,0.018449520388361305,0.017733956607089024,0.01698311355288208,0.016195477023304747,0.015369316654427218,0.014503012120847262,0.013594495374065093,0.012641953565831393,0.011643419684725383,0.010596631845448953,0.0094992634183401,0.008349278600587283,0.007143951514826458,0.005880700946270509,0.004557015315412853,0.0031698637402078275,0.0017164306328755416,0.00019352444803563684,-0.0014020084908882638,-0.0030738848481818085,-0.004825281799478706,-0.006660260909034273,-0.00858266328698061,-0.01059645997876238,-0.012706121566514274,-0.01491610568493864,-2.0,-0.019656465515449396,-0.022196594639172285,-0.0248576861012908,-0.027645225338325988,-0.03056496383503901,-0.033623264439246764,-2.0,-2.0,-0.04369687104378994,-0.04737825556081078,-0.051234325440268125,-2.0,-0.059503649095819414,-0.06393444800414491,-2.0,-2.0,-0.07852814608759622,-2.0,-2.0,-0.09529695118664555,-2.0,-2.0,-2.0,-2.0,-2.0,-0.13670309149181947,-0.14479271223564885,-0.15326549233958048,-2.0,-0.1714347555066068,-2.0,-0.1913663942569626,-2.0,-2.0,-2.0,-2.0,-2.0,-2.0,-2.0,-0.29239334271217726,-2.0,-2.0,-2.0,-2.0,-2.0,-2.0,-0.4173114814713662,-2.0,-0.4610907658915766,-0.4845478143450008,-2.0,-2.0,-0.5617991261696932,-2.0,-2.0,-2.0,-2.0,-2.0,-2.0,-2.0,-2.0,-0.8697039839127645,-2.0,-2.0,-2.0,-2.0,-2.0,-1.1589968445486034,-1.2155142269664754,-1.2747088717749129,-2.0,-2.0,-2.0,-2.0,-2.0,-2.0,-2.0,-2.0,-2.0,-2.045018245248228,-2.0,-2.0,-2.0,-2.0,-2.0,-2.0,-2.0,-2.9766996428662122,-2.0,-2.0,-2.0,-3.5890246603392657,-2.0,-2.0,-4.128688819969593,-2.0,-2.0,-2.0,-2.0,-2.0,-2.0,-2.0,-2.0,-2.0,-2.0,-6.891998506449059,-2.0,-2.0,-2.0,-2.0,-2.0,-2.0,-2.0,-2.0,-2.0
0.9168780118215468,0.040100501513789494,0.040704810372806384,0.04125532032951883,0.041756786367517146,0.04221347416519813,0.04262912764764212,0.04300709869496417,0.043350337963202,0.043661492834118444,0.04394287576850555,0.04419652905575715,0.044424370301622364,0.04462798553854264,0.04480887388694459,0.044968316062663015,0.04510744652185663,0.045227293682569926,0.04532873655843297,0.04541258403789788,0.04547949604894516,0.04553004851379808,0.04556480043302021,0.04558416295067417,0.045588512885328177,0.04557811623837798,0.045553249004847106,0.045514057258012594,0.04546068819966426,0.045393211190025234,0.04531166195738874,0.04521597983241304,0.0451060906835413,0.04498193165970981,0.04484332965442537,0.04469009798395276,0.04452194675690137,0.044338656369316734,0.04413989668460599,0.04392526189026923,0.04369440699726715,0.043446871315966876,0.04318218626718961,0.042899810859560704,0.042599177945885164,0.04227970445235094,0.041940739961959184,0.04158154737507816,0.04120143414405139,0.04079956611771048,0.04037515451088651,0.039927270256297824,0.03945499102916723,0.03895739589965052,0.03843323075563928,0.037881569961758475,0.03730119285898562,0.03669086397048771,0.03604929114079331,0.035375121410248365,0.03466692237132475,0.03392310409228208,0.03314219306009948,0.032322516014433214,0.031462208270720035,0.030559537809583964,0.029612638385613663,0.02861923511426958,0.02757745170501753,0.026484994368394195,0.025339510130454178,0.024138549544015567,0.022879520995605335,-2.0,0.020176451118759257,-2.0,0.01720707394261145,0.015614744359357259,0.013946095577059205,-2.0,0.010365435155454288,0.008445820058487374,0.006434547262911247,0.004327305625706192,0.0021197591379340033,-0.00019322835674377703,-2.0,-0.00515443582562039,-2.0,-2.0,-2.0,-2.0,-0.01977565465156253,-2.0,-0.026642786722407052,-0.030322802287073125,-2.0,-0.03821495300444648,-0.042444100195034154,-0.0468740377916652,-2.0,-0.05637399461831019,-2.0,-0.06679633714257138,-0.07238097439002913,-0.07823038696481871,-0.08435716725777502,-0.09077419298243317,-2.0,-2.0,-2.0,-2.0,-0.12772091367800936,-2.0,-2.0,-2.0,-0.16409607581326868,-0.17429198369471155,-2.0,-2.0,-0.20787072329712974,-2.0,-2.0,-2.0,-2.0,-2.0,-2.0,-2.0,-2.0,-2.0,-2.0,-2.0,-0.400231753326876,-2.0,-0.4440105791958384,-2.0,-2.0,-2.0,-2.0,-2.0,-2.0,-2.0,-2.0,-2.0,-2.0,-2.0,-0.8117447178315397,-2.0,-2.0,-2.0,-2.0,-2.0,-2.0,-2.0,-2.0,-2.0,-2.0,-2.0,-2.0,-2.0,-2.0,-2.0,-1.7583982582157354,-2.0,-2.0,-2.0,-2.0,-2.0,-2.3376180289574853,-2.0,-2.569295771795496,-2.0,-2.0,-2.0,-2.0,-2.0,-3.4080733615034227,-2.0,-2.0,-2.0,-4.111604387795092,-4.308798116636386,-2.0,-2.0,-2.0,-2.0,-5.444055514978368,-2.0,-2.0,-2.0,-2.0,-2.0,-7.203007733801154,-2.0,-2.0,-2.0,-8.678342506287555,-2.0,-2.0,-2.0,-2.0
0.890735463861044,0.05292096496962318,0.053789009207198826,0.054580378878457826,0.05530234210389454,0.05596134694964232,0.05656297106286467,0.05711225714744743,0.05761356664597797,0.05807084566476178,0.05848747516755819,0.05886662222338716,0.0592109291432838,0.05952287217907787,0.059804594414716514,0.06005803857766565,0.06028492752571931,0.060486721177777945,0.06066483397585277,0.06082042013448049,0.060954575657544446,0.061068244118467105,0.061162178510416436,0.06123716328800625,0.06129380278006281,0.061332612065610616,0.0613540529572023,0.06135850492429022,0.06134627415872771,0.061317594740902856,0.061272650231696216,0.06121155408169319,0.06113436034586423,0.061041088139865744,0.06093171542404282,0.06080607674330208,0.060664103257539057,0.06050558680742825,0.06033026584901654,0.06013787628760729,0.059928100455659467,0.05970054387877381,0.05945480615246924,0.05919041400350298,0.058906875472304554,0.058603610615331626,0.05828001718520712,0.05793543505293075,0.05756921076690483,0.05718055275010255,0.05676869024512947,0.0563327269602741,0.055871792293586076,0.05538489834893497,0.05487105156743465,0.054329150365869834,0.05375806758345685,0.053156623616585144,0.05252342145531084,0.05185725035452187,0.051156711540900096,0.05042030037575718,0.049646289719455866,0.04883301012836719,0.04797901923871255,0.04708231374630187,0.046141017236062065,0.0451531351441797,0.044116556346677716,0.0430289690419472,0.04188819011061221,0.040691677822533745,0.03943697166075341,0.03812124130878201,0.03674177362493768,0.0352956156042629,0.03377968873939409,0.03219072405975804,0.030525238451700805,0.028779780994491563,0.026950704708001573,0.025033788277071464,0.023025081260194438,-2.0,0.01871523871250285,0.016404752547754295,-2.0,-2.0,0.008790453667931242,0.006006924293054314,0.0030908758590147273,3.578009893616396e-05,-0.0031644487125350035,-0.006516722847202158,-0.010028427611136384,-0.013707068960415986,-0.01756018058445731,-2.0,-2.0,-2.0,-2.0,-2.0,-2.0,-2.0,-2.0,-2.0,-0.06772923176050277,-2.0,-0.08086615580784212,-2.0,-2.0,-2.0,-2.0,-2.0,-0.12843360872772341,-2.0,-2.0,-2.0,-2.0,-0.17951993137190575,-2.0,-2.0,-0.21635474576517738,-2.0,-2.0,-2.0,-2.0,-2.0,-2.0,-2.0,-2.0,-2.0,-2.0,-2.0,-2.0,-2.0,-2.0,-2.0,-2.0,-2.0,-2.0,-2.0,-2.0,-0.6832334598884673,-2.0,-2.0,-0.7951016219920986,-2.0,-2.0,-2.0,-2.0,-2.0,-2.0,-2.0,-1.1817871532568707,-2.0,-2.0,-2.0,-2.0,-2.0,-2.0,-2.0,-2.0,-1.8274742262786774,-1.9172554276964993,-2.0,-2.0,-2.0,-2.0,-2.0,-2.5526507740734705,-2.0,-2.0,-2.0,-2.0,-2.0,-2.0,-2.0,-2.0,-2.0,-2.0,-4.292152746652436,-2.0,-4.71500631458631,-2.0,-2.0,-2.0,-2.0,-5.960367183540152,-6.245926759732267,-2.0,-2.0,-2.0,-2.0,-2.0,-2.0,-8.661696857978118,-2.0,-2.0,-9.961963028954996,-2.0
0.8653383071140456,0.06500314510238839,0.06617030756420957,0.06723253670264324,0.06820061656824564,0.06908389869949665,0.0698905084103026,0.07062759423928057,0.0713014151956861,0.07191736992029182,0.07248041959734974,0.07299483970964837,0.07346444008528757,0.07389235019975685,0.07428178692515172,0.07463542844305351,0.07495557906952162,0.07524440689967418,0.07550363773859253,0.07573510503029542,0.07594020190875155,0.07612029100747385,0.07627655914333956,0.07640993166186405,0.0765214111030782,0.07661177333316213,0.07668170003256716,0.07673176134301224,0.07676248954370163,0.07677429601637423,0.07676752409930104,0.07674245176744583,0.0766992630524274,0.07663810175783721,0.0765590632262255,0.07646216486885105,0.07634731581167085,0.07621448032405537,0.0760634736809625,0.07589416141054275,0.07570616146166995,0.07549929349712356,0.07527318767297739,0.07502737639395607,0.074761518313459,0.07447495729312614,0.07416726444810091,0.07383779442678118,0.0734859027221109,0.07311086851869625,0.07271191584028379,0.07228827563378232,0.07183900930420081,0.07136322937055144,0.07085995637446638,0.07032812659397852,0.0697665847276109,0.06917421806090625,0.06854974594719004,0.06789177047254269,0.06719902939825054,0.06647000150392117,0.06570326043944796,0.06489679044691203,0.06404917452958321,0.06315863585551039,0.06222321433599824,0.06124089503088561,0.06020960592155622,0.05912712173116726,0.05799111360979769,0.05679927851251804,0.05554901703937376,0.05423742360379379,0.05286200208907548,0.05141949868363425,0.04990721888754722,-2.0,-2.0,0.044917162152759094,-2.0,-2.0,-2.0,0.03706921122422432,0.03486625408217365,0.0325581562414308,0.03013956182551348,-2.0,0.024950402362460142,-2.0,-2.0,-2.0,0.0130028765212086,-2.0,0.0061420905036846385,0.002464764340340639,-0.0013869135208730426,-2.0,-2.0,-0.014075825841964248,-0.01871370376614108,-0.023571362490901845,-2.0,-0.033989774965669545,-2.0,-0.04542000838725574,-2.0,-0.05796054253401618,-2.0,-2.0,-0.07909082241024544,-2.0,-2.0,-0.10337115020753682,-2.0,-2.0,-2.0,-2.0,-2.0,-2.0,-0.17504128991841,-2.0,-0.2001606294248846,-2.0,-0.22771714612226204,-0.24248211300932113,-2.0,-0.2741438525226563,-0.2911084575809698,-2.0,-2.0,-0.34697876722145105,-2.0,-2.0,-2.0,-0.43462823880126916,-2.0,-2.0,-0.5118777139309103,-2.0,-2.0,-2.0,-2.0,-2.0,-2.0,-2.0,-2.0,-0.8197778203174636,-2.0,-2.0,-2.0,-2.0,-1.0551083479176089,-2.0,-2.0,-1.2247807446099996,-2.0,-2.0,-2.0,-1.49095932389628,-1.5655669359478197,-1.6437087777611143,-2.0,-2.0,-2.0,-2.0,-2.093576662303781,-2.0,-2.0,-2.0,-2.0,-2.0,-2.0,-2.9267683462468588,-2.0,-2.0,-2.0,-2.0,-2.0,-2.0,-2.0,-2.0,-2.0,-2.0,-2.0,-2.0,-2.0,-2.0,-2.0,-6.229724312019362,-2.0,-2.0,-2.0,-2.0,-7.8737098823653575,-2.0,-2.0,-2.0,-2.0,-2.0,-10.42087894269603
0.8406652885618325,0.07647359341339922,0.07785871187052548,0.07917319181730044,0.08041592617468331,0.08155214847271663,0.08258798654252152,0.08353369769572257,0.08439790331146271,0.08518826353543693,0.08591113841498123,0.08657261216372598,0.08717777855617849,0.08773098490449771,0.08823631950366749,0.08869740319598604,0.08911727418264005,0.08949879183065383,0.08984442972701742,0.09015639852554069,0.09043667197541042,0.09068700808954551,0.09090896166195843,0.09110394722917703,0.09127312266145056,0.09141762370451453,0.09153839820843244,0.09163630874473712,0.09171197260931636,0.09176610645180068,0.09179919648215402,0.09181168953107982,0.09180398061494648,0.09177625250784512,0.09172879318618779,0.09166172166969258,0.0915751074227918,0.0914689283097652,0.09134316493303415,0.09119772006182068,0.09103240851345085,0.09084692779746344,0.09064110720449552,0.0904145870754119,0.09016694013690454,0.0898977336368944,0.08960642646565731,0.08929255543338077,0.08895547510924517,0.08859447848258413,0.08820891762451162,0.08779793213725712,0.08736076115238547,0.08689644942745944,0.08640415562353738,0.08588264205467677,0.08533094421758741,0.08474797713805791,0.08413234291124891,0.08348289861696992,0.08279821271871352,0.08207685311545487,0.08131728590876097,0.08051794314018368,0.07967703222934476,0.0787927776121379,0.07786335655404883,0.07688683046084738,0.07586103952449491,0.07478366013100268,0.07365269061531318,0.07246550314438793,0.07121971855363732,0.06991239941096752,-2.0,0.06710254307357619,-2.0,0.06401200530562401,0.062353204262851826,0.06061411707487137,0.05879104120048393,0.05687997357361889,-2.0,0.05277745760167934,0.050577136878361816,0.04827135296198408,-2.0,0.043323307935376254,-2.0,-2.0,-2.0,0.03192699622061447,-2.0,0.02538135273936916,-2.0,-2.0,-2.0,-2.0,0.006087678934297028,-2.0,-2.0,-2.0,-0.012918832824285242,-0.018247608813891092,-0.02382931270561653,-2.0,-2.0,-2.0,-2.0,-2.0,-2.0,-2.0,-0.07915049120373796,-2.0,-2.0,-2.0,-2.0,-2.0,-2.0,-0.14757368469536203,-2.0,-0.17155582758033383,-2.0,-2.0,-2.0,-2.0,-2.0,-2.0,-2.0,-0.2931191209105476,-2.0,-2.0,-2.0,-2.0,-2.0,-2.0,-2.0,-2.0,-0.4961180062158911,-2.0,-2.0,-2.0,-2.0,-2.0,-2.0,-0.724113001340905,-2.0,-2.0,-2.0,-2.0,-2.0,-2.0,-2.0,-2.0,-2.0,-2.0,-1.2710170737002886,-2.0,-2.0,-2.0,-2.0,-2.0,-2.0,-2.0,-2.0,-2.0,-2.0,-2.0,-2.289008424890828,-2.0,-2.0,-2.0,-2.0,-2.0,-2.0,-2.0,-2.0,-2.0,-2.0,-3.874718528395427,-4.06299343283724,-2.0,-4.46672195414322,-4.68304055258856,-4.9096063352996975,-2.0,-5.3954440795712735,-2.0,-2.0,-2.0,-2.0,-2.0,-7.154396019336929,-2.0,-2.0,-2.0,-2.0,-2.0,-2.0,-2.0,-10.405115160752748
0.8166957611638572,0.08739169091360512,0.08908109482609328,0.09062213367581567,0.09203209379969796,0.09335783582568737,0.0946257841924796,0.09580647690855909,0.0968835010051181,0.09786729415107896,0.09876674311864606,0.09958966059516688,0.10034285987459843,0.10103228492865071,0.10166308778209934,0.1022400422659545,0.10276719247597801,0.10324809259515536,0.10368603026010666,0.104083860850375,0.10444404155694063,0.10476892114891972,0.105060476868374,0.10532051359068582,0.10555058474171172,0.10575213308315701,0.10592639711604196,0.10607448214181162,0.10619733741371817,0.10629580885717133,0.10637061345060464,0.10642239456976178,0.10645167062148878,0.10645886674330923,0.10644432588700597,0.10640837576819248,0.10635106755416812,0.106272623280592,0.10617311455722293,0.10605245098597554,0.10591056046700208,0.10574734446250245,0.10556256566530775,0.10535597571883659,0.10512723659589833,0.10487594218115602,0.10460164842910404,0.10430396935852028,0.10398215166912465,0.10363565133296071,0.10326388669083114,0.1028660831423672,0.10244127318349548,0.10198888580243042,0.10150764071716678,0.1009969313932943,0.10045543962795923,0.09988200655087648,0.09927562970893407,0.09863501939672453,0.09795861208831107,0.09724513608856071,0.0964931779650962,0.09570089456365878,0.09486682320032563,0.09398911786454837,0.0930659095775394,0.0920952045220356,0.09107497061082338,0.09000305398654038,0.0888771467728234,-2.0,0.08645358742385235,0.08515076337975849,0.08378359653698011,-2.0,0.08084436031083173,0.07926606521236815,-2.0,-2.0,0.07405496857521923,-2.0,0.07014687949937568,-2.0,0.06585241845415801,0.06354914994697014,0.061135284637620683,-2.0,0.05595496550136668,0.05317729771784466,-2.0,-2.0,-2.0,0.040675171359107004,0.037168258589476005,-2.0,-2.0,-2.0,-2.0,-2.0,0.012329062703117136,-2.0,-2.0,-2.0,-0.008520858998905825,-2.0,-2.0,-2.0,-2.0,-0.04065843232937809,-0.04802910820121724,-0.05574926312810562,-2.0,-2.0,-2.0,-2.0,-2.0,-0.11039466729769866,-0.12107143111758868,-2.0,-2.0,-2.0,-2.0,-2.0,-2.0,-2.0,-2.0,-2.0,-2.0,-2.0,-2.0,-0.3158971084374445,-2.0,-2.0,-0.3800886336500671,-2.0,-2.0,-2.0,-0.4807927039574091,-2.0,-2.0,-2.0,-2.0,-2.0,-2.0,-2.0,-0.7478140136886962,-0.7886903797541907,-2.0,-2.0,-0.9233091216954519,-2.0,-2.0,-2.0,-2.0,-2.0,-2.0,-2.0,-1.388635802063432,-2.0,-1.534476336775479,-2.0,-2.0,-2.0,-2.0,-1.9639967880823705,-2.062485297409157,-2.0,-2.0,-2.0,-2.0,-2.6294903987796867,-2.0,-2.895676317292498,-3.0382993044907214,-3.18767846403052,-2.0,-3.508000634352037,-2.0,-2.0,-2.0,-2.0,-4.451392804669176,-4.667711373434806,-4.894277130206383,-5.1315754940165235,-2.0,-2.0,-5.913071913973366,-6.198631429151447,-2.0,-6.810972824690877,-7.13906665190302,-7.482702554374184,-2.0,-8.219580440956918,-2.0,-9.027924923024413,-2.0,-2.0,-2.0
0.7934096665797492,0.09756348089330623,0.0996196266146116,0.10148723911694028,0.10318795485657765,0.10474008339791746,0.10615930856186558,0.10748156509392436,0.1087494062669136,0.10994922618115519,0.11104575544957525,0.11204769298804136,0.11296414532516884,0.1138028421636679,0.11457066521494959,0.11527354322973787,0.11591674081666349,0.11650487441021294,0.11704204100262153,0.11753182454693895,0.11797748306275008,0.11838182027153811,0.11874740540461666,0.11907648158399578,0.11937106891768777,0.11963297568857229,0.11986364848878632,0.12006461022630029,0.12023708720073144,0.12038213911008462,0.12050074038336574,0.12059369251940943,0.12066169488888247,0.12070538133107568,0.12072531342291146,0.12072166533224787,0.12069501062117298,0.12064546606860306,0.12057323209336271,0.12047838471244364,0.12036092356998085,0.12022084142218147,0.12005785823261884,0.11987198611108012,0.11966279038043198,0.11943012375716147,0.11917342868472736,0.11889241441289233,0.11858640674954171,0.11825498387221851,0.11789745840860825,0.1175131782853252,0.1171012619117886,0.11666101104429413,0.11619151762478493,0.1156917790738265,0.11516069481049021,0.11459735173675827,0.11400046896505561,0.11336881533718857,0.11270103385317712,0.11199573060767162,0.11125144833077999,0.11046669152016902,0.10963971499597801,0.10876856217324618,0.10785181541352629,0.10688713476913639,-2.0,0.10480631813073576,0.10368571011365621,-2.0,0.10127181335709898,-2.0,-2.0,0.09718057520242021,-2.0,0.09410494683020568,0.09245319465532734,-2.0,0.08890413776501124,0.08699929765971744,0.08500188280493322,0.0829080028483602,-2.0,0.07841236880687012,0.0760010670820428,0.07347363541170526,0.0708252098362763,0.06804975684496127,0.06514132937344912,-2.0,-2.0,0.05555507533875047,-2.0,0.04837746098850032,-2.0,-2.0,-2.0,-2.0,0.027219137315250608,-2.0,-2.0,-2.0,-2.0,-2.0,-2.0,-2.0,-0.01872339310785187,-2.0,-2.0,-2.0,-0.048933960084078215,-2.0,-2.0,-2.0,-2.0,-0.09549006768298154,-2.0,-2.0,-2.0,-2.0,-2.0,-2.0,-2.0,-2.0,-0.21195942834495432,-0.22815559307879205,-0.24511919642691116,-0.262886581733179,-2.0,-2.0,-2.0,-2.0,-2.0,-2.0,-0.41320002760931573,-0.4389308160026484,-0.4658806167938328,-2.0,-2.0,-2.0,-2.0,-2.0,-2.0,-0.6938731266600585,-2.0,-2.0,-0.8165890527664618,-2.0,-2.0,-2.0,-2.0,-2.0,-2.0,-2.0,-2.0,-2.0,-1.3737209661257357,-2.0,-2.0,-2.0,-2.0,-1.7652665402325627,-2.0,-2.0,-2.0,-2.0,-2.0,-2.3719227221659747,-2.0,-2.0,-2.0,-2.0,-2.0,-2.0,-2.0,-3.493084749205879,-2.0,-2.0,-2.0,-4.229941950356804,-2.0,-2.0,-2.0,-2.0,-2.0,-2.0,-5.89815573101135,-2.0,-2.0,-2.0,-2.0,-2.0,-7.827700485672682,-2.0,-8.599484864527772,-2.0,-2.0,-2.0,-10.374869304973599
0.7707875183839599,0.10689952241108737,0.10938088365551141,0.11162831829520416,0.11366463457755609,0.11551536642252311,0.11720203184454224,0.11874192422579156,0.12015100846282381,0.12145998356774268,0.12271753642196954,0.1239160971660045,0.12501404866542531,0.12601775289811393,0.12693603472856843,0.12777664801064945,0.12854609099541645,0.12925040414197977,0.12989466999932953,0.13048348170315655,0.13102070715136271,0.13151008185957094,0.13195458263321216,0.13235715386767594,0.13272016805222378,0.1330459090779194,0.1333363691303134,0.13359313807683465,0.13381788196348002,0.13401201898424125,0.13417653537000462,0.1343126629807601,0.13442127760718636,0.1345031737225983,0.13455895282573785,0.13458926765399418,0.1345945262306424,0.13457512204985372,0.13453130643499686,0.13446330959856767,0.13437121460032136,0.13425506466128476,0.13411483916658842,0.13395039204482942,0.1337615617337478,0.1335480941002004,0.1333096855779453,0.1330459066406683,0.13275640429285937,0.13244049127719895,0.13209769002134947,0.13172737977996243,0.13132878116491647,0.13090129028093064,0.13044372006415833,0.12995522332044798,0.12943508496866557,0.1288820169584596,0.12829481102946494,0.12767245785811016,0.12701352031498567,0.12631680511304,0.12558039389124245,0.12480324371935225,0.12398337709676834,0.12311939827929144,0.12220910463710657,0.12125075464239238,0.12024233688641311,0.11918145689249779,0.11806614400758877,0.1168942302631985,0.11566240121196636,0.11436905560244778,0.11301052614084822,-2.0,0.11008761375681096,0.108516768261855,0.10686869983545988,0.10513991025126583,0.10332644219701748,0.10142465922175643,0.09943061834635324,0.09733951261136262,-2.0,0.09284931570180886,0.09044038838960466,0.08791545611298493,0.08526929858372767,-2.0,0.07958952453509048,-2.0,0.0733527892281257,-2.0,0.06650538129857238,0.06283462675375914,-2.0,0.05495952349117028,0.05073848582945269,-2.0,0.0416836241301983,0.03683069694411012,-2.0,0.026421303229122284,0.020842571251183273,0.014998891225074973,-2.0,-2.0,-0.004250415134435193,-2.0,-0.018654479391862544,-2.0,-2.0,-2.0,-2.0,-2.0,-2.0,-2.0,-2.0,-2.0,-0.1145806387625094,-2.0,-2.0,-2.0,-2.0,-2.0,-0.19747590374290347,-2.0,-0.23063499212547903,-0.2484019470815415,-2.0,-0.28650159607264747,-2.0,-2.0,-2.0,-2.0,-2.0,-2.0,-2.0,-2.0,-2.0,-2.0,-2.0,-0.6065462018582557,-0.6421228680368942,-2.0,-0.7184121235242649,-2.0,-0.8021006944660711,-0.8469413277107768,-2.0,-2.0,-2.0,-2.0,-2.0,-2.0,-2.0,-2.0,-2.0,-1.430464110132474,-2.0,-2.0,-2.0,-2.0,-2.0,-2.0,-2.0,-2.0,-2.0,-2.0,-2.0,-2.0,-2.0,-2.0,-2.0,-2.0,-2.0,-2.0,-2.0,-2.0,-2.0,-2.0,-2.0,-2.0,-2.0,-2.0,-5.350707630795711,-5.6110204824381285,-2.0,-2.0,-6.468310714176429,-2.0,-2.0,-2.0,-2.0,-2.0,-2.0,-2.0,-2.0,-2.0,-2.0
0.7488103857590023,0.1157577151267171,0.11842149593006787,0.12099699794986783,0.12342643982378083,0.12562287446904394,0.12761488219418848,0.12942697608182624,0.13107960790719217,0.1325900376541388,0.133972918755236,0.13526026471864777,0.13650174713727492,0.13768635061318601,0.138771464243266,0.13976377131276013,0.14067225251647417,0.1415028698411536,0.14226350882830952,0.14295940337032012,0.14359550601278015,0.1441762395276522,0.14470537135514908,0.14518650879712844,0.1456225052493189,0.14601619732260587,0.14636995504546377,0.14668591332832706,0.14696595491609968,0.1472117564402588,0.14742479889508792,0.1476063849897809,0.1477576564917764,0.14787961387318163,0.14797310656591936,0.14803887020827278,0.148077526543968,0.1480895998456963,0.14807546336207394,0.14803546885787155,0.14796981568317708,0.1478786479811021,0.1477620286152005,0.14761992270573476,0.1474521990285267,0.14725872490125927,0.14703926197430836,0.1467934207711768,0.1465208616873681,0.14622113857916075,0.14589357442755677,0.14553777142098254,0.14515291568173283,0.14473834099570657,0.14429319326525716,0.14381657401445178,0.1433077843227997,0.14276513304515398,0.1421881070647834,0.1415753344692227,0.14092556178259674,-2.0,0.13950932982063288,0.1387399682790773,-2.0,0.13707066981903365,0.13616711077343505,0.13521527158247243,0.13421285441150813,0.13315801903617494,0.1320483278860898,0.13088144360739126,0.12965486167286264,0.12836611088053193,0.12701230452850185,0.12559055826385207,0.12409786168546376,0.12253115383702406,0.12088682430428471,0.11916154620723483,0.11735170584308297,0.1154531903273605,0.11346196605234242,0.11137411990467835,0.10918459309929185,0.10688921114806561,0.10448295378139183,-2.0,0.09931651143490244,-2.0,0.09364124639227155,0.09059776776439572,0.08740848753457862,-2.0,-2.0,0.07689587164040601,-2.0,0.0690237108479452,-2.0,0.06038324358328567,-2.0,0.05090016565015262,-2.0,-2.0,0.03491567161752887,-2.0,-2.0,-2.0,-2.0,-2.0,-0.0045756755556151385,-2.0,-2.0,-2.0,-2.0,-2.0,-0.05673515641626814,-2.0,-2.0,-0.08878384727051802,-2.0,-2.0,-2.0,-2.0,-2.0,-2.0,-2.0,-2.0,-2.0,-2.0,-0.2529215811482223,-2.0,-2.0,-2.0,-2.0,-2.0,-2.0,-2.0,-2.0,-2.0,-2.0,-0.5260549515443598,-2.0,-2.0,-0.6280301865300487,-0.6652920388475795,-0.7043191219481144,-2.0,-2.0,-2.0,-2.0,-2.0,-2.0,-2.0,-2.0,-2.0,-1.2121907958256024,-1.2771257573005101,-1.345136792110031,-1.4163696145366518,-2.0,-1.5691183083961717,-1.6509614435238027,-1.7366815916223528,-1.8264624070709132,-2.0,-2.0,-2.0,-2.0,-2.0,-2.461855793417402,-2.0,-2.0,-2.0,-2.0,-3.144176436690803,-2.0,-2.0,-2.0,-2.0,-2.0,-2.0,-2.0,-2.0,-2.0,-2.0,-2.0,-2.0,-5.8695687446280544,-2.0,-2.0,-2.0,-2.0,-2.0,-2.0,-2.0,-2.0,-8.98442128523462,-2.0,-2.0,-2.0
0.7274598776536367,0.12400869943220517,0.12708380142880674,0.12986155916010236,0.13247123736837865,0.13500694497699853,0.13735489240863613,0.13947968951416173,0.14140913594038948,0.14316626694993329,0.144770298665317,0.14623753428449826,0.14758186412132795,0.14884315144204,0.1500649790873419,0.15122507465430954,0.15228593565023604,0.15325625596285453,0.15414411941484588,0.15495655012733883,0.15569973027704295,0.15637905041687417,0.1569992961965134,0.15756461472147149,0.15807874381478573,0.15854497254222089,0.1589661626785265,0.1593449686748379,0.15968358360110477,0.15998411596492343,0.16024835207626148,0.1604778568718366,0.16067411284285776,0.16083812704732411,0.1609711771765058,0.1610741297559856,0.16114786613145698,0.16119275864035448,0.16120966196141845,0.16119890055365074,0.16116083843785495,0.16109575065032414,0.16100367513716055,0.1608848080425998,0.16073904580334297,0.16056635075168926,0.16036657729819515,0.16013931847677224,0.1598843897430853,0.15960131060532126,0.1592898867063213,0.1589489053090996,0.1585783093587597,0.1581772139175395,0.15774486729812717,0.15728042931939448,0.1567829592509173,0.15625174363860772,0.15568499087412782,0.15508208571386803,0.15444165517782846,0.1537624503171158,0.15304298014676576,0.1522817489019525,0.1514770792793228,0.15062739342872836,0.14973086183984985,0.14878558409871953,0.1477896349501965,0.14674067640772445,0.14563679388733533,0.1444753627215652,0.14325407734692466,-2.0,0.14062118083815972,0.139203782920204,0.1377155604711624,0.1361526844819396,0.1345123598083985,0.13279075949166752,0.13098440249565269,0.12908923984802567,-2.0,0.12501636701830826,0.12282984490991278,0.12053728714429414,-2.0,-2.0,0.11297214920893822,0.1102034476239404,-2.0,0.10426003906933169,0.10107269303510592,-2.0,0.09423279370822009,0.09056538134467157,-2.0,-2.0,-2.0,0.07405939273672413,-2.0,0.06457886894477155,-2.0,-2.0,0.04859775897054236,0.04275623876692752,-2.0,0.03022723396577079,0.02351270163261085,-2.0,-2.0,-2.0,-2.0,-0.01515504528878725,-2.0,-0.03331262563822193,-0.04304289123019017,-2.0,-2.0,-2.0,-2.0,-2.0,-0.11191463751954014,-2.0,-2.0,-0.15422842319714994,-0.16969065972631697,-2.0,-2.0,-2.0,-2.0,-2.0,-2.0,-0.30050711085336057,-2.0,-2.0,-0.37092197026469975,-2.0,-2.0,-2.0,-2.0,-2.0,-2.0,-2.0,-0.6143280140230944,-2.0,-2.0,-2.0,-0.7743045724422706,-2.0,-0.8661095355318076,-2.0,-2.0,-2.0,-2.0,-2.0,-2.0,-2.0,-2.0,-2.0,-2.0,-1.555414110005011,-2.0,-2.0,-2.0,-2.0,-2.0,-2.1084337917863882,-2.0,-2.0,-2.0,-2.572284057830748,-2.7022974077045974,-2.0,-2.0,-2.0,-2.0,-2.0,-3.6224224612044775,-2.0,-2.0,-4.187650102211691,-2.0,-2.0,-2.0,-2.0,-2.0,-2.0,-5.855863338832617,-2.0,-2.0,-2.0,-7.081857759737395,-2.0,-2.0,-2.0,-2.0,-8.970715713876528,-2.0,-2.0,-2.0
0.7067181273927491,0.13135888716938665,0.1349754108603377,0.13822821789534706,0.14115723351719767,0.14382200852814617,0.1463847108678687,0.14885603604481099,0.15110512182542582,0.15314376950046424,0.15499756321120514,0.15668785655654957,0.15823237108237884,0.15964634097009148,0.16094388614434266,0.16217885966919002,0.1633791450618609,0.16450322133195652,0.16553079040334018,0.16647067534927665,0.16733043903028183,0.16811674569816967,0.16883535883866985,0.16949142496975952,0.17008938436519525,0.1706331511113593,0.17112635327610695,0.17157201702492839,0.17197296793485087,0.1723315502918169,0.17264991735530877,0.17293003502423565,0.17317361725394703,0.17338206746810156,0.1735567018518656,0.17369870103239068,0.17380902996899095,0.17388851713279943,0.17393789905487805,0.17395777905547888,0.17394847383721224,0.17391049607072812,0.1738440905595546,0.1737493733717068,0.173626508291014,0.17347541474726103,0.1732962121359596,0.17308836635803357,0.17285151121517614,0.17258602923970703,0.17229057972603384,0.17196533037115733,0.17160948558422082,0.17122236511201283,0.1708033209514492,0.17035176974238334,0.16986609972388728,0.16934584276018272,0.16879006664546375,0.16819742187276993,0.16756689796107377,0.16689678846648573,0.16618625407833884,0.1654332549242608,0.16463656407122212,0.16379459804595464,0.16290510550820375,0.16196677128626571,0.160977163874792,0.1599345358805541,0.1588364810093453,0.15768061111749979,0.15646467428231203,-2.0,0.15384171859577964,-2.0,0.15094506123993784,0.14938659706075952,0.14775015214591022,0.1460323954171433,-2.0,0.14233808889830574,-2.0,0.13827161728224913,-2.0,0.13379839442188945,0.1313976403272121,-2.0,0.1262410492595457,0.12347467156919363,-2.0,-2.0,0.11435046754720359,-2.0,-2.0,-2.0,0.10000768340222822,-2.0,0.09176658305372538,-2.0,0.08272029548531037,0.07787104421611457,-2.0,-2.0,-2.0,-2.0,0.049935379600443475,-2.0,0.036812934528888785,-2.0,0.022414037333092274,-2.0,0.006615625651007678,-0.0018507055160601193,-2.0,-2.0,-2.0,-2.0,-2.0,-2.0,-2.0,-2.0,-2.0,-2.0,-2.0,-0.14091716674280264,-0.15637898565124156,-0.17257361724671516,-2.0,-2.0,-2.0,-2.0,-2.0,-2.0,-2.0,-2.0,-2.0,-0.383336855452423,-2.0,-2.0,-2.0,-2.0,-2.0,-2.0,-0.6010113652533143,-0.6382728759095979,-0.6772996331434256,-2.0,-2.0,-0.8058275100628691,-2.0,-2.0,-2.0,-1.0074609147889673,-2.0,-2.0,-1.1851687600251284,-2.0,-2.0,-1.3893470180100183,-2.0,-2.0,-2.0,-2.0,-2.0,-1.893472736301418,-1.991960934001622,-2.0,-2.0,-2.0,-2.434831695650507,-2.0,-2.6889779832163043,-2.0,-2.0,-2.0,-2.0,-2.0,-2.0,-2.0,-2.0,-2.0,-2.0,-2.0,-2.0,-5.061047300204396,-2.0,-2.0,-2.0,-2.0,-2.0,-2.0,-7.068537707841301,-2.0,-2.0,-2.0,-8.543871911886324,-2.0,-9.39050820623855,-9.844137756306056,-10.319256129382891
0.6865677777260395,0.13825050806910735,0.14204840334882324,0.14576201791121038,0.14918260705705483,0.1522531431510576,0.1550242361958947,0.15760390924278722,0.16012360511846868,0.16248817068867533,0.16462780775585234,0.1665706837608678,0.16833987921231763,0.16995497650658495,0.17143224878444444,0.17278565857498118,0.1740366396916196,0.17524561373247927,0.17641663184740008,0.17749650416757307,0.17848384019930008,0.1793866804958831,0.1802119631897063,0.18096602863186795,0.18165425751279596,0.18228141489646396,0.1828517364616379,0.18336884586228328,0.18383608442877403,0.18425627229766808,0.18463217230275641,0.18496584057093013,0.1852594383003246,0.18551469249031596,0.18573321004086693,0.1859162462885541,0.1860651035062567,0.18618081520588237,0.18626412454324923,0.1863159831191888,0.1863368504139545,0.18632719521667776,0.18628753466061537,0.18621821797914462,0.18611913489849505,0.18599058426473225,0.1858323460712771,0.18564454470761035,0.18542690677368265,0.18517919086282345,0.1849011093410427,0.1845918494221165,0.18425135014620034,0.18387900914984284,0.18347339721792622,0.18303465562213406,0.18256152808198556,0.18205306957097392,0.18150865034479918,0.18092658641443915,0.18030601288700931,0.1796453811639053,0.17894382894648925,-2.0,0.17741107966148056,0.17657670354371804,0.17569489038301758,0.17476342923507895,0.17378073168912828,0.172744525421005,0.171652479174059,0.17050236035998348,0.16929193258206732,0.16801841598917658,0.1666791879940634,-2.0,0.16379200345093298,0.16223775617989747,0.16060538536172583,-2.0,0.15709249298854658,0.15520436789293912,-2.0,0.15114460072033264,0.14896442833210083,-2.0,0.14427947176872072,0.1417646887382133,0.13912816393576571,0.13636428601451683,0.1334667432707774,0.13042977404346157,-2.0,-2.0,-2.0,-2.0,0.1129113681184908,-2.0,0.10467349680386133,-2.0,-2.0,-2.0,-2.0,-2.0,-2.0,-2.0,-2.0,-2.0,-2.0,-2.0,-2.0,-2.0,-2.0,-2.0,-2.0,-2.0,-2.0,-2.0,-2.0,-0.04885375773843936,-2.0,-2.0,-2.0,-2.0,-2.0,-0.1279864905604674,-2.0,-2.0,-2.0,-2.0,-2.0,-2.0,-2.0,-0.274259392032912,-2.0,-2.0,-2.0,-2.0,-2.0,-2.0,-2.0,-2.0,-0.5185325359490224,-2.0,-2.0,-0.6253364855672012,-2.0,-2.0,-2.0,-0.7928904946544271,-2.0,-0.8890439428282695,-2.0,-2.0,-2.0,-1.1102331776647003,-2.0,-2.0,-2.0,-2.0,-1.4510158070714883,-2.0,-2.0,-2.0,-2.0,-2.0,-1.9790222185904858,-2.082175834523223,-2.0,-2.0,-2.0,-2.546025675216853,-2.0,-2.0,-2.0,-3.1042126727139814,-2.0,-2.0,-2.0,-3.7759227797460264,-3.964197467405768,-4.16139089504149,-2.0,-2.0,-2.0,-2.0,-2.0,-2.0,-2.0,-2.0,-2.0,-2.0,-2.0,-2.0,-2.0,-2.0,-2.0,-2.0,-2.0,-2.0,-2.0
0.6669919663030122,0.1445113150165002,0.14879271835482563,0.15265141461940535,0.156384660743348,0.1599533032783915,0.16315552653662044,0.16603839577585786,0.16865996697300067,0.17118934599884306,0.17364030793914664,0.17587302612901137,0.17789747836533373,0.17973877509343691,0.18141799714384327,0.18295262452715585,0.18435743569170365,0.1856453171871686,0.18685832359312002,0.18804252759186701,0.18916986937740365,0.19020025716044242,0.19114195526818803,0.19200247279101496,0.1927883789248567,0.1935053937028214,0.19415846422420308,0.19475212853290866,0.19529025513516385,0.19577628543166684,0.19621325027096975,0.1966038400215269,0.1969504590415829,0.1972552602467377,0.19752000656541002,0.19774637699703865,0.1979357777079993,0.19808946049655024,0.1982086262786504,0.19829386991704567,0.19834627006244235,0.19836636443876707,0.19835466657560308,0.19831160124547476,0.19823747479085777,0.19813229572236407,0.19799629239266184,0.19782956100028296,0.1976316197613606,0.19740264639520758,0.19714204085961745,0.19684981341817462,0.19652499476098848,0.19616744272827513,0.19577653668770156,0.19535135843617196,0.19489112981397594,0.19439476311637208,0.19386173214436508,0.19329059599049647,0.19268008070088533,-2.0,0.19133732756809702,0.19060197507167032,0.18982199486228774,0.1889957728376702,0.18812148287817496,0.18719748307567766,0.18622153832548227,0.1851919580866777,0.18410617051049286,0.18296219532661925,0.18175731092338843,0.18048933103619016,-2.0,0.17775219730642958,0.17627749392531739,0.17472778928621194,-2.0,-2.0,0.16959474002731714,-2.0,0.16573248202679958,0.16365733485963363,-2.0,0.15919624153407336,0.1568010196868295,-2.0,-2.0,0.14889394426215125,-2.0,0.1429639603973219,0.1397830859835137,0.13644894620645082,-2.0,-2.0,0.12545562376028002,-2.0,-2.0,-2.0,-2.0,-2.0,-2.0,-2.0,-2.0,0.08152680976579896,0.07541070814753717,0.06900379614718569,-2.0,-2.0,0.04789749126514134,-2.0,0.03210205026284596,-2.0,0.014771215022418377,-2.0,-2.0,-2.0,-2.0,-2.0,-2.0,-2.0,-2.0,-2.0,-2.0,-2.0,-2.0,-2.0,-2.0,-2.0,-2.0,-2.0,-2.0,-2.0,-2.0,-0.3075314785772904,-2.0,-2.0,-0.38477451288259884,-2.0,-2.0,-2.0,-2.0,-2.0,-2.0,-0.6127587438893225,-2.0,-2.0,-2.0,-2.0,-0.8272762584666249,-2.0,-2.0,-2.0,-2.0,-2.0,-2.0,-1.224586160253739,-2.0,-2.0,-2.0,-2.0,-2.0,-2.0,-2.0,-1.8679540237860301,-2.0,-2.0,-2.177635736512517,-2.0,-2.4093123620792554,-2.0,-2.0,-2.7996305023835673,-2.0,-3.0916320460428945,-3.248087137624762,-3.4119536671487527,-2.0,-3.763341994214424,-2.0,-2.0,-4.355344668146381,-2.0,-2.0,-5.035526775717945,-5.284065982393542,-5.544378712945196,-2.0,-2.0,-2.0,-2.0,-2.0,-7.38665262880285,-2.0,-8.123530274747674,-8.518350843894336,-2.0,-2.0,-2.0,-10.293735000569677
0.6479743115621104,0.14993462296336985,0.1547286922150005,0.15917936196193075,0.16314477113339754,0.16688192155961795,0.17053641296534988,0.17386005850653266,0.17684523088475762,0.1795405641262623,0.18207271211781792,0.1845606405077951,0.1868783177956631,0.18897697138809103,0.19088361426299993,0.19262064456563632,0.19420673369576663,0.19565763775161554,0.19698676308481658,0.19821238755790704,0.19939771826460906,0.20055271606924235,0.20162186509462007,0.20259847062378694,0.20349043264044184,0.20430462374900196,0.205047042732809,0.20572301562557513,0.20633708538365741,0.2068934236292577,0.20739554485480421,0.20784665074992,0.20824959680852403,0.2086068686515218,0.20892050927453004,0.20919258296908336,0.20942470678188257,0.2096184482483474,0.2097750462639464,0.2098956102920692,0.2099810887538602,0.21003229626022088,0.2100498671793073,0.2100343818190029,0.20998603774810295,0.20990547956495148,0.20979259076429055,0.2096475772242247,0.20947027421998118,0.20926071315064795,0.20901849141968415,0.20874354393540165,0.20843536955246297,0.20809341073794652,0.2077170983007086,0.20730581204853515,0.206858791932662,0.2063754933619669,0.20585437440730597,0.20529422279828774,-2.0,0.2040544472742454,-2.0,0.20264579436262165,0.20187489135639602,0.20105659762118058,0.20019028959298793,0.19927379144247412,0.19830500362007214,0.19728221916732558,0.1962029062376248,0.1950649951766725,0.19386607554954938,-2.0,-2.0,0.1898769962901942,0.18840695646360472,0.18686179286377683,0.18523819491715368,0.18353255284094455,0.18174141462797297,0.1798606277086734,0.1778864247014596,0.1758147067174694,-2.0,0.17136019304406125,-2.0,0.16645874419733786,0.16382756827010592,0.1610686281821913,-2.0,-2.0,-2.0,-2.0,0.14514076847523,-2.0,0.13764530216438392,0.13362596401000723,0.12941437785849763,-2.0,-2.0,0.11553207140462013,0.11045618025245715,-2.0,0.09956646207981831,-2.0,0.08761501214298359,-2.0,0.07449895310113888,-2.0,-2.0,-2.0,0.044312093637456085,-2.0,-2.0,-2.0,0.007969416009786734,-0.002218763990743,-2.0,-2.0,-2.0,-2.0,-2.0,-2.0,-2.0,-2.0,-2.0,-2.0,-2.0,-0.1695759347076347,-2.0,-0.20767125424879318,-2.0,-2.0,-2.0,-2.0,-2.0,-2.0,-2.0,-2.0,-2.0,-2.0,-0.4937315932902472,-2.0,-2.0,-2.0,-2.0,-0.6804357419207108,-2.0,-2.0,-2.0,-2.0,-2.0,-0.9697188548112872,-1.026234858318225,-2.0,-1.14742566731652,-2.0,-2.0,-2.0,-1.4262096323386357,-1.504350853953205,-1.5861935856725717,-2.0,-2.0,-2.0,-2.0,-2.057368781656853,-2.0,-2.0,-2.0,-2.0,-2.0,-2.0,-2.930025907411638,-2.0,-3.2358597737432597,-2.0,-2.0,-2.0,-2.0,-2.0,-2.0,-2.0,-4.786000805929361,-5.023299091565855,-2.0,-2.0,-2.0,-2.0,-2.0,-6.702695323530548,-2.0,-2.0,-2.0,-2.0,-2.0,-2.0,-2.0,-2.0,-2.0
0.6294988990221887,0.1550344829977044,0.16002033092493415,0.16481722165399157,0.16941043937482458,0.17350072665350164,0.17724908590070693,0.18093546486969903,0.1843699905038901,0.187447939852815,0.19022197275278863,0.1927687138777164,0.19525996538972817,0.1976502063922301,0.19981587875170076,0.2017811758796796,0.20356996293574076,0.20520195845378914,0.20669374387705416,0.2080595005298863,0.20931096210281258,0.21049438579312268,0.21165473569050638,0.2127583740866636,0.21376601325908903,0.21468579581854827,0.21552491291545856,0.2162896266083422,0.21698535854947376,0.21761703631054866,0.21818884280856293,0.21870456223291493,0.2191673631354373,0.21958034913354188,0.2199458384190709,0.2202663262091172,0.2205436875228285,0.22077961428217974,0.22097569689927485,0.22113330382025775,0.22125358488151234,0.22133732243498364,0.2213855348148669,0.22139884398178433,0.22137771492577904,0.22132261488548233,0.22123389444259436,0.2211114919647206,0.2209558317781347,0.22076639856228866,0.22054344538712956,0.2202867075402732,0.21999555501927923,0.219669766140138,0.21930900999239383,0.21891221492409096,-2.0,0.2180082109008661,0.21749943471345112,0.21695139106722322,0.21636324526098138,0.21573344684365695,-2.0,0.2143443443230283,-2.0,0.21277280311171323,0.21191464818452574,0.21100580625371837,0.21004455341615336,0.20902869679540287,-2.0,0.20682460419313828,0.2056318242290196,0.20437508823369346,-2.0,0.20165905362582284,-2.0,0.19865357018841176,0.19703463652042322,0.19533302760523785,0.19354597112903651,0.19166927350745988,-2.0,0.18763038413880256,0.18545981666592692,0.18318244141598145,0.18079322013418428,-2.0,-2.0,0.1729023163025692,-2.0,-2.0,-2.0,-2.0,-2.0,0.15332812668815426,0.14949442816257563,-2.0,-2.0,-2.0,-2.0,0.1273895582519191,-2.0,-2.0,-2.0,-2.0,0.09947866339503783,0.09307411020355591,-2.0,-2.0,-2.0,0.06426105989528358,-2.0,-2.0,-2.0,-2.0,-2.0,-2.0,-2.0,-2.0,-2.0,-2.0,-2.0,-0.06246535932457303,-2.0,-2.0,-2.0,-2.0,-0.13993133311934736,-2.0,-0.1763021825576339,-2.0,-2.0,-2.0,-2.0,-2.0,-2.0,-0.33372073733717134,-2.0,-2.0,-2.0,-2.0,-0.48184757567811654,-2.0,-2.0,-2.0,-2.0,-2.0,-2.0,-2.0,-2.0,-2.0,-2.0,-2.0,-2.0,-2.0,-2.0,-1.200473762233183,-2.0,-2.0,-2.0,-2.0,-2.0,-1.660026425547298,-1.7498067942799296,-2.0,-2.0,-2.0,-2.0,-2.2666794848180807,-2.0,-2.0,-2.0,-2.775515701224201,-2.0,-3.0675170515360177,-3.2239720517237007,-2.0,-2.0,-2.0,-2.0,-4.124694560639879,-2.0,-2.0,-2.0,-2.0,-2.0,-5.520262869154089,-2.0,-2.0,-2.0,-2.0,-2.0,-7.362536506174755,-2.0,-2.0,-2.0,-2.0,-9.340851192796952,-2.0,-10.269616265712749
0.6115502679648499,0.15922541589442615,0.16490437298607227,0.17000899577493844,0.17480072896756352,0.1794819973793453,0.1836856331879906,0.18747089799350777,0.1911557585934664,0.1946832915716317,0.1978442990058045,0.20068837001670264,0.20326768128549602,0.20575552291183585,0.20818881455715596,0.21041423144928836,0.21243172527455104,0.21426632203053456,0.2159388271252204,0.21746642736510371,0.21886397790074882,0.22014395262590988,0.22132997979901203,0.2224868644605791,0.2236122398813905,0.22464715617702552,0.2255912296436021,0.22645197657650884,0.22723583791521693,0.22794850891786028,0.22859499075279172,0.22917971934669673,0.22970647117536946,0.23017861113030952,0.23059922745914954,0.23097093569013288,0.2312960595372453,0.2315766994781723,0.2318144084686795,0.2320110191110298,0.23216778729250437,0.23228594047100326,0.23236620028820162,0.23240971942743524,0.2324169899174564,0.2323886269479313,0.23232511132160782,0.2322264792399325,0.2320931209578091,0.23192490053654502,0.2317218194954864,0.23148385193945997,0.23121063998225888,0.2309016864746469,0.23055662077117736,0.2301749582741178,0.22975620096176616,0.2292989608814835,0.22880300677913415,0.22826720510768203,0.22769042944704374,0.22707167206742151,0.22640941743550477,0.225702826909659,0.22494987762305466,0.22414961539093176,0.22329990832617452,0.22239917164913575,-2.0,0.22043682076370566,0.2193711202224522,-2.0,-2.0,0.21580879088361332,0.21449110946667319,0.2131038005667799,0.21164392750695055,0.21010833349386254,0.20849396845608315,0.20679682670762145,-2.0,0.20314121358058607,0.20117457638866748,-2.0,0.1969430800693163,0.19466859608917075,0.19228250068175795,0.1897794237337859,0.18715392996475125,-2.0,0.1815129010418971,0.17848533958094337,-2.0,-2.0,0.1684958585110361,0.16483989375404065,-2.0,0.1569925472617847,-2.0,-2.0,0.14375408309684057,0.13891194592812242,-2.0,-2.0,-2.0,0.11712001839740996,0.11100766375743404,-2.0,-2.0,-2.0,-2.0,-2.0,-2.0,-2.0,-2.0,0.0411067909177909,-2.0,-2.0,-2.0,-0.0006542814670291996,-2.0,-0.0246245109822176,-2.0,-2.0,-2.0,-0.07977389879025007,-2.0,-2.0,-2.0,-2.0,-2.0,-2.0,-2.0,-2.0,-0.24842577217024445,-2.0,-2.0,-2.0,-2.0,-0.37734429333675623,-2.0,-2.0,-2.0,-2.0,-0.5398388507487099,-2.0,-2.0,-2.0,-2.0,-2.0,-2.0,-0.840803003552441,-0.8923218517625093,-0.9462813456099971,-2.0,-2.0,-2.0,-2.0,-2.0,-1.328164100286136,-2.0,-2.0,-2.0,-2.0,-2.0,-2.0,-2.0,-2.0,-2.0,-2.0,-2.0,-2.0,-2.6277904225049618,-2.0,-2.0,-2.0,-2.0,-3.376284941837516,-2.0,-2.0,-2.0,-2.0,-2.0,-2.0,-2.0,-2.0,-2.0,-2.0,-2.0,-2.0,-2.0,-2.0,-2.0,-2.0,-2.0,-2.0,-2.0,-8.89620406459634,-2.0,-2.0,-10.258064467131549
0.5941133984965034,0.16309776025075995,0.16891700591762068,0.17464125681583684,0.1798718038830267,0.18466445868455528,0.18939119688864997,0.19369560201005603,0.19753457214255146,0.20121233824400458,0.20479863901834505,0.2080332589395625,0.21093832358245457,0.21356188049280148,0.2160431345512886,0.21849471196195935,0.22077266371457538,0.22283592555095266,0.22471052669673533,0.2264181478567679,0.22797679516070307,0.2294017431271726,0.23070598825981734,0.23190270608845853,0.233054023496689,0.2341860947329473,0.235244590347788,0.236209541981136,0.237088743992784,0.2378886927110783,0.2386154471085427,0.23927412786535227,0.2398691269341374,0.24040456726685802,0.24088372779709077,0.2413099168583034,0.24168560762062485,0.2420134169152074,0.2422951228592888,0.24253289207433149,0.24272805201398232,0.24288216974325208,0.24299626791672624,0.2430714498378988,0.24310853703198185,0.24310816578514666,0.2430708430641996,0.2429971386182507,0.24288705042139616,0.24274089053756473,0.24255856886726146,0.242340263000582,0.2420856335537245,0.2417940914199952,0.24146596139965604,0.2410996319158767,0.24069594080542378,0.2402524739055439,0.23976983520268247,0.2392465511489667,0.23868174826009259,0.23807426497483516,0.23742314960162814,0.23672650371889642,0.23598351916981997,0.23519206138383283,0.23435106727705482,0.2334586247285638,0.23251287594224407,0.23151181402274856,0.23045328227401943,0.22933499097263113,-2.0,0.22691031496585576,0.22559830737933434,0.22421671893554632,-2.0,-2.0,-2.0,0.21792950874582973,0.21615071814696815,0.21428206459961147,0.21231959097688524,-2.0,0.2080950296686906,0.2058243814906145,0.2034414311080288,0.2009414817336443,-2.0,0.19556799697587002,-2.0,0.18965823486232603,-2.0,0.18316142302445393,0.179675910976285,0.17602189022309617,0.1721922163858678,-2.0,-2.0,-2.0,0.1549447555414337,-2.0,-2.0,-2.0,0.1341515195880045,-2.0,0.12220736080140623,-2.0,-2.0,-2.0,-2.0,-2.0,0.07892361485786681,0.07046221763145571,0.061599252795973364,-2.0,-2.0,-2.0,0.021733770950308207,-2.0,-0.0011495334106340072,-0.01341171014865572,-0.026255559420262975,-2.0,-0.05379964201346654,-2.0,-2.0,-0.10020995161594315,-0.1171695163051974,-2.0,-2.0,-2.0,-2.0,-0.21481587837090405,-2.0,-0.26066030515039745,-2.0,-0.31095264061060357,-2.0,-2.0,-2.0,-2.0,-0.45907694539047594,-2.0,-2.0,-2.0,-2.0,-2.0,-2.0,-0.7334284436084966,-0.7803919805234214,-2.0,-2.0,-0.9350584636449006,-2.0,-1.0507670349210787,-2.0,-2.0,-1.2457084931507132,-2.0,-2.0,-2.0,-1.5515302484257487,-2.0,-2.0,-1.82106321125312,-2.0,-2.0,-2.0,-2.0,-2.0,-2.0,-2.0,-2.0,-2.0,-3.0447388178816412,-3.201193724071241,-3.3650600769949435,-3.536688954337197,-2.0,-2.0,-4.101915816335308,-2.0,-2.0,-2.0,-2.0,-2.0,-2.0,-2.0,-2.0,-2.0,-2.0,-6.996121391311451,-2.0,-7.699671103788677,-2.0,-2.0,-8.884978688954124,-9.318091228028532,-9.771720685312673,-10.246838967569152
0.577173698979317,0.16612860280329905,0.17263965715928872,0.1785087786677196,0.1842420345949578,0.18958339461850143,0.19439455834679542,0.19913595948259294,0.2035279957975996,0.20742941428129447,0.21109717728743693,0.21471522658027667,0.21801279819067337,0.22097094836028622,0.22363885817770995,0.2261170469737661,0.22856873239938047,0.23089215720102096,0.23299483572688187,0.23490372983284258,0.23664132310344932,0.2382262628738656,0.23967434553927994,0.2409988029111455,0.2422112504352986,0.24335548567004808,0.2444833913432391,0.24556123738988847,0.24654373171092275,0.24743814722837573,0.24825142389958077,0.24898949473413365,0.24965767251900425,0.2502605706098058,0.2508022332792669,0.251286313727448,0.2517156889523914,0.2520935397620171,0.2524217572856439,0.25270293903377516,0.2529386422219081,0.2531306298773114,0.253280264878945,0.2533886674133627,0.25345699439617564,0.2534858649975881,0.2534761887766745,0.2534282151757152,0.2533426121231405,0.2532194778504576,0.2530588478139027,0.25286093553975164,0.25262539013765795,0.2523523743144457,0.25204100671520563,0.25169148384131923,0.2513027099126274,0.25087411788070413,0.2504052647318002,0.24989507933050148,0.24934266195931387,0.24874695294278595,0.24810677809140147,0.24742084600448938,0.24668772689152568,0.2459059801781974,0.24507403712460304,0.2441903342333749,0.24325251813228382,0.24225925527586084,0.24120808206424768,0.240096883398038,0.23892329606237084,0.23768487559675808,0.23637925131324122,0.23500308519696098,0.2335539904403673,0.23202862055222198,0.23042393388024765,0.22873608176587806,0.22696200742926745,0.2250975947614548,-2.0,0.22108191091500057,-2.0,0.21665481784154944,0.21427543961646542,0.21177842394424068,-2.0,-2.0,0.203529021832502,0.20050670536317478,-2.0,-2.0,0.1905312146572944,-2.0,-2.0,-2.0,-2.0,-2.0,-2.0,-2.0,-2.0,-2.0,-2.0,-2.0,-2.0,0.12668211714898023,-2.0,0.11295111242804037,0.10559153632584126,-2.0,-2.0,-2.0,-2.0,-2.0,-2.0,-2.0,0.03262106955085392,0.021445315086062178,-2.0,-0.0025223321340147598,-0.015365573017042555,-0.028818029404052536,-2.0,-0.05766723755815689,-2.0,-2.0,-0.1062764837918137,-2.0,-2.0,-2.0,-2.0,-2.0,-2.0,-2.0,-2.0,-2.0,-2.0,-2.0,-0.38478838211348204,-2.0,-2.0,-2.0,-2.0,-2.0,-2.0,-2.0,-2.0,-2.0,-2.0,-0.8186809653441856,-2.0,-2.0,-0.9806742028666131,-1.039867028820075,-2.0,-2.0,-2.0,-2.0,-2.0,-2.0,-2.0,-2.0,-2.0,-2.0,-1.908649868409627,-2.0,-2.0,-2.0,-2.0,-2.475651395886062,-2.0,-2.0,-2.0,-2.0,-2.0,-3.3541583027191533,-2.0,-3.705546210860429,-2.0,-2.0,-2.0,-2.0,-2.0,-2.0,-2.0,-2.0,-2.0,-6.044784661798311,-2.0,-2.0,-6.985219113814127,-7.328854786317252,-2.0,-2.0,-2.0,-8.874076316176884,-2.0,-2.0,-10.23593653495678
0.5607169938205457,0.16884893888337615,0.17550837271691486,0.18206677205500701,0.18799619048852872,0.19371949291306212,0.1991510781098278,0.2039906514983128,0.20872633736339782,0.2131926572500943,0.21715264543950757,0.2208140901779537,0.2244450769960945,0.22779646939496026,0.23079902888847892,0.2335040766108955,0.23598665531980367,0.23843021237641193,0.24078770395538987,0.2429237764673599,0.24486165999491932,0.24662450485677506,0.2482311694742725,0.24969822634434563,0.25103926540752924,0.252266021224639,0.2534061971899055,0.2545261445381916,0.2556152410793227,0.25661211664906536,0.25751890577391345,0.25834261817391463,0.2590894026429305,0.2597646964795665,0.26037311457480017,0.2609188149499669,0.2614055419543577,0.26183621152727815,0.26221388870745715,0.26254096866942406,0.2628195847406356,0.2630516155820846,0.2632385105811134,0.26338202053054,0.2634831231305283,0.2635426747375222,0.2635619169783859,0.2635410109989036,0.2634809571495255,0.26338177749192654,0.2632438390376612,0.263067229546727,0.2628519212456471,0.26259776226191345,0.26230434600140135,0.2619717438420431,0.2615989148932704,0.26118558569751665,0.26073119251134336,0.2602345511489716,0.25969521427257736,0.25911147647209065,0.25848267016690774,0.2578077016232213,0.25708496177636064,0.2563132314641636,0.25549052139476125,0.2546154994748584,0.25368639508187246,0.2527012400685687,0.2516574942350706,0.2505533908099622,0.24938685820457412,0.24815492142037734,0.24685550758349445,0.24548533142947573,0.24404170227215288,0.24252189806494093,0.24092199305323467,-2.0,0.2374696178833516,0.2356096695266814,0.2336553925290235,0.23160236053237748,-2.0,-2.0,0.22480636124397033,-2.0,-2.0,0.21695147516899915,0.21407227830786774,0.21105298333963746,0.2078860484518959,0.20456572114831667,-2.0,-2.0,0.19360972768738,0.1896001352660098,0.18539747983311883,-2.0,0.17637713418925324,0.17154027371966435,0.16647196479687246,-2.0,0.1555963084490172,-2.0,0.14365744929265092,0.1372577463167365,0.1305529550624049,-2.0,-2.0,0.10846193326202608,-2.0,-2.0,-2.0,-2.0,-2.0,-2.0,-2.0,-2.0,0.020326970316722315,0.008066018775516548,-2.0,-2.0,-0.03231850759228411,-2.0,-0.06253471850388626,-2.0,-2.0,-2.0,-0.1320518992418212,-2.0,-2.0,-0.19332666955611028,-2.0,-2.0,-2.0,-2.0,-2.0,-2.0,-2.0,-2.0,-2.0,-2.0,-0.5071220719970054,-2.0,-2.0,-2.0,-2.0,-0.7119310846929974,-2.0,-2.0,-2.0,-2.0,-2.0,-2.0,-2.0,-2.0,-2.0,-2.0,-2.0,-2.0,-1.53002954007226,-2.0,-2.0,-2.0,-1.898049576852577,-2.0,-2.0,-2.222400041880059,-2.0,-2.0,-2.0,-2.0,-2.873857705342515,-2.0,-2.0,-3.3435573276682584,-2.0,-3.6949451486460925,-3.883219558781449,-2.0,-2.0,-2.0,-2.0,-2.0,-5.215667684923896,-5.475980243162423,-2.0,-2.0,-2.0,-2.0,-2.0,-7.318253277171507,-2.0,-2.0,-2.0,-2.0,-9.2965872203187,-2.0,-2.0
0.5447295116100163,0.17077618112186466,0.1781064281178971,0.1847951263442825,0.19137593797343783,0.19736728675620124,0.2030782347117061,0.20857215243836957,0.21344343070693125,0.21816774499984554,0.22268801994642773,0.2266955036405661,0.23035741452434777,0.23398800902201397,0.23738358218721423,0.24042252905816186,0.24315769627031508,0.24564807819215884,0.2480825648884503,0.25046075629777637,0.2526243976130396,0.25458601549681237,0.25636915790194115,0.25799354658563,0.25947572114262873,0.2608296955217129,0.26206750415655233,0.26320679197208785,0.264317792861331,0.26540980338504055,0.26641801738653575,0.26733432689090497,0.2681657826744981,0.2689187796995932,0.2695987174356793,0.2702104111195811,0.27075798273534046,0.271245192008266,0.2716752363513114,0.27205095868235185,0.27237484204648327,0.2726490789931096,0.2728754997929816,0.2730559503037328,0.2731912990746529,0.2732832810781931,0.2733328538392155,0.2733403876148526,0.27330703758973435,0.2732328682211731,0.27311862998134717,0.2729642512734594,0.2727698783126411,0.2725356310156354,0.272260923272071,0.2719457967083661,0.2715898057775269,0.27119227379754834,0.270752577000249,0.27027020511113087,-2.0,-2.0,0.26855628298968837,0.2678926398812788,0.26718078647007065,0.2664190082451645,-2.0,0.2647405702752631,0.26381985870753843,0.26284282523296154,0.2618070746621216,0.2607105839377084,0.25955104049758565,0.2583259067813338,0.25703290189317995,0.2556687197233947,0.2542311781807486,0.2527168146538727,0.2511221370873969,0.24944431508929793,0.24767966884069084,0.24582407096984243,0.24387403193632556,0.24182492800165045,-2.0,0.23741299174250402,0.2350405198191379,-2.0,0.2299369130879858,0.22719533476537934,0.22431884396163648,0.2213021121491326,-2.0,-2.0,0.21134181158438348,0.20769444966604605,-2.0,-2.0,-2.0,-2.0,-2.0,-2.0,-2.0,-2.0,-2.0,0.16004301542359534,-2.0,0.1475374412503492,-2.0,0.1338111255020271,0.12645414998398483,-2.0,-2.0,-2.0,0.09335400294147408,-2.0,-2.0,-2.0,0.05349791107773605,-2.0,-2.0,-2.0,-2.0,-2.0,-2.0,-2.0,-0.05223897517646847,-2.0,-2.0,-0.10314993511365006,-0.12175425279168867,-2.0,-2.0,-2.0,-0.205418384401151,-0.22887014041619486,-2.0,-0.2791605640996042,-2.0,-2.0,-2.0,-2.0,-2.0,-2.0,-0.49681988603093724,-0.5340796975380553,-2.0,-0.6139787443100286,-2.0,-2.0,-2.0,-2.0,-2.0,-0.903256088422892,-0.9597712785669815,-2.0,-1.0809605652735126,-1.1458943089606237,-2.0,-2.0,-2.0,-2.0,-2.0,-2.0,-2.0,-2.0,-2.0,-1.990897427671366,-2.0,-2.212094648249927,-2.0,-2.4547451530764435,-2.584757964713848,-2.0,-2.0,-2.0,-2.0,-2.0,-2.0,-2.0,-3.872913507300341,-2.0,-4.276641008581862,-2.0,-2.0,-4.956822413743126,-2.0,-2.0,-2.0,-2.0,-2.0,-6.63621765734881,-6.964311184440414,-2.0,-2.0,-2.0,-2.0,-2.0,-2.0,-2.0,-2.0
0.5291978735958441,0.1724166692313312,0.17989676630178456,0.1872527168276363,0.19397259457542176,0.2005594936004399,0.2066069906023016,0.21230439407186802,0.21783887984015113,0.22273963750067155,0.22745146291212565,0.23200701008470234,0.2360511177557314,0.23971596836964346,0.24333834458939557,0.24676805494085013,0.2498352690310881,0.25259350331965197,0.2550932583830005,0.2575170732125823,0.2599059910478686,0.262091473244757,0.26407159714671846,0.2658705748739389,0.26750840929408826,0.26900184414078243,0.27036521193022084,0.27161066546961776,0.27275087932578435,0.2738518985144137,0.27494072525993546,0.2759572438951054,0.2768801893782123,0.2777168240287246,0.2784734984882515,0.27915576579307716,0.27976842428529913,0.28031577180566675,0.28080157818359885,0.28122883361459067,0.28160066041540444,0.2819195107429404,0.2821875645659498,0.28240672190331273,0.28257845984422886,0.2827043850292077,0.2827855822500435,0.282823072548174,0.2828176546109459,0.2827699912722258,0.28268038028627723,0.2825491960763023,0.2823767675056383,0.2821631510483143,0.28190784359047827,0.281611091472064,0.28127240733563913,0.28089142769861736,0.28046710882570147,0.2799995604826671,-2.0,0.2789291290679349,0.2783248408220635,0.2776728911804246,0.27697213311009383,0.2762210375714394,0.27541815466791575,0.27456182401488066,0.2736503864400165,0.2726818518092314,0.27165434201386396,0.27056565183310366,0.26941334868573164,0.26819552677402897,-2.0,0.26555126758004255,0.26411941518222787,0.26261064999954403,0.2610214726318386,0.25934900811904604,0.2575891499632575,0.2557383992406966,0.2537926327870296,0.2517479185399236,0.24959988957340273,0.24734356203772656,0.24497506440191638,0.2424879620743457,-2.0,0.23713941694340707,-2.0,-2.0,-2.0,0.22477578345061977,0.22129956848972943,0.21765486114524274,-2.0,-2.0,0.2056297873344642,-2.0,-2.0,0.1917837821819981,0.18671864178929523,0.18141078125089027,-2.0,0.1700218903025334,-2.0,0.1575190824833058,-2.0,-2.0,-2.0,0.12873260026716388,-2.0,-2.0,-2.0,-2.0,0.08434124815289534,-2.0,-2.0,-2.0,-2.0,0.02835359690795647,-2.0,-2.0,-2.0,-0.026784095814077202,-2.0,-2.0,-2.0,-2.0,-2.0,-2.0,-0.1516497233819119,-2.0,-0.1954168794405054,-0.21886827467307968,-2.0,-0.269158024785731,-2.0,-2.0,-0.3538869173615731,-2.0,-2.0,-2.0,-2.0,-2.0,-2.0,-0.603973635301432,-2.0,-2.0,-0.7385850379706331,-2.0,-2.0,-2.0,-2.0,-2.0,-1.0709539711778182,-2.0,-2.0,-2.0,-1.3497349763763635,-2.0,-2.0,-2.0,-2.0,-2.0,-2.0,-2.0,-2.0,-2.0,-2.320604756627307,-2.0,-2.0,-2.0,-2.853543729404361,-3.002922167045778,-3.159376883494998,-3.3232430375301334,-3.494871724704089,-3.6746306644424998,-2.0,-2.0,-2.0,-2.0,-4.709515721971212,-4.946813700571913,-5.195352659909396,-5.455665153990813,-2.0,-6.013868050299056,-2.0,-2.0,-2.0,-2.0,-7.657851792594453,-2.0,-2.0,-2.0,-2.0,-9.72990098271271,-2.0
0.5141090824887365,0.17332180038469228,0.18141337775172522,0.18892166520518766,0.19628895006642208,0.2030358893880265,0.20961953015005777,0.2157122883669205,0.2213957331703708,0.22695463262385748,0.23187901699997696,0.2365776868675316,0.24115453867985406,0.2452246016231886,0.24889227044569445,0.2525030961257628,0.2559567870890415,0.259044339763751,0.26181902023011483,0.264326655076282,0.2667395398658909,0.2691320430902602,0.271333835513864,0.27332774787752573,0.27513812385912323,0.2767853630810539,0.2782865449759215,0.2796559737344716,0.28090609525952026,0.28204759918851424,0.28313771206617383,0.2842189347784576,0.28524090881912145,0.2861678442245872,0.28700710223025483,0.2877650853867942,0.2884474267679556,0.28905895826375877,0.28960389479283943,0.29008613402030897,0.2905088793255535,0.290875053642556,0.29118706169728076,0.2914471213318581,0.2916571103550735,0.291818873477773,0.2919334119173896,0.2920022741990003,0.29202622061504746,0.2920059702347366,0.2919422290554202,0.29183530909046307,0.291685897294777,0.2914935618196791,0.29125872357245325,0.2909811487189891,0.2906604865154376,0.290296381936205,-2.0,0.2894357658663358,0.28893809308097784,0.2883936670380104,0.2878022688360198,-2.0,0.2864731751861626,0.28573333606423107,0.2849407684321327,0.2840941322046634,0.2831920270193367,0.28223243144356674,0.2812132642902325,0.28013246835858263,-2.0,0.2777771976548694,0.2764972856026706,0.275146268678002,0.27372059093264556,0.2722177342696571,-2.0,-2.0,0.26721219611994074,0.26536635305161665,0.2634251085738964,0.2613848378727224,0.25924076420976333,0.2569887185275035,-2.0,0.25214038224676705,0.2495339718579761,0.246798626982228,0.2439283607921831,0.24091731070326178,-2.0,-2.0,0.23097302728709285,-2.0,-2.0,-2.0,0.215312160791983,0.21091341804257221,-2.0,-2.0,-2.0,0.19110257677976222,0.18554225361264662,-2.0,-2.0,-2.0,0.16051547186932966,-2.0,-2.0,-2.0,-2.0,-2.0,0.1130485436428845,-2.0,0.09404825593784255,-2.0,-2.0,-2.0,-2.0,0.038064781383294444,-2.0,-2.0,-2.0,-2.0,-2.0,-2.0,-2.0,-0.08343467487926576,-2.0,-2.0,-0.14193233419376028,-2.0,-2.0,-2.0,-0.23371241559698108,-2.0,-2.0,-2.0,-2.0,-2.0,-2.0,-0.44152075403044355,-2.0,-2.0,-2.0,-0.5942519549317551,-0.637062056607569,-2.0,-2.0,-2.0,-2.0,-0.8835271551752437,-2.0,-2.0,-2.0,-2.0,-2.0,-2.0,-2.0,-1.4181515083813596,-2.0,-2.0,-1.6754922382031374,-2.0,-1.8680124002399694,-1.9711653015054549,-2.0,-2.0,-2.0,-2.0,-2.5650249435004753,-2.0,-2.0,-2.9931972491850813,-2.0,-3.313517995512245,-2.0,-2.0,-3.853179800997917,-4.050372841061877,-4.2569071318864555,-4.473225173096821,-2.0,-4.937088311068419,-5.185627236018286,-5.44593969823151,-5.71858341719807,-2.0,-2.0,-6.616483183009799,-6.944576664616635,-2.0,-7.648126142412041,-2.0,-2.0,-2.0,-2.0,-2.0,-2.0
0.49945051158551396,0.17388814225738636,0.18222287193779488,0.19031641931321217,0.1978463075856185,0.20521641308270205,0.21198215039176999,0.21855822992217722,0.22468079919375225,0.23035166550254232,0.2359232575419326,0.24086297009751143,0.24554813653604823,0.25013586874837007,0.25422179694935704,0.2578891709769346,0.26148951531836107,0.26495638086166795,0.26805728736881596,0.27084212655530804,0.2733554127824386,0.27575667824127814,0.27814785991713364,0.2803608862804376,0.28236405611197024,0.2841817362478427,0.28583456050737505,0.28733996796941225,0.28871243061859825,0.28996441110230986,0.29110628960328755,0.2921851098462087,0.2932559395959581,0.29428032164023177,0.2952086781833402,0.29604813980026146,0.2968051544324143,0.2974854000028721,0.2980936968621031,0.2986344212163145,0.2991111266794068,0.2995273719110618,0.29988596225023345,0.3001893734942026,0.3004399941115691,0.3006391979738796,0.30078897209662314,0.30089056536183234,0.3009452709844784,0.3009539274319997,0.3009173380749993,0.3008360146468055,0.3007105055397059,0.3005407052347357,0.3003270620554965,0.30006941548170674,0.29976750285854825,0.2994216047663582,0.29902997027638806,0.29859313632532547,0.29811017389956507,0.29758006118601954,-2.0,0.2963751716292909,0.29569790397474416,0.29496910808083887,0.2941874795883618,0.29335109841597445,0.2924587641362576,0.29150821064719756,0.2904980489529225,0.2894254588501783,0.2882886668480096,-2.0,0.28581252987330663,-2.0,0.2830490838760358,0.28155229068477017,0.27997455188761267,0.27831274346437146,0.27656319328225504,0.27472222288251075,-2.0,-2.0,-2.0,-2.0,-2.0,0.26152164857768095,0.2589187478574831,-2.0,0.25331964802048496,0.25031165114724907,0.2471562536712918,0.2438465079570573,0.2403754333353431,-2.0,0.23291928612066892,0.22891831032266088,-2.0,-2.0,-2.0,0.2108895596613769,-2.0,-2.0,0.19496530559394884,-2.0,0.18303816934265024,-2.0,-2.0,-2.0,-2.0,-2.0,-2.0,-2.0,-2.0,-2.0,0.10348598418993943,-2.0,0.08263897995762898,0.07146737246672541,-2.0,-2.0,0.03466683574947588,0.021217274409045084,-2.0,-2.0,-0.023081780277662334,-2.0,-2.0,-2.0,-2.0,-0.11207583433994611,-2.0,-2.0,-2.0,-2.0,-2.0,-2.0,-2.0,-2.0,-2.0,-2.0,-2.0,-2.0,-0.4676426724662636,-2.0,-2.0,-2.0,-2.0,-2.0,-2.0,-0.7685973638977117,-2.0,-2.0,-2.0,-2.0,-2.0,-2.0,-1.1847195097428278,-2.0,-2.0,-2.0,-2.0,-2.0,-2.0,-2.0,-2.0,-2.0,-2.0,-2.0,-2.0,-2.0,-2.0,-2.0,-2.0,-2.0,-2.0,-2.0,-3.475690607563513,-2.0,-2.0,-4.040916673620874,-2.0,-2.0,-2.0,-2.0,-2.0,-2.0,-5.709126985566236,-2.0,-2.0,-2.0,-2.0,-2.0,-7.6386695394082285,-8.015632856022801,-8.410453315262947,-2.0,-2.0,-2.0,-2.0
0.4852098942027478,0.17395766659314166,0.18267207426491885,0.19102659953895393,0.1991181086238053,0.20665908509263198,0.2140273115291902,0.2208004472039805,0.22736798147988416,0.23350304214158707,0.23916248535230256,0.24473686549968207,0.24968074276536756,0.2543539779893773,0.2589441720081184,0.2630361070924332,0.2667001036444064,0.2702893007408888,0.27376154738087843,0.276868528987499,0.2796574349978544,0.28217261125286075,0.28456202273425885,0.286948635828258,0.2891677936054775,0.2911755228636476,0.2929965129677918,0.2946514861071959,0.29615783826045144,0.29753017338641996,0.29878099733411334,0.2999210054502749,0.30098885016361077,0.3020488355022689,0.3030715695661263,0.3039988739396342,0.30483615787164575,0.305589940050567,0.30626587877937894,0.30686886377203193,0.3074032357501216,0.30787288839893934,0.3082807959639137,0.3086299902202326,0.30892302592132537,0.3091620313006194,0.30934888991384,0.3094852001614252,0.30957224853758664,0.3096112918956807,0.30960310630287396,0.3095483139510375,0.3094477000847403,0.3093016736592971,0.30911000058843474,0.3088733201810501,0.3085911873788207,0.30826318121257595,0.30788954791916673,-2.0,0.30700157281324325,0.3064862985391493,0.3059222447315978,0.30530831388604773,0.3046435291274787,0.3039266492637528,0.3031560088210321,0.3023303583331708,0.3014480207753698,0.3005074093926993,-2.0,0.298441715072315,-2.0,0.2961174128592964,0.29485216870544034,0.29351461495070635,0.29210208640272994,0.29061169141161747,0.28903996876426824,0.28738378443818946,0.28563994209454363,0.2838037272894046,0.28187232391120987,-2.0,0.2777060630713074,0.2754622550776538,0.27310491369344414,0.27062944522020077,-2.0,-2.0,0.26243772666307313,0.25943289052177615,0.25628046747346106,-2.0,-2.0,-2.0,0.24205416556407533,0.2380553874672239,-2.0,-2.0,0.22486305188290198,0.2200350281914487,-2.0,0.2096729816032062,0.20411608939965206,-2.0,-2.0,0.18579925019814922,-2.0,-2.0,-2.0,-2.0,-2.0,0.14050447911962494,-2.0,0.12237067649747382,0.11265174400325084,0.10247105141911106,0.0918065715115805,-2.0,-2.0,-2.0,-2.0,-2.0,-2.0,-2.0,-2.0,-2.0,-0.04705304052688336,-2.0,-2.0,-2.0,-2.0,-2.0,-2.0,-2.0,-2.0,-2.0,-2.0,-2.0,-2.0,-2.0,-2.0,-0.4228890702200187,-2.0,-2.0,-2.0,-0.575618367545436,-2.0,-0.6632659900637371,-2.0,-2.0,-2.0,-2.0,-2.0,-2.0,-2.0,-1.1075271911235616,-2.0,-2.0,-2.0,-2.0,-2.0,-2.0,-2.0,-2.0,-2.0,-2.0,-2.0605653468651903,-2.0,-2.0,-2.0,-2.0,-2.6825565374301092,-2.825178598203182,-2.0,-3.131011402880062,-2.0,-3.466505925858074,-2.0,-2.0,-2.0,-2.0,-2.0,-2.0,-4.918446986846173,-2.0,-2.0,-2.0,-2.0,-2.0,-2.0,-2.0,-2.0,-2.0,-2.0,-2.0,-2.0,-9.24790381202952,-9.701533137477078,-10.176651296037916
0.4713753134116723,0.17350104640568378,0.18265906467597626,0.1913691867369835,0.19973030718413295,0.20781880895955937,0.2153587305973034,0.22272287471299226,0.2294909759297573,0.23605089378071878,0.24218222337260645,0.24783019725265218,0.25340005575616525,0.2583376890849044,0.2629988957042459,0.26758523944168644,0.2716738504460741,0.2753298285845494,0.2789084982474308,0.2823795774441768,0.2854860285414466,0.2882731216512142,0.2907857223918247,0.29316349735363817,0.29554349975834276,0.29776419452933695,0.29977223838028705,0.30159277352357017,0.30324651558988003,0.30475065278878516,0.30612008040758526,0.3073671368230647,0.30850267785405017,0.3095597262353962,0.3106079681957089,0.31162617715307966,0.3125499828437885,0.3133829467485811,0.3141312749067654,0.3148008940669618,0.3153966324655812,0.3159228475995672,0.31638333105009736,0.31678110661062187,0.3171192037098683,0.31740022375622856,0.3176261392811513,0.31779903911167556,0.31792001099247424,0.31799083472031386,0.31801241967768346,0.3179857022740801,0.31791134301433255,0.3177898748416641,0.31762147150745107,0.3174064262727169,0.31714456209968606,0.31683624372038177,0.316480494131335,0.31607763101302067,0.31562604084062573,-2.0,0.31457639031873486,0.313976454268381,0.31332457438360356,0.3126196671174482,0.3118606908485775,0.31104627587990674,0.310174021347888,0.3092429026856643,-2.0,-2.0,0.3060757350575278,-2.0,0.3036301713612536,0.3022998926201202,-2.0,0.29941018694835997,0.2978446396392748,0.2961943404556271,0.29445591399635984,0.29262520201222847,0.2906987811873944,0.2886727056603192,0.28654174305612495,0.2843022634759381,0.2819494498311204,0.2794776809017383,-2.0,0.27415698450310744,-2.0,0.2682950741969055,-2.0,-2.0,0.25837656327484665,-2.0,0.2509305584632199,-2.0,-2.0,0.23835243997737696,0.23374817799283673,0.2289225913780209,0.22386466271890734,-2.0,0.21300901450215268,-2.0,-2.0,-2.0,-2.0,-2.0,-2.0,-2.0,-2.0,-2.0,-2.0,-2.0,0.1215603865386779,-2.0,-2.0,-2.0,-2.0,-2.0,0.05275103926994468,-2.0,-2.0,-2.0,-2.0,-2.0,-0.038135910694128194,-2.0,-2.0,-2.0,-2.0,-2.0,-2.0,-2.0,-2.0,-2.0,-2.0,-2.0,-2.0,-2.0,-2.0,-2.0,-2.0,-2.0,-0.5258214421817782,-2.0,-0.6095037980370603,-2.0,-2.0,-2.0,-2.0,-2.0,-2.0,-2.0,-2.0,-2.0,-2.0,-2.0,-2.0,-2.0,-2.0,-2.0,-1.6479268777950609,-2.0,-2.0,-2.0,-2.0,-2.0,-2.0,-2.0,-2.537457590014145,-2.0,-2.0,-2.0,-2.0,-2.0,-2.0,-2.0,-2.0,-2.0,-2.0,-2.0,-2.0,-2.0,-2.0,-2.0,-2.0,-2.0,-2.0,-2.0,-2.0,-2.0,-2.0,-2.0,-2.0,-2.0,-9.238975375396976,-2.0,-2.0
0.4579351920657804,0.17276761755310258,0.18210472184572157,0.19126607208190533,0.19997391366067382,0.20832879398764256,0.21641455476113872,0.22394093481288815,0.23129951756640527,0.2380503205853924,0.24460414450564996,0.2507161058248278,0.2563526361796709,0.2619111649083008,0.26683215591931836,0.27148209904393383,0.2760587029012724,0.28013526242417525,0.2837785300349188,0.2873473179468012,0.2908116141215485,0.293911120763817,0.2966911898393351,0.29919647284031997,0.30156269282531284,0.30393489330418816,0.30615276656041696,0.30815711744472585,0.3099735935582377,0.3116226671834746,0.31312171085614254,0.31448549508459234,0.3157262722219326,0.31685499319574073,0.31790080085959627,0.3189366927430785,0.3199480864311189,0.32086610129964294,0.32169234603353614,0.32243330228170447,0.3230947283901335,0.3236811807654522,0.324197317499572,0.3246469217602662,0.3250328187572779,0.32535830061036264,0.3256253435123138,0.3258365307061773,0.3259936965601641,0.32609802049821834,0.3261508582037238,0.32615332749617654,0.3261065224627522,0.32601061415957766,0.32586659960732706,0.3256742945338377,0.3254337667323696,0.32514550194719827,0.3248087436034987,0.3244234642891428,0.3239891608058135,0.32350511178959274,0.32297065597397756,0.3223844420532311,-2.0,-2.0,0.3203070634446301,0.3195037745580691,0.3186427283608004,0.31772168862113187,-2.0,0.3156936383586184,0.3145821918232435,0.3134025204200622,0.31215264394816455,0.31083012669898685,0.30943126952164934,0.30795399463719,0.30639479596402436,0.3047506508588649,-2.0,0.3011926592117809,0.29927145327987464,0.29725019144076603,0.2951240834807301,0.2928891709147047,0.2905403843569451,0.28807279500147553,0.28548109629311824,0.2827598286302263,0.279903114757824,-2.0,0.2737586237256223,-2.0,-2.0,-2.0,0.25955452653381594,0.25556076926556526,0.25137333576904486,-2.0,-2.0,-2.0,-2.0,0.2272030945111732,-2.0,0.21583072777652273,-2.0,0.203342825700797,-2.0,-2.0,-2.0,-2.0,-2.0,-2.0,-2.0,0.1399339991785927,0.13021703966707593,0.12003824972262939,-2.0,-2.0,-2.0,-2.0,-2.0,0.047965565140654975,0.03388057239917136,-2.0,-2.0,-2.0,-2.0,-2.0,-2.0,-2.0,-2.0,-2.0,-2.0,-2.0,-2.0,-2.0,-2.0,-2.0,-0.3079442037764404,-2.0,-0.3713305856810122,-2.0,-2.0,-0.47812488820325916,-2.0,-2.0,-2.0,-2.0,-0.6926298216659281,-2.0,-2.0,-2.0,-2.0,-2.0,-2.0,-2.0,-2.0,-2.0,-2.0,-2.0,-2.0,-2.0,-2.0,-2.0,-1.8317704069481917,-2.0,-2.0,-2.0,-2.0,-2.0,-2.528781183471667,-2.66495245876008,-2.8075743865478993,-2.956952531612157,-3.1134069406766893,-2.0,-2.0,-2.0,-3.8169339946003458,-2.0,-2.0,-2.0,-2.0,-2.0,-2.0,-2.0,-5.6823363222138905,-2.0,-2.0,-2.0,-6.908329084717914,-2.0,-2.0,-2.0,-8.38366197711858,-8.797185336512909,-2.0,-9.683926986178982,-2.0
0.44487828311275845,0.17148416968243324,0.18128812063484082,0.19062061760700935,0.19977400439094295,0.20848199417607077,0.2168181829287702,0.22490119465548924,0.23240261142536342,0.23975388400487663,0.2464761650871617,0.25302492910406366,0.2591028097262793,0.2647285327005126,0.27026881613483644,0.2751625574242497,0.27980322364328214,0.2843644561374441,0.28842067420778966,0.29204701881878803,0.2956065997028232,0.299058826260878,0.3021456195950909,0.3049134704058723,0.3074069316854626,0.3097618177129297,0.3121252919471561,0.31433570431025976,0.3163330447291957,0.3181421112763573,0.31978345258520385,0.3212747498141006,0.32262991163381666,0.32386208569115543,0.3249818520438152,0.3260157797116193,0.3270389683759851,0.3280413997971938,0.3289513532685259,0.32976883507468535,0.33050030161549454,0.33115135119068073,0.33172689485694895,0.3322311339058373,0.3326679314010708,0.33304026100129847,0.3333512247500866,0.3336029273824316,0.333797694082248,0.3339372878709769,0.3340231647751945,0.33405646785264204,0.3340383747239248,0.3339696473331209,0.3338507869246173,0.33368226343429574,0.33346429186745,0.33319725630879415,0.3328803471422113,0.33251340515171585,0.33209662119690664,0.33162916517443075,0.33111024370977143,0.33053902149285097,0.32991458469734286,0.32923602519825396,0.32850134506619555,0.327709831862443,0.32685974454005257,0.32594948893383574,0.32497730553855164,0.32394080560249666,0.32283830554792625,0.32166744684767806,0.32042574250457184,0.3191106587852123,0.31771934509693583,0.3162492040464608,0.3146965151736817,0.3130585467951679,0.31133173716818596,-2.0,0.30759635212442016,-2.0,0.30345897212476647,0.30122861853554045,0.29888438953926677,0.2964209177089268,0.29383330726281204,0.29111576988960564,0.28826267350982443,-2.0,-2.0,-2.0,-2.0,0.27173857305788096,0.26793241576506016,-2.0,-2.0,-2.0,0.2507690071290789,-2.0,-2.0,0.23559674267771463,0.23004532952258375,-2.0,-2.0,0.211743609695095,0.20504955119459664,-2.0,0.19068758091145896,-2.0,-2.0,0.1664718615627676,-2.0,-2.0,-2.0,0.12845106992324223,-2.0,-2.0,-2.0,-2.0,0.06982988006462432,0.056383563434533934,0.042298723329177224,-2.0,0.012092188884426147,-2.0,-2.0,-0.03880730986491626,-2.0,-2.0,-2.0,-0.11867220070219991,-0.14105988705239447,-0.16450884438876656,-2.0,-0.21479417472911388,-2.0,-2.0,-2.0,-2.0,-2.0,-0.3968665207286708,-2.0,-2.0,-2.0,-0.5495927531398508,-0.5924017497077533,-2.0,-2.0,-2.0,-0.7849043159456657,-2.0,-2.0,-2.0,-1.0165632461720702,-1.081495999606423,-2.0,-1.220735733495989,-1.295341033931799,-1.3734806692783479,-1.4553220536122453,-2.0,-2.0,-2.0,-1.8233389336869106,-2.0,-2.0,-2.0,-2.0,-2.0,-2.0,-2.6565203933216,-2.7991422386769824,-2.0,-2.0,-2.0,-2.0,-2.0,-2.0,-2.0,-4.212228351411215,-2.0,-2.0,-2.0,-2.0,-2.0,-5.673903482347606,-2.0,-2.0,-6.571802780621473,-6.899896116212025,-2.0,-7.603445327236202,-2.0,-2.0,-2.0,-2.0,-2.0,-10.150611938403758
0.43219366018265265,0.1698489261576693,0.1799107693359483,0.1897206392084731,0.19904139623428455,0.2081754781007745,0.2168864102047858,0.22519139524628654,0.2332700482974605,0.2407370274684408,0.24807762856069288,0.2547620374028155,0.2613054063555032,0.26733509570185154,0.27295195164796876,0.2784662084799656,0.2833246222673485,0.2879567489009401,0.2924966156018215,0.2965244229091019,0.3001301160891015,0.3036813714528339,0.3071161521909955,0.31018450383234125,0.31293527737414356,0.31541269541355416,0.31775602359511507,0.3201104412009732,0.32230942498353277,0.3242960640030786,0.3260940888017129,0.3277248339528209,0.32920521441635875,0.3305497473314991,0.3317709864908791,0.33287920324888737,0.33390035901750864,0.3349107880341042,0.33590243780827134,0.33680219665114114,0.3376088491505524,0.33832882782952517,0.33896768297678653,0.33953030305163445,0.34002086866671427,0.3404431283179493,0.3408001554173847,0.3410948368962367,0.3413295940337997,0.3415061970898915,0.34162672353896717,0.3416924330051715,0.34170456844388986,0.34166412399943935,0.34157182942403946,0.34142819715572553,0.3412336615754458,0.3409881927600379,0.34069202439932383,-2.0,0.3399464186601111,0.33949608080110205,0.33899348114017647,0.3384375910080993,0.33782761420178836,0.3371625778957212,0.3364409836302944,0.3356617833022246,0.334823356077071,0.3339240857438102,0.33296221782343505,0.33193594291804907,0.33084273934467906,-2.0,0.32844730271731926,0.3271400237484177,-2.0,0.3242932283314146,0.3227474477635813,-2.0,0.3193952205095407,0.31758169279952625,0.3156715159089121,0.3136609531780623,0.3115443457087071,0.30931876260335023,0.3069791761867508,0.3045200206060953,0.30193653509016205,-2.0,-2.0,0.29338206648625137,0.29024240009447,-2.0,-2.0,-2.0,0.27606238878638767,-2.0,0.26789120590937254,-2.0,-2.0,-2.0,0.2490377281512187,-2.0,-2.0,-2.0,0.22628274979873522,0.2198960062678106,-2.0,0.20619180610638502,0.19884482255892919,-2.0,-2.0,0.17463313535835867,0.16578158747024538,-2.0,0.14679351216148767,-2.0,0.12595602834569664,0.1147884485974685,0.10309017280585125,-2.0,-2.0,0.06455434404204241,0.05047034550975521,-2.0,-2.0,-2.0,-2.0,-0.03063235051331109,-0.04923276976036045,-0.06871517821302231,-2.0,-2.0,-2.0,-2.0,-2.0,-2.0,-2.0,-2.0,-0.29133800982832425,-2.0,-2.0,-2.0,-2.0,-0.4615156991004753,-2.0,-2.0,-2.0,-2.0,-2.0,-2.0,-2.0,-2.0,-2.0,-2.0,-2.0,-2.0,-1.141321057497953,-1.2125517233191099,-1.287156886776251,-2.0,-1.4471376434497603,-2.0,-2.0,-2.0,-2.0,-2.0,-2.0263453333217,-2.0,-2.0,-2.0,-2.512163806269238,-2.648334934584954,-2.0,-2.0,-3.0967890091586012,-3.2606547595541677,-3.4322830628397143,-3.612041633984673,-3.800315584881042,-2.0,-4.204042369041739,-2.0,-2.0,-2.0,-2.0,-2.0,-5.665717231798742,-5.9512761468498665,-2.0,-6.563616423137262,-6.891709662254014,-2.0,-2.0,-7.9722220853481724,-2.0,-2.0,-9.213678026606333,-2.0,-2.0
0.41987070844439095,0.16795348031291918,0.178202948595418,0.18825282104764787,0.1980664074529947,0.20737151339776105,0.2164758565063597,0.22519292979321587,0.23345520205660872,0.2415254555379589,0.24895230838120241,0.2562767888233972,0.2629175480598714,0.26945298275390234,0.2754228095860055,0.2810341703312612,0.2865137841854112,0.29132982382157446,0.2959556641882226,0.30046708499383223,0.3044600504201007,0.308042466140802,0.3115865801635355,0.31499841500795533,0.3180433741862825,0.320772699632837,0.3232303264109746,0.3255625215971872,0.32790691777416264,0.33009105916298476,0.33206325848631224,0.33384789952486144,0.33546528784691215,0.3369323560438786,0.3382637598984952,0.3394716935930144,0.3405666850902053,0.34157402618485233,0.34257137573418417,0.343550877616131,0.3444383674315983,0.3452322225978004,0.3459388073679906,0.3465636814433443,0.3471115933285,0.34758682045719236,0.34799279563845226,0.34833288548739316,0.34860976244150105,0.3488255848684744,0.3489826352383035,0.3490824216033799,0.3491262952643235,0.34911564558349956,0.34905109749261704,0.3489336033800846,0.34876342739353183,0.34854099766670715,0.3482664821753611,0.3479395604829117,0.3475600711058789,0.34712785811146474,0.3466422326395811,0.346102456238909,0.3455078572252541,0.3448569245557518,-2.0,0.34338215922601395,0.34255583437804604,0.3416679357482321,0.3407172048737378,0.3397008756284544,0.3386171021426448,0.3374644051744172,0.3362396103689908,0.33494075390833394,0.3335648853121368,0.33210919137491546,-2.0,0.32894568477065633,0.32723134543723986,0.325423953207732,0.32351949509286915,0.3215140474348822,0.31940330084931157,0.31718241524415125,0.3148471395945198,0.31239268959175864,-2.0,0.30710401140302046,-2.0,0.3012706616777878,0.29813462602187457,0.2948431593600094,-2.0,0.2877670475421995,-2.0,0.279980928877965,-2.0,-2.0,-2.0,0.2620059966583709,0.2569563999229246,-2.0,-2.0,-2.0,-2.0,-2.0,0.2211337524674644,0.21412323331049912,0.2067777156210259,-2.0,0.1910179938803157,0.1825700321728702,-2.0,-2.0,0.15473388263000654,-2.0,0.13389868807031857,-2.0,-2.0,0.09878127721953284,-2.0,-2.0,0.05841798286576305,-2.0,-2.0,-2.0,-2.0,-2.0,-2.0,-2.0,-2.0,-2.0,-2.0,-2.0,-2.0,-2.0,-2.0,-2.0,-0.2833821204759599,-2.0,-2.0,-2.0,-0.41630080995696594,-0.4535582467198417,-2.0,-2.0,-2.0,-2.0,-2.0,-2.0,-2.0,-2.0,-2.0,-2.0,-2.0,-2.0,-2.0,-2.0,-1.2791964290413291,-2.0,-2.0,-2.0,-2.0,-2.0,-2.0,-1.9103451422702482,-2.018383957714751,-2.0,-2.250058180211225,-2.0,-2.5042020827173306,-2.0,-2.0,-2.0,-3.0888269929379537,-2.0,-2.0,-3.6040794356387424,-3.7923533528598083,-2.0,-4.1960800106977665,-4.412397736099301,-2.0,-4.876260286606274,-5.124798940240011,-2.0,-2.0,-5.94331349015374,-6.2423995873214775,-2.0,-6.883746969836632,-7.227382344707251,-2.0,-2.0,-2.0,-8.772602820283893,-2.0,-9.659344324829489,-2.0
0.40789911572300924,0.16557948907573217,0.17622911467295524,0.18647250307575383,0.1965015446868298,0.20631287152961003,0.21560206383562186,0.22466588828488138,0.23339224488074253,0.24160014704691457,0.24965425946706732,0.2570389438034811,0.26433842528377316,0.2709329131914816,0.27745489712179106,0.28335664478091077,0.28896509099787693,0.29439922867446583,0.2991686113457015,0.30378962989608665,0.30826464948219623,0.3122158979846488,0.3157734771216621,0.31931137147873484,0.32269409593453935,0.325710663842424,0.32841448330007894,0.3308485841096566,0.3331703373385905,0.3355038701016109,0.33766945597387027,0.3396242480807953,0.34139221568764266,0.34299356300861766,0.34444495688707044,0.34576092091907795,0.3469534906471621,0.3480330988949446,0.3490257641497993,0.3500096565254649,0.3509756332999968,0.3518487681816526,0.3526278482223659,0.35331917720254696,0.35392820159213967,0.3544596680705635,0.3549176763895802,0.355305774824491,0.3556271840210852,0.3558845002933571,0.35607989940996965,0.35621560452785483,0.3562928645474585,0.3563135078115089,0.35627810309443625,0.3561878183196468,0.35604340208742413,0.3558449515780903,0.35559285352751147,0.35528727061800475,0.3549278435827381,0.35451434665225623,0.354046275660684,0.35352304285420794,0.35294403981858546,0.35230826422613687,0.35161414785391176,0.35086088210130684,0.3500469039633474,0.34917074507496515,0.3482308171680971,0.34722517516431944,0.34615184060158927,0.3450084426556816,0.34379283999538596,0.3425024471526807,0.341134749064536,0.3396866380445219,0.3381552887511012,0.33653766128191015,0.33482996154075817,-2.0,-2.0,-2.0,0.32702447434654824,0.3248089440644829,0.32247885829136236,0.32002864574991774,-2.0,-2.0,0.31190703656931607,0.30892314810291044,0.30579067304043456,0.30250290051733686,0.299052618404756,0.2954327808072021,0.29163529370927377,-2.0,0.28347515596763323,-2.0,-2.0,-2.0,-2.0,-2.0,0.2538041126747491,0.24799209659916427,0.2419011038473424,-2.0,0.22882907136235917,-2.0,-2.0,-2.0,-2.0,-2.0,-2.0,0.1721521547258,-2.0,-2.0,-2.0,-2.0,-2.0,-2.0,-2.0,0.08021395574143769,0.06613238348914924,-2.0,-2.0,-2.0,-2.0,-2.0,-0.033564091131484564,-2.0,-2.0,-0.09482344999291825,-2.0,-0.14065707989708692,-2.0,-0.19094010848121795,-2.0,-0.24610284580638808,-2.0,-0.30661855710102187,-2.0,-2.0,-2.0,-2.0,-2.0,-2.0,-2.0,-2.0,-2.0,-2.0,-2.0,-2.0,-2.0,-2.0,-0.9926939352455717,-2.0,-2.0,-2.0,-2.0,-1.3496091299735953,-2.0,-2.0,-2.0,-2.0,-2.0,-2.0,-2.0106564716528,-2.0,-2.0,-2.3664621879249914,-2.0,-2.0,-2.0,-2.0,-2.0,-3.244964471743319,-3.4165926522872723,-2.0,-2.0,-3.98181760250797,-2.0,-4.404669191242712,-2.0,-2.0,-2.0,-2.0,-2.0,-2.0,-2.0,-6.547924821423562,-6.876018061879853,-2.0,-7.579567093887422,-2.0,-2.0,-2.0,-2.0,-2.0,-2.0
0.39626886387014776,0.16292367763999988,0.17376565608319414,0.1844222418454399,0.19466223341922317,0.2046622971124623,0.21446103629003904,0.22373956289020203,0.23275293329306515,0.24148453272816522,0.24963480810340027,0.2576612721839693,0.2650062587726544,0.2722691883563114,0.27881867726004705,0.2853194263358855,0.291149678442012,0.2967576853070075,0.30213386740762577,0.30685477528260624,0.31147279953892676,0.31590212435973,0.3198060526629474,0.32333884578800026,0.32687179640393466,0.3302185494092429,0.3332026012068209,0.3358771869890584,0.33828494454158164,0.34059704914673483,0.34291836043522644,0.3450622736997413,0.3469967178880989,0.34874548491016966,0.3503283051774445,0.35176198758284355,0.3530607828136483,0.3542355337429411,0.3552979150972668,0.35627511221130587,0.35724540798977383,0.3581964043885039,0.359053301695669,0.35981575429472235,0.3604899996755766,0.36108145665218594,0.36159475026947296,0.36203390089293325,0.3624024703978927,0.3627035779789363,0.3629396879762352,0.3631131238662667,0.3632257278756751,0.36327909649747364,0.3632744783824421,0.36321286467863717,0.3630951862974366,0.3629218817704528,0.3626936302202719,0.36240986073896836,0.3620713188929376,0.3616773775186338,0.36122783916423873,0.3607220592780802,0.3601592730886403,0.3595388042354721,0.3588591823290731,0.3581197123392424,0.3573191272820904,0.356455099905192,0.35552718322170845,0.35453213723885335,0.35346923667670654,0.3523356637767262,0.3511294892460249,0.3498480461341796,0.3484888072184013,-2.0,0.34552514006827983,0.34391423199603277,0.34221339817411134,-2.0,-2.0,-2.0,-2.0,0.33222168997228363,-2.0,0.32745145086808963,-2.0,0.32217978891566984,-2.0,0.3163623137841532,0.3132336536613553,-2.0,0.30650238226303955,-2.0,-2.0,-2.0,0.2909370536722569,-2.0,0.28196944618334296,-2.0,-2.0,-2.0,-2.0,-2.0,-2.0,0.24299944070394106,-2.0,-2.0,0.221962603870507,-2.0,-2.0,0.1977632132255876,0.18891524326398032,0.17964536498271247,-2.0,0.15976064369393145,-2.0,-2.0,-2.0,-2.0,-2.0,0.08771485068647317,0.0736331920277637,-2.0,0.04343239089841611,-2.0,-2.0,-2.0,-2.0,-0.04553869656963844,-2.0,-0.0873156764939444,-2.0,-2.0,-2.0,-2.0,-2.0,-2.0,-0.26814942945479786,-2.0,-2.0,-2.0,-2.0,-2.0,-2.0,-2.0,-0.5610239562057171,-2.0,-0.6528210345935728,-2.0,-2.0,-2.0,-2.0,-0.9231839003281415,-2.0,-2.0,-2.0,-2.0,-2.0,-2.0,-2.0,-2.0,-2.0,-2.0,-2.0,-2.0,-2.0031398190008214,-2.0,-2.0,-2.0,-2.0,-2.0,-2.0,-2.0,-2.0,-2.0,-2.0,-2.0,-2.0,-3.974299965965715,-2.0,-2.0,-2.0,-2.0,-5.109552370423812,-2.0,-5.64250787588669,-2.0,-2.0,-2.0,-2.0,-2.0,-2.0,-2.0,-2.0,-2.0,-9.190467741760141,-9.644096910488466,-10.119214916883347
0.3849702203805975,0.16004886329972914,0.17104407803596,0.18187150329019325,0.19252348199129823,0.20276847070541695,0.21273143125532815,0.22250140760547496,0.2317803187387904,0.24073326115143365,0.2494582895821294,0.25755549528828975,0.26553821799131866,0.2728511360280188,0.2800614061827534,0.28657193528216907,0.29303939348992064,0.29879783719456937,0.30440775233815986,0.30971148000629073,0.3143847885883801,0.3190017593701431,0.32337432073907285,0.3272256260811299,0.3307351980709193,0.3342620523603235,0.3375673420398551,0.3405149349802934,0.343156684256259,0.3455363898471006,0.3478394584008621,0.3501465973785668,0.3522657948901531,0.3541772761248141,0.35590418786653377,0.35746625368727253,0.35887976294095686,0.36015859184535054,0.3613145677581837,0.3623579392438075,0.3633188807011178,0.3642757468077859,0.36520998565788027,0.3660487450300861,0.36679273888308844,0.3674481547007997,0.3680202785096001,0.3685136782710729,0.36893246561771553,0.36927975249229017,0.3695587499884213,0.3697720945893681,0.3699217382000599,0.37000976710838274,0.37003733988852944,0.37000582959809686,0.36991630808122705,0.36976948477085514,0.36956557834639076,0.36930528922394923,0.36898846848631894,0.3686150619399131,0.36818471985693535,0.3676971182334808,0.3671512885664992,0.36654697438176115,0.3658824534044257,0.3651572962293709,0.3643702787323854,0.3635191773952782,0.36260284842625146,0.36161956791547545,0.3605673144866532,0.3594442794491465,0.35824776482221277,0.356975412321283,0.35562463490747187,0.3541927493722642,0.3526768809544866,0.35107355720647415,0.3493797940953993,-2.0,0.34570589171364446,0.3437175281464334,0.34162338069676895,0.3394186569395312,-2.0,-2.0,0.33209248105229694,0.3293956398574368,-2.0,0.32358657860462686,0.32046204018483815,-2.0,-2.0,0.3101244925566199,-2.0,-2.0,0.2981846316550465,-2.0,0.2892225863505967,-2.0,0.279369640857724,-2.0,0.26854210744924556,0.262733929396245,-2.0,-2.0,-2.0,0.23657646432304727,-2.0,-2.0,-2.0,0.20504037439432388,0.196193684460203,0.1869252698880701,0.1772152758376267,-2.0,-2.0,0.14522281815519733,0.13352836254576333,-2.0,0.10844544350710056,0.0950029755038796,-2.0,-2.0,-2.0,-2.0,0.017588599650473935,-2.0,-2.0,-0.03824492912539801,-0.0586490251453996,-0.08002060984054987,-2.0,-2.0,-2.0,-2.0,-0.20307564154324775,-0.23129473643162635,-0.26085139488473474,-2.0,-2.0,-2.0,-2.0,-2.0,-2.0,-2.0,-2.0,-0.5985593257904864,-2.0,-2.0,-2.0,-0.8001780368924062,-2.0,-2.0,-2.0,-1.0428084771862127,-2.0,-2.0,-2.0,-2.0,-1.4166308804700918,-2.0,-2.0,-2.0,-2.0,-2.0,-2.0,-2.0,-2.0,-2.3516409501887865,-2.0,-2.0,-2.0,-2.9098228218814404,-2.0,-2.0,-2.0,-2.0,-3.7698024129893017,-2.0,-2.0,-2.0,-2.0,-2.0,-2.0,-2.0,-2.0,-2.0,-2.0,-6.533101261126314,-2.0,-7.204829705640414,-2.0,-2.0,-8.336526618358858,-8.75004984041263,-2.0,-9.63679118918431,-2.0
0.37399373024787974,0.15680856932338894,0.16810207137002672,0.17908778115358234,0.18989387095943822,0.20052297525289586,0.21078809270482313,0.2207054538727798,0.2304254907161364,0.23972115014823386,0.24860359483332034,0.25730421471254,0.2653590663977412,0.2732765004124099,0.2805702111297739,0.28770752270613964,0.29418907563832003,0.3006077949639105,0.3062981932337711,0.3119101331707728,0.3171261084357126,0.32175547724561215,0.3263707349878619,0.3306760925592313,0.3344699505412812,0.33795942517958083,0.3414762362041064,0.3447359852498699,0.34764334030037713,0.35024914723759626,0.3525999536312951,0.3548946207275387,0.3571847714321643,0.3592763262438469,0.3611620810583621,0.36286486104034915,0.36440387254818896,0.3657951955916908,0.3670524900654058,0.3681873803785067,0.36920986353286345,0.3701542047241933,0.37109660671334366,0.37201317906106635,0.3728318776519272,0.37355564248807926,0.37419066040766347,0.3747415068423677,0.3752133050545463,0.3756097972852642,0.3759343273477881,0.37618965836754814,0.3763785772111333,0.3765029017028608,0.3765642615025167,0.3765647197882331,0.3765044859048084,0.37638541046354734,0.37620744868012307,0.37597119097835185,0.3756771516320795,0.37532503868108247,0.37491491401904875,0.3744461376166813,0.3739179401114205,0.37333031733407757,0.3726821795321108,0.37197147424944654,0.3711982346234561,0.3703604885493587,0.3694568191235291,0.3684854609296635,0.36744441726602334,0.3663317646014924,0.3651452160817973,0.36388255993789015,0.36254098201193763,0.36111781871839155,-2.0,0.3580144467104186,0.35632761085058007,0.35454647152589175,0.35266677302072275,0.35068497288014444,0.34859691852501723,0.3463977554739469,0.34408293871226864,-2.0,0.33908668661239616,0.33639461487620803,-2.0,0.3305942390492302,0.32747327983669183,-2.0,-2.0,-2.0,0.31335855068753804,-2.0,-2.0,0.30084443115040227,0.29625958804024377,0.2914518785164781,0.2864115299366087,0.2811276133604474,-2.0,0.2697828205240687,-2.0,-2.0,0.25063621049974394,-2.0,0.23629296372515804,-2.0,0.22054500857608744,-2.0,0.20325724213743854,-2.0,-2.0,-2.0,0.16345472528785898,-2.0,0.14059883298066972,-2.0,-2.0,0.10207624801802717,0.08799626560828483,-2.0,-2.0,-2.0,-2.0,0.006910916108753773,-2.0,-0.0311658528571227,-2.0,-0.0729405816271011,-2.0,-2.0,-0.14332929559849006,-2.0,-2.0,-2.0,-2.0,-2.0,-2.0,-0.3511105698269167,-2.0,-2.0,-0.46295903723610465,-2.0,-2.0,-2.0,-2.0,-0.6876186019524821,-2.0,-2.0,-2.0,-2.0,-2.0,-2.0,-2.0,-1.1749582250357589,-2.0,-2.0,-1.4095420027897911,-1.4952597067129156,-2.0,-2.0,-2.0,-2.0,-2.0,-2.0,-2.0,-2.0,-2.474562722464503,-2.0,-2.753354930213674,-2.0,-2.0,-2.0,-2.0,-2.0,-2.0,-2.0,-2.0,-4.382755539110905,-2.0,-2.0,-2.0,-2.0,-2.0,-2.0,-6.212756165754065,-2.0,-2.0,-2.0,-2.0,-2.0,-8.329435331536764,-2.0,-2.0,-2.0,-10.104817769824114
0.36333020805204425,0.15330615585294266,0.1647589455840325,0.1760721354641668,0.18706037483743132,0.19783896058186634,0.20843200525457323,0.21872774711765958,0.22859247823681725,0.23825070083368272,0.24757008151962018,0.25637360913379814,0.26502616166153603,0.2730560766763384,0.2808826654183341,0.28817526750669126,0.2952156281435403,0.301683185696145,0.30803416621996216,0.3136649046782355,0.3192691094472959,0.32439026456080083,0.32898226818819404,0.33358812976281405,0.3378215482731515,0.3415539369605536,0.34502860124506957,0.3485300929773142,0.35174063866182737,0.3546046823294604,0.3571716614918244,0.35949369195315634,0.36178089528375673,0.36405066215176235,0.3661120813275025,0.3679698721428213,0.3696463550863609,0.3711603167728352,0.3725275878245237,0.3737615374739132,0.3748735877116567,0.37587363338529045,0.3768011078456762,0.37772914098102534,0.3786259354689837,0.379422872310297,0.3801246666112372,0.38073718449810334,0.38126554602087054,0.3817141495965693,0.38208680029929715,0.382386775606034,0.38261701756418004,0.38277959970631076,0.3828768392317706,0.382910260754172,0.3828813365445456,0.3827913950277549,0.3826405896060473,0.38242968903473123,0.3821593403852886,0.38182951231591034,0.38144031816147744,0.3809911922254545,0.3804817214839469,0.3799115354696362,0.37927988052992534,0.3785846141984441,0.3778261453718461,0.3770020689135495,0.37611138019148666,0.3751524002562036,0.37412305519588673,0.37302139567111875,0.3718452661695904,0.370592673307084,0.369260237108527,-2.0,0.3663462504407069,0.364758755882393,0.36307972942260563,0.36130571988835103,0.3594329558005409,0.35745752951669146,0.355375266100986,0.3531819070924273,-2.0,0.3484427089258825,0.3458869154214143,0.34319962331733894,0.34037596673595394,-2.0,0.33429086419371806,0.331017898034049,-2.0,0.3239756683514308,0.3201909740954582,0.3162201899289274,0.3120545891399488,0.30768550427875574,0.3031034643702447,-2.0,-2.0,0.28797917098117254,0.2824425159528947,0.27663858580844425,0.27055552597898025,-2.0,-2.0,-2.0,-2.0,-2.0,-2.0,-2.0,-2.0,-2.0,0.19115548883958533,-2.0,-2.0,0.15916999630515555,-2.0,-2.0,0.12239837192253078,-2.0,-2.0,-2.0,0.06468269776937219,0.048501071402040574,-2.0,-2.0,-2.0,-2.0,-2.0,-2.0,-2.0,-0.11188145216132656,-2.0,-2.0,-2.0,-2.0,-2.0,-2.0,-2.0,-0.34421733579764885,-0.3797875412827704,-2.0,-2.0,-2.0,-2.0,-2.0,-2.0,-2.0,-2.0,-2.0,-2.0,-0.9018975669389007,-2.0,-2.0,-1.0968313167440418,-1.1680610245343621,-2.0,-1.320803907967509,-1.4026443339999606,-1.4883618957199796,-1.5781400097896818,-1.6721717220597216,-2.0,-1.8738094780524737,-2.0,-2.0950041177910763,-2.2135209835619736,-2.3376522951106895,-2.0,-2.603834615606963,-2.746455923935694,-2.8958334790299154,-2.0,-2.0,-2.0,-2.0,-3.755812368962358,-3.953004773960653,-2.0,-2.0,-2.0,-4.839717976682283,-2.0,-5.348568375403221,-2.0,-2.0,-2.0,-2.0,-2.0,-2.0,-2.0,-2.0,-8.322535173225058,-8.73605833298045,-2.0,-2.0,-2.0
0.35297073027306497,0.14963218619373472,0.16119183024422773,0.17263481696060118,0.18394589095146754,0.19495742895926674,0.2057019875345659,0.2162517732753206,0.22656278387591922,0.23638693145043624,0.24597459843555783,0.2553004472314491,0.26403706394103715,0.272611383730599,0.28063998268814033,0.28835194633941086,0.29565954763613683,0.30257442990243216,0.3090467274730939,0.3153068363085462,0.3208897401193603,0.32647182965042754,0.3314928118139305,0.33605670087424083,0.3406426492841272,0.3447996741142311,0.34846682237085597,0.35193297155488734,0.35541260304153144,0.3585705396464555,0.3613881970201515,0.3639136680585807,0.3662082599085389,0.36848864097232104,0.37073351123204923,0.37276239505651393,0.37458990357658545,0.376237906172683,0.3777248818378205,0.37906620971506594,0.38027502144960174,0.381362586133191,0.3823384553031231,0.3832492815398785,0.38416281504506106,0.3850374893424524,0.38581098054422597,0.3864891203205179,0.3870775413181258,0.38758151460661905,0.3880052283036124,0.38835237615019125,0.38862621004101805,0.38882949428425617,0.3889644898229259,0.3890327563326221,0.3890364621762417,0.38897671884369045,0.3888544636881796,0.388670174271437,0.38842493124569677,0.3881184559998886,0.3877511275741976,0.3873225904866287,0.3868325450228118,0.38628060053530117,0.3856655161856729,0.38498677684850413,0.38424367952146005,0.3834338658373215,0.38255672814267927,0.3816106948863912,0.38059324461023664,0.37950299454252256,0.3783376768794726,0.37709526837389246,-2.0,0.37436723505633274,-2.0,0.3712972113114821,0.3696259643541009,0.36785922688054357,-2.0,-2.0,0.36194902852238214,0.3597616183035237,0.3574581151263078,0.35503379757377973,0.35248285380662403,0.3498004687592394,0.34698089314412445,0.3440178222065013,-2.0,0.3376362790630291,0.3342039311729477,0.33060134398298613,0.3268205552506307,0.3228526751636014,0.31869017455702753,0.3143241700349919,-2.0,-2.0,-2.0,0.2946283072082205,-2.0,-2.0,-2.0,0.27083772746520907,0.2641578527707117,-2.0,0.2498218361090799,-2.0,-2.0,-2.0,0.21679834663075379,0.20753411534619678,-2.0,0.18765917917009295,-2.0,-2.0,-2.0,0.14190713221398238,0.1290776457972193,-2.0,-2.0,0.08681261337726115,-2.0,0.05518440031677363,-2.0,-2.0,-2.0,-0.017592157715252354,-2.0,-0.05936450077157668,-0.08174810076714017,-2.0,-2.0,-2.0,-2.0,-2.0,-2.0,-2.0,-2.0,-2.0,-0.37309524990079335,-2.0,-2.0,-2.0,-0.5330489235423939,-0.5778841868771366,-2.0,-0.6740282257825534,-2.0,-0.7794999331729899,-2.0,-2.0,-2.0,-2.0,-1.0901353770748943,-2.0,-2.0,-1.3141075608111643,-1.3959478336025573,-2.0,-2.0,-2.0,-2.0,-2.0,-2.0,-2.0,-2.0,-2.0,-2.0,-2.0,-2.7397580476751813,-2.0,-2.0,-2.0,-2.0,-3.5608404997589904,-2.0,-2.0,-4.152840010063107,-2.0,-4.595722059235479,-4.833019361798957,-2.0,-2.0,-5.614512874341767,-2.0,-2.0,-6.5124112603171715,-2.0,-2.0,-2.0,-2.0,-2.0,-2.0,-9.162471350284944,-2.0,-2.0
0.34290662782339987,0.14572295638761212,0.1574583733554902,0.16901161672574758,0.18043983369235972,0.191727761008968,0.20278242469942215,0.21348747443712307,0.22398718067949555,0.23428162995600432,0.2440942899050514,0.2536031715402774,0.2629035742111498,0.2716004592342849,0.2800684607239299,0.28811786527823313,0.29570404380054366,0.3030283598624303,0.30980262300225153,0.31628803104005304,0.32243090746588504,0.3279820156952047,0.33352410889840073,0.33844054729342615,0.34298843603186496,0.3475417475253309,0.35161873931715815,0.35521998857418696,0.3586840266662475,0.3621328666787224,0.36523534115737055,0.3680040777275913,0.37048569550231386,0.3727553070561294,0.3750295800364948,0.3772443489266059,0.37923842078828746,0.38103363894386816,0.38265129287121924,0.3841093954621774,0.38542307616141963,0.38660511086965504,0.3876665461155914,0.3886167417796257,0.3895112970813179,0.3904100807755011,0.3912602570530684,0.39200845616595886,0.3926615241519138,0.3932241126148104,0.39370206267922114,0.39409931109684815,0.394419397344575,0.39466533564963613,0.394840143965376,0.39494537246006906,0.3949836356720137,0.39495554653850184,0.3948630687390025,0.3947072150952652,0.39448771694863316,0.39420564182142903,0.39386135113576515,0.3934542434740009,0.39298440531184503,0.3924513109837717,0.39185418159955554,0.3911924066530633,0.390464683141805,0.3896700626303537,0.38880734436651176,0.38787442453406085,0.3868695389021923,0.38579123868258136,0.3846370554608678,0.3834052276909156,0.38209249812149837,0.3806967098239069,0.3792151037176375,-2.0,0.3759810403514311,-2.0,0.37236374102104425,0.37040182305396363,0.3683325687518438,0.3661515061188514,0.3638539075122476,0.36143520906310134,0.3588895143615711,0.35621242313927415,0.3533976689273492,0.35043905849403073,-2.0,0.34406616752423197,-2.0,0.33703852044351423,0.33326104318095007,0.3292970869092964,-2.0,0.32077470741308145,-2.0,-2.0,0.3063666334266868,0.3010898490521156,-2.0,-2.0,-2.0,0.2773081628122809,-2.0,-2.0,0.25629805265875083,0.24861303032302418,0.2405600207535769,-2.0,-2.0,0.21401805568302398,-2.0,-2.0,0.18349396521102945,0.17233492629914293,0.1606447661849854,0.14839878779836196,0.13556972022756825,0.12213131534356858,-2.0,-2.0,-2.0,-2.0,-2.0,-2.0,-2.0,-2.0,-0.03149416854053255,-0.05286342522350146,-2.0,-2.0,-2.0,-2.0,-2.0,-2.0,-0.23368061536245022,-2.0,-0.29705978527718246,-2.0,-2.0,-2.0,-2.0,-2.0,-2.0,-2.0,-2.0,-2.0,-2.0,-2.0,-2.0,-2.0,-0.9506872667010434,-1.0156184202652967,-2.0,-2.0,-2.0,-1.3075973880193623,-1.3894374997359427,-2.0,-1.5649328314375321,-1.658964040972568,-1.7574498605504827,-2.0,-2.0,-2.0,-2.0,-2.0,-2.0,-2.0,-2.7332463012169765,-2.8826236842514117,-2.0,-3.2029424916096536,-2.0,-2.0,-2.0,-2.0,-4.146327672417332,-2.0,-2.0,-2.0,-5.07504517494588,-2.0,-2.0,-2.0,-2.0,-2.0,-6.833991496309464,-2.0,-2.0,-2.0,-2.0,-2.0,-2.0,-2.0,-2.0
0.3331294787934673,0.14154930772544444,0.15343061689626183,0.16521543756444665,0.1767648357853006,0.18817319145678096,0.19943187206454832,0.21050808309008123,0.22119444325212648,0.23163715210506575,0.24187523082683948,0.25171342983359635,0.26113513260466426,0.2703704834117499,0.2790625193807452,0.2874130683219214,0.2954816617648979,0.3029376398379399,0.31025832427741223,0.3169037406774009,0.32340237138355044,0.32940077759858166,0.3349399043391769,0.34042069364470645,0.3452291227125384,0.3497759105627168,0.35428083912257297,0.35827464506807555,0.3618158306952242,0.3652794324319272,0.3686870700670565,0.371731411948828,0.3744488737869755,0.376884390613671,0.37913253507580996,0.3814014255404772,0.38357980768219446,0.38553704329019245,0.3872979287236606,0.38888345594253115,0.3903109351906723,0.39159519710537527,0.3927488758764882,0.3937825750713065,0.3947058028268895,0.3955847023770716,0.3964680065692159,0.3972912702317025,0.3980126486409508,0.3986383016922011,0.39917389705828027,0.3996242510979581,0.3999932556782944,0.40028462276445115,0.4005011261759147,0.4006456205211072,0.40071956085529914,0.4007254896803279,0.40066462618238563,0.40053772236540636,0.40034549666920466,0.4000893841541684,0.39976896538900725,0.39938423353254937,0.3989353851991454,0.39842218556858633,0.39784375616466117,0.3971993180518399,0.39648831394166606,0.3957092338434923,0.3948608162889076,0.3939421089873623,0.3929500449309832,0.39188407174945333,0.3907419150415263,0.38952074950529825,0.3882185977490779,0.38683268504089346,0.38536032395970743,0.3837981769640087,0.38214337551387806,0.3803928063316394,0.37854155137280066,0.37658691308095366,0.37452447406656264,0.3723498734401281,0.3700582715337498,0.3676452054732317,0.36510524849162956,-2.0,0.3596235642970349,-2.0,-2.0,0.3503052955977828,-2.0,0.3432858642344108,0.33951223301234185,-2.0,0.3313958694045746,-2.0,0.32246270456857007,-2.0,-2.0,-2.0,0.30183279939253715,-2.0,-2.0,0.28358977415769515,0.27691402894945727,0.2699176068277065,-2.0,0.25490208530020336,0.2468508289250303,-2.0,-2.0,-2.0,0.2106102274934083,-2.0,-2.0,0.17863568801421686,-2.0,-2.0,-2.0,-2.0,0.11435986429904565,-2.0,-2.0,-2.0,0.051042391663573716,-2.0,-2.0,-2.0,-2.0,-2.0,-2.0,-2.0,-2.0,-2.0,-2.0,-0.19780954918836774,-2.0,-0.25831959645566455,-2.0,-0.3247020002254068,-2.0,-2.0,-0.43654635454495866,-2.0,-2.0,-2.0,-0.6120159917914225,-2.0,-2.0,-0.7666704933021764,-0.8231824718161693,-0.8823719581372274,-0.9443657649000405,-2.0,-2.0,-2.0,-1.2231368147675377,-1.3012749527816962,-2.0,-2.0,-2.0,-2.0,-2.0,-2.0,-2.0,-2.0,-2.0,-2.0,-2.0,-2.5843012089393387,-2.7269222464843077,-2.0,-3.032753141150146,-3.196618241343465,-2.0,-2.0,-2.0,-2.0,-2.0,-2.0,-2.0,-4.820182017489372,-2.0,-2.0,-2.0,-5.887233773584015,-6.1863195523541865,-2.0,-2.0,-2.0,-2.0,-2.0,-2.0,-2.0,-2.0,-2.0,-2.0
0.3236311014039673,0.1372568388942404,0.14919258831375645,0.16107297380298005,0.1728757131906048,0.1844535055785942,0.19583702040235346,0.20706088815197493,0.21811531084238941,0.22882531585178156,0.23920428319667608,0.24936741221670503,0.25923715468247416,0.26857339081316783,0.2777053168135397,0.2864266432905485,0.29464968929660124,0.30270366823712935,0.31005633373911473,0.31733886347725004,0.32388163078939114,0.3303701277801823,0.3362196812444044,0.34176771482076523,0.34716238732136967,0.35187022104751325,0.35642317849600164,0.3608616853504522,0.36476974435497206,0.368258993446588,0.3717238366350438,0.37507811204334146,0.37806208437407446,0.38072597076754106,0.38311354603499176,0.3853447584233892,0.38760756531644525,0.3897438830809382,0.39166229862956564,0.39338710258061993,0.3949386305625633,0.39633386791709757,0.3975872494284759,0.3987110086993197,0.39971544225828737,0.40061146181764135,0.40147446940673326,0.4023406663566683,0.4031352561149745,0.4038280122517249,0.40442532864745,0.4049317904872555,0.40535278165787464,0.4056920305711346,0.4059530416704641,0.40613852380158444,0.4062506080220354,0.40629191246900037,0.4062637937115535,0.4061676581457045,0.4060044189902899,0.4057748844108774,0.40547949064939054,0.40511850978819175,0.40469201368794483,0.4041992695845803,0.40364018906168053,0.4030145014573751,0.4023203913983956,0.40155736665188213,0.40072426807696654,0.39981943632765565,0.3988414425495612,0.3977882744855377,0.3966580656503827,-2.0,0.39415710829203915,0.3927813060588265,0.3913186833732777,-2.0,0.38811970585313355,0.386377318879067,0.38453406504296095,0.38258681007684975,0.3805312115841404,-2.0,-2.0,0.3736711164465399,0.37113672581315754,0.3684703559861993,-2.0,0.3627170099309128,0.35961741044330847,0.35636131021109974,0.35294121112375143,0.3493502459656897,0.3455799569155001,0.3416230859220456,0.33747102862873696,0.33311434270764273,-2.0,0.3237505085355451,0.3187235431151314,-2.0,-2.0,0.302130787700541,0.2960563595684804,-2.0,-2.0,-2.0,0.26869137018229017,-2.0,-2.0,-2.0,-2.0,0.22642748028246143,-2.0,-2.0,-2.0,-2.0,0.17306717664050453,-2.0,-2.0,-2.0,0.12048465936294817,0.10574020326663469,-2.0,-2.0,0.05717048904151978,-2.0,-2.0,-2.0,-2.0,-2.0,-2.0,-0.08624428558392544,-0.11079948327466299,-0.1365191048285182,-2.0,-2.0,-2.0,-2.0,-2.0,-2.0,-2.0,-2.0,-2.0,-0.47127778504810885,-2.0,-2.0,-2.0,-0.6550609293326917,-2.0,-2.0,-2.0,-2.0,-0.9382252449264978,-1.003155981996355,-2.0,-1.142391957885458,-2.0,-2.0,-2.0,-2.0,-2.0,-2.0,-2.0,-2.0,-2.0,-2.0,-2.0,-2.0,-2.4419879142553396,-2.0,-2.0,-2.0,-2.0,-3.1904747548659707,-2.0,-2.0,-2.0,-3.9273258114520653,-4.1338592420660065,-4.350176461079505,-2.0,-2.0,-2.0,-2.0,-2.0,-2.0,-2.0,-6.493429081307348,-2.0,-2.0,-2.0,-2.0,-8.296853412974224,-8.710376447384578,-2.0,-2.0,-2.0
0.3144035471591499,0.13283534473270214,0.14483928306236546,0.1567787106805655,0.16865444990561995,0.18044457971932915,0.19207980881064218,0.2034364395729063,0.21462030687313569,0.22562386556768016,0.2363776168499674,0.24669488663527797,0.2567760921774199,0.2666311201521947,0.27592530140009197,0.28494233435319577,0.29368197249203365,0.3017865553591064,0.30978330537362486,0.31706899445456216,0.32427589501947474,0.330745759433985,0.33719277321756636,0.34291284004190703,0.3484748525601012,0.3537564636050208,0.3583798202251785,0.3629412892509152,0.36729293955525916,0.3711133238148995,0.3745611594765046,0.37802854918127676,0.3813159091956309,0.3842375512316852,0.38684631883386195,0.3891842592406538,0.3914045555893203,0.3936555596234499,0.39574792409589205,0.39762587156300133,0.39931299761682326,0.400829002332057,0.4021905473524857,0.4034114421513744,0.4045037506219571,0.4054776480482451,0.40634679829009335,0.40719382066437937,0.4080404205486707,0.40880500637474587,0.40946745577792015,0.41003429295514854,0.4105105143923696,0.4109006895997626,0.41120857177729075,0.4114374209513938,0.41158985354463606,0.4116687344008542,0.41167537177574876,0.4116115391782332,0.4114782582700122,0.4112768708208573,0.4110077725859022,0.41067165234993497,0.410267718121493,0.4097967860362003,0.40925819611545844,0.4086512795193134,0.4079752816369321,0.40722922533529293,0.4064119634504853,0.4055223648094118,0.40455825173558824,0.40351839925319716,0.4024005966122611,0.40120312732420593,0.3999228188010759,0.39855777876656756,0.397105120624757,0.39556175857362813,0.3939249986402367,0.3921905304304043,0.390355881722353,-2.0,-2.0,0.38420693543660295,-2.0,0.3795272098176576,0.3769989238412767,0.3743377638784717,0.37153853770589806,-2.0,-2.0,0.36224864484840535,0.3588329772716855,0.35524622451370397,-2.0,-2.0,0.3433778371504825,0.33902482741685214,-2.0,-2.0,-2.0,-2.0,-2.0,-2.0,-2.0,-2.0,0.2889500836378792,0.28195776439886566,0.27463005932710927,0.26694983872377703,-2.0,-2.0,-2.0,-2.0,0.22267402618398324,-2.0,-2.0,-2.0,-2.0,-2.0,-2.0,-2.0,-2.0,-2.0,0.09625559798829031,0.0800784235326854,-2.0,0.04538200504548706,-2.0,-2.0,-2.0,-2.0,-2.0,-2.0,-0.1048321406840797,-2.0,-2.0,-2.0,-2.0,-2.0,-2.0,-2.0,-2.0,-2.0,-0.4244366791224858,-2.0,-2.0,-0.5529452583951593,-2.0,-2.0,-0.700601679568785,-0.7545567106363671,-0.8110681966325028,-2.0,-2.0,-2.0,-2.0,-2.0,-1.2110199997546087,-2.0,-2.0,-2.0,-2.0,-2.0,-1.7390079976085007,-2.0,-2.0,-2.0,-2.1818687870278315,-2.0,-2.4360107406869633,-2.5721808820148646,-2.0,-2.864178833436853,-2.0,-2.0,-3.356124708826945,-2.0,-2.0,-2.0,-4.127881224081707,-2.0,-2.0,-4.808059862018612,-2.0,-2.0,-2.0,-2.0,-6.1741968902176465,-2.0,-6.815543499965245,-2.0,-2.0,-2.0,-8.290874711251245,-8.704397711107998,-2.0,-2.0,-10.06625644779969
0.3054390941953024,0.12816344271331445,0.14029464209134063,0.15236680508903594,0.16430632619632143,0.17617338016550868,0.18794536379755458,0.1995994908353322,0.21096915023431817,0.22210746351653224,0.2330540112482055,0.2437997240040432,0.25410556738654494,0.2640974478590131,0.2738783412372446,0.2831865493690946,0.2920799366377424,0.3007872948798392,0.3088184475469282,0.31670942124504137,0.3239701340268048,0.33105795731929133,0.3374898215561412,0.34385989473133943,0.34947618061828906,0.3550487837650997,0.3601925998957705,0.36475029867238296,0.36931747912277146,0.3735643304485949,0.37729517432827603,0.3807140183607338,0.3841762207613003,0.38739032019500796,0.39024785819903496,0.3927997392684112,0.3950880712940657,0.39730247267611013,0.39953507640777974,0.4015816826492477,0.40341745555485214,0.40506526511569635,0.40654448538775706,0.4078704997283875,0.4090575490834239,0.41011690478714624,0.41105873143583843,0.4119018462309452,0.4127325558146101,0.41355682714003694,0.4142894418097428,0.4149202731200877,0.4154552384933472,0.41589933514999455,0.4162569494893413,0.41653166067106034,0.4167267336404286,0.4168448683901419,0.4168879657553837,0.41685819837850313,0.416756926953337,0.4165850986504652,0.4163436194081833,0.4160327547099704,0.41565343433878194,0.4152048659473699,0.41468762600107245,0.4141004294087268,0.41344306531660874,0.4127146247545969,0.4119141796992726,0.41103982226691627,0.4100906328829507,0.4090645706629985,0.4079601124236,-2.0,0.40550608650223396,0.40415233539841755,0.4027100179865836,0.4011763877772281,0.39954864181726735,0.3978233075338384,-2.0,0.3940649738631138,0.3920243050460905,0.3898703829216974,0.3875984911895543,0.38520395721384215,0.3826819998865565,-2.0,0.37723269185826364,0.374294239072645,0.3712046374601382,-2.0,-2.0,0.3609639576319721,0.35720187880711096,0.35325241040074296,0.3491072459095593,0.34475790302808706,-2.0,0.3354067304598061,-2.0,-2.0,-2.0,0.3138089420648765,-2.0,0.30137709294088944,0.2947079052939364,0.28771766281332967,0.2803915668923497,-2.0,-2.0,-2.0,0.24740211838781287,-2.0,-2.0,0.21828444670660946,-2.0,-2.0,-2.0,-2.0,-2.0,-2.0,0.13222513332357227,0.11748265679226494,0.10203974084922823,-2.0,0.06891827764113084,0.05116888839804784,0.03257654446693853,-2.0,-0.007297054273391335,-2.0,-2.0,-2.0,-2.0,-2.0,-2.0,-2.0,-2.0,-2.0,-2.0,-2.0,-2.0,-2.0,-2.0,-2.0,-0.5023143286955437,-2.0,-2.0,-2.0,-2.0,-0.7487583627519301,-2.0,-2.0,-2.0,-0.9913817888099246,-1.059388374994538,-2.0,-2.0,-2.0,-2.0,-2.0,-2.0,-2.0,-2.0,-2.0,-2.0,-2.0,-2.0,-2.0,-2.4302090780283367,-2.0,-2.0,-2.0,-2.0,-2.0,-2.0,-3.5300802287970305,-2.0,-3.915545405586975,-2.0,-2.0,-2.0,-2.0,-2.0,-5.311106915582807,-5.583749878607258,-2.0,-6.168393907429477,-2.0,-2.0,-2.0,-2.0,-2.0,-2.0,-8.698594448887112,-2.0,-9.585335327210801,-10.060453088823618
0.2967302408188869,0.12342133717426677,0.13555422790273175,0.1476954926360694,0.1598173201746347,0.17178027334637527,0.18363485668741789,0.19538449469551347,0.2070090184255679,0.2184366872010355,0.2295284922902743,0.24041232317608424,0.251090914405159,0.26144257831671824,0.2713388285489053,0.2810105878220722,0.29035762547779337,0.29912651999865275,0.30774366442120094,0.315754187609343,0.32348922091283044,0.3307683228282843,0.33769091346850827,0.3441237266444545,0.35037698985676496,0.3559200997922232,0.3614754780458957,0.3664788164560411,0.37099282087493446,0.3755453705478365,0.379684968046282,0.3833253601718972,0.3867292960452344,0.3901722388017387,0.3933115740365065,0.3961037064738208,0.39859726485141883,0.40084144166073493,0.4030511242386914,0.4052573815311156,0.4072567873308916,0.4090489452254034,0.4106559864771753,0.4120964309203341,0.4133860526986661,0.4145376787674194,0.41556294270653565,0.4164713162457177,0.41728968529807087,0.41810394255979744,0.4189024385212179,0.4196016320947157,0.4201991454312769,-2.0,0.42111101938320755,0.4214344440120102,0.4216744540719944,0.42183407004246976,0.42191588762646465,0.4219219052140821,0.4218538778166554,0.42171311732002337,0.42150038862049266,0.42121693957970324,0.42086281172294054,0.4204378243887405,0.41994297841708106,0.41937634707876714,0.41873879044039813,-2.0,0.41724506183637744,0.41638714745424477,0.4154531967269463,0.4144415762272201,0.41335048497070515,0.4121778657936767,0.4109217534411349,0.4095789982754142,0.40814786555295596,0.40662433114275465,0.40500642997358216,0.40329004782734307,0.4014721218946247,0.39954872003491837,0.3975158700082065,0.3953693794882247,0.39310475710031184,0.39071679492576716,0.3882006321493324,0.3855513921655217,0.38276321847714007,-2.0,0.37674571445122307,0.37350384705414635,0.37009720187927914,0.3665190520045174,-2.0,0.358815509588851,0.3546744493234977,0.3503281769517289,0.34576813932960027,-2.0,-2.0,-2.0,0.3251843771595855,0.31939803791942695,0.3133308669616375,0.3069707940822035,0.30030389906935495,-2.0,-2.0,-2.0,0.27027212232736414,-2.0,-2.0,-2.0,-2.0,0.22389703516071896,0.21325196092920773,-2.0,-2.0,-2.0,-2.0,0.1519184305450818,-2.0,-2.0,-2.0,-2.0,-2.0,-2.0,0.038203351155089604,-2.0,-0.001668737695823208,-0.023034859833883814,-2.0,-2.0,-2.0,-2.0,-0.1460650844073733,-2.0,-2.0,-2.0,-2.0,-2.0,-2.0,-2.0,-2.0,-2.0,-0.4966778989200451,-2.0,-2.0,-2.0,-0.6891659264839145,-2.0,-2.0,-2.0,-0.9208126559889616,-2.0,-2.0,-2.0,-2.0,-2.0,-2.0,-2.0,-1.5350509393652108,-2.0,-2.0,-2.0,-2.0,-2.0519101693715873,-2.0,-2.0,-2.0,-2.560737652128772,-2.0,-2.0,-3.00918843930183,-2.0,-2.0,-2.0,-3.7127113045845297,-2.0,-2.0,-4.33275346878252,-2.0,-4.796614701198841,-2.0,-2.0,-2.0,-2.0,-2.0,-2.0,-2.0,-2.0,-2.0,-2.0,-2.0,-2.0,-9.126063370015236,-2.0,-2.0
0.2882696992289233,0.11861483238645885,0.13074434064730595,0.14289190366550786,0.15503994996456513,0.16716400024308034,0.17919823246575492,0.1910376184274409,0.20276036602612657,0.21434703914681222,0.22577965422144644,0.23688110550219565,0.2476961509081303,0.25829317819668085,0.2686538101766413,0.2784967937109103,0.2880514425515474,0.29737943887562585,0.30607711127779713,0.31454798153026126,0.32258887519295326,0.33014680041616895,0.33745536657329095,0.34418258104966587,0.35064144915027046,0.3567346532954851,0.36223800417958657,0.36774290893595707,0.3726051636830391,0.3771000879489976,0.38161358336951096,0.385644907932862,0.3891942950387882,0.39259898268522064,0.3960064660018926,0.399069782252467,0.40179500642033855,0.4042289342602465,0.40643589431432314,0.408641746578786,0.4108123778015183,0.41276301802327814,0.41451009417443235,0.4160748670592316,0.41747548510317417,0.41872718508886675,0.4198419069366269,0.4208314930806997,0.4217050566426801,0.42250036546785297,0.42329804812265526,0.4240666938830755,0.424730895097307,0.42529347545803864,0.42575986373227864,0.4261348897047558,0.4264225170582438,0.42662601355898366,0.4267484165193873,0.426792186387009,0.42675912006884453,0.4266509550443015,0.4264688083753806,0.42621339291240296,0.42588577087302354,0.42548605284293467,-2.0,0.42446900584973324,0.42385158938801387,0.4231606941158806,0.42239543104046917,0.4215543696756038,0.4206361753658045,0.41963956954768333,0.4185627595331536,0.4174034845990044,0.416159566518465,-2.0,0.41340894944047374,0.4118960741436539,0.41028804884124026,0.4085815652203279,0.40677260185226566,0.40485757506457054,0.4028329893061127,0.4006938972258117,-2.0,0.396055139127381,0.39354575126616576,-2.0,0.3881205098686838,0.38519273702906015,0.3821139243975463,0.3788768383322704,0.37547506678640746,0.3719016028181883,-2.0,-2.0,-2.0,-2.0,0.3511703131231916,0.3463894133561038,0.3413748215520136,0.33611523749904243,-2.0,-2.0,-2.0,-2.0,0.3057286996696724,-2.0,-2.0,-2.0,-2.0,0.26727790262411755,0.2584468736877005,-2.0,-2.0,-2.0,0.2186952904498226,-2.0,0.19586150623128912,-2.0,-2.0,-2.0,0.14329700932537298,-2.0,0.11311590439578328,-2.0,-2.0,-2.0,-2.0,-2.0,-2.0,-2.0,-2.0,-2.0,-0.08794892998922499,-2.0,-2.0,-2.0,-2.0,-2.0,-2.0,-2.0,-2.0,-2.0,-2.0,-2.0,-2.0,-2.0,-2.0,-2.0,-0.6836983152605225,-2.0,-2.0,-2.0,-0.9153441123783276,-2.0,-2.0,-2.0,-1.1941109957579594,-2.0,-2.0,-1.4398035402447922,-1.5295806518603006,-2.0,-2.0,-2.0,-2.0,-2.046439139966191,-2.1649550748971995,-2.0,-2.0,-2.0,-2.0,-2.0,-3.0037166194661356,-2.0,-3.3392085399872,-2.0,-2.0,-2.0,-2.0,-2.0,-2.0,-2.0,-2.0,-5.299991709456456,-5.572634562132906,-2.0,-6.157278385988109,-2.0,-2.0,-7.142259562184966,-2.0,-7.879135587492574,-2.0,-2.0,-2.0,-2.0,-10.049336776030126
0.280050389418363,0.11360548070986921,0.12581961053074886,0.13802327039195417,0.1501829926418218,0.16233495059280592,0.17445394346061247,0.1865156586549607,0.19838963315486058,0.21008145515437207,0.2216258236983795,0.23300678967058436,0.24416281369481782,0.2549157652925701,0.2654250345914731,0.2757145566854521,0.28558335574413124,0.2950132020701555,0.3042485271452602,0.3129453665299012,0.32125391806085063,0.3293170135684572,0.3367081395308324,0.34400340297533777,0.35057093888414054,0.35704523245056213,0.36294583203398684,0.36844639906699994,0.3738648075641605,0.3785881207744804,0.38308972930354196,0.38753752103548234,0.3914603799171573,0.39493196257246144,0.3983417706069263,0.4016960838599704,0.40468246917611245,0.40733995149744756,0.4097133042163045,0.41189139686716963,0.4140940718634995,0.41621887933285656,0.4181195693281882,0.41982025572847503,0.421341655172862,0.4227010600228853,0.42391309551300255,0.4249901610795563,-2.0,0.4267803649303412,0.427554910476859,0.42833477529851693,0.42907002058928134,0.42969769361187093,0.4302237751265217,0.4306535513029343,0.4309917105048566,0.43124160238522236,0.4314070229593941,0.4314905189217798,0.43149492341007545,0.4314205016922277,0.4312702900312412,0.4310448764701698,0.43074480312409386,0.43037101227660585,-2.0,0.42940120196724296,0.42880488384552534,0.42813389433055254,0.4273872214322174,0.42656391593174037,0.42566279081798314,0.424681427731628,0.4236196633688065,0.42247384106463676,0.42124330430657975,0.4199250111587476,0.4185164124279633,0.4170147764091453,0.415417089228972,0.41372024311201444,0.4119207087525943,0.4100144750774185,-2.0,0.4058671926862004,-2.0,-2.0,0.3987406844278327,0.39610373398720855,0.393327693243454,-2.0,0.3873323205430552,0.3841005623269917,0.3807040297870849,0.3771345890698433,-2.0,0.3694483629687271,0.3653149066349455,0.360976722458471,0.3564234364903597,0.35164627057744496,0.3466349128846955,-2.0,0.33586528305423335,0.3300845609714724,-2.0,0.31766782193739784,0.3110057041789197,0.30402263901322213,0.29670301586198256,-2.0,-2.0,0.272565573941268,-2.0,-2.0,0.24479057022894996,-2.0,-2.0,0.21284153323595978,0.2011606176690766,0.18892248007294826,0.17610184813471147,0.16267075819814292,-2.0,0.13386214813035452,-2.0,0.10224846645156282,-2.0,0.06755909333046134,-2.0,-2.0,-2.0,-2.0,-2.0,-2.0,-2.0,-2.0,-2.0,-2.0,-2.0,-2.0,-2.0,-2.0,-2.0,-2.0,-2.0,-2.0,-2.0,-2.0,-2.0,-2.0,-2.0,-0.7323310841548142,-2.0,-2.0,-2.0,-2.0,-2.0,-2.0,-2.0,-2.0,-2.0,-2.0,-2.0,-2.0,-1.7167716792296388,-2.0,-1.9279592374225727,-2.0,-2.0,-2.0,-2.4137712832143663,-2.0,-2.0,-2.0,-2.9983911460974406,-2.0,-2.0,-3.513640367710276,-2.0,-2.0,-2.0,-2.0,-2.0,-4.785815982082,-5.034353895248919,-2.0,-2.0,-2.0,-2.0,-2.0,-2.0,-7.136932973244409,-2.0,-2.0,-2.0,-8.6821515446399,-2.0,-2.0,-10.044009881745497
0.2720654332493498,0.1085653729807851,0.1207308970695552,0.13296647852943155,0.14524312819439497,0.1574292586995034,0.16958214816515418,0.1816927265141953,0.193736103213016,0.20567321644717837,0.21734910708419267,0.2288465682206957,0.2401674366018773,0.2513013143075923,0.26207203287940933,0.27248756932230833,0.28266910190489275,0.2925706246627607,0.3018964188440618,0.3109861207387456,0.31972750666699107,0.3278689475105908,0.33588952382838494,0.3431724150238608,0.35039665019962046,0.35685526792577077,0.3632983164326317,0.36902255156249475,0.3745448576035546,0.3798376912663574,0.38444477973391583,0.3889608099607418,0.393314001103898,0.39712840613538336,0.40054003293115814,0.4039564740342912,0.4072380793055675,0.4101469186617667,0.41273578698349866,0.4150475985808461,0.4172061846624196,0.4194043080170015,0.42147422461734,0.4233237989726579,0.4249769616149596,0.4264536929223294,0.427770644822046,0.4289420773609562,0.42997997976701985,0.430894641017479,0.43169488709700954,0.43245078959970296,0.43321246688393367,0.43390967209328335,0.43449944705171567,0.4349872971328093,0.435378983912913,0.4356784233487989,0.43588904265430833,0.43601461085028903,0.436057467178104,0.4360196525315485,0.4359031265103118,0.43570874938063525,0.4354379916486459,0.43509095933419545,0.4346684900822019,0.43417050492102527,0.4335966979747142,0.432946524838764,0.4322194257404245,0.43141453402691543,0.4305302401333047,0.42956569488335294,0.42851864048632726,0.42738784529389245,0.4261708070558722,0.424865166143212,0.42346891149587157,0.4219787104145205,0.42039176902891484,0.4187053306494732,0.4169152457498831,0.4150185146155936,0.41301056072612946,0.41088811011662985,-2.0,0.40627883515429253,-2.0,0.4011532793415682,0.39838318168160197,0.3954673874061105,0.3923995446341353,0.3891733650117964,0.38578165258084135,0.3822173615048059,-2.0,-2.0,0.3704108663115815,0.3660763450641794,-2.0,0.35675400168064947,0.351745654330736,0.3464921161615015,0.34098223335491895,0.3352044501342389,0.3291454272432546,-2.0,0.31613360574187965,-2.0,-2.0,0.2941659156968125,0.28612804093591776,0.2777047327647083,-2.0,-2.0,-2.0,0.2397793971875008,0.22913883794461876,-2.0,-2.0,-2.0,0.18125479302159891,-2.0,-2.0,0.13901833344995834,0.12357954386717546,-2.0,-2.0,-2.0,0.05413108255864557,0.034659467643042285,-2.0,-2.0,-2.0,-0.05291718699376102,-2.0,-2.0,-0.13012071316450602,-2.0,-2.0,-2.0,-2.0,-2.0,-0.32077917777128984,-0.35803121133975446,-2.0,-0.4379137463054581,-2.0,-2.0,-0.5725089855055628,-0.6216911056967731,-2.0,-2.0,-0.7836675212532734,-0.8428550356367145,-2.0,-2.0,-2.0,-2.0,-2.0,-2.0,-1.3435878833729005,-2.0,-2.0,-2.0,-2.0,-2.0,-2.0,-2.0,-2.0,-2.0,-2.408593877650029,-2.0,-2.0,-2.0,-2.0,-2.0,-2.0,-3.508462233584208,-2.0,-2.0,-2.0,-2.0,-2.0,-2.0,-5.029175167638752,-5.289486666338421,-2.0,-5.847687578873597,-6.146773007618487,-2.0,-2.0,-2.0,-2.0,-7.8686297402502845,-8.263449468933887,-2.0,-2.0,-2.0,-2.0
0.2643081486974105,0.10350402330171647,0.11562013095430285,0.1278116548314691,0.14006608198217127,0.1523588636636282,0.16463001425356402,0.1767813585689104,0.18887990833310025,0.2009007961543434,0.21282040299129681,0.2245602395065684,0.236007846085908,0.24726403797011992,0.25831987446655497,0.2691346462620152,0.2794781274083477,0.2895447515945538,0.29938933292762926,0.3086976021393945,0.3176328853567662,0.32635831151818184,0.33438844757367897,0.3422951045219211,0.3495348768870952,0.3566260008596323,0.36302986928074793,0.3693896604388226,0.37498004080655334,0.38052255370521865,0.38565249557476017,0.39017381669602647,0.3947036058425164,0.3989335315581095,0.4026394603417074,0.40601071892441415,0.40942997006673404,0.4126228362225089,0.4154533505902208,0.41797288338767685,0.42022218616903156,0.422371850432019,0.4245552999915811,0.4265684379105368,0.42836577875682996,0.4299700423959071,0.43140084590127653,0.4326742147979797,0.43380374025305324,0.4348011209759689,0.43567618834002253,-2.0,0.4371784671233,0.4379177962441654,0.4385751683832269,0.43912506493436115,0.43957338370475624,0.43992492308714015,0.44018391886826796,0.44035387081952204,0.440437858281593,0.44043804353409277,0.4403566838026517,0.44019527176814327,0.4399550004343517,0.4396367991620815,0.43924079261508575,0.4387678245457558,0.4382171510696882,0.43758910221017194,0.4368822453957807,0.4360964823319792,0.43523022303877706,0.43428257265603953,0.43325158020618415,0.43213561572592235,0.4309327025113556,0.4296405776564499,0.4282564995398072,0.42677824324977776,0.42520294647452705,-2.0,0.421746694999857,0.41985926857429556,-2.0,0.4157461330411224,-2.0,0.4111532629606536,0.4086647287041474,0.40604137940753027,0.4032780734857702,0.4003682270926994,0.39730635015873506,-2.0,0.39069904220377233,-2.0,-2.0,-2.0,-2.0,-2.0,0.36647121368758184,-2.0,-2.0,-2.0,-2.0,-2.0,-2.0,0.3277600707051812,0.3211028640869069,-2.0,-2.0,-2.0,-2.0,-2.0,-2.0,-2.0,-2.0,0.24476722503456555,0.23412868221528182,0.2229816496443846,-2.0,-2.0,-2.0,-2.0,0.15875418654121626,-2.0,0.12857951040307564,-2.0,0.09546773202556297,-2.0,-2.0,-2.0,-2.0,-2.0,-2.0,-2.0,-2.0,-2.0,-2.0,-2.0,-0.18287383538327873,-2.0,-2.0,-2.0,-2.0,-2.0,-2.0,-0.432901598152853,-2.0,-2.0,-2.0,-2.0,-2.0,-2.0,-2.0,-2.0,-2.0,-2.0,-2.0,-2.0,-2.0,-1.2567307780084205,-2.0,-1.4242849505659216,-2.0,-1.6080913006360946,-1.7065757560186834,-2.0,-2.0,-2.0,-2.1494331670529103,-2.2735631846495985,-2.0,-2.0,-2.0,-2.0,-2.988192612792383,-2.0,-3.323683953850779,-3.503441258997184,-2.0,-3.8889052239396054,-2.0,-2.0,-2.0,-2.0,-2.0,-2.0,-2.0,-2.0,-2.0,-2.0,-6.78309728163258,-2.0,-2.0,-2.0,-8.25842748632073,-2.0,-2.0,-9.55869077887755,-10.033808377258815
0.25677204425975864,0.09828347832520072,0.11042937966371127,0.12263855944916012,0.13485414476806623,0.14712517339660952,0.1594263414247198,0.17173216727187668,0.183940246453574,0.19602358835933148,0.2080184500262221,0.21990051948204933,0.23164933791994097,0.2431194022892653,0.25430607189198856,0.2652785401764254,0.2760354113520676,0.2864085471748334,0.2963537732793228,0.3060662298671417,0.3154248287505014,0.3242027531109827,0.33282752692110357,0.3408269313410625,0.34854791540992686,0.35581073781777783,0.3627038911115728,0.3691110513209104,0.3753329032161461,0.38083563234012957,0.38636150037085387,0.39132422673374845,0.3957930678228546,0.4003104477225258,0.40441259726442247,0.4080107155314682,0.4113630490336923,0.41476495493753657,0.4178681666260031,0.4206200732166095,0.4230696060845675,0.4252617039354593,0.42740819581804174,0.4295653393182449,-2.0,0.4332646913253515,0.43481932391212924,0.4362033228877063,0.43743170868772785,0.4385184703336552,0.4394739249386558,0.44030831449306473,0.441040186145627,0.44175894311507047,0.4424708800736666,0.4430869169675315,0.44359567396525984,0.44400268791025665,0.44431271529381494,0.4445296657325326,0.44465696737727,0.4446974356831839,0.44465331038490086,0.4445264391598213,0.4443182477832635,0.44402984733715795,0.44366208103617144,0.4432148330098037,0.44268862442010254,0.4420831055415591,0.44139783986256775,0.4406322884943431,0.4397847000138671,0.4388546464426992,-2.0,0.4367400200656019,0.43555177086254593,0.4342737451548261,0.4329027089454996,0.43143699040075967,0.4298730840568852,0.4282080739489091,0.42643873417096395,0.4245611984647325,0.4225716128974923,-2.0,0.4182398317350354,0.4158889075880676,0.4134080932961145,0.41079225591422497,0.4080352848138091,0.40513184684131726,-2.0,-2.0,0.3954802049931954,0.39192577463057165,0.3881910150863299,-2.0,-2.0,0.3758210532650248,0.37127975413251135,-2.0,-2.0,-2.0,-2.0,0.344990918735493,-2.0,0.33259128782877656,-2.0,0.318961649133611,-2.0,0.30398405791869576,-2.0,0.2875312980275435,-2.0,-2.0,-2.0,-2.0,-2.0,-2.0,-2.0,-2.0,0.19111101381365875,0.17768390351048402,0.1636175903403107,-2.0,-2.0,-2.0,-2.0,-2.0,0.06400501886833293,-2.0,-2.0,-2.0,-2.0,-2.0,-0.06758565499498315,-2.0,-2.0,-2.0,-0.17799660085378333,-2.0,-2.0,-2.0,-2.0,-2.0,-2.0,-2.0,-2.0,-2.0,-0.5626117474720697,-2.0,-2.0,-2.0,-2.0,-2.0,-0.8949464217018531,-2.0,-2.0,-2.0,-2.0,-2.0,-2.0,-2.0,-2.0,-2.0,-2.0,-2.0,-2.0,-2.0,-2.0,-2.0,-2.0,-2.5348562307995035,-2.0,-2.0,-2.0,-2.0,-2.0,-2.0,-2.0,-2.0,-2.0,-2.0,-4.5334313158327015,-2.0,-2.0,-5.279576939936386,-2.0,-2.0,-2.0,-2.0,-2.0,-7.121843544743603,-2.0,-2.0,-2.0,-2.0,-2.0,-2.0,-10.028919602200736
0.24945081352303158,0.0930813806985908,0.10513234210123287,0.11731051019387116,0.1295933615306858,0.14185923161962438,0.15414438894301818,0.16645115049044773,0.17875328286853612,0.19102287953279762,0.2031235849497427,0.21508859223531798,0.22692890407424465,0.238622751578438,0.25014028808049943,0.2612920518020148,0.2721756149970826,0.2828286533207698,0.29322799522028403,0.3030928785280736,0.312661471133184,0.3219992352929878,0.33069214481854176,0.33914028171532323,0.34718015614509073,0.3546891901496432,0.3619855317680048,0.3686510602918005,0.37509302522073473,0.38111932501848617,0.386583040384934,0.392045943051348,0.3968441889709102,0.40129598748044437,0.40576649246610363,0.40974209092233466,0.4132342186174753,0.4165893373986083,0.41995112723466366,0.42296456331505655,0.4256375721563808,0.42801667679779737,0.4301628207090962,0.43230671563376144,0.4344244957901728,0.43632143210947616,0.43801105002046886,0.4395148192143114,0.44085054695207015,0.4420332145933983,0.4430755061159206,0.44398825636410066,0.444780640562611,0.4454826480072255,0.44618208372595375,0.4468614246593959,0.4474345588055963,0.4479005294373394,0.4482646207518432,0.4485313851351712,0.4487046141108736,0.4487873571406227,0.44878246956674694,0.4486920699499138,0.44851763920368476,0.4482606735977393,0.4479220458334131,0.44750250801156033,-2.0,0.44641994358411546,0.4457569839233314,0.44501206291172823,0.4441844200130362,0.4432727851790944,0.4422756681331882,0.44119169032888966,0.44001904545006043,-2.0,0.43739815375261254,-2.0,0.43439299458394764,0.432739734303297,0.43098067632802955,0.42911358210890016,0.42713356397172636,0.42503691540539856,0.42281970016440923,0.4204768963632475,0.41800390431064893,0.4153950056074561,0.41264526684302955,0.4097486889363721,0.40669915767114795,-2.0,0.40011471515929103,0.3965658070896244,0.39283611768058624,0.38891786295744024,0.3848016898401003,0.3804801458311392,0.3759429586553559,0.37118068283174815,-2.0,0.3609404040472706,0.3554403965845334,0.34967187548998996,0.3436220794152287,0.3372781366905927,0.3306267383821847,-2.0,0.3163435152054992,0.30868111913829654,-2.0,0.29223270375594834,-2.0,-2.0,0.2644804464162776,-2.0,0.2436948879780797,0.2325512950055484,0.22087579383741468,-2.0,0.19582831101133286,0.18240253631017356,0.16833750896236593,0.15360313483847837,0.138167874661623,0.12199829478178859,0.10506029116723975,0.08731719288972001,-2.0,0.04926243567726696,-2.0,-2.0,-0.01486763637750782,-2.0,-2.0,-2.0,-0.11550209015043067,-2.0,-2.0,-0.2042129695122087,-2.0,-2.0,-2.0,-0.3434013216078038,-2.0,-2.0,-0.4660860137247832,-2.0,-2.0,-0.6070540965409433,-2.0,-2.0,-2.0,-0.8282144817596383,-0.8902057692734362,-2.0,-2.0,-2.0,-2.0,-1.2471039797040993,-2.0,-1.4146573185886888,-1.5044334981261354,-1.5984629099299756,-1.6969470117543195,-1.8000968051934958,-2.0,-2.0,-2.0,-2.0,-2.3939430970105158,-2.530112295630055,-2.672732243428551,-2.0,-2.978561100027994,-3.142425250759489,-2.0,-3.4938091387762578,-3.682081718687133,-3.879273138813961,-4.085805882388035,-4.302122446804758,-4.528686289010694,-4.765982828370939,-5.014520467453581,-2.0,-5.547474248756544,-2.0,-6.1321175011680005,-2.0,-6.773463316430724,-2.0,-2.0,-7.853973492058353,-2.0,-2.0,-9.09542753179352,-2.0,-10.024173714905698
0.2423383298859155,0.08785782958363834,0.099859822676234,0.11194749974106373,0.12415613938664165,0.13646263393814187,0.148827535393092,0.1611292572933767,0.1734390659675794,0.18573461389306348,0.1979893155125251,0.21016586003472354,0.22211784511343938,0.23391247513216468,0.24554767960928506,0.2570059909565644,0.26821966372463096,0.2790188411336108,0.2895624630701782,0.2998726401305493,0.30977141239753087,0.31918922263275284,0.3284019262064098,0.3371107652772006,0.34536439333435126,0.35341627884500976,0.3607458851575535,0.36801043844675696,0.3745069962703612,0.38095530795785953,0.3867591859222966,0.3922339139889699,0.39758523272906643,0.4022278169053992,0.40669418995488094,0.4110818918253422,0.4149325211655302,0.41833814329586466,0.4217021844442662,0.42499950354986077,0.4279234895132666,0.4305175479897871,0.4328258769694781,0.4349384972772268,0.4370804917961368,0.4391449739226373,0.4409824472657647,0.442617026131288,0.4440690330916167,0.4453556963844848,0.4464913584841884,0.4474883351680078,0.4483569835878424,0.4491061522842734,0.449781886703105,0.4504614832490124,0.4511021055020699,0.4516308393307644,0.45205253786015137,0.45237197002271146,0.4525938009592464,0.4527214702733279,0.45275798806055945,0.45270585289999693,0.45256710504972314,0.45234320539768264,0.45203526417332596,0.45164417186284367,0.4511703011410559,0.45061357810773356,0.4499739869949272,0.4492515755613423,0.4484440084228403,0.44755131588032737,0.4465725216038363,0.4455055659130262,-2.0,0.443099871368703,0.44175664225455064,0.4403173947789569,0.43877768081589497,0.4371360906178316,0.4353886916970437,0.4335316259678168,0.4315618777928522,0.4294751906532934,0.42726687097801214,0.42493253786224094,0.4224673364189465,0.41986598838579947,-2.0,0.4142337725464415,-2.0,0.40798794279360434,-2.0,0.4010749271921862,-2.0,-2.0,0.38932568029477055,0.38500831051496764,0.3804754692773933,0.3757174821959805,0.37072419072427976,-2.0,0.3599887667629398,0.35422341450078537,0.3481765507662695,0.341835773087816,0.33518767611516453,0.3282168014583995,-2.0,-2.0,0.3052209124034175,-2.0,-2.0,0.2787447264524203,0.2690598161075289,-2.0,-2.0,-2.0,-2.0,0.2132310908350718,0.2004172957580141,0.18699292559790048,-2.0,0.15819606526101287,-2.0,-2.0,-2.0,-2.0,-2.0,-2.0,-2.0,0.012109063236042161,-0.01026561432392109,-2.0,-2.0,-0.08396395133582535,-2.0,-2.0,-2.0,-2.0,-2.0,-2.0,-0.3015414710034261,-2.0,-2.0,-2.0,-2.0,-2.0,-2.0,-2.0,-2.0,-2.0,-2.0,-2.0,-2.0,-2.0,-2.0,-1.0897523124848407,-1.1643537093624192,-2.0,-2.0,-2.0,-2.0,-2.0,-2.0,-2.0,-2.0,-2.0166720421440583,-2.135187120525701,-2.259316714646295,-2.3893267709546677,-2.0,-2.0,-2.0,-2.973944276902725,-2.0,-2.0,-3.489191995997857,-3.6774644800374547,-2.0,-4.081188457200683,-2.0,-2.0,-2.0,-2.0,-2.0,-2.0,-2.0,-2.0,-2.0,-6.768845209525251,-7.112479800269446,-2.0,-2.0,-8.244174835158734,-8.657697477451537,-9.090809142341985,-9.54443774614727,-10.019555244836816
0.2354286414322417,0.08255437830972527,0.09449790367542621,0.1066001652109246,0.11873037999040424,0.13096750863744702,0.14329520808241056,0.1556886779940879,0.1680805100983238,0.1803905572654739,0.19267643785253316,0.20491075320858143,0.21706730336266492,0.22909477125896316,0.24085059090600938,0.2524225007235482,0.26380347455417924,0.2749826778669671,0.2858069246107151,0.29623468774825296,0.30641324406979015,0.31632866958836603,0.32564613549741867,0.33468419985381653,0.3434316561577742,0.3515057651703584,0.3594782285360352,0.3667132891326228,0.3738683226173988,0.3802664027323072,0.3866557541746288,0.3922777313741165,0.3977821749262479,0.4029710542958188,0.4074945300108188,0.41198123109007473,0.4162479701587584,0.41997504777365097,0.42331928864881385,0.426693776466142,0.42990087925802817,0.43273549429433494,0.4352504256953627,0.43748774712834737,0.4395802218331369,0.4417170887154446,0.443716875824174,0.4454942984752443,0.4470727762177419,0.4484720535169776,0.4497085400978452,0.45079615442251253,0.451746558094829,0.4525698343751642,0.4532745489507752,0.4539280120661476,0.45458691699926096,0.45518259530892946,0.45566530260590926,0.45604100151994353,0.4563141044706166,0.4564892498834241,0.45656946221778383,0.4565578958528967,0.45645647625305513,0.45626739390313237,0.45599214167904945,0.4556307636143836,0.4551848154419808,0.4546543881335981,0.4540392136247604,0.45333913056067243,0.45255321819863087,-2.0,-2.0,0.449671518542802,0.4485312429272019,0.447298245674401,0.44596963169264053,0.4445442639495768,0.44301767320295926,-2.0,0.43965238835950665,0.4378066955912814,0.4358474725043166,-2.0,0.43157124183461776,-2.0,0.426788776730494,0.4241954778588184,-2.0,0.4185781076570912,0.41554148172838934,0.41234479762009196,0.40898118471206174,0.40544392085047054,0.40172501237865543,-2.0,0.3937100841161998,-2.0,0.38486904489499596,-2.0,0.37512618084123905,0.36989049913670874,-2.0,-2.0,0.35259248658127496,0.34625484834933606,0.3396092473784149,-2.0,-2.0,0.31767947995430124,0.3096530774631701,0.3012404403639437,-2.0,0.28318373442090117,0.27350064227110155,-2.0,-2.0,-2.0,0.22990998447397243,-2.0,0.20486859998972523,-2.0,-2.0,0.16265153506191216,0.1472185347556652,-2.0,-2.0,-2.0,-2.0,-2.0,-2.0,-2.0,-2.0,-2.0,-0.05378425808699483,-2.0,-2.0,-2.0,-2.0,-0.1951362001103586,-2.0,-2.0,-2.0,-2.0,-2.0,-2.0,-2.0,-0.5018328578298418,-2.0,-2.0,-2.0,-2.0,-2.0,-2.0,-2.0,-0.9460445675178244,-2.0,-2.0,-1.1598765311124173,-2.0,-2.0,-2.0,-1.495340422662838,-2.0,-2.0,-2.0,-2.0,-2.0,-2.0,-2.0,-2.3848473345432626,-2.0,-2.0,-2.0,-2.0,-2.0,-2.0,-2.0,-2.0,-3.870175329236999,-2.0,-4.293024295910587,-2.0,-2.0,-2.0,-2.0,-2.0,-2.0,-2.0,-2.0,-2.0,-2.0,-7.467911394285293,-2.0,-2.0,-2.0,-2.0,-2.0,-2.0
0.22871596595026464,0.07731331028235204,0.08912045696931026,0.10110603943956732,0.11325008604824942,0.12548480962531608,0.137748510003165,0.15009522638862657,0.162499378625035,0.1749348242404807,0.18730980505431719,0.19958298019088733,0.21179355780612366,0.22391455387522546,0.23592115342174527,0.24774296089847647,0.2592518825341514,0.27055056400970673,0.2816324060575772,0.29248068387589904,0.30285032533506656,0.3128907107774359,0.3226973152756604,0.332037455077215,0.34089315128106407,0.3495773009700764,0.35756921603524455,0.3653691032922851,0.3725969966999392,0.3795625226580423,0.3859351453233914,0.3921977584918076,0.39769680785102457,0.40320769261679246,0.4082072518389692,0.41265364292293655,0.4171461305001128,0.42126857529113043,0.42487409311316415,0.4281839910395347,0.43155423780219243,0.4346597105598688,0.4374053452391134,0.4398412079788142,0.4420077495254509,0.4440938808455758,0.4462113521491417,0.4481452553609902,0.44986174072168006,0.45138343562711725,0.45272901667499754,0.4539142745259318,0.45495265915039684,0.45585541275790253,0.4566321217696256,0.45729436366972825,0.4579266347621464,0.4585598568052871,0.4591078643976451,0.4595428178658809,0.45987081343212444,0.460095984236068,0.46022253928393186,0.4602535632987487,0.46019181770880185,0.4600392076981778,0.4597975688707806,0.45946812654048996,0.4590516700172405,0.458548501823099,0.45795900376620147,0.45728275341680225,0.4565194159176224,0.4556679774896867,0.45472762237514963,0.45369680278474295,0.45257401622406346,0.4513567755198513,0.4500437397256916,0.4486326808914576,0.44711977500182554,0.4455031835876539,0.44377941151807415,-2.0,0.4399966214589452,0.4379297205220477,0.4357400852529361,0.43342370262593044,0.4309759383695362,0.42839061170281845,-2.0,0.4227877575697659,0.41975836718677095,-2.0,0.41321113551796945,-2.0,0.4059665047147748,0.40206316079971505,0.39796186367468656,-2.0,-2.0,-2.0,0.37939577181481354,-2.0,0.36867504135785867,0.3629167436958565,0.35687689740109907,-2.0,0.3438997368920884,0.3369352778531287,0.32963306133232884,0.32197868229435045,0.31395445711652487,-2.0,-2.0,0.2874920756537285,-2.0,-2.0,-2.0,0.2458980013747759,-2.0,-2.0,-2.0,0.195768370416189,0.18170721027799125,0.16697650556115123,-2.0,-2.0,-2.0,-2.0,0.0821218921161036,0.06265577215003404,0.04226531816096257,0.0209065553272752,-2.0,-0.02490109914011518,-2.0,-0.07515994976018381,-2.0,-2.0,-2.0,-2.0,-2.0,-2.0,-2.0,-0.32997857541544906,-2.0,-2.0,-2.0,-2.0,-2.0,-2.0,-2.0,-0.69908576403486,-2.0,-0.8147798729194314,-2.0,-2.0,-2.0,-2.0,-2.0,-2.0,-2.0,-2.0,-2.0,-2.0,-2.0,-2.0,-2.0,-2.0,-2.126358498138525,-2.0,-2.380497555649556,-2.0,-2.65928589449481,-2.0,-2.0,-3.1289778265782378,-3.3006042578266466,-3.4803610754927106,-3.6686333563952718,-3.8658244909573964,-2.0,-4.288673269842857,-4.5152368667254414,-2.0,-5.001070580860101,-2.0,-5.534023940475038,-2.0,-2.0,-6.431919940217191,-2.0,-2.0,-7.463559542264748,-7.840521983387691,-8.235341480832052,-2.0,-2.0,-2.0,-10.010721560290811
0.22219468609395232,0.07199968968952715,0.08378723812813124,0.09565990511874504,0.10768610845045685,0.11986476785779321,0.13217372230216945,0.1445031224745555,0.15686675301743,0.16927921693282716,0.18171359396258474,0.1941428396516333,0.20645858007811457,0.21864217215076168,0.23072404930280332,0.24267864018539348,0.2544837278305086,0.2660398589777228,0.27725217759073234,0.2882314019038647,0.29897674352147835,0.3094045939372034,0.31931031286267686,0.3289552072864782,0.33832307947029006,0.3470340939582432,0.3555465571613172,0.36356023986998803,0.3711254540635172,0.3784011527354285,0.385110534434152,0.3915182973122457,0.3975853754777788,0.4030222623599437,0.4084828963061033,0.4132981031746247,0.41771118492926584,0.4221676618797042,0.4261485468834299,0.42963453197359636,0.4329379899212168,0.43627596668588164,0.4392807216994291,0.4419378087075975,0.4442945710048607,0.4464014612200488,0.4484854411736432,0.4505674366488681,0.4524350824995624,0.45409000142607087,0.45555399621151765,0.4568449142744409,0.45797808602145024,0.45896614709981637,0.4598201173233545,0.4605489547700419,0.4611727943693278,0.4617833999669761,0.4623842747658429,0.4628827176727532,0.46326859376639423,0.4635470818744939,0.4637226748696806,0.46379883438542846,0.46377881046356506,0.4636646163746634,0.46345875673430226,0.46316251934537916,0.46277694583942697,0.46230261300100683,0.46173979403575766,0.46108875820652934,0.460348616911163,0.45951918297115174,0.45859928172171244,0.4575875174287326,0.4564826295670407,0.45528271162860995,0.4539857906327499,-2.0,0.45109105090203544,0.4494878717350991,-2.0,0.445953953083372,0.44401698507446785,-2.0,0.43978083226227704,0.43747395033581676,0.4350345597785738,0.4324582224056525,0.42973901705270423,-2.0,0.4238485179396236,0.42066530335378427,0.41731474165723337,0.4137895082541629,0.4100818508435016,0.406184132250877,-2.0,-2.0,0.39326613516515485,0.3885213256780575,0.3835403198934596,0.3783130290428034,0.37282771173856055,0.3670732478866846,-2.0,0.35470539153179026,-2.0,-2.0,0.33380554066526247,-2.0,-2.0,0.30972437321593865,-2.0,-2.0,-2.0,0.27185518517181895,-2.0,-2.0,-2.0,-2.0,0.21338708970429132,-2.0,0.18590753191687548,0.17117866131525705,-2.0,-2.0,-2.0,0.10491131963092526,0.08632950199194223,0.06686471054671633,0.046475246943689486,0.02511742921497262,0.0027455047727564796,-2.0,-2.0,-2.0,-2.0,-0.1260852298914556,-2.0,-2.0,-2.0,-0.25294788667307894,-2.0,-0.32575924392324235,-2.0,-2.0,-2.0,-2.0,-0.5402219922256633,-0.5894015053367077,-0.6409116990702264,-2.0,-2.0,-2.0,-2.0,-0.9374737794358909,-1.0054775673623968,-2.0,-2.0,-1.2294391974346428,-2.0,-1.3969907773470402,-2.0,-2.0,-1.6792780401096248,-2.0,-2.0,-2.0,-2.0,-2.0,-2.0,-2.5124388169085408,-2.6550582289077163,-2.0,-2.0,-2.0,-3.2963761081517284,-2.0,-3.6644049768021225,-2.0,-2.0,-4.2844446036177475,-2.0,-2.0,-4.996841666767209,-2.0,-2.0,-5.815352608303237,-6.114437611962139,-2.0,-2.0,-2.0,-2.0,-2.0,-2.0,-8.644634455513685,-2.0,-2.0,-2.0
0.21585934468224163,0.06673019073923202,0.07835419379261618,0.09018892000362196,0.10217660964869234,0.1142420199295526,0.12645367471610078,0.1387886156825899,0.15121942469458177,0.16361395553871264,0.1760324514656952,0.18846320205544087,0.20087837549725993,0.21325066004121995,0.22546116699997817,0.23750042676991603,0.24939910842131713,0.2611343272707583,0.27268864222099676,0.28391330934223996,0.29478475677575894,0.3054059401710839,0.31578784421033085,0.3256773385071066,0.3351538322280428,0.34442104017780867,0.3531125540495698,0.3614101624374646,0.36945986576610623,0.3768054130457343,0.384069199533915,0.39057077021043807,0.39700198858396873,0.40282312037967716,0.4082599161073326,0.4136118168324728,0.4182497838968819,0.42267308725678027,0.4270499648473087,0.430892192386154,0.43427230855348836,0.4375873236067334,0.4408636746242344,0.44376876397129583,0.44633777663136304,0.4486157490002549,0.4506784407501779,0.4527608253221724,0.4547904591782541,0.45659116027646973,0.4581839948710441,-2.0,0.4608251114481584,0.46190510646878125,0.4628418556320217,0.4636458043964489,0.464325659746256,0.46491575029240473,0.46550397594659315,0.4660648826936834,0.4665124863523943,0.4668476053985938,0.46707494525141235,0.4671989563766867,0.46722278812912427,0.4671494747896156,-2.0,0.4667199964815466,0.46636680417722115,0.46592261630367565,0.4653880084042056,0.4647630982353743,0.4640477699264813,0.4632409959144531,0.46234250043953085,0.46135102751517293,0.4602649134713209,0.45908280581827887,0.4578027259533762,-2.0,0.45493786067620445,0.45334847739246625,0.45165048376887645,0.4498401914718376,0.44791443729999275,-2.0,0.4437000753049308,0.4414030873738408,-2.0,0.4364050257782971,0.4336939622029797,0.4308345014073138,-2.0,0.424643056978065,0.42129901563650934,0.4177800125685185,-2.0,0.4101867188607663,0.40609623175314946,0.4017984581785714,0.39728412183187345,0.3925439158865572,0.3875674218597822,0.38234409361786365,0.37686286703404903,0.3711123776147433,0.3650791348844219,0.35875192124446154,-2.0,-2.0,-2.0,0.33021164713936735,-2.0,0.31378779283734826,-2.0,-2.0,0.28606798050609533,0.27592752050288566,-2.0,-2.0,0.24250041559129304,0.23027597677935369,-2.0,-2.0,0.18999212133367888,-2.0,-2.0,0.14367212910892657,0.12673987606383136,-2.0,-2.0,-2.0,-2.0,0.0292127310799985,-2.0,-2.0,-0.04113669509528328,-2.0,-2.0,-2.0,-2.0,-2.0,-2.0,-0.24884526363255066,-2.0,-2.0,-2.0,-0.40153248602454605,-0.444332815733844,-0.4891616825136037,-2.0,-0.5852946952960429,-2.0,-0.6907553434537477,-2.0,-2.0,-0.8684377800528301,-0.9333646239597944,-2.0,-1.0725939378434668,-2.0,-2.0,-2.0,-2.0,-2.0,-2.0,-1.6751667829232582,-2.0,-2.0,-2.0,-2.0,-2.0,-2.372157901347785,-2.0,-2.6509456632894146,-2.0,-2.956773260181189,-3.120636820543717,-2.0,-3.4720196126271636,-2.0,-2.0,-4.064014890283832,-4.28033100939272,-2.0,-2.0,-2.0,-2.0,-2.0,-5.811238530000948,-2.0,-6.423576464931395,-2.0,-2.0,-2.0,-2.0,-8.22699744183601,-2.0,-9.073631392995424,-2.0,-2.0
0.20970464013232323,0.06147960970044318,0.07301067767196606,0.0846851774853981,0.09656572118016056,0.10863348378232249,0.12077663506831514,0.1330195877357769,0.14537861627647547,0.15782882693830722,0.17033223512617188,0.182761697590258,0.19518619172556959,0.2075843712221488,0.219928106658791,0.23219047594477268,0.24424597179953786,0.2560848418057671,0.2677458750234972,0.27921065565343456,0.29046221211346096,0.3012942658965223,0.31178543584520296,0.32202176912307373,0.33196008339469424,0.34129440765543867,0.3503706596423147,0.3591166729380729,0.3672041080580515,0.37518610703388106,0.3824099225036189,0.38956854529888285,0.3959488976838973,0.4023281385692057,0.40793873915406464,0.41340988769576686,0.418592866222017,0.42309186095018364,0.42753902335462324,0.43179137353927716,0.4354978347077663,0.4388038624398684,-2.0,0.4453153885570471,0.4481217173871766,0.4506033085248553,0.45280262463629933,0.45483758216006115,0.4569176583633434,0.45887816976867624,0.460611567954624,0.4621416295684778,0.46348800225753584,0.4646673309771888,0.4656931128180633,0.46657747945405365,0.46733022651597217,0.4679597650361411,0.46852117431696677,0.469086287696886,0.46959929276328916,0.46999441086932214,0.47027695616845555,0.4704513543043846,0.4705219010829454,0.4704915524841741,0.47036305560656455,0.47013899129442593,0.4698194923619043,0.4694070828086256,0.468901939910065,0.4683049984232436,0.4676146624022601,0.46683204668733413,0.4659559744629882,0.46498541965630186,0.46391906226677226,0.4627553086534578,0.46149249542502696,0.4601278604846497,0.45865942877539767,0.45708455820315325,0.45540026579267995,-2.0,0.45168902488647705,0.4496548538659164,0.44749670287905957,0.44520974995890983,-2.0,0.4402305546422617,0.43752844895717175,-2.0,0.43166926215121704,0.4285003637808887,0.42516340245797185,-2.0,0.41795545261538125,0.41406975022542825,0.40998498334796196,0.40569238977259536,0.4011831803508399,0.3964475597575116,0.3914756495298103,0.3862570216896732,-2.0,0.3750332723395223,-2.0,-2.0,0.35604691623900153,-2.0,0.34179815507904143,-2.0,-2.0,-2.0,0.30892642701400064,-2.0,-2.0,0.279882810410008,0.26925902177054806,0.25812623489118003,0.2464612120861614,0.2342389283272736,0.22143327388680095,0.2080164012577237,-2.0,-2.0,-2.0,-2.0,-2.0,0.11297689299701369,0.09439721629102632,-2.0,-2.0,-2.0,0.010821326363412098,-0.012610383651201929,-2.0,-2.0,-2.0,-2.0,-2.0,-2.0,-2.0,-2.0,-2.0,-2.0,-2.0,-2.0,-0.44034361525283794,-0.48517216619996595,-2.0,-2.0,-2.0,-2.0,-2.0,-0.8024559660272435,-2.0,-0.9293720813800309,-2.0,-1.068600576401844,-1.1432006410759923,-2.0,-1.3031718854874361,-2.0,-2.0,-2.0,-2.0,-2.0,-2.0,-2.0,-2.0,-2.238152425585479,-2.0,-2.0,-2.0,-2.0,-2.952776501323643,-3.1166399367798965,-3.2882660295440154,-3.4680224864130302,-3.656294445278487,-2.0,-2.0,-2.0,-4.502896794812272,-2.0,-2.0,-2.0,-2.0,-5.807240492929338,-2.0,-6.4195782935035925,-6.74767044154099,-2.0,-2.0,-7.828179639702502,-2.0,-8.636521396711018,-9.069632829508663,-2.0,-2.0
0.2037254220231357,0.056221338210009006,0.06762155281639573,0.07926059843463616,0.09099558334027903,0.10292054082073732,0.11502705770159084,0.12728667911589647,0.13956532801437546,0.15194645743240554,0.1644105462738929,0.17693104119744255,0.18946353887863687,0.20188513218080897,0.21426331212961497,0.22657522767603439,0.23879316215311985,0.2508915712869576,0.2627380152324228,0.27432044060720906,0.2856911068560865,0.2968386924935981,0.30772561813949173,0.31811718302673325,0.3281998584543476,0.3380431578758747,0.3473782320757325,0.35625386278656673,0.36494665705689183,0.37292917795948677,0.3807327307065499,0.3879399817420322,0.39489924538591786,0.4012453997071083,0.40749308792753697,0.41296415695193933,0.41844813490379085,0.4234254651530154,0.42783578259664073,0.43229418317247637,0.4363902411335039,0.43996383558456154,0.4432280434151381,0.44655627069962295,0.4496291846732231,0.4523377951335667,0.45473232121688445,0.4568533096614652,0.4588777042139955,0.46094097955793106,0.46282826195544774,0.4644939511774779,0.46596067045282025,0.4672470319380679,0.468368975727223,0.469339609887252,0.47017033492598315,0.470870737534752,0.4714498314610186,0.47198684649697936,0.47252564604276354,0.47298469645040586,0.473325623318165,0.4735537435077619,0.473673501483058,0.4736886014228511,0.4736021791963748,0.47341626000724985,0.47313339311895386,0.4727539800421465,0.4722798357444234,0.47171123548390276,0.4710484836047921,0.47029075952153065,0.46943845633708314,0.46848987503593936,0.4674440978301633,0.46629975115970124,0.4650546105197076,0.4637073104227061,-2.0,0.4606946660547256,-2.0,-2.0,0.45533870850517716,0.4533170450237236,0.4511696971778956,0.44889312102525847,0.4464827470189551,0.4439334317184266,0.44123989614613907,0.43839659269720427,0.43539746346978847,0.4322361556822269,0.4289064034310803,0.42540085475704015,0.4217117461697383,0.41783186614077206,0.4137527542307621,0.4094658470753738,0.40496236262330043,0.4002313524654549,-2.0,0.3900496914291724,0.3845770285089226,-2.0,0.3728089366982499,0.36648816969855824,-2.0,0.35290713107308436,0.3456168556963679,-2.0,0.3299609546183509,-2.0,0.31275595926377764,-2.0,-2.0,-2.0,-2.0,-2.0,-2.0,0.2380835487942093,0.22527949236827988,-2.0,-2.0,-2.0,-2.0,0.15149837424398283,0.13456842632788663,0.1168334117719127,0.09825506511267607,-2.0,-2.0,-2.0,0.014683413531930756,-2.0,-2.0,-0.05899976693453424,-0.08592833066513383,-2.0,-2.0,-2.0,-0.207038814724941,-0.24098964455120886,-2.0,-0.3137972737545631,-2.0,-2.0,-2.0,-0.48129973303659834,-2.0,-2.0,-0.628939760790417,-0.6828898204360043,-0.7393965604525965,-0.7985810480838471,-0.8605700844438793,-2.0,-2.0,-2.0,-2.0,-2.0,-1.2992948253824084,-2.0,-2.0,-2.0,-2.0,-1.7704421808489847,-2.0,-2.0,-2.0,-2.0,-2.0,-2.0,-2.643069741895788,-2.0,-2.948896777605107,-2.0,-2.0,-2.0,-2.0,-2.0,-2.0,-4.272452908676865,-2.0,-2.0,-4.984849204226735,-2.0,-2.0,-2.0,-2.0,-2.0,-2.0,-2.0,-7.4473360668197515,-2.0,-2.0,-8.632639836540918,-2.0,-2.0,-9.994496830155107
0.19791668678535568,0.051046163583678264,0.06228842056959139,0.07374311733596077,0.08543346406586023,0.09728924346311177,0.10925730110470024,0.12140104199600073,0.1336985796406084,0.1460949482504274,0.1584963291647049,0.1709721705176627,0.1834951200859452,0.19603737233418397,0.20855497177885945,0.22091986733796376,0.23319666591307303,0.24536662966691652,0.25740338699878407,0.26928399267236114,0.28086297997205667,0.29213486695552526,0.3031668853935367,0.31395780046712113,0.3244013713156714,0.3343291339393129,0.34399431909754397,0.3533688092606121,0.3620779772830789,0.3705888517620089,0.3785911449332959,0.38613940053336504,0.3933992515301806,0.40008102953131597,0.4064662296898284,0.4125020474445124,0.4179054138850164,0.423336264316106,0.4281141554678273,0.432487592919315,0.43690908679794543,0.44085158846011013,0.4442951859451271,0.44755095693459157,-2.0,0.45381003099807005,0.4564218966612143,0.458730102265613,0.460782135141358,0.46280455559480316,0.46483210005483766,0.4666460436472327,0.46824351303610656,0.4696461253075225,0.47087174461557907,0.471935386677737,0.47284993205882336,0.4736259614400501,0.47427270608319755,0.4748061242772016,0.475318354961659,0.4758230286238425,0.4762262424301723,0.4765111546031448,0.4766831377885788,0.47674631344080837,0.4767041672556812,0.4765591447829898,0.4763137758897728,0.4759696930124408,0.4755281805859157,0.47498990156105103,0.4743549008731556,0.4736238047728082,0.47279557642363523,0.4718701440513579,0.4708458495638571,0.46972154006668587,0.468495109085397,0.4671652640596672,0.4657294432760024,-2.0,0.4625296159206211,0.460759384650714,0.45887120110207164,0.45686135450810783,0.4547259028896064,0.4524604882079194,0.4500604290463409,0.4475208751602362,0.44483647604402304,0.44200187438226973,0.4390113586541252,0.4358576430787882,0.432535148514081,0.4290364219488808,0.4253542257785242,0.42148081273481364,0.4174081191147033,-2.0,0.4086281867619904,0.40390264106908064,0.39894043796524925,0.39373068612384626,0.38826194997262353,0.38252307848757755,0.3765019587822548,0.3701851315906597,-2.0,0.3566110015141025,0.3493240181341428,-2.0,0.3336742474806625,-2.0,0.31647463525561936,0.30724867664655797,-2.0,0.2874454155226284,0.27682566126045516,-2.0,-2.0,-2.0,-2.0,-2.0,0.20154878073079446,-2.0,-2.0,-2.0,-2.0,0.12057971921060634,0.10200260056775773,-2.0,-2.0,0.04080335702173449,-2.0,-2.0,-0.029537616812779888,-0.055245283220569985,-2.0,-2.0,-2.0,-0.17086736509269873,-2.0,-2.0,-0.27279059968864705,-0.3100368674852396,-0.3490490767562614,-2.0,-0.43270961153510534,-2.0,-2.0,-2.0,-2.0,-2.0,-2.0,-0.7948159319801718,-0.8568046067874406,-2.0,-2.0,-2.0,-2.0,-2.0,-1.2955275030937528,-2.0,-2.0,-1.5650429811053281,-2.0,-2.0,-2.0,-2.0,-2.0,-2.2305041819724614,-2.3605131358648053,-2.4966811527992694,-2.0,-2.0,-2.0,-2.0,-2.0,-2.0,-3.648643658607674,-3.8458342600754545,-2.0,-2.0,-2.0,-2.0,-4.981078028157259,-2.0,-2.0,-5.799588033792325,-2.0,-2.0,-2.0,-7.083651735166258,-7.443564307155473,-7.82052639321817,-2.0,-8.62886792948086,-2.0,-2.0,-9.990724735574497
0.19227357351427748,0.04583625135744425,0.056976401037402126,0.06833918830624398,0.07984728999216774,0.09158670811938474,0.10353984680122565,0.11557890583344767,0.12775831146167696,0.1400846610490482,0.1525339712204022,0.16503100063277734,0.1775164402992941,0.1900394474210688,0.2025713754231268,0.21508356389298744,0.22753728864660078,0.23979486416342877,0.2519132586604633,0.26388433909994735,0.2756846693831246,0.2872946574571811,0.2985439343479433,0.30945535180440803,0.32010789501612,0.3305124744963623,0.34041117546339633,0.34989131819817,0.3591565065776765,0.36784466777392694,0.3761207682208599,0.3841594968520936,0.3914729247020873,0.39871535954264103,0.4051772027530809,0.4115844380997102,0.41735477086901623,0.42276260312118846,0.4280724739502374,-2.0,0.4370470268928122,0.4413809838455059,0.4451739678109153,0.4485033917685818,0.4517719380427892,0.4550013792222871,0.45785616151086145,0.46037226386465474,0.4625944508494695,0.46459646150790956,0.4666171779590238,0.4685889615187714,0.4703292977146659,0.47185804975540413,0.47319585927385716,0.4743598655210363,0.47536443502959475,0.476221642660664,0.4769418675491956,0.4775337052465134,0.4780269695688213,0.4785136891162869,0.478975323239791,0.4793207493959985,0.47954808477183636,0.4796620570658981,0.47966649229894176,0.4795647051720434,0.4793592599433079,0.47905220444555935,0.47864471142723297,0.47813823070568773,0.4775330807119909,0.4768294619213582,0.4760269977758559,0.4751253027988496,0.4741234247223505,0.4730202190424122,0.4718133672292452,0.4705020053195462,0.4690841734913791,0.46755574383024284,0.4659150975063236,-2.0,0.4622848545902199,0.46028777610177685,0.4581645804772479,0.45591017326733196,-2.0,-2.0,0.44831724538349654,0.4454914411056206,0.44250899638362684,0.4393640254524332,0.43604884379247094,0.43255746322740196,0.4288825299792872,0.4250152509010333,0.4209483354416623,0.4166730212428884,-2.0,0.4074601185373142,0.4025027670961183,0.39729779925808434,0.3918337127375743,0.3860994736372784,-2.0,-2.0,0.3671475034240099,0.36020202146630653,0.35291870008539905,0.34528180447392565,0.33727504943977776,-2.0,0.3200812311479886,0.31085782339973667,-2.0,0.29105952613502445,-2.0,0.2693157003067843,-2.0,-2.0,-2.0,-2.0,0.2051767520447308,0.1904549202477543,0.17503180164862603,-2.0,0.14194715730018653,0.12421505057173915,0.10563890661950076,-2.0,-2.0,-2.0,-2.0,-2.0,-2.0,-2.0,-2.0,-2.0,-2.0,-2.0,-2.0,-2.0,-2.0,-2.0,-0.34539892378752535,-2.0,-2.0,-2.0,-0.5208372577744349,-0.5700145736228406,-0.6215226523019639,-2.0,-2.0,-0.7911615229903388,-0.8531498262665256,-0.9180755222256943,-0.9860777125803968,-2.0,-1.131901255377341,-1.2100350324236633,-2.0,-2.0,-1.4673580840957676,-2.0,-1.6598677496123206,-1.763015767616861,-1.8710505438360352,-2.0,-2.1027172304985298,-2.0,-2.0,-2.0,-2.635640768132375,-2.0,-2.941467214940403,-2.0,-2.0,-2.0,-2.0,-3.842174121841584,-2.0,-4.265021689013958,-2.0,-2.0,-2.0,-2.0,-2.0,-2.0,-2.0,-6.408264499284347,-6.736356445014896,-2.0,-7.439903062725864,-7.816865087130445,-2.0,-2.0,-9.058317785902915,-9.51194605136412,-9.987063186718501
0.18679135990207824,0.040748406441616716,0.0516920307559714,0.06289015416295989,0.07435049177933913,0.08593866127126365,0.09772605960871435,0.10972190267012723,0.12188966466920756,0.1341040757333769,0.14645769414809773,0.15892642275085903,0.1714844044854939,0.18404925981612666,0.1965702283913079,0.20908945333060758,0.22157746428219105,0.23400534639733755,0.24634073294547595,0.2584404316843981,0.27034221261119584,0.2820579787074899,0.29356886778986463,0.3048561251685663,0.31571262458802685,0.3262216846071818,0.33646665422845967,0.34641376155722065,0.35574398524839396,0.36480006214349137,0.3735425935519795,0.38159771553341165,0.38955126843401816,0.3967462145429063,0.40386381522154297,0.4102066960373627,0.4165480874681674,0.4221012274897039,0.42754778108451313,0.43266874745952544,0.43711318390383236,0.4415265404476497,0.44572167987653866,0.4493692848276603,0.4526211712602142,0.45590407072994527,0.4590315978297894,0.46177981629135,0.4642015526765117,0.46633806986721354,0.4683094380187132,0.47032747758228904,0.4722242048894569,0.473890459098632,0.4753502015108053,0.4766227313823952,0.47772434778296835,0.4786688421127901,0.4794678226419812,0.48013087123494674,0.4806664521479694,0.48112592533890197,0.4815861987155435,0.4819951706146521,0.48228138132204573,0.4824492550849651,0.4825033211971962,0.4824470506451263,0.4822836816683966,0.4820154630852436,0.4816441983439692,0.48117101762179604,0.4805970027436856,0.4799220452808557,0.47914660377244445,0.4782703818149547,0.4772914374750248,0.4762103131126466,0.4750241061715144,0.47373200585400754,0.47233223220357146,0.4708211227305817,0.4691965824452153,0.4674556352268714,0.4655949048452667,0.4636111808268888,0.4615001703711675,0.45925832240170017,0.4568797888508699,-2.0,0.45169617998756456,0.4488801595064336,0.4459066339350174,0.4427698970951441,0.4394632292297728,0.43597909096781706,0.43231113058485426,0.4284507348419717,0.42439071489737434,0.4201211422555724,0.4156341557516271,0.41091930081922096,0.40596713979813404,-2.0,0.39530806553617126,-2.0,0.38356491087702715,0.37725652338020965,-2.0,-2.0,-2.0,0.3487827881278517,0.34077906471807445,-2.0,-2.0,0.314370669087393,-2.0,0.29457723105552863,0.28396227334199975,-2.0,-2.0,-2.0,0.23616795325871526,0.2227582812552823,0.20870839132390823,0.1939884891174259,0.1785670012471336,0.16241074108344322,0.14548562560416795,0.12775430365036228,0.10918002720312664,-2.0,0.06933926768422116,-2.0,0.0256216020375169,0.0021932862698536004,-2.0,-2.0,-0.07497926178658088,-2.0,-2.0,-0.16366880682505025,-2.0,-0.23002907598896993,-0.26558786391740097,-2.0,-2.0,-2.0,-2.0,-2.0,-2.0,-2.0,-2.0,-2.0,-2.0,-0.7876021000598612,-0.8495900103701284,-0.9145153507094679,-2.0,-2.0,-1.1283400848966703,-2.0,-2.0,-1.3740219217001424,-1.4637957826660317,-1.5578228308692763,-2.0,-2.0,-2.0,-2.0,-2.0,-2.0,-2.0,-2.0,-2.0,-2.7814512708727444,-2.0,-2.0,-3.2733909941771957,-2.0,-2.0,-2.0,-2.0,-2.0,-4.4880190655884045,-2.0,-4.973851536532451,-5.234161963630365,-2.0,-5.792361029484203,-6.091445590585014,-6.40469823937277,-6.73279011267971,-2.0,-7.436336594822718,-7.813298558126124,-2.0,-2.0,-2.0,-9.5083792931754,-2.0
0.18146545828606472,0.03562061590389355,0.0464686686932897,0.05753398710913664,0.06878900921743662,0.08030249422006261,0.09201857205835366,0.10385262839228597,0.11588965783238908,0.12810891392610332,0.1404388676493847,0.15281789077239938,0.1653039980575753,0.1778704540943662,0.19048981178770572,0.20308648231089396,0.2155902372266045,0.2280510712403123,0.24043917081421917,0.2527260624771133,0.2648845666590322,0.2767738518565974,0.28840058185462586,0.2998059614675222,0.31097822016766846,0.3218876031014744,0.3322933387340444,0.3423700122616038,0.35219781110373183,0.36154550222507037,0.37038293287919916,0.3790476383165391,0.38701076621996944,0.39475267963772975,0.40194957718278135,0.40883517299256006,0.41515922422248647,0.42134380129402066,0.4267615646288405,0.43221046116954936,0.4371121817198789,0.4414710153689781,0.4458896543696859,0.4499170264172738,0.45342290353102527,0.45663456545706893,0.4599140439902087,0.46292221356677715,0.4655651785746536,0.4678927766946017,0.4699448979265637,0.4719053715826177,0.47390399376038417,0.47572071873906496,0.47731289817663863,0.47870294979842637,0.47990952106637524,0.4809477176518092,0.48183108382511125,0.48257056891242844,0.4831752376005659,0.4836540254782271,0.48408507819826097,-2.0,0.4848644402229471,0.48508947972710664,0.4851961201886067,0.4851879727025,0.4850689858438643,0.484841716685489,0.48450837105796085,0.4840704189362637,0.4835288912940244,0.48288436353355524,0.48213722843633045,0.4812869094733408,0.4803329092275316,0.47927464804615194,0.47811018832807833,0.4768377996516411,0.4754562009632617,0.473962979902481,0.47235505480560297,0.4706297703212029,0.468783963032212,0.4668140190641341,0.4647163709459398,-2.0,-2.0,0.45761194714547593,0.4549575072815936,0.4521508603432283,0.4491867347872721,0.4460587303456824,0.44275995580840727,0.4392841466429309,0.43562346418929576,0.43177012273830584,0.42771629420063795,0.42345328736529486,0.41897210089622183,0.41426333609082383,0.40931629056355734,0.4041215216827762,0.39866689271188227,0.3929415087591807,0.38693290974884753,-2.0,0.3740143223397818,-2.0,-2.0,-2.0,0.3441695782783863,-2.0,-2.0,0.3177695139123843,-2.0,0.2979812530665094,0.2873685087977177,-2.0,-2.0,0.2523796099107731,-2.0,0.22617517104097007,-2.0,0.19740885500645217,0.1819892188711693,0.16583465047699986,-2.0,0.13118072304908418,0.11260769109340502,-2.0,0.07276922906626437,0.051418876679779346,0.029054068883323902,0.005626892838174413,-2.0,-0.044617702357722555,-2.0,-2.0,-2.0,-2.0,-2.0,-2.0,-2.0,-2.0,-2.0,-2.0,-2.0,-2.0,-0.5138353513051015,-2.0,-2.0,-2.0,-2.0,-2.0,-0.8461426478825177,-2.0,-0.9790690857682478,-2.0,-2.0,-2.0,-1.2848596744800402,-2.0,-2.0,-2.0,-1.6528545221849564,-2.0,-2.0,-1.9771889825606035,-2.0,-2.2198301236302505,-2.349838534143329,-2.0,-2.0,-2.0,-2.0,-2.0,-2.0,-2.0,-2.0,-2.0,-2.0,-2.0,-2.0,-2.0,-2.0,-5.2307082928185125,-2.0,-2.0,-6.087991657218005,-2.0,-6.729335982175488,-2.0,-7.43288236996357,-2.0,-8.204663332396219,-2.0,-2.0,-2.0,-9.980041818752794
0.17629141180959476,0.030629024907040652,0.04126672712494018,0.0521755456045782,0.06336469523748502,0.0746780763705,0.08624373523548941,0.09804757441091112,0.10997212316777236,0.1220491339382529,0.13430196348268342,0.14670763963853248,0.15917205980725324,0.17167384902004493,0.1842469010680352,0.19686294070503213,0.20949322607942983,0.22207947097777797,0.2345133149273876,0.24685873912686712,0.25908945688136337,0.2711779374151726,0.28310130530452843,0.29472349422745564,0.3060190146637012,0.3170639464807347,0.32785667846099853,0.33832123670457986,0.34823829105575993,0.3578722642149992,0.3672375193053514,0.37592161172975797,0.3843695942837519,0.39237551267145937,0.3998399441127796,0.4070876031245567,0.41367763518260825,0.42005081830835445,-2.0,0.4313537051012786,0.4367293636594305,0.4414210306958626,0.4457531722278114,0.4501208597421135,0.453985752889952,0.45735391204256454,0.4605634024935359,0.46380155955127467,0.4666924405349539,0.4692318405159646,0.4714665643940055,0.4734466060636346,0.4754047119894084,0.47736189546983027,0.4790987939286182,0.4806166034063327,0.4819365577887317,0.4830761980770924,0.48405051570460356,0.48487176578745794,0.4855504993364227,0.4860956158693315,0.4865228276580007,0.48692550056760825,0.4873176981175987,0.487603694171505,0.4877656445855211,0.4878087641588843,0.48773679993409264,0.48755276188856983,0.4872593218211958,0.4868583224656642,0.4863511945242171,0.48573837320273827,0.4850209179259596,0.48419799469069796,0.48326979493779665,0.48223552376885415,0.4810933122667245,0.47984227818813996,0.4784807833918321,0.47700546108514136,0.47541488617584,0.47370602506204784,0.4718754690091344,0.46991992357923573,0.4678356876710073,0.4656184152999323,0.46326392259425886,0.4607672399668131,0.4581236473994302,0.4553273441025954,0.45237275316983927,0.4492536374505615,0.4459634750945413,0.44249554360630683,0.43884270583954044,0.43499651857820965,0.4309498779062374,0.4266932417845166,0.4222182007624117,0.417515033913092,0.4125738800651052,0.4073841448996551,0.40193477463686056,-2.0,-2.0,0.3839098177981344,0.37729964300794616,-2.0,0.36309329515231425,0.35546630504972365,0.3474689624106618,0.3390839847994077,0.3302934321732274,-2.0,-2.0,0.3012956084089565,0.29068550723830233,-2.0,0.267913404285345,0.25570374825694336,0.24290855346660972,0.2295026009618505,-2.0,-2.0,-2.0,-2.0,-2.0,-2.0,-2.0,0.09649099120288396,-2.0,0.054761495978840335,0.03239780028847489,0.008971715905410016,-0.015566977952067629,-0.041270848754010214,-0.06819484448196789,-2.0,-2.0,-0.15687941979590847,-2.0,-2.0,-0.25879407031580226,-2.0,-2.0,-2.0,-0.4187033679175738,-0.46352877499757705,-2.0,-0.5596548894431976,-2.0,-0.6651093968464481,-2.0,-2.0,-2.0,-2.0,-0.9757093180573169,-2.0,-1.1215305570163556,-2.0,-1.2814985896677524,-2.0,-1.456984183525102,-1.5510108552560968,-2.0,-2.0,-1.860673742827313,-1.973826108875933,-2.0,-2.2164668374143917,-2.3464750559303753,-2.0,-2.0,-2.0,-2.0,-2.0,-2.0,-2.0,-2.0,-2.0,-2.0,-4.254637760392551,-4.481200470527483,-2.0,-2.0,-5.227342781257808,-5.499984389269526,-5.785541484570207,-2.0,-2.0,-2.0,-2.0,-7.429516302203505,-7.806478132219665,-2.0,-8.614819200382964,-2.0,-9.501558410451029,-9.976675393186055
0.17126489069246048,0.02561461576090816,0.03614235904774097,0.0469026899208574,0.057871399196508674,0.06912283572054176,0.08055960441677092,0.09217634809925733,0.1040264090586887,0.11608313684592905,0.128202204105093,0.14048707756124973,0.15291740471975504,0.165468195252989,0.17803724667828716,0.19061488286418612,0.20322526579060382,0.215838964564492,0.22842632466313023,0.24094666609388124,0.2532642240829191,0.26543486864255394,0.27744882488428696,0.28928179481824007,0.3009152718009889,0.3122069058167359,0.3231194249886677,0.33376120071833415,0.3441463411955987,0.35406953090369303,0.3635027434574066,0.37271242896608336,0.3814126628603426,0.38960785913660334,0.3976221140287146,0.4048661471260469,0.4120629887372554,0.4184501185829504,0.4248223306150636,0.43048489379106786,0.4358719694382583,0.44109869819426856,0.4455980784524434,0.44995299289810553,0.45421291014459025,0.4579203263685645,0.4611762352494058,0.46439981659909996,0.4675581599844879,0.4703338835901202,0.47277108910910914,0.4749137722292961,0.4768432206073093,0.4787990538318242,0.4806920124137058,0.4823490945116325,0.48379207378877337,0.4850412843817944,0.48611366445965404,0.48702261248628376,0.4877806600365894,0.48839758277837253,0.48888180096930456,0.48926405861170635,0.4896373800785268,0.48998059208925243,0.4902018332823552,0.49029906812333535,0.49027677384577145,0.49013851909960865,0.48988727434106116,0.48952523341136456,0.4890542371062781,0.48847506495453963,0.48778827845060946,0.4869944812277313,0.48609328207090874,0.48508391417463514,0.48396525816807595,0.4827362305804197,0.48139488511488704,0.47993938791637886,0.47836662593498275,0.47667464697149287,0.4748600020470756,0.4729195165753447,0.4708492736349193,0.46864533916293183,0.4663032754422378,0.46381842731137846,0.46118589239925684,0.45840005282265855,0.45545557876584386,0.45234564855088105,0.4490644509219495,0.44560502706341265,0.44195989756062715,0.4381214132978988,0.4340817789514524,0.429832032235241,0.42536328717053173,0.4206661797811258,0.41573094150907763,-2.0,0.40510252973430194,-2.0,-2.0,0.3870912877093755,0.38048571046543844,0.3735557996417719,0.36628671673849167,0.35866363102878773,0.35066979243213997,0.3422879968050986,0.33350059611959426,-2.0,-2.0,-2.0,0.2939034698151102,-2.0,0.27113624836185163,0.2589280528528936,-2.0,0.2327318604865677,0.21868780574228236,-2.0,-2.0,-2.0,-2.0,0.13775737643504354,-2.0,-2.0,0.07935410372496488,0.0580060888862321,-2.0,0.012218643604984925,-0.012318939637819382,-2.0,-2.0,-0.09314608191384743,-2.0,-2.0,-0.18603590285794747,-2.0,-2.0,-2.0,-2.0,-0.3726498543214425,-0.4154455821802484,-0.46027061514912726,-0.5072203722040335,-0.5563956479736512,-2.0,-2.0,-0.7183533499601135,-2.0,-2.0,-2.0,-2.0,-2.0,-2.0,-2.0,-2.0,-2.0,-2.0,-2.0,-2.0,-1.7493745918463675,-2.0,-2.0,-2.089073434113316,-2.0,-2.343208916701559,-2.0,-2.0,-2.0,-2.0,-2.0,-3.2633067103764812,-2.0,-3.63133333314118,-2.0,-2.0,-2.0,-2.0,-4.715227898961034,-4.963764403705416,-2.0,-2.0,-2.0,-2.0,-2.0,-6.7227014380811685,-2.0,-7.426247496839357,-7.803209260034215,-2.0,-2.0,-2.0,-9.498289293899736,-9.973406217944808
0.16638168860761288,0.020726844335719346,0.031053651954672305,0.041644283714312544,0.05253127625263902,0.06355916062709044,0.07486626094426878,0.08643312483863154,0.09810322244339062,0.10999824617957671,0.12210201588074655,0.13435171801760673,0.14666710886850853,0.15912033823002755,0.17168560085160162,0.1843360227756819,0.19697699712375905,0.20957945013015644,0.2221739423533781,0.2347300014141545,0.2472178050394489,0.2596075208730601,0.271765439086196,0.2837005830887395,0.29543884872362575,0.30696084545982827,0.3182544755698976,0.3291466317109067,0.3396317204384757,0.34984005377651206,0.3597757792615186,0.3690905487931266,0.3780726428552715,0.38679886001514024,0.39479144583643105,0.40267160171228866,0.4098320078969986,0.4168583781211975,0.42315509231907406,0.42942503623564576,0.43488669307681094,0.44031126370468143,0.44531863344895517,0.4496856645241621,0.45406835952858693,0.4581652979077246,0.4617197532520404,0.4649045797568644,0.4681419174556161,0.4711824302240942,0.4738449920412621,0.47618119029849354,0.4782326616963944,0.48013359762809865,0.48208327410907714,0.48389231323248605,0.4854693219222346,0.48683717691907535,0.48801501413870546,0.48901878999455284,0.48986190038994926,0.49055557416526296,0.49110927376497093,-2.0,0.4918754894541005,0.4922179021684448,0.49250168202769806,0.4926564331936595,0.49268669740760823,0.4925972147835314,0.4923904180074623,0.4920691286934036,0.4916359442341582,0.49109191146049413,0.4904379808967242,-2.0,-2.0,0.48781870064539323,-2.0,0.48551851899143394,0.48419839863400305,0.4827626433081214,0.4812090058965805,0.4795350859589381,0.47773659516086536,0.4758115905612006,0.47375605656586256,0.4715661975835075,0.46923679997202805,0.4667642485311402,0.4641431983090803,0.4613684776150729,0.4584341107006703,0.45533392084150454,0.4520620734666067,0.44861111994396363,0.44497413066507574,0.4411435858546098,0.43711106585609916,-2.0,0.4284063613598167,0.4237155723313922,-2.0,0.41360760956342085,-2.0,-2.0,-2.0,0.39017211625900616,-2.0,0.37664491556091184,-2.0,0.3617605180726523,0.35377035113452787,-2.0,-2.0,-2.0,-2.0,0.3076271988472215,0.29702190244512616,0.2859073785670485,-2.0,-2.0,0.24926353023896292,-2.0,0.22181960102056303,-2.0,-2.0,0.17554218868890947,0.15862314378273684,0.14089782955768698,0.12232883914764242,0.10287657217855584,0.08249859793819658,-2.0,0.03879068587881013,0.015366881947655897,-0.00916963544589311,-2.0,-2.0,-2.0,-2.0,-0.15047262068944978,-0.18288093212049883,-2.0,-2.0,-2.0,-2.0,-2.0,-2.0,-0.457110811183176,-2.0,-2.0,-2.0,-0.6586872400892427,-2.0,-2.0,-0.8363588129522819,-2.0,-2.0,-2.0,-2.0,-2.0,-1.2750694346583062,-2.0,-1.4505538338004473,-2.0,-1.6430609047289224,-2.0,-1.8542413120393977,-1.9673932146999245,-2.0,-2.210033081208024,-2.0,-2.4762078192077634,-2.0,-2.0,-2.0,-2.0,-2.0,-2.0,-2.0,-3.825353837620043,-2.0,-4.248200222874586,-2.0,-2.0,-4.960594335364016,-2.0,-2.0,-2.0,-2.0,-2.0,-6.719530827158462,-2.0,-2.0,-7.8000384283117485,-2.0,-2.0,-9.041490230059162,-2.0,-9.970235084604145
0.1616377191611948,0.01585327460851797,0.026035873416815573,0.03648599307130819,0.04713880826861015,0.05809583948930342,0.06924301545323928,0.08060492741424254,0.09222761289755566,0.10402896249733526,0.11596786361862392,0.12810955997079998,0.14043219760197564,0.15284724470287808,0.16532193892619648,0.1779000185933565,0.19055386458375675,0.20325500795040255,0.21593176525645458,0.2285047187081998,0.24102689281088482,0.2534675798761846,0.26579745175307806,0.2779897484451887,0.2899408499107354,0.30158075272017454,0.31298677322960117,0.32414685436406576,0.3350543473284465,0.34547739979757414,0.3555039453780276,0.36526840589166665,0.37463967165015755,0.383393091089023,0.39198067752586463,0.39993113288070775,0.407547983426125,0.4147485396032639,0.4214893906332112,0.4278041702373509,0.4338731794388319,0.4392246631502967,0.4446217741509609,0.44940183518423515,0.4537015984436011,0.45806820327269926,0.4619900079419779,0.4653964936769473,0.46855216408295486,0.47177239251502123,0.4746869068619186,0.4772382140227951,0.47947488282847006,0.4814375404303727,0.483330587965835,0.48525239791877467,0.48697560665162315,0.48847238792387226,0.4897646805897831,0.49087053862858543,0.49180516353378967,0.49258117829658166,0.4932092695598189,0.49369848024103685,-2.0,0.49437028836866664,0.4946778992996351,0.49489356375979665,0.49497976734123045,0.494941169959274,0.4947814785518738,0.4945039205766797,0.49411089235291245,0.49360385466589773,0.4929844671483967,0.49225268562187613,0.49140924995899105,0.49045382599392373,0.4893853465771399,0.4882031654560711,0.48690568444467996,0.48549102999337573,0.48395747005499484,0.4823010263006331,0.48052029036017313,0.4786115892551429,0.47657135941842216,-2.0,0.4720798627308894,0.46962017002702416,0.4670110095227637,0.46424758926342774,0.4613237047935279,0.45823410375205403,0.45497137629751033,0.45152948878069865,0.447901369401016,-2.0,0.44005372360547357,0.4358182272188994,0.43136307122969053,0.4266788099355359,0.42175551345229223,-2.0,-2.0,-2.0,0.39945467918971955,-2.0,0.38657087071948215,0.37964961914709494,0.3723885762402108,0.3647729756258675,0.3567863012515336,0.348411556095346,0.3396305647351572,0.3304248366058796,-2.0,0.31065896866498816,0.30005658890060305,0.2889447000584192,0.2772994654265534,0.2650958191835308,-2.0,-2.0,0.2248681450718772,-2.0,0.19474414959338443,0.1785962420697127,-2.0,-2.0,-2.0,-2.0,0.08556046218386948,-2.0,0.04185485071898826,-2.0,-2.0,-0.03180383942834153,-0.058724953338638364,-0.08692412154199136,-0.11646177196264929,-0.1474011718078735,-0.17980863538167158,-2.0,-2.0,-0.28655019539924476,-2.0,-2.0,-2.0,-2.0,-0.5009821319644092,-2.0,-2.0,-2.0,-2.0,-2.0,-2.0,-0.89820093608943,-2.0,-2.0,-2.0,-2.0,-2.0,-1.357697659040355,-2.0,-1.541495905400089,-2.0,-2.0,-2.0,-2.0,-2.0828205232090933,-2.0,-2.3369551574379517,-2.4731218838284708,-2.615739471752519,-2.0,-2.0,-2.0,-2.0,-2.0,-3.6250768681787147,-3.8222665861839493,-4.0287977039593486,-4.2451127150001655,-2.0,-4.7089701895059655,-4.957506484813626,-2.0,-5.490457742261274,-5.776014563814663,-6.075098692004119,-6.388350930583388,-2.0,-2.0,-7.419988166815874,-2.0,-2.0,-8.605290463610107,-2.0,-2.0,-2.0
0.1570290124729377,0.011076474887940125,0.02108952661763189,0.031336600873506856,0.041907864574904266,0.05262826274674929,0.06364398152373997,0.07492521517857022,0.08634095658713056,0.09801307808349269,0.10992400035045637,0.1219371796839341,0.13411544958078464,0.14646772774614095,0.1589700141362907,0.17152354590045132,0.18411260675498053,0.19676783703639739,0.209459901258051,0.22215905500716893,0.2348207954897683,0.24731740925905943,0.25970781913063345,0.27197306296080914,0.28408528128054056,0.2960204878068392,0.3077003059922785,0.31899231256965455,0.33001330102086157,0.34076836001401045,0.35123731403705394,0.3611350612698478,0.3706907270971251,0.38001024880570117,0.388670396925026,0.3970001731350472,0.40501227438697085,0.4123427520355796,0.4195624537902291,0.42602130193404397,0.43238006816851504,0.43816142999188257,0.4434934480149859,0.4487790237216392,0.45334235037453086,0.45763933286958186,0.461927588963976,0.4656806298869275,0.46894762714542654,0.47211151118866007,0.4752721993045685,0.4780633439239404,0.4805053710415867,0.482643371227835,0.484536268786133,0.4864259093835881,0.4882949850836357,0.4899322647739055,0.4913487160590831,0.4925650699332236,0.49359815995187006,0.49446256003761646,0.4951705414052978,0.4957316980908341,0.49615505080123695,-2.0,0.49673841314837086,0.497000013369964,-2.0,0.49716113071521223,0.49705131351967835,0.4968195676816678,0.4964687967465035,0.49600106346843975,0.495417439943138,0.49471915094199387,0.49390672205070585,0.4929801182038195,0.4919388123579745,0.490781774869989,0.489507645163876,0.4881148900676185,0.4866014191554113,0.48496464670407013,0.4832019762852979,0.4813100509067485,0.47928566211033036,0.47712507049348707,0.47482329210523766,0.4723770693820656,0.4697804212619175,0.4670284583642737,0.46411562382817817,-2.0,0.4577837090369656,0.4543513089662937,0.4507315366856476,0.4469173204364998,0.44290061538646486,-2.0,0.43422436162973954,0.42954701448566907,0.4246300169032501,0.41946358116880716,0.4140355767101186,0.40833582426331566,0.40235122654209765,0.39606951329972073,0.38947732733623674,0.3825601428549358,-2.0,0.36769191578445726,0.3597089772572249,0.3513377474359639,-2.0,0.33335776836370223,0.3237105534582973,0.31359819301444675,0.3029988416163365,-2.0,-2.0,0.26804529344545275,-2.0,-2.0,-2.0,0.21311508406266538,-2.0,0.18155811940144995,-2.0,0.14692011653329246,-2.0,-2.0,0.08852976176069383,-2.0,-2.0,-2.0,-0.003128530903027227,-2.0,-2.0,-2.0,-2.0,-2.0,-2.0,-2.0,-0.24632646873810815,-0.283567205617675,-2.0,-2.0,-2.0,-0.45104779562586417,-0.49799581551184113,-2.0,-2.0,-2.0,-0.7091225200458839,-2.0,-0.8302885442992056,-2.0,-2.0,-2.0,-2.0,-2.0,-2.0,-2.0,-1.4444777048649002,-1.538503227228887,-2.0,-2.0,-2.0,-2.0,-2.0,-2.2039533438980143,-2.0,-2.470127256844007,-2.612744645901757,-2.0,-2.0,-2.0,-2.0,-3.433810396421264,-3.6220810400541286,-2.0,-2.0,-4.242116473500982,-2.0,-2.0,-2.0,-5.21481972538751,-2.0,-5.773017658826419,-2.0,-6.385353844429551,-6.71344524196325,-2.0,-2.0,-2.0,-8.1887711079356,-8.602292916213942,-2.0,-9.489031643332442,-2.0
0.15255171185405977,0.006368807346235583,0.016184676570366544,0.02632146738724168,0.03663235134017849,0.047266339241759305,0.05811606439001214,0.06918963011735975,0.08054864705218048,0.09207795779763625,0.10379848408002994,0.11575250249953704,0.1279084059831748,0.14012354546328792,0.15250408683288966,0.165026705792053,0.1776653595715327,0.1903276663125806,0.2029822824561512,0.2156630731878519,0.2283394201332051,0.24098076718735026,0.2535566787176486,0.2659434465724903,0.27814060183677153,0.29016927974078904,0.30200452222567425,0.31362687063826644,0.3249686418092622,0.3358594685045813,0.3464511765892883,0.3567707587342086,0.3667260645233007,0.3760792325054484,0.38518193774533993,0.39390348817798565,0.4019697663957497,0.4099227499363141,0.41708695889133696,0.4241951862862429,0.43049570705940493,0.4368039929550978,0.4423242913717665,0.44769760657691926,0.4527907028025578,0.45717750574665095,0.46150494716630636,0.46565270357243543,0.46924231241537595,0.4724093491138488,0.4755887146741563,0.47864711523779147,0.4813173683915434,0.48365150445147753,0.48569222569971054,0.4875392217902151,0.4894256208124203,0.4912163896781736,0.4927679532551586,0.49410373038237543,0.49524332377583646,0.4962029809363224,0.49699636156655624,0.4976347638608258,0.4981279050318093,0.49848380804607356,0.49873931539013727,0.4989848643017184,0.49918898153502617,0.4992622650494902,0.4992051756458885,0.4990218790760981,0.49871577155472707,0.4982890786864741,0.49774345641394335,0.4970803850607078,0.4963008805745952,0.495404511263001,0.49439128259093384,0.4932605234884494,0.4920113199400049,0.4906412935291548,0.48914909793671074,0.4875324365525765,0.48578849601638824,-2.0,0.4819062916602556,0.4797612237428106,0.47747455056223387,0.47504133536660564,0.47245764081489977,0.46971804223348784,0.4668170465328835,0.46374841539896144,0.46050612546572195,0.45708326189196957,0.4534728113883726,-2.0,-2.0,0.44143866933176845,0.4369975888471932,-2.0,-2.0,0.4222562974529835,0.4168349950680236,0.41114028570405076,0.40516137522651585,-2.0,0.392297219447713,0.38538459891802923,0.3781321378175302,0.3705249822106661,0.3625459150088037,0.35417864019317247,0.3454044530746908,-2.0,-2.0,-2.0,0.3058550060612705,0.2947483658819271,-2.0,0.2709096124095091,0.2581263273164231,-2.0,-2.0,-2.0,0.20057938141739523,0.18443505870495136,0.16752079267011272,0.1498005871008236,0.13123660122662634,0.11178858275561532,0.09141484149600887,0.07007226019718066,0.047714860235619494,0.024294746920421106,-0.00023813800571281796,-0.02593669452677716,-2.0,-0.08105274057533218,-2.0,-2.0,-0.17393157238133894,-2.0,-0.24342834307370032,-0.28066819672246146,-2.0,-0.3605303924528551,-2.0,-0.44814609790391025,-2.0,-2.0,-2.0,-2.0,-2.0,-2.0,-2.0,-0.8923054773567659,-2.0,-1.031525996567466,-2.0,-1.1842534271045921,-2.0,-1.3517972520454644,-2.0,-1.5355943395549825,-1.6340744375201823,-2.0,-2.0,-2.0,-2.0,-2.0,-2.0,-2.0,-2.0,-2.759207162565905,-2.0,-2.0,-3.251143412415405,-2.0,-3.6191688984684562,-3.8163583252406164,-2.0,-2.0,-4.465766023603482,-4.703060904694917,-2.0,-2.0,-5.484547794550389,-5.770104415826821,-6.069188359496525,-2.0,-6.710531721841177,-2.0,-2.0,-2.0,-8.185857278421464,-8.599379016473758,-2.0,-9.48611761220278,-2.0
0.14820207057988583,0.0017079645690875449,0.0114062820665678,0.021287549314905296,0.031509725082105824,0.04192591411495223,0.05262092172204773,0.06360502172941317,0.07473557730914562,0.0861478288144849,0.09781733980400249,0.10958664281522625,0.12158256257001994,0.13378578566875862,0.14613667690800802,0.15854402586163652,0.171085357828257,0.18373389059448364,0.1964616625607297,0.20919987775032423,0.221867138892213,0.23451820218949954,0.24712166705391145,0.25964653799137594,0.2720637150547491,0.28429865413437566,0.29624379480374874,0.30797485483291137,0.3194754770761153,0.33073358967447597,0.3416740698443447,0.35211004298144505,0.36224094829128445,0.3721129924358593,0.38143520132781966,0.39029466047322015,0.3989617921559867,0.40689517374252304,0.4146354501851493,0.421781247692395,0.4286493783629791,0.4349130853194907,0.44106195081721555,0.44641960159172195,0.4518063528596493,0.45665747388042016,0.46093893849750744,0.4652798838255303,0.4692434374149957,0.4726751099835376,0.47578761982120094,0.47897033771051617,0.4818959721729446,0.4844476837587494,0.4866756160162342,0.488619812910483,0.4904453197112874,0.4923159585901318,0.49401485170786114,0.49548050792365705,0.4967352790180012,0.4977975870572966,0.4986829435879643,0.49940406373691765,0.4999718861725782,0.5003954647062122,0.500682337193339,0.5008975745832195,-2.0,0.5012417395438632,0.5012406447997311,0.5011086508900615,0.5008495407502045,0.5004661180082697,0.49996074191421436,0.49933496040498476,0.498589619001671,0.4977251590397628,0.4967415533316644,0.49563840247594504,0.4944146538478724,0.4930686105189233,0.49159887018812526,0.4900034376492096,0.48827875061712994,0.4864230644764005,0.4844324384141679,0.4823031091697596,0.48003167715448225,0.4776129196893889,0.47504279043892456,0.47231592757836044,0.4694267379523115,0.4663694066871364,0.4631381708891786,0.4597251197408764,0.45612411721055246,-2.0,0.4483272749006154,0.44411529205833045,-2.0,0.4350188382297014,0.43011503711889565,-2.0,0.41954548173664385,0.4138569849442794,0.40788363901014213,0.4016120407496686,0.3950296201166633,0.38812180815702757,0.3808740276760829,-2.0,0.36529565753590637,0.35693199087517347,-2.0,0.3389665125878042,0.32932532598493974,0.3192191221203072,0.30862524973538275,0.29752158501073245,-2.0,0.2736881775447138,-2.0,-2.0,0.23348052483215403,-2.0,-2.0,-2.0,0.17031429611994647,0.15259571839179958,-2.0,0.1145869232774901,0.09421472232354311,0.07287357790484,0.05051754802595526,-2.0,0.0025669847473083207,-2.0,-0.05004774022625902,-2.0,-0.10777875958830085,-0.13871531168834883,-0.171120040968746,-2.0,-0.24061502060416173,-2.0,-2.0,-2.0,-2.0,-2.0,-0.492275811046172,-2.0,-2.0,-2.0,-2.0,-2.0,-0.8245620886370004,-2.0,-2.0,-2.0,-2.0,-1.1814303874364356,-2.0,-2.0,-2.0,-2.0,-1.6312497294259467,-2.0,-1.842427971468416,-2.0,-2.0,-2.19821684822206,-2.0,-2.0,-2.0,-2.756380278615083,-2.0,-2.0,-2.0,-3.4280708070091963,-2.0,-3.813530422014735,-2.0,-2.0,-2.0,-2.0,-2.0,-2.0,-5.481719011997626,-2.0,-2.0,-2.0,-6.707702551240535,-2.0,-7.411247812687463,-7.788209205040559,-2.0,-8.596549450795397,-2.0,-9.483287901726246,-9.958404547859871
0.143976448754488,-0.002813475363337414,0.006619936214198822,0.01640541252592621,0.026388260761222818,0.03667390385775638,0.047220559255729,0.05797586330833666,0.06903868374995817,0.08028531709884013,0.09174988421966897,0.1034758469543642,0.1153812301524293,0.12741795921697954,0.1396556184155862,0.1520712051082425,0.16459146126719115,0.1771500538719737,0.189806765007226,0.2025328555394617,0.21529878017552612,0.2280641727076257,0.24069996228190657,0.2532627879697466,0.26573333458315757,0.278081346252366,0.29027904964433465,0.30228473102191183,0.31393684441913505,0.32531131384439244,0.33642445226939705,0.34727479326990873,0.35774648267531495,0.3676857488804529,0.37734274813463187,0.3867055752915914,0.39537350452020464,0.40381328061375293,0.4117821307961098,0.41921644035930655,0.42642047155645574,0.4329628562815247,0.4392794254710512,0.4451626125326873,0.45045554997596854,0.45576661694738474,0.46038639327098757,0.46463273669364885,0.4689222631923805,0.4727061580108669,0.47598502640553897,0.4790885609657888,0.4822301831866088,0.485024647008951,0.487460062632375,0.48958313056584296,0.49143995594668927,0.49326045667535945,0.4950886168399998,0.49669564302723057,0.49807536629973126,0.49924866903942566,0.5002330298978228,0.5010431157170452,0.5016909235276206,0.5021867497789637,0.5025392562565718,0.5027596820984002,0.5029386575273862,0.5031046772193098,0.5031630092434799,0.5030854213067508,0.5028761539870139,0.5025387803865314,0.5020754988637729,0.5014886546244389,0.5007795543068645,0.4999485183137762,0.49899603904002293,0.4979218917316023,0.49672477826015116,0.4954038841029374,0.4939579844407664,0.49238402975154005,0.4906799276597377,0.4888431656857749,0.48687060661491827,0.4847583575930413,0.48250244532820963,0.48009891449197095,0.4775428927842164,0.47482912613110034,0.47195222720145347,0.4689067897354445,0.4656859815398487,-2.0,-2.0,0.4549053662551381,0.4509139376406418,0.4467104555072494,0.44228483127126506,0.4376288772377382,-2.0,0.4275853384922296,0.42217590677333616,0.41649368083623634,-2.0,0.4042598748680858,0.3976822064685607,0.39077937124531137,0.3835361135678439,0.3759372858562895,-2.0,-2.0,-2.0,0.3416481344966039,-2.0,0.3219077038067352,-2.0,0.300216354309945,-2.0,0.276388383151636,-2.0,-2.0,-2.0,0.22148550382864202,0.2060806165316958,-2.0,0.1730299017306582,0.15531309217787886,0.1367522307591486,0.11730741554751578,-2.0,0.07559733121207829,0.05324293367759131,-2.0,-2.0,-2.0,-0.047317895900535034,-0.07551267489983204,-2.0,-0.13598194631619487,-2.0,-0.20232712338178171,-0.23787889636003312,-0.27511719795860157,-0.31412180776630516,-2.0,-0.39776817490981564,-0.44258914047235154,-0.48953521347067586,-2.0,-2.0,-2.0,-2.0,-2.0,-2.0,-0.8867396343373517,-2.0,-2.0,-2.0,-2.0,-2.0,-1.3462267097580505,-2.0,-2.0,-1.6285018738944235,-1.731647258738646,-2.0,-2.0,-2.071341524555105,-2.0,-2.0,-2.0,-2.0,-2.0,-2.0,-2.0,-2.0,-2.0,-2.0,-3.810779277728673,-2.0,-2.0,-2.0,-2.0,-2.0,-2.0,-2.0,-2.0,-2.0,-2.0,-2.0,-7.0485833597303085,-7.408495184549311,-2.0,-8.180275001169964,-2.0,-9.026907250841054,-9.480534910254294,-9.955651487576292
0.13987131026472382,-0.007351437991092102,0.0019772912164593187,0.011529036048249158,0.0213795634797692,0.031489094426566645,0.041837438279025876,0.05251365534637687,0.06333332210170425,0.07445247444212336,0.08584089812201397,0.09735681033923828,0.10912929746407442,0.1211395707400296,0.13326043252713465,0.14553115101947606,0.1579724778367917,0.17055925716809417,0.1832220832809178,0.1958851007859464,0.20860738709125387,0.2213586173039097,0.2341079374070786,0.24682473799253135,0.25940457710063913,0.27181755864902457,0.2840932740982668,0.2962020413872752,0.3081199914364448,0.3198224861090526,0.33113311398226886,0.3420961413201043,0.35277645480133074,0.36318798662994706,0.3731043206888159,0.38253821476284555,0.39173884817985727,0.4004149841161848,0.40857492370929255,0.41655409306012736,0.42374535663006385,0.4308921051824227,0.43721275113614144,0.4435259701059831,0.4491080751889912,0.454426251107302,0.4595725767862163,0.46398199933408235,0.4682521677800268,0.4724232488575633,0.47603381174411347,0.47918570008525413,0.4823040351290386,0.4853588252553807,0.4880249629251317,0.4903458041868706,0.49236539589767275,0.4941602350020373,0.4959758422588843,0.4977339163186174,0.49924947047314305,0.500542957004166,0.5016343025271504,0.5025398581746128,0.5032734703219159,0.5038466672829734,0.5042691913351568,0.504549046450952,0.5047110998261729,0.5048519946320934,0.504961750367174,0.5049418117429791,0.5047854578017936,0.5044965435405255,0.5040778206869351,0.5035321387694035,0.5028608868110029,0.5020653071401248,0.5011452787312076,0.5001012309051491,0.49893241525357834,0.497637912720514,0.4962161123591286,0.49466511409675984,0.4929825892904715,0.4911658285050182,0.4892119989333055,0.48711737268961053,0.48487787741373956,0.4824899052778867,0.4799481702499924,0.4772483798704131,0.4743843419658803,-2.0,0.46814177751898506,0.46475027824489323,0.46116982830417175,0.4573918217241537,0.4534095452254626,0.449214348796499,-2.0,0.44014911226445746,0.4352599894733603,0.43011949991813675,0.4247172362782844,0.41904093648680923,0.41307869996218805,0.40681820017424397,0.4002463906296848,0.39334811926058977,0.38610974489481276,0.37851555975556617,-2.0,-2.0,0.35343079063927285,0.34424241228427255,0.3346086586855272,-2.0,0.3139214076637371,-2.0,0.29119196914012363,0.2790014862576942,-2.0,-2.0,0.23880868239277614,-2.0,0.20870539021312767,0.19256703679979892,0.1756585617486351,-2.0,-2.0,-2.0,0.09957287940968762,0.07823455806570873,-2.0,0.03246531756873894,-2.0,-2.0,-2.0,-2.0,-2.0,-0.13333482102163519,-2.0,-2.0,-2.0,-2.0,-0.31147015862547356,-2.0,-0.3951149966863974,-0.4399352494445087,-0.4868806417222209,-0.5360516623787879,-0.5875539281826512,-2.0,-2.0,-2.0,-2.0,-2.0,-2.0,-2.0,-2.0,-2.0,-2.0,-2.0,-2.0,-2.0,-2.0,-2.0,-1.8370168911139073,-1.9501672391995553,-2.0,-2.1928041953360107,-2.322810656635432,-2.458976290260294,-2.0,-2.7509658378737836,-2.0,-2.0,-2.0,-3.422654889101524,-2.0,-2.0,-2.0,-2.0,-2.0,-4.694814772339823,-4.94335028866844,-2.0,-2.0,-2.0,-6.0609405407626245,-6.374192303524147,-6.702283331708875,-7.045916565834711,-2.0,-2.0,-2.0,-8.591129408552897,-2.0,-2.0,-2.0
0.13588321982112225,-0.011755595589435468,-0.0026308746283517054,0.00676383153153563,0.016438618834933735,0.026353612639224956,0.03659360108416658,0.047004022675001124,0.05774150135088101,0.06869719087915496,0.07987192144705922,0.09133323655015944,0.10297288297597477,0.1147909872367529,0.12684114244114766,0.1391012457606796,0.15141744449158004,0.16388311797466062,0.17648604070244683,0.18919899086355632,0.20197275463442402,0.21469127719305173,0.2274257044468278,0.24014623435268803,0.252821277373847,0.2654199282682899,0.2778923049227752,0.29010602070760116,0.3021233488302886,0.31393180421267247,0.32551217657302095,0.33685016594588923,0.34775774414626337,0.35826261775801915,0.3684779758688943,0.37841066343043933,0.38771028963202664,0.39665949135043227,0.4053570956533563,0.4133021161846491,0.4211240660586804,0.428233835523884,0.43518381359474706,0.4414157253747354,0.4476076328082684,0.4529791966338943,0.4583343773915494,0.46323812738224796,0.46750726695990197,0.4718058438028402,0.4757959638850686,-2.0,0.4823136132517579,0.48544496846246943,0.48836921089695945,0.49090973327509785,0.49311803518273906,0.49503524004241384,-2.0,0.4986012389885177,0.50026506340598,0.5016890975308844,0.5028961677519228,0.5039047486992219,0.5047306889273372,0.5053868269607633,0.5058843153774234,0.5062319151826983,0.5064374072974412,0.5065496866117318,-2.0,0.50669101588728,0.5065904852768592,0.5063528586797944,0.5059814343442721,0.5054791542319619,0.5048479722700466,0.5040892639551644,0.5032036833160326,0.5021917354785427,0.5010522618262923,0.4997852939802278,0.49838905357177693,0.49686191209470953,0.4952018148332335,0.49340609196775753,0.4914716907391186,0.4893953593609245,0.4871731647789824,0.48480114807798935,0.48227475779513734,0.4795891435086674,0.4767388819015086,-2.0,0.4705206759345703,0.4671405072517607,0.4635701165657179,0.459802704482436,0.4558296879942578,-2.0,0.44723473269113956,0.4425946532803953,-2.0,0.43257993031489,-2.0,0.42151406295824395,0.4155582380687034,-2.0,-2.0,0.39584422374716555,0.388611033822587,0.3810214144167008,-2.0,0.3647079053696066,0.3559494479094535,0.34676491130609544,0.337134957261995,0.3270385019097674,-2.0,0.3053597882581639,0.29373117868457693,0.2815430381079825,-2.0,-2.0,-2.0,-2.0,-2.0,-2.0,0.1782164872935818,0.16050358144679072,0.1419463028681714,-2.0,-2.0,-2.0,-2.0,0.03503485933056949,-2.0,-2.0,-0.042100607690019665,-2.0,-0.099824548596121,-2.0,-2.0,-2.0,-2.0,-2.0,-0.30888867919395,-0.34974157190846544,-2.0,-0.4373514585321099,-2.0,-0.533466172254754,-2.0,-0.6389111074946217,-2.0,-2.0,-2.0,-2.0,-0.9494897863041639,-1.020709453191876,-2.0,-2.0,-2.0,-2.0,-2.0,-2.0,-1.6232476474692388,-1.7263924075963506,-1.8344240915911838,-1.9475741481802142,-2.0660850040723613,-2.1902105677316333,-2.0,-2.0,-2.0,-2.0,-2.0,-2.0,-3.240305319196807,-2.0,-2.0,-3.8055181772168063,-2.0,-4.228362592276502,-4.454924154176847,-4.692218511424679,-4.940754071357247,-5.201063320254327,-2.0,-5.759260155334861,-2.0,-2.0,-2.0,-2.0,-2.0,-2.0,-2.0,-8.588531919039221,-9.02164243130277,-2.0,-9.950386393916565
0.1320088400831418,-0.01607725982223503,-0.0071544580340459595,0.0020898094220827114,0.011549925010455195,0.021351334175532123,0.03133018267422967,0.041655067947891734,0.052176329465892006,0.06297276947368116,0.07407008922708717,0.08529969227939495,0.09681167899838032,0.108588726146293,0.1204636071765187,0.13255257592983236,0.14484592964809126,0.15731228624865892,0.16980579455110906,0.1824233872689077,0.19514169809762835,0.20793174941940198,0.22076200791932188,0.23350266651879512,0.24619204964892777,0.25882275871745747,0.2713629629393683,0.28378231544811505,0.2960531874762957,0.3080442560789605,0.31973987141719756,0.33118863658273456,0.3423779592433639,0.35330237798912856,0.36373497939262867,0.37374848131577704,0.3834864264274775,0.3928468208947132,0.4015510410527733,0.41007631521470383,0.4179955881877146,0.4255190800750867,0.43268294137980595,0.4393081932733869,0.4455721650142384,0.4515283585679002,0.45679442412465415,0.4621053643655976,0.4667645829372816,0.4709694033837605,0.47524032073488287,0.4790406593166304,0.4823228675457679,0.4853678420165719,0.48847467154037566,0.49126017258502547,0.4936776628199027,0.4957751768001687,0.4975934589734014,0.4993406084438329,0.5011137069893594,0.5026800193646459,0.5040125087224532,-2.0,0.5060581447257975,0.5068032286733631,0.507380823241245,0.5078010413621334,0.5080721687662355,0.5082026096887154,0.5082724203968324,0.5083300184071453,0.5082892187255497,0.5081057583842222,0.5077843045726762,-2.0,0.5067391365294547,0.506019577166722,0.5051697940083099,0.5041910579451053,0.5030829431383549,0.5018447860355358,0.500475381752773,0.49897325055720954,0.4973365196418555,0.49556249498941285,0.49364860247794723,0.49159133372168495,0.48938724160067404,0.48703194719192167,0.4845213433931031,0.4818509534399817,0.4790145675384462,0.47600648106122295,0.47282167348572496,0.46945316654886204,0.4658938694720216,0.4621369450737447,0.45817356639963336,0.4539965129208898,-2.0,0.4449649049313415,-2.0,-2.0,-2.0,0.42391324934176294,0.4179638571312563,0.4117155394360099,0.4051542176058692,0.3982667765011989,0.3910387537843022,0.38345381151842384,0.37549640072519325,0.36714942699774145,0.3583949076756767,0.34921444950312386,0.3395879086434442,0.32949580258930317,-2.0,-2.0,0.2961977017442495,0.2840124320285236,0.27124220613894107,0.25785980031964906,-2.0,-2.0,-2.0,0.19760728491235258,0.18070295940913333,-2.0,-2.0,-2.0,-2.0,0.0832965255775559,-2.0,-2.0,-2.0,-2.0,-0.03959798193147579,-2.0,-2.0,-0.12825212663901175,-0.16065282263960334,-0.19459130648118972,-2.0,-0.2673759278669271,-2.0,-0.3472300605657097,-2.0,-2.0,-2.0,-2.0,-0.5824530040923246,-2.0,-0.6928947370048966,-2.0,-2.0,-2.0,-2.0,-1.0181904990823902,-2.0,-2.0,-2.0,-1.3384538954604976,-2.0,-1.5222474477881682,-1.6207256929966682,-2.0,-2.0,-2.0,-2.0,-2.0,-2.3176933273523814,-2.0,-2.0,-2.0,-2.0,-3.0661569861860625,-2.0,-3.41753459862894,-2.0,-3.8029928788734177,-2.0,-2.0,-2.0,-4.689692607767501,-2.0,-5.198537153407582,-2.0,-2.0,-2.0,-2.0,-2.0,-2.0,-2.0,-7.777665137393655,-2.0,-2.0,-2.0,-9.472742638394273,-2.0
0.1282449288663947,-0.02036230087927367,-0.011544337639661058,-0.002554322812596643,0.0068072448569283924,0.016337769328734215,0.026224084968505045,0.036311452303014864,0.046697784888498094,0.05735645357052283,0.06821104800963863,0.07937490882944294,0.09073777887792857,0.10229943832652597,0.11412163588313391,0.12614890677517343,0.13827553075233096,0.15059973727152193,0.16309743414349873,0.1757354939810294,0.18837247161839865,0.2010943186549486,0.21387758617259064,0.22669170765786084,0.23950572347827218,0.2522454138249149,0.26482932529982245,0.27730798070861806,0.28965092699353784,0.301828016400187,0.31381565340944867,0.3255357503232822,0.3368556486715928,0.347889113899585,0.35864154870733045,0.36910682638355247,0.37899677046203223,0.38850455553388547,0.3977753120615446,0.4064098333453861,0.41464784035958174,0.4226217212449555,0.42984951286721435,0.4370048415766089,0.4433512451547256,0.44964693212917606,0.45528557112829243,0.46054925367845606,0.46572030608784065,0.4701483535199299,0.47436125349799385,0.4785329143259469,0.48215070483198497,0.4852853740863946,0.48834091080908065,0.4913739139502999,-2.0,0.4963206340051157,0.4983086547001104,0.5000494936700082,0.5017903658643853,0.5035006264068582,0.5049694694929195,0.5062104365301544,0.5072427065328129,0.5080838350770293,0.5087474427316899,0.5092452735049049,0.5095864781866061,0.5097794739602389,0.5098413774131033,0.5098692261033049,0.5098706640898985,0.509744978711175,0.5094763218332072,0.5090684135486006,0.5085240950149768,0.5078454599288642,0.5070340528046353,0.5060903561381199,0.505014847066147,0.5038068789238282,0.5024656004851179,0.5009897409931222,0.4993773984717264,0.4976262395603631,0.4957335434710471,0.4936963346507206,0.4915108331025413,0.4891731577385705,-2.0,0.48402364805030434,0.48120177625196103,0.47820771136189016,0.47503570732987105,0.47167945286408486,0.4681314520586778,0.46438510211129647,0.46043255770468017,0.4562647696839446,-2.0,0.44725080889058993,-2.0,0.4372671645738971,0.4318856210943902,0.4262295156713914,0.42028627041974564,0.4140437422808295,-2.0,-2.0,-2.0,-2.0,0.3778517287749024,0.36950904569172804,0.36075904696990224,0.3515825170419359,0.3419599754361244,-2.0,-2.0,0.31020559021029936,-2.0,-2.0,0.27363378397984933,0.26025381686893645,-2.0,-2.0,-2.0,0.20001111258613447,0.18310887038718132,-2.0,0.14684646848210664,-2.0,0.10704501449342863,0.08571171624354718,-2.0,-2.0,0.015426597786051821,-2.0,-2.0,-2.0,-0.09489491672278161,-0.12582609926132893,-2.0,-0.1921631602031656,-0.22771115487374105,-0.2649458527887534,-0.3039464997631549,-2.0,-0.3875869899103551,-0.4324049725113399,-0.4793482006231138,-0.5285172451531489,-2.0,-2.0,-2.0,-0.749634806194778,-2.0,-2.0,-0.9445323006595887,-1.0157510102811185,-2.0,-2.0,-1.2503042393282746,-1.336012673261883,-1.425782307038388,-2.0,-2.0,-1.7214277158193054,-2.0,-2.0,-2.0611185056200014,-2.0,-2.315249211014388,-2.0,-2.59402994513659,-2.7434022787636665,-2.899851137987385,-2.0,-2.0,-2.0,-3.603358405346546,-3.8005468588331732,-2.0,-2.0,-4.449951893652904,-2.0,-4.935781252817832,-2.0,-5.4687306418618435,-2.0,-2.0,-2.0,-2.0,-7.038345003791496,-2.0,-2.0,-8.170035532324363,-2.0,-2.0,-9.470294541043566,-2.0
0.12458833642950079,-0.024518738341043306,-0.01594446198557922,-0.007059086215024951,0.0020479114065225642,0.011474619984037598,0.021130617165055,0.031080241864682813,0.04130084845906198,0.051748025327258675,0.06252749575952392,0.07346015611554908,0.08467804206279154,0.09618432700116675,0.1078007631097183,0.11966668892959978,0.13176801371568578,0.14401461037780547,0.15636859785269003,0.16888844733920902,0.18154765775972,0.1943178651482889,0.2070625245616805,0.21983723041259726,0.23263135986262068,0.2454131040603183,0.2581507023311122,0.27081036383943247,0.2832620899792736,0.2955245387547147,0.30760544491113534,0.3194790617773029,0.33112538600667374,0.34249479438972785,0.3533945983178377,0.36396570201336903,0.37424868662096605,0.3841969698622481,0.39350386862842235,0.40252247487419063,0.41121790064578984,0.41918846313748287,0.42705469429454274,0.4341443833555081,0.44114078005662977,0.4473519469596853,0.4535595396631044,0.4589438177623328,0.4642542569204887,0.4691933419740666,0.473450267348405,0.4776955916475969,0.48169717324791617,0.4851393369369771,0.4881751532404223,0.4912455924992874,0.4941557784075889,0.49667354430290644,0.4988514251845873,0.5007313959402591,0.5024229868689174,0.5041566146070414,0.5057743652665985,0.507146106599604,0.5082947707521611,0.5092392440882131,0.5099953368900286,0.5105760307165057,0.5109923397674596,0.5112532875388093,0.5113664237269637,0.5113687888515347,-2.0,0.5112835446102002,0.5110709063159947,0.5107143453858816,-2.0,0.5095821506952565,0.5088104193486774,0.5079037845253348,0.5068626665472801,0.5056862434077004,0.504374536111921,0.5029264064493589,0.5013397344424196,0.49961211776898484,0.49774174842509594,0.4957253417774973,0.4935593163786779,0.49124007706357364,0.48876304187020675,0.4861236498277061,0.48331688568506936,0.4803370602590142,0.477178525497258,0.47383460051811577,0.47029868900109595,0.46656359778259937,0.462621326182694,0.45846399016842365,0.45408259051654387,-2.0,0.4446108088257852,0.43950063705561787,-2.0,0.4284775441992495,0.42254147908186257,0.4163053478412011,0.40975635850759184,0.4028802389715018,-2.0,0.38808811704333646,0.38014042428502065,0.37180262502828054,0.36305691228686554,-2.0,-2.0,0.3341807977314141,0.32360717313513987,0.3125225916993083,0.30090333457747404,-2.0,0.27596013651064616,0.2625828056950651,-2.0,0.2338734229245853,0.21847990065843065,-2.0,-2.0,0.16774349323902799,-2.0,0.1297561467213083,0.10939468358175719,-2.0,0.06571594527151331,-2.0,-2.0,-0.007907053044977075,-0.03481731225675966,-2.0,-0.09253385271799519,-0.1234639426100057,-2.0,-0.18979849079952238,-2.0,-2.0,-0.30157976991814905,-0.3424300926114676,-0.38521800971357945,-0.43003518974678134,-0.47697765172172557,-0.5261457417892486,-2.0,-0.6315865149858537,-2.0,-2.0,-2.0,-2.0,-2.0,-1.013374850195249,-2.0,-1.1660964092902018,-2.0,-2.0,-2.0,-2.0,-1.6159046583592347,-1.719048415423479,-2.0,-2.0,-2.0,-2.0,-2.0,-2.0,-2.5916486356442308,-2.0,-2.0,-2.0,-2.0,-2.0,-2.0,-3.7981640946486785,-4.004693839639859,-2.0,-2.0,-2.0,-2.0,-2.0,-5.466346836277713,-5.751902663118033,-2.0,-2.0,-6.692327794433642,-2.0,-7.3958719341175945,-2.0,-8.167650856896623,-2.0,-2.0,-2.0,-9.94302586348303
0.12103600283829954,-0.028612099962400512,-0.02021463479525992,-0.011525070129821752,-0.0025745856219484145,0.006654391585026792,0.016145401737995762,0.0259306023434037,0.03594288711151999,0.046300043907748674,0.05680781524418622,0.06764468829236238,0.0787220511714755,0.0899931261999376,0.10155055453549221,0.11331749954550926,0.12522610105579482,0.13736406823263184,0.14970914313632872,0.16215396269749208,0.17469438102077847,0.18736565026105437,0.20013951625621318,0.21298675715553203,0.22581141744512895,0.2385833874443984,0.25133043091396406,0.26401987930619053,0.2766198415765333,0.28909964662280446,0.30139570087429196,0.31338478238155043,0.3251403495002262,0.33664955510275074,0.34790023673551074,0.3588532860600661,0.3692768683800777,0.37935122334140375,0.38915175186590123,0.39848103750883596,0.4072335583599164,0.41581096268580436,0.42369502143260523,0.4312842812727673,-2.0,0.44509244089680455,0.45130485352804356,0.4573020019199439,0.4625456586852631,0.4678383402987458,0.4725201740872871,0.47668664710338293,0.4809246351585095,0.48472694930218463,0.4879996579580885,0.49098849757412305,0.49404816653169453,0.4968123844733231,0.49920060092940705,0.5012615201853393,0.5030344921953617,0.5047047878777436,0.5064116970622277,0.507926065793061,0.5092006202992336,0.5102566712963243,0.5111122703661584,0.5117821850506177,0.5122787479867255,0.5126121910361479,0.5127910126161537,0.5128222141784681,0.5127741991301917,0.5127110129951951,0.5125577608508718,0.5122555262865981,0.5118081569950037,-2.0,0.51048956971466,0.5096219355934012,0.5086164854319843,0.5074736320014902,0.5061928815651875,0.5047734820594979,0.5032132749081061,0.5015112702964336,0.4996638870643397,0.49766959791106635,0.49552357138540215,0.49322338889354855,0.49076416031816233,0.48814162978576175,0.4853505644658461,0.48238574481247815,-2.0,-2.0,0.47238682829246925,0.4686629044285632,0.4647317331025905,0.4605850483466897,0.45621292492146537,0.45160774304793455,-2.0,0.4416575939029828,0.436291528847333,-2.0,-2.0,0.41849081224464035,0.41194847099868226,-2.0,0.39786642616363754,-2.0,0.3823547098374847,-2.0,-2.0,-2.0,-2.0,0.3364168611851675,-2.0,-2.0,0.303149724929012,0.2909742908652471,-2.0,-2.0,-2.0,0.23613455745277573,0.22074333837555377,0.20461640408237258,0.18771839069657764,-2.0,0.15146433947232235,0.1320307183789,-2.0,-2.0,-2.0,0.04458693726736629,0.020065028050849087,-2.0,-0.03253170637071534,-2.0,-2.0,-0.12117431423058567,-2.0,-2.0,-0.22305308063073614,-0.26028580939864765,-0.2992851046796158,-2.0,-2.0,-2.0,-0.47467959653096603,-0.5238471603199523,-0.5753459525551247,-2.0,-2.0,-0.7449594423696033,-2.0,-2.0,-0.9398535816126404,-1.0110712755466804,-1.0856640577306558,-1.1637917452287154,-1.2456217241938417,-2.0,-1.421098145144366,-2.0,-1.6135979494427546,-2.0,-2.0,-2.0,-2.0,-2.0,-2.0,-2.0,-2.5893395034183717,-2.0,-2.8951597542799545,-2.0,-3.230642838999327,-2.0,-2.0,-3.7958534730872437,-2.0,-2.0,-4.445257511256468,-4.682551280587969,-2.0,-5.191394993583044,-2.0,-5.749590831849735,-6.048673895344422,-6.361925108400557,-2.0,-7.033648349690016,-2.0,-2.0,-2.0,-8.578859410579636,-9.011969594426215,-2.0,-2.0
0.11758495540521567,-0.03265103497785181,-0.024371480682979976,-0.01590946209758386,-0.00710150331083033,0.001913571879711062,0.01126784396636622,0.020822622585252394,0.03073991514011731,0.04081493668840273,0.0512389678740704,0.06188018849257547,0.07277378354079352,0.08398081286143533,0.09532345284193332,0.10692883735644268,0.11879799378436985,0.13080326503622666,0.1429769022796209,0.15535065998780137,0.16790014164015374,0.18051932199585372,0.1932010958436376,0.20597579447267209,0.2188133175364077,0.2316828703437815,0.24454116909983706,0.25726209456009064,0.2699008002393005,0.2824352903929724,0.29483415445119704,0.3070685612106464,0.31910996621851917,0.3308041058757005,0.34217212940241837,0.35326147995091045,0.3640704147193818,0.3745488688574507,0.38444028102594263,0.3940037909177538,0.40330866720607567,0.41192113050252716,0.42021587238681263,0.42816470491912895,0.4354283049714774,0.4425715296756423,0.4489407480239283,0.45520410222033275,0.46088432110253463,0.4660969649241794,0.4712705294445445,0.4757086733821184,0.47986346849673156,0.4840179908645791,0.4876291660070861,0.49074072170789823,0.493731249302167,0.4967278219683101,0.49934991931917855,0.5016109868723123,0.5035567174447995,0.5052390461674356,0.5069005794511026,0.5085497253775474,0.5099611473008558,-2.0,0.5121010374953625,0.5128669255891667,0.5134495698271553,0.5138605861501526,0.5141095223286395,0.5142043559151258,0.5141572842835258,0.5140622264805641,0.5139421722356828,0.5136975316368022,0.5133030081604852,0.5127619633404948,0.5120772659167642,0.5112505848501318,0.5102834636481347,0.5091754163604936,0.5079274280564728,0.5065377496316008,0.5050058022038291,0.5033297451363296,-2.0,-2.0,-2.0,0.4951302574521246,0.4926897670812865,0.49008467104348535,-2.0,0.48436083968238436,0.4812302576451008,0.47791323625586546,0.4744022665115666,0.47069074566094515,0.4667708459945177,0.46263447186690865,-2.0,0.4536774529798952,0.4488380221462601,0.4437448170656328,-2.0,0.43275263297753913,-2.0,0.4206079481995948,0.4140717031079687,0.407208178993154,0.40000176712517166,0.3924381220897819,0.3845007650492089,0.3761727819787123,-2.0,-2.0,-2.0,0.3385859053601113,0.3280197562598526,-2.0,-2.0,0.2931576664911523,-2.0,0.26702780974763585,0.2530145237298596,-2.0,-2.0,-2.0,-2.0,-2.0,0.1536715495317061,-2.0,-2.0,-2.0,-2.0,0.046802869973806116,-2.0,-2.0,-2.0,-0.058497367721659255,-2.0,-2.0,-2.0,-2.0,-2.0,-2.0,-2.0,-0.33790378010033095,-2.0,-2.0,-2.0,-0.5216130898877415,-2.0,-0.6270507931072079,-2.0,-2.0,-0.8047026103799116,-2.0,-2.0,-1.0088321642615155,-2.0,-2.0,-2.0,-1.3290883106704199,-2.0,-1.512878716722906,-2.0,-1.7144987789080326,-2.0,-2.0,-2.0,-2.178310790465499,-2.0,-2.4444797272177734,-2.0,-2.0,-2.0,-2.0,-3.228397195044964,-2.0,-3.596419332587444,-2.0,-2.0,-2.0,-2.0,-2.0,-4.928839207787253,-2.0,-5.461787780646025,-2.0,-2.0,-6.359677379829589,-2.0,-7.031400398459741,-2.0,-2.0,-2.0,-8.576611069602691,-2.0,-9.463348308166749,-2.0
0.11423230620163467,-0.036569336554517703,-0.028521482020208763,-0.020162947685401767,-0.011600897643349026,-0.0026857563043594327,0.006407754052741754,0.015867003391273983,0.025508678749090515,0.0354929612478461,0.04569884102166653,0.05618229003822177,0.06696760713350237,0.07791725725056994,0.08917657808916961,0.10067152881860639,0.112324044436958,0.12423493260505526,0.13638374002246006,0.1486090439342407,0.1610102854421883,0.17357929035834327,0.18628949073645662,0.19905649055723065,0.21183033281328023,0.22465626854234388,0.2375026223831002,0.2503373300571162,0.2631284851994876,0.2757953788784209,0.28826188745588993,0.3005764879588976,0.31270974464949386,0.32463588482059846,0.3363347783926607,0.34769348688130824,0.35861807156218967,0.3692396275207262,0.37957358800457264,0.38950900776448466,0.39883722835525753,0.4079058395002841,0.41657854704922953,0.42457690053587793,0.43246009276076774,0.43953615779010213,0.4465521238902664,0.45274572322771295,0.4589487302008042,0.46434006021035445,0.4695979963141639,0.47455350498078985,0.4787934911460332,0.48298042028759736,-2.0,0.4904039478124634,0.4933981975238247,0.4964025621273854,-2.0,0.5017674884510689,0.5039036314634056,0.5057355121298924,0.5073564767714357,0.5090087905496089,-2.0,0.5118770979550706,0.5129562872369147,0.5138256623811837,0.5145007314887425,0.5149948189478152,0.5153187252597868,0.5154815253610685,0.5154903013710765,0.5153742667177987,0.5152299863045963,0.5150379055896777,0.5146992784736202,0.5142094817095364,-2.0,0.5127885505237039,0.5118613386969818,0.5107901199566243,0.509576061836389,0.5082183594835664,-2.0,0.5050673573437923,-2.0,0.5013215994529471,0.4992194576995065,0.4969598887794773,0.4945387228376846,0.49195219245884997,0.4891942893579686,0.48626081703209695,0.4831455956040121,0.47984261253064986,0.4763454213995867,0.4726464112466948,0.46873813189895985,0.46461300567631447,0.46026207980156786,0.4556763087160996,0.45084646746260826,0.44576199821202195,0.4404122485590556,0.4347862386805849,0.4288718395628456,0.4226559994350725,0.41612700140834524,0.4092690011894473,0.402068965997305,0.3945114877567738,0.3865791306982988,-2.0,0.36952480652503017,0.3603660169790047,0.350760516045077,0.34068740135233894,0.3301251313478446,0.3190515474740997,0.30744274623761075,-2.0,-2.0,-2.0,-2.0,-2.0,0.22507214390252767,-2.0,0.19205745116866452,0.17435696153316232,-2.0,0.13638188974386145,0.11602583056220239,0.09469971451739928,-2.0,0.048952968227460536,-2.0,-0.0012503102808586464,-0.028156193532497653,-0.056341182731593054,-0.08586505223321472,-2.0,-2.0,-0.1831192334178735,-2.0,-0.25589360859169585,-2.0,-2.0,-0.3785236624644088,-2.0,-2.0,-2.0,-2.0,-2.0,-2.0,-2.0,-2.0,-2.0,-2.0,-2.0,-2.0,-1.1593766447325837,-1.2412056861500067,-2.0,-1.416680360298999,-2.0,-2.0,-2.0,-1.8203509122192454,-1.9334988930137027,-2.052008086197702,-2.1761319072003547,-2.0,-2.0,-2.584915061494355,-2.0,-2.890734316254755,-2.0,-2.0,-3.405969524238268,-2.0,-2.0,-3.997955105429607,-4.2142682814479295,-4.4408288943612675,-4.678122343989014,-4.926657037161586,-2.0,-2.0,-2.0,-6.044243560553069,-2.0,-6.6855848022377975,-2.0,-2.0,-7.7660888781013115,-8.16090667130526,-8.574427592090839,-2.0,-9.461164654439434,-2.0
0.11097524964120718,-0.0404067254095163,-0.03254750417027929,-0.024388521577752193,-0.015965893158096475,-0.00728638399075226,0.001692790953633794,0.010910597673141934,0.020432985212220586,0.030206335035352586,0.040252037977545514,0.05059746732213337,0.06113978831750206,0.072015904548759,0.08307818022140069,0.09438912674725813,0.10598967954652631,0.11773941420274235,0.1296912321750013,0.14187480884661946,0.15426011015009417,0.16669170062457783,0.17927906159060245,0.1919987719512437,0.2048222915760656,0.21770354714154747,0.23051975233123073,0.2433409025295493,0.2561376776441022,0.26887721732671566,0.2815273919932568,0.2940556342125417,0.3063314093803847,0.3183600554772125,0.33016341035788505,0.34172042985926043,0.3530186877859921,0.36396703986802925,0.37440421531530604,0.38452340003494057,0.39436938564219437,0.4036574991023272,0.41245275773158385,0.42105374571241544,0.42891333955231636,0.4365462474179201,0.44361353921209445,0.4503492186559406,0.45651310542150486,0.4625261726944025,0.4677470725903374,0.47300799260311704,0.4776958531109358,0.4818231701627606,0.4860174654039773,0.4898075858994088,0.49305810731350136,0.49598977835048963,0.4989925919150329,0.5017233249381963,0.5040706765004609,0.5060842429549275,0.5078036740905327,0.5093927144267969,0.5110231494163793,0.5124742913298918,0.513679540508596,0.5146606474889833,0.5154353769359193,0.5160186903984417,0.5164229549412451,0.5166580102151439,0.5167325790418207,0.5166534314697531,0.5164778820722261,0.516281860402484,0.5160023849897679,0.5155671604396425,0.5149790677169954,0.5142415934970739,0.5133560777881163,0.5123243951981985,0.5111459906392228,0.509821517581288,0.5083498867369164,0.5067298422160356,0.5049593621239112,0.5030359971527414,0.5009571757377217,0.49871912480350067,0.4963183653313526,0.4937504759466403,0.4910107752592704,0.48809435398037654,0.48499440918626674,0.48170666316925737,0.4782231330634511,0.47453667050367776,0.47064088356414724,0.46652725265214245,-2.0,-2.0,0.4527915959761798,0.4477162760155288,0.442375507180892,0.436757684453787,-2.0,0.42464253367968663,-2.0,0.411269355402207,-2.0,0.39652366703693376,0.38859726211813533,0.3802796747839502,0.37155315631757047,0.3623991692975802,-2.0,-2.0,-2.0,-2.0,0.3094965888470637,-2.0,-2.0,-2.0,-2.0,-2.0,0.227144780353776,-2.0,0.19413454788216195,-2.0,-2.0,0.1384662723086012,0.1181121886306592,-2.0,-2.0,-2.0,-2.0,0.0008447613412577715,-2.0,-0.05424290814046395,-0.08376538803124034,-2.0,-0.14708399856853693,-0.18101532534386233,-2.0,-2.0,-0.29278417639226917,-0.33363069587689187,-2.0,-2.0,-2.0,-2.0,-2.0,-2.0,-2.0,-2.0,-2.0,-2.0,-2.0,-2.0,-2.0,-1.157258978981558,-1.2390875304277902,-2.0,-2.0,-2.0,-1.607058671553038,-2.0,-1.8182302536114496,-1.9313780461218928,-2.0,-2.1740102390623837,-2.0,-2.4401779948295337,-2.582792514819023,-2.732163589762373,-2.8886112464560982,-3.052470677333784,-3.2240929475889657,-2.0,-2.0,-2.0,-3.9958307371871054,-2.0,-2.0,-2.0,-4.924531980525888,-2.0,-5.457479964915145,-2.0,-2.0,-2.0,-2.0,-2.0,-7.387002206544403,-2.0,-2.0,-8.572301192212732,-9.005411114945886,-9.45903807746613,-9.934153978479282
0.10781106013205938,-0.044209763164569996,-0.03645365237803352,-0.028523127676870142,-0.020250171042580603,-0.011763968762618338,-0.002963940822344735,0.0060787137123536426,0.01542409505609851,0.025009038235466328,0.03491752704972401,0.04502404337506112,0.055484887746113716,0.06611330320544567,0.07704455727994784,0.08825837206107837,0.0996201863997936,0.11126685254312442,0.12317376360606302,0.13516842409292726,0.14738555591625904,0.15980468986699756,0.17239213797481906,0.1850005290218901,0.19772819118898743,0.21054978609440356,0.22343497315636332,0.2363527015776674,0.24919813522122114,0.26195452787637913,0.2746397312278385,0.28722066830391924,0.29966578698783974,0.31194613673787286,0.3240039109116617,0.33569525842259945,0.34710565671025,0.3582371676026362,0.3690879460736738,0.37955435216395456,0.3894601951926268,0.39906224704513743,0.40837649365613965,0.4169760498018983,0.42530770650729605,0.4332199995386191,0.4405110656271976,0.4476286371499309,0.4540117699722209,0.4602337304752181,0.46593553434214385,0.4711006485376048,0.4762593949556725,0.48069334925888496,0.4847909545263383,0.48891430682692666,0.4925050146389072,0.4955850500559863,0.4985076019401457,0.5014560483986,0.5040375999390649,0.5062517854993926,-2.0,0.5097612532662487,0.5113383287015831,0.5129147517806683,0.5142569597300777,-2.0,0.5162411580152715,0.5169203585610745,0.5174105578381051,0.5177232591736717,0.5178678339466969,0.517852312075012,0.5176856461323033,0.5174571965499362,0.5172021039931823,0.5168242203791089,0.5162891005695823,0.5155997266204336,0.5147587535266711,0.5137677335283316,0.5126278368953933,0.5113380521960635,-2.0,0.5083087297619111,0.5065662761598608,0.5046690478435889,0.5026143453547632,0.5003991683480004,0.4980194847249067,0.4954713988161685,0.49275027329718035,0.4898508723161747,0.48676776671829186,0.4834947295125952,-2.0,0.4763532064171667,0.4724702457932378,-2.0,0.4640401822882372,0.45947533819768666,0.45466502762525907,0.4495994466605135,0.44426732806141755,0.43865798790604765,0.432759164083538,0.42655870483637015,0.4200439457461911,0.4131993044643306,0.4060119948735561,0.39846650215822366,-2.0,0.38223379772615496,0.3735124955844741,0.3643636159579484,0.35476725628507716,0.3447031405749316,0.33414900892674737,0.3230836824000335,0.31148228830907726,0.2993204520442067,-2.0,0.2732106360567532,0.25920659401304097,-2.0,-2.0,-2.0,-2.0,0.17844989114314064,0.1599089576301897,0.14048363774850692,-2.0,-2.0,-2.0,-2.0,0.028554784274341882,0.0028732374899305135,-0.024029598012994202,-2.0,-2.0,-2.0,-0.14504824829412155,-2.0,-2.0,-2.0,-2.0,-2.0,-2.0,-0.4191855097206503,-2.0,-2.0,-2.0,-2.0,-2.0,-0.7363888544517405,-2.0,-2.0,-2.0,-2.0,-1.0770817942931687,-2.0,-2.0,-2.0,-2.0,-2.0,-2.0,-2.0,-2.0,-2.0,-2.0,-2.0,-2.301958523909909,-2.0,-2.0,-2.0,-2.0,-2.0,-3.2220353777033974,-2.0,-2.0,-2.0,-2.0,-4.21008511108132,-2.0,-2.0,-2.0,-2.0,-2.0,-2.0,-6.040058219671559,-6.3533089360635735,-6.681398933635855,-7.025031237510435,-2.0,-2.0,-8.156719957284182,-2.0,-2.0,-2.0,-2.0
0.10473708979594494,-0.047899511533024575,-0.04035346031957381,-0.032534589672958206,-0.024493848281097283,-0.01610837558118102,-0.007554711318303503,0.0013689141314596836,0.010474587066745308,0.019950814147439436,0.029597837994277017,0.0396162905171384,0.04981180688287585,0.060330588384513086,0.07110574675746005,0.08209150554986,0.09339030193983804,0.10487282764847937,0.11656486710445771,0.12851771886878627,0.1406698544402915,0.15291957241461213,0.16536398535188693,0.1779775338652655,0.19073156683924578,0.2034815871787444,0.21629963845172484,0.2291703514430606,0.2420617904313369,0.2549417074494048,0.26777094083756237,0.28042048969885,0.2929296959455711,0.30528612110462033,0.3174610133796126,0.3294280756019684,0.3411630721163057,0.35249555462820936,0.3634554582436796,0.37411309496002554,0.3844827196708195,0.3943891739899138,0.4037412334643449,0.4128420664446834,-2.0,0.429500986664793,0.4373815754989471,0.44444405036521006,0.4514595284687432,0.45763346126517707,0.46381696789834453,0.46920494441040156,0.4744085027973404,0.4793607227655606,0.4835762131970226,0.48770274434626065,0.4916763540370694,0.49507582707541564,0.4980225561909009,0.5009575974950449,0.5037962612822863,0.5062331626653171,0.5083164226396124,0.5100894509624934,0.5116341704391059,0.5131992387280259,-2.0,0.5159217941501696,0.5169202394144709,0.51770282725511,0.5182855179755435,0.5186811729849858,-2.0,0.5189527777034537,0.5188448600204946,-2.0,0.518316661288015,0.5179866998880295,0.5175072639943632,0.5168691300856207,0.516075258148605,0.5151273196284784,0.5140268191696511,0.5127742519344457,0.5113690317736129,0.5098106487330276,0.5080974199355281,0.5062274782585563,0.5041982306134675,0.5020067340022195,0.49964944794933347,-2.0,0.4944199447486054,0.4915386896635096,0.4884726186268679,0.4852157414067352,0.48176146543603815,0.4781032122965603,0.47423344245632937,0.47014454940654504,0.4658274273060997,0.46127385054877773,0.4564741366515942,0.45141840681029416,0.44609568043104264,0.4404949804149549,0.4346047902347969,0.4284120669917171,0.42190419938093415,0.41506732639269817,0.4078870651918134,0.4003476142053993,0.3924328288865598,0.3841263507130287,-2.0,-2.0,0.356675304567243,0.34661540091267834,-2.0,-2.0,0.31340734439831336,-2.0,-2.0,0.27514643621910506,0.2611455323221192,-2.0,-2.0,0.21498107591686355,-2.0,0.18040279990380065,-2.0,0.14244163034863355,0.12209154971965164,0.10077164821351708,0.07843587027084148,-2.0,-2.0,-2.0,-0.022058542735852726,-0.050238751062049114,-0.0797583260303929,-0.11068050410606212,-0.1430715299321731,-2.0,-2.0,-2.0,-0.2887623261007142,-0.3296067675179678,-2.0,-0.41720090032577695,-0.4641382677063999,-2.0,-0.5647965872065344,-2.0,-2.0,-2.0,-2.0,-2.0,-2.0,-2.0,-2.0,-2.0,-1.2350417969132288,-2.0,-2.0,-2.0,-1.603009026893111,-2.0,-2.0,-1.9273263609221374,-2.0,-2.1699571779777824,-2.0,-2.0,-2.0,-2.0,-2.0,-2.0,-2.0,-3.399788320646838,-2.0,-2.0,-3.9917720329228423,-4.208084637515829,-4.4346447130060245,-2.0,-4.920471842751076,-2.0,-5.453419206470688,-5.738974210634751,-6.0380566062122485,-2.0,-2.0,-7.023029238238044,-2.0,-7.7599001371613054,-2.0,-2.0,-2.0,-9.454974757264194,-2.0
0.10175076625242988,-0.05147936111744367,-0.04414534368986164,-0.03649226871333368,-0.02861109383721845,-0.020457327262997448,-0.012008733328791894,-0.003335676956102199,0.00567247576000959,0.014882943409348625,0.024436520206209157,0.03420205324661667,0.04428053808427008,0.05461807672437347,0.06519431579757622,0.07610804654439343,0.08715975732257121,0.09850848030799443,0.11014597147728106,0.12188695651491069,0.1338788032401347,0.14610427235402965,0.15848032266732465,0.17094899911226155,0.18357858498078122,0.19634141264726024,0.2092086604808269,0.2220758019106071,0.23493032796389948,0.2477935489842424,0.2606322895952738,0.27341348961864487,0.2861048408887684,0.2986482863733321,0.310923327942747,0.32298935344340424,0.3348290936968676,0.34642158934778006,0.35775451679797865,0.36867869776961354,0.37913815685317803,0.3892868508037384,0.3991544102105678,0.40841148095251256,0.4172318079622907,0.42583590493882595,0.433674205152703,0.4413283422635373,0.4483510928824683,0.4551031817913733,0.46122185452704667,0.46723066621268805,0.47242286633884467,0.47764366446193385,0.48232115628966815,0.4864054629893007,0.49054772040664035,0.4943114601435914,0.4975269971896889,0.5003978399899937,0.5033360294108042,0.5060208735404367,0.5083157305818935,0.5102705543659191,0.5119255184354782,0.513428657889404,0.5149737821275079,0.5163499143975786,0.5174742868349033,0.5183686104627916,0.5190508590668444,0.5195357129271901,0.5198352522738885,0.5199598564790323,0.5199174557151521,0.5197149154145708,0.5194016293917992,-2.0,0.5186395751433261,0.5180554556153609,0.5173110804754517,0.5164088778100268,0.5153504090633547,0.5141365610712796,0.5127672688229827,0.511242086499232,0.5095596111171243,0.5077185546247608,0.5057160073344714,0.5035491317959419,-2.0,0.4987087929906902,0.496027174249151,0.4931648153086225,0.490116422900669,0.4868761715653612,0.48343761378843464,0.47979401673673994,0.475938158456673,0.47186210087697356,0.4675572646087245,0.4630154371638862,0.4582265147179999,0.45318076825962733,0.44786822413106,0.4422766848024597,0.4363949186289202,0.43021056630863963,-2.0,0.41688052985375434,0.4097067751421518,0.40217382957747305,0.3942657634154351,0.38596555603667704,0.37725501301298126,0.368116403644701,0.3585299728381209,0.3484751185481198,0.33793054053228566,-2.0,0.31527993976936625,0.30312584650722435,0.29038499700578274,0.27703039020557085,0.26303246316170187,-2.0,-2.0,0.2168768193978754,0.19999420853656108,-2.0,-2.0,0.14434799470794601,-2.0,0.10268211951740719,0.08034825091783154,-2.0,-2.0,-2.0,-2.0,-2.0,-0.07783536792370183,-2.0,-0.14114574125410928,-0.17507368997950834,-2.0,-2.0,-0.28683162962947684,-0.32767498383842597,-2.0,-0.4152670981799982,-0.4622035137430208,-0.5113660678960796,-2.0,-2.0,-2.0,-0.7324605122452617,-2.0,-2.0,-2.0,-0.9985575704014847,-1.0731470766749696,-2.0,-1.233098629614599,-2.0,-2.0,-2.0,-2.0,-1.7042052637874683,-1.8122333934297075,-2.0,-2.0,-2.1680101631587316,-2.2980132931830317,-2.0,-2.5767896400262575,-2.0,-2.0,-2.0,-2.0,-2.0,-2.0,-2.0,-2.0,-4.206134478794346,-2.0,-2.0,-2.0,-2.0,-2.0,-2.0,-6.036105273762007,-2.0,-2.0,-7.021077465257535,-7.38098804172931,-2.0,-8.152765548437996,-2.0,-2.0,-2.0,-9.928138019334776
0.09884959046625581,-0.055034729212898606,-0.04782458916809148,-0.040387043621960064,-0.03262432213822235,-0.024681315090551458,-0.016411693635745312,-0.007900612651652669,0.0008949928204711982,0.009965427349703187,0.01930564358245874,0.028920529528986372,0.038823481962848856,0.04896147338259322,0.059444659047086075,0.07007776468432825,0.08104506565113499,0.09225094853553299,0.10364906067990357,0.11533423965347162,0.1272346142471647,0.13926456996341557,0.15152157850505113,0.16398192021967883,0.17656089619795082,0.18920520702641333,0.20197354846456317,0.21483626081850857,0.2277627391308904,0.24070820657184636,0.25354830274239226,0.2663434697514718,0.2790669479061694,0.2916854402837665,0.30416723074529023,0.31648323077325874,0.32852961303768236,0.34023877973562955,0.35167981405696364,0.3628407272189882,0.3737194543087954,0.38416034616734196,0.39408252896975626,0.40370717598656575,0.41301335878546797,0.4216024158373241,0.4299523530953381,0.4378229562554016,0.445127935009158,0.45221128916827197,0.4585956835205673,0.4647707683695022,0.47047469808725156,0.4755922110331536,0.48072223824431826,0.4851365921745395,0.489176403396601,0.4932567954890299,0.4968136585875465,0.49985182349819346,0.5027030144207295,0.5055920537908063,-2.0,0.5102774904561134,0.5121055483812347,0.513648939217291,0.5151354037129522,0.5166282398199294,0.5178894500451269,0.5189046493257198,0.519694228028714,0.5202748773074326,0.5206604751841464,0.5208623346381906,0.5208898755350487,0.5207507817958487,-2.0,0.520079003653665,-2.0,0.5191484742395485,0.5184566919656468,0.5176027724458646,0.5165885322201227,0.5154154469067574,0.5140840202408886,0.5125934974678956,0.510943430126138,0.5091321074984143,0.507157554681997,0.5050168828730016,0.502706474412738,0.5002232689008771,0.4975629860573202,0.49472071066368634,0.49169030571695455,0.48846734113054324,0.4850452741320025,0.4814168022373868,0.4775751622448551,0.4735125975125911,0.46922057102984527,0.4646905033883309,0.45991289078651254,0.45487825596582304,0.44957503990901426,0.443993028260023,0.4381202862520539,0.4319445319359836,0.4254522670375457,0.4186301931595767,0.41146386735675544,-2.0,-2.0,-2.0,0.37903705529645326,0.3699041238834989,0.3603227400289279,0.350272728075753,0.3397327774617236,0.32868029662907383,0.3170911466629051,-2.0,-2.0,-2.0,-2.0,-2.0,-2.0,0.2187123383480869,0.2018323402984435,0.18414483249895847,0.1656117344953531,0.1461933577089194,-2.0,-2.0,-2.0,-2.0,0.03429523480020402,-2.0,-0.01827884685682213,-2.0,-2.0,-2.0,-0.13927975868860887,-0.1732063278303685,-0.20874399567414592,-2.0,-2.0,-0.32580282525268467,-0.3685830286196856,-2.0,-2.0,-2.0,-2.0,-0.6149180084172607,-2.0,-0.7305810773702768,-2.0,-0.8574708747569488,-2.0,-0.9966750139445435,-1.0712643098820902,-1.1493882915022482,-2.0,-2.0,-2.0,-2.0,-2.0,-1.7023189721213594,-2.0,-1.9234929577435307,-2.0420002024659416,-2.0,-2.0,-2.0,-2.5749008118872947,-2.724270735579118,-2.8807173012214435,-2.0,-2.0,-3.3959488169313454,-2.0,-2.0,-3.9879311893843647,-4.2042433934089,-4.430803073129268,-4.668095636409292,-4.916629481319296,-2.0,-5.449576181605985,-5.735130878539875,-2.0,-2.0,-6.675552916340394,-7.0191848180061776,-7.379095220009245,-2.0,-8.150872496185647,-8.564392907061041,-2.0,-9.451129023094145,-2.0
0.09603113465608079,-0.05850570992368824,-0.05143643575835804,-0.04416609732034281,-0.03662245923409095,-0.028779828749773938,-0.020742987715061407,-0.012354681037007922,-0.003781515132363748,0.005139660786009586,0.01427197879636722,0.023745166181508837,0.03342090561816997,0.043464683769049724,0.05366177869923184,0.06421460388956801,0.07498375076827625,0.08600400705605137,0.09734002564313168,0.10881462706261863,0.12054357383671616,0.13253522750208124,0.14467828425917337,0.1569659188927685,0.16944942705062058,0.1821029128933185,0.19486107438292027,0.20763354697741118,0.22049014812749207,0.23339943364259033,0.24632918226542266,0.2592469551214935,0.27207889526788004,0.28474273621978,0.29728554741287927,0.3096752815747306,0.32188173515044294,0.3338790054324724,0.3456258979719335,0.35694698053546237,0.3679312007808635,0.3786115324407826,0.38900261871565023,0.3988748662377179,0.40824297992715175,0.4173593581601029,0.4259593497902414,0.43398995304132215,0.4418544139224552,0.4488981911670136,0.45589791125569684,0.4620463770797831,-2.0,0.4735711726211878,0.4787195224015941,0.48365029478045485,0.4878310627873172,0.49189568043750187,0.49583167092917463,0.49919022462313967,0.5020817951368658,0.5049437403966952,-2.0,0.5101049914076803,0.5121241095479188,0.5138271898324721,0.5152885310999437,0.5167599601517422,0.5181660491750516,0.5193123266662424,0.5202179235824593,0.5209018725992063,0.5213797088387591,0.5216644850323631,0.5217668451954055,0.5216953391684994,0.5214571372523154,-2.0,0.5206367499261417,0.5201537765428292,0.5195176286282523,0.518714623668611,0.5177473515519548,0.516617274645997,0.5153256252988011,0.5138718662918562,0.5122558267777371,-2.0,0.5085303037609162,0.5064166853301871,0.5041318825512332,-2.0,0.4990340323312178,0.4962122976741949,0.4932012675129919,0.48999650789663407,0.486591044718499,0.4829792871604097,-2.0,0.47510343199758576,0.4708248546542554,-2.0,-2.0,0.4565175484373591,0.451225028002454,-2.0,-2.0,0.4336220927210259,0.4271383677058119,0.42032414632382,-2.0,0.4056458871189724,0.397750892674907,0.3894631315728544,-2.0,-2.0,0.36206098590906416,-2.0,0.3414812757704204,0.33043290550309035,0.3188484387361958,0.3067024497723872,0.29396925589803197,-2.0,-2.0,0.2519675427648806,0.23659963530370204,0.22049460151532174,-2.0,0.1859332725253368,0.16740240707616189,-2.0,0.12764368021534944,0.10633027349636187,-2.0,-2.0,-2.0,0.010424855480316242,-0.016471109081656388,-2.0,-2.0,-2.0,-0.13746506784759693,-2.0,-2.0,-0.24415083323490294,-2.0,-2.0,-0.3667615699111013,-2.0,-2.0,-2.0,-2.0,-2.0,-2.0,-2.0,-2.0,-2.0,-2.0,-0.9948447473026922,-2.0,-2.0,-2.0,-1.3150859614328487,-2.0,-2.0,-2.0,-2.0,-2.0,-1.9216572043485853,-2.0,-2.0,-2.0,-2.0,-2.0,-2.0,-2.0,-2.0,-2.0,-2.0,-2.0,-2.0,-2.0,-4.202403538121523,-2.0,-2.0,-2.0,-2.0,-2.0,-2.0,-2.0,-2.0,-2.0,-2.0,-2.0,-2.0,-2.0,-2.0,-2.0,-2.0,-9.924402267817175
0.09329304026284682,-0.06187381981216386,-0.05500442787965353,-0.047833808896921515,-0.040502115431879745,-0.032849814574209095,-0.024946007348350164,-0.016794339485088787,-0.008319612070954083,0.00035032715400307645,0.00938716688340386,0.01859387079881113,0.028177959621353672,0.0379394053723802,0.04804962235386057,0.058383154145941536,0.06899186333265116,0.07991394389945942,0.09098654939564824,0.10237070110436053,0.11400714157622066,0.12577889583179924,0.13780750165206648,0.1500710604613445,0.1624384994828452,0.17494397653849889,0.18761103173743793,0.2004116932576456,0.21331132961083005,0.22617092378450235,0.2390610436844826,0.25195941470268274,0.26483261418579523,0.2776473625941775,0.29037115233253985,0.3029046599086019,0.315198857716088,0.32729209607787346,0.3391573542487189,0.35077358985362916,0.3621252032591561,0.37302381616645996,0.38350015549222516,0.39366389225261317,0.4035347681337773,0.4127657764432087,0.42159435521969635,0.4301867997411768,0.43800178489774716,0.4456554647678232,0.4526360522084533,0.45938308856883,0.46545667779055006,0.47144473403755355,0.47660052882418624,0.48177387336048816,0.4864247068833731,0.49045936817085267,0.4945436600882774,0.4982668663174521,0.5014347195293104,0.5042393142715191,-2.0,0.5097322710072982,0.5119626011820213,0.5138472775485431,0.5154266643135564,0.5168376776617286,0.5182885576631687,0.5195775210355941,0.520608825051168,0.5214041550278317,0.5219813749750477,0.5223550944549182,0.5225372324997676,0.5225380047071885,0.5223650760604897,0.5220253037561547,0.5215619054212326,0.5210630750308596,0.5204837884871842,-2.0,0.5188169122269164,0.5177323160155233,0.5164822890895929,0.5150675736552581,0.5134868096914367,0.5117400332572499,0.5098252545963667,0.5077401216446255,0.5054819037053445,0.5030468709089676,0.5004315067687642,0.4976310858494923,0.49464062966081185,0.4914544638396344,0.4880668254880772,0.48447109301275604,0.48065980415164866,0.47662594229631794,0.4723608219223475,0.4678561331625882,0.46310293271080616,0.45808998162815157,0.45280839243101545,0.447246480628602,0.44139258383467017,0.4352347769653415,0.42875935630601847,0.421953272171928,0.4148019322752874,0.40729008658411303,0.3994018334474286,0.39112044878755803,0.3824281662638289,0.37330679585846627,0.3637362166153932,0.35369676784837384,0.34316642481624515,0.3321230659690906,0.3205429786014417,0.3084017374755533,0.2956725514088671,-2.0,-2.0,0.25368170591204126,0.23831711847587095,0.22221523202159,-2.0,-2.0,0.16913205333770426,0.14971833850381988,-2.0,-2.0,-2.0,0.06234842835057253,-2.0,-2.0,-0.014724430368329267,-0.04289795537747987,-0.07241109318107886,-0.10332727112110596,-0.13571249098031812,-0.16963625708964936,-0.20517120747633855,-0.24239345879099083,-2.0,-2.0,-2.0,-2.0,-2.0,-2.0,-2.0,-2.0,-0.6678165545874617,-2.0,-2.0,-2.0,-0.9218620300684148,-2.0,-2.0,-2.0,-1.2276100266506331,-2.0,-2.0,-2.0,-1.595569555919237,-2.0,-1.8067360993562984,-2.0,-2.0,-2.0,-2.292511557318009,-2.0,-2.571285786166468,-2.7206550873242668,-2.0,-2.0,-3.212579594203107,-2.0,-2.0,-2.0,-2.0,-2.0,-2.0,-2.0,-4.913008565662212,-2.0,-2.0,-2.0,-2.0,-2.0,-6.671930083330382,-2.0,-2.0,-2.0,-2.0,-2.0,-2.0,-9.447504534176897,-9.92261988070098
0.09063301597607476,-0.06514200965130942,-0.05846653198573431,-0.05149747029281791,-0.04426664899750009,-0.03683040248889693,-0.029066842039019564,-0.021102235852579303,-0.012832947851720376,-0.004296897091791452,0.004497500502151759,0.013595376344155797,0.022933856542287807,0.03257791343655673,0.04247895777114794,0.05264730639553151,0.06312874824545252,0.07379285677143992,0.08479405471659326,0.09599618313704522,0.10742789761427268,0.11914894507296735,0.13104416380974201,0.1431089960464244,0.15540206825039046,0.1678992946227845,0.18047023798277606,0.19314974743773886,0.2059535451836737,0.2188515179175616,0.23181295526624968,0.24475343008068792,0.2576184270875047,0.2704449298899788,0.28319860633430516,0.29584596662391627,0.3083550993861182,0.32069336458610825,0.33272240076892245,0.3444513707351358,0.355911724914906,0.36708949161353005,0.37798297106519646,0.3883941484391009,0.3983252707301868,0.40795728383330665,0.4172451285345062,0.42581914046622277,0.43416960376808067,0.4419984041057703,0.449299111963799,0.45634251791850533,0.462712478591203,0.4688379357365692,0.47452466112575603,0.4795918255864266,0.48468132822272453,0.4890608878692867,0.49304016195568173,0.49706734883577464,0.5005766199049115,0.5035607276051545,0.5063368758428628,0.5091571928394489,0.5116223446896779,0.5137076636333973,0.5154598865026955,0.5169200975423168,0.5183089386515409,0.5197076115368943,0.5208756952424954,0.5217915521318116,0.5224757272659528,0.522945010843223,0.5232129059285696,0.5232907901863787,0.5231876647618242,-2.0,-2.0,-2.0,-2.0,0.520676569976567,0.519811067212311,0.518774685379377,0.5175689772808775,0.5161943104638239,0.5146515024728883,0.5129398299047252,0.5110568212216542,0.5090016032577249,0.5067710135667349,0.5043622361434409,0.5017707766696334,0.49899273618430445,0.4960232314833179,0.4928569335708498,0.489487627466043,0.4859092446833906,0.4821143409802854,0.4780953807949133,0.4738445656431477,0.4693533003669215,0.4646124001772508,0.45961173867304433,0.4543416668357433,0.448790294180257,0.44294627935002984,0.43679762310792647,-2.0,0.4235339073254486,0.4163903581509113,0.40888597459526277,-2.0,0.3927303379979703,0.3840444818732054,0.374928871336482,-2.0,0.35533015832985954,0.34480510004321163,0.3337668195965544,0.32219143995629623,0.310054091739206,-2.0,0.2839895750883653,0.2700064550306816,0.25534999794951757,0.23998904799749404,-2.0,0.2070194974461042,0.18934070583870893,-2.0,0.1514048933969233,-2.0,-2.0,0.08743350606632411,-2.0,-2.0,-2.0,-2.0,-2.0,-2.0,-0.10162000960992201,-2.0,-2.0,-2.0,-2.0,-2.0,-2.0,-2.0,-0.4080906222304048,-2.0,-2.0,-2.0,-2.0,-2.0,-2.0,-2.0,-2.0,-2.0,-2.0,-1.0659349591970293,-1.144057103605713,-1.22588179408563,-2.0,-2.0,-2.0,-1.593839179473985,-2.0,-2.0,-1.9181495920605443,-2.0,-2.160776809837214,-2.0,-2.0,-2.0,-2.7189211356322547,-2.875366788256939,-2.0,-3.210844749181519,-2.0,-2.0,-2.0,-3.982576025821687,-4.1988875730406034,-2.0,-2.0,-2.0,-2.0,-5.444217501494012,-2.0,-2.0,-6.3421031792772675,-2.0,-2.0,-7.373733878496257,-7.750693515941729,-2.0,-8.559030490435557,-2.0,-9.44576596706607,-2.0
0.0880488358164346,-0.06838813450361897,-0.061826161709584236,-0.055054222883392887,-0.047983154352566046,-0.04069318190255002,-0.033149256536387575,-0.02528270678858379,-0.01724681289506683,-0.008857116904007778,-0.0002601445374120696,0.008661687107238348,0.017820188286146545,0.027293627672256827,0.03699722253791019,0.04704127287344149,0.05726720316751926,0.06785227168023901,0.07861921684093526,0.08967176395436025,0.10103381992130442,0.11251305781652633,0.12427587011118756,0.13630276981660297,0.14844097414652624,0.16076258494144008,0.17328073341268405,0.18596943722944753,0.19871993071075086,0.21152531121414503,0.2244145670228418,0.23735594682957478,0.2503170155584715,0.2632649796478381,0.2760838061347801,0.2887737729328132,0.3013417706928247,0.3137548777698644,0.325982839777086,0.337999490641739,0.34974304173488585,0.36105956232705,0.37205553946959385,0.3827452093225828,0.39314011599276805,0.40298371740821304,0.4123524376621284,0.4214678727968288,0.43002976896277745,0.4380533759188052,0.44589103538414954,0.4529077918482455,0.4598790003795469,0.46599325160272387,0.47210611944910413,0.4774473319838333,0.48253874740213526,0.48743178640205376,0.4915663684399941,0.4955656558682143,0.49945063741663154,0.5027549845244188,0.5055821484835084,0.5083663806516554,0.5110811816752819,0.5133888441276215,0.5153316879347909,0.5169530002174617,0.5183223612175537,0.5196929661402071,0.5210032780873157,0.5220502644653267,0.5228500416367894,0.5234223611855592,0.5237822626196952,-2.0,0.5239141909992873,0.5237049716712394,0.523321924038886,0.5227812072267549,0.52218197117884,0.5215299147243788,0.5207198713890855,0.5197341544887392,0.5185750363106535,0.5172434341738148,0.5157404006906806,-2.0,0.5122163762231207,0.5101919894919636,0.507990762769887,0.5056088809022145,0.5030424300974166,0.5002879838657692,0.49734044176371645,0.49419499040750303,0.4908446285791682,0.48728438183621037,0.4835058255285132,0.4795029348901376,-2.0,0.47079009998127347,-2.0,0.4610741258320398,0.45581497817690786,0.4502746515618948,0.444441223780478,0.43830238323260773,0.4318454652225616,0.4250564803219896,0.4179213367499235,-2.0,0.4025514252699763,0.3942834587663,0.3856043002996373,0.37649502279448477,0.3669365154582595,0.35690799653310296,-2.0,0.33535505232348906,-2.0,0.31165166546349027,0.2989313612931381,-2.0,0.27161677864582073,-2.0,0.24160606832123982,-2.0,0.2086431226552659,-2.0,0.17244519054429414,-2.0,-2.0,-2.0,-2.0,0.06568635708359105,-2.0,-2.0,-0.011374122159904854,-2.0,-2.0,-0.09996649379834133,-2.0,-2.0,-2.0,-2.0,-2.0,-2.0,-0.3616205863637466,-2.0,-0.45335718509392975,-0.5025149149960572,-2.0,-2.0,-2.0,-2.0,-0.7855646359005115,-0.850475512650722,-2.0,-2.0,-2.0,-2.0,-1.2242063094305635,-1.3099082635104158,-2.0,-2.0,-1.5921614903176715,-1.6953002211554171,-1.8033261465024462,-1.9164707104708347,-2.0,-2.159096886289773,-2.0,-2.0,-2.0,-2.0,-2.0,-3.0375423043880128,-3.209162455421768,-2.0,-2.0,-2.0,-2.0,-2.0,-2.0,-2.0,-2.0,-2.0,-2.0,-2.0,-2.0,-6.34041809829355,-2.0,-2.0,-2.0,-7.74900786607535,-8.143824641703551,-8.557344591381199,-2.0,-2.0,-9.919194981972426
0.0855383372729865,-0.07155382984094931,-0.06512438649197391,-0.05850567068535435,-0.05163498429602509,-0.04445955313329832,-0.03711079999731913,-0.029456651746184746,-0.02153003616871599,-0.013377609327643864,-0.004877005938793748,0.003792880997483195,0.012845155024536044,0.022063940194288457,0.031674374138570306,0.04143830471118349,0.05157888352499337,0.061911952564920235,0.07255142473840195,0.0834736167483241,0.09457702891899333,0.10599407073717208,0.11762911062729671,0.12943303578768672,0.14149505275862503,0.15379242127241513,0.16615586136005756,0.17869394423712257,0.19139380647839127,0.2042271501406339,0.21713080415664338,0.23000977409229864,0.24292936994745776,0.25585624548588126,0.26875672637037923,0.28159729336828376,0.29434170712543917,0.30686294625496746,0.3191769041238816,0.3312876962795478,0.34316816798574,0.35479714075925284,0.3661522412165127,0.37703134560127943,0.38751177480077714,0.39767709494903075,0.40753796101245987,0.41674313825537224,0.42556428787709827,0.4341341328488357,0.441920502855319,0.44955612120366556,0.45649371668222266,0.46321717717043126,0.46924329169056644,0.47519588813429836,0.4803067003496423,0.48542645861270994,0.4900350205578233,0.49401252286734665,0.4980328459519575,0.501701652604374,0.5048090503336089,0.5075406428117137,0.5103289612746809,0.5128842646725872,0.5150379850668122,0.5168406499708863,0.5183324551192764,0.5196441078494148,-2.0,0.5221809448786545,0.5231062998587597,0.5237898638973157,0.5242486634077271,0.5244978203195679,0.5245488901675279,0.5244116637247974,0.5240936855295153,-2.0,0.5229741553941529,-2.0,0.5215488080999411,0.5206168499933993,0.519507011413823,0.518220798464645,-2.0,0.5151221046532439,0.5133089377941896,0.511317976675464,-2.0,0.5067937517415256,0.5042537120211611,0.5015238577625699,0.49859932462706585,-2.0,0.4921448798362559,0.4886029898621722,0.48484262491083785,0.48085620238241833,0.47663595254279423,0.4721729913726967,0.4674588441187634,-2.0,0.45723681811125905,0.45170782579563745,0.4458852048041755,-2.0,0.4333090798868683,0.4265292928140981,0.4194028146521358,-2.0,0.4040487183377746,0.39578782234754717,0.3871157834387533,0.3780130661812434,-2.0,0.3584377421506351,0.34792346519013995,0.3368953545828619,0.32532991070214784,0.3132019179342989,0.3004859102786443,0.28715459909166186,-2.0,0.25853068376999894,0.24317693171405347,-2.0,0.21022085230376658,-2.0,-2.0,-2.0,-2.0,0.11298764715062176,0.0906672691728217,0.06728253389388839,0.042783308353272154,0.017116906150700717,-0.009771434235380627,-2.0,-0.06744704616612385,-0.098358326614715,-2.0,-0.16465790841557515,-2.0,-0.2374063862089324,-2.0,-2.0,-0.3600023399494434,-0.4048065918580973,-2.0,-0.5008932433145288,-0.5523815811263297,-0.6063119279220373,-2.0,-0.7219664123740523,-0.7839381477947169,-0.848848402498994,-0.916835452868656,-2.0,-1.0626314258851097,-2.0,-2.0,-1.3082770264474803,-2.0,-1.4920566119689325,-2.0,-2.0,-1.8016922633096135,-2.0,-2.0,-2.0,-2.287462724661866,-2.0,-2.0,-2.0,-2.0,-3.035904969084414,-3.2075248185937504,-3.3872753202338615,-2.0,-2.0,-2.0,-2.0,-4.422123658183782,-4.6594151922335545,-4.9079479558448975,-5.168254735661999,-5.440892928263732,-2.0,-2.0,-2.0,-6.666866481652023,-7.010497675852913,-2.0,-7.747366768110048,-8.142183416463109,-8.555703241523908,-8.98881220820887,-2.0,-9.917553290450657
0.08309941949353392,-0.07462601090603896,-0.06837923543054009,-0.06185557172386741,-0.0551789517853178,-0.048207217423077674,-0.04095541288182368,-0.033517897993136085,-0.025750971057238756,-0.01776469840381908,-0.009492992582461744,-0.0009323463656959012,0.007863798335198187,0.01698836008278474,0.026328240899143575,0.03600040719632178,0.045902768104422224,0.05609996942955025,0.06658307864635607,0.07727644361144259,0.08830927013808315,0.09951128138841529,0.11097412290471977,0.12272778062181222,0.1346217132185372,0.14671797718976212,0.15904322683375832,0.1715712705137574,0.18413985544373745,0.1968497842416578,0.20968367046903935,0.22261127275918827,0.23560143486520882,0.24853354629155486,0.261424018249078,0.27427454163718035,0.28705058229813274,0.299718374347356,0.3122458427026647,0.3245906369257877,0.33661008978760665,0.34835037130950985,0.3598184963792669,0.37100134005047675,0.381894164959929,0.39228014737694666,0.4022067441602927,0.41183146282408334,0.42109393103066933,0.4296454306150547,0.43797930777768374,0.4457664768423781,0.45304402585886655,0.4600441169429918,0.46638313045176194,0.47245680891404085,0.4781074818891675,0.48311979617534234,0.4881581739797723,0.49248767743003796,0.4964017071152568,0.5003665050910984,0.5038147832479913,0.5067322495703692,0.5094284752856164,0.5121708745860142,0.5145587073517027,0.5165614055758788,0.5182258818270852,-2.0,-2.0,-2.0,0.5232306145481302,0.5240341775020962,0.5246002860294842,0.5249443044382248,0.52508074462655,0.5250204046675825,0.5247718475967069,0.5243425192059696,-2.0,0.5230343882051754,-2.0,-2.0,0.5203549608134906,0.5191166072834392,0.5176989682373303,0.5161024839163395,0.5143266646063201,0.5123701955012928,0.5102313567433033,0.507907685042659,0.5053960638965692,0.5026914507225156,0.4997907554721969,0.49668867607892986,0.4933799278818479,0.48985722682621513,-2.0,0.48214587280803656,0.47794188810313754,0.4734938837992549,0.46879390110842845,0.4638320514113425,0.45859814943946187,0.45308092047812115,0.4472694176052565,0.44115127891437567,0.4347140439879261,0.42794378301975444,0.4208257539559539,0.41334569937954,0.4054874829584583,0.39723467100466336,-2.0,0.379473867333738,0.3699273114306238,0.35991059924011487,-2.0,-2.0,0.32681932585781087,0.31469609972196283,-2.0,0.2886578032403634,0.2746868337679291,0.2600419386811454,0.24469173262752303,0.22860342488971863,-2.0,-2.0,-2.0,0.156154998813955,-2.0,-2.0,-2.0,0.06882427964768467,-2.0,0.01866312469460818,-2.0,-2.0,-0.06589502770895983,-2.0,-0.12918310247873122,-2.0,-2.0,-0.23584625399912684,-2.0,-2.0,-2.0,-2.0,-2.0,-2.0,-2.0,-2.0,-0.6612290347403946,-2.0,-2.0,-0.8472749535751936,-0.9152614397466439,-0.9864708353920635,-2.0,-1.1391758320811853,-1.2209986169523221,-1.3066993340331357,-1.3964616072151546,-1.4904777489671166,-1.5889491855168953,-1.692086891944637,-2.0,-2.0,-2.031760195630821,-2.155879910247638,-2.0,-2.422040603058144,-2.0,-2.0,-2.0,-3.034320993586329,-3.205940531946002,-2.0,-3.5739563713759317,-2.0,-2.0,-4.193979341829471,-2.0,-4.6578290990231315,-4.9063617492476075,-2.0,-2.0,-5.7248598815802385,-2.0,-2.0,-2.0,-2.0,-7.3688196991718105,-2.0,-2.0,-2.0,-2.0,-2.0,-9.91596483326037
0.08073004152657436,-0.0776073674531771,-0.07153783094985505,-0.06519825803437922,-0.05861812120385208,-0.05184402274535022,-0.044768919309057145,-0.037459036153736545,-0.029912342167749077,-0.022030061393528224,-0.013984423589620619,-0.005590682831710419,0.003029736535455609,0.011955074263038414,0.02113903886150429,0.030615748988850368,0.040346080946567935,0.050393433908276435,0.06064693069095584,0.0712622914673548,0.0820305260867977,0.09311314202454342,0.10447793647828245,0.1159861035374383,0.12777977917549754,0.13983700047572517,0.15197562103981924,0.1643274295652553,0.17687600518988725,0.18959513042987458,0.20234204233578124,0.215175174048226,0.2280915373854796,0.241058968319172,0.25404482701525866,0.26700900209074324,0.27982477618540463,0.29253381188535815,0.30511883653501304,0.3175465977410576,0.3297866968260342,0.34181275046467735,0.3535455238199104,0.36485705375580546,0.3758530861907285,0.38653978643231846,0.39692557068560724,0.40674144016220065,0.41609704037739115,-2.0,0.43372078154455507,0.4417208497350743,0.449523587341253,0.45650354711848207,0.4634355055636156,0.46950578945559823,0.4755708682147494,0.4808661509856511,0.4858984985667211,0.4907390652515309,0.4948153373566605,0.4987458009194855,0.5025671075711687,0.5058041596685775,0.5085568245261191,0.5112581910717093,0.5138934418585565,0.5161178664459927,0.5179720800338112,0.5194996671370672,0.5207673453815663,0.5220292074858329,-2.0,0.5241649316320456,0.5248460212940304,0.5252931409034359,0.5255211517878725,0.5255430789250132,0.5253690597097701,0.5250066928739948,0.5244629870704148,0.523752655943235,0.5229729771273119,-2.0,0.5211328296009103,0.519944873586832,0.5185737314993797,0.5170199780765188,0.5152835117953894,0.5133634216301189,0.511258497931092,0.5089656337996564,0.5064828141922749,0.5038059442780723,0.5009300199916701,0.49785152903786944,0.49456455970085333,0.49106250757317615,0.48733950871589127,0.48338763539354734,0.47920016442473046,0.4747683893488916,0.47008325420033814,0.46513529660119396,0.45991426480155373,0.45440938010449833,0.44860962880988897,0.44250272638690336,-2.0,0.42931443143961123,0.42220598386027663,0.4147347922244595,0.40688474533813807,0.39863960870297577,0.38998193154371674,0.3808927671434703,0.3713531545840069,0.36134310218234217,0.35084029914343473,-2.0,0.32826821259313105,-2.0,0.30344363075202235,0.2901213495699041,0.27615462657809337,-2.0,-2.0,-2.0,0.2132256910925418,0.19555944184242607,0.17704664038298507,-2.0,0.1373211236677987,-2.0,0.09370746946153613,-2.0,-2.0,0.020171030679603907,-0.006713100546688944,-0.03487703784875429,-0.06438111054277629,-2.0,-0.12766536197105494,-2.0,-0.19710874672610623,-2.0,-2.0,-0.31413940810401597,-2.0,-2.0,-2.0,-2.0,-0.5492814589523956,-2.0,-2.0,-0.7188604396405407,-2.0,-2.0,-2.0,-2.0,-2.0,-2.0,-2.0,-2.0,-2.0,-2.0,-2.0,-2.0,-2.0,-2.0,-2.0,-2.0,-2.0,-2.0,-2.0,-2.0,-2.0,-2.0,-2.0,-2.0,-2.0,-2.0,-2.0,-2.0,-2.0,-2.0,-2.0,-2.0,-2.0,-2.0,-2.0,-6.3356401479870925,-2.0,-2.0,-7.367269021502484,-2.0,-8.139044382946226,-2.0,-2.0,-2.0,-9.914413383559557
0.07842822061337677,-0.08052200384773549,-0.07460322965956015,-0.06844383117523281,-0.06200938256192333,-0.055373535728371136,-0.04849935812909971,-0.04131857419724857,-0.033950954193511025,-0.026292567267191837,-0.018343413068367946,-0.0101876360550817,-0.0016690911948404811,0.007010777409141723,0.016068270290024257,0.02531125805077134,0.03492794577701296,0.044716165342455004,0.054885411034648175,0.06522125891403724,0.07588950324379279,0.08681509627486532,0.09794700795033302,0.109394167743402,0.12103131223115964,0.1328643233196601,0.14495622572539957,0.15726886225305456,0.16964658867728527,0.1822129478293684,0.19494084056859212,0.20780166107441075,0.22070223681806486,0.23360570865447725,0.24654864597177673,0.25949740298536644,0.27241803870776804,0.28527678233407777,0.29802823852048743,0.3105458088150071,0.3228706530826168,0.3349895507297857,0.3468751494400218,0.35850609562542246,0.36985351260983695,0.38071489707043127,0.391187010655688,0.4013405446154828,0.41118143203435753,0.4203579449228315,0.4291561419276476,0.4376946652171285,0.4454447848732199,0.45304643136478984,0.4599384814691398,0.4666212716243691,0.4725961118673601,0.4784997342805586,0.4835556239968996,0.48861615135688874,0.49316684690265844,0.4970784933245421,0.5010291561748597,0.5046295626747533,0.507663593862013,0.5103141412261238,0.5130175441624569,0.5154886997393552,-2.0,0.5192614900811833,0.5206536613438799,0.5218569926481834,-2.0,0.5241678001190728,0.524973817468508,0.5255314574394061,0.5258585582287353,0.5259684249382589,0.5258735729203997,0.5255831913409718,0.525104317028141,0.5244432339262945,0.5236368765900974,0.5227780590677531,0.5218300700095286,-2.0,0.5193736061203813,-2.0,0.5161701340501991,0.5142881562066043,0.512218398753493,0.5099586505140481,0.5075059074474289,0.5048569676502022,0.5020077100436947,0.49895351704078295,0.4956890906338931,0.49220854672254455,-2.0,0.4845727078729476,0.4804032843209427,0.47598734646896085,0.4713175386532247,0.46638393000512773,0.4611765362919885,0.4556846081183132,0.44989699652643433,-2.0,-2.0,0.4306341430889873,0.4235349485732878,0.4160726646039491,0.40823128820598703,0.39999484830119203,0.3913439872203197,0.38226232511759073,0.3727295389972642,0.3627255231536895,0.3522292251127611,0.3412178832995265,0.3296686761600059,0.31755576289986226,0.30485414525382976,0.29153631435348193,-2.0,0.2629376731789685,-2.0,-2.0,0.21466114237559614,-2.0,0.17848877800823698,-2.0,0.13876908765101503,0.11747343859168696,0.09516100668938193,0.07178374924820263,0.047291691783251766,-2.0,-2.0,-2.0,-2.0,-0.0938194042318542,-0.12619454442230882,-0.16010867286221753,-0.19563443877437003,-0.2328476600304522,-0.2718289317095376,-0.3126604706039039,-2.0,-2.0,-2.0,-2.0,-2.0,-2.0,-0.6582086831829728,-2.0,-2.0,-2.0,-2.0,-2.0,-2.0,-2.0,-1.2179652110124282,-2.0,-2.0,-1.4874405880288393,-1.5859108866976164,-2.0,-2.0,-2.0,-2.028717843602696,-2.0,-2.0,-2.0,-2.0,-2.0,-2.0,-2.0,-2.0,-2.0,-2.0,-2.0,-3.97461777190274,-2.0,-2.0,-2.0,-2.0,-2.0,-2.0,-2.0,-2.0,-6.334135668684171,-2.0,-2.0,-7.3657640392563195,-2.0,-2.0,-2.0,-8.98416723423109,-2.0,-2.0
0.07619203052875606,-0.08340726457687224,-0.07757829601958022,-0.0715937353211892,-0.06534244519594538,-0.05881102988274716,-0.052119832133859775,-0.045143311049184974,-0.0378705872294885,-0.030429473619801885,-0.022656873566543438,-0.014649204301362639,-0.006372583986211482,0.0022120351614760905,0.011012594018738784,0.02016282996345379,0.029506945381872002,0.03920579934232273,0.04911255694852596,0.059337004207217346,0.06982488073552603,0.08054555648934615,0.09160768268918455,0.10281285100835633,0.11430415742675555,0.12608733774773423,0.13798348734469887,0.15010775009293686,0.16246129452296323,0.17500250772114484,0.18758579767840555,0.20032155157879683,0.2131805535872125,0.22613226520715873,0.239140765027569,0.2520724210615412,0.26498199734277267,0.27784965241104426,0.2906406387205642,0.3033209817976779,0.3158583350476713,0.3282009796446835,0.34021367088466864,0.35195471927232025,0.3634204571393587,0.3745972371138958,0.3854786270322749,0.39583995688255175,0.4057491925524668,0.41535293701758,0.42458503007630854,0.4331044224215417,0.4414067504137016,0.44915144785946437,0.45638867908141295,-2.0,0.46963309300063333,-2.0,0.48125058380703795,0.4862023212564329,0.49117975094980837,0.49544462499704744,0.4992880206101835,0.5031812882110125,0.5065550132764802,0.5093933603759072,0.5120035826232184,0.5146587531275614,0.5169565503264485,0.5188639993641294,0.5204280306667614,0.5216878289663283,0.5228581624696713,0.5240355233054372,0.5249770540031784,0.5256544753339781,0.5260878113539226,0.5262925336829287,0.5262830114255899,0.5260688208271264,0.5256591121209018,0.5250608171601339,0.5242793012540005,0.5233870010337028,0.5224444974215777,0.5213669138852229,0.520096655396429,0.5186358251002989,0.516984591185293,0.5151429558798252,0.5131106730467665,0.5108852466909575,0.5084642858795855,0.5058448822311676,0.5030232507648964,0.4999945853742266,0.4967542283847608,0.4932958670672618,0.4896134555320253,0.48570050396161735,0.48154851844133506,0.4771500573354784,-2.0,0.46757787264164324,0.46238520487788903,0.4569060569488072,0.45113074291738386,0.4450467650377786,-2.0,0.43190138164490055,0.4248122159824653,0.41735918950810325,0.4095265933177638,0.4012983183592205,0.39265547634304876,-2.0,0.3740558384405908,0.3640583865668178,-2.0,-2.0,-2.0,0.31891175436452496,0.306215627922429,0.2929024865951928,-2.0,0.2643127279005663,0.24897485741851216,-2.0,0.21604789207663627,0.19838886531858707,0.1798828905807051,-2.0,0.14016924138363918,0.11887692410592138,0.09656697282579824,0.07319232524834374,-2.0,0.023045434831203693,-2.0,-0.03199387819233879,-2.0,-0.09239742724018474,-0.1247702672789538,-2.0,-2.0,-0.2314185335331237,-2.0,-2.0,-2.0,-2.0,-0.4457223571612682,-2.0,-2.0,-0.6002842900736756,-0.6567682097124177,-2.0,-2.0,-2.0,-2.0,-2.0,-1.0565792906228122,-2.0,-1.2165179160711395,-2.0,-2.0,-2.0,-2.0,-2.0,-1.7956204596998588,-2.0,-2.0,-2.0,-2.281383536509931,-2.4175423544599575,-2.0,-2.709519189389517,-2.0,-2.0,-2.0,-2.0,-2.0,-3.7666354656744447,-2.0,-2.0,-2.0,-2.0,-2.0,-2.0,-2.0,-2.0,-2.0,-2.0,-2.0,-7.004396028674728,-2.0,-2.0,-2.0,-2.0,-2.0,-2.0,-9.911447878003681
0.07401959996915641,-0.08620748493673826,-0.0805320492310415,-0.07465079411873585,-0.06857724375730977,-0.06223202246525548,-0.055633599120926136,-0.04885528787001527,-0.04177412243805249,-0.03444444243595917,-0.026892734446420118,-0.019003387531862686,-0.010937465988668953,-0.00253729239683239,0.006105862820009559,0.015037269022589205,0.024245611439636845,0.033728275782902904,0.043483979093054494,0.053537546407871055,0.06381686503525077,0.07445765820627738,0.08523298888172866,0.09634323799421385,0.10771333522162917,0.11924828595949158,0.13106966471729264,0.1431401272172724,0.15529605605644903,0.16767417085978245,0.18024885948774444,0.19298914231446043,0.20574030463700496,0.21859619042995063,0.2315340617505457,0.2445215864690972,0.2575257799495216,0.2704957332157725,0.2833149265330931,0.2960356601553544,0.3086296693637766,0.3210635621995464,0.33330665642075225,0.3453324046687798,0.35705123197633243,0.36835226521563924,0.37933742423930444,0.3900092300015993,0.4003749840234251,0.4101625421393954,0.4194910436308612,0.428559649611706,0.4370464210059203,0.4450069972367462,0.45276731749821747,0.45969959432358426,0.4665825322306006,0.47259844224419234,0.4786080645364719,0.48384211786742304,0.4888120356757423,0.49358665004441016,0.49759245496314275,0.5014493018175219,0.5051944275002636,0.5083509611465534,0.5110184549527236,-2.0,0.5161742801344786,0.5183025760594996,0.5200558195627496,0.5214770641257633,0.5226320379729821,0.5237756502468753,0.5248564245555664,0.5256635910678665,0.5262114489294384,0.5265186633994511,0.5266003835934369,0.5264679735179381,0.5261323376684695,0.5256008544513646,0.5248797169053646,0.5239824342828118,-2.0,0.5219640189097738,0.520748794873523,-2.0,0.5177331848954315,0.5159341958197429,0.5139408492518877,0.5117521472964405,0.509365007948411,0.5067761135940725,0.5039833159526439,0.500981597034534,0.4977659087865097,-2.0,0.4906703474715918,0.4867774720939648,0.48264490153946427,0.4782641454832815,0.4736271211587836,0.4687242447151713,0.4635457486097355,0.4580809045255672,0.45231872333781586,0.4462469968007595,0.43985302368372625,0.43312394960484524,-2.0,0.41860200503156286,-2.0,0.4025583885062064,0.39392404326223973,0.3848576802138408,0.37533908874791205,0.3653489057008846,-2.0,0.3438662999193487,0.3323282432860217,-2.0,0.30753536913425744,0.2942277451005859,0.2802750687864946,-2.0,-2.0,-2.0,0.21739451569982932,-2.0,0.18123645570477226,0.16184754992955375,0.14152969231771106,0.12024043303545989,0.09793321645604042,-2.0,0.05007441491603337,0.024419437469417105,-2.0,-0.03061496918875306,-2.0,-2.0,-2.0,-2.0,-2.0,-2.0,-2.0,-2.0,-2.0,-2.0,-2.0,-2.0,-2.0,-2.0,-2.0,-0.7145280876517363,-2.0,-2.0,-2.0,-2.0,-1.055171968058805,-1.1332891359609945,-2.0,-2.0,-2.0,-2.0,-2.0,-2.0,-2.0,-1.9073494408475669,-2.025852221709842,-2.0,-2.0,-2.0,-2.0,-2.0,-2.0,-2.0,-2.0,-2.0,-2.0,-3.7652172414871403,-2.0,-2.0,-2.0,-4.651900660558328,-2.0,-2.0,-2.0,-2.0,-6.018008353028195,-2.0,-2.0,-2.0,-7.362884325514954,-2.0,-2.0,-2.0,-2.0,-2.0,-2.0
0.07190911098669456,-0.08892532324559535,-0.08341179442013281,-0.07765000875648229,-0.07171688676053535,-0.06555235976284504,-0.0591111532588538,-0.052458097575568415,-0.04557845759194044,-0.03839037219312582,-0.031004072250300434,-0.023339301475435347,-0.015368246173786564,-0.007206770267719841,0.0013196994007729865,0.010021071743047704,0.01908623894158328,0.02835229111174774,0.037976674695314495,0.047788888427272296,0.05798478579924582,0.06832636575568442,0.07902115839177466,0.0899531182565616,0.10111101223482526,0.11258536163876962,0.12422773650424594,0.1360866005831534,0.14820474235082437,0.16052213576336302,0.1729238733159329,0.18551413801514147,0.19826525802457137,0.21114833405469327,0.224049005632328,0.2369713733813356,0.24993155949814722,0.26289564808140287,0.27582941695652474,0.2886988319568626,0.30145041365066877,0.31396587126410713,0.32629292864499587,0.3384107047033099,0.3502915443897528,0.36191402165599795,0.3732466978574462,0.384087762188182,0.39453950981803254,0.40466846101399834,0.41448036603471117,0.4236235190591081,0.43238441423997154,0.44088317258862675,0.44858887593969415,0.45614158216120265,0.4629845204984347,0.4696104970400935,0.47552923307498846,0.4813709797861875,0.48636124236799916,-2.0,0.49583417938707985,0.4996712739647056,0.5035456426068362,0.5070638139108832,0.5100113531045408,0.512571785445185,0.5151829068548837,0.5175566348206891,0.5195189215547951,0.5211198889255826,0.5223995103229708,0.5234848359746946,-2.0,0.5255449563124159,0.5262170896563426,0.5266344614411221,0.5268141936269447,0.5267696416618761,-2.0,-2.0,-2.0,-2.0,0.523545861058405,0.5224816531222983,0.5213200003419165,0.5199625600266208,-2.0,0.5166523287636599,0.5147002752032644,0.5125492404755804,0.5101970371662061,0.507641544640427,0.5048787540023648,0.5019054729244607,0.4987156599419662,0.49530511929277654,0.49166739828114614,0.4877953649713601,0.48368263369374986,-2.0,0.47470080944670867,0.4698144162691473,-2.0,0.45920088841772727,-2.0,0.44739333568636275,0.44101101893627326,0.43429306777762233,0.4272249945268686,0.4197917208012214,0.41197789103924226,0.40376667631198704,0.3951409420860711,0.3860828147067209,-2.0,0.36658872948206994,0.35611177167110686,-2.0,0.3335871922958877,0.3214916043743204,0.308805903456483,-2.0,0.2815553923622475,-2.0,0.2516030604917349,0.23553431380795253,0.21869215868248432,0.20104051298622788,0.18254159422808786,0.16315585059190008,0.14284118304869775,0.12155485441938846,0.09925116360791714,0.0758818985275238,-2.0,-2.0,-0.0011295935312186645,-2.0,-2.0,-2.0,-2.0,-2.0,-0.1914782003400659,-0.2286868296931488,-2.0,-2.0,-2.0,-2.0,-2.0,-2.0,-2.0,-0.5975301787298175,-2.0,-2.0,-2.0,-0.8400434801189138,-2.0,-2.0,-2.0,-2.0,-2.0,-2.0,-2.0,-2.0,-2.0,-2.0,-1.7928422227023655,-1.9059832696955148,-2.0,-2.0,-2.0,-2.0,-2.0,-2.0,-2.863176809787795,-2.0,-2.0,-2.0,-3.5666628200132924,-2.0,-2.0,-2.0,-2.0,-2.0,-2.0,-2.0,-2.0,-2.0,-2.0,-2.0,-6.657971312869032,-2.0,-2.0,-7.73846874381094,-2.0,-2.0,-2.0,-2.0,-2.0
0.06985879746785245,-0.09156315064158668,-0.08620673706323206,-0.08060955380132644,-0.07476407318586345,-0.06877489331487652,-0.06251738202922778,-0.05597813410512694,-0.049270723586799604,-0.04228750501797587,-0.03499431833558427,-0.027547493449825527,-0.0197671645611154,-0.01173872606024625,-0.003454946298009706,0.005152589640476662,0.013960008594337176,0.02313457730056386,0.032485486195793674,0.042209430681550496,0.05212321003616491,0.062372984395420175,0.07286837557483501,0.08361415905011535,0.09470243846383215,0.1059142355891548,0.11743110523798918,0.12923892984066748,0.14114186287764466,0.15329059475207563,0.16566846995727957,0.17821458701682663,0.1908195557469925,0.20357638776722903,0.21645534921612522,0.2294255984499295,0.24244322687156927,0.25538064789859966,0.26830282228397373,0.28118063620088246,0.2939791589665683,0.30666411559636125,0.3192029010937631,0.3315387381662005,0.3435424306058065,0.35527471671906463,0.3667275005762051,0.3778872287484563,0.3887469858106605,0.39908306520632353,0.40896222932023574,0.4185314678319574,0.42772851665376943,0.4362060283666086,0.44445993078305274,0.45216223180309006,0.4593421824663733,0.46624532277740327,0.4724717182592681,0.4784361958185923,0.4839617044387984,0.48884714966967147,0.4937533101575834,0.497939035961847,0.501705482635942,0.5055177095621005,0.5088033252974133,0.5115493559103637,0.5140667489477768,0.516624729171059,0.5188190171885004,0.5206182917951848,0.5220689368968059,0.5232100832879802,0.5242571501845774,0.5253062656627305,0.5261132041754618,0.5266496313547736,-2.0,0.526985121777211,0.5268129261708818,0.5264288292507368,0.5258411165305792,0.5250560155258959,-2.0,-2.0,0.5218235799984854,0.5205225851067492,0.5190180868736194,0.5173114827481632,-2.0,0.5132920380513281,0.5109768979749236,0.5084554456652719,0.5057245618870042,0.5027804928800667,0.49961824150956524,0.4962331160624276,0.4926189850059519,0.4887695980381419,0.4846772690633855,0.48033465379379253,0.47573306695456974,0.4708635231138049,0.4657165423638948,0.46028083552322313,-2.0,0.4485003693126347,0.442131197272279,0.43542487757735826,0.42836770352236553,0.4209449856848043,0.4131411151034306,0.40493903205497317,0.39632207997940316,0.3872717704898916,-2.0,-2.0,0.3573235158760597,0.3463378264667174,0.33481189837065833,0.32272205467292175,0.3100419094690023,0.296744703007347,0.28280192257315323,0.2681837698778617,0.25285925976470697,0.23679482033185062,0.21995688870836122,0.2023091741086292,0.18381391153940113,0.1644315163937129,0.14412050132989884,0.12283738003437389,0.10053663416563491,0.0771703756644212,-2.0,0.027039145819738652,-2.0,-2.0,-0.05747935931435222,-2.0,-0.12074384931996196,-2.0,-0.1901689331278017,-2.0,-0.26635041851901353,-0.3071760433123317,-2.0,-0.3947358001563138,-2.0,-2.0,-2.0,-2.0,-2.0,-2.0,-2.0,-2.0,-2.0,-2.0,-2.0,-2.0,-2.0,-2.0,-2.0,-2.0,-2.0,-2.0,-2.0,-2.0,-2.0,-2.0,-2.2772640736262018,-2.0,-2.5560304622511034,-2.0,-2.8618384109575845,-3.0256928144151685,-2.0,-3.377058522696683,-2.0,-2.0,-2.0,-4.185340175553088,-2.0,-2.0,-2.0,-2.0,-2.0,-2.0,-2.0,-2.0,-2.0,-2.0,-2.0,-2.0,-2.0,-2.0,-2.0,-2.0,-2.0
0.06786694365554635,-0.09412347107878181,-0.08891954557935028,-0.08348209135840146,-0.07779945247295625,-0.07190272860909526,-0.06582349478954447,-0.059470991467458205,-0.05285448932315067,-0.04607010342395978,-0.03898106901039421,-0.031632049472838195,-0.024073312387909405,-0.016174928852495933,-0.008089361061126668,0.0003194003749611763,0.00898429107514891,0.017924048344884997,0.02715540902764266,0.03664652631351794,0.046425981094048,0.05648828600964949,0.06679152819239585,0.07744420946052039,0.08824061378072172,0.09937590691567358,0.11075410060776851,0.12231297328132408,0.13415879507195427,0.1462364785558898,0.15841507219075018,0.17081554352033732,0.18341201376758262,0.19616404964607356,0.20892716101077258,0.22180064849841644,0.2347545472401601,0.24775625462185397,0.26077306540345113,0.27374400334424287,0.2865666053455966,0.2992916397302075,0.31188683181344223,0.3243184664502208,0.33655571140119905,0.3485716677724936,0.36027530130069857,0.3715585655110177,0.38252185586537113,0.3931671923617249,0.4035029552599212,0.41326017922167047,0.42254807072985745,0.4315718122109149,0.44002041704040823,0.4479259845473665,0.45563625987988815,0.46251059267196415,0.46933423527478574,0.4752855036003555,-2.0,0.48638936973363556,0.4912930185564873,0.49598731059328277,0.4999091698428157,0.5036884863791968,0.5073450943258224,0.5104076562527872,0.512978510424928,0.515494883331885,0.5179346682833936,0.519953625548931,0.5215922464260643,0.5228938897326877,0.5239245477459268,0.5249396842553715,-2.0,0.5265510015716969,0.52695078940163,0.5271022865498949,0.5270211598981471,0.5267183117236002,0.5262040383527545,0.5254854459586359,0.524568491234628,-2.0,0.5222746777687557,0.521008180204042,0.5195584973566342,0.5179017656269812,-2.0,0.513970714701742,0.5116947210351964,0.509209047391441,-2.0,0.5035981588765954,0.5004647921470821,0.49710632227581075,-2.0,0.48969062685886056,-2.0,-2.0,0.47671528610486924,0.47186368402056617,0.4667325517957531,0.46131272829929887,0.4555930793348706,0.44956108890397517,0.4432042349163029,0.4365102090712125,-2.0,0.42205276004868575,0.4142588100044066,-2.0,-2.0,0.38841705579339414,0.3789222707953053,0.3689543006817764,0.35849192060916113,0.34751321520582135,0.3359938284521106,0.3239100315216286,-2.0,0.2979442371709412,0.2840068562347771,0.26939381208513585,0.2540738213139016,0.23801401677614853,0.2211800619602285,0.20353653404125965,0.18504535820935947,0.16566627237645293,0.14535873573948688,0.12407908167576381,0.1017812837235213,0.07841827151903458,-2.0,0.02829239043781573,0.001422900925242998,-2.0,-0.056218797926956054,-0.08711384613070583,-0.1194790291941481,-2.0,-2.0,-2.0,-2.0,-2.0,-2.0,-0.39345841632129763,-2.0,-2.0,-2.0,-2.0,-2.0,-2.0,-2.0,-2.0,-2.0,-2.0,-2.0,-2.0,-2.0,-2.0,-2.0,-2.0,-2.0,-2.0,-2.0,-1.903351694775894,-2.0,-2.145969177115202,-2.0,-2.0,-2.0,-2.0,-2.0,-2.0,-2.0,-2.0,-2.0,-2.0,-2.0,-2.0,-2.0,-2.0,-2.0,-2.0,-2.0,-2.0,-2.0,-2.0,-2.0,-2.0,-2.0,-2.0,-2.0,-2.0,-2.0,-2.0,-2.0
0.06593188271333544,-0.09666892173923934,-0.09155270196464625,-0.0862702698582779,-0.08075002060155435,-0.07498013450435026,-0.069032520690211,-0.06286126332364382,-0.05641173493024409,-0.04974164937770103,-0.0428547623220512,-0.03565762961675224,-0.02825307163252188,-0.02057998852810016,-0.01258782542730096,-0.004418557769999882,0.004117954528828145,0.012839828697808134,0.02191486175291363,0.03120273582454868,0.040837130573311176,0.050671806411569334,0.06088569769141141,0.07124227448799308,0.08196140921092858,0.09290235477135764,0.10408376915189836,0.11558246243668603,0.12723283817336012,0.1391144268802533,0.15125533258624468,0.1635800672315387,0.17600224876163542,0.18861225997850103,0.20138209870371043,0.21428254124965815,0.2271860653765122,0.2401220253204963,0.25309376833312486,0.2660670853331782,0.2790074934789266,0.291880568904781,0.3046293031628243,0.3171402914994372,0.32946162788871236,0.34156958512997154,0.3534365722141658,0.3650408728141129,0.3763524746366618,0.3871701434285069,0.39759032109121933,0.4076828021692454,0.41745758454039056,0.42656276139340726,0.4352721784598511,0.4437233984094441,0.4513767555021113,0.4588662985433046,-2.0,0.47221008198638453,0.47806760486999383,0.4838351810239019,0.48874954428700423,0.49367366002157737,0.4980629623507045,0.5018151032198234,-2.0,0.5090290506130987,0.511877012853757,0.514338487105893,0.5168491777890856,0.5191119225597058,0.5209585534724026,0.5224389417120383,0.5235927522459162,0.5245483967818408,0.5255266219447781,0.5263323902451923,0.5268553620655505,-2.0,0.5271328407847906,0.5269177879160379,0.526481871291004,-2.0,0.5249813567457587,0.5239283757657969,0.5227105236121206,0.5214214887848514,0.5200250833728243,0.5184213807030663,0.5166074573541836,0.5145833163440597,0.5123483987222864,0.5099008395284094,0.5072382871348213,0.5043574114628656,-2.0,0.49792355321039516,0.4943607565266167,0.4905581185585075,0.48651015775494033,0.4822091618452345,0.47764589288125314,0.4728129432418439,0.4676994033428302,0.4622956273737488,0.4565908403138448,-2.0,-2.0,0.43754890852750405,0.4305151514308556,0.42311437598509205,0.415331180441825,0.40714896525326705,0.39855068837896956,0.3895176937707622,0.38003134792415255,0.3700713311741442,0.3596164765431642,-2.0,0.3371321540714535,0.32505482264110214,0.3123866574244882,0.29910104300465934,0.2851687645911937,0.27056074636516175,0.2552455554153276,0.23919080335493348,0.22236140069008564,0.20472182994321758,0.18623440648005868,0.1668594592632766,0.146555691694645,-2.0,0.10298473474694353,0.07962460406034311,0.05514871844712077,0.02950466315121847,-2.0,-0.025510246191009167,-0.0549988359945337,-0.08589168346155218,-2.0,-2.0,-2.0,-0.22487504014732207,-2.0,-2.0,-2.0,-2.0,-2.0,-2.0,-2.0,-0.5936828891055679,-0.6501609876315899,-0.7093179342186087,-2.0,-2.0,-2.0,-2.0,-2.0,-2.0,-2.0,-1.2955681418382845,-2.0,-2.0,-2.0,-1.6809355202196918,-2.0,-2.0,-2.0,-2.1447115970085706,-2.274708468220214,-2.0,-2.0,-2.0,-2.0,-3.0231325543213914,-2.0,-2.0,-2.0,-2.0,-2.0,-2.0,-2.0,-2.0,-2.0,-2.0,-2.0,-2.0,-2.0,-2.0,-2.0,-6.997688928250473,-2.0,-2.0,-2.0,-2.0,-2.0,-2.0,-2.0
0.06405199533056867,-0.09914474364878686,-0.09413989444890432,-0.0889766515015234,-0.08361401047438512,-0.07800922039072816,-0.0721502564709821,-0.0661520655987731,-0.05988681302992862,-0.05333821904091562,-0.04661484061874981,-0.03962324158694415,-0.03231573720427144,-0.024855882012171364,-0.017065995853733355,-0.009017636840646543,-0.0007247330483630505,0.007904519091613901,0.016720912117038415,0.025918289790064795,0.0352782447595896,0.045025479929799925,0.05494862134253733,0.06522165151991702,0.07572698209077362,0.08649553322348069,0.09760067711670213,0.10882826050919424,0.120367715468064,0.13219167175174373,0.1441092392367715,0.1562787670667638,0.16867697072348675,0.18123043016700952,0.19385294234702813,0.20662631543946924,0.219519972078017,0.23250348438477123,0.2455265975082829,0.2584697662823425,0.2713981234281367,0.2842793744338304,0.29707819121017326,0.30976011519914626,0.32229205824179424,0.33461806554960405,0.34660866179712796,0.35832254516934353,0.36975247848379034,0.3808844612791289,0.3917133973293939,0.4020224144722805,0.4118592140878379,0.42138097249330075,0.4305375144888816,0.4389637230702175,0.4471548110554731,0.4548123328993692,0.46191857448739276,0.46876711555806294,0.4749128662860399,0.48081808688657346,0.4862554225530954,0.4910676090048928,0.49589181695833945,0.49998369643469626,0.5036665504916161,0.5073880224170664,0.5105710756003768,0.5132117989592064,0.515628817940228,0.5180787147333051,0.5201558121012786,0.521833005232187,0.5231565667501691,0.5241654898697343,0.5250786799912752,0.5259862502180007,0.5266432445503643,0.5270231347565794,-2.0,0.5270228095669836,0.5266711641968074,0.5260992002742665,0.525314667901417,0.5243239787855949,-2.0,0.5218081841343656,0.5204158506529056,0.5188683198304752,0.5171058735175819,0.515128745705305,0.5129370154477035,0.5105293964570551,0.5079037048661778,0.5050568812642339,0.5019852850300212,0.49868383589017107,0.4951478222808674,0.4913711922495395,0.48734679841286666,0.4830677771301614,0.4785249880422824,-2.0,-2.0,0.46322882287208783,0.45753988000843515,0.4515370450845493,0.44520820080267487,0.438539874176353,0.4315187880381429,-2.0,0.41635740026186124,0.408185493341943,0.3995971194183965,0.3905732411211379,0.38109572991642343,0.3711441523129811,0.3606969169887644,-2.0,-2.0,0.32615622311538744,0.31349434025423745,0.3002146046811216,0.2862881178239505,0.27168544882875784,0.25637530588653096,0.24032488639321825,0.22350052714245622,0.20586507378586988,0.18738176090803355,0.16801102192293438,0.14771049290606109,0.1264376282731518,0.10414685730974899,0.08078964451616377,0.05631678878045954,0.030675618572836072,-2.0,-0.0243339398222987,-2.0,-2.0,-2.0,-2.0,-2.0,-0.22368551524520952,-0.26265465466967874,-2.0,-0.34623498671212205,-2.0,-2.0,-2.0,-2.0,-2.0,-2.0,-2.0,-0.7700755810022628,-2.0,-2.0,-2.0,-2.0,-2.0,-2.0,-2.0,-2.0,-2.0,-2.0,-1.6797202910562439,-2.0,-2.0,-2.0,-2.0,-2.0,-2.409646260398136,-2.0,-2.0,-2.0,-2.0,-2.0,-2.0,-2.0,-2.0,-2.0,-2.0,-2.0,-4.64539799852587,-2.0,-2.0,-2.0,-2.0,-6.0114997096354035,-2.0,-6.652834337409101,-2.0,-2.0,-2.0,-2.0,-8.54166303761657,-8.97477058626003,-2.0,-2.0
0.06222570836730228,-0.10154794361178805,-0.09668655546275484,-0.09160432841876982,-0.0863939652746551,-0.08094941761783882,-0.07525830670353988,-0.06934630662052133,-0.06325990593068267,-0.05689866683140372,-0.050264599109719,-0.043472490009399165,-0.03637396472362347,-0.029006343077391826,-0.0214387712155985,-0.013529636596212697,-0.005425200155561842,0.002993907098118661,0.011679238076568902,0.020629418160300943,0.029882266026628107,0.039383938544849936,0.049185303520702155,0.05925855852236612,0.06958361893540045,0.08024789567762178,0.09106557654728363,0.10222314905850301,0.11361185955408244,0.1251916177702824,0.13705848729051506,0.1491459445922049,0.16134343863511622,0.17376220764039937,0.1863760514072192,0.1991371196856199,0.21191257219397652,0.22479849662445328,0.2377628679794536,0.25077284898146307,0.26379454581472805,0.276766845413542,0.2895890697287161,0.30231105531159297,0.314899584966294,0.32732070319325074,0.33954320106355707,0.35154052284807635,0.36322705162906926,0.3744849130056029,0.3854155329242706,0.3960231745171317,0.4063182682483351,0.41604320288530133,0.4252773860630802,0.43424191448004656,0.4426513139163859,-2.0,-2.0,0.46494438315184555,-2.0,0.477574310122853,0.483448331864361,-2.0,0.4933483578454743,0.4979479129246525,0.5017736725168255,0.5054688841487257,0.5090235259181298,0.5119783264714765,0.5144411819380299,0.5168535795964166,0.5191765396756007,0.5210719238934534,0.5225822552708183,0.5237502488496896,0.5246438708727699,-2.0,-2.0,0.5268230096606963,0.5270578353038307,0.5270372780739393,0.5267758358933758,0.5262848768245291,0.5255736612493226,0.524648636315789,0.5235156149557205,0.5221873507599202,-2.0,-2.0,0.5175400055927292,-2.0,-2.0,0.5111012528821851,0.508514336247337,0.5057031975730047,0.5026648368337957,0.49939410033100073,0.4958865093066466,0.49213676332278067,0.4881365352626411,0.48388023089302107,0.4793594264239164,0.47456552202974905,-2.0,0.46411990319504554,0.45844750225892605,-2.0,0.4461456437938268,0.4394911221849104,0.4324828791954103,0.4251058742649322,0.41734492969904485,0.4091841765078269,0.40060545677409864,0.39159147972954533,0.38212283087449966,0.37217961520121473,-2.0,0.3507837362312367,-2.0,-2.0,-2.0,0.3012926240482784,-2.0,0.27277511033369767,0.2574701015088991,0.24142464556617416,-2.0,0.20697401359844386,-2.0,-2.0,0.14883155340069132,0.1275626703143709,0.10527475196135311,-2.0,0.0574514945049448,0.03181323841431738,0.004951612625655799,-2.0,-2.0,-2.0,-0.11592056623407532,-0.14981909422359718,-0.18532971112414676,-0.22252876074317762,-0.2614960242594786,-2.0,-2.0,-2.0,-2.0,-0.485918955292338,-0.5373936989785693,-2.0,-2.0,-2.0,-2.0,-2.0,-2.0,-0.9729792141653795,-1.0475555478965817,-2.0,-1.2074825569502794,-2.0,-2.0,-2.0,-1.575405494640679,-2.0,-1.7865561701144166,-2.0,-2.018193622951766,-2.1423082565764293,-2.0,-2.0,-2.0,-2.700430018291733,-2.856870615212329,-2.0,-3.1923392750254047,-2.0,-2.0,-2.0,-2.0,-4.1803622257702,-2.0,-2.0,-2.0,-5.153040708173132,-2.0,-2.0,-6.010306900836534,-6.323554266225981,-2.0,-2.0,-2.0,-7.732135728503843,-8.126950664795125,-2.0,-2.0,-2.0,-9.902314422439204
0.060451493537854416,-0.10388069593915206,-0.09915855363867308,-0.09422176646148497,-0.08909243826999204,-0.08380340774785376,-0.07827521033302398,-0.07249600200299566,-0.06653411155596865,-0.060354718532814745,-0.05389548087805334,-0.04720890178405686,-0.040313202006856695,-0.0331055045946664,-0.025683430897406927,-0.018000339742634562,-0.009988216005446814,-0.0018092944824897685,0.006738896472021808,0.015480128289036686,0.024566932500759253,0.03387504939427345,0.04352146073486129,0.05337673296086288,0.0636032869963009,0.07398013678003898,0.08472107172686842,0.09567326079442719,0.10687539456272456,0.1183952659077981,0.1300559516418321,0.141956858638325,0.15411672867567908,0.16645114202820518,0.17888966970000253,0.19151495187367681,0.20429866005847086,0.21721124833432393,0.23011987700176514,0.2430638011769315,0.2560411201955086,0.26901718393139895,0.2819572950225043,0.2948267918451501,0.30757058934594694,0.32007295989934254,0.3323799552048534,0.3444693474818413,0.3563130551296149,0.3678891365051457,0.37917248992297964,0.38996353401841793,0.4003406139092191,0.4103843680426578,0.4201123623139009,0.42917524659155515,0.4378191246615929,0.4462131737230151,0.4538067094863054,0.46121759623285813,0.4679507911100295,0.4744161562149367,0.4802075988694687,0.4858871179921191,0.4907153873360653,0.4955602447584378,0.4998462921146526,0.503504199306669,0.507205813686003,0.5105169044354524,0.5132515306348278,0.5156038394669265,0.5180047045645704,0.5201420878993572,0.521859218578188,0.5232044615231425,0.5242177858443928,0.5250321083657087,0.5258637125320593,0.5265107385816838,0.5268682002486307,0.5269566836767022,0.5267920538249209,-2.0,0.5257545530224569,0.5249002203889446,0.5238310021377943,0.5225517178838184,0.521098058492156,0.5195632621535878,0.5179081262383224,0.516033609512487,0.5139358719032902,-2.0,-2.0,-2.0,-2.0,-2.0,-2.0,0.49285309173477243,-2.0,0.48464733062128046,-2.0,0.47537572520373556,0.47031863671751906,0.4649679004404183,0.45931283582826343,0.45334156622385335,0.4470423779141831,0.4404020742150211,0.4334070517047739,0.42604264223623367,-2.0,-2.0,-2.0,0.3925717059351269,0.38311261649961786,0.3731786165190423,0.3627479886071159,0.35179856890022787,0.3403083018862895,0.3282512764132098,0.315602421926288,0.30233518436531115,0.2884204784044752,0.27382915334699426,0.2585295264041951,0.24248941517550504,0.22567460182374283,0.2080482885970622,0.18957361616536644,0.1702107803089148,0.1499183471997575,0.12865327369212204,0.10636899751454149,0.08301863062510872,0.0585521375016792,0.03291735481271785,0.00605836595147069,-0.022081222761526242,-2.0,-0.08244775164352514,-2.0,-2.0,-0.1842081739087975,-2.0,-2.0,-2.0,-0.3439435819818306,-0.3887303898414486,-0.43564406952375756,-2.0,-2.0,-0.5901741578674664,-2.0,-0.7058019831925175,-0.7677614948399751,-2.0,-2.0,-0.9718351262451368,-1.046410456297458,-1.1245214995185246,-1.2063356012205746,-1.2920280459675648,-2.0,-2.0,-1.5742552975380026,-2.0,-1.785404568850394,-1.898541966664541,-2.017040743912048,-2.1411547807248406,-2.0,-2.4073048951761855,-2.0,-2.6992744238407926,-2.0,-3.0195668808636347,-3.1911823346148798,-2.0,-2.0,-2.0,-2.0,-4.179203384495101,-2.0,-2.0,-2.0,-2.0,-5.424516132364169,-5.710067342177702,-2.0,-2.0,-2.0,-2.0,-7.354016498631151,-7.73097388300521,-2.0,-8.539306630711222,-2.0,-9.426038275851777,-2.0
0.0587278661318948,-0.1061451404867282,-0.10155814493161008,-0.09676292526022338,-0.09174919760334864,-0.08657379736041386,-0.0812037295604616,-0.07559015622316405,-0.06972104861373246,-0.06370952697495577,-0.057435180908129484,-0.05087593502631675,-0.04413706642350567,-0.03713560207490737,-0.02981647023276878,-0.022340138232041805,-0.014539063607935648,-0.006471931126796291,0.001831914465891264,0.010481490491957367,0.019308734180071202,0.028527264168399197,0.037898230248279284,0.04766684254333876,0.057601391696517214,0.06789551764688076,0.07841287802809198,0.08920179598286095,0.10032029259558824,0.11156661961057242,0.12312563539605519,0.13496248883427,0.1468968390556167,0.1590835368799066,0.17149809321085707,0.18406110802554224,0.19669687538419434,0.20948179252309218,0.22238548348668227,0.2353766227556192,0.24840472293664642,0.261350646958597,0.2742790154580279,0.2871570676936663,0.2999491446967257,0.3126204211807606,0.3251377152774525,0.33745040950552396,0.3494237228841333,0.36111018676667234,0.3725078839728348,0.3836015682890998,0.39438940134862893,0.4046704007953425,0.4144529993367184,0.42391458979291496,0.4330238475876975,0.44139063538490425,0.44950408849609247,-2.0,0.46413142256993517,0.47091859390597324,0.4769699519046859,0.4828104906099581,0.48814269366495716,0.4928759941739463,0.49760690195409196,0.5015905540439042,0.5051827676352169,0.5088014671938365,0.5118690440547724,0.5143908258795213,0.5166984724213288,0.519028900842359,0.5209743929237541,0.5225153786534203,0.523697435754477,0.5245600987139333,-2.0,0.5260789260910461,-2.0,0.5267754859318162,0.526715342446628,-2.0,0.5258549571286714,0.5250755087491523,0.5240744334973018,0.5228567489540086,0.5214266140140099,0.5198578338239185,-2.0,-2.0,0.5143425350284611,0.5120681155134651,0.5095652687123566,0.5068316816501516,-2.0,0.5006600287632961,0.49721346950742695,0.49352046740415867,-2.0,0.4853662901266414,0.48089143335733764,0.4761404002639364,0.4711040056388093,0.4657724397507092,0.46013514579327963,0.4541807533112263,0.44789715846265554,0.4412716838266203,0.43429055292821106,-2.0,0.4192031262168366,0.41106434886082066,0.4025076145110644,0.3935136865063572,-2.0,-2.0,0.3637171202913847,0.35277642506045326,-2.0,0.32924428644052656,-2.0,-2.0,0.28943307921408307,0.2748476963945847,0.2595536466526435,0.24351915077135544,-2.0,0.2090875412425623,0.19061740090088602,0.17125887270249773,0.15097095247797931,-2.0,-2.0,-2.0,-2.0,0.03398678766942387,0.0071311571091553505,-0.021005661794908925,-0.050483925667673235,-0.08136676733814441,-2.0,-2.0,-2.0,-0.22031501644921625,-0.25927825038932584,-2.0,-2.0,-0.38763275104333983,-0.43454467655974294,-0.4836838808200232,-0.5351556391367991,-2.0,-2.0,-2.0,-2.0,-2.0,-2.0,-0.9707236030293243,-2.0,-2.0,-2.0,-2.0,-1.3806664336810686,-2.0,-2.0,-2.0,-1.7842855387672971,-2.0,-2.0,-2.0,-2.0,-2.0,-2.0,-2.6981512819858176,-2.8545909698316088,-2.0,-2.0,-2.0,-2.0,-2.0,-2.0,-2.0,-4.404631917464556,-4.6419199646237255,-2.0,-2.0,-2.0,-2.0,-2.0,-2.0,-2.0,-2.0,-2.0,-7.729844284851339,-2.0,-2.0,-8.971283690198884,-2.0,-2.0
0.057053383771999505,-0.10834338203199259,-0.10388756258926703,-0.09922975226252759,-0.0943599636409063,-0.0892677680382111,-0.08404660500766069,-0.07859380310400008,-0.07289310901288007,-0.06696626429795603,-0.06087138452955692,-0.05450012775807617,-0.047849190027194614,-0.04104791756189948,-0.03393848928742548,-0.02655315347747946,-0.018975223130543045,-0.0110538034204657,-0.0029318519708832996,0.005499508969576899,0.014203914780565652,0.0231662488030555,0.03243890552902414,0.04195298400232273,0.051774316270149535,0.0618604394521935,0.07220512213581663,0.08288294804697167,0.09371946013492323,0.10489651561962117,0.11629780596938692,0.12789547910300145,0.13977991786574565,0.1518792347082036,0.16409194855053244,0.17652499959834425,0.1891518278749405,0.20192233189703274,0.21470707788085588,0.22760037704137753,0.24056979643107643,0.25358217389676785,0.26660330572948826,0.27957584348580256,0.29239305054460585,0.3051052599028171,0.3176792104875639,0.33008175311084526,0.342281025509804,0.3542501159618844,0.36591694345769066,0.37714312046284115,0.38803066725957247,0.3985891558860295,0.40883235652463995,0.4185241491618145,0.4276917409707058,0.4365838446131616,0.44495179544488955,0.45270224804883474,0.46028521589275595,0.46701440105976566,0.4736860668638494,0.4794783869413373,0.4852700391135721,-2.0,0.4949899129316625,0.4994797334476776,0.5031971384535119,0.5068014591802003,0.5102402146846929,0.5130734016182723,0.5154161201536682,0.5177156514263286,0.5199077594792798,0.5216649359417088,0.5230324157389943,0.5240518587206262,0.5247948380945568,0.5255181239339374,0.5261477788054146,0.526480965871696,0.5265334057106963,0.5263232082092449,-2.0,-2.0,0.5242355499091775,-2.0,0.5217124629643487,-2.0,-2.0,0.5166695482454031,0.5146769229497289,0.5124519319655839,0.5099943315316493,0.5073023202042977,0.5043737641392801,0.5012050818351553,0.497791700861009,-2.0,-2.0,0.48602961789058235,0.4815791976554198,-2.0,0.47183600750771115,0.466524401403624,0.46090568877045657,0.4549689402261652,0.44870180983538976,0.44209190138623244,0.43512502695521027,-2.0,0.42006347829774177,-2.0,0.40339157362646405,0.394408538331096,0.3849692508415395,-2.0,0.3646407001617251,0.35370844850183825,-2.0,0.330191604902968,0.31755744578077677,0.3043033254168238,0.2904015152433698,0.27582167481277503,0.2605338109988811,0.24450432958116042,0.22769947767072546,-2.0,-2.0,-2.0,0.15197951127716036,-2.0,-2.0,-2.0,-2.0,-2.0,0.008161495455255574,-2.0,-2.0,-0.0803280694719759,-0.11267909708496715,-0.14657026165744025,-2.0,-0.21926685323975448,-0.25822799897400284,-0.29904106158207633,-2.0,-0.38657680722011634,-0.4334870121760592,-2.0,-0.5340947764603904,-0.5880078702582062,-2.0,-2.0,-0.7655872109404237,-2.0,-0.8984567228112845,-2.0,-1.0442271563325738,-2.0,-1.204148397338971,-2.0,-2.0,-2.0,-2.0,-2.0,-2.0,-1.8963436853657032,-2.0148411584830845,-2.13895395347725,-2.268947978528854,-2.0,-2.0,-2.6970691661331445,-2.0,-2.0,-2.0,-2.0,-2.0,-3.7541619564120987,-2.0,-2.0,-2.0,-4.640833773496996,-2.0,-5.14966619707291,-2.0,-2.0,-2.0,-2.0,-2.0,-6.991891363305786,-2.0,-2.0,-8.123569915226822,-2.0,-2.0,-2.0,-2.0
0.05542664520663104,-0.11050119416743752,-0.10614881878860183,-0.10162438025269918,-0.09689430449326666,-0.0919484465335625,-0.0868062683415961,-0.08150952731970079,-0.07597229706281149,-0.07018271350306061,-0.06420698679161634,-0.05801820940640405,-0.05154806293721347,-0.04484569930413523,-0.037939815729670305,-0.030720215815319828,-0.023281561841058323,-0.015586986682284651,-0.007556191458965241,0.0006339582624745538,0.009195469867111561,0.017954577616152562,0.027054806482649286,0.03638145453730971,0.04604161118657491,0.05591551481041083,0.06615634985434067,0.07655142507059635,0.08731157409571814,0.09827692702108025,0.10949694918634635,0.12103493221794087,0.13270782021309896,0.14462459303627223,0.15679966140995702,0.16914569768535687,0.1815965068158173,0.19423265739829224,0.20702547928142584,0.21994518369754215,0.23286062649701955,0.2458071394320007,0.25878395812692095,0.2717565910485976,0.2846897819247746,0.2975485970212799,0.31028427659888785,0.3227747072140293,0.3350592926355277,0.34712154488752534,0.35893265719884715,0.3704708259859162,0.3817169354576926,0.3924797084237217,0.40280248391325263,0.4127859200643464,0.4224557795830111,0.43147337990597057,0.4400381602966927,0.4483639319668563,-2.0,-2.0,0.4698809266135998,0.476240715130647,0.48196138070654776,0.487538415148105,0.49227088969529975,0.4970274177670635,0.5011954301253935,0.5047492692148696,0.5083508895218012,0.5115369401314355,0.5141440999433851,0.5163769181789114,0.5186571126977951,0.5206545140014827,0.5222266370112957,-2.0,0.5242795987901336,0.5249394662800919,0.5256103432659398,0.5260817834150103,0.5262561565383397,0.5261532892138135,0.5257893574104204,-2.0,-2.0,0.5232437134159967,-2.0,0.5204082346938101,0.51869616910881,-2.0,0.5149526876536551,0.5127800733109589,0.5103704747870296,0.5077227040474259,0.5048348793029422,0.5017032281274213,0.49832424696546596,-2.0,0.49080498253810456,0.48665166587981606,-2.0,0.4775228153117497,0.47253007410287007,0.4672394418642874,0.4616403293764245,0.4557216596024257,0.44947210619978173,0.44287766511939153,0.4359259377033995,0.4286025171186548,-2.0,0.41277828875484934,0.404244250142735,0.39527248628489886,0.3858437734745683,0.3759378874870279,-2.0,0.3546108769187398,-2.0,0.331110157278582,-2.0,-2.0,-2.0,0.27676775268468395,0.26148600734240884,0.24546197734335806,0.22866291217568951,0.21105158276805586,0.19259069331189976,0.1732413424289363,-2.0,0.1317080372655512,-2.0,-2.0,-2.0,0.03601462279226508,-2.0,-0.018965167292103957,-2.0,-2.0,-2.0,-0.14555249891926803,-2.0,-0.21824444392032194,-2.0,-2.0,-0.3407648940930528,-0.3855463694991317,-0.43245480042348183,-0.4815906781685946,-2.0,-2.0,-0.6434408555448353,-0.702590097132992,-2.0,-2.0,-0.8974130260938767,-0.9686090738789203,-1.0431812151760789,-2.0,-1.203100415960472,-1.2887900940312613,-1.3785418383976826,-1.472547936015952,-1.571009698142481,-2.0,-2.0,-2.0,-2.0,-2.0,-2.0,-2.0,-2.546650085069506,-2.696011746327933,-2.85245042015653,-3.0163012786121595,-2.0,-2.0,-2.0,-3.7531017864245855,-2.0,-4.17593051944287,-2.0,-2.0,-2.0,-2.0,-2.0,-5.706788933847258,-2.0,-2.0,-6.647199178711337,-6.990827547211357,-7.350734510559993,-7.727691306953574,-2.0,-2.0,-8.96912961584857,-9.422753503329146,-2.0
0.05384628913753366,-0.11262516537833143,-0.108343954624855,-0.10394898667138079,-0.09935451966060868,-0.09455071267925058,-0.08952727069301886,-0.08433995700176979,-0.07896140032319987,-0.07333803024576249,-0.06745778079183473,-0.061433372492208135,-0.05514876298374436,-0.04857773911876508,-0.041824093532232175,-0.0348114784302069,-0.027479483863803788,-0.019987614192603597,-0.012174003884483083,-0.004089321004697478,0.004226915622593447,0.012895257176244807,0.021734936264815975,0.03097222782401979,0.04035641433856985,0.05014429194093362,0.060091985574587,0.07040484351749086,0.08093599829822477,0.09174267548810476,0.10287581184913043,0.11413851125282981,0.1257138901292607,0.13756455588654232,0.14951327637238296,0.16171314711263535,0.17413993264076877,0.1867142738716179,0.19935883639743734,0.21215067483010372,0.22505908108104478,0.23805226128343981,0.25108433286436144,0.26402963004514846,0.2769516918044412,0.2898198042157175,0.3025980142527433,0.3152510786363439,0.32774561555293136,0.3400392954135021,0.35199286233176086,0.3636426420860356,0.3749975745475328,0.38604322954639037,0.3967775859778547,0.407030906828934,0.41674736437921195,0.4261362016722592,0.4351889868988959,0.44348971629540046,0.4515110425027403,0.4590707377818234,-2.0,0.4727007571743906,0.4786441924709193,0.4844132377046875,0.4896242220034568,0.4942719640750278,0.49889665483461315,0.5027575174574113,0.5062516484423908,0.5097556513936841,0.5126924567686155,0.5150814993219109,0.517270701889213,0.51946857490779,0.5212676800119085,0.5226570527543429,0.5236818576425175,0.5243832629454225,0.5249909252939992,0.5255707902710551,0.5258773932486395,0.5258912536453648,-2.0,0.5251113797890924,-2.0,0.5233359544396817,0.5220960003348013,-2.0,-2.0,0.5170996999123014,-2.0,0.5130505609486157,0.510691475485844,0.5080901318529547,-2.0,0.5021529254155059,0.49881080744871276,0.4952136208912101,0.4913563409149547,0.4872318479371445,0.4828340735173534,-2.0,0.4731855776700734,0.4679165318293517,0.4623376678291571,0.45643839348948223,0.4502059501439435,0.44362866152765046,0.4366927030718718,0.4293843260215714,0.42168739937146543,-2.0,-2.0,0.39610447250411884,0.38668646254535793,0.3767909644989634,-2.0,-2.0,-2.0,0.33199896995117456,-2.0,0.3061398905312154,0.292251566145811,0.27768502647978005,0.2624092396936922,0.2463914235848269,0.2295975238246976,0.21199159534607476,0.19353600008263577,0.17419127011588387,-2.0,-2.0,0.110398397888186,-2.0,0.06261038506035321,0.03698857129256983,0.010142579530033835,-0.017984841573051802,-0.04745458300911587,-2.0,-2.0,-2.0,-2.0,-2.0,-0.2562048453824749,-2.0,-0.3397621699974229,-2.0,-0.43144832538335154,-2.0,-0.5320493881847915,-0.5859593671302019,-2.0,-0.701575933633196,-0.7635302125397602,-0.8284234636243174,-2.0,-0.9675895718206309,-2.0,-1.1202675062642067,-2.0,-2.0,-2.0,-2.0,-2.0,-2.0,-2.0,-2.0,-2.0,-2.1368687671669218,-2.0,-2.0,-2.0,-2.0,-2.0,-3.0152677820594747,-3.186881385310229,-3.366625935595402,-3.554886518684773,-3.7520664915807456,-2.0,-2.0,-4.401448333555874,-2.0,-4.887263939470783,-2.0,-2.0,-2.0,-6.004828637406287,-6.3180747509884405,-6.6461604033310335,-6.989788477194938,-2.0,-7.726651810212069,-8.121465761964183,-2.0,-8.968089520894555,-2.0,-2.0
0.052310993080562605,-0.11468714235676487,-0.11052752973218082,-0.10620576489178046,-0.10174293351753579,-0.09707701972703993,-0.09219800694517734,-0.0870954525176903,-0.08186330197362593,-0.07640126935587818,-0.07069002273555318,-0.0647489447519553,-0.05864445090013918,-0.05226207938525881,-0.04559518562424288,-0.03878345122438245,-0.03166193241002455,-0.024260040730017234,-0.01667038099498749,-0.008735345297429566,-0.0005969944932484599,0.007847892286487457,0.01656982049976931,0.025545816905640426,0.03483646311642911,0.0443645002324169,0.05420374168616245,0.06430433722405172,0.07466647997019733,0.08535933970644506,0.09621213229142127,0.10740578457009123,0.11882135051653557,0.13043363913526004,0.14233235541880868,0.1544452137012163,0.1666694092746438,0.17911268934477187,0.1917481282489594,0.20452905299565793,0.21731896471176307,0.23021454060119154,0.24318358385676037,0.2561924764081967,0.2692070015377044,0.2821779150746323,0.29498641081167015,0.3076810303785995,0.3202336363023219,0.33260964861788606,0.3447772632028719,0.3567088755595322,0.3683502798730965,0.37954092211619145,0.39037511367528366,0.40087380521164984,-2.0,0.42071015714020527,0.42979887010249496,0.4386052271438455,0.44692723252111993,0.45458010928628856,0.4620827422177866,0.46872742859064187,0.47530382397980075,0.48100385332228895,0.48670163514430864,0.4915475752565296,0.4962226591125222,0.5005867908958778,0.5041836390801255,0.5076896924982321,0.5109976866863877,0.5136942233224171,0.5159048194702583,0.5180814392218435,0.5201275454932095,0.5217311755907396,0.5229400258958499,0.5237952603987259,0.5243730858987674,0.5249293957591014,0.5253758225729146,0.5255162350847494,0.5253676372711747,-2.0,0.5242679113633686,-2.0,0.5221728626366161,0.5207708384480162,0.5191389252276236,-2.0,0.5153254715365897,0.5132454901724793,-2.0,0.5083878432728363,0.5055876031078105,0.5025371692176788,0.499233055825966,0.49567120800084474,0.49184641952028774,0.4877527843164265,0.483383211195772,0.4787302661500205,-2.0,0.46853897151387097,0.4629815506276478,-2.0,0.4508884712822522,0.44432843289737367,0.43740872430786437,0.4301153144496209,0.4224328099454456,0.4143456451615214,0.4058365829458528,0.39688832963196996,0.387481759660027,0.3775968053092847,0.3672127502042988,0.35630785534417253,0.34485885644658104,-2.0,-2.0,0.3069979598116811,0.29311686633398687,0.27855712570144114,0.26328754433954277,0.24727585432778465,0.23048770918174993,0.21288723581923324,0.1944368342552189,0.17509699336521622,0.1548264087319603,0.1335821551530792,0.11131773795637373,0.08798586652781648,0.0635371619766788,0.03791894781781291,-2.0,-2.0,-0.04651442412837281,-0.07738608966215632,-0.10972897065317044,-0.14361238971763657,-0.1791089240982986,-0.21629460003648804,-2.0,-0.2960557773733613,-2.0,-2.0,-0.43048442549366106,-2.0,-2.0,-0.5849903331672597,-0.641457211618879,-2.0,-0.7625567404733482,-0.8274486482298051,-0.8954186121699874,-0.9666122563535995,-1.0411821049850116,-2.0,-2.0,-2.0,-2.0,-2.0,-2.0,-2.0,-2.0,-2.0,-2.0117697861718433,-2.0,-2.0,-2.0,-2.544628096506598,-2.693988625023327,-2.85042623267939,-2.0,-2.0,-2.0,-2.0,-3.7510729233339895,-3.9575943297290253,-4.173900071070236,-4.400453588208503,-4.6377402666678735,-4.886268496202142,-2.0,-2.0,-2.0,-6.003831979549005,-6.317077830737402,-6.645163218503132,-6.988791066304924,-7.348697600755555,-7.725653919830448,-8.120467659280942,-2.0,-8.96709101883679,-9.420714541600807,-9.895827158499184
0.050819472258994136,-0.11668887768215977,-0.11264900879029452,-0.10842358221255077,-0.1040615588024477,-0.0995294887685927,-0.09479067583099662,-0.08983497945646074,-0.0846803601578493,-0.07937495051581188,-0.07382775892327167,-0.06802689186064337,-0.06203791776293852,-0.055838692190268734,-0.04935659814057474,-0.042639317447654056,-0.035722059147193265,-0.02848945248870342,-0.021035280231458228,-0.013327961190802907,-0.005279849446807872,0.0029229113233783686,0.011499032167947584,0.020274503938728015,0.02938954301866046,0.03873296859729595,0.04840831266221728,0.0582988428954888,0.06855542794042326,0.07896647213569567,0.08974326002526069,0.1007233472233548,0.11195843859717482,0.12351119198402181,0.13519808701933797,0.14712733868907896,0.15931395627607453,0.17167310635923663,0.18413222907468307,0.19677517948037435,0.2095722357224336,0.2224940640419456,0.2354176514677491,0.24836118117873196,0.2613320894985976,0.27429519422581117,0.28721502363432555,0.300056309701268,0.31277814888705036,0.32525545135525635,0.3375098506678833,0.3495363849454953,0.3613063474114787,0.3727972750291574,0.383994671471979,0.39472972546537016,0.404987465754248,0.41489873598239857,0.4244975745158131,-2.0,0.4419412694135685,0.450186033749985,0.4576429542397712,0.46484714033853086,0.4714582209644899,0.47769470490763916,0.4833405215808244,0.4887998303869029,0.4934276965498627,0.4980848429932165,0.5021196714627427,0.5055604099308612,0.5090510842573248,0.512097214631745,0.5145626261979995,0.5166649182877507,0.5188123788709794,0.5206538101941695,0.5220656328209125,0.523095195734259,0.5237812470466617,0.5242722906797754,0.5247667746677109,0.5250440021859288,0.525016399627632,0.5247030541408242,0.5241194400970832,0.5232776454955689,0.5221870649159495,0.5208546548049313,-2.0,0.5174837353718447,-2.0,0.5133890937195561,0.5111375800939824,0.5086373401962035,0.5058848393022595,0.5028781103184793,0.4996144899990864,0.4960898845261966,0.49229933311107377,0.48823745350297115,0.4838974391913041,0.47927184445017396,0.47435238891949105,0.46912999069577216,0.46359462499786463,0.4577356331659256,0.4515414643086274,0.44499975038085005,0.43809732801365375,-2.0,0.423152434613897,0.4150790356319749,0.4065834667851468,0.3976473960298935,-2.0,0.3783786672823812,0.36800522956546833,0.35711008250589205,0.345670379105205,0.3336620478920354,0.3210586694882502,0.3078344778466331,-2.0,-2.0,-2.0,-2.0,0.23135757785002126,0.2137625857508067,-2.0,0.1759827755470048,0.15571720999146565,0.13447691067048356,0.11221691392575767,0.0888896024993242,0.06444481196103147,0.03883022235523981,0.011991186410229226,-0.01612985327537564,-0.045592953776422473,-0.07646168726673974,-2.0,-2.0,-2.0,-0.21535945834867032,-2.0,-2.0,-2.0,-2.0,-2.0,-0.47866901632876924,-0.5301324687262088,-2.0,-0.6405043589369119,-2.0,-0.7616005885264451,-2.0,-2.0,-2.0,-2.0,-1.118325839165311,-1.2001338675183715,-2.0,-2.0,-1.4695727277142665,-2.0,-2.0,-1.7791718771577159,-1.892304913924637,-2.0,-2.134909613868167,-2.2649010448765594,-2.0,-2.5436551952863615,-2.0,-2.8494521812744704,-3.013301478613953,-3.184914079456433,-3.364657663481012,-3.552917331290414,-2.0,-3.956617410676058,-4.172922748810677,-4.399475878752139,-4.636762189716978,-4.885290068482774,-5.145591984354952,-5.418225638551409,-2.0,-6.002852299509594,-6.316097873020003,-6.6441829946955995,-6.987810589939605,-7.347716882196814,-7.724672971041351,-8.11948648607941,-8.533003325469048,-2.0,-9.419732771629562,-2.0
0.049370478528390015,-0.11863224954966879,-0.11470861607828418,-0.110604939481218,-0.10631291710977167,-0.10191043842112582,-0.0973077260956467,-0.09249458764881494,-0.08746069381396948,-0.08226192056700213,-0.07687397756161028,-0.07123994163583118,-0.06534771295262673,-0.059311035298660504,-0.05301517872624625,-0.046431405474588454,-0.039663907336357974,-0.03263902773800801,-0.02529310947766569,-0.017786801660501374,-0.009959488398102595,-0.0018586934585429872,0.006471205293067541,0.0151565804606951,0.02401004874004723,0.0332642160287259,0.042662939218516875,0.05246786667878196,0.06243013332878842,0.07275927742335288,0.08330566775658026,0.09412740983813825,0.10527660530887871,0.11655272198493423,0.12814121128450373,0.14000717578649594,0.1519663254710394,0.1641758974271484,0.1766107563956231,0.18919777681290295,0.20184663723809163,0.21464063077939224,0.22754856755949793,0.24053857286263342,0.2535710114443499,0.266514081502579,0.2794235471891123,0.2922750255848865,0.30503220986202556,0.31765976107503097,0.3301234004089349,0.34238913346604455,0.3543232007121842,0.3659271396601315,0.377230003022231,0.38821704945241686,0.3988859875039936,0.4091077433145011,0.4187495476280084,0.4280531460651957,-2.0,0.4452678234945878,0.4531826349316384,0.4606837513484697,0.4674790624467481,0.47411779820463373,0.4799415432671671,0.4856299770620315,-2.0,0.49526024156223275,0.49976433534297726,0.5034873782325875,0.5068760606360958,0.5102514673937428,0.5130428619128843,0.51528503761075,-2.0,0.5193959104421851,0.521031921105628,0.5222538785754602,0.5231054097571288,0.5236294534905418,0.5240621671392363,0.5244535123583015,0.5245567170326039,0.5243592877440579,0.5238783524766781,-2.0,0.5221202850398564,0.5208621302406528,0.519359834764933,0.5176186406955051,-2.0,0.5135083781137716,0.5112664691412458,0.5088210641743113,0.5061188398305626,-2.0,0.49993712290630843,0.496452128233398,0.49269736791457064,0.4886689382825898,-2.0,0.47976321958755314,0.4748705631644955,0.4696728479952352,-2.0,-2.0,0.4521492709537013,0.4456264085200986,0.43874157232940636,-2.0,0.4238288037427989,0.4157703022059537,0.4072884957314382,0.39836538882468775,0.38898250232358306,-2.0,0.3687575524848632,0.357872803452433,-2.0,0.33444336127073365,0.3218485208458412,0.30863246243600073,0.2947661882530998,0.28022068203632483,0.2649647542666617,0.24896585450431674,0.23219001968112513,-2.0,0.1961613046642629,-2.0,0.15657152323634482,0.13533563504246576,0.11308013329022143,0.08975698084507122,0.06531624002165837,-2.0,-2.0,-0.015247365852849692,-2.0,-2.0,-2.0,-0.14178763205347356,-0.17727885424666168,-2.0,-2.0,-0.2942112673599101,-2.0,-0.3817266930565103,-0.4286274601019944,-0.477756034174335,-0.5292176738866379,-2.0,-0.6395863320452202,-2.0,-2.0,-0.8255688150599725,-0.8935361003870885,-0.9647271894068823,-2.0,-2.0,-2.0,-1.2848905864886673,-2.0,-2.0,-1.567099107998294,-2.0,-1.7782372939137951,-1.8913695284926084,-2.009863384944966,-2.0,-2.263963460515442,-2.4001140877700267,-2.0,-2.0,-2.0,-2.0,-2.0,-2.0,-2.0,-3.7491538438351246,-2.0,-2.0,-2.0,-4.635817972721356,-2.0,-5.144647066415138,-5.41728039066417,-2.0,-2.0,-2.0,-2.0,-6.986863907540969,-2.0,-2.0,-8.11853909484718,-8.532055713218957,-8.965161624135428,-9.418784755958479,-2.0
0.04796279933211694,-0.12051895763597169,-0.1167081636745401,-0.11272267532248166,-0.10855395331700685,-0.10422195658546819,-0.09975136913832584,-0.09507661637477088,-0.09018768173155406,-0.08507409114556418,-0.07983136515020553,-0.07435926139999037,-0.06863665651786574,-0.06268211172376548,-0.056567045887757246,-0.05017264664907833,-0.043490753515941706,-0.036667604336850464,-0.029532947685907664,-0.0221156763299171,-0.014513171610189973,-0.006563470328692933,0.0015899031696317476,0.01004947012572666,0.018787266655296127,0.027778126879718264,0.0370848723868678,0.04662814805105832,0.05648314514083023,0.06659951700456966,0.07697644906989622,0.08768592546127157,0.09855236904470528,0.10975968095561588,0.12119085204787519,0.13281486824437289,0.14472407077596977,0.15685190022760379,0.1690836567446607,0.1815330715425075,0.19417276976815967,0.2069634168644351,0.21975550365323673,0.23264838347447717,0.24561164108152325,0.25861143225512595,0.2716131156778497,0.2845762187864647,0.2973761545930139,0.31004652403013755,0.32257025566357655,0.33491161786892787,0.34703950246862336,0.3589249782409327,0.3705312456703019,0.38168526168359146,0.3924559643458238,0.40288413755460106,0.4129840238272083,0.42260556207560696,0.4316056361427627,0.44031310074442165,0.4485807309730173,0.4561267850684259,0.4635353465955013,0.4700893668230411,0.47655541063394036,0.4821560534479289,0.4877466509195752,0.4924643452173561,0.49704994918537104,0.5012708469965704,0.5047364333132076,0.5081349002823499,-2.0,0.5138414984306382,-2.0,0.5179496467728297,0.5198333048807349,0.5212671587139734,0.5223010249027089,0.5229750676701695,-2.0,0.5237461985201559,-2.0,0.5239174110563768,0.5235474310061385,-2.0,0.5219764016171076,0.5207972781883221,0.5193667602771689,0.5176902910574736,0.5157713274967628,0.5136250252934735,0.5113502630137041,0.5089447010082295,0.506295808021822,0.5033840719627242,0.5002077035964232,0.4967633816025425,0.4930471408496464,0.48905398942897876,0.4847774611071345,0.4802106202958953,0.47534590702423596,0.47017437388980915,0.4646865467468948,0.45887226314424423,0.4527189386676459,0.446215761557091,0.439349491893824,0.43210605290389026,0.4244702472527911,0.4164268650279923,0.40795923949062995,0.3990497581471052,0.38967945422420996,-2.0,0.36947758659155994,0.3586032996032059,0.3471835112863733,0.33519306558367706,0.3226074576198205,-2.0,0.29554147181521756,0.2810035767695543,-2.0,0.24976249455369992,-2.0,0.21540993499182354,0.19697608050021959,-2.0,0.15739637103044357,0.13616583782982966,0.11391533830651751,0.09059624478694717,0.06615967554417579,-2.0,0.013721368869364814,-0.014392623966342444,-0.043848793379990036,-2.0,-2.0,-0.14092023761770045,-0.1764086756851464,-0.21358665195122084,-2.0,-0.29333352714321914,-0.33607324519667015,-0.38084428715767304,-0.42774319948396033,-0.47686980939641155,-0.528329568969097,-2.0,-0.6386947409729117,-0.6978365884029765,-0.7597849660807539,-0.8246725895971798,-2.0,-2.0,-1.0383943672338565,-1.1164966478933855,-1.1983022898489435,-2.0,-2.0,-2.0,-2.0,-2.0,-1.7773287307308188,-2.0,-2.0,-2.0,-2.2630518695961745,-2.0,-2.0,-2.0,-2.847597962810013,-3.011446111163382,-3.183057672436457,-3.3628002388768903,-2.0,-3.7482371037176945,-3.9547572009577125,-4.1710616917004515,-2.0,-2.0,-4.883426705420811,-2.0,-5.416360906840783,-5.70190977743558,-6.000986319423707,-2.0,-2.0,-2.0,-7.345848727336141,-2.0,-8.11761740046478,-8.531133796248014,-2.0,-9.417862423011723,-9.892974473605022
0.0465952566866468,-0.12235070019536061,-0.11864944339894573,-0.1147786905481493,-0.11073014692393436,-0.10649513668524956,-0.10212377950420652,-0.0975833823694647,-0.09283517117890029,-0.08786897770361889,-0.0827025508320785,-0.07738765262540241,-0.0718297257044744,-0.06601684235301833,-0.060015403685536255,-0.05380483033417265,-0.04730996642277591,-0.04057880210465701,-0.03364923947230682,-0.02640265796922881,-0.01893421495901218,-0.01121313408964376,-0.0031492817822614907,0.0050671988516323195,0.013658987998816633,0.022449112704399678,0.03158007207320789,0.04093828919658095,0.05062997662662739,0.06053488562043259,0.07080839892841594,0.08123324126115192,0.09202354706463915,0.1030195948880482,0.11426670031646319,0.12583135822424932,0.1375329738893014,0.1494710762381073,0.1616652239199949,0.17403868085811114,0.18650181844114236,0.19914656300387548,0.21194348008261737,0.2248623451989918,0.23779476141199948,0.25072981617282514,0.26368873791261627,0.2766359652098107,0.2895357155174713,0.30235236566603285,0.315050642386788,0.32751683765683953,0.3397328488173292,0.3517151415449194,0.36343469475499124,0.3748687112988526,0.38600324428013233,0.39671093681057396,0.4068944023157971,0.4167219895460637,0.4262334614846753,-2.0,0.44352557465776926,0.45167392001666173,0.4590569955827156,0.4661325469678246,0.4726772295323113,0.4787710981049015,0.4843381642041659,0.48966195052472244,0.4941765015827433,0.4987223772845122,0.5026089782149383,0.5059268100095031,0.5092937026908723,0.5121845505156396,0.5144928703169294,0.5164532545328634,-2.0,-2.0,-2.0,0.5222044467667976,0.5227008587620858,-2.0,0.5233083519462557,0.5233720610707477,0.5231216343499772,-2.0,0.5217513427672945,0.520657286735258,0.5193032619408143,-2.0,0.5158394451051879,-2.0,-2.0,0.5090078509610375,0.506413625165271,-2.0,0.5004244210561178,-2.0,0.4933474489493196,0.489391250720779,0.4851487276875023,-2.0,0.4757782361723256,0.4706340432596298,0.4651715308054605,0.45938043100806336,0.45324962759542353,0.4467671025835235,-2.0,0.4326944990800482,0.42507564594136565,-2.0,0.40859568933411694,0.3997000778711238,-2.0,0.38050507977077613,0.3701650802843468,0.35930167912181243,0.34789189200296117,0.335911466857235,0.3233353707852304,0.31013595623928525,0.29628627256538315,0.2817558224148084,-2.0,0.25052916485831234,-2.0,0.2161894070866685,0.1977616394393233,0.17844306120522857,0.1581927408254692,0.1369674965536541,0.11472129351787702,-2.0,0.06697523819559914,0.04137224858094213,0.014544531075377232,-0.01356586072366206,-0.043018919530120714,-0.07387778399297762,-2.0,-2.0,-0.17556600702309044,-0.2127412505091062,-0.25168579428758653,-0.2924830514820199,-0.33522041841093286,-0.3799894344649638,-0.42688600036622115,-0.4760105798261507,-0.5274682051103625,-0.581369718467144,-2.0,-0.6969701616232782,-2.0,-0.8238030550146191,-2.0,-0.9629558690264088,-1.0375206996644695,-2.0,-1.19742628614277,-2.0,-2.0,-2.0,-2.0,-2.0,-2.0,-2.0,-2.0,-2.1321772279101956,-2.0,-2.0,-2.0,-2.690274707146198,-2.846709960165145,-3.010557552878047,-2.0,-2.0,-3.550168748330347,-2.0,-2.0,-4.1701701197730685,-2.0,-4.634007097530227,-4.882533925292961,-2.0,-5.415467410999396,-2.0,-2.0,-2.0,-6.641421141351028,-2.0,-7.34495345482833,-2.0,-2.0,-2.0,-2.0,-9.416965993955015,-2.0
0.0452667061957886,-0.12412911228762698,-0.12053419233766052,-0.11677482527912796,-0.11284294718692375,-0.10873013940124611,-0.10442780402547253,-0.10001713279743932,-0.09540552793412767,-0.09058243021279176,-0.08553750122425996,-0.08032784888591725,-0.07492977725979667,-0.06928433956590013,-0.06337945541693969,-0.0573312630590271,-0.051023293885739486,-0.04442605478253193,-0.037645683926370015,-0.030607668173863463,-0.023246988808316993,-0.015727466986550764,-0.007885490418370259,0.00022989117451658204,0.008574467447789039,0.01727508564780248,0.026143415176577166,0.03541339142469781,0.044826787536723985,0.054646536892473854,0.06462446375485105,0.07496738156709384,0.08553012179782647,0.09636418999301362,0.10753075870846968,0.11881707245573594,0.1304153816911502,0.1422967549687344,0.15426387154511131,0.16647912236036233,0.17891788342233114,0.19151844218464995,0.20416715657020196,0.2169584224277777,0.22986086207061526,0.24284200859983068,0.2558678085539946,0.26881058601759056,0.28170110848740476,0.29452932669758897,0.30725849198856126,0.3198527565629346,0.33227795218697725,0.34450292682430533,0.3564204324812025,0.3679702060145008,0.3792112905802004,0.39012967162656426,0.4007225520043982,0.4109025268789716,0.42046585745471027,0.42967189120258253,0.4385740701163953,0.44673085785834965,0.4545249376688807,0.4619569236447718,0.46862594996816875,0.47517280203687534,0.4808668200746142,0.4864633145674733,0.4913843338231385,0.4958430839483816,0.5002112217238008,-2.0,0.5070570768606718,0.5102887049199424,0.5129193071828977,0.5149995123841208,-2.0,0.5188071681921818,0.520263642141177,0.5213005944987709,-2.0,-2.0,0.5225327250894728,0.522715687291585,0.5225955875810087,0.522164951084795,0.5214417131899526,0.5204385952618961,0.5191662778612857,0.5176323260727679,0.5158423513961704,0.5138000703547342,0.51150901316307,0.5090514265428402,-2.0,0.5036647858490453,0.500585656210983,0.4972308355637769,0.49359680573252274,0.4896792195218059,0.48547275950049007,0.4809709163130637,0.4761666638018426,0.4710506134316443,0.4656146332841169,0.4598483190410143,0.45374062668825166,0.4472795351250404,-2.0,-2.0,0.425644580932429,-2.0,0.40919633589911664,0.40031531178327395,-2.0,0.3811467311899744,0.3708190990433058,0.35996715517685574,0.3485681710669248,0.3365979608893133,0.3240309820871618,0.31084088723339576,0.2969994913930904,-2.0,0.26724379309943197,0.2512656154336783,-2.0,0.21693923062838655,0.19851758888782228,0.17920496690613685,0.15895981949047855,0.1377395508509645,0.11549873606155453,0.09218893638069214,-2.0,0.04216315785044611,0.015339555228158663,-0.012766958316559385,-0.0422164870699151,-0.07307218939412174,-0.10539972332540748,-0.13926850109410938,-0.17475110679346928,-2.0,-2.0,-2.0,-0.3343950415902641,-2.0,-0.4260561131740923,-0.47517859915721883,-2.0,-0.5805335236607114,-2.0,-2.0,-0.758075905604239,-2.0,-2.0,-2.0,-2.0,-2.0,-2.0,-2.0,-2.0,-2.0,-2.0,-2.0,-2.0,-2.0,-2.0,-2.1313190457807485,-2.0,-2.397456093686687,-2.0,-2.0,-2.845848324528865,-3.0096953129911466,-2.0,-2.0,-2.0,-2.0,-2.0,-2.0,-2.0,-2.0,-2.0,-2.0,-2.0,-2.0,-2.0,-2.0,-6.6405525718681835,-6.984179073832673,-7.344084328888917,-2.0,-8.115851983764276,-2.0,-2.0,-2.0,-2.0
0.04397603609302719,-0.12586646537041826,-0.12236409118401134,-0.11871285946267852,-0.11489424988222172,-0.11090007286043804,-0.10672178726167338,-0.10238004428406759,-0.09790107338450121,-0.09321688789386177,-0.08831746043659867,-0.08319229822225285,-0.0779396007047705,-0.07245673169101138,-0.06672212400467692,-0.06075506043878235,-0.0546286169315812,-0.04822146173612583,-0.04152587162950968,-0.034690333200180314,-0.027541745545159313,-0.02011050177849742,-0.012494246964730735,-0.004529044078585227,0.003637939159521328,0.012112943514456222,0.020864757764555812,0.029871454907669195,0.039192178046603916,0.04875168346318416,0.058620081103102864,0.06875322124166036,0.0791424904927958,0.08986940851226201,0.10074684687621904,0.11196447207668667,0.12341221161190581,0.13504409893528474,0.14696057719149844,0.15910388946630322,0.1713394915232462,0.18379073438584256,0.19643003987285723,0.20922558729268553,0.2220203877420777,0.23490517076453543,0.24785707704160972,0.26084168882364916,0.27382420540753527,0.28676933100217405,0.29956392772300067,0.31220278588526895,0.3246893978426978,0.33698845562566293,0.3490674599620767,0.36089832258135573,0.37245472106172933,0.38357530358822245,0.39427204150169254,0.4046186542542588,0.414629154214212,0.4242024918009487,0.43310899082611265,0.4417041391099625,0.4499056851456055,0.4573375921137552,0.4646360170196888,0.4710942649151839,0.47743292401560894,0.48292761293644987,0.4883956823856235,0.4929742485716857,0.4974603445092504,0.5015216181915904,0.5048446674129661,0.5081248137775762,0.5111205941317859,0.5134996221788357,-2.0,-2.0,0.5190062047681353,0.5202529325132988,0.5210938156602707,0.5215683569438485,0.5217676225938618,0.5219420757794018,0.5219622995097465,0.5216558383720389,-2.0,0.5201371974317954,-2.0,0.5174970543374136,0.5157780427606826,0.5137999512030269,0.511565745673135,0.5090927460988759,0.5064791650249896,0.503715851960698,0.5006896234084015,0.4973831233472701,0.49379381070348816,0.4899170260266636,0.48574831995589807,0.4812814210310807,0.4765090577892698,0.47142338489628405,0.46601519475725817,0.46027462056464497,-2.0,-2.0,-2.0,-2.0,-2.0,0.41818314752276486,0.40976168233772714,0.40089583866733935,0.39156659105806085,0.38175446185814293,-2.0,0.3605992753201085,0.34921184374099207,-2.0,0.3246948438168881,0.31151402832819386,0.29768147096819225,0.28316773050617045,0.267941781010306,0.2519712154395497,0.23522205219673092,-2.0,0.19924353029702008,-2.0,0.15969729675326605,-2.0,0.11624643560353481,-2.0,0.06851914551327687,0.0429245988415482,0.01610549082927526,-0.011997042618686948,-2.0,-0.07229502349568173,-0.10461912390931727,-0.13848468630914978,-2.0,-0.2111336092653101,-2.0,-0.2908647541697478,-2.0,-0.3783616831044755,-0.4252537825047704,-2.0,-0.5258278881747865,-0.5797253436087202,-0.6361817649773885,-0.6953186178975433,-2.0,-0.8221450060995106,-2.0,-0.9612919176930849,-2.0,-1.1139524143923096,-1.1957544772387019,-2.0,-1.371178883661885,-1.4651769818304186,-2.0,-1.666752741073421,-1.7747621068000978,-2.0,-2.0063814228944636,-2.0,-2.0,-2.3966230938728894,-2.0,-2.0,-2.845013202362523,-2.0,-2.0,-2.0,-2.0,-2.0,-2.0,-4.168465974013854,-2.0,-2.0,-4.880827259430343,-2.0,-2.0,-5.699307090924539,-2.0,-2.0,-2.0,-2.0,-2.0,-7.720196396564943,-8.115008710572274,-2.0,-8.961629416852267,-9.415251704628634,-2.0
0.04272216631116735,-0.12758367029397458,-0.1241407883870826,-0.12059453002907562,-0.11688587274263842,-0.1130068802589732,-0.1089492202826791,-0.10470422526371426,-0.10032401644879867,-0.09577470615253729,-0.0910165486270096,-0.08603934677084898,-0.08086187263395031,-0.07553682544855378,-0.06996753165752868,-0.06414203749006922,-0.05812907155163142,-0.05190647789433501,-0.04539814757629459,-0.0386543017126419,-0.03171163292596432,-0.02445035791552939,-0.016969054605514577,-0.009233396903510712,-0.0011555060612674275,0.007075573904571315,0.015683841891809595,0.02448675544798333,0.03363456430872495,0.043005376658078395,0.05271427252080009,0.06263128457589096,0.07292249726143447,0.0833581204699858,0.09415941508769829,0.10517230190914295,0.11642824392815064,0.12800056100976717,0.13971849190057883,0.15166169571956392,0.16385937587924054,0.17624782476642714,0.18871058791393594,0.2013526285033123,0.21414421893696567,0.22705448878221138,0.23999636504985938,0.2529172136267969,0.26585804547162895,0.27878297217381665,0.29165581979532107,0.30444097015507054,0.31710222249155184,0.32955984090259616,0.34173136587250824,0.35366062973382356,0.3653205191788749,0.37668786076438243,0.38774839426538626,0.3984180742560214,0.4085250888676635,0.4182571283531228,0.42766487616470117,-2.0,0.4447917135762101,0.45282574508493295,0.4601334482471726,0.46706442471266607,0.47353663849404587,-2.0,0.48495239820505065,0.4901215842068888,0.4945150505431933,0.4989344498173379,-2.0,0.505842323171594,0.5090710109159924,0.5117903989297842,0.5139257796483385,0.5157319155270091,-2.0,0.5190493884882066,0.5200885597307452,0.5207341292354097,0.521022278011901,0.5211284651446958,0.5212153382434807,0.5210436125671392,0.5205486868595246,0.5197488424372562,0.5186581750562212,0.5172868741185014,0.5156434461475582,0.5137337191395068,0.5115615637621506,0.5091290269098301,0.5064830277590091,-2.0,0.5007342975934479,0.49747905002092274,0.4939366612982039,0.49010309116768674,0.4859740478842608,0.48154395401104927,0.4768053706089619,0.4717512278951021,-2.0,0.46065863225197823,0.4546005519015137,0.4481849340475943,0.44140088209482997,0.43423414381119874,0.42667041158523294,-2.0,-2.0,0.4014399948032076,0.3921255977265407,0.3823276139219903,-2.0,0.36119776833482664,0.3498216751666016,-2.0,-2.0,-2.0,0.2983316715111955,0.28382657576296016,0.2686086885191927,0.2526458998571245,0.23590405257138697,-2.0,0.1999385539788024,0.1806381121265802,-2.0,-2.0,0.11696486914915577,-2.0,0.06924679227266894,0.04365788401418513,0.016842053834273285,-0.011256409008718382,-0.04069814983618214,-0.0715463994155785,-0.10386700813361449,-0.13772925085137633,-2.0,-0.21037214725956854,-2.0,-0.29009776849465174,-2.0,-0.37758948457248864,-2.0,-2.0,-2.0,-2.0,-2.0,-2.0,-2.0,-2.0,-2.0,-2.0,-1.035061422607905,-2.0,-1.1949592271468752,-2.0,-1.370381205821675,-2.0,-2.0,-2.0,-2.0,-2.0,-2.0,-2.129683050904855,-2.0,-2.0,-2.0,-2.6877717295970034,-2.84420503124057,-2.0,-2.0,-3.359400300082104,-2.0,-2.0,-2.0,-2.0,-2.0,-2.0,-2.0,-2.0,-2.0,-5.698492483175137,-5.9975674904512495,-2.0,-2.0,-2.0,-7.342425373119579,-2.0,-8.114191981730622,-2.0,-8.960812202073557,-2.0,-2.0
0.041504047578504746,-0.1292509315442784,-0.1258975645431938,-0.12242146891182237,-0.11881957161044608,-0.11505239024943649,-0.1111118570680724,-0.106989527530114,-0.10267693799364458,-0.09825809368411426,-0.09363708773391648,-0.0888035420865024,-0.08374709792523445,-0.07852731124780996,-0.07311852342497059,-0.0674611253401558,-0.06154304931762868,-0.0554842783444835,-0.04916364147108437,-0.04255223749818144,-0.03576020389122331,-0.028708342691519794,-0.021332250086400977,-0.013800912772984338,-0.00594349209885838,0.0021847033721326473,0.010544735592874629,0.0192586277973225,0.028142627122694226,0.03742629048907077,0.046855090153215886,0.05668711274469338,0.06668159810649942,0.07703560068469008,0.08761547537928194,0.09845892268116388,0.10964187664947385,0.12093689287400898,0.13254152162564933,0.14443399519013245,0.15641025087771718,0.16862706291624194,0.18106537744804657,0.19367983952796225,0.20632376459448173,0.2191073068010923,0.23199884242756394,0.24496555147753404,0.25797377572435265,0.2709207421023662,0.2837859260729707,0.29658425254686815,0.30927780205036365,0.32183120153871864,0.33420972788616354,0.3463813191184506,0.35827570386839236,0.36977085051666886,0.38094032064267247,0.3917793931231252,0.40228524427524487,0.41240932319819257,0.42189317424826717,0.4309890712280239,0.4397911937195135,0.44787407996210604,0.4555327804630579,0.46288206955392447,0.46941668327286645,-2.0,0.4814122991462242,0.4869029784622467,0.49165539122866114,0.4960112380727748,0.5002253393323296,0.5036292892737487,0.5067817221201956,0.5098524057377846,0.5123051946168351,0.5142098203320142,0.5159762146635798,0.5176825721194741,0.5189417317802871,0.5197750525989507,-2.0,0.5203426905852857,0.520375490801082,0.520328639091705,0.5199623475543081,0.519276575421023,0.5182863359161715,0.5170053589795979,0.5154430442608006,0.5136063839121344,-2.0,0.5091273400633703,-2.0,-2.0,0.5007255149210773,0.4975244100493339,0.49403149718782624,0.4902436040454346,-2.0,-2.0,0.47706205933124257,0.47204064628049175,0.466692176559917,0.4610070951747727,0.4549749827791846,0.44858451142284317,0.44182348829784646,0.43467806275488663,0.4271341549369519,0.41917698955208993,0.4107902767205156,0.40195659486452173,0.3926575743454785,0.3828740154367399,0.3725852511682053,0.3617706421324278,0.3504064498892447,0.33846854790181863,0.32593301726920315,-2.0,0.2989577936226068,0.2844614960977218,0.2692522099015892,0.2532974326091679,0.23656316232319413,0.21901370906160617,0.20061171321729615,-2.0,-2.0,-2.0,-2.0,0.09436755275290898,0.06995413499101921,0.044369266696415166,0.017558081272083803,-0.010536174088234262,-0.03997348601734729,-2.0,-2.0,-0.13699418997801172,-2.0,-0.20963071764305008,-2.0,-2.0,-2.0,-0.37683711744827086,-0.4237244224352652,-2.0,-2.0,-2.0,-2.0,-2.0,-2.0,-2.0,-2.0,-0.959728865481053,-1.034288030732792,-2.0,-1.1941830818360373,-1.2798615250462473,-2.0,-1.4635984443028387,-2.0,-2.0,-1.773176944537962,-2.0,-2.0047928442367975,-2.0,-2.0,-2.0,-2.537627572053573,-2.0,-2.843415443077486,-2.0,-2.0,-2.0,-2.0,-2.0,-2.0,-4.166860266353771,-4.393410356486119,-2.0,-4.879218875900528,-5.139518150124642,-5.412149284466764,-5.697696386666254,-5.996771245184805,-6.310014627591666,-6.638097658621663,-6.981723258305539,-7.341627645987454,-2.0,-2.0,-2.0,-8.9600134146928,-2.0,-9.888746231626651
0.040320660540767356,-0.1308697345785209,-0.1276134041816269,-0.12420608906411613,-0.12069705273230173,-0.11703842884407976,-0.11321161055100339,-0.10920837947539125,-0.10502017187492312,-0.1006692710168442,-0.09618142295932205,-0.09148734119859366,-0.08657699024302828,-0.08143982647103218,-0.07617786690011048,-0.07068370537753985,-0.06493657861437195,-0.058958038595212654,-0.05281963891495083,-0.04639911874224704,-0.03969106854314647,-0.03284251932157935,-0.02567939027564307,-0.018235649812984697,-0.010604960839539898,-0.002623523419150335,0.005554987806064246,0.014046429266579355,0.022810349218279603,0.03183358114847913,0.04116612277318703,0.050742562968660705,0.06062196089918929,0.07077255665892278,0.08117151452344765,0.09191652840822473,0.10280168800655042,0.11402684325040242,0.1254917466291079,0.1371282802323999,0.14904797846081502,0.1612075095199939,0.17344280058249614,0.18589156370481144,0.19852588341361932,0.21131655246471234,0.22411905914451863,0.2369904795379742,0.24992528288917068,0.2628888440385755,0.2758459003786059,0.28876092724851354,0.3015545863560387,0.3141554363569158,0.326597236407245,0.33884577666481724,0.3508674082668726,0.362634243957935,0.37412318322966825,0.38521466154424655,0.3958284736993434,0.40608254883358497,0.41599199041955126,0.4255023112127479,0.4343137220921965,0.4427835946236586,0.4509039129294059,-2.0,0.46538654533290064,0.47174564967383453,0.4779380197950488,0.48332122009719447,0.4886496769937942,0.49307928447273963,0.4974523128422986,0.5013378777445459,0.5045055927362936,0.5076560849702073,0.5104696311467561,0.5126654195737957,0.5144017877119769,-2.0,0.5176392866884231,0.5186803689579983,0.5193092995039313,-2.0,0.5195483864833549,-2.0,0.5192772566096509,0.51871401479977,-2.0,0.5166491539471495,-2.0,0.5134148472019084,0.5113790913497428,0.5090698837322183,0.5064897681089843,0.5036586095459783,-2.0,-2.0,0.49407691588231506,0.4903370740800375,0.48629416782980206,0.48194320461697376,0.4772779368979745,0.4722913355785658,0.46697471293918147,0.461319554709803,0.4553150392293799,0.44895004796701266,0.44221273635867153,0.4350897242179347,0.4275669386699779,0.4196291751710486,0.41126069406258126,-2.0,0.3931608109504134,0.38339231239854504,0.3731179479993969,0.3623162898756306,0.3509647664916455,0.3390387137711927,0.326514002483324,0.31336332519257915,0.2995592879613756,0.2850724212281997,0.26987198382120053,-2.0,-2.0,0.21965701120050857,0.2012621887069292,0.1819745884585735,0.16175383377398211,-2.0,-2.0,0.09504750702185227,0.07063914691982365,-2.0,-2.0,-0.009837055084923052,-0.03927073725467889,-0.0701112025663424,-2.0,-2.0,-2.0,-2.0,-0.24783962268094684,-0.28862363974975214,-0.3313480329268954,-0.37610481698474774,-0.4229895155543746,-2.0,-2.0,-0.5774415335047973,-0.6338921793843832,-2.0,-2.0,-2.0,-2.0,-0.95897640617307,-2.0,-2.0,-2.0,-1.2791033778595124,-2.0,-2.0,-1.5612888150557716,-2.0,-2.0,-2.0,-2.0040270275026977,-2.0,-2.0,-2.3942611848960214,-2.5368583946465155,-2.0,-2.0,-2.0,-3.1780971729887986,-2.0,-2.0,-3.7432667425448116,-2.0,-2.0,-4.392635093362568,-4.629918038484929,-2.0,-5.138741556188242,-5.411372284397738,-5.696919001048063,-2.0,-2.0,-6.637319217458519,-6.980944497736234,-2.0,-7.717802560744164,-8.112614065565348,-8.526128978641744,-8.95923326304616,-9.412854840879811,-9.887965596133368
0.039171014908092584,-0.13244152974605516,-0.12927942003907456,-0.12597078175409235,-0.12252001608670639,-0.11896680026446446,-0.11525037361431502,-0.11136277982285839,-0.10729568915515955,-0.10304037760121602,-0.09865186490274902,-0.09409320705744331,-0.08932468162438456,-0.08433607817916194,-0.07914837933682194,-0.07381267044271828,-0.06823151850992644,-0.062393010944023476,-0.05636951943695142,-0.050134328963780096,-0.043612037806547155,-0.03685674359949824,-0.029900386746520995,-0.022623898091576358,-0.015131150762420822,-0.007380310228069474,0.0007099001386832362,0.008956214464466358,0.017581535156318058,0.026395378218709784,0.03556047228961247,0.04494201109634755,0.054668616331275045,0.06459521415659385,0.07490485475624417,0.08534853892538563,0.09615810151104319,0.10718836112125597,0.11845003121466413,0.13002701712676787,0.14176131044294227,0.15370596746823467,0.1659032545264382,0.17830686404817034,0.19076509882306542,0.20340000905815322,0.21618135263628369,0.2290781076387089,0.24202931202148523,0.2549301274670356,0.267847295094255,0.28074339900766576,0.29358275859274496,0.30632909150740806,0.31894601564438746,0.3313816666781361,0.34351288882786984,0.3553807834066921,0.3669721100963426,0.3782632989422251,0.38923989599424047,0.39985526825774154,0.4098881050586384,0.41951314532601175,0.4288049943115219,0.43762657053735515,0.4457486727648632,0.4536486828994116,0.46088027470652554,0.46765219393276775,0.47404315703120625,0.47979926556875707,0.4851892976307239,0.4901848802031148,0.49444922951912973,0.49872629106642424,0.5022695081072301,0.5053124701761194,0.5083863261593956,0.5109176760165592,0.5128631365574375,0.5145025041291986,0.5161601850368556,0.5174310660831164,0.5182562795752524,0.518680963532437,0.5187409730700253,0.5186276492094709,0.5184791215482345,0.5180490008524342,-2.0,0.5162059815936288,0.5148236580634281,0.5131483543892252,0.5111875556993136,-2.0,0.5064276328909257,0.5036327909683375,0.5006145769579747,-2.0,0.4940627959339975,0.4903738288940916,0.4863775979258206,0.4820693216928306,0.47744365781569453,0.4724934638675122,0.46721073430323445,0.4615863367939572,0.4556109049718219,0.4492728438745961,0.4425605883607896,0.435460792763547,0.427959897931303,0.42004245471059354,0.41169288108851,0.4028939460901435,0.39362752420665287,0.38387471328965456,0.373615003258986,-2.0,0.35148871816284705,-2.0,0.327061384299481,0.31392171729711926,0.3001279079193931,0.28565067356265167,0.2704595165444276,0.2545214188442865,0.23780313087366284,0.22026879127070292,0.20188134150994624,0.18260052507522173,0.16238618478192768,-2.0,0.1189815038328334,0.09569773001715254,0.07129443136630664,0.04571937557392436,-2.0,-0.009167564622808322,-2.0,-2.0,-0.10174246089904748,-0.13559437659555185,-0.1710605806623391,-2.0,-2.0,-2.0,-0.3306470710099957,-0.3754010831087359,-0.4222833721658247,-2.0,-2.0,-2.0,-0.6331767869846662,-2.0,-0.7542419441277295,-2.0,-2.0,-2.0,-2.0,-2.0,-2.0,-2.0,-2.0,-2.0,-2.0,-2.0,-2.0,-2.0,-2.0032887528439374,-2.1273913893711036,-2.0,-2.3935202542140233,-2.5361166036234515,-2.0,-2.8419014120345927,-3.005745314590701,-2.0,-3.3570910596873076,-3.545345863904142,-3.7425203219639105,-3.949036878152689,-2.0,-2.0,-2.0,-2.0,-2.0,-5.4106224955117606,-2.0,-5.995242926177388,-6.30848559438345,-2.0,-6.980192869379162,-2.0,-7.717050343952113,-8.111861563769104,-2.0,-2.0,-2.0,-2.0
0.03805414862632631,-0.13396770922441997,-0.130897075517654,-0.1276842456054865,-0.12432233513342596,-0.12083920290294489,-0.11722996204870804,-0.11345464062213367,-0.10950514148846775,-0.10537300402660735,-0.10105064461146575,-0.0966234315543041,-0.09199261886090933,-0.08714825996057515,-0.08207996738002307,-0.07685090311830546,-0.07143092332161138,-0.06576118505459111,-0.059829514496094284,-0.05376118063165906,-0.047427370077546244,-0.040801420989304796,-0.03399897630304525,-0.02693277765603141,-0.01954082683502533,-0.01199914241890062,-0.0041259278042332734,0.004013472970290075,0.012389503178180059,0.02111464686373342,0.030014867996281683,0.03930923725141953,0.04875471119296557,0.05859656380558247,0.0686080799935668,0.078970439735212,0.08956790844662087,0.10041797672925558,0.11161144622009606,0.12291796953739074,0.13452541269753254,0.14642077816016974,0.15841083934765196,0.17062515000062892,0.18305864263737337,0.19568000126476223,0.20832142983350127,0.22109223114396298,0.23396752685510186,0.24691415739466763,0.2598980687541653,0.2728491518177082,0.2856826268034268,0.2984436448394464,0.3110948968472011,0.323599835758892,0.3359238569546004,0.3480334911840116,0.3598872413657403,0.371333438910911,0.38242141757219295,0.3931710185776949,0.4035788692288057,0.4136286649472483,0.4230356127309655,0.4320085379879612,0.4406903548420963,0.44870098028751315,0.4562098488040807,0.4634600779175831,0.46985431804740363,0.4761706200977517,0.48157926952930336,0.48694864498038304,0.4915200841010068,0.49576305673400806,0.49980474916760165,-2.0,0.5060464861715972,0.5089376283303272,0.5111963319279821,0.5129102802033949,0.5145083888052149,0.516013570511077,0.5170555939198858,-2.0,0.517886436597527,0.5177714761952152,0.5175749072527092,-2.0,0.5166385739105005,0.5156715296354237,0.5143893098354166,0.5128033208502507,0.5109231346960513,0.5087538113935548,0.5063007739738807,0.5035651079978088,0.5005520576878747,0.4973508710869904,0.4939874502210443,-2.0,0.4864051231017972,0.4821421532211752,0.4775580010679922,0.472645877604187,0.46739864608565274,0.46180708025934325,0.4558617496259678,0.44955213413599093,0.4428658696118427,0.4357904578998333,0.4283121747289255,0.42041604485838424,0.4120862853278846,0.40330589694808283,0.39405696575586374,-2.0,0.3740758842483717,-2.0,-2.0,0.3400761616215275,0.32757473407484544,0.31444633412217393,-2.0,0.2861958741887836,0.2710139257535153,-2.0,0.23837510224521702,0.22084872301413766,-2.0,0.18319538172208183,0.16298750909731852,-2.0,0.11959483332431703,0.09631701682523464,0.071919673665789,-2.0,0.019552814018013787,-2.0,-0.03795297849920132,-0.06878521486199873,-0.10109067558097118,-0.13493852600138323,-0.17040105085134039,-0.20755475346733854,-2.0,-2.0,-2.0,-0.3747261404830661,-2.0,-0.4707142511818061,-2.0,-2.0,-0.6324898227108118,-2.0,-2.0,-0.818425044822819,-0.8863780463684884,-2.0,-1.0321098186987512,-2.0,-1.1919962404710924,-2.0,-1.3674077414719004,-2.0,-2.0,-1.6629644193808089,-2.0,-1.884092395417304,-2.0,-2.1266798959221576,-2.0,-2.392806980488014,-2.0,-2.0,-2.0,-2.0,-3.1766355209754042,-2.0,-2.0,-3.741801397325527,-3.948317383295901,-2.0,-2.0,-2.0,-4.876972251067936,-2.0,-5.409900103635938,-5.695446014362804,-2.0,-6.307762030801886,-6.635844027584665,-6.979468638102199,-7.3393720830634335,-2.0,-8.11113637980221,-2.0,-8.957754167163532,-9.411375566032737,-9.886485847364536
0.03696912707195026,-0.1354495886004213,-0.13246776593845602,-0.12934795366021068,-0.12608348254744703,-0.12266734065780723,-0.11915206065301927,-0.11548574144681985,-0.11165040752751605,-0.10763786033682432,-0.10343948853137018,-0.09908014688052047,-0.09458303752976555,-0.08987873207194258,-0.08495712918085786,-0.07980768759814638,-0.07453723456461206,-0.06903148101325801,-0.06327149292851815,-0.05728263986391111,-0.051131834083160244,-0.04469756940890039,-0.03797846877691156,-0.031116449884125482,-0.023938361822656816,-0.01648374803359625,-0.008838159065507537,-0.0008402871954444188,0.007348314152044075,0.01585645474229523,0.02463039881551478,0.033670606132968246,0.04301264891547666,0.05260642939279985,0.06249426017715023,0.07266268586985519,0.08306864809640728,0.093832229047653,0.10472232727821673,0.11595105692869521,0.12743334355783292,0.13907097152925918,0.1509899455684833,0.163162002590834,0.17539642066381333,0.1878381754467184,0.20046271570315743,0.2132403927388969,0.22605319747424785,0.2389056848746658,0.2518175737349102,0.26475394366573335,0.2776788356727876,0.29055669349266766,0.30333700583123174,0.3159026955644087,0.32829233454966583,0.34048170033598046,0.35243752363456354,0.36413101511694945,-2.0,0.3865890903880379,0.3971219158160493,0.4072725452315555,0.41706860545509844,0.42649717116876823,0.4352143916223793,0.44354449358849213,0.451566376530768,0.4587570676070815,-2.0,0.47203475027700625,0.47805979151790584,0.48332676800151686,0.48849639959629887,0.4927669087104945,0.49701128077031287,0.5007046242479589,0.5037067056611424,0.5067103880739554,0.5093242560369947,0.5113191320708013,0.5128697441761455,-2.0,0.515709080210512,0.5165242391496614,0.5169208475571239,0.5169360700563416,0.5166838475944269,-2.0,0.5159012489122595,-2.0,0.5138809851210104,0.5123911900703484,0.5105970300442911,0.508505112174077,0.5061216505843874,0.5034493418738136,0.500489517741275,0.4972654918101521,-2.0,0.4902856886686137,0.48639076907675693,-2.0,0.47763497730344606,0.47276363210116973,0.467553272379472,0.46199625266773336,0.45608274185078745,0.44980254673058395,0.4431437458864692,-2.0,0.4286394346226989,0.4207654088641607,0.41245630236669106,0.4036954920768231,0.3944644873149851,0.3847448324214881,0.37451643840194293,0.3637577082622021,0.35244643080342003,0.34055890237003766,0.3280699631124608,0.31495309354630263,0.30118096256033416,0.28672400460208186,0.27155190906027377,0.2556321404601014,-2.0,0.22141287991585362,-2.0,0.18377444737126114,0.16357383278878745,0.14239545615459698,-2.0,-2.0,-2.0,0.04696553729622455,-2.0,-2.0,-0.03732248424212148,-2.0,-2.0,-0.1342957068835704,-2.0,-0.2069047137549831,-2.0,-0.28659967801330044,-2.0,-0.3740635107636483,-0.4209405826657239,-0.47004645040815995,-2.0,-0.5753708170353219,-2.0,-2.0,-0.7528719025213286,-0.8177440677637816,-2.0,-2.0,-2.0,-1.1095132703931279,-1.191306882252861,-2.0,-2.0,-2.0,-2.0,-2.0,-2.0,-2.0,-2.0,-2.0,-2.0,-2.3921049649164163,-2.5346996856440427,-2.684051872622257,-2.840481508999902,-3.004323745975168,-3.175929589629858,-2.0,-2.0,-3.741093555002693,-2.0,-2.0,-2.0,-4.627738489227983,-4.876261742302583,-5.136559246381445,-5.4091886886130185,-2.0,-2.0,-2.0,-2.0,-2.0,-2.0,-2.0,-2.0,-2.0,-2.0,-2.0,-9.88577045972169
0.0359150422699641,-0.1368885084873326,-0.13399291570232344,-0.13096342717866896,-0.12779354951441746,-0.12447648892240076,-0.12101842616115992,-0.11745794765012194,-0.11373346874598539,-0.10983702901916564,-0.10576027825551913,-0.10149446472358023,-0.09709836295460374,-0.09253001323452298,-0.0877508550408678,-0.08275059760320645,-0.0775536653520527,-0.07220698655790364,-0.06661367876208255,-0.06076178846825022,-0.054728962733769704,-0.048480817295016784,-0.04194424418080806,-0.03517895455042896,-0.02820852435435047,-0.02091643322540134,-0.013413962699996848,-0.005647602212111232,0.002453000241443024,0.010714946185636606,0.019357636942549786,0.028180268584508453,0.03736303943307038,0.04675265981161369,0.056497430879671955,0.06643104385663715,0.07675559982809273,0.08720831119681753,0.09802270635481428,0.10907051101753203,0.12033455278058011,0.13191231914260806,0.14366300721362524,0.15560504883937837,0.16779758860333735,0.1802107337253956,0.1926652838088123,0.20528780022252244,0.21805370056931625,0.23093129615174648,0.24388138159761802,0.2567657685944406,0.26965223268201566,0.2825132539057094,0.29531190622589976,0.308011439481521,0.32057595965286234,0.33296928332979997,0.3450702019956894,0.35686741046617404,0.368380418016309,0.379585710256218,0.39046712004248746,0.4010075363996659,0.41097116022209257,0.42047674604615237,0.4296395713917063,0.438385342954933,0.44638030606761836,0.45412427535456845,-2.0,0.4678753397511148,0.47417001782965057,0.4797394274631903,0.4850277102218662,0.48982643577379154,0.4939541735467554,0.49807023865774414,0.501416918960591,0.5043072819564556,0.5072080672296615,0.5095335667467294,-2.0,0.5127294278963176,0.5141870388595972,0.515229332436846,0.515819824819814,0.5160021892718243,0.5158120199574897,0.5154587280978146,0.5150510160094858,0.5143373803625703,0.5132794035514027,0.5118929320771807,-2.0,0.5081815652695797,0.5058722426755119,0.5032671874402086,0.5003683757962335,0.49717632805507894,0.49374957375855477,0.49015686062528424,0.48631697548429587,-2.0,0.47765783913914117,0.472828595788971,0.46765755785352825,0.46213666310861057,0.45625685957868944,0.45000740539562567,0.4433774972352582,-2.0,0.4289245672498104,-2.0,0.41278644081746885,-2.0,0.3948334472815524,-2.0,0.3749195971720434,0.36417649424976295,0.3528798053761934,0.3410060465567389,0.3285297783193665,0.3154251459002183,0.30166437441862864,0.28721859093986674,0.2720563099624684,0.25614618414189727,-2.0,0.22194451886236982,0.2035802761843521,-2.0,0.1641284153618775,0.1429568650444471,-2.0,0.09749618078164268,-2.0,-2.0,0.0207645374151485,-0.007306486528385947,-2.0,-0.06754569677004518,-2.0,-0.13368240946834853,-0.16913793388854081,-2.0,-2.0,-2.0,-0.3286850592594486,-2.0,-2.0,-2.0,-2.0,-0.5747269704814084,-2.0,-2.0,-0.7522215804299837,-2.0,-2.0,-2.0,-2.0,-2.0,-2.0,-2.0,-1.3660516986499922,-2.0,-1.5584872554282505,-1.6616007488851643,-1.7696026059032233,-1.8827242163852385,-2.001207938371519,-2.1253074474392815,-2.0,-2.3914309778685965,-2.0,-2.683376167788449,-2.0,-2.0,-3.175251614020004,-2.0,-2.0,-3.74041357249883,-3.9469283715938763,-2.0,-2.0,-2.0,-2.0,-2.0,-5.408505025603356,-2.0,-5.993122987183169,-2.0,-2.0,-2.0,-7.337972429802038,-7.714924990209234,-8.109735463370823,-8.523249236320233,-2.0,-9.40997296707723,-9.885082735900669
0.03489101213406772,-0.13828572060543043,-0.13547385083165084,-0.13253205705983762,-0.1294540307635427,-0.12623317969724523,-0.1228626013981586,-0.11937296763552446,-0.11575613167134965,-0.11197242201370226,-0.1080137528229297,-0.10387161808132113,-0.0995407458015568,-0.09510444282513503,-0.09046353807580575,-0.0856081063650132,-0.08052779816325467,-0.0752904126070328,-0.06985896014788881,-0.06417659243248339,-0.05823112955156266,-0.052154375526997296,-0.04580709784903759,-0.03916635887250788,-0.03235491309001847,-0.02527407469639347,-0.01786601851504533,-0.010315609211711443,-0.002426250916452757,0.005722383056473977,0.01411467878958074,0.02284893611366504,0.03176565866914816,0.04106836735148058,0.050530730018050106,0.06037976336041188,0.07040851481864606,0.08077633547050213,0.09139151967455411,0.10224463793111586,0.11344078238457439,0.12476366141058186,0.13637021465991792,0.1482628833431416,0.16026818223205064,0.17247615329071284,0.18489979829755765,0.19751306708984617,0.21016155646805423,0.22291434766035423,0.23576783274996957,0.24868847507893113,0.2616418560024668,0.2745843311303189,0.2873907476591981,0.30010758635929896,0.31270871472674217,0.3251573429462312,0.33741743497348514,0.349457116606102,0.36124710921989467,0.37265462328983534,0.38365126143282735,0.39430057998838536,0.4045991157831477,0.41455252299672735,0.42388759593291214,0.43272464299056035,-2.0,-2.0,0.456548100368781,0.46368076992890206,0.46992926946739993,0.47610150602624335,0.4813572698030849,0.4865867329292323,-2.0,0.4950856547675362,0.498933389619484,0.5019658039937178,0.5048348990595066,0.5075257538054918,0.5095717522246315,0.511079282845525,0.512492270674055,0.5137751345257364,0.5145799293421318,0.514945600592427,0.5149133002910029,-2.0,-2.0,0.5135182978898233,-2.0,-2.0,0.5097078038677355,0.5077870678774787,0.5055574796466711,0.5030241882433295,0.5001901536513753,-2.0,-2.0,0.49000196611988384,0.48618949709722814,0.482077826315406,0.47763249525447926,0.4728481466248105,0.4677182629267814,0.4622353941277957,0.4563906645356527,0.4501737807990832,0.44357389266233704,0.4365786688381438,0.4291751138864544,0.4213485351144327,0.41308341892117817,0.40436363594803315,-2.0,-2.0,0.3752932004569757,0.36456627398136,0.3532847645300861,0.3414250895669048,0.3289624365584594,0.3158703678939655,0.3021214626531778,0.2876868341224252,0.2725355678497377,-2.0,0.23995222414561707,-2.0,-2.0,0.18484507005495632,0.16465916525388036,0.14349469566252854,-2.0,0.09804705998413654,0.07366677540384492,0.048113481738182085,-2.0,-0.006733371160950408,-2.0,-0.06696311005000388,-0.09925585213601285,-0.13309162369658745,-2.0,-0.2056854802417558,-2.0,-2.0,-0.3280756555266997,-0.37281812570966555,-0.41968957472599544,-0.4687899197578178,-0.5202248230120733,-2.0,-2.0,-0.6896640086475208,-0.7515919009181662,-2.0,-2.0,-2.0,-1.0301286433159431,-2.0,-2.0,-2.0,-2.0,-1.4593961788193355,-2.0,-2.0,-1.7689537734103067,-2.0,-2.0,-2.0,-2.254636016242592,-2.0,-2.5333698414151424,-2.0,-2.839148338058945,-2.0,-3.174593412907313,-3.354329162908929,-2.0,-3.7397533211219485,-3.946267502519383,-4.1625663515796,-2.0,-2.0,-4.874915930687196,-5.135212465032035,-2.0,-5.693385597523245,-2.0,-2.0,-6.633780053070666,-6.977403586388386,-2.0,-2.0,-2.0,-2.0,-2.0,-9.40930500031898,-9.884414502182736
0.03389617972850788,-0.13964243645432264,-0.13691185418153848,-0.13405520712983532,-0.13106636813606942,-0.12793892992927058,-0.12466618905871592,-0.12124113663659787,-0.11772012454545697,-0.11404589206764218,-0.11020187234845441,-0.10617983159320345,-0.10197115104863533,-0.09760416162698499,-0.0930975441311048,-0.08838280601998375,-0.0834497736728745,-0.07828790800923506,-0.07301008688288298,-0.06749232712410251,-0.06171927743449128,-0.055721372381522735,-0.04955788920051369,-0.04310966294574788,-0.03638101991026981,-0.02950525555669086,-0.022311994386957586,-0.014848214462651263,-0.0071874816306448566,0.0008271024714333755,0.009023786794934027,0.017548807482944104,0.026330616128346675,0.035387957124282686,0.0447370747705873,0.054348334799867816,0.06424193178234634,0.07442825009461117,0.08483803793254538,0.09561547683292666,0.10651147352257709,0.11774112323666876,0.12924076001714963,0.1408755889436602,0.15278983821058997,0.16495970524433268,0.17720323982496647,0.18963334667867573,0.2022431130096968,0.21500263557114926,-2.0,0.24065278592932535,0.2535357268904553,0.2664383548144201,0.27932460775271234,0.2921581931393131,0.30490256854736686,0.3174465053551911,0.32977557154960035,0.34189735574694297,0.3537781479629886,0.36538852554721823,0.37670537310211877,0.38769199000475574,0.3981514564809234,0.4081861760820735,0.41785764419217875,0.4271820972642208,0.4358090671845468,0.4439853676654181,0.4518872658910244,0.45895473057624675,0.4658025826946949,0.4719563310315529,0.4777909216688788,0.48293703792779613,0.48792623171041427,0.4920294539403297,0.4961271127141121,0.49961123160523213,0.5024357741903485,0.5052746659072057,0.5076703259669726,0.5094453234398394,0.5107954516002832,-2.0,-2.0,0.5137634622936511,0.5139053420249696,0.5136574314216035,-2.0,-2.0,0.5118024877776842,0.5106477747872314,0.5091513719261576,-2.0,0.5051816759008686,0.5027248025860451,-2.0,0.49688937648849607,0.4935132651922708,0.4898592340200641,-2.0,0.48195897662309867,0.47756501772954263,0.4728281773762035,0.4677417345332884,0.46229901329284107,0.4564910365995579,0.4503083948179757,0.44374006075337635,0.4367741991546886,0.4293978448447056,0.42159658284497337,0.4133551310599599,0.4046573717839076,-2.0,0.3858214151099449,-2.0,0.36493471144510803,-2.0,-2.0,0.3293753859149066,0.3162964137816183,0.3025598425796813,0.28813656822802586,0.272996053915,0.25710618441234034,0.2404332135655301,0.22294168240918671,-2.0,-2.0,0.16517397984038829,0.14401741348764158,0.12183555343304137,0.09858272306793403,-2.0,-2.0,0.021885903398854656,-0.0061742212749101855,-2.0,-2.0,-2.0,-2.0,-0.16796149330991228,-0.20510023366855323,-0.2440099160787772,-2.0,-0.3274803211438997,-2.0,-0.4190876568514468,-2.0,-2.0,-0.5734941627687871,-2.0,-2.0,-0.7509747867040377,-2.0,-2.0,-2.0,-1.0295036288554127,-1.107588095459335,-2.0,-2.0,-2.0,-2.0,-1.5572065730574742,-2.0,-2.0,-2.0,-2.0,-2.1240152263947163,-2.0,-2.3901346315379692,-2.5327263570825194,-2.682076225453719,-2.0,-3.0023432661721556,-3.1739468814437846,-3.353681894221098,-2.0,-2.0,-2.0,-4.161916459736201,-2.0,-2.0,-2.0,-5.134560382090214,-2.0,-5.692732591259574,-5.991804623326523,-6.30504532432555,-6.63312578962079,-6.976748937222807,-7.336650991060756,-2.0,-2.0,-2.0,-2.0,-2.0,-9.883757632572351
0.0329297125509715,-0.14095988358916892,-0.13830823826596167,-0.13553426740639993,-0.13263201959844517,-0.12959527517442748,-0.12641753965512595,-0.12309198883901747,-0.11962726571921556,-0.11605931874024801,-0.11232662200123562,-0.1084211936543067,-0.10433463284846152,-0.10005822922167504,-0.09565533451802079,-0.0910771319442276,-0.08628710770393844,-0.08127509301049334,-0.07607003049577271,-0.07071210232973757,-0.06510645888704461,-0.05924110001441042,-0.053200178461416454,-0.04693888616071686,-0.040387894826599734,-0.033614094802841436,-0.026629409963904623,-0.019321701627298946,-0.011811113711994411,-0.004029060833339606,0.004079967231475121,0.012357810174882387,0.02101779797090806,0.029847042352854368,0.03904753501963867,0.04844296852285227,0.05820573617447718,0.06814376629233525,0.07847339762150488,0.08894188286988593,0.09975787696432595,0.1108230394965455,0.12208571137428594,0.13366074851883264,0.1454274654275404,0.1573628248051323,0.16954666495704176,0.18195213390193762,0.19441422819182994,0.20701965689401433,0.21976475003270984,0.2326176398711209,0.24554540743522393,0.2584271482471073,0.27127675873480095,0.2840956283564716,0.2968463881669533,0.30949191745289556,0.32199589072751367,-2.0,0.34640038150967495,0.35812324876886215,0.3695482690747696,0.3806566140951869,0.39143296585447473,0.40187326531028866,0.41177645357006687,0.42115016351004314,0.4301713346082706,0.4388193814894559,0.4466880855817739,0.4542600883619527,0.4613321524116627,0.46773546295145124,-2.0,0.4792891540596029,0.48446012822922624,0.4890432223746589,0.493027078912145,0.4969612674253694,0.500094389211696,0.5028215648230333,0.5055284306022301,-2.0,-2.0,0.5104022902040066,0.5116376520297694,0.5124298754282446,0.5127631590291423,0.5126803760609123,-2.0,-2.0,0.5109077028361034,0.5098834873420169,0.5085018558807353,0.5067788868582915,-2.0,0.502351032178034,0.4996597377267705,0.496655646024762,0.4933401895246,-2.0,-2.0,0.4817772789040577,-2.0,-2.0,0.46771085110488153,0.4623100023158653,0.4565409851005201,0.4503941989267274,0.44385905459125596,0.43692395212645685,0.4295759043247103,0.4218011846378301,-2.0,0.4049096889299003,-2.0,-2.0,0.37595749847586823,0.36526475217333654,0.3540159493748209,0.3421865411773966,0.32975190264336324,0.3166866361642199,0.3029630488644996,-2.0,-2.0,-2.0,-2.0,-2.0,0.2050599854195378,-2.0,-2.0,0.1445068411242672,0.12233247701970457,-2.0,0.07471881809250702,0.0491775176110939,-2.0,-2.0,-0.03504776064127757,-2.0,-2.0,-2.0,-0.16741008569223825,-2.0,-0.24345133424443866,-0.28421198782026125,-2.0,-0.37165044542168213,-0.4185155165245935,-2.0,-2.0,-2.0,-2.0,-2.0,-2.0,-0.8152503287049948,-2.0,-2.0,-1.0289076829885924,-2.0,-2.0,-2.0,-2.0,-2.0,-2.0,-2.0,-2.0,-2.0,-2.0,-2.0,-2.0,-2.0,-2.532111947678592,-2.6814606253480924,-2.0,-3.00172595791608,-2.0,-2.0,-2.0,-2.0,-2.0,-2.0,-4.387840653098451,-2.0,-2.0,-2.0,-2.0,-2.0,-2.0,-2.0,-6.63249964762978,-6.976122487595378,-7.336024161465095,-2.0,-2.0,-2.0,-2.0,-9.40801994606009,-2.0
0.031990801835925474,-0.1422440373048519,-0.13966417982212279,-0.13697048559425554,-0.13415232253016626,-0.13120365021721733,-0.12811814855247586,-0.12488921735315701,-0.12150992447684636,-0.11801440659057587,-0.11438981681719958,-0.11059759880939071,-0.10662965304824179,-0.10247745061643973,-0.09813897650746295,-0.09369337987241616,-0.08904228087754053,-0.08417571013585565,-0.07908324202104347,-0.07383856655547827,-0.06839548796237471,-0.06270039122209935,-0.05674107402020707,-0.050657143314906276,-0.04429627359231716,-0.03764068098149089,-0.030821718404767585,-0.02372614568217611,-0.016302497214445315,-0.008744521664078422,-0.0008389693367212986,0.007316911521192908,0.015725522125881526,0.02446664285696814,0.033399878826679656,0.04270850742919919,0.052187777486180295,0.06204113660733447,0.07208700297978182,0.0824573056755765,0.0930899871471495,0.1039431154962192,0.11513799257639527,0.12647707358186513,0.1380790334098062,0.14996484178356664,0.16198476391855665,0.17418108229511775,0.18659109104967503,0.19918659228135566,0.2118458824495653,0.22457522776671518,0.23740120019340705,0.2502898483438606,0.26320636480884224,0.2761152491955053,0.2889107682790624,0.3015761292691279,0.3141197278415296,0.32650332633198786,0.338691723287862,0.35065197519151803,0.36235529075944106,0.3737236392247029,0.38462864488645315,0.39516658193756876,0.4053442652228655,0.41517549971730205,0.4244463363120157,0.433134235883691,0.44151288237288044,-2.0,0.45654310910593315,0.46353491961746596,0.4696356971470801,0.47564198492867255,0.4807387560900884,0.48580768441342514,0.48998428208132344,0.49396842974508426,0.49759913038095394,0.5004269200558437,0.5031329391668646,0.5056006516452216,0.5074148962260098,0.5086997443482228,0.5099096442697592,-2.0,0.5114905896466863,0.5115891085345713,-2.0,0.5106359571968302,-2.0,0.5090259856764393,0.5077690198130023,0.5061562421354159,0.5042013625013417,0.5019141128716637,0.49930172336444845,0.496368734692351,0.49311737163509417,0.48954778187321873,0.48566777686533547,-2.0,0.4772654075312668,0.4726312758691113,0.4676393924673108,0.4622832434437143,0.4565550682125826,0.4504459901565051,0.44394606576762197,0.4370428219367529,0.429724696001703,0.42197762932431915,0.4137873181099886,-2.0,0.3960082828926144,-2.0,0.3762465593903641,0.3655723482072225,0.35434037358938514,0.34252688137846304,0.33010767533349544,-2.0,-2.0,0.28894742568387616,-2.0,0.2579619982578035,0.24130959141023417,-2.0,-2.0,0.18628394528995007,0.16612171912058904,0.14498034174095892,0.12281346431125512,-2.0,0.07521341315139107,0.049678422929329114,0.022914814079536328,-0.005134645852483577,-0.03452995552183291,-0.06533400644647425,-0.09761271623704937,-2.0,-2.0,-2.0,-2.0,-2.0,-0.32636201572227386,-2.0,-2.0,-2.0,-2.0,-2.0,-0.6287780428794986,-0.687890966317007,-2.0,-0.8146734923065287,-0.8826147213501777,-0.9537808200964981,-1.0283244286259143,-1.106405242368512,-2.0,-1.273855529044059,-1.3635837438498821,-2.0,-2.0,-2.0,-1.7671128898078827,-2.0,-2.0,-2.122804117615778,-2.0,-2.0,-2.5315093729388742,-2.0,-2.8372824902080835,-2.0,-2.0,-2.0,-2.0,-2.0,-3.9443882683479123,-2.0,-4.387230370846149,-4.624509057722367,-2.0,-5.133324637634645,-2.0,-5.691494855779086,-5.990565978664051,-2.0,-2.0,-2.0,-2.0,-2.0,-8.107169350795774,-8.520681827331584,-8.953783804958098,-2.0,-9.882511826418737
0.031078661877820123,-0.14351532665712763,-0.14098088987706497,-0.1383651447092567,-0.13562862438306156,-0.13276546961926694,-0.12976954081769287,-0.12663441354171912,-0.1233533750147529,-0.11991941253896127,-0.11639328799086929,-0.11271101385282777,-0.10885821715088355,-0.10482662869521223,-0.10060760166523239,-0.09623386605809743,-0.09171764397471588,-0.08699235875932798,-0.08204785367475259,-0.07687473583671543,-0.07158933019273468,-0.06605956666612864,-0.06027342053294183,-0.05426782899791779,-0.04809157419349871,-0.04162935128707942,-0.03489277756343518,-0.02800319688171639,-0.020794758019858577,-0.013323641053762394,-0.005647749653703113,0.002383494566858467,0.01058621815498282,0.01912804699818873,0.02791540904538089,0.0369897748792778,0.046343397626669156,0.055971962768083625,0.06586850391584187,0.07607245302592529,0.08648310636668793,0.09726168377796711,0.10817282506389146,0.11939934645537019,0.13091552264149525,0.14254366074716276,0.15444916146426202,0.16660758838813144,0.17886413047544947,0.19127787508728017,0.20386754418726474,0.21660351048873666,0.22943309862783778,0.24223098827840517,0.2550787927492166,0.2679411659091904,0.2807816867858545,0.29356365337650125,0.3062505851480231,0.31877787801284707,0.33104382047178693,0.3430889811950343,0.3548853534713806,0.3664029564232107,0.3776187225059188,0.3885139698626923,0.3989111259076199,0.4088184574994378,0.4183522216556515,0.42754672034462077,0.43608846379549104,0.4440974848064039,0.4518548874317126,0.4587992442804917,0.46544970215455883,0.4714983985423494,-2.0,0.48213918776633524,-2.0,0.4908506589033259,0.4947810715873656,0.4980382373807927,-2.0,-2.0,0.5054843237254862,0.5070197397528807,0.5081526191448131,0.5092894257214242,0.5100681692494121,-2.0,0.5102295074716996,-2.0,0.5089040816502761,0.5080613038544023,0.5069394401364204,0.5054457392752053,0.503596256854149,0.5014032306751369,-2.0,0.49601804431396,0.49283517338857696,-2.0,-2.0,-2.0,0.4770411450707397,-2.0,0.4675179764459749,0.46220905877914853,0.45652375842491244,0.45045429947422744,0.443990757376162,-2.0,-2.0,0.42211728413633554,0.41395330288644694,0.4053277131599309,0.39622325387392926,0.3866217094984031,-2.0,0.3658488114565125,0.3546346565396679,-2.0,-2.0,0.3173978966871518,0.3037012925337446,0.28931561494823715,0.2742104933301192,0.25835401134903935,0.24171246727169154,0.2242507421890491,0.2059313687885455,0.1867154528783923,0.16656231045184677,0.1454287246583193,0.12326976715648913,0.10003809531154806,0.07568394469265993,0.05015548377474832,0.02339805771734671,-0.0046455433980844285,-2.0,-0.06483408566166737,-2.0,-0.13092551389961082,-0.16635961701548962,-0.20348595745798703,-2.0,-0.28313709632790707,-2.0,-2.0,-2.0,-0.46650850353395745,-0.5179319317454089,-2.0,-0.6282296104651957,-0.687340133178227,-0.7492586816526282,-0.8141179012217455,-0.8820567352692894,-0.953220725475034,-2.0,-2.0,-2.0,-2.0,-2.0,-2.0,-1.5554353677137982,-2.0,-2.0,-2.0,-2.0,-2.0,-2.0,-2.0,-2.530927358575033,-2.0,-2.0,-2.0,-2.0,-2.0,-3.540118951349867,-2.0,-2.0,-2.0,-2.0,-2.0,-4.872438525283194,-2.0,-2.0,-2.0,-5.989972782561213,-2.0,-2.0,-2.0,-2.0,-2.0,-2.0,-8.52008585010985,-2.0,-2.0,-2.0
0.030192529373589783,-0.14474984651136114,-0.14227857291939597,-0.13971946929795168,-0.13706222400199727,-0.13428210462991813,-0.13137314303453543,-0.1283291234421434,-0.1251435037290684,-0.12180946180582658,-0.11833880018986709,-0.11476327765372195,-0.11102229893326178,-0.10710783304859123,-0.10301148662184911,-0.09872448243499725,-0.09431564787428158,-0.0897275300239584,-0.08492668484320272,-0.07990286366007213,-0.07469079985284935,-0.06932158190257616,-0.06370359066283186,-0.05782472239424676,-0.05177713071317968,-0.04550267697633472,-0.03893730534882906,-0.032156608504924036,-0.0251576840654884,-0.017834385641395625,-0.010317563034959329,-0.00251990578209937,0.005595380659909535,0.013888780192271764,0.02256617341280314,0.03139970867351372,0.04061768731225725,0.05001619148769375,0.05979680381504431,0.06973623253462992,0.08006681036446536,0.090551796977712,0.10136603275616847,0.11244799888333441,0.12370573717854569,0.13527396690628518,0.14705592289281635,0.1589803139077264,0.17115010781166426,0.18353882645502886,0.19601245740711482,0.20859537381892204,0.22131410957878364,0.23413629267792674,0.2470288222735164,0.25991276020275617,0.2727187810491909,0.28548837220166723,0.2981837719735434,0.31076739590491825,0.32320275675275983,0.335454034239276,0.3474799455663982,0.35914368167537014,0.3704706572169497,0.38147186075181627,0.3921317104771286,0.4024466065683678,0.41229194989942175,0.4215257764210071,0.43039085046339803,0.43891697381220646,0.4466619362428421,0.4540465200193567,0.461016634366537,-2.0,0.4732622424605708,0.47843409798788017,0.4834679882516966,0.4878179439786776,0.4916502842606032,-2.0,0.4982809468495803,0.5008340179546064,0.5033237946285735,0.5051796685840921,0.5064432614624879,0.5074933942712414,-2.0,0.5090012176027391,0.5090531435235447,0.5086799296512873,0.5079216989721668,0.5070159228563972,0.5060065897091917,0.5046416924819287,0.5029063023860191,0.5008143380864807,0.49837664183421404,0.4956005703835067,-2.0,-2.0,-2.0,-2.0,-2.0,-2.0,0.4673449351412058,0.4620852255441368,0.45644572669497185,0.45041816431333215,-2.0,-2.0,0.4299062622896846,0.4222188220255191,0.41408280051559476,0.40548350964162905,0.39640375578228254,0.38682532167877565,0.3767282868208901,0.3660930566557461,0.35489742814613806,-2.0,0.33073109409833296,-2.0,0.30402783827110763,0.2896556877586826,0.2745632893222402,-2.0,0.24208902418143424,0.224637225470754,-2.0,0.18712156744579844,0.16697731850630249,0.14585222589055907,0.12370123360717106,0.10047706857868055,0.07613013860877016,0.0506084317136376,0.02385755448606186,-0.004180140192465154,-0.03356415559269976,-0.064357498452293,-0.09662605398378366,-0.13043887440644764,-0.16586832954417208,-0.20299008987012712,-0.2418839131603907,-0.2826332253946858,-0.3253248136895428,-0.3700502880064084,-0.4169054437036297,-0.4659906295912286,-0.5174109763170607,-0.5712766209619478,-0.6277029430046486,-0.6868108091156429,-2.0,-2.0,-0.8815202043731087,-2.0,-2.0,-1.1052984808146917,-2.0,-2.0,-2.0,-2.0,-1.5548843203739358,-1.6579896102092775,-2.0,-2.0,-2.0,-2.0,-2.0,-2.0,-2.5303660652276023,-2.0,-2.836135322702786,-2.0,-2.0,-2.0,-2.0,-2.0,-3.9432314918373477,-2.0,-2.0,-2.0,-2.0,-5.132161693900457,-5.404787655296249,-2.0,-2.0,-2.0,-6.630717609409242,-2.0,-2.0,-2.0,-2.0,-8.519510162535983,-2.0,-9.406230195124904,-2.0
0.02933166278390044,-0.14594866373418197,-0.1435494076092643,-0.1410379014919591,-0.13845435940433035,-0.1357548676151667,-0.13293036528028862,-0.12997479250018662,-0.12688181861436532,-0.12364482345985847,-0.12025685354395597,-0.11675617259887215,-0.1131237596961351,-0.1093230228917941,-0.10534575713328528,-0.10118354963496659,-0.09683848429209917,-0.09238354224781159,-0.08772221213109786,-0.08284451040416899,-0.07773998024363239,-0.0724891974426459,-0.06703449513379611,-0.06132672039866955,-0.05535606181293467,-0.049263924401601177,-0.04288953387296455,-0.036219208155337065,-0.029394378229035865,-0.02228417806024542,-0.014852279043600411,-0.00728145789108497,0.00064010277692795,0.008801059980880481,0.017225771064375082,0.025971318315611565,0.03492097360137368,0.044232649596485665,0.053728238092473894,0.06358321290152562,0.07364575397223455,0.08401530555497792,0.09466491004273718,0.10551453455495856,0.11670434718125611,0.12805886804277014,0.13965193368040724,0.15152669146733422,0.1635601856017982,0.1757405671745072,0.18813145860831035,0.20070447781746897,0.21337224292706541,0.22607248528217347,0.23886484780122247,0.2517150139800453,0.2645878028373296,0.27744738763408383,0.2902342344806063,0.3028441048929631,-2.0,0.3276319779267285,0.33973966015301893,0.35161061188108017,0.3632162169632068,0.374517144613751,0.38534331964426405,0.39575861823866965,0.4058034550079003,0.4154910357641218,0.4246925487370432,0.4332236921212521,0.4414276634717916,0.44919406914840443,0.4561790889393086,0.4630050004642438,0.4689550912523215,0.47477046896845154,0.4797026665966065,0.4845878577955035,0.4885515086214073,0.4923848758012493,0.4957746609945079,0.49838372530450914,0.5009113745714556,-2.0,0.5046923622463546,0.5057367839838063,-2.0,0.5074872153139475,0.5077478085854245,0.5075535460551497,-2.0,0.5059973741282349,0.5049717916278857,0.5037456359246785,0.5021332637883025,0.5001504653441947,0.49781018007071387,0.49512084851738614,-2.0,-2.0,0.48500838955579295,-2.0,0.47658417885163074,0.47197469023164945,0.4671263074373322,-2.0,0.45632727140975193,-2.0,0.4439592615198471,0.4371632524475777,-2.0,0.4222886249700466,0.4141827548769065,0.40561105230756,0.39655671423350497,-2.0,0.37692753568436577,0.3663130828733756,0.35513687559715007,0.3433758888941583,-2.0,0.31800118339414085,0.30433379613825723,0.2899753454328478,-2.0,0.2590641304609824,0.242446206577226,0.22500537679634075,0.20670638983233686,-2.0,0.1673749882774881,-2.0,0.12411581544974654,0.10089946484815904,0.0765599271211661,0.05104564508430498,-2.0,-2.0,-0.0331085397668236,-0.06389573079191546,-0.0961594714042111,-0.12996722944027894,-0.1653917034990281,-2.0,-0.24139880580066064,-0.28214379842647863,-0.3248314739022602,-0.3695532424211211,-0.41640487601761844,-0.4654867143258905,-0.5169038804579349,-0.5707664998956271,-0.6271899442304094,-0.6862950744970194,-0.7482084975325723,-2.0,-2.0,-2.0,-1.0266939993457953,-2.0,-2.0,-1.2722079597573934,-2.0,-2.0,-1.5543459350465025,-2.0,-1.7654421891413992,-1.8785550801488777,-1.997030386583297,-2.121122044301396,-2.0,-2.3872304662737607,-2.0,-2.0,-2.0,-2.9994200421271806,-2.0,-2.0,-2.0,-2.0,-2.0,-2.0,-2.0,-2.0,-4.871309449085052,-2.0,-5.404228108698222,-2.0,-2.0,-6.302077805202273,-6.630156087059244,-6.973777155625095,-2.0,-2.0,-8.105435208359811,-2.0,-2.0,-2.0,-9.880773702077793
0.028495341712609815,-0.14711282953266785,-0.14478350930374959,-0.14234524830745168,-0.13980625674874347,-0.1371850611464304,-0.13444256809130414,-0.1315728917265648,-0.12856988635668107,-0.12542711355645,-0.12213784567063125,-0.11869501374349377,-0.1151644840598329,-0.11147417316965749,-0.10761260037921011,-0.10357146331621014,-0.09934223078261996,-0.09496278454428432,-0.09043693345912286,-0.08570112515597123,-0.08074521709529872,-0.0755652826018033,-0.07026914487750845,-0.06472744920379825,-0.05892832732891622,-0.05291651530449428,-0.046727582702357585,-0.04025150381080504,-0.03350872138358018,-0.026605460237096715,-0.01938203933584566,-0.011905544420695798,-0.0042147040533273205,0.0038329153320635556,0.01203956112824072,0.02059779852821054,0.029388260801019153,0.03847925763145514,0.04783467174162936,0.05748006004000743,0.0673765556376176,0.07759754376934398,0.08800579575762642,0.098780830289127,0.10970754455571355,0.12092706072286663,0.13245664121355302,0.14407640671487634,0.15596841326865832,0.16811067895533613,0.1803787989682495,0.19277107012430153,0.20533536382225479,0.21804176870002145,0.23085778255509298,0.2436386363709544,0.2564447621752561,0.2692600902995481,0.2820473766870859,0.29477004585682154,0.30739093763031256,0.3198713744208419,0.3320922443550606,0.3440517439789103,0.3557538952532317,0.36716863599206456,0.37827124078661944,0.38904769618388635,0.3993879112508742,0.4091611051521073,0.41854383957827,0.42758016311194535,-2.0,0.4438686599397308,-2.0,-2.0,0.46471077658646787,0.47064675363220976,0.4760248212483709,0.48091516121716993,0.48547062487378756,0.4892121156244145,0.49295199173393883,0.4959629212958091,0.4983956560494219,0.5008398729257105,0.5027397001239907,-2.0,0.5049121907699096,0.5058031072114956,0.5062944074029764,-2.0,-2.0,0.5050039967598089,0.5039094272223542,-2.0,0.501264473405803,0.4993993186900687,0.4971633212806873,0.49456688558718065,0.4916186891622679,0.48832265945362235,0.4846810188136095,0.4806945442055645,-2.0,0.47172064868282354,-2.0,0.46169998401333634,0.4561592207592874,0.45022195806702214,0.4438804363989748,0.43712355068920716,0.4299406727703364,0.4223188253895137,0.4142441013857232,0.40570146869137824,0.3966739895057219,0.3871440428569662,0.3770927281676476,0.36650038126743745,0.35534405123430807,0.3436019850917566,0.331249553336917,0.31826108673731757,0.30460999374980896,0.2902659912661763,0.27520059641189026,-2.0,0.24277500365128185,0.22534651964188884,-2.0,0.1878717776288097,-2.0,0.14663911887043163,0.12450528350231321,0.10129688379300728,0.07696481403363298,-2.0,-2.0,-0.0033050034481865165,-0.03267693475349165,-0.06345882706995476,-2.0,-2.0,-0.16493874425728527,-0.20205140908718577,-0.24093649238407244,-0.2816770366695235,-0.3243608898765684,-0.3690788323657087,-0.415926832014487,-2.0,-2.0,-2.0,-2.0,-2.0,-2.0,-2.0,-0.8804956697103123,-2.0,-1.0261881212763027,-2.0,-2.0,-1.2716963141742506,-2.0,-1.4553946887483737,-2.0,-2.0,-2.0,-2.0,-2.0,-2.1205978827256926,-2.0,-2.0,-2.529289676836175,-2.6786333329052914,-2.8350548354444496,-2.0,-2.0,-2.0,-2.0,-2.0,-3.9421408079815747,-2.0,-2.0,-2.0,-4.870771799182211,-2.0,-2.0,-2.0,-2.0,-2.0,-2.0,-2.0,-2.0,-7.71008518800161,-2.0,-2.0,-8.95150423620173,-2.0,-2.0
0.027682866303920653,-0.1482433573732621,-0.14598194233540351,-0.1436148066970507,-0.14113688147882333,-0.13857391892499868,-0.13591105563496347,-0.13312479153966472,-0.13020914797630698,-0.1271578780013108,-0.12396444450396472,-0.12062200952649184,-0.11714619965971342,-0.11356312040025443,-0.10981386571928775,-0.10589041848686155,-0.10178431767105149,-0.09748691317623112,-0.09307315913722504,-0.08847514217546024,-0.08366355154949817,-0.07862808615526033,-0.07341027209722252,-0.0680298584484331,-0.06239965708279279,-0.05650760374312171,-0.050454676363883046,-0.04416723002952584,-0.037587705550859905,-0.030801832667597437,-0.023788895135765778,-0.01645029658360383,-0.008929202170789234,-0.0011162579746882917,0.007003079184099169,0.015311796800734946,0.0240060029752565,0.03284135250078192,0.042076297462868305,0.05147520452226413,0.06127297663611972,0.0712108475854052,0.08153899685543516,0.09203974587745785,0.10284863005249359,0.11394649576385535,0.1251953784516782,0.13675265906842501,0.14854900010253727,0.16045753797234272,0.17260927743517834,0.18497587415991826,0.19745893068397055,0.2100137352130232,0.22270028525746788,0.23548566575165242,0.24833613145706734,0.2612095872778449,0.2739753216521254,0.2866882050514132,0.2993205236957273,0.3118339284322862,0.32419139332454266,0.3363576102881439,-2.0,0.3599205115911015,0.37114113534869786,0.38202410894996713,0.392555468427766,0.4027321564033308,-2.0,0.4215938142629117,0.430289305765972,0.4386651515859222,0.44629044667280676,0.45347126945261584,0.46031504902806436,0.46631482795971324,-2.0,0.477158525635085,-2.0,0.48613097798717925,0.4898040733444448,-2.0,0.4959547477275123,0.49831966800184446,0.5005675893249875,0.5021570300934219,0.5031552336947466,-2.0,0.5046865682183276,0.5049069782348349,0.5046518189053489,0.5039612079422747,-2.0,0.5016576495764756,0.5003004137432364,0.49856259598292163,-2.0,0.4939431377995278,0.49108408161796635,0.4878683640360862,-2.0,-2.0,0.4761041625663275,0.47147627839727896,0.4665743497606658,-2.0,0.45594670533185766,0.4500589299268408,0.44376231216608564,0.4370470633319171,0.42990260022494425,0.42231584830732827,0.4142737602007842,-2.0,0.39676175092858784,-2.0,-2.0,0.3666614599447955,0.3555266853846392,-2.0,-2.0,0.318499002599096,0.30486351590342825,0.2905353407322206,0.2754841677615331,0.25967842615462255,0.2430851775862935,0.22566800632270873,-2.0,0.18821512899081472,0.1680997111102983,0.14700183558018837,-2.0,0.10167668150941112,-2.0,0.05185275403099132,0.025122283457883365,-0.0028956028051553284,-0.032261272622730486,-0.0630372317064849,-0.09528922432999754,-2.0,-0.16450089996229655,-0.2016086982619716,-2.0,-2.0,-2.0,-2.0,-2.0,-0.4645380685179765,-0.5159485605231944,-0.5698048363202386,-2.0,-2.0,-2.0,-0.8120787628564161,-0.8800080159263817,-0.9511628887116383,-2.0,-1.1037664486353167,-2.0,-1.2711978208887555,-2.0,-2.0,-1.5533250600881676,-2.0,-1.7644152214375066,-1.8775251181393129,-2.0,-2.1200867152602525,-2.2500580908156618,-2.3861902615167603,-2.0,-2.67811744138902,-2.0,-2.998371381064744,-2.0,-2.0,-3.5379440210987614,-2.0,-3.941618540877588,-2.0,-2.0,-2.0,-2.0,-5.130538625311423,-2.0,-5.688703539935707,-5.987772119350564,-2.0,-2.0,-2.0,-2.0,-7.709555459496103,-2.0,-8.517873158153144,-8.950973378492684,-9.40459107882995,-2.0
0.026893556656722693,-0.14934122663557015,-0.1471457571054169,-0.14484769110113524,-0.1424421069165534,-0.13992384820466724,-0.13733711873753238,-0.13463184340330558,-0.1318010365247034,-0.12883862346831468,-0.12573825413398684,-0.12249329606111446,-0.11909676094721088,-0.11559170549275286,-0.11195147652103363,-0.10814233315610146,-0.10415590531345152,-0.09998378644981493,-0.0956331937951717,-0.09116898319097488,-0.08649754645195974,-0.08160886466534162,-0.07649247506699158,-0.07123682487852014,-0.06577066228493586,-0.06005042370637031,-0.0540740692033476,-0.04796980540379937,-0.04158214300916429,-0.0348973910087579,-0.028068422782941124,-0.020943914962997214,-0.013507504354054754,-0.005922456188501243,0.00201468925091116,0.010178474292915164,0.01861880818779342,0.027366265544067975,0.036331809631061245,0.04564373520693975,0.05515539377654094,0.065008534690972,0.0750869769285608,0.08545244553585733,0.09611804391385381,0.1069605497472483,0.11814141274058165,0.1295101814670936,0.14109023307794644,0.15294935345682692,0.16499495311757081,0.17715476582353074,0.18952108388858935,0.2020658126993606,0.21474002260935313,0.22740551515889526,0.24015798775058678,0.25296309242757775,0.2657853167433741,0.27858811692620256,0.291334627922054,0.3039090970318462,0.3163118686339672,0.32854025026898986,0.34055754110966546,0.35233013551408837,0.3638275668113655,-2.0,-2.0,0.3960722130584821,0.40597121837485206,0.41550188058119997,0.4246059986327014,0.43298655192078883,0.4410008459699606,0.44864266257417157,0.45544559441468047,0.4620802263629725,0.4678770375416443,0.4734748193900602,0.47823725633456826,0.48291292216405884,0.4866539079707883,0.4903141090316907,-2.0,0.49581985141537177,-2.0,-2.0,0.5013812193348398,0.502166650683702,0.5029084606737114,0.5033702784741786,-2.0,0.5028068436210773,0.5018644592261343,0.5005921147476711,-2.0,0.49763476979902765,0.4956330019243915,0.49324483435773114,-2.0,0.4873520290350621,0.4838602932394952,0.48000885823028155,-2.0,-2.0,-2.0,0.4611332522246804,0.4556888742037626,0.4498528360773195,0.4436037839412761,0.4369323775020676,0.42982800763023704,0.42227859607099494,0.4142707868083283,-2.0,-2.0,0.3873439283122529,0.3773423101906931,0.366795954854196,0.35568315321639493,0.34398158762726055,0.3316667487225102,0.31871372213791505,-2.0,0.2907827659404845,0.27574670174191357,0.2599547542775442,-2.0,-2.0,0.2077043765569508,-2.0,0.168434859840085,0.14734649110668868,0.12523056192244292,0.10203911625238582,-2.0,0.05223116120632476,0.025508035409378516,-0.0025030843217982435,-0.03186207831752297,-0.06263161635799863,-0.09487748688174868,-0.12866932422375998,-0.16407857834142692,-2.0,-0.24005703511799892,-0.2807885303008242,-0.3234640572976777,-0.3681739645907074,-2.0,-2.0,-2.0,-0.5693454044088515,-0.6257596545897871,-0.6848560404792496,-0.7467611478308657,-0.8116075792826267,-0.879534244349826,-0.9506866546660316,-2.0,-2.0,-2.0,-2.0,-2.0,-2.0,-2.0,-2.0,-2.0,-2.0,-1.9955007264844806,-2.119588693274312,-2.0,-2.0,-2.528273123813761,-2.6776145527352,-2.0,-2.0,-2.0,-2.0,-3.5374362383506472,-3.7346013954181716,-3.9411090671591413,-2.0,-2.0,-2.0,-2.0,-5.130025796400356,-2.0,-2.0,-2.0,-2.0,-2.0,-2.0,-2.0,-2.0,-2.0,-8.517355192259732,-2.0,-2.0,-2.0
0.026126752255633278,-0.15040739915431567,-0.1482759683727108,-0.1460449735998945,-0.14370963876194964,-0.14126495763445102,-0.13872200678789032,-0.13609539214637534,-0.13334696184638,-0.13047083172309257,-0.12746083931301513,-0.12431053371412991,-0.12101317052841702,-0.11756196657496124,-0.11402746948258438,-0.11032919019231972,-0.10645900252030537,-0.10240856741087757,-0.09816921983253701,-0.09378506374806662,-0.08924972031852803,-0.08450359087193626,-0.07953650520600791,-0.07435124330560611,-0.0690443803556004,-0.06349098958793684,-0.057679175284699076,-0.05166267532102588,-0.04546133444977487,-0.03897173554023105,-0.03222453081869124,-0.025307929754875055,-0.01806994368265912,-0.010590094324021922,-0.002884754854754791,0.005178702352371618,0.013386867810333283,0.02196105941183653,0.03075208353510788,0.03985902847444166,0.04921342679574656,0.05887484797626143,0.06876821127196096,0.0790053055921454,0.08940778585447567,0.10017548939707252,0.11111667337322173,0.12232534435362391,0.1338460970878892,0.14547373412634174,0.15734819333261799,0.16946934166223687,0.18174715995676416,0.19411222939008851,0.2066458778934935,0.21931716394256842,0.23209386611543345,0.24487436372542173,0.257631921435506,-2.0,0.2831201393470184,0.2957754067254209,0.30832184438222543,0.3207230372526731,0.33291106602475923,0.34478218423064494,0.35638009254392866,0.36768095132419687,0.3786602465493398,0.38930248662474537,-2.0,0.40920805196402477,0.4184264421813421,0.4272861151877657,0.43565597420108204,0.4432925437339416,-2.0,0.45738208835069694,0.4635791697464084,0.46938655061940515,0.4745067075626427,-2.0,0.4835510563692252,-2.0,0.4906223993759912,0.4933672561361441,0.49558447507722764,0.4977942215072433,0.4994133082373644,0.5004034208584887,0.501048571962722,0.5016655647083205,-2.0,0.5015234319257463,-2.0,0.49955231213712126,0.4981244838365151,-2.0,-2.0,-2.0,0.48980008478142323,0.48676255780913796,0.4833532474943014,0.4795762736479448,0.47543238140760835,0.47092083912524235,-2.0,0.4608322378793437,-2.0,0.44959432231732743,-2.0,-2.0,0.42970830289261147,-2.0,0.4142260956895061,0.4057784034058294,-2.0,-2.0,0.37741679063170697,0.36689526842319964,-2.0,-2.0,-2.0,0.31889656214460116,0.3052956599851718,0.2909997916365314,0.27597907372576785,0.26020212772372897,-2.0,0.22624317708090486,0.20799006748908627,0.18883680757347376,-2.0,0.1476646791820872,0.12555809932949363,0.10237547434559013,0.07806824010241697,0.05258407180539271,0.025868557170216855,-0.0021351808824841,-0.031487556215823886,-0.06225074345360282,-0.09449038541933841,-2.0,-0.1636802382302076,-2.0,-0.23964856450102612,-0.2803751747043224,-2.0,-0.36775215682596607,-0.41458852047593764,-2.0,-0.5150592285358262,-0.5689087446951564,-0.6253197315516322,-0.6844130156791756,-2.0,-0.8111587978186032,-2.0,-0.9502326652673809,-1.0247607956329612,-2.0,-2.0,-2.0,-1.359965410454344,-1.4539369907861972,-1.5523659536925658,-1.6554631721574131,-1.7634495216093538,-2.0,-1.9950259920838747,-2.0,-2.2490809738960857,-2.0,-2.527792832162545,-2.6771330949760204,-2.833551363108373,-2.997382758402023,-2.0,-2.0,-2.0,-3.734114005128352,-2.0,-2.0,-2.0,-2.0,-4.86924319538433,-2.0,-5.402156943751942,-2.0,-2.0,-6.300000052884641,-6.628076343708231,-2.0,-7.331593759415854,-7.708542173742523,-2.0,-2.0,-8.94995765743672,-2.0,-2.0
0.025381811418260458,-0.15144279947140993,-0.14937355408755018,-0.14720769290526955,-0.14494057496360424,-0.14256734293188855,-0.1400829076989589,-0.13751667960865172,-0.13484824202017723,-0.13205591214137807,-0.12913367584091884,-0.12607529760745495,-0.12287420844810061,-0.11952355117361183,-0.1160434322777356,-0.11245292122900835,-0.10869554266432589,-0.10476330287691296,-0.10064775163117663,-0.09634006327756825,-0.0919224202069467,-0.08731472090575079,-0.0824926249418998,-0.07744579497933672,-0.07222356638335463,-0.06683220778091603,-0.06119010145175093,-0.05528515810633729,-0.04922852605981156,-0.04292844636934766,-0.03633518368793413,-0.0295458744600843,-0.02251945709289637,-0.015166072328584503,-0.007642791581009507,0.00018488185180518674,0.008305907252477554,0.016629457836582918,0.02533378199702723,0.03417415345678275,0.04342524899496372,0.052821651435851255,0.06263122153161708,0.07256875926656929,0.08289101795714332,0.09340639217332261,0.10420623319974404,0.11531851015385175,0.12655450922639727,0.13809644234880464,0.14990477933667243,0.16179393335959036,0.17392133126614384,0.18626131568920926,0.19875115360630005,0.21127240357987467,0.22392074493174888,0.23666279172363883,0.24946478803978506,0.2622912013849956,0.27504239000623065,0.2876905298836361,0.3002515992726591,0.3126859331428103,0.3249568043100525,0.33702820412520124,0.348866034253663,0.3604233404271924,0.37155171833495154,0.38230488464143936,0.3926957282959096,0.4027202911727642,0.41236501788301266,0.42134344633262744,0.4298544780911093,0.438048237128945,0.44555983516702213,0.4525198740736712,0.4592097335780007,0.46500329099367865,0.4706953171073266,0.4754428550880057,0.48012955967743004,0.48396529418099654,0.48746452552546,0.4907067086116461,0.4930933665220201,0.49525103295293604,0.4972295735755444,-2.0,-2.0,-2.0,0.5002134605004548,0.5001083755468837,0.4995175585070773,-2.0,-2.0,-2.0,0.4937361331706551,0.49159015745697154,0.4890417918882336,0.4861031315813849,0.4827825984078624,0.47908520971709473,0.47501260820383184,0.4705659413959988,0.4657423644964537,0.46054187999200846,0.45504990309659776,-2.0,0.44314321397730383,-2.0,0.4295492456480606,0.42208021872264245,0.41414640328569874,-2.0,0.39682737767961157,0.3874092256306249,0.3774623577944982,0.3669665580728888,0.3559014516831506,0.34424342662447543,0.3319698862594647,0.3190552557298322,0.3054726603649514,0.2911939812316002,-2.0,0.26042730634108635,-2.0,0.22649614677685354,-2.0,0.1891138883138025,0.16903066227480712,0.14796336324615772,0.12586650313680287,0.10269367446269229,0.07839525962110772,-2.0,0.02621178488731757,-0.0017846936217200682,-0.031129692002719533,-0.06188635303506462,-2.0,-0.12789947383061906,-0.1632978704391067,-0.20039006083580535,-0.23925572052525168,-0.2799780432496397,-0.3226441983249989,-2.0,-0.4141777601397558,-0.46324052196652554,-0.5146408099851375,-0.5684867801488734,-0.624894397679567,-2.0,-0.7458835908191139,-0.8107243210551756,-0.8786455623621515,-2.0,-2.0,-2.0,-2.0,-2.0,-2.0,-1.4534838729403665,-2.0,-1.6550064324435831,-2.0,-2.0,-2.0,-2.118649241083742,-2.0,-2.0,-2.0,-2.0,-2.0,-2.9969123470412953,-3.1685068353033974,-2.0,-2.0,-3.733639715711567,-3.940145706829124,-4.156436743980738,-2.0,-4.620249527208678,-4.868764990198508,-5.129055060745658,-2.0,-5.687216134031251,-5.986282997394774,-2.0,-6.6275943937909885,-2.0,-2.0,-7.708058872877904,-2.0,-8.516374044326124,-8.949473084712261,-9.403089658407792,-9.878195648702208
0.024658110758226028,-0.1524483304968849,-0.15043946995156923,-0.14833685541836575,-0.14613597764249409,-0.14383213602112416,-0.14142037618295597,-0.13889694686957396,-0.13630620369892157,-0.13359523294143072,-0.13075822355808991,-0.12778911317096484,-0.12468151056611175,-0.12142877662644416,-0.11802394702584913,-0.11451533258756781,-0.11086754648864942,-0.10705007190925288,-0.103054718993616,-0.09887294476448531,-0.09451796850559406,-0.09004469744998139,-0.08536340492569908,-0.08046405093930141,-0.07533613898699568,-0.0700769843085457,-0.06459968694793013,-0.05886736156273885,-0.05288699869130866,-0.04677096317142697,-0.04037047138018106,-0.03367180441500766,-0.02684057879503248,-0.019702299334479208,-0.012263558060987424,-0.004664868208309213,0.0032871929660240468,0.011451365378589057,0.01990657793518035,0.028653225022540904,0.037633253379716985,0.04694298735320136,0.05646918672526716,0.06631776305415148,0.07641100873111528,0.08676877859088464,0.09744906083141924,0.10828050686299479,0.11944825145482652,0.13082969496678754,0.1423921635778808,0.1542308208767274,0.16628643171937801,0.17841995020314208,0.19075674073072726,0.20326747268569137,0.21592166566696522,0.22856968173333375,0.241275529970926,0.2540284727844059,0.2667926594580202,0.27953082589671463,0.29220712514201774,0.3047583593575733,0.3170828080620584,0.32921956117375245,0.3411368621769193,0.35279965965963234,0.36417820095037384,0.37524899960722097,0.385942434519159,0.39609391393017035,-2.0,-2.0,0.4241675043455362,0.4324054185178559,0.4402134761284804,0.44770049531956535,0.45432401969598996,-2.0,0.4663787323061549,0.47172933585591376,0.4763166931687977,0.4807546328960386,0.484262527174352,0.4877235778275857,-2.0,0.49270051943937,0.49480288999824706,0.4964534858663153,0.4974412416456519,0.4979471487869633,0.498415920414659,-2.0,0.4981599373363889,0.4972963568430049,0.49599243974730145,-2.0,0.49263988504432976,0.4906304670074091,0.48820255611526797,0.4853698899197894,0.48214416384598124,0.4785315551254223,0.4745358002720246,0.4701581342795354,0.46539706918635415,-2.0,-2.0,-2.0,0.4428452427152252,0.43632011785530056,0.42935023424667457,0.4219240874355319,0.4140301264676661,0.4056544028743363,0.3967821342556788,0.3873955152641357,0.37747781287909765,0.3670091837727383,0.35596906615135987,0.3443349629825219,0.3320831795007287,0.31918930926647937,-2.0,0.29136511320966,-2.0,0.26063055443891614,0.24409259857850624,0.22672822653637464,-2.0,0.1893712031876521,0.16929953510320372,0.148243257904852,0.12615669858371653,0.10299394473988499,0.07870411950682321,-2.0,0.026537610035876402,-2.0,-0.030789055272080312,-0.0615387799994247,-0.09376590905093762,-0.12753946866293275,-0.1629317030779207,-2.0,-0.23887865291218857,-2.0,-0.3222574571286765,-0.3669542100864164,-2.0,-0.4628413950323558,-0.514237383678786,-0.5680796926852858,-0.6244838321515978,-0.6835706062041075,-0.7454665755373043,-0.8103043171289749,-0.8782227171060717,-2.0,-1.023890360560438,-1.1019516493862382,-1.1837183585693372,-1.2693656523553283,-1.3590770153909086,-1.4530446389846228,-2.0,-2.0,-1.762546394678771,-1.8756499708947507,-1.9941165074135858,-2.0,-2.0,-2.0,-2.5268723347057698,-2.6762101596614336,-2.8326261040705143,-2.996455285354129,-3.1680487021057138,-3.3477739895600114,-2.0,-2.0,-2.0,-2.0,-2.0,-2.0,-4.868299895032695,-2.0,-2.0,-2.0,-2.0,-2.0,-2.0,-6.970743803747032,-2.0,-2.0,-2.0,-2.0,-2.0,-9.402617614468763,-2.0
0.023955044663499153,-0.15342485621567828,-0.15147463499247657,-0.14943344394289268,-0.1472969029694737,-0.14506043083942463,-0.14271925032171034,-0.14026832701070807,-0.13772208326621668,-0.13509013083410143,-0.13233590216806818,-0.12945346900766427,-0.12643666536593234,-0.12327903051452496,-0.11997378992230952,-0.11651822733857156,-0.11297673522468041,-0.10927083241709756,-0.1053922306132626,-0.10133272501015526,-0.09708361546213498,-0.09269590102181229,-0.08815134354424503,-0.08339520895372082,-0.0784173019075923,-0.07322813980949766,-0.06791089471568541,-0.06234620676326637,-0.05652215377474381,-0.050502632103020376,-0.044289345372576075,-0.03778675590270036,-0.031037066190803812,-0.024107684469688535,-0.01685576759271088,-0.00937476041315271,-0.0016556171614150045,0.006421568616761148,0.014630184458727706,0.023219387475337236,0.03200822156344771,0.041130133008127304,0.05048047816800089,0.06015680775002575,0.0700437076593797,0.08029562214068414,0.09068868040711173,0.10144521801712955,0.11239929710367338,0.12359281353398978,0.13509584675073694,0.14673399960608366,0.15858553801280598,0.17068050668869783,0.18296577446774054,0.19529830330726816,0.20779509562376053,0.2204247509394933,0.2331546844361737,0.24593122758695302,0.2586342802266945,0.27133323834557865,0.2839917953856308,0.29657147967290565,0.3090348605291463,0.3213447998923792,0.33346364222609826,0.3452697612604602,-2.0,0.3679285894768346,0.3787724537062221,0.38926832355087143,0.3994023106656156,0.40894398567353635,0.4179836841345715,0.42665272783409536,0.4348969454383563,0.4423491203198368,0.449507481133016,0.4560890146052951,0.46203152267321923,0.4676838255373828,0.47253836915868147,0.47712290437404714,0.48113541230359486,0.4844777027463829,0.48775903508243196,0.4902164549014716,0.4922035942453037,0.4941506419162546,0.4954648438798815,-2.0,0.49651653391703643,0.49682972803612063,0.4966655851547887,0.4959934295204632,-2.0,-2.0,0.49148991446856993,0.48957303977111133,0.48727512464847667,0.48455818213070706,-2.0,0.4779133285320342,-2.0,-2.0,-2.0,0.4599133295173279,0.4544294738965756,0.44860383440205787,-2.0,-2.0,0.429108663316814,0.42172844132661524,0.41387653599455576,0.4055396492351929,0.39670268212729826,0.3873496082239028,0.3774623594218074,0.36702217008343463,-2.0,0.3443987922517329,0.33217006411946487,0.3192976377718798,0.30575379719319423,0.29151177010029466,0.27654159574618337,0.2608113380973678,0.2442894537953984,0.22693872565341827,0.20872526035376698,0.18960850246063776,0.16954844103605116,0.14850311726034998,-2.0,0.10327430321570275,0.07899451243546618,-2.0,0.02684548515609364,-0.0011355320123952461,-0.030465815951213893,-0.061208282628200994,-2.0,-2.0,-0.16258196488779464,-0.19966284531322165,-0.23851778472573093,-2.0,-0.32188606097460926,-2.0,-0.413402168854607,-0.46245732266644146,-2.0,-0.567687664373232,-0.6240882116812569,-0.6831715730628645,-0.7450642916308834,-2.0,-2.0,-2.0,-1.0234766203744843,-1.1015353851447671,-1.183299690952845,-1.2689446981649901,-1.3586538857169739,-1.4526194364454583,-1.551042657239387,-1.654134385249942,-1.7621153877210354,-2.0,-1.9936820502089336,-2.0,-2.247728528925376,-2.0,-2.526432404059805,-2.675768954430418,-2.0,-2.0,-2.0,-2.0,-3.5355694665984734,-2.0,-2.0,-2.0,-2.0,-4.619334068087268,-2.0,-5.128136694954229,-5.400757692173662,-5.686295126025282,-2.0,-2.0,-2.0,-6.970287558794151,-2.0,-2.0,-8.101936096172738,-2.0,-2.0,-2.0,-2.0
0.023272024789604086,-0.15437321843053006,-0.1524799468680566,-0.15049840298093964,-0.14842433764196442,-0.14625330449686177,-0.14398065738432236,-0.14160151701496793,-0.13911078932762574,-0.13654192847902288,-0.13386805695395373,-0.1310698122042702,-0.128141183326972,-0.1250758559829505,-0.12186739276481352,-0.11850877767270003,-0.11502532094470017,-0.11142753091549566,-0.10766230622400383,-0.10372154211995081,-0.09959680459493081,-0.09527925376318234,-0.09085886101168865,-0.08624181044928068,-0.08140958116732967,-0.07635181485042425,-0.0711265916419692,-0.06572471272405436,-0.060071174725830366,-0.05415387087847194,-0.0480952078989829,-0.0417830410511831,-0.03517666226510168,-0.028386054146658964,-0.02134662642932273,-0.01397919299941227,-0.006455942813662588,0.001385650460995192,0.00950585980889767,0.01784323377715598,0.026545271472767386,0.0353993997030818,0.04466320158555579,0.05405633168817287,0.06385983693098155,0.07381024665040647,0.08412321130137354,0.09465144666103195,0.10543811154143537,0.11656088815165484,0.1277821598854212,0.13930398154737142,0.15110603364289057,0.1629860029694447,0.17508508131827427,0.18739221989653554,0.19987645297745482,0.2123678836422386,0.22497138735317712,0.23766374112663724,0.2504096214262257,0.2631742957041634,0.27590719224150234,0.28848940129013745,0.3009702954229351,-2.0,0.3254914965131904,0.3374575321196444,0.3491812699109884,0.3606331877450345,0.37169231968222666,0.38230396545385475,0.39254149713220654,0.40240109862374634,0.41189249730044103,0.4207613103411588,0.42907234540740796,0.4370540354535081,0.4444543210345543,0.45117590792095424,0.45768131012525776,0.4632668501864377,0.4687401868331988,0.4732666928175818,0.47773823885155603,0.48129918200491817,0.4846065806144649,0.48756158642978265,0.489668152091708,-2.0,-2.0,0.4942617588913241,0.4946674446809508,-2.0,0.4950204794390198,0.49455974953285675,0.4936022298509569,-2.0,-2.0,0.48841834783847493,-2.0,0.48366236404811574,0.48064871329141534,0.47722517657974767,-2.0,-2.0,0.46454949170091564,0.45952655995725267,0.4541008457700283,0.44827379579091386,0.44213477073861074,-2.0,0.4288234550995889,0.42149156166738255,0.41368397880842656,0.405387906279998,0.39658862952518387,-2.0,0.3774150349140888,-2.0,0.356018426146746,0.3444346041193174,-2.0,-2.0,-2.0,-2.0,0.27668205534979856,0.2609694263820874,0.24446267510502212,0.22712781220356687,-2.0,-2.0,0.16977710828074166,-2.0,0.12667875661036426,0.10353608592253749,0.07926612778161235,0.05381715759060224,-2.0,-0.0008375942217565546,-2.0,-0.0608951159060207,-0.09310847393388777,-0.12686899839386545,-0.16224855053468978,-0.19932381830688284,-2.0,-0.2788799307183297,-0.32153137301929435,-0.3662187477318065,-0.41303772528536054,-0.4620885492654607,-2.0,-0.5673108752563374,-0.6237077132755684,-0.6827875504559788,-0.7446769242625817,-2.0,-0.8774208375017103,-2.0,-1.0230774202160493,-2.0,-2.0,-2.0,-1.3582449983213813,-1.452208413275612,-2.0,-2.0,-1.7616987119611223,-1.874798828631994,-2.0,-2.117342230240501,-2.2473051465342855,-2.0,-2.526006196049244,-2.675341432082087,-2.0,-2.0,-2.0,-3.346896062596782,-3.535136243323101,-2.0,-2.0,-2.0,-4.381625430458119,-4.61889635187158,-2.0,-2.0,-5.400317751043277,-2.0,-2.0,-2.0,-2.0,-2.0,-2.0,-2.0,-8.101491552034428,-8.514999626535873,-2.0,-2.0,-2.0
0.022608479567277774,-0.15529425698201085,-0.15345628994100247,-0.15153266675032262,-0.1495192701059801,-0.14741178702340807,-0.1452056857218758,-0.1428962596085665,-0.1404785416677717,-0.13795185595770215,-0.13535604383673527,-0.13263954813599207,-0.12979654693935447,-0.12682094896706403,-0.12370637321287158,-0.12044615057917919,-0.11703329287997741,-0.11352205297150984,-0.10986690774944334,-0.10604146666944658,-0.10203750958449347,-0.09784646283687994,-0.0934883111204548,-0.08900633168266113,-0.08431557373603575,-0.079405984965923,-0.07426704582566492,-0.06900581167199445,-0.06351787051212802,-0.05777401071730097,-0.051791363096570966,-0.04566412554878104,-0.039251442535675356,-0.03254138650263239,-0.02570805222258197,-0.018556762089130062,-0.011117948291348198,-0.003506447263611278,0.004459606941590971,0.012621635905041964,0.02109070001355195,0.02983372650238196,0.03882745478797401,0.04813165667134795,0.05767124635714513,0.06751158623256803,0.07761808190344735,0.08796451036059025,0.09865834882644539,0.10947412881414088,0.12062447247420933,0.13201658709553651,0.14355668999657564,0.1553699078262359,0.1674278444756308,0.1795351285555391,0.19183635286719286,0.20430737131244728,0.2169168381499892,0.2295619425365863,-2.0,0.25490774686129103,0.2676059160431235,0.2802716510297497,0.29286754235919843,0.3053562553962368,0.3176289136596785,0.3296642897055431,0.34147075606491917,0.35301342916518963,0.36426171969223414,0.3751914630521905,0.3857745849945967,0.3958152946545615,0.40538228214801303,0.41455662194019394,0.42336498377723236,0.43146970117947586,0.43905502353083337,0.4463548557154317,0.4528006777376013,0.45895702731280724,0.46444520678619344,0.4695165959577451,0.473923202001961,0.4780934575908107,0.4813575694458077,0.48459123321643394,0.4871345094967835,0.4890016152471909,0.4908492784514645,0.4921791243346461,-2.0,0.49304598717776144,0.49321034051289264,0.4929835084512565,0.4922256314464569,-2.0,-2.0,0.4872629785658753,0.48513496211664375,0.48267708839218343,0.4797821488627464,-2.0,-2.0,0.4685900382658765,-2.0,0.45908730715156776,0.4537234615466773,-2.0,0.4417788808208225,-2.0,0.42849278779211813,-2.0,0.41345096320126684,0.4051977122032592,-2.0,0.38715600757715923,0.37733493912895155,0.3669557344739407,0.3559985565883658,0.3444414859641612,0.33226184789476804,0.3194348696792505,0.30593387542778244,-2.0,-2.0,0.26110317693761953,0.24461323942139385,0.22729387822275,-2.0,0.19001918753774794,0.16998505251055784,0.14896344084582475,0.1269102603707986,0.10377840756049006,0.07951864864016256,0.054079300999151036,-2.0,-2.0,-0.029872021950556382,-0.060599535949653394,-0.09280564421308168,-0.12655930615140087,-0.16193269740758542,-0.19900147754379804,-0.2378449513806824,-0.27854614631942953,-0.3211924389231815,-0.3658748449118824,-2.0,-0.46173503521948867,-2.0,-2.0,-2.0,-0.6824187084163491,-0.7443046273122087,-0.8091328138425695,-0.8770421292500996,-2.0,-2.0,-1.1007463881005533,-1.182505659177093,-2.0,-2.0,-2.0,-1.550230802784743,-2.0,-2.0,-2.0,-1.9928558349729166,-2.0,-2.0,-2.3830183226158392,-2.5255938418892976,-2.6749277245943874,-2.0,-2.995165510019938,-2.0,-2.0,-3.5347166576926172,-3.731876152803106,-2.0,-2.0,-2.0,-2.0,-2.0,-2.0,-2.0,-2.0,-2.0,-2.0,-2.0,-2.0,-2.0,-2.0,-2.0,-2.0,-2.0,-2.0,-2.0
0.02196385372416546,-0.15618875142859234,-0.15440449119810587,-0.15253712595295138,-0.15058264836810728,-0.1485368713828139,-0.14639541306337295,-0.14415368069254023,-0.14180686412316765,-0.1393499537208423,-0.13680113261002505,-0.13416403052183676,-0.1314041828364663,-0.1285156868080363,-0.12549233818135055,-0.12232763263469679,-0.11901487920107941,-0.11555617489487402,-0.11200796174778725,-0.10829450644851499,-0.10440784528778277,-0.10033965406963555,-0.09608121786715355,-0.09169116186804896,-0.08713779688660922,-0.08237211281933429,-0.07738389584292174,-0.07219234676114171,-0.06686522733716681,-0.06128981072959959,-0.05545415106992639,-0.04943337657279114,-0.04320880189045669,-0.036693918177204916,-0.029943821512817166,-0.023002450560113567,-0.01573746967502375,-0.008257514473807025,-0.0005256338679304256,0.007550566519236953,0.01577068357158023,0.024373740438989086,0.033157470979138993,0.04229305042575044,0.0516361302356928,0.06132589763357719,0.0712028157937713,0.08146661982570408,0.09184767049384329,0.1025889248214482,0.11355391982958017,0.12472779111378407,0.13620835056744446,0.14785456552327,0.15967805214012945,0.1717414255486107,0.18401713102575548,0.1963251901782035,0.20877916828507095,0.22136028343079348,0.2340365629008868,0.2467736232690236,0.2594458086508511,0.2720750532087392,0.28465632812550284,0.29715162139563317,0.30952245014110236,0.3217313129226267,-2.0,0.34549241895028465,0.35686200133131674,0.367900789714115,0.3785968978415409,0.3889331289091308,0.3989064697423469,0.4083547556402513,0.4172013026526066,0.4256623232265182,0.4337476719591568,0.44102140850032223,0.4479327342620897,0.45437381589439635,-2.0,-2.0,0.4700961614257458,0.4744917136796437,0.47819678427106077,0.4813241938550348,-2.0,-2.0,0.4882199170092107,0.48987334088590445,0.4908566192010053,-2.0,0.49127524083445134,0.49125099333680466,0.4907135617330689,0.4896569827842103,0.48812058090972965,0.48614016212897815,-2.0,0.48159551290958785,0.4788293749045536,0.4756249640349219,0.47199314859394415,0.46794179338361247,-2.0,0.45859284583733073,-2.0,0.4475768980048356,-2.0,-2.0,-2.0,-2.0,-2.0,-2.0,0.39624987569656017,0.3870063279404979,-2.0,0.36687417195116145,-2.0,-2.0,0.3322653000340064,0.3194623059755277,-2.0,-2.0,-2.0,0.26121319315331903,0.24474061372707018,0.22743760088976767,0.20926752662764309,0.19019250731043824,0.17017157280465045,0.14916281279938332,0.12712174671440296,0.10400092927237448,0.07975210756342455,0.05432238567371006,0.02765867328598992,-0.00029639469125475326,-0.029602344448641293,-0.060321804063626416,-0.09252023293061284,-2.0,-2.0,-0.1986960473223136,-0.2375334911410134,-0.27822906214524545,-0.3208698492153851,-0.36554711951760277,-0.4123565102951319,-0.4613982385551606,-0.5127772862958591,-0.5666037321754193,-0.6229927838310426,-0.6820652253819638,-0.7439475721542016,-0.8087723654714897,-0.8766784563858449,-0.9478112981922222,-1.022323261878598,-1.1003739615505346,-1.1821305947682257,-1.2677683018039354,-1.3574705405282694,-1.4514294767515843,-1.549846404781825,-1.6529321622810884,-2.0,-2.0,-2.0,-2.0,-2.0,-2.0,-2.525195469119521,-2.674527955550194,-2.8309388128148547,-2.0,-2.0,-2.0,-2.0,-2.0,-2.0,-4.154257123095515,-2.0,-2.0,-4.866573119317757,-2.0,-2.0,-5.685013636261153,-2.0,-2.0,-2.0,-2.0,-2.0,-2.0,-2.0,-8.514149582372944,-8.947246412923985,-2.0,-9.875964856028862
0.021337607820153946,-0.15705747872013212,-0.1553253795836341,-0.15351264294101877,-0.15161538229027535,-0.14962953872985774,-0.14755084928304427,-0.1453748631509008,-0.14309690401750308,-0.14071211958085192,-0.1382153750225584,-0.13564458193777434,-0.13296549869243424,-0.13016154937512028,-0.1272268179487748,-0.12415494355755594,-0.12093934716452216,-0.11757314991217485,-0.11408732290858697,-0.1104826220151301,-0.10670987625960417,-0.10276099707696829,-0.09862752270140447,-0.09430059544814984,-0.08987869901357519,-0.08525276829223463,-0.08041092591603975,-0.07534280411379524,-0.07011614628059151,-0.06470431788283953,-0.05903999734277228,-0.053111046224666635,-0.04705216880699128,-0.04072866662508296,-0.03410999676443308,-0.02732010537125828,-0.020268651572226556,-0.01288814566164979,-0.0053672810420206446,0.0024871151468834193,0.010603810603799415,0.0189536315757977,0.027650674393171936,0.0365171409355819,0.04577465955906007,0.05517872996985174,0.06497208997795656,0.07493415765672362,0.08523355966811841,0.09577307603629247,0.10654236318209497,0.1176486360873738,0.12887494123383453,-2.0,0.15214616636086084,0.1640309839498216,0.17609556423995557,0.1883639723030779,0.20080695002320223,0.21329414322479576,0.22584598453400198,0.23848091603750707,0.2511634825599821,0.26385820818580147,0.27652864384975523,0.28907552818927834,0.30146718634021685,0.3137158454509169,0.32578415267124944,0.33763441959450985,0.34923223743024245,-2.0,0.3715252213813642,0.3820057620195896,0.39207628463891797,0.4017562433778216,0.41105853945523996,0.41982550893029535,0.4279225328078449,0.4356732660463071,0.44293882805267804,0.4494140697978984,0.45570283106051473,0.46107675353659394,0.4662999959192456,0.47059823903217346,0.4748240897979686,0.47809791201953833,0.48119389414219094,0.4838297097704961,0.48563821684507374,0.4873171887864168,0.48866358943954746,0.48930698024184355,-2.0,-2.0,0.4890533917150379,0.4882047990099545,0.4868471111019471,0.48501541594638786,0.4827863709200765,0.4804131411085694,-2.0,0.474702396636779,0.47117949795780056,0.46722493402737647,0.46284437732224704,0.45804063769616743,0.4528125411966798,0.4471579542739226,-2.0,-2.0,-2.0,-2.0,-2.0,0.404697015385165,0.3960228293849289,0.3868198478349018,0.37707124776520895,0.3667592482944514,0.3558642645630446,-2.0,0.3322390068306202,0.31946180962203663,0.3060075629589593,0.2918484650913881,-2.0,0.2612985414443495,0.2448442586069008,0.22755790163248973,-2.0,0.19034348058542594,0.17033718672042497,0.14934114956920935,0.1273123762844674,0.10420330483135187,0.07996511041617793,-2.0,0.027892102589296308,-5.3701515152382306e-05,-0.029350947358616875,-2.0,-0.09225300793735669,-0.1259922149277095,-0.16135192580085667,-0.19840775446597558,-0.23723896120676002,-0.27792862304797505,-0.32056380971229315,-0.3652357710185621,-0.41204012747494423,-0.4610770783484084,-0.5124516135764615,-0.5662737369559795,-0.6226587035578226,-0.6817272634815194,-0.743605884899734,-0.8084272164471223,-0.8763299791202938,-0.9474596566661814,-1.0219686117323472,-1.100016450461112,-2.0,-2.0,-2.0,-1.4510618489016585,-2.0,-1.6525601795065512,-2.0,-2.0,-1.9920858624064506,-2.0,-2.2461191613375364,-2.0,-2.0,-2.0,-2.0,-2.9943747579267685,-2.0,-2.0,-2.0,-2.0,-2.0,-2.0,-4.38039637033235,-2.0,-2.0,-5.126460968792949,-5.399079008510133,-2.0,-2.0,-2.0,-2.0,-2.0,-2.0,-2.0,-2.0,-2.0,-2.0,-9.400455120051177,-2.0
0.02072921779595371,-0.15790117883290267,-0.15621973856734836,-0.15446005704837665,-0.15261836240727944,-0.15069072446173656,-0.14867299301122738,-0.14656085611813977,-0.14434977987494332,-0.14203503043236426,-0.13961163425064604,-0.13708246563484672,-0.13448179973111196,-0.13175997998974662,-0.12891132236742686,-0.1259295544229211,-0.12280834465229738,-0.11954100424365034,-0.11612053279924033,-0.11260765812983906,-0.10894553796113028,-0.10511253330336863,-0.10110042320484977,-0.09690061008800077,-0.09254058159056783,-0.08805037911445537,-0.08335069600611057,-0.07843146663469508,-0.07328214599347517,-0.06802038710184323,-0.0625224673068931,-0.05676780467710151,-0.050784733130907166,-0.04464706498676683,-0.038223034643545796,-0.031513284210791075,-0.024669206458003898,-0.017505902926997424,-0.010069432223574822,-0.00244622935168766,0.005532622187738864,0.013689772787874992,0.02217137130565831,0.030907738795967706,0.03991368905083434,0.04920877034074337,0.05876034763263499,0.06858878620636791,0.07870699992648031,0.08903776027855966,0.0997329286570265,0.11053877797242914,0.12166699422746088,0.13306708718315097,0.14458016584323752,0.1563624288644196,0.16838909613619063,0.1804948779039006,0.19275439028589297,0.20517860610076466,0.21773618382490212,0.23037477358228983,0.24296649203024034,0.2555926984522989,0.2682167500904326,0.2808011666361719,0.2933084846441888,0.30569958997614566,0.31792359217368055,0.32986256992119406,0.3415469333122251,0.3529578081188032,0.364063556384743,0.37483958339941403,0.3852690004967222,0.395217306563087,0.4045982971310319,0.41357174611010095,0.4221759894925116,0.43015742808225277,0.43750214929829445,0.44457941157982744,0.450849753850542,0.45672229431770517,0.4620474896204841,0.4668065983566255,-2.0,0.47489466255681634,0.47790319346109655,0.48087813541220037,0.483093672299248,0.48468125487803765,0.48624246036121477,0.4872239264773289,0.48753343485873873,0.4874119989054063,0.48723743611306747,0.48661915289548585,0.48545794719240287,0.4837958824699672,-2.0,-2.0,0.47664748684537295,0.4736987439008505,0.47029323141973867,0.466443100678866,0.462155312102582,0.45743432536895723,0.45228119851205295,-2.0,0.4406697412938011,-2.0,-2.0,-2.0,-2.0,0.4043910763925129,0.3957632548819862,0.3866028216087483,0.37689362642800595,0.36661771916889296,0.35575620364876276,0.3442880264418064,0.3321906854534073,0.3194402914673855,0.30601063818572777,0.2918748707125168,0.2770039708542113,0.26136677979701517,0.24493137093977896,-2.0,0.20952505917848124,0.19048055800415375,-2.0,-2.0,0.12749026512835143,-2.0,-2.0,0.054758285403596174,0.028114427851934964,-2.0,-0.02911003344077856,-2.0,-0.0919952313044421,-0.1257270979143571,-0.1610796022359101,-2.0,-2.0,-2.0,-2.0,-2.0,-0.4117319154509719,-0.4607639263093475,-0.5121337751397385,-0.5659514506478133,-0.622332194984929,-0.6813967464016275,-0.7432715832585479,-0.8080892726373016,-0.8759885966591109,-0.9471150064281437,-2.0,-1.099665618736093,-1.1814168423479865,-1.2670492883674065,-2.0,-2.0,-1.549113088264697,-2.0,-2.0,-1.8732583846519624,-1.991714396064936,-2.1157876737353436,-2.0,-2.381861895015703,-2.524432883987353,-2.0,-2.8301705227610476,-2.0,-2.0,-3.3452969391073175,-2.0,-3.7306889161067023,-2.0,-4.1534726777429665,-2.0,-2.0,-2.0,-5.126067960865939,-5.398685204055713,-2.0,-5.983281273495232,-2.0,-6.624584120562703,-2.0,-2.0,-7.7050369321196825,-2.0,-2.0,-2.0,-2.0,-2.0
0.020138174534552102,-0.15872060538262855,-0.15708835144557268,-0.1553802003817721,-0.15359246992091782,-0.15172135140075738,-0.14976282507879654,-0.1477126994562885,-0.1455665678100895,-0.1433198437981203,-0.1409677039887387,-0.1385051014791905,-0.13595447115050063,-0.1333124800177094,-0.13054729661763967,-0.127653072202862,-0.12462352666691388,-0.12145218718550885,-0.11813228245889601,-0.11467153504166043,-0.1111168607659134,-0.10739638604739155,-0.1035021396735334,-0.09942577652117222,-0.09515856161230808,-0.09076749256870723,-0.08620587330579359,-0.08143124766333237,-0.07643338428736907,-0.07124107793686302,-0.0659047681000791,-0.060319370665510845,-0.05447291916261012,-0.04845280211494047,-0.042217806737544196,-0.03569164152838785,-0.028943245753721134,-0.02199093787496074,-0.014714004169880675,-0.0072377549534762145,0.0005057884762237029,0.008577053549793838,0.016808478532466874,0.025423915836460205,0.034199393936862554,0.04334701463558808,0.05267937558659744,0.06238075137237206,0.07224387517694145,0.08249541919874322,0.09288239724530652,0.10360393004895171,0.1145774715110062,0.1257268000201031,0.1371797568317742,0.14883117502834642,0.16062107434379203,0.17264685672926025,0.18488094786666315,0.19718669358856694,0.2095903979352119,0.22211652056757406,0.2347316334217424,0.24740123668537528,0.26005786020730054,0.27260819420857385,0.2851037222633268,0.29750500829081744,0.3097730725547295,0.3218703641982482,0.33376033412476774,0.34540823152146066,0.35669239096766925,0.3675818938673559,0.37811657064807286,0.3882793789684925,0.3980659642349999,0.40740101521598443,0.4160588485896143,0.4242952527953919,-2.0,-2.0,0.44592890230092175,0.45219639500481085,-2.0,0.4628467566657941,0.4671485636428317,0.47132311750229516,-2.0,0.47760015757392227,0.48030012740265043,-2.0,0.48358969232584037,0.4849156276846078,0.485539616237006,-2.0,0.4852704516629961,0.4848724009995473,0.4839281481441956,-2.0,0.4804810025267391,-2.0,0.47542257769988094,-2.0,0.4693139985577054,0.4655757059623344,0.46138783649794046,-2.0,-2.0,0.4461680783034069,0.4402085849097319,-2.0,-2.0,0.4196851360919299,-2.0,0.4040327174296018,0.39545398911586566,0.3863381907533257,0.3766701965170667,0.366432557422508,0.3556061148519973,0.344170507950373,0.3321032235149077,0.31938061770565807,0.3059771893773528,0.29186584951994016,0.27701716309194174,0.2614010038465586,0.2449850362739328,0.22773496785258568,0.20961460940122206,0.1905859654097084,0.17060895285964384,0.14964129626506245,0.12763891513279352,0.10455435465988672,0.0803394071063449,-2.0,0.028308929337609423,0.00038263601618548915,-0.02889627162744013,-0.0595901511304644,-0.09176456292288859,-0.1254881174430419,-2.0,-0.19787499389120344,-0.23669319086716079,-0.2773705783957746,-0.31999398206829555,-0.36465477503622445,-0.4114485438429194,-0.46047545383269517,-0.5118404626786737,-0.5656535459795127,-0.6220299319675942,-0.6810902091573627,-0.7429612681823989,-2.0,-0.8756709843743731,-0.946793899097311,-1.0212966700856616,-2.0,-2.0,-2.0,-2.0,-1.4503624250503735,-2.0,-2.0,-2.0,-2.0,-1.9913656234675865,-2.1154370454289486,-2.0,-2.3815077774133,-2.524077201930604,-2.0,-2.0,-2.0,-2.0,-2.0,-3.533168825452429,-3.7303239387365683,-3.9368220477521656,-4.153105569377509,-4.379637891402537,-2.0,-2.0,-2.0,-2.0,-2.0,-2.0,-2.0,-2.0,-2.0,-2.0,-2.0,-2.0,-8.512967765716839,-8.946063100695534,-2.0,-2.0
0.01956398343517064,-0.15951797083226069,-0.15793196716344451,-0.15627385100415742,-0.15453853323688604,-0.1527223084155697,-0.15082128355485452,-0.1488313677474718,-0.1467483084997029,-0.14456764921151705,-0.14228470182375358,-0.1398945804084176,-0.13739216375455524,-0.13482020209650633,-0.13213615166223955,-0.12932693154508162,-0.12638640793349432,-0.12330832591075519,-0.12008607658419164,-0.11671275383205189,-0.11322562451522192,-0.10961443679568998,-0.10583466231133594,-0.10187819441928941,-0.09773655365786317,-0.09340632564040144,-0.08897879055639346,-0.08434460399934067,-0.0794938348221535,-0.07441608446257827,-0.06918962369711405,-0.06376861939450074,-0.058094348482640105,-0.0521546525842577,-0.04609749312391415,-0.039763618595021054,-0.03313369801501197,-0.026346765474428723,-0.019284416313845816,-0.011892806704893996,-0.004376236851578067,0.0034897193203067434,0.011600048156760256,0.019960997226432027,0.028649711001502626,0.03752692270273473,0.04677354781409537,0.05618779483297587,0.06596721768894676,0.07593885946538635,0.08622050149669623,0.09676900280531109,0.10751637512991874,0.11859797093866789,0.1298300049154503,0.1412970779047342,0.15303700597716455,0.16492404918057713,0.17694809399696418,0.1891713987639412,0.20156431407983608,0.21404543309076268,0.2265381711525192,0.23910780259914982,0.251719006893335,0.2643354959274949,0.2769195647135968,0.2894254773242607,0.30173175765842314,0.3138729586688393,0.32582381911241554,0.33754683233524363,0.3490071931150856,0.3601744677350178,0.3710221322276275,0.38139641274639563,0.39128518443641214,0.4007704694342914,0.4098643526246532,0.41849719270318675,0.42638574161210907,0.4338876044703825,0.440981926095877,0.44721264233450686,0.45324812353723126,0.45840956047898895,0.46334724494789964,0.46740988658280147,0.4713568253310222,0.4743310589941757,0.4771853112307865,0.47947502638644296,0.48096771204009214,0.4823679826157156,0.48334795754840626,0.48362044792446657,0.48333935799616257,0.48296316869281963,0.48225945430675854,0.4809878524442601,-2.0,0.4769084068584499,0.4742264042297474,0.4713918023711782,0.46825074865324434,0.4646337594583125,0.46055323670519666,-2.0,0.45102963241565,0.4455917406549701,0.4397016786029465,0.43335508650698884,-2.0,-2.0,-2.0,0.4036358655617389,-2.0,-2.0,0.3764160152586077,0.36621827596933454,-2.0,-2.0,0.3319919112098722,0.3192984008762815,0.3059221129846161,0.291836145944492,0.27701092406671385,0.26141738654845736,0.24502144150849686,0.22779062414467482,0.2096881604028556,-2.0,0.17071506483395282,0.14976232242539184,0.12777381233180568,0.10470266213395285,0.08049962516195142,0.05511408499066628,0.028491643264246358,0.0005755941116371011,-0.028693571379676652,-2.0,-0.09154407140603926,-0.12525960313672546,-0.1605969263781888,-0.1976313077008074,-0.23644273231737656,-0.27711339226039455,-2.0,-0.36438553606050617,-2.0,-2.0,-2.0,-0.5653637118933167,-0.6217355925307826,-0.6807917291962791,-0.7426585912362619,-2.0,-2.0,-2.0,-2.0,-2.0,-2.0,-2.0,-2.0,-1.4500314513073218,-1.5484390232548946,-2.0,-2.0,-1.872571204460514,-1.9910232173960045,-2.115092765554616,-2.2450455279852433,-2.3811599770078886,-2.5237277094530306,-2.6730541721947016,-2.0,-2.0,-3.164861732975453,-2.0,-3.5328109280008073,-3.729964861413559,-3.9364618460569516,-2.0,-2.0,-4.61654105458326,-2.0,-2.0,-5.397947649282949,-2.0,-2.0,-2.0,-2.0,-2.0,-2.0,-2.0,-8.09909078342808,-2.0,-2.0,-2.0,-9.874405283935644
0.019006163999369864,-0.1603082421974832,-0.15875130510131488,-0.15714178682157412,-0.1554573765068786,-0.15369445905911716,-0.15184927352379182,-0.14991784495545937,-0.14789604724007374,-0.14577954324886522,-0.14356379410723608,-0.1412440539817648,-0.13881534435859855,-0.13628442934856155,-0.1336793320028744,-0.13095260079197346,-0.12809856516061727,-0.12511102692258233,-0.12198362519830187,-0.11870964239662987,-0.11528206719314227,-0.11176865439353988,-0.10810004944849197,-0.10426002149741619,-0.10024033838642561,-0.0960323871927245,-0.09167191076265421,-0.08717411642567932,-0.08246620546720665,-0.07753808569446902,-0.0723802148972024,-0.06711862160143972,-0.061611575650277466,-0.05584702791719943,-0.04986557371404599,-0.04371845549565589,-0.03728414334176054,-0.03057732003225878,-0.02372338015610973,-0.016549311836129302,-0.009117890158246659,-0.00148431665277708,0.006505860084587987,0.014655118328816006,0.023147616310164376,0.031873992098085425,0.04089035470940272,0.05017276911441634,0.05973421419149155,0.06954689172684013,0.07967376241245654,0.08998520732393961,-2.0,0.11147011018358757,0.1225711420535547,0.13397426219707456,0.14545634020927453,0.15720208310038003,0.1691876421717041,0.1812917643143447,0.1935028001812066,0.20587338123758503,0.21837175006232543,0.2309649513437883,0.24352158567391952,0.2560719466603409,0.26861299326055166,0.28110637147836715,0.2935141010911538,0.30579792015844437,0.3179203634600771,0.32979475563034155,0.3413476513395894,0.3526140236387313,0.36356376028799464,0.37417146572199494,-2.0,0.39425225340213055,0.4034569750947505,0.41221269118730275,0.42058449061554515,0.42843158209092796,0.43552472977914564,0.44234015140629235,0.4484375357158567,0.45400363547768396,0.45914463885301043,-2.0,0.46758144063478857,-2.0,0.4738542034114795,0.47653623896492253,0.4783980710367419,0.4796872226170236,0.48092687152068553,0.4815304504275758,-2.0,0.48098207997781617,0.48043064571061456,0.4793853745428205,0.47778393022191723,0.47566625251414313,-2.0,0.4701572604774606,0.4670896703050488,0.4636039016744668,0.4596392342615283,-2.0,-2.0,0.44495460211748106,0.4391385246791102,0.43285882808039744,0.42610993593001173,0.4188841059765098,-2.0,-2.0,0.3947179313794757,0.38569978931596144,0.37612141566916135,0.36596582647435894,-2.0,-2.0,0.3318471384062854,-2.0,0.3058369260720292,0.2917770015020205,0.2769772247115337,0.26140626171762094,0.24503162556447872,0.22782097117525596,0.20973707823517335,0.1907427780576234,-2.0,0.14986057527755275,0.12788634556191342,0.10482891440858855,0.08063891776322984,-2.0,-2.0,-2.0,-0.02851041811160626,-0.05918564797638948,-0.09134246274799984,-0.12504953007266373,-0.16037883551803056,-0.19740593619101166,-2.0,-0.2768738449798951,-0.31948463763305757,-0.3641334848190656,-0.4109159304559603,-0.45993211127353084,-0.5112869441294436,-0.5650903740410966,-2.0,-0.6805093189823319,-2.0,-0.8071780889959707,-2.0,-2.0,-1.0206783045364693,-1.098713751363844,-2.0,-2.0,-2.0,-2.0,-2.0,-2.0,-2.0,-2.0,-1.9906957025297984,-2.0,-2.244714127672313,-2.3808267730855786,-2.523392808936244,-2.0,-2.8291212184789294,-2.9929386065459203,-3.1645207845728374,-2.0,-2.0,-2.0,-3.9361159105282764,-2.0,-4.378927504368387,-2.0,-4.864699047506633,-2.0,-2.0,-2.0,-2.0,-2.0,-2.0,-2.0,-7.326990337485456,-7.70393279600685,-8.098733305620366,-8.51223772790104,-8.945332000654872,-9.398944025774064,-9.874045673017909
0.018464249428955436,-0.1610757749483005,-0.15955656926856523,-0.15798474198455223,-0.15634976354135116,-0.15463863718401305,-0.15284767216593265,-0.15097304347553075,-0.14901074136890982,-0.14695654921829188,-0.1448060629337749,-0.14255467668330585,-0.1401975713616429,-0.13772967725633273,-0.13517804744613304,-0.132531452723128,-0.12976138982332847,-0.12686183276245824,-0.12382654002670598,-0.12064903591254787,-0.11732251244378163,-0.11386084455276063,-0.11030021155606623,-0.1065732696026916,-0.1026720312064311,-0.09858813917949194,-0.09431283877736368,-0.08992216317568172,-0.08535299569635867,-0.0805701934678496,-0.07556350871255559,-0.07037216865870075,-0.06502726066229557,-0.05943308080422772,-0.0535768587120947,-0.04755942822899433,-0.04131508979094188,-0.0347787767965647,-0.028034545133745238,-0.021072480010777314,-0.01378495230139715,-0.006315153896658583,0.0014386300665775549,0.009501987883476568,0.017743040128422122,0.026369270863954054,0.0351329961925802,0.04429068125812624,0.05360861613772577,0.06331977303472867,0.07316472785432503,0.08339635509628035,0.09379003417396659,0.10448714433602022,0.11546620991104757,0.12658607733499846,0.1380059529461801,0.14965909374642844,0.1614095295345521,0.17339149167716664,0.18557703807200457,0.1978765268108097,0.21022333495465376,0.22268635427239877,0.23523236315404256,0.2478263086985316,0.2604319154535306,0.2729239743861185,0.2853236561120452,0.2976207550858108,0.3097759586450073,0.3217503419752219,0.3335073429719894,-2.0,0.35620953664673405,0.3669574066596967,0.37731677054120993,0.3872910520183418,0.39687571555827733,0.40605261397333814,0.4145362319589042,0.42253072603454306,0.43018055370328917,-2.0,0.4434733681675553,0.449529893440929,0.45465725462686873,-2.0,0.463665085479387,0.46758441596496847,0.47061334224291346,-2.0,0.4756263044878105,0.4770847082076512,-2.0,0.47923262545682643,0.4794666145974562,-2.0,0.47845029787240967,0.4776382687685765,0.4762503507934762,0.47431566535137976,-2.0,-2.0,0.46584560219001747,-2.0,0.4586480374083516,0.45432628997847224,0.4495288083521205,0.4442614611000518,0.43852401447534683,0.432315595792518,-2.0,-2.0,-2.0,0.4027424930165303,-2.0,0.3853228111850447,0.3757925381104854,-2.0,0.35497199488422,0.34364405753257693,0.33167647300473563,-2.0,0.30572824042552255,0.29169621043121313,0.27692186707740846,0.2613747909644544,-2.0,0.2278333747151306,-2.0,-2.0,0.17086545511725582,0.14994391660309364,0.12798477328504204,-2.0,-2.0,0.05540368490132541,-2.0,-2.0,-0.028338934561404794,-0.05900430766906284,-0.09115183870407195,-2.0,-0.16017115912944402,-0.19719040455391124,-0.23598699505399645,-0.2766438882319512,-0.31924804267099816,-0.36389060446259125,-0.4106670983442776,-2.0,-2.0,-0.5648254735066546,-0.6211878859955208,-0.6802350398261879,-0.7420933736103575,-0.8068953604305801,-0.8747797833919411,-2.0,-1.0203842004308514,-1.0984165226106284,-2.0,-1.2657763490017537,-2.0,-1.449406296976675,-2.0,-2.0,-2.0,-2.0,-2.0,-2.0,-2.244389256913861,-2.0,-2.0,-2.672387499771004,-2.8287894753672553,-2.9926053442118965,-2.0,-2.0,-2.0,-2.0,-2.0,-4.15205626791375,-2.0,-4.615848879312773,-4.864354951871243,-5.124636066859629,-2.0,-5.682780461320622,-2.0,-6.295067899514341,-2.0,-2.0,-7.326639832934675,-7.703581647083768,-8.098381542334378,-8.511885380944094,-8.944979093214428,-9.398590585779278,-9.873691723849191
0.01793778623534893,-0.1618212246361893,-0.16034690527345768,-0.15880346323154057,-0.15721649680905678,-0.15555564780903217,-0.15381736136646482,-0.15199789256427393,-0.15009336817938415,-0.14809968161560744,-0.14601258812549883,-0.1438275932189286,-0.14154001524479468,-0.13914496081163333,-0.13663729030005473,-0.13406497297236453,-0.13137633501987406,-0.12856226168330115,-0.12561643296628905,-0.1225326293798713,-0.11930424772557334,-0.11592436514408554,-0.11243708112510763,-0.10881997270806486,-0.1050337710850937,-0.10107036582878248,-0.09692126208848369,-0.09259117033752944,-0.08815675606038943,-0.08351509084523624,-0.07865622990438217,-0.0735697601647381,-0.06834526426470668,-0.06291603603621419,-0.05723284121405218,-0.05128992442444321,-0.04523015255746589,-0.038887091257943415,-0.03224720020049549,-0.025465640487844596,-0.018393781839739973,-0.01100718090132889,-0.003482991161155709,0.004392842532790106,0.012493724083228243,0.02086405249167648,0.029541079277161097,0.0384268389821642,0.04765927054695232,0.057081125702579304,0.0668425146086941,0.07682123923255679,-2.0,0.09763533737416405,0.10835601609766883,0.11940764140500984,0.13064214576169578,0.14207330733472928,0.15377363230051502,0.16565863427023012,0.17763602105743195,0.18980700131127592,0.20214263751462816,0.21460574593557122,0.22703828615471547,0.23953476276530491,0.25206570791982197,0.2645943438319738,0.27708311642641376,-2.0,0.30175089139871436,0.3137739028434585,0.32559588740064777,0.33717948751699933,0.3484893560767782,0.35949440281438644,0.3701698416717589,0.380440354468247,0.39014721983796113,0.39942156371609827,0.40828992866720937,0.4167451578737818,-2.0,0.431669334359138,0.4385532041791454,0.44454210864704413,0.4502854106375514,0.4552308656741747,0.45984555037444685,0.4636648836135395,0.46729569730727255,0.46995690709406995,0.4725345396940608,0.4744511108881618,0.4756080034220039,-2.0,-2.0,-2.0,0.4764804180626435,-2.0,0.47457301132250806,-2.0,0.47056771434415434,0.46778787675588446,0.46461239567605495,0.46126996642633405,0.4575664675581177,0.45336380554558975,0.4486730513702666,-2.0,0.4378475046524797,0.4317149307441902,0.4250991593997518,0.4179940349127642,0.4103913592535571,-2.0,-2.0,-2.0,0.37542043580330486,0.3653563494802172,0.3546898180805888,0.343401593110166,0.33147063021231066,-2.0,0.30558758474183495,0.29158467574589547,0.2768373294753422,0.26131515300938135,0.24498699756039283,0.22781913836774287,-2.0,-2.0,-2.0,-2.0,0.12806002005898193,-2.0,0.08086821490423635,-2.0,-2.0,0.0010502168753294683,-2.0,-2.0,-2.0,-2.0,-2.0,-0.19699343307470396,-0.23578210554868118,-0.2764319492262344,-0.3190292706518736,-2.0,-0.410435665566787,-0.4594403643769618,-0.5107843195332241,-0.5645774341753326,-0.6209348750484893,-0.6799773102692936,-0.7418311676865665,-0.806628904398027,-2.0,-2.0,-1.0201064630405998,-1.0981350978655655,-1.1798707523199403,-2.0,-2.0,-2.0,-2.0,-1.6505818217403774,-2.0,-2.0,-1.9900689668546228,-2.0,-2.244079321807151,-2.0,-2.5227506853535715,-2.0,-2.8284724563900094,-2.9922867597114395,-2.0,-3.343577772538035,-3.5318071093796117,-3.728957284761016,-3.935450686112702,-4.151729721977996,-2.0,-4.615520149816664,-2.0,-2.0,-2.0,-5.6824479427078725,-2.0,-6.29473374461527,-6.622801666664828,-6.96641285290497,-7.326303488001004,-2.0,-8.098043902614199,-8.51154713739134,-8.944640274404891,-9.398251219159896,-9.873351832603404
0.0174263338600965,-0.16254524597109546,-0.16111451405682278,-0.15961628151284732,-0.1580583047370212,-0.15644629919388378,-0.15475916075122723,-0.15299326641187488,-0.15114486347172373,-0.14920995715852664,-0.1471844165883926,-0.14506389190036148,-0.14284384591652144,-0.14051951812417252,-0.1380859279583624,-0.135554328755994,-0.1329448387302371,-0.1302137846541422,-0.1273548427922463,-0.1243620439275209,-0.12122897827006401,-0.11794892881306272,-0.11451486697265933,-0.11100206523272935,-0.10732758909852261,-0.10348120265036112,-0.09945466419552645,-0.09523934106138919,-0.09087990002512308,-0.08637531146736975,-0.08166002036498927,-0.07672392560166308,-0.07156762314716955,-0.06629885390004142,-0.06078372186109677,-0.05501040845090723,-0.04903269410696236,-0.04287718037692091,-0.03643402639586416,-0.029732574190837482,-0.022870175769804966,-0.015686849395755223,-0.008263131545695097,-0.0006209563988364055,0.0073787654178394686,0.015516990555180887,0.024018434106056308,0.03273135265940877,0.04175595160374265,0.05102187962759865,0.06059071421701222,0.07038312554546233,0.08051672729394854,0.09080355675251742,0.10144948979174019,0.1122650039956484,0.12333320218533586,0.13470489167628547,0.14618125759008596,0.15788420102186032,0.16982246841529594,0.18192024370664106,0.19407578072983375,0.20638532504210946,0.21881669197252493,0.23133648597980813,-2.0,0.2563372298183907,0.26878566030307355,0.2811786704223916,0.2934772325175453,0.30564202304440335,0.3176359743257358,0.3294174528361412,0.3408610983100562,0.3519696919955096,0.3627496857068091,0.3731749479003561,0.38322846025532625,-2.0,0.4019430843146524,-2.0,0.41858372936727456,0.4262553295703423,0.4331022089728312,0.4396214580327763,0.44554114569036735,0.4507781404636174,0.45569976476649376,0.4597786691261122,-2.0,0.46672108006293206,0.46917880355386277,-2.0,0.47301159654545805,0.47398107158653613,0.4748613183543461,-2.0,-2.0,-2.0,0.47273758832832447,0.47122734139601646,-2.0,0.46652999626993047,-2.0,0.4599993821018073,0.45638787270172043,0.45231465368531465,0.44773816403682865,0.44266662098165,0.4371049213800017,-2.0,0.4245114678832875,0.41747242087742753,0.40992956574892925,-2.0,-2.0,0.3844273205936151,0.37500272404784907,0.36498834898591104,-2.0,-2.0,0.33122848127692145,0.3186675403924105,0.30541388870502356,-2.0,0.27672211453835854,0.2612264148573591,0.24492263284639132,0.22777741806709556,-2.0,0.1908176034993686,0.17092642053095908,0.15003893326573142,-2.0,0.10509815478165119,-2.0,0.05561562420092825,-2.0,-2.0,-2.0,-0.05870134070978017,-0.09082923746892713,-2.0,-2.0,-0.1968148975436005,-0.2355962386103706,-2.0,-0.3188285386241705,-0.36345787047726497,-0.41022183588429917,-0.4592205043720198,-0.5105587411078762,-0.5643464364269558,-0.620698380209353,-0.6797363006256956,-0.7415855333205931,-0.8063788806112052,-0.8742551017697832,-0.9453595627316891,-1.0198445579460371,-1.0978696221638782,-1.179601883291092,-1.2652164138192115,-1.3548966111915024,-1.4488345809861092,-2.0,-2.0,-2.0,-1.871334941705395,-1.989778305730466,-2.0,-2.0,-2.0,-2.522451973195918,-2.0,-2.0,-2.0,-2.0,-3.343270973548229,-3.5314989142466473,-3.728647759142923,-2.0,-2.0,-4.377944614294907,-2.0,-2.0,-5.123989062275754,-5.3966009986080765,-5.682129792423716,-5.981187183444534,-6.294413904295349,-2.0,-6.96609147586319,-7.325981394995982,-7.702921863153953,-8.097720476162056,-8.511223078923752,-8.944315634883182,-9.397926014433503,-9.873026089200781
0.01692946430619779,-0.1632484533893985,-0.161860051241128,-0.16040615442793507,-0.1588836436097142,-0.15731133353768298,-0.15567387549305975,-0.15396002748791313,-0.1521661061555085,-0.15028828883834797,-0.14832253184360267,-0.14626463238917928,-0.14411017208758317,-0.14185450565786534,-0.13949290041719228,-0.13702018937348429,-0.1344684404871095,-0.1318177946959636,-0.1290432381494056,-0.1261388305590401,-0.1230983381903409,-0.11991524777036078,-0.11658274000110429,-0.11312138253166404,-0.10955541932171482,-0.10582268461191646,-0.10191518314124276,-0.09782453897740073,-0.09354198868665459,-0.08915324874890466,-0.08457740027185273,-0.07978735247562013,-0.07477284201353507,-0.06958435807748932,-0.06423245399094046,-0.058630104613478194,-0.05276530107056841,-0.04675278430013606,-0.04050041853963771,-0.03395535641602519,-0.0272178115356114,-0.020247562127478677,-0.012951085110295014,-0.005490559850732454,0.0022715734901662416,0.010323766915919052,0.018572531915713675,0.02720007064668573,0.03595567909693709,0.04512108417343063,0.05442056856049231,0.06413018182892366,0.07396142256648491,0.08416824492120392,0.09456556861713557,-2.0,0.1162143600559897,0.12729893184029933,0.13868028852407263,0.15032833668947918,0.16203527210055765,0.17396657422822753,0.1860964037400639,0.1983833653244381,0.21066621998603222,0.22305832121596736,0.23552653148573363,0.24803543265061637,0.2605487394578722,0.27300535603862036,0.28530093002002743,0.2974828650392427,0.3095131976777539,0.32135278126669053,-2.0,0.34431248537232445,0.3553671477147706,0.36600378426413516,0.3761729185550298,0.3859422386630662,0.3953079077063171,0.4042793828772094,0.4126041616502311,0.42033683989407933,-2.0,0.43448077418412945,-2.0,-2.0,0.45118319401369933,0.45588442509328575,0.45960132230443357,0.46322736798811553,0.4658947373580219,0.4682789932629979,0.4702547620810709,0.47133735639734453,0.4722035681026283,0.4727609128443291,-2.0,-2.0,-2.0,0.46947229948998276,-2.0,-2.0,-2.0,-2.0,-2.0,0.4511799808246515,0.44672710021841155,-2.0,0.43630068428873037,-2.0,0.4238725022051129,0.41690387570030074,0.40942493886227393,-2.0,-2.0,0.3839436327107561,0.3745458466942332,0.3645839060837892,0.3540109715175001,0.34280858995933744,0.3309569814804036,0.3184331693849659,0.3052140237766539,0.29127358286865795,0.27658386823087405,0.26111567746716136,0.24483747436613684,-2.0,0.20971612350259777,0.19079919808784496,0.17092722224503654,0.15005802874784074,-2.0,0.10515014424467484,0.08101667851233685,0.05569610761966648,-2.0,0.0012763649316458459,-2.0,-2.0,-2.0,-0.1243596475501173,-2.0,-0.19664796558905207,-0.23542070239386514,-0.2760550400714654,-2.0,-0.3632602233886283,-0.4100173252113918,-0.4590100212759557,-0.5103423428670799,-0.56412443317218,-0.6204714218409583,-0.6795039440853349,-0.7413483958787204,-0.8061372070313619,-0.874009121745232,-0.9451094956260224,-1.0195906071362622,-1.0976119830328,-1.1793402041979966,-1.2649519401077303,-2.0,-1.4485639303535578,-1.546958044542197,-1.6500220964415808,-2.0,-1.871053650974496,-1.9894946702903196,-2.0,-2.0,-2.3796013670629335,-2.0,-2.0,-2.0,-2.0,-3.1632618913797486,-3.342970689442648,-3.5311971949812246,-3.728344669118843,-3.9348354968095545,-2.0,-4.377637784792724,-2.0,-2.0,-5.123678995325098,-2.0,-2.0,-2.0,-2.0,-6.62216650633102,-6.965776168906515,-7.325665350997191,-2.0,-8.097403059403417,-8.510905033495863,-2.0,-9.39760656965123,-2.0
0.016446761779946636,-0.16393144023484746,-0.16258415915576294,-0.1611733291154622,-0.15969592432475024,-0.15815149884980334,-0.15656229263601967,-0.15489897299904137,-0.15315799473677227,-0.15133561489455358,-0.14942792743727107,-0.14743084451314106,-0.14534008597411702,-0.1431511682436142,-0.1408593808086459,-0.13845988541079352,-0.13594805519716593,-0.13337567708854847,-0.13068308563553302,-0.1278645116140936,-0.1249139336102809,-0.12182500920238991,-0.1185911381364945,-0.11520537478368027,-0.11171917344732217,-0.10809682404104343,-0.10430493412450136,-0.10033538232532792,-0.09617966072383616,-0.09185129078059347,-0.0874108730832807,-0.08276267320061155,-0.07789673138270922,-0.07280262100197549,-0.0675820036914544,-0.0621457008146535,-0.056454813736020806,-0.050516788132512966,-0.044449869838828045,-0.03809904149209227,-0.03145069520895366,-0.024677127487729586,-0.017597411715544926,-0.01022013303412402,-0.0026887636366705863,0.005195014534532338,0.01328311673205723,0.02166057999657584,0.030322168835648255,0.039214355755615736,0.04842781406875214,0.05785533965939634,0.06759431715596301,0.07757716414045313,-2.0,0.09836711145932941,0.10905560499991468,0.12007190183717394,0.1313050288149109,0.1426945532069403,0.15434845917105322,0.16622694955614722,0.17814988600203885,0.19026189256765275,0.2025325283109985,0.21492999111246966,0.2273358724200125,0.23975010579826908,0.2521916720794662,0.2646226171633899,0.27700550654148426,0.2893017949568667,0.30147231371364097,0.31340295573891086,0.32508315944160193,0.3365142084486679,0.34765991956140163,0.35848821671178166,0.3689739770483766,0.37908976516583703,0.38863932963468173,0.39768474320197206,0.40630968714405696,0.41454047188153675,0.4220455818105539,0.4289884076951339,0.43561894292935327,0.44136650682694634,-2.0,-2.0,0.4557547358978586,0.4593212848230757,0.4625967184508606,0.46492991715051707,0.46719172255688673,0.46870650398062397,0.4695053318405269,-2.0,0.4703892234042627,0.469819976154372,0.46873933565237325,0.46756018949377115,0.4659210352471954,0.4636845943563042,0.4608905182354983,-2.0,0.4538559603394008,0.44995292209483073,0.4456338565123704,0.4407900344713166,0.43543082322355253,0.42955999241583354,-2.0,0.4162860469213908,-2.0,0.4009385098040523,0.39246635084106324,0.38347730041424327,0.3740533138116201,0.36414114903727246,-2.0,0.3424631306221965,0.3306539863752583,-2.0,0.3049869715306022,0.2910800579646811,0.2764215099822854,0.26098226431054894,0.2447307950495104,0.22763409806846685,0.20965711701606232,0.19076217078903912,0.17091041350478164,0.1500601239576163,-2.0,-2.0,-2.0,0.05576261434986063,0.02921504324410107,0.0013694685264391548,-0.02783292362788392,-2.0,-0.09056223997305246,-2.0,-0.15950682296761887,-0.1964917927081299,-0.23525599334844405,-0.2758822669439638,-2.0,-0.3630726123705219,-2.0,-0.45880912236576976,-0.5101353238553408,-2.0,-0.6202531074822476,-0.6792804190385994,-0.7411199283620994,-0.8059040506735297,-0.8737708604812253,-0.9448676645123499,-1.0193447641517484,-1.097362330211562,-1.179087467130496,-1.2646952288634452,-1.3543689898667401,-2.0,-1.5466920021668258,-2.0,-2.0,-1.8707795813179338,-2.0,-2.113274883355899,-2.0,-2.37931829613151,-2.521874973673819,-2.0,-2.0,-2.9913953088462195,-3.1629697909607724,-3.342677034126634,-3.530902053955603,-3.728048114459427,-2.0,-4.150812894207699,-2.0,-4.6145963661591844,-4.8630981867366785,-2.0,-5.395985196573762,-5.68151209052513,-5.98056767363756,-6.293792667632956,-6.621858156717834,-6.965467023329062,-7.325355447633634,-7.702294488577037,-2.0,-8.510593053803806,-2.0,-2.0,-9.872392505133782
0.01597782234298378,-0.1645948101605409,-0.16328745319232513,-0.16191845322134685,-0.16048485150669548,-0.15898358834395362,-0.15742517920569649,-0.15581095270484888,-0.15412137636308043,-0.1523528401855168,-0.15050154631470802,-0.14856353536595082,-0.14653464510370717,-0.14441052800303114,-0.14218663445819324,-0.13985819566829147,-0.13742022055092812,-0.1348887913639638,-0.1322757985333142,-0.12954060594212996,-0.12667734776605524,-0.12367988776307239,-0.12054180515633696,-0.11725637917337645,-0.11382075256824141,-0.11030561320606375,-0.10662601460977637,-0.10277407159055871,-0.09874153114842615,-0.09451975014324712,-0.09016294105595712,-0.08565251124945547,-0.08093086636028837,-0.07598788855156481,-0.07083534438557595,-0.06556031541589813,-0.06003834281444566,-0.05425759533833434,-0.048285907780265765,-0.04212373000322002,-0.03567292774074843,-0.028979526830951133,-0.022110341719922533,-0.014919542136856858,-0.007506737359866648,0.00014227881053977508,0.00814546964795426,0.016273265216823655,0.024781351047544115,0.03347704381290919,0.042507350808152225,0.051752663333281344,0.0613260901295371,0.07109414098799446,0.08123069713634641,0.09148830840656832,0.10210192427253009,0.1129165219052624,0.12394711706448916,0.1352764182231971,0.14674736426305432,0.1584009315677795,0.1702849553819877,0.18236673578506177,0.19446373900682237,0.20670425779251717,0.2190602160695282,0.2314979987278232,0.2439816918976509,0.25637610810279593,0.268721854275041,0.28100335606883187,0.293181083758206,0.3052157723424904,0.31706887831889585,0.32870353712535777,0.34005578758610233,0.35100527194575015,0.3616012055835263,0.3718276948683441,0.38166899304441393,-2.0,0.4000282675418166,0.40829573482434345,-2.0,-2.0,0.43020301761878993,-2.0,0.4421172495511424,0.4470084226880252,0.45167066469784206,0.45539503164226,0.4589092409881562,-2.0,-2.0,0.465811471324755,-2.0,0.46750726758837946,-2.0,-2.0,-2.0,-2.0,0.4640861326085155,0.4620684591171608,-2.0,0.4563032254095006,-2.0,0.44865617513391964,-2.0,0.4397288873118653,0.4344823141383183,-2.0,-2.0,0.41560818298975843,0.40826958087840937,-2.0,-2.0,0.3830202040540431,0.37356025897651757,0.36365049144282635,0.3531817903535491,0.34207510085854625,0.3303110507910139,-2.0,0.3047236176470814,0.29085188236221665,0.2762260786057917,0.26081680264398577,0.2445934205927927,0.2275228046813817,0.2095702350097704,-2.0,-2.0,-2.0,-2.0,-2.0,-2.0,0.055806130823431666,0.029272807756527963,-2.0,-0.0277495642021377,-2.0,-2.0,-0.12410478707814643,-0.1593793961149983,-2.0,-2.0,-0.2757284867415919,-2.0,-0.3629032453914983,-0.40964695734570855,-2.0,-2.0,-0.5637164030098152,-2.0,-0.6790741389749275,-0.740908542644584,-2.0,-0.8735506886292738,-0.9446424754709113,-1.0191154337575885,-2.0,-1.1788504662619246,-1.2644546786617554,-1.3541250661988644,-2.0,-2.0,-1.6495001656025967,-2.0,-2.0,-1.9889568917126024,-2.1130115570052883,-2.0,-2.3790505590607625,-2.5216050550799203,-2.0,-2.8273124082213497,-2.991119950059118,-2.0,-3.3423983867648053,-2.0,-2.0,-3.9342545756503364,-4.150528552554022,-4.377051774022678,-4.614309562566845,-4.862810238303753,-2.0,-2.0,-2.0,-5.980275656146667,-6.293499747088326,-2.0,-6.9651724208121,-7.325060066125647,-7.7019983614040255,-8.096794900725923,-8.510295536430565,-2.0,-2.0,-9.872093134268967
0.015522253574270471,-0.16523911291064822,-0.1639705501290708,-0.16264216444858068,-0.16125111193864405,-0.1597944109589665,-0.15826892970350692,-0.15669671296724405,-0.15505706882500955,-0.1533408368556136,-0.15154431537510582,-0.14966367218012266,-0.1476948651316767,-0.14563368740200447,-0.14347570860484046,-0.14121631094488268,-0.138850602959673,-0.13637366012630386,-0.1338227297908151,-0.13116851387035228,-0.1283900645178652,-0.12548144246508003,-0.1224363997216453,-0.11924836625211968,-0.11591067031866634,-0.1124509064957161,-0.10888037000339598,-0.10514265605347044,-0.10122975580349933,-0.09713328407182194,-0.09284446201043824,-0.08845927791055988,-0.08387778323932343,-0.07908152720759119,-0.07406043883563157,-0.06887677533548778,-0.06351886849398171,-0.05790995385544058,-0.05203798621227066,-0.046032741439798616,-0.03977389536072351,-0.033221741131966395,-0.02649356782707334,-0.019516938518462,-0.012213434123696769,-0.00476524340887235,0.003003131568697524,0.011040761097147637,0.019294816208362375,0.027904637181001106,0.0366649304028734,0.04582533589084605,0.05511212980585131,0.0647968623788594,0.07462967349442788,0.08480712422381798,0.0952045872583096,0.10583717967671032,0.11680007614098808,0.1278601389758745,0.13919593653891943,0.1507997458997423,0.16249169000396457,0.17436526639381766,0.1864317172950714,0.19866119667849122,0.21091140348269363,0.22322398409106622,0.23560503542096928,0.24801967705175393,0.260430220747646,0.2728000796100361,0.2850241338337237,0.29707933118834895,0.3089728034315624,0.3206647603517359,0.33211738883786457,0.3432950697256888,-2.0,0.36467738085896695,0.37466729961749967,0.3842155025772192,0.3933446456410204,0.4020657272182485,0.410237110740768,-2.0,0.42476532710002296,0.43133839574105737,0.43706882323130103,0.4425811072269661,0.44714786098526743,0.4515146555075154,0.45492482848716975,0.45821703588308377,0.46050686426942705,-2.0,0.4641444068040482,-2.0,-2.0,0.4654514545955972,0.46480146384201737,0.4635276487634124,0.4620881324234737,0.46031252563404673,-2.0,0.45493155132316315,-2.0,0.44739428530771674,-2.0,0.43858308746078967,0.4334586107712345,0.4277964107709997,0.4216015343174431,-2.0,0.40761356973369967,0.39981210771907305,0.39146251181740827,0.38255374447459983,-2.0,0.3631391881934459,0.35270554582623065,-2.0,-2.0,0.3175351499676774,0.30443079939558154,0.2905960170023995,0.27600433520214457,0.2606268725319706,0.24443286585417662,-2.0,0.20946208103872327,0.19061394877643223,0.17080493811148778,0.14999496610870727,0.12813999466402398,0.1051942333713104,0.08110930763295798,0.05583434777406904,0.02931585623832611,0.00149760079731176,-2.0,-0.05827748003719202,-0.09036148766555596,-0.12399988440729726,-2.0,-0.19623022346203678,-0.2349764865425844,-2.0,-2.0,-0.3627448197814078,-0.4094809907921677,-0.45845334683671746,-0.5097666686729954,-0.5635303906151564,-2.0,-0.678877049335463,-0.7407061716432004,-0.805480441761748,-0.8733385583607163,-0.9444258366977621,-2.0,-2.0,-2.0,-2.0,-1.3538890768246838,-1.4478144114686744,-1.5461993758712849,-2.0,-2.0,-1.870270132547345,-2.0,-2.1127555400285214,-2.2426915266416496,-2.0,-2.0,-2.670654484348392,-2.8270458000856094,-2.9908515195926695,-2.0,-2.0,-3.530348482027686,-2.0,-3.9339782485773718,-2.0,-4.3767727851332445,-2.0,-2.0,-2.0,-5.395411512577526,-5.680936393427342,-5.979990054908855,-6.2932132187382726,-6.621276963080219,-6.964884163410441,-7.324770997584118,-7.701708525525424,-2.0,-8.510004269812983,-8.943094259279572,-9.396702205257306,-2.0
0.015079674241700076,-0.1658649107107269,-0.1646340187959461,-0.16334508635455752,-0.16199535541410862,-0.16058192988497139,-0.15910179374575564,-0.15755703056609063,-0.15596587368206835,-0.15430043930488502,-0.1525571126437658,-0.1507321867229933,-0.14882174453984595,-0.14682168388414515,-0.14472774072626637,-0.1425353963295086,-0.14023993379741534,-0.13783653442722468,-0.13532520435895143,-0.13274963642122084,-0.1300535680834935,-0.12723122104455392,-0.12427654397870316,-0.12118321359239391,-0.11794459295263814,-0.11455374462098605,-0.11106993634030242,-0.10744316764090583,-0.1036464689428777,-0.09967170471031712,-0.0955103566570173,-0.091185381783288,-0.08673997552756693,-0.08208639274151593,-0.07721456256520703,-0.07211407730231506,-0.06689937242062681,-0.061457354750186086,-0.05576022141886792,-0.04982942485478496,-0.04375697734535655,-0.03740005287962199,-0.030750848235598222,-0.023982237840434704,-0.01689660478581606,-0.009531765864101172,-0.001995348410963523,0.005894097741350638,0.013965902443494662,0.022348057854763785,0.030990352263125423,0.039886100137308304,0.04907666533616881,0.05850645326414546,0.06821825594682603,0.07820188672103559,0.08840245510135433,0.09895756292567413,0.10960958819894659,0.12058449599812784,0.13181185261471598,0.1431527661261887,0.1547539222619894,0.16658899602090801,0.17848210826772806,0.19052691743738914,0.2027241860380285,0.21504214882348222,0.22742005837536167,0.23974242598158096,0.25208419052930686,0.2644073661835735,0.2766733549093781,0.2888432711686507,-2.0,0.3127266878390123,0.3242691226500517,0.3355335542219777,0.346500407744652,0.35713650209191294,0.3674164845461948,0.3773230365111459,-2.0,0.39553636302832007,0.4038978244869514,0.41185661065024093,0.4191850692909999,0.42581577472615273,-2.0,0.437655508943521,-2.0,-2.0,0.45103886333410514,0.45433885090713083,0.4572167292110137,-2.0,-2.0,0.46219092325452726,0.46260701686601147,0.46294171678847684,0.46262722827425307,0.4615813326448945,0.46005156701042627,0.4584020310220273,0.45623101199663363,0.4534449286839037,0.4500814315623538,-2.0,0.44186788635009133,-2.0,-2.0,0.4268080735829628,-2.0,0.41408224422415696,0.4069035938605524,0.3991766574288862,0.390894196285869,0.3820463738837578,-2.0,-2.0,-2.0,-2.0,0.32952202770859335,0.31716898761328516,0.30410687871832903,0.2903112088202234,-2.0,0.26041146831786455,-2.0,0.2272334000278617,0.20933265810545726,0.1905087893841393,0.1707230931819912,0.14993456482175022,-2.0,-2.0,0.08110532799162551,0.05584682314529421,0.029343765689192725,0.0015401099432603704,-0.027623487613803177,-0.05820867219426684,-0.09028063553590826,-0.12390769059195517,-0.15916141608974943,-0.19611722507806117,-0.23485360761720642,-0.27545430696351036,-0.31800494542959534,-0.36259683727243974,-0.40932548429791393,-2.0,-2.0,-2.0,-2.0,-2.0,-0.7405128173799204,-2.0,-0.873135290375641,-0.9442179088462394,-1.0186821655145577,-1.0966875363413464,-1.1784010911372553,-1.2639978507477512,-2.0,-1.4475830741015647,-1.545964789503802,-1.6490170507942585,-2.0,-2.0,-1.9884575993899274,-2.1125069492377095,-2.0,-2.378536417417198,-2.5210867656951397,-2.670396945934411,-2.0,-2.0,-2.0,-3.3418616770727767,-3.5300819675146595,-2.0,-2.0,-2.0,-4.376500503804909,-2.0,-2.0,-5.1225277444052715,-5.395134474479026,-2.0,-5.979710958406781,-6.292933164539767,-6.620995996280165,-2.0,-2.0,-7.701425064105084,-8.096220117844144,-2.0,-8.942808639350302,-2.0,-9.8715130550308
0.014649713983072856,-0.16647273868647913,-0.16527843215134824,-0.16402782021687204,-0.16271822232506264,-0.16134683422198354,-0.15991072550567917,-0.15840680498438275,-0.15684859464358075,-0.15523248394650635,-0.15354083669239393,-0.1517700299455556,-0.14991627025402068,-0.14797558237911365,-0.14594380186100825,-0.1438165923040874,-0.1415893750082024,-0.13925738711204316,-0.13681562334094277,-0.1342853525345958,-0.1316692909373361,-0.1289307417581243,-0.12606383890841355,-0.12306243124678312,-0.11992009420151332,-0.11663009138002245,-0.11319663074699231,-0.10967761984605137,-0.10599378405773734,-0.10213722947664096,-0.09809969305791223,-0.09387252041369498,-0.08952006510990475,-0.08500489980538606,-0.08027812920686725,-0.07532955198973207,-0.07018285334534245,-0.0649029379383261,-0.05937558892452494,-0.05358895838377335,-0.04762576883521777,-0.04145846619885883,-0.035001952636828974,-0.028319310042635652,-0.0214454309896025,-0.014249201163209208,-0.006850472957576183,0.000802992576880688,0.00878976258532413,0.016920908530850286,0.025432963375048065,0.03410738526807763,0.04314042327684933,0.05236083342119154,0.061935422576278924,0.07167403867653332,0.08179507365118127,0.09203313583765256,0.10260877283366465,0.113418562324692,0.1244044727452514,0.1356854127536116,0.14714601464040722,0.15874304822631008,0.17056561184166874,0.18258442850567666,0.19465556462106517,0.20681842026536798,0.21908991118882903,0.23143595669192346,0.24382035257833126,0.25617386481917764,0.2684060182905402,0.2805643293606992,-2.0,0.3045009173413744,0.316199879018116,0.32766868592302084,0.3388726678677306,0.34969767931279244,0.36009248333756544,0.3701045756514548,0.37971592898078443,0.38892093329235183,0.39765799680613945,0.4056796187892235,0.41323702253904415,0.420417566840906,0.4267920468106999,0.4326469287011416,0.4381120677521862,0.44265291127504,0.4470126692045445,0.4503719570583304,0.4535759953371043,0.455908963177278,0.4577513193607087,-2.0,-2.0,0.46020308812174293,0.46023630328792253,0.45950251221662347,0.4580683720730804,-2.0,-2.0,0.45182532103274203,0.4486465148183245,0.4448936363088314,-2.0,0.4360258006139054,0.43115394493531545,0.4257343949066711,0.4197544682879138,0.4132190916374462,0.40612937199424715,0.398481533542023,0.3902706395427455,0.3814876135981516,-2.0,-2.0,0.35166891490837,0.34067779687504857,0.3290647123020713,0.31676037882924335,0.30374290742354887,0.28998828681779715,0.27547058065297086,0.26016126295297015,0.2440304432160168,0.22704560768797005,0.20917241158559036,0.19037454135508813,0.17061297891152327,0.14984680414105062,0.1280328625635388,0.10512554851347333,0.08107634912160055,0.05583566775944393,0.02934797607166828,0.0015592759298715952,-0.027590062659218262,-0.058161951077701834,-2.0,-0.1238366922331483,-0.15907918786650832,-0.1960248003989058,-0.23475162917333026,-0.27534218737860516,-0.31788390618880236,-0.36246811774736354,-2.0,-2.0,-0.5094461694734802,-0.563197199997429,-2.0,-0.678519401351861,-2.0,-2.0,-0.8729492619118733,-0.9440270876826269,-1.0184867829944981,-2.0,-1.178197258545255,-1.2637901089837267,-1.353449702884729,-1.4473680919558354,-2.0,-2.0,-1.7567360655328812,-2.0,-1.9882274272403224,-2.0,-2.0,-2.3782990873485894,-2.0,-2.0,-2.826542250872383,-2.0,-2.0,-3.3416120970124785,-3.5298307129908744,-2.0,-2.0,-2.0,-2.0,-2.0,-2.0,-5.12226678678514,-2.0,-5.680395122550601,-5.979446746009468,-2.0,-2.0,-2.0,-2.0,-2.0,-8.095950634444282,-8.50944910992542,-2.0,-2.0,-2.0
0.014232012996167009,-0.1670631143423546,-0.16590433892306308,-0.16469094510880028,-0.1634203328143516,-0.16208977229709357,-0.1606964258304339,-0.15923729307684606,-0.1577092430212408,-0.1561377577761011,-0.15449629734628031,-0.15277805621171456,-0.15097934229586063,-0.14909632340862253,-0.1471249387668779,-0.14506097861963452,-0.14290001404218353,-0.1406374216016471,-0.1382683349472239,-0.13578769872218183,-0.1332386033625358,-0.1305814464181719,-0.12779978839581058,-0.12488766887664038,-0.12183884615381084,-0.11864678889253924,-0.11530465570519999,-0.11184788444805789,-0.10827367004465484,-0.10453192940244403,-0.10061464633541096,-0.09651342548765364,-0.09222033470370085,-0.08783962178469276,-0.08325369591497772,-0.07845266289716912,-0.07342623187234694,-0.06824955353453009,-0.06288711073609779,-0.05727320247590885,-0.05139572672681508,-0.045400319613059306,-0.039136804407749325,-0.03257947825364101,-0.02586361901147674,-0.018882712132274847,-0.011574405857682381,-0.00414171381600761,0.003630254341994989,0.011649667740556804,0.019906290639751342,0.028494586060139764,0.03725624305433073,0.04639138778110232,0.05567794453005031,0.06533288894002004,0.07516378121302308,0.08530627853359941,0.09569981020812618,0.10629154213024666,0.11720969046572899,0.12826067260235194,0.13954448839493866,0.15109150516271697,0.16276790129560909,0.17457575753012758,0.18657077104782646,0.19872242926557168,0.21094477522927785,0.22316807373580538,0.2354522971579396,0.24776196585314428,0.26005901251853625,0.27230583827896043,0.2844567989182837,0.29638950340511616,0.3081328539756531,0.31966325744121565,0.33094192961034985,0.3419328787437091,0.3526045566562204,0.36293053268728115,-2.0,0.3820793509038392,0.390952031330309,0.39940068057900097,0.40737243614698326,0.41455775277211154,0.42130781777645626,0.4276353775649961,0.43304983482651627,0.43822311368400474,0.4425019701045031,0.4464897499183175,0.44958155365978864,0.45249597705179634,0.4543901098247701,0.4561318142786508,0.45722890931889226,0.4574872492478306,-2.0,0.45722778935649094,0.45607824372998873,-2.0,-2.0,0.45006798519275376,0.4470924139345296,0.4435141674945391,-2.0,0.4347320635276194,-2.0,0.42457706163928466,0.4187175665999328,-2.0,0.4052938235035193,-2.0,0.38959756940420526,-2.0,0.371578758646399,0.3616718777194792,-2.0,0.34013999936936284,0.3285684841244669,-2.0,-2.0,-2.0,0.275155823542754,-2.0,-2.0,0.22683311408745216,0.20898902096942268,-2.0,0.17048173586535842,0.14973907065672282,0.12794698553316902,0.10505995099811838,0.08103006168063065,0.055806496073380285,0.02933654163131194,0.0015631463311155391,-0.02757147309740504,-2.0,-0.09017595986867033,-2.0,-0.1590102844398189,-0.19594480247660906,-0.23466140594460616,-0.2752427309248461,-2.0,-2.0,-0.40906261821751166,-2.0,-0.5093055254883894,-0.563049681901231,-0.6193607386189321,-0.6783592122269135,-0.7401713887637995,-0.8049295958650178,-0.8727724807395287,-2.0,-1.018300278375632,-1.0962968339479615,-1.1780020211436169,-1.2635908344331654,-1.3532465939826481,-1.4471613400064565,-2.0,-1.6485820256351305,-1.7565194330265346,-2.0,-1.9880049940860731,-2.0,-2.0,-2.0,-2.0,-2.0,-2.826305511281533,-2.0,-3.161670743393482,-3.3413696439758716,-2.0,-2.0,-2.0,-2.0,-4.375993005823507,-2.0,-2.0,-5.122012609727966,-2.0,-2.0,-2.0,-2.0,-2.0,-2.0,-2.0,-2.0,-8.095687667059547,-2.0,-2.0,-2.0,-9.870974985952614
0.013826221737646556,-0.16763653751779414,-0.1665122806903062,-0.1653350398436613,-0.16410228264022714,-0.1628113869316418,-0.16145956788695565,-0.16004393113999646,-0.15856145090048615,-0.1570170290482765,-0.15542431389929057,-0.15375712616316944,-0.15201189302173312,-0.1501848794108925,-0.1482721590211979,-0.14626962886600478,-0.14417300612781292,-0.14197782206070392,-0.1396793225133313,-0.13727262033664728,-0.13476284444533046,-0.1321847395305404,-0.1294858797160921,-0.12666048201217495,-0.12370248818297869,-0.12060556582935889,-0.11736307206943836,-0.11396806080818213,-0.11048807719571109,-0.10685785342714071,-0.10305736945797059,-0.09907848142315108,-0.09491266133052471,-0.09059291097943259,-0.08614380964195337,-0.08148608271463345,-0.07660974767209258,-0.07150435756525343,-0.06629776235484303,-0.060851638063334115,-0.05514995119858271,-0.049228985783368664,-0.043152835545060046,-0.036791737172626536,-0.03015495908363397,-0.023383058970873387,-0.016293849077381323,-0.00894485972479769,-0.0014058573461842565,0.006486645805935989,0.014538269356937345,0.022922237195836186,0.031541013943001295,0.04043709327069441,0.04960007016091019,0.059028605831351534,0.06870812051912509,0.07868861647483132,0.08885149434222647,0.099369031658641,0.11000955810763388,0.12093646917463408,0.13215259186327147,0.14343844045251467,0.15497911164907638,0.16674839953872694,0.1786199723732585,0.19058896645848528,0.20270386260215892,0.2149319879906886,0.22723979331498453,0.2394952276143598,0.25172637589114605,0.2639300929631466,0.27606713379021375,0.2880980137665656,0.29998340567095516,0.31168475546053687,-2.0,0.33421195847084684,0.3449836554889988,0.3554113881709097,0.36546753759239653,0.3751353336440594,0.3843686090630933,0.39294199058176704,0.40101816932701523,-2.0,-2.0,0.42210844972616013,0.4280943001197844,0.43336107999728907,0.4380113778499152,0.44223479935408,0.4456549957714186,0.4486610985683982,0.4510956735388506,0.4527184042538197,0.4542222103603427,-2.0,0.45484166791806613,0.4547325844259065,0.45391107852136814,0.45234688670261397,0.4503302330956336,0.44815873668498,0.4454078365123255,0.4420216340779115,-2.0,-2.0,-2.0,-2.0,0.4176004875125198,0.4112866862404979,-2.0,0.3969225461624989,-2.0,0.38022922562867684,0.3709916262294459,0.3611450360682944,-2.0,0.3396166041100838,0.32803210332542926,0.3158328109528631,0.3029122243478432,0.289246512015003,-2.0,-2.0,0.2435152638975579,0.226594870499576,0.20878144595710796,-2.0,0.17032883787300712,0.14961067921828414,0.12784143105203388,0.10497571699780295,0.08096561551573345,0.05576070920008391,0.029307875784988946,0.00155117014828976,-2.0,-0.05811181627981499,-0.0901447659313972,-0.12373511615115074,-0.15895439105208042,-0.19587751475503068,-2.0,-0.27515497447890347,-0.31767828467902137,-2.0,-0.40894862897562934,-0.45789031252967016,-0.5091755000894508,-0.5629125393188102,-0.6192168601397872,-0.6782089563641511,-0.7400150924419796,-0.8047673660767785,-0.8726050347878117,-0.9436726034774823,-1.0181228084630245,-1.09611473549535,-1.1778155288252141,-1.263400169995751,-1.353051968626568,-1.4469626500940105,-1.5453342785657715,-1.64837624176166,-2.0,-2.0,-2.0,-2.1118316960181236,-2.0,-2.0,-2.0,-2.669693134458971,-2.8260761578658093,-2.0,-3.1614375749739887,-3.341134417118482,-2.0,-2.0,-3.93296663539867,-4.14923336703573,-2.0,-2.0,-4.861495244355833,-2.0,-2.0,-2.0,-2.0,-2.0,-6.620217513842851,-6.963821072043811,-2.0,-7.700638647403453,-8.095431295355175,-8.508928219857133,-8.94201533646336,-9.39562054143861,-2.0
0.013432000630554154,-0.1681935065416857,-0.16710277792506703,-0.16596064407113595,-0.16476465896855597,-0.16351227279981695,-0.16220080113407184,-0.16082741628496985,-0.15938918867594457,-0.15788303318681876,-0.15632571208333296,-0.15470811091557493,-0.15301481001795772,-0.15124216763683554,-0.14938644363509193,-0.14744359521079226,-0.14540948018850108,-0.14327974098435983,-0.1410498131578586,-0.13871491830771232,-0.1362700473167417,-0.13374201772429817,-0.1311235787737505,-0.12838241276119047,-0.12551264221653063,-0.12250811798804684,-0.11936240315024445,-0.11606875509044334,-0.1126388684964572,-0.10911703314793793,-0.10542999510605802,-0.1015699281680665,-0.0975285598729276,-0.0932972302577569,-0.08895100986153248,-0.08443247450258137,-0.07970192741287109,-0.0747492297939988,-0.06961065765594095,-0.06432745249742043,-0.05879642124289536,-0.05300571052473678,-0.04705371299289456,-0.04088316229130153,-0.03442323048631937,-0.027754565969866855,-0.020878000574371253,-0.013678819559458457,-0.006297649550464994,0.0013577301269971833,0.009324025964104183,0.01745581162176523,0.025968618950676984,0.03461732211516901,0.04364970578787907,0.0528402714834643,0.06241231830445156,0.07211570584299236,0.08219908520068239,0.09243033264854103,0.10296158914882034,0.11376174822717133,0.12469647931302738,0.13592160325043037,0.14736620813318366,0.1588989126808617,0.1706512070431886,0.1825942690823098,0.1946373481458681,0.20671306878246568,0.21889014308370414,0.2311337242411939,0.24340784825945,0.2556756716958367,0.2678177277179892,0.2798408468531269,0.2917399478440269,0.30347448678857325,0.3150046845855245,0.32629238648824244,-2.0,0.34798620849961165,-2.0,0.367974189247258,0.37733622010838824,0.3862756929539932,0.39478419936034587,0.4025764416316415,0.40981821211362346,0.4166783728115423,0.4228239821081479,0.42830751959131025,0.4334756703358654,0.4376601700116956,0.4416710145764286,0.44465244792955116,0.44750102183505014,0.44938413878685923,-2.0,0.4519884793557666,-2.0,-2.0,0.4515321354274512,-2.0,0.44831309719895185,0.4460887994738177,0.44357288497295655,0.4403981726124263,0.4365940552955577,0.43219191893868136,0.4272407445643909,0.42198907035686006,0.4163894681655566,0.41020011646214627,0.40341724234271803,0.3960438748515528,-2.0,0.37951646451018645,0.37034963499838436,0.36056705578539494,0.3501552033061514,-2.0,-2.0,0.3153025493092745,0.30243440938503924,0.2888168584470647,0.27442497206560584,0.25923177772857153,0.24320798801808802,-2.0,-2.0,0.18982790245061343,0.1701454527645485,-2.0,0.1277075403675409,0.10486400296573961,-2.0,0.05568916959656012,-2.0,-2.0,-0.027588589501985505,-0.05811717292774954,-0.0901362301330878,-0.12371329421399391,-0.1589202445533373,-0.19583181726108312,-2.0,-0.2750876908151899,-0.3176009463080095,-2.0,-2.0,-2.0,-0.5090645194083275,-0.5627937316978662,-0.6190915459133824,-2.0,-0.73987676269108,-2.0,-0.8724553453740942,-0.9435177246160711,-2.0,-2.0,-1.177646173704263,-2.0,-2.0,-1.4467813177647364,-2.0,-2.0,-2.0,-2.0,-1.9875920827047446,-2.111630497977103,-2.2415536767468023,-2.377639955697358,-2.5201808761838933,-2.669481813726405,-2.825862625188425,-2.9896583402637997,-3.1612198765755783,-2.0,-2.0,-2.0,-3.9327417661976067,-4.149006911523923,-2.0,-2.0,-2.0,-5.121533211945673,-2.0,-2.0,-2.0,-2.0,-2.0,-2.0,-2.0,-2.0,-2.0,-2.0,-2.0,-2.0,-2.0
0.013049019780144023,-0.16873450270709725,-0.167676324514839,-0.1665682887318246,-0.16540803028817366,-0.1641930487100513,-0.16292075841659104,-0.1615884089380696,-0.16019316815436255,-0.15873203002582253,-0.15720185629019795,-0.15563178246395618,-0.15398891988131388,-0.15226910430152882,-0.1504687320888814,-0.14858384372123304,-0.14661041357809076,-0.14454427455629504,-0.1423809425907824,-0.14011579262615348,-0.1377439776153809,-0.13526041558411772,-0.1327142411241293,-0.13005488723422023,-0.12727080399990578,-0.12435602786591413,-0.12130431175743867,-0.11810911624036502,-0.11476359383981241,-0.11131131660883889,-0.10773446678318412,-0.1039898082147221,-0.10006931644682708,-0.09596459041378609,-0.09167756150066941,-0.08729422162903716,-0.0827052750613329,-0.07790088750387311,-0.07287076446892994,-0.06770331236358466,-0.06233812631255678,-0.0567210345721504,-0.05084251179730822,-0.044857153798101394,-0.03859086108471721,-0.03203077454846436,-0.02533041035150954,-0.018347643233893176,-0.011048841641225214,-0.0036238495094797294,0.004149324715596382,0.012146233206250238,0.02040248453576402,0.028964854787521026,0.037724633329830386,0.04682944117547264,0.05611217522656591,0.06573181780675559,0.0755566187759481,0.08565832056664102,0.09604329876651374,0.10658778092521146,0.11745448558645744,0.12849096189476444,0.13971555211634595,0.15119789502199618,0.1628524661790692,0.174586273178808,0.1865007819795496,0.19856524443131912,0.21074347229870558,0.22287552299900923,0.23505241111904168,0.24724570409793364,-2.0,0.27152916283476314,0.2835417797985913,0.2953889873208697,0.30697157941644,0.3183253951702266,0.32941464302890633,0.3402026412027623,0.3506569413232696,0.36075137158256076,0.3704273272654554,0.3795031295392418,0.388098270354653,0.39625169832455887,0.40396969128039373,0.41089621514211694,0.41729786903435456,0.4233296521342043,0.42842736063833486,-2.0,0.4371971248308612,0.44075818566474156,0.4435175510158973,-2.0,0.4474855044738004,0.44883829858531477,0.44944292407043096,0.44924733264890576,-2.0,0.44801485503748845,0.44632112562897297,-2.0,0.4415865385672071,0.4386462373897928,0.4350420001548704,-2.0,0.42598307590503914,0.42067076530124536,-2.0,0.40903844864525973,-2.0,-2.0,-2.0,0.37875671382005444,0.36966546745986106,0.3599510770653106,0.34960097221027747,-2.0,-2.0,0.31474665937108603,0.3019256570357521,0.28835903320824835,0.27401381698179167,0.25886345816042133,0.24287913141609346,0.22602976019158177,0.2082820124320343,0.18960029059428185,0.16994669662146988,0.14928125030926614,0.12756057244677382,-2.0,0.08077270232990241,-2.0,-2.0,0.0014697212573849816,-0.027616845560242353,-2.0,-2.0,-0.12369792272485192,-0.1588918762260898,-0.19579130426543168,-0.23447485362613574,-0.2750250390313238,-0.3175284061373933,-0.3620754934805025,-0.40876216619282246,-0.4576872921952848,-0.5089562873414045,-0.5626784358609378,-0.6189685692933351,-0.6779472376641305,-2.0,-0.804481101994375,-2.0,-2.0,-2.0,-2.0,-2.0,-1.263053435170003,-1.352696980426331,-2.0,-1.5449638921322348,-1.6479991537782488,-1.7559265613914745,-1.8689773101552558,-1.98739357617168,-2.0,-2.0,-2.3774330057358766,-2.5199713829537322,-2.0,-2.0,-2.9894419287825036,-2.0,-2.0,-3.5289053531643764,-2.0,-2.0,-4.148779379865097,-2.0,-2.0,-2.0,-2.0,-2.0,-5.679418619347504,-2.0,-2.0,-2.0,-2.0,-2.0,-2.0,-8.094946941189201,-2.0,-2.0,-2.0,-2.0
0.012676958697817228,-0.1692599662409514,-0.1682334164540382,-0.16715850160967657,-0.16603293628512097,-0.1648542903944997,-0.16362005063313448,-0.1623275698395093,-0.1609740738390272,-0.15955665740156055,-0.15807228637732568,-0.15652895232814001,-0.15493508810100717,-0.15326662674271174,-0.15151996669436782,-0.1496913724940477,-0.14777690809471944,-0.14577252622400036,-0.14367387134684076,-0.14147647217304868,-0.13917561320778873,-0.13676635978013293,-0.13425927186525397,-0.13167937947479808,-0.12897852491322215,-0.12615091904514322,-0.12319050410804223,-0.12009093458038421,-0.11684556859175076,-0.11344745287517854,-0.1099728383340268,-0.10634027628353823,-0.10253719068434276,-0.09855543385208987,-0.09438647193866645,-0.09007390459497855,-0.08562249591080774,-0.08096213871496011,-0.07608291561440395,-0.07098255170337585,-0.06577829370317749,-0.06032982973162564,-0.05462550916096753,-0.048716794645113796,-0.042639360274243004,-0.03627632829886573,-0.029655265566463612,-0.02288268638769816,-0.015792291902719968,-0.00846284492252459,-0.0009240811772983793,0.006968492006862885,0.014995739424280261,0.02337823982613551,0.03196877845532583,0.04086168505765087,0.049991964370036994,0.059415238201583495,0.069057123874559,0.07902982247795051,0.08914892064207644,0.09961885889673594,0.11024610804090126,0.12111821300078171,0.13228313819487983,0.14354047794665964,0.15501256732790875,0.16670758212399,0.17855058076254218,0.19043445097581693,0.2024571822743247,0.21458562930641384,0.2267853970521912,0.23899140676565764,0.25110027386358214,0.2631720873675139,0.27516715506928047,0.28704533041012426,0.29876664540420234,0.31029190222891057,0.32158266711930816,-2.0,0.3430833113140999,0.3532836901615335,0.36309786740025835,0.37250703409732333,0.38150158060865397,0.38986616598780577,-2.0,0.4049644038002108,0.4118319084889109,0.4178253287533115,0.42342737850046763,-2.0,0.4326628277046705,-2.0,0.43954929726806613,0.44222439367015187,-2.0,0.4454106789620397,0.44646397640080115,-2.0,0.44613702805062827,0.44553322586046235,0.444161267820841,0.4420328825331767,-2.0,0.43673790990163774,0.43335440376318357,0.42931316887250004,0.42464721099120306,0.41938379138914617,0.41373719450816754,-2.0,0.40124451262986616,0.39408984653462886,0.3863192454349948,-2.0,0.3689207404449336,0.35927906379394214,0.3489948267611717,-2.0,-2.0,0.3141941767488088,0.30136837216091866,0.28785566368588805,0.2735597242097953,0.25845446781322556,0.2425116819861341,0.2257005816292446,0.20798820117092937,0.18933920060302667,0.16971579498352019,0.14907818609524442,0.1273838660894417,0.10458801551179742,0.08064293814288737,0.05549881799884526,-2.0,0.0013992903227891818,-0.027670187656058,-0.05816714856191818,-0.09015624055499627,-0.12370540063092872,-0.15888594535155975,-0.19577276438924873,-0.2344444267017065,-0.2749830990449461,-0.31747628925270965,-0.36201367318757893,-0.40869074318929255,-0.4576072489841888,-0.5088677627871195,-2.0,-0.6188645555972261,-0.6778361666458859,-0.7396229014601314,-2.0,-0.872177059107936,-2.0,-1.0176626883884055,-1.095639777952956,-1.1773264948589897,-1.2628977782962134,-1.3525368961635735,-2.0,-1.5447957287692202,-2.0,-2.0,-1.8687984850635708,-1.9872115438124371,-2.0,-2.2411614204692167,-2.0,-2.5197780199084114,-2.6690740392550723,-2.825450170796355,-2.989241435087841,-3.160798732360181,-3.3404896097175243,-3.5286989628269216,-2.0,-2.0,-4.148567426163891,-4.375079071725071,-4.6123258287035735,-2.0,-2.0,-5.393681304424154,-2.0,-5.978244064422633,-2.0,-2.0,-2.0,-7.322997630093415,-2.0,-8.094719108946682,-2.0,-2.0,-2.0,-2.0
0.012315506032928256,-0.1697703628034023,-0.16877452610107935,-0.16773178372031491,-0.16663990340629792,-0.16549656573618127,-0.16429928335703545,-0.16304551911705242,-0.16173256967967317,-0.1603576259920506,-0.15891774132476333,-0.15740982804396353,-0.15585410800868188,-0.1542354813853831,-0.1525410262141943,-0.15076711165025702,-0.1489099121881153,-0.14696551889328213,-0.14492968505926737,-0.14279808807407396,-0.14056614974823653,-0.13822908098227282,-0.13578188360511276,-0.1332572306385546,-0.13063721638835632,-0.127894279471708,-0.12502254351416636,-0.12201585562477481,-0.11886777179862246,-0.11557154527917962,-0.11214693686582819,-0.1086232521364965,-0.1049341892318067,-0.10107188676800612,-0.0970280228123789,-0.0927939488692825,-0.08845594222178603,-0.08393552676716284,-0.07920282950401714,-0.07424770917075814,-0.06911965519526028,-0.06383499923953977,-0.058302226487892815,-0.052509402750056465,-0.04657153000143238,-0.04040011919194494,-0.03393888872546816,-0.02728746211344901,-0.020410906896751124,-0.013211472362412971,-0.005851544085728371,0.001802485825572124,0.009744345982264788,0.01787317763823739,0.02637849012584747,0.03500180745561377,0.04403001023661054,0.05318487022780198,0.06274399535600753,0.07241355456792495,0.08245275828047413,0.09267187211138944,0.10315259403108548,0.11393765697609207,0.12481400997695176,0.13597582739442376,0.1473945857700243,0.15885820350773094,0.17053184836061555,0.18238975056957143,-2.0,0.20637560261692195,0.21844777744315383,0.23057837636353792,0.24273020096545894,0.25486652031483575,0.26693528427581237,0.27881620054922696,0.29055542661048,0.30211830965245734,-2.0,0.32455485751701835,0.33535356372545094,0.3458286743306854,0.3558822421578886,0.3654126673975754,0.37450463935988826,0.3831565157253263,0.3913788507981595,0.39895656951512015,0.40585812965414864,0.41235789900189773,0.4182612787066323,0.42334843367623637,-2.0,0.4319898635695757,0.43560275714197216,0.43819209728302333,0.4406361200734966,0.442048728423621,0.4431615902075675,0.44376024623155136,-2.0,-2.0,0.4418065139258178,0.4399778518642052,0.43744972316751096,0.43467500032247597,0.4315330318299557,0.42769953882949985,-2.0,0.41810066699353154,-2.0,-2.0,0.40003689736336323,-2.0,-2.0,0.37705168899278324,0.3681277446024934,0.35856356831179204,-2.0,0.33747109172149853,0.3259133001311824,0.3136653228944808,0.30080387669928704,-2.0,0.2730765210165315,0.25801914294998984,0.242120162330765,0.22534931120771434,0.207674094687821,0.18905934418920323,0.1694681127630474,0.14886002033838058,0.12719267308306054,0.10442217047786018,0.08050110507925134,-2.0,0.029003430872671543,0.001319167819721745,-2.0,-0.05821228571826087,-0.09018563006584701,-2.0,-0.15888652757724475,-0.1957600122562616,-2.0,-0.2749467471298628,-0.3174288724977441,-0.36195542355929544,-0.4086232882733353,-2.0,-0.5087824588955452,-0.5624883707578386,-0.618763329704761,-0.6777276086448533,-0.7395074143898155,-0.8042346020950099,-0.8720488031596908,-2.0,-1.0175229688842677,-2.0,-1.177176480785351,-2.0,-1.3523776141567991,-1.4462722729037383,-1.544628096899187,-1.6476557584783187,-1.7555759461712341,-2.0,-2.0,-2.0,-2.0,-2.0,-2.0,-2.6688777988740915,-2.0,-2.0,-3.160595485211148,-2.0,-2.0,-2.0,-3.9320944861077387,-2.0,-2.0,-2.0,-4.86059840635482,-2.0,-2.0,-2.0,-5.978021146254346,-6.2912357870111215,-2.0,-6.962890860589166,-7.322770309005932,-7.69970079243727,-2.0,-2.0,-2.0,-2.0,-2.0
0.01196435931223849,-0.17026611872935582,-0.16930011708017614,-0.16828862118102073,-0.16722948155035555,-0.1661204066336576,-0.16495903099907405,-0.1637428722986256,-0.16246930874812238,-0.16113560617490658,-0.15973892641126888,-0.15827627412300035,-0.15674675967637935,-0.1551765496439659,-0.15353280390967966,-0.15181192510840444,-0.15001041319572528,-0.14812428985330903,-0.14614948290512844,-0.14408179752223654,-0.1419167953242605,-0.139649840373615,-0.13727608028548388,-0.13479043692371354,-0.1322483403167856,-0.12958764238139628,-0.12680204100607878,-0.12388556991795896,-0.1208319757475365,-0.11763471545751882,-0.11428693827750105,-0.11084077137884767,-0.10726248828869384,-0.10351618381217882,-0.09959382890422616,-0.095487019170409,-0.09120816947639855,-0.08682366033740763,-0.08223330672851101,-0.07742727307804073,-0.07239526124718078,-0.0672397116424918,-0.06187357743000956,-0.056255368638606716,-0.05039097670943807,-0.044405681387205596,-0.0381393811147982,-0.031578647973430546,-0.024897238855132953,-0.017915353448945938,-0.010638098340116408,-0.003215463759577021,0.004555516788885831,0.012525786241496634,0.020778211940626005,0.029309627414578272,0.03806324304748792,0.04713270257384512,0.05640713461979963,0.06598605844060612,0.0758000332933324,0.08585462244866623,0.0962258179520244,0.10671640166729712,0.11752410002385948,0.12853999105106992,0.13969712207811438,0.15110665940361231,0.16273164021726472,0.17438286323356456,0.18620726338768387,0.19817448227297688,0.21025141085673138,0.22233008757050757,0.23438743460333084,0.24645227231645403,0.2584858188082369,0.2704488588101423,0.2823018325517792,0.2940053302389007,0.3054647421636893,0.31662556259708785,0.3275083284955056,0.33807549394437836,0.34829380266237997,0.35813637684403005,0.3675824447224555,0.37645140449498943,0.38474696360026467,0.3925815334603226,0.399988192334889,0.40666543777246633,0.4126910175406539,0.4183741855298515,-2.0,0.4275023983367058,0.43117914604325136,-2.0,0.43667397029275634,0.4386886426226666,0.4397276960089226,0.4406409497186968,0.44071386241033406,0.4400322653750272,0.43921828739447955,0.4377277672120869,0.4354427876429856,0.4325857582707193,0.42954843622277783,0.4259458369968493,0.4216549076004923,0.41671228248858905,0.41114270420003446,-2.0,0.39873004432796066,0.39183088292722357,0.3842861649157118,0.3760987088342083,0.36726726301519874,0.35778625945279563,0.34764649109625284,0.3368358691892362,0.32533911038836977,-2.0,0.3002482902958887,-2.0,-2.0,0.257539932949306,0.2416871558831542,0.224958961906724,0.20732278412277355,-2.0,0.16918588986865368,0.14860867855258048,0.12697017704496544,0.10422624062461139,0.08032967503045241,0.05523081060615309,0.028876786929382114,0.0012126329563565408,-0.02781994180531977,-0.05828235570963347,-2.0,-2.0,-2.0,-0.19577036918573087,-0.23441671278764997,-0.27493225308502367,-2.0,-0.36191917679439334,-0.40857643995081605,-0.45747425318760415,-0.5087170597449324,-0.5624144183618043,-2.0,-2.0,-0.7394105682633787,-2.0,-2.0,-2.0,-2.0,-2.0,-1.1770442075586929,-1.262605823715177,-1.3522357665954838,-2.0,-2.0,-1.6475013058152057,-2.0,-1.8684579927808376,-1.98686432457127,-2.0,-2.240801718996984,-2.0,-2.519406936126262,-2.0,-2.8250689728114544,-2.9888554968135406,-2.0,-2.0,-2.0,-2.0,-2.0,-2.0,-2.0,-2.0,-4.860396431613445,-2.0,-5.39325606893205,-5.678770230602906,-2.0,-2.0,-2.0,-6.962679911941684,-2.0,-2.0,-2.0,-2.0,-8.940851551749851,-2.0,-2.0
0.011623224686798524,-0.17074765289740432,-0.1698106357259263,-0.16882949706297115,-0.16780214039058683,-0.1667263669693959,-0.16559985685280962,-0.16442021189468078,-0.1631849156123293,-0.16189127863541777,-0.16053656838546648,-0.15911786353949683,-0.157632114904379,-0.15609062524836748,-0.15449613090965295,-0.1528267428455062,-0.15107939021774536,-0.14924982153765942,-0.14733428556513353,-0.14532867574359482,-0.14322869825119322,-0.1410298445751861,-0.1387274061033541,-0.13631644893962885,-0.13381324662789562,-0.13123242944488014,-0.12853049289409996,-0.12570164788655724,-0.12273983224715347,-0.11963869876600103,-0.11639160191301111,-0.11299468301196854,-0.10952398702763633,-0.10589036586463359,-0.10208603398361579,-0.09810283846043658,-0.09393224405221265,-0.08962895438977496,-0.08517679694825786,-0.08051563898376492,-0.07563529932698389,-0.07054677851179493,-0.06534232844652353,-0.0598938174701398,-0.05418905305821445,-0.04829636417786195,-0.042219416991660985,-0.03585698377311328,-0.029254930723242256,-0.02248435559513693,-0.01539579144950941,-0.008089817855007515,-0.0005545074080742472,0.007331559590846632,0.015333210974404285,0.0237104087962764,0.03226811380258842,0.041153349422634475,0.050245571184754846,0.059659043544567435,0.06925691280322085,0.07921724769765448,0.0892861855747348,0.09970150406437803,0.11030977646928476,0.1211194409040468,0.13221674558281726,0.14344733109702695,0.15484216885235377,0.1664534022495688,0.1782506721350216,0.19004928420550005,0.20196936167512794,0.21398719025564195,0.2260675625209556,0.23817524006334115,-2.0,0.26211426421794726,0.2739540128804256,0.2856642859680141,0.29720619011880556,0.3085392563207851,0.3196254075966885,0.33041487044452467,0.3407729352388185,0.35072644844007683,0.3602774498858003,0.3694063080237052,0.37810643369447405,0.38626690533520835,0.39371203270147376,-2.0,0.40724260202586005,0.41292412020437236,-2.0,0.4228184345350301,0.426606333372361,0.43014765351338025,0.4326694075035967,0.43496207665846,-2.0,0.4372168879288821,0.4377674340537917,-2.0,0.43642010742476745,0.4352663699869784,0.43329615387421505,-2.0,0.4274344012140687,-2.0,-2.0,0.41521402950955266,0.40980487653198355,-2.0,0.39735493282417467,-2.0,0.3831507677466545,0.3750754395674453,0.36634355289418463,0.3569513843097697,0.34689145887309275,0.3361526439864186,0.3247208527414103,0.31257928481279595,0.29970876783801054,0.2861649225944702,-2.0,0.2570232344897806,0.24121923615455082,0.22453574746368404,0.20694062341305736,0.18839993976632574,0.16887668774237552,0.14833216545742595,0.12672346054244216,0.10400741102489464,0.08013673525251619,0.055061958623733975,0.02873047715851773,0.0010872191567257161,-0.02792586408951725,-2.0,-0.0903095416792683,-2.0,-0.15894947011240124,-0.19579538897721316,-0.23442861676110616,-0.2749314406439791,-0.3173902038629687,-2.0,-2.0,-0.45743023368177127,-0.508663692604527,-0.5623524694428713,-0.6186110714788841,-0.6775599240818396,-0.739325140160133,-0.8040386453797608,-0.8718396565105708,-2.0,-1.0172897286573899,-1.0952504218931902,-2.0,-1.2624781312034001,-1.3521032600786118,-1.4459886473750054,-1.5443362145156967,-1.647355772415335,-1.7552682603984713,-1.8683048387686836,-2.0,-2.1107302929958496,-2.0,-2.0,-2.5192378532089865,-2.6685259350281707,-2.8248944790801556,-2.0,-2.0,-3.339913290454644,-3.5281164998357255,-3.7252417882877884,-2.0,-2.0,-4.374474463398269,-2.0,-2.0,-5.120463392049452,-2.0,-2.0,-5.977613430146313,-6.290825619653599,-2.0,-2.0,-7.322353406784266,-2.0,-8.094068998627113,-2.0,-2.0,-9.394243227265827,-2.0
0.011291816686047524,-0.17121539438501382,-0.17030651647041586,-0.1693548533059407,-0.16835837626875705,-0.16731494285459952,-0.16622231133501414,-0.1650781508360277,-0.16387999539313017,-0.16262529006892518,-0.1613113300248855,-0.15993531926545704,-0.15849427878669037,-0.15698514997855892,-0.1554318305367205,-0.15381271627447488,-0.15211767604978566,-0.15034307614407066,-0.14848510825437458,-0.14653979929179556,-0.14450296819463565,-0.14237026099103617,-0.14013710499570275,-0.13779870679966022,-0.13535006142754905,-0.1328300428050149,-0.13020936957234092,-0.1274656383773948,-0.12459296842364859,-0.1215852040912718,-0.11843589977563583,-0.11513830644236579,-0.1117205475792539,-0.10819645773403007,-0.1045067635966753,-0.10064363634762702,-0.09659879800813907,-0.09236358175499182,-0.08803600528893568,-0.08351543988340117,-0.07878242101742505,-0.07382680390109028,-0.06871195567214025,-0.06342793640265258,-0.05789563619379062,-0.05210320196842854,-0.04618227074729092,-0.040012559924919616,-0.033552847001508734,-0.0269222833486445,-0.020048695475602687,-0.012852202473577636,-0.0055177820903479745,0.002131640310346206,0.01004433853129629,0.01816661308413426,0.026638485814852085,0.03525298673215248,0.04426079948281834,0.05338626952829358,0.06290126689423922,0.07255649657489,0.08254506839293904,0.09274667746770113,0.10316931907798395,0.11391149115535038,0.1247430745656799,0.13583309380468667,0.14717794073682597,0.15860411789202192,0.17018937043457572,0.18195210115130522,0.19386055825806722,0.20578481428364503,0.21774063088871934,0.22974515106787288,0.24176216859449928,0.25375338358638,0.2656800825422981,0.2774611130739103,0.28902452876524576,0.30039935778173027,0.3115446430454499,-2.0,0.33298790466216804,0.34321744210118876,0.3530696550236933,-2.0,0.37117371550877654,0.37951430959028476,0.3874059106302858,-2.0,0.40129926260217885,0.4074090083806698,0.41301840544176743,0.4177031952002923,0.42212226812708975,0.4255694254485498,0.4287311430525149,0.43091105208544656,0.43289791127284427,0.433815453299146,0.4345007948300552,-2.0,-2.0,-2.0,0.43095252770804127,0.4285031603716907,-2.0,-2.0,0.4181482857446911,0.4135959705716652,0.40836247123421027,0.40247464444472736,0.3960110030336089,-2.0,-2.0,-2.0,0.365352251046427,0.3560554025050041,0.3460809690144005,0.33541867286987453,-2.0,0.31197717750823084,-2.0,0.2856066697886564,0.2713834953415832,0.2564672565915014,0.24071471672076278,0.22407835155139205,-2.0,0.18802587305817464,0.16853951993451644,-2.0,-2.0,0.10376486358599202,0.07992135532294531,0.05487165399174698,0.02856385852151222,0.0009427226315040782,-2.0,-0.058475382486253835,-0.09039714845451696,-2.0,-2.0,-0.19583567523508127,-0.23445506420282225,-0.2749448774662564,-0.3173914029103603,-0.36188516103158663,-0.40852110518929896,-0.45739882189391445,-0.5086227258613847,-0.5623022941253499,-0.61855229161092,-2.0,-0.739250544568914,-0.8039570201246901,-2.0,-0.9427773284429728,-1.0171883084946742,-1.0951431598892492,-1.1768087948972243,-2.0,-1.351980235836364,-2.0,-1.5442039874612412,-1.6472192904988328,-1.7551277420546327,-2.0,-1.9865596364390294,-2.0,-2.240483735975156,-2.0,-2.0,-2.668362250344004,-2.824728105673984,-2.9885095895884093,-2.0,-2.0,-2.0,-3.7250637963584547,-3.931531488832362,-2.0,-2.0,-4.6115309096265635,-2.0,-5.120274748298733,-5.392868397142726,-5.678379758074928,-2.0,-2.0,-6.61868345017699,-2.0,-7.322155680279528,-2.0,-2.0,-8.50735989925235,-8.940441093575426,-2.0,-2.0
0.010969857978923836,-0.17166971274597298,-0.1707881808976193,-0.16986515351786763,-0.16889866712015653,-0.16788663899726797,-0.1668269138704401,-0.16571721038162826,-0.16455515162920148,-0.16333824273946101,-0.1620638752770288,-0.16072932326475423,-0.15933172460615214,-0.15786809160418575,-0.15634068961807224,-0.154770244445396,-0.15312617967096248,-0.15140496055493174,-0.14960291719520127,-0.14771617540310658,-0.14574069039340687,-0.14367223254143388,-0.14150636368008906,-0.1392384480023735,-0.13686362177213848,-0.13438182054716669,-0.13184007879172663,-0.12917902064801096,-0.12639293923802605,-0.12347586651538724,-0.12042154849547744,-0.1172234435799266,-0.1138746953610471,-0.11043638182561799,-0.1068580370974373,-0.10311153455459124,-0.09918884586743076,-0.09508156609235453,-0.09081310290228822,-0.0864291626491415,-0.08183917952136857,-0.07703350002343623,-0.07200164429228624,-0.0668606352892854,-0.06149566365350764,-0.055878875699979035,-0.05003178650212747,-0.044048971936568676,-0.037785290496187396,-0.031232886148860807,-0.02456823109035912,-0.017590355836257628,-0.010338474993228094,-0.0029221200723541004,0.004843291981087258,0.01278230224686245,0.021026305860589088,0.029522034510791845,0.03826531540234308,0.04729362774770989,0.05655530785909316,0.06608687084557885,0.0758845967441645,0.0858852265183013,0.096232736790776,0.10666537986280389,0.11740701572819623,0.12839519682868256,0.13947634660774852,0.15080386590734693,0.16235046535172765,0.17394986729763007,0.18567384252747923,0.19753267471906522,0.2094930918130873,0.2215085495721765,0.23343726907081996,-2.0,0.25724196738495436,0.26904161614661726,0.2807196092423444,0.2922357403722367,0.3035476567756577,0.31453523895766544,0.32519303701542085,0.3355199310710041,0.3454819337415537,0.3550515012291712,0.364209717300675,0.37287149912279083,0.380857948101784,0.3883482024887061,0.3953914600204753,-2.0,0.4074386889539075,-2.0,0.4171726794346351,0.4210483657235561,0.424388162000815,0.4269520848438402,0.4289851831431587,-2.0,0.4310444398066744,0.43146356573478034,-2.0,0.42975848468748906,0.42839293425608516,-2.0,0.4233460872139909,0.41987060864487447,0.4161797110463705,0.41185354392798135,-2.0,0.4010924004665809,-2.0,0.3878434539544813,0.38062865463603895,0.37280508486793024,0.364296006115596,0.3551018366719203,0.34521877287520314,0.3346386944680109,0.3233499708705467,0.3113377126189666,0.2985841340526017,-2.0,-2.0,-2.0,0.24017968166984,0.22359348276519636,0.20608734912226218,0.1876287692246158,0.1681809232703434,0.14770583889634364,0.12616198183532518,0.10350595904728332,0.07969080335197676,-2.0,0.02838392507741916,0.0007854345138237351,-0.028185597150246267,-2.0,-0.09049369244070982,-0.12396265058654488,-2.0,-0.1958835004030085,-0.2344884875580303,-0.27496477259502483,-0.3173985734423048,-0.3618797781359674,-0.40850502969156566,-0.45737212055847587,-0.5085860055486653,-0.5622561215321908,-0.6184971956906109,-2.0,-0.7391789259511335,-0.8038776832381894,-0.8716647668335706,-2.0,-2.0,-2.0,-2.0,-1.2622436056612965,-2.0,-2.0,-2.0,-2.0,-1.7549880248040375,-2.0,-2.0,-2.110427806686806,-2.0,-2.3763949845118315,-2.518916308450917,-2.668198604497099,-2.82456168188625,-2.9883405232942617,-2.0,-3.3395656314950743,-3.527764358350828,-2.0,-2.0,-2.0,-4.374106444335414,-4.611344704973632,-2.0,-2.0,-2.0,-2.0,-2.0,-2.0,-2.0,-2.0,-7.321956907681838,-2.0,-8.093668273049774,-2.0,-2.0,-2.0,-2.0
0.010657079141786952,-0.17211102085092447,-0.17125603454969204,-0.17036083132572633,-0.1694234675270943,-0.1684419614718651,-0.16741418439742542,-0.16633795450463792,-0.16521094805352882,-0.16403074205661405,-0.16279483466730213,-0.16150056941487326,-0.16014516128031092,-0.1587257100806515,-0.1572391690530732,-0.15570030340784632,-0.15410577774438655,-0.15243642352961265,-0.1506886918102511,-0.14885883626264113,-0.14694293274788164,-0.14493687880056344,-0.14283637263995375,-0.14063691810399911,-0.13833379338814134,-0.13592206471840676,-0.13342405915701397,-0.13084330157997823,-0.1281413261470277,-0.12531234175421693,-0.12235028964200464,-0.11924881823651944,-0.11600128178195929,-0.11261213243778835,-0.10914194364709648,-0.10550872182661208,-0.1017046804289321,-0.09772166839429929,-0.09355108287759965,-0.089259424995687,-0.08480849152562941,-0.08014833602665662,-0.07526870363683673,-0.07019503928752098,-0.06499297538746679,-0.05954642210467811,-0.05384370800529015,-0.04796995687426711,-0.04189650579758594,-0.03553754370179627,-0.028958339579974804,-0.02219290194592289,-0.015109130168343612,-0.00783129104455963,-0.00030306396798089087,0.0075512935393538885,0.015543642232542032,0.02391154508507089,0.032430827525177904,0.041303897147006795,0.050352400859033614,0.05975070285578926,0.06929833458061477,0.07922011249211983,0.08925161840313918,0.09960508422651121,0.11018784209169008,0.12092681331938998,0.13194786670780437,0.14314406314498954,0.15445215602420703,0.16596989010845042,0.17766785721031905,0.18941451053358727,0.2012208118571918,0.21311582634817372,0.22506421433973622,0.23702981194053815,-2.0,0.26073140339161494,0.27239920535977047,0.28392672774158983,0.2952726622068626,0.3063956685371466,0.31725747999234505,0.3278216633745432,0.33800756815578,0.3477012729224793,0.3569670092952917,0.3657922875094146,0.37416970928648524,0.3820664384446865,0.3892012910678956,0.3957974002637427,0.4019780615932366,0.40734924783552817,0.41209032844595384,0.41643743930012644,0.419777007163912,0.42289632147948664,0.42494381371266343,-2.0,-2.0,0.42805662099308933,0.4280476247634736,0.42702313154297417,0.4255963572261299,0.42383324176401704,-2.0,-2.0,-2.0,0.4099598400692205,0.4051327692182319,0.39959407897922117,-2.0,-2.0,0.37923759832953735,-2.0,0.3631548012131387,-2.0,0.34428635966632654,0.3337941671763442,0.32258415679752545,0.3106429275802536,0.2979535821173805,0.28449640780263924,-2.0,0.25528129787296927,0.23959659154841212,0.22306289345325475,0.20560567447056827,0.18719084725068114,-2.0,0.14734636761990044,0.12583739279136835,0.10321310662640781,0.0794276806859221,-2.0,-2.0,0.0005997401751397513,-0.028349283019659555,-2.0,-2.0,-2.0,-0.1591556460825032,-0.19595553392946619,-0.23454498334274698,-0.2750075217437795,-0.31742836251468065,-0.36189771933674153,-0.40851069087900427,-0.4573667633653554,-0.508570262400631,-0.5622305825735017,-2.0,-0.677385873251193,-0.7391272955217701,-0.8038182792356908,-2.0,-0.9426105399623984,-1.017008534744599,-2.0,-2.0,-1.2621453211577047,-2.0,-1.4456260214757464,-2.0,-2.0,-2.0,-1.8678904269306345,-1.9862819297296752,-2.0,-2.0,-2.0,-2.0,-2.0,-2.0,-2.0,-2.0,-3.339408014215942,-2.0,-3.7247231843148065,-3.931186692955191,-2.0,-2.0,-2.0,-2.0,-2.0,-2.0,-5.678010732631882,-5.977048671798803,-2.0,-2.0,-6.961899892206696,-7.321773744943756,-2.0,-2.0,-2.0,-2.0,-9.393648549298707,-2.0
0.010353218432956621,-0.17253967455550928,-0.17171048462033814,-0.17084229373955018,-0.1699332262511366,-0.16898135939630055,-0.16798462604395167,-0.16694089217063945,-0.16584794650417664,-0.1647034188807582,-0.16350486146819573,-0.1622497069585179,-0.16093526964776853,-0.15955873977835003,-0.1581171488568033,-0.15660739315924474,-0.15505728041357475,-0.1534383014086455,-0.15174332175589808,-0.14996872903180938,-0.14811070158006145,-0.14616526241543784,-0.14412824677868188,-0.14199528431078134,-0.13976180548810893,-0.13742302165751671,-0.13497392570075217,-0.13245985052075462,-0.1298395685705263,-0.12709615063529692,-0.12422371515354642,-0.12121610705505736,-0.11806688130803951,-0.11476928861856095,-0.11136034094284938,-0.1078371516556966,-0.1041483562847524,-0.10028604967730657,-0.09624195565099632,-0.09200856205164422,-0.08769258139895768,-0.08317374205463397,-0.07844255030862474,-0.07348861833005448,-0.06838968015141637,-0.06310875162635077,-0.05757933172196164,-0.05178993370922508,-0.04588977360801827,-0.0397244535975484,-0.03326919325861412,-0.026663395118420564,-0.019795933721694355,-0.012605671408478075,-0.005301417543918061,0.002339613258888741,0.010218485571667013,0.01832987867829593,0.02676301384886038,0.03536402719580297,0.04432721448745186,0.05343686625776273,0.0629008581077963,0.07253608007690074,0.08246732687091436,0.09264491064755737,0.10300186205259132,0.11367294496764802,0.12447252835625491,0.13548198843412076,-2.0,0.1581238254202027,0.1696105903563311,0.18126686487244875,0.19306140945789182,-2.0,0.21675192731582416,0.22861846660372528,0.24048696817392815,0.252318709018695,0.26407460579938835,0.27571457541949757,0.2871266279842732,0.29829618811719405,0.30922158696655905,0.3198624739201116,0.3301812401999628,0.3401442971564035,0.3497246119537699,0.35882426206831686,0.3673142729310021,-2.0,0.3828529393721758,0.3898979444287292,0.3961057009210301,0.40179568645662167,0.40705109051321875,0.4113305091633547,0.41529170757143197,0.4183529235944149,0.42100751881307863,0.42275796711576,0.4242315115780314,0.4246268260382145,0.4248274806045128,0.42426287381311983,-2.0,0.4211641578035148,0.41889206037394466,0.4157682278030631,0.41196125661301186,-2.0,0.40332270909489637,0.3979851537675454,0.39193622354400437,-2.0,0.3778751585725682,-2.0,0.36193794410638847,0.3529736249718959,0.34329457119129864,0.33289652672130615,-2.0,0.309905542609511,0.29728464194997467,0.2838894623808664,0.269698273557963,0.25470793462533425,0.2389908871021887,0.22250123331403698,0.20509483442186244,0.18672702682711428,0.167363092014859,0.14696506685951521,0.12549244234581375,0.10290200262634142,0.07914779661096027,0.054181114978781864,0.027950198023855344,-2.0,-0.028525047263423864,-2.0,-2.0,-0.1241825118250528,-0.159252697499481,-0.19603595957709197,-0.23461012701762807,-0.2750577936148827,-0.31746482418485955,-0.36192125094971195,-0.4085220752216775,-0.45736670095835164,-0.5085594160714705,-0.5622095692562912,-0.6184318076444928,-0.6773463192761018,-0.7390790872429498,-0.8037621543317128,-0.8715339154509801,-0.942539390643784,-1.0169305488631233,-2.0,-1.1765144869430237,-1.262048928361262,-1.3516531078999021,-1.4455189039186902,-2.0,-2.0,-2.0,-2.0,-1.9861524716518146,-2.110160583386655,-2.0,-2.376113855407416,-2.0,-2.667904912240867,-2.824262167610585,-2.0,-3.159575683521453,-3.3392503023679243,-2.0,-3.7245607461780104,-2.0,-2.0,-2.0,-4.611004110278038,-2.0,-2.0,-5.3923265919510435,-5.677833417938002,-5.976869865762625,-6.290076636225884,-6.6181247494409075,-6.961717048233711,-7.3215896760605474,-2.0,-2.0,-2.0,-8.939862422365115,-9.39345916146206,-2.0
0.010058021573680418,-0.17295604925424607,-0.1721519219925863,-0.17130996854613464,-0.17042838639835609,-0.16950529764147054,-0.16853871447262664,-0.16752656409707964,-0.1664666852560373,-0.16535680266959119,-0.1641945184644878,-0.1629773736844788,-0.16170273755894152,-0.16036784247303706,-0.15896996293006613,-0.15750594272060212,-0.15598153193366038,-0.15441147351084647,-0.152767743820545,-0.15104681812381404,-0.14924500613635847,-0.1473584451654977,-0.14538309556069737,-0.14331472397660944,-0.14114889409262205,-0.13888096503667532,-0.13650607781662555,-0.1340300903105969,-0.13148916138778932,-0.12882885346835468,-0.12604346706594127,-0.1231270317254413,-0.120073297937524,-0.11687572151728186,-0.11352745044755064,-0.11009889253090965,-0.10652202695744063,-0.10277697804391495,-0.09885568450621272,-0.09474975395858648,-0.09049408524769152,-0.086112682374731,-0.08152526675678914,-0.0767219454791268,-0.07169261646517636,-0.06656912418849348,-0.061208099831417034,-0.055595103997574086,-0.04976870063345745,-0.04379156461783724,-0.03753330892006733,-0.03100600092143655,-0.024348634605966115,-0.01737816239377219,-0.010156940177908866,-0.0027497952830542946,0.0050052766078681424,0.012907650780729796,0.02113959328445731,0.029593716310905675,0.03832216869163041,0.0473026516575778,0.056545534979652534,0.06602331617957719,0.07579899672493555,0.08573815309174285,0.09602076090853492,0.10642212759831601,0.11708818068228566,0.12803661485929635,0.1390372822362089,0.15027281142000445,0.16172043667835145,0.1732689360849972,0.18488108354995542,0.19661959296102058,0.20845060687439415,0.22033942519244634,0.23217766509371637,0.2439445673794775,0.2556585863115641,0.2672794272119413,0.27876549593890654,0.2900766702081384,0.3011726336042784,0.3119996742804146,0.32243289280159704,0.3324980442084409,0.3421814708215753,0.35145432244854286,0.36029698779444586,0.3686857924852188,0.3763827398387713,0.38350027277146226,0.3901481029174697,-2.0,0.4014822796922522,0.40630079756038207,0.41042199629636633,0.4137869251764297,0.4167368311588052,-2.0,0.4203714995275899,0.4212709266293863,0.4213500148558752,0.42121609773636853,-2.0,-2.0,0.416347628993485,0.41354753305057323,-2.0,0.40576993771897996,0.4013554959450472,0.3962399437893983,0.3903808573990901,-2.0,0.3765434102976894,0.36878518247132824,-2.0,0.3517888561274025,-2.0,0.3319269090451576,-2.0,-2.0,0.2965592703332202,0.2832299675907108,0.26909869423762517,-2.0,0.2383901656739807,0.22189111792488964,0.2045381161136603,0.18621982480774313,0.16690117442583563,0.14654491811153042,0.12511049761459564,0.10255545022785861,0.0788341422814881,0.053897804461788046,0.027694835134539963,-2.0,-0.028729931426901167,-0.05906979102465115,-0.09091204471504966,-2.0,-2.0,-0.19614145841371844,-0.2346996675988542,-0.27513204807669667,-0.31752460919089676,-0.36196760631514613,-0.4085558197304626,-0.4573885678497871,-0.5085700977434284,-0.5622097100052077,-0.6184220085272183,-0.6773271410988755,-0.7390510542295294,-0.8037257595315128,-2.0,-0.9424876127021373,-1.0168716999391243,-1.0948010900686629,-2.0,-1.2619708659952447,-1.3515695408023432,-1.445429949656863,-1.5437532778107292,-1.6467500995875795,-1.7546410118869586,-1.8676571012295977,-2.0,-2.1100446194599103,-2.239935256942818,-2.3759906006258036,-2.0,-2.0,-2.0,-2.0,-2.0,-2.0,-3.527300594412571,-2.0,-3.9308737583403186,-4.1471200796890155,-4.373616960453843,-4.610849648184394,-2.0,-2.0,-5.392166828360038,-2.0,-2.0,-6.289912282504636,-2.0,-2.0,-7.321421351023924,-7.698344131894073,-8.09312587834323,-8.506612410519338,-8.93968961924001,-2.0,-2.0
0.009771241535346491,-0.17336049582040078,-0.17258070277948404,-0.17176423753774922,-0.17090935124406734,-0.17001422593609558,-0.16907692975025304,-0.16809545697055925,-0.16706769221687764,-0.16599145490471245,-0.1648644322660951,-0.16368418512376326,-0.1624482093129425,-0.16115385737379895,-0.15979818914348948,-0.15837874262798418,-0.15689205048394286,-0.15535675177341934,-0.15376279259765532,-0.1520940016026153,-0.15034679518089028,-0.1485174258358078,-0.146601973423611,-0.1445963386166595,-0.142496219647922,-0.14029711304023698,-0.1379943073215174,-0.1355828699164204,-0.13309145780724616,-0.130511879479995,-0.12781104599873577,-0.12498316941087116,-0.12202211766870226,-0.11892176342853956,-0.11567524294315673,-0.11229578109056801,-0.10882766189222462,-0.1051964852720612,-0.1013944715789101,-0.09741347326175444,-0.0932449581832976,-0.08896726605281743,-0.08451958805198283,-0.07986268643634369,-0.07498653731710829,-0.06993017922803778,-0.06473292412270434,-0.05929115796372558,-0.053593294497114946,-0.04774196603265269,-0.04167513736661675,-0.03532285765289412,-0.02877059909458479,-0.022013831105524108,-0.014939263142310597,-0.007693543236081311,-0.00017616945532498117,0.007641062980512665,0.015619639461458118,0.02397335116707424,0.03244779925649938,0.04130413348279277,0.05030181882283663,0.05967992227999125,0.0691698727775679,0.07902962742657779,0.08903366369006524,0.09931697522693814,0.10986685648023531,0.12052607524224929,0.1314613977344902,-2.0,0.15382584402709415,0.16523924476560156,0.17682511516800087,0.18851137685643152,0.2001904996008857,0.2119497684776406,0.22375279678969803,0.23556237022865256,0.24734044649196316,0.25899719596106474,0.2704769719063925,0.2818037949378878,0.2929350578042098,0.30382938151476496,0.3144469540510225,0.3247511343862069,-2.0,0.34416998258167825,0.3531258276071815,0.3616221551273434,-2.0,0.377215250627961,0.384053362762277,0.3902379080512805,0.395986792787884,-2.0,0.4053030811226343,0.40923080850722426,0.4121092978478479,0.41474795004996007,-2.0,0.41765973015737473,0.41795206173613464,0.41784545990106364,0.417215997059704,0.4155666680623322,-2.0,0.4111311409576476,0.40780284693743085,-2.0,0.3992365994076566,0.3943600053137307,0.388710251188775,-2.0,0.3752066430970326,0.3674286018109903,0.3592283535024887,-2.0,0.34108400027848224,-2.0,0.31995785987070285,-2.0,0.2957900712154626,0.28253093395104417,-2.0,0.25356363277188865,0.23781270496259627,0.221277615491904,-2.0,-2.0,0.16641270453994406,0.14610027260436304,0.12470611233611556,-2.0,0.07850120498134194,0.05359664972521638,0.02742347656702504,-7.25941816074327e-05,-0.02894852886496313,-0.05926476289879146,-0.09108465617521222,-0.12447594345705515,-2.0,-2.0,-2.0,-0.2752140934426167,-0.3175918195243428,-0.3620208739812215,-0.40859594701141955,-0.45741635243232337,-0.5085862628286579,-0.5622145508537337,-2.0,-0.6773121555469892,-0.7390270405586212,-2.0,-0.8714486994059842,-0.9424389868627556,-2.0,-1.0947380525076298,-1.1763731667286441,-1.2618953939618436,-1.3514880013386226,-2.0,-1.5436608732057115,-1.6466526817075564,-1.7545388371024735,-1.8675504128148126,-1.9859294710327362,-2.109929579371932,-2.239816353839256,-2.3758680286924516,-2.5183760494416085,-2.0,-2.823996757192255,-2.9877641661908747,-3.159298770181098,-2.0,-2.0,-2.0,-3.9307253218297555,-2.0,-4.373464190319746,-2.0,-2.0,-5.11942109622587,-5.392006567110968,-2.0,-5.976543482086187,-6.289747285648481,-6.617792580840222,-2.0,-2.0,-7.69817380327269,-2.0,-8.506439775796274,-2.0,-2.0,-2.0
0.009492638332763457,-0.1737533638888582,-0.17299719657292442,-0.1722054928811007,-0.17137654221768367,-0.17050857280140916,-0.1695997208051814,-0.16864804357008764,-0.16765148296816157,-0.1666079378163698,-0.16551512372608904,-0.16437074389226114,-0.16317231920645237,-0.1619172644842885,-0.16060284324263827,-0.15922652666817505,-0.15778502084547683,-0.15627535622334215,-0.1547293356554754,-0.15311118162479864,-0.15141701311461128,-0.149643195062459,-0.1477859282448041,-0.14584123155501527,-0.14380493654581797,-0.1416726801129183,-0.1394398921899358,-0.13710178616260546,-0.13465335453971328,-0.1321466811086175,-0.1295279783763087,-0.1267861237818453,-0.12391524099455893,-0.12090917695559508,-0.11776149288655091,-0.11446544035371076,-0.11106721071253449,-0.10754667183731163,-0.10386052071525731,-0.100000872121723,-0.09595939360873985,-0.09174007364060834,-0.08742812766337484,-0.08291339045569657,-0.07818618575076249,-0.07323638465764455,-0.06815667608214906,-0.06288120979074369,-0.057357788634127244,-0.05157933699215018,-0.04569828578243572,-0.039540753168819255,-0.03309338400323142,-0.026516191335047963,-0.01965913915188606,-0.012495537644476688,-0.005209861662272447,0.002418476725192426,0.010257727121732707,0.018353981636600063,0.02674213453697685,0.03532464654280651,0.04423682094664477,0.05332384032495513,0.06273046324027652,0.07233955288075353,0.0822049550606376,0.09235194638419977,0.10263439365139843,0.11322555384521199,0.12398498186921761,0.1349037145861358,0.14606425985250016,0.15739676626319118,0.1687734840297166,0.1803116351539065,0.1919796387958227,0.203743338296643,0.215455448355496,0.22716910460982442,0.23887332041505163,0.2505298673868479,0.2620988693018585,0.2735383542669817,0.28480275945583405,-2.0,0.3064554569083617,0.3168412731892474,0.3268874770777658,0.33656088093318626,0.34583304328891346,0.3546696081410991,0.36287044762059295,0.3705100556229192,0.37765804783020035,0.3843381320119664,0.390210205112027,0.3954463914668608,0.40028565432507446,0.4041524762914819,-2.0,0.41025417412137727,0.4123415425373256,0.41363992134953725,0.41453902473886717,0.41438078163976083,0.4140353271349696,-2.0,0.4107525462053637,0.4084863798074435,0.40549896016630915,0.401639820592265,0.3971119496863818,-2.0,0.3869054977276637,0.38071035529884334,0.3737695111763088,0.36610483584377834,0.3578396823135662,-2.0,0.3398622685418508,0.3297916896620408,0.31895778214676535,0.3073531045491539,0.29496627341111165,0.2817820753398121,0.26778182804868517,0.2529436597210454,0.23724271075155295,0.22068088262874747,0.20332498059311593,-2.0,0.16588762364586318,0.1456214282112986,-2.0,0.10179142634039207,0.07814047270840963,0.05326927742600562,0.027126979532398066,-2.0,-0.029189503393512006,-2.0,-2.0,-0.12464756439558944,-0.15965989977472372,-0.19638851234774002,-0.2349127141416799,-0.27531264862550375,-0.31767498820226314,-0.36208952488366863,-0.40865095914258787,-2.0,-0.5086163855259729,-0.5622336450705344,-0.6184249677969997,-0.6773102756419522,-0.7390154832165216,-0.8036724146127774,-0.8714196970037582,-0.9424018918945962,-2.0,-2.0,-1.1763145621385611,-1.2618303626041163,-1.3514168828092985,-1.445265946995144,-1.54357852162884,-1.6465651470829026,-1.7544463868937819,-1.8674532995294522,-1.9858279322180212,-2.1098238389022628,-2.2397066241385786,-2.0,-2.0,-2.0,-2.0,-2.9876372863630647,-3.1591689525132955,-3.338835443876417,-2.0,-2.0,-2.0,-4.146826926268172,-2.0,-4.6105481232129835,-4.859020998581229,-2.0,-5.391854167915883,-5.677356027887641,-2.0,-2.0,-6.617633827474906,-2.0,-2.0,-2.0,-2.0,-2.0,-8.939349655411851,-2.0,-2.0
0.009221978823334321,-0.17413497197204708,-0.1734017672151673,-0.17263411388805736,-0.17183035133580934,-0.1709887591843685,-0.17010754132588202,-0.16918479979653767,-0.16821855234347022,-0.16720674317740988,-0.16614719167660677,-0.16503763737437827,-0.16387568538805494,-0.1626588681472703,-0.16138444296322413,-0.1600500167998613,-0.1586523880130311,-0.15718871262780237,-0.15566818562301785,-0.15409921909968688,-0.15245656415465939,-0.15073671000012231,-0.14893595898828924,-0.14705045576006748,-0.14507615696345366,-0.14300883524316357,-0.14084405736870306,-0.13857718334074895,-0.13620335785473348,-0.1337346492078363,-0.1311957233036612,-0.12853742451360567,-0.12575405651348381,-0.12283965387216894,-0.11978797121054993,-0.1165924701977529,-0.11324630078456079,-0.10982949956868136,-0.10625592531838438,-0.10251415062751058,-0.09859619340308959,-0.09449365791217389,-0.09025335864036219,-0.08587661419046959,-0.08129404987379,-0.0764958213046733,-0.07148237036594282,-0.06636869733000703,-0.061014466773237325,-0.05540820543461567,-0.04960627359574783,-0.04363786184372077,-0.037388420571362796,-0.03089033072993353,-0.02424402422796871,-0.017285259926427148,-0.010099081093783801,-0.0027061740653474657,0.005034612865532534,0.012895012675655675,0.021109451938693454,0.029515786481338874,0.03822303451213199,-2.0,0.05636816599233281,0.06578476656697718,0.07553144091931085,0.08540105528553549,0.0956089141835563,0.10597262675065869,0.11655408901624498,0.12741312868556753,0.13836394257608994,0.14949678728968147,0.1608341813857431,0.1723214134660062,0.1838095255600652,0.19541431745032223,0.20710319934811355,0.21883863184268149,0.23057754656923998,0.24218025519113245,0.25371052396824073,0.265134761602547,0.2764117089544151,0.28749919238810673,0.29835586554168564,0.30894407967592663,0.31918550619154584,0.3289744439284462,0.3383549954588759,0.3473062599609565,0.3558072287219789,0.3638501290729648,-2.0,0.3779902575648245,0.38421167696837577,0.3899528994812329,0.394767031749919,0.39908604750426335,0.4028311763019231,-2.0,0.4081526792620145,0.4096062976940276,-2.0,0.4110116300680336,0.4105626078018746,0.40981217704611006,-2.0,0.4056436377143532,0.40298216875792303,0.3994401627519478,-2.0,0.3901673642624902,0.38495313463231084,0.3789760755596422,-2.0,0.36471845362456595,0.3564891300217924,0.34775364191001723,-2.0,0.32860872784476164,0.3178870264327602,0.3063822473740918,0.2940846397024544,0.2809804539466804,0.2670522799228718,0.25227926235118514,0.23663740985379095,0.22009992423531782,0.2027083939051218,-2.0,0.16532483744733106,0.1451075324028937,0.12380102785033759,0.10136361624538726,-2.0,0.05291473053931728,0.026804768713664773,-2.0,-0.029453933221344042,-0.05971944612045643,-2.0,-2.0,-0.15983066876370233,-0.19654016274337915,-0.23504552529939682,-0.27542839393429686,-2.0,-0.3621739573248388,-0.40872121154589425,-2.0,-0.5086607786129523,-0.5622662907528294,-0.6184464580550693,-0.6773212961834817,-0.7390166299921186,-0.8036643314347222,-0.871402731898418,-0.9423766530850998,-1.016737860252103,-1.0946458344815553,-2.0,-1.2617760115439447,-2.0,-1.4451994504792265,-1.5435063735899517,-1.6464876412417642,-2.0,-1.8673658947452845,-1.985735954549741,-2.1097275227154206,-2.239606187752231,-2.375650161200996,-2.5181508665012697,-2.0,-2.823757984645755,-2.9875191450464933,-2.0,-2.0,-2.0,-2.0,-3.9304532259466316,-2.0,-4.373183014237025,-4.610409483493438,-2.0,-2.0,-2.0,-2.0,-5.976239857504236,-6.289440517725645,-6.617482815939713,-6.961069574119918,-7.320936920680137,-2.0,-2.0,-2.0,-2.0,-9.392783505679837,-9.867866615805893
0.008959036511956614,-0.1745056460681496,-0.17379475553973694,-0.17305045308136147,-0.17227115865671574,-0.17145519284634886,-0.1706008079959651,-0.169706182334599,-0.16876938682536036,-0.16778840706373904,-0.1667611622430044,-0.16568541958763638,-0.1645589041962988,-0.16337917346635197,-0.1621436762309281,-0.16084991505473936,-0.15949494084814514,-0.15807590567560972,-0.15658977532547014,-0.1550589557537983,-0.15346634798384706,-0.15179890285807385,-0.15005304654973953,-0.14822503999835474,-0.14631096172875196,-0.14430671342363496,-0.14220799640823062,-0.14001031390801846,-0.137708957315846,-0.135298957657615,-0.13281569615187372,-0.13023856065609493,-0.12754019975511616,-0.12471483160415402,-0.12175631076599563,-0.11865856979076575,-0.11541469651738383,-0.11204701282944395,-0.1085826553989765,-0.10495544396539498,-0.10115740736358832,-0.09718047437755614,-0.09301611895311554,-0.08875516596020251,-0.08431308210267198,-0.07966190946715837,-0.07479168140553093,-0.06975619398649363,-0.06456629833948441,-0.059132433530397384,-0.05344248501978914,-0.04761766226766629,-0.04156077430136057,-0.03521871812216668,-0.028697950193947115,-0.021953807969702886,-0.014892261890156666,-0.007684133891126498,-0.00018271595996760016,0.007592278489926156,0.015552384309728409,0.023873406454432672,0.03231017014986429,0.04114356411263195,0.05008334089276399,0.05941724062310519,0.0688591659302121,0.07864898384081728,0.08861747803401282,0.09882162171736236,0.10932977746345449,0.11990042669414222,0.13073973201946354,0.14182279972372666,0.15294387551663963,0.16424075313773265,0.17570226678597106,-2.0,0.19885503751908448,0.21046418439152653,0.22210685034503366,0.23374434490186302,0.24533898930095555,0.2568493099897145,0.2681540445393704,0.27926114975047517,0.29015825324227995,0.3008024931650977,0.3111539121111279,-2.0,0.33082982318909526,0.3400603181441617,0.3487055485844947,0.3568454482151513,0.36449481321113053,0.3716631641878297,0.3782049184704787,0.3839494366551557,0.3892276662615128,0.3939222276931401,0.3976796532158532,0.4011239541238983,0.40352529627975964,-2.0,0.40665271759488963,-2.0,0.40712973653500595,-2.0,-2.0,0.40285071458826194,-2.0,0.39704204229001394,-2.0,0.38805789797479096,-2.0,0.3771021616557856,0.37055382579523005,0.3632269643729678,0.3551440527100398,0.3463707905107447,0.3371473666427895,-2.0,0.31674064232500004,-2.0,0.293141478774334,0.28012299069117724,-2.0,0.2515682896566793,0.23598898782368233,0.21950862062702264,-2.0,0.18385552193862442,0.1647223462001809,0.14455688477255874,-2.0,0.100903788024571,-2.0,0.05253135385527885,-2.0,-0.0009500659011582036,-0.029742305812907377,-0.05998064652281809,-0.09172824166171212,-0.1250518502182668,-0.16002124098536563,-0.19671027241468897,-0.23519651008946352,-2.0,-0.3178908449950355,-0.36227449130011224,-0.4088070748532082,-2.0,-0.5087197707702256,-0.5623130327513826,-0.6184816682806882,-0.6773456423317343,-0.7390307358744659,-0.8036688031607835,-0.8713980604671074,-0.9423633715681445,-2.0,-1.094616727704521,-2.0,-1.2617327575550221,-2.0,-2.0,-1.5434445835372885,-2.0,-2.0,-2.0,-1.9856536711789927,-2.1096407544876197,-2.0,-2.0,-2.518051966311032,-2.0,-2.823652006815497,-2.0,-3.1589353492137002,-2.0,-2.0,-2.0,-2.0,-2.0,-4.373054772721938,-4.61027903764444,-2.0,-5.118993332529483,-5.391573256665354,-5.677071545137647,-5.976099868343026,-2.0,-2.0,-2.0,-2.0,-7.697708403442688,-2.0,-2.0,-2.0,-2.0,-9.867713267369098
0.008703591361485156,-0.17486571603324788,-0.17417648424007118,-0.1734548758002689,-0.17269934495464367,-0.17190826900737058,-0.17107995484469213,-0.17021263138613155,-0.1693044287987798,-0.16835341395405945,-0.16735752446783034,-0.1663146504300319,-0.16522254897893912,-0.1640788860313265,-0.16288113300413523,-0.16162682350202498,-0.16031332551928637,-0.1589376832580218,-0.1574969798066273,-0.15599119619984203,-0.15444719383082953,-0.1528306597619393,-0.15113812820017325,-0.1493659715117433,-0.1475103885809136,-0.14556740479577876,-0.1435328583196125,-0.14140238468186736,-0.13917141913704775,-0.13683518143210835,-0.1343892720337364,-0.13189095198253278,-0.12927516281957052,-0.12653627860223343,-0.12366842940925468,-0.12066546906173778,-0.11752096298312643,-0.11422817210899176,-0.11084277290204414,-0.10732677966206301,-0.10364522930811301,-0.09979029986661794,-0.0957537305326372,-0.09155096840161234,-0.08724550991144328,-0.08273726827291884,-0.07801656803882709,-0.07307381436709548,-0.06801660297867859,-0.06274993409270153,-0.057235309807810095,-0.05148339365089311,-0.04561328385439756,-0.039467159785893775,-0.03303150418333265,-0.026488356357922675,-0.019645326956512506,-0.012519393520857663,-0.005250675514207043,0.002360087364261347,-2.0,-2.0,0.026566323086796795,0.03512447187162998,0.04397884917699167,0.053037111377111396,0.06237823255828981,0.07195393606131775,0.08174523907788872,0.09185380268277415,0.10205265958680679,0.11255394255963821,0.12326427843049476,0.13408162645218777,0.1451339906540592,0.1563918763616882,0.16765868379013416,0.17906591506389605,0.1905934922778049,0.20220688613193227,0.21382747834154223,0.22537178908862754,0.23689618445516702,0.2483602711543189,0.2597234663016684,0.27094407798244713,0.28198155642250883,0.2927754754265822,0.30321117247243734,0.3133184365954551,0.32306899698079233,-2.0,0.341365416376602,-2.0,0.35779295517517734,0.3650413449742711,0.37177111369746374,0.3780187522314652,0.3835574458955885,0.38830343134918477,0.3926606474722616,-2.0,0.3989765092012495,-2.0,0.40266389449499385,-2.0,0.40373820247360137,0.40299119856836263,0.4020332197056724,0.4001084321106494,0.3973825552481651,0.3944272776176082,0.39066190135289197,0.3860019799181532,0.38069088247196237,0.37508192250539985,0.3687609537219904,0.36162836661694836,0.35371281351441075,-2.0,0.33573907552146237,-2.0,-2.0,0.304239338110036,0.29214039214521276,0.27921375842927304,0.2654446940928899,0.25081508239432204,0.23530288474029787,0.2188829895669508,-2.0,0.18324298610278733,-2.0,0.1439750623850256,0.12276590108868451,0.10041791374328024,0.07688694992659839,0.05212656243456415,0.026086528657458863,-0.0012860790331677974,-0.03004758151654352,-0.060257412533599175,-0.09197876482263234,-0.12527767628918707,-0.1602241604090352,-0.19689182229512214,-0.23535810012769565,-0.27570440712918354,-0.3180163083450631,-0.36238365667126415,-0.40890080903352866,-0.4576668008332938,-0.5087855519119484,-0.562366081058313,-0.6185227230387005,-0.677375428664609,-0.7390498901933205,-2.0,-0.8713977332414694,-0.9423541161104441,-2.0,-2.0,-1.176197404948674,-2.0,-1.3512595092081443,-2.0,-1.543385083196323,-2.0,-2.0,-2.0,-2.0,-2.0,-2.0,-2.0,-2.0,-2.667209382224315,-2.0,-2.0,-2.0,-2.0,-3.5266587964646434,-3.7237598476763396,-3.930206477951174,-2.0,-4.372926606011627,-2.0,-4.858615168173303,-2.0,-2.0,-5.67693303591759,-5.975959578004351,-6.289156897940959,-2.0,-2.0,-2.0,-2.0,-2.0,-8.505816423047927,-2.0,-2.0,-2.0
0.008455429608599185,-0.17521547219390995,-0.1745472836286682,-0.1738477173217037,-0.17311526983600461,-0.17234837256304475,-0.17154538030654892,-0.1707045737475799,-0.16982416271498776,-0.16890223758705564,-0.16793682503781676,-0.1669258758868903,-0.1658671934599685,-0.16475854168243334,-0.16359747703019842,-0.16238157903740374,-0.1611083037382551,-0.15977476827120698,-0.15837820808998157,-0.1569155937043512,-0.15539996275780926,-0.1538328821020845,-0.15219214692618208,-0.1504742386722829,-0.1486754749371122,-0.14679200271147588,-0.14481978674277138,-0.14275459657578274,-0.14059200742128353,-0.13832738437791092,-0.13595583874829353,-0.13349604833174708,-0.1309604667682779,-0.12830558890676796,-0.12552572163417108,-0.12261491941378691,-0.11956693459083732,-0.1163752358886148,-0.11303828692132742,-0.10963015343531603,-0.10606185822132114,-0.10232543911385114,-0.09841299415423967,-0.09431613870788719,-0.09009374583301352,-0.08572464491989179,-0.08114953221039503,-0.0763589078032799,-0.07136793202103892,-0.06626397308534691,-0.060919543361817916,-0.055323496416302666,-0.04955011585115843,-0.04359406600376168,-0.03735756141542033,-0.03089326223379945,-0.02426242377597424,-0.01731937040861382,-0.010173305714274628,-0.0027995367668675677,0.004910212272771244,0.012733570423864055,0.020925077033591616,0.029276998387974627,0.037957322033734434,0.046822584636501824,0.05600958462628228,0.06535650126215867,0.07506577198947056,0.08485820027745106,0.09498195414666968,0.10529935310867652,0.115785927721277,0.12654347324129048,0.1374357481793987,0.14845404353157407,0.15966895008720688,0.17105037376463647,0.1824329354825098,0.1938906066606227,0.20542120521174959,0.21698852656914014,0.2285549062439231,-2.0,0.2513629943322139,0.262571865440772,0.2736191336073167,0.28446174524305007,0.2950578980874356,0.30536871162656026,0.31535460470085297,0.32489870952006117,0.33395093816695604,0.34255284618305204,0.35068362596512825,0.35833300031209,0.3654416448626872,0.3717530379883548,0.3775127700068988,0.38280979223164424,0.3872164962151293,0.39099638671016423,0.3942985934245665,0.39656323718547165,0.39854452603819845,0.3994061346187984,0.40000229085532224,-2.0,-2.0,0.3971364617253995,-2.0,0.39158264407542875,0.38816554049303936,0.3838158166825808,0.37859612347741556,0.3729134022045276,0.3668160965324165,0.3598974249652798,0.3521652828254136,-2.0,0.33436184233186944,0.32455413852987075,0.314205940875184,0.3030499904902223,-2.0,0.2782336906410416,0.2645527606751829,0.2500021650455011,0.2345611587077206,0.2182055018794859,-2.0,-2.0,-2.0,-2.0,0.12218875118780598,0.09988901805125827,0.07640271887146699,0.05168294462552636,0.025680642033687362,-0.0016571130119517052,-2.0,-0.06056679749273042,-2.0,-0.12553361652425477,-0.1604560678232767,-0.19710138241417807,-0.2355470046725039,-0.27587386676464465,-0.3181675719993946,-0.3625178848143612,-0.40901906937658383,-0.45777007939471703,-0.5088747615899976,-0.5624420698064996,-0.618585741178467,-0.6774272779711852,-2.0,-0.8037083680526615,-0.8714183667875832,-0.9423652526369304,-1.0167015258394874,-1.0945854752489546,-1.1761840124523832,-2.0,-2.0,-1.4450557087933518,-1.5433444863930617,-2.0,-1.7541682796956237,-2.0,-2.0,-2.0,-2.0,-2.3753850568302344,-2.0,-2.0,-2.8234589869655515,-2.9872099176233804,-3.158728857910169,-2.0,-2.0,-3.723656160129768,-2.0,-4.1463319733455135,-2.0,-4.610034777782751,-2.0,-2.0,-2.0,-5.676810833445449,-5.97583561972222,-2.0,-2.0,-2.0,-2.0,-2.0,-2.0,-8.505681840501822,-2.0,-2.0,-2.0
0.008214343584919423,-0.17555522324080933,-0.1749074690289823,-0.17422930745869714,-0.17351928044401577,-0.17277586987869856,-0.17199747877549673,-0.1711824388674023,-0.1703290075534208,-0.1694353447221576,-0.1684995295916193,-0.16751958374275758,-0.16649337712215612,-0.16541871667905614,-0.1642933169732154,-0.16311472089161255,-0.16188049951641884,-0.16058790203378573,-0.15923419606403233,-0.15781647971977028,-0.1563317189738544,-0.1548063963382489,-0.15321597012372265,-0.1515507615850632,-0.14980719108428317,-0.14798152600727582,-0.14606985452487078,-0.14406807697507398,-0.14197190570685478,-0.13977684638054527,-0.1374781968335857,-0.13507102879631902,-0.13259749283678837,-0.13002414045872132,-0.12732981908128008,-0.12450852782477764,-0.12155429861694765,-0.1184607973665187,-0.11522139624821667,-0.11186774633412506,-0.10840925643131631,-0.10478789547695193,-0.10099607707158034,-0.09702550451454421,-0.09286772408283857,-0.0886264355891332,-0.08419239727671822,-0.07954988997664993,-0.07468842823242516,-0.06967733088134533,-0.06449830736808666,-0.0590754115917061,-0.05339702516428807,-0.04760272655147197,-0.04155962056868474,-0.03523200827058922,-0.02874745206826316,-0.02202035708966844,-0.014976481503333633,-0.007811404663179984,-0.00033060586746014656,0.007395476418982916,0.015330989680855917,0.023597472492382397,0.03200549216031086,0.040786197234152416,0.049684229784253575,0.05894832724561982,0.06835216726970791,0.07806316416877898,0.08798801011517998,0.09810325402840431,0.10852212781627116,0.11903187894898354,0.12976395581585334,0.1407320427111476,0.15178454169321676,0.16295265749748766,0.17427593800692187,0.1857216603114144,0.19718867872770646,0.2086321369084791,0.2200975571776827,0.23154639429937995,0.2429390938512998,0.2542353399944952,0.26538411294971004,0.27626316707282117,0.28690400004585437,0.2972758835761746,0.30733762221054134,0.3170493142515232,0.32637726403716405,-2.0,0.3436560939364635,-2.0,0.35864931769830866,0.3653829800422099,0.37156409155972325,0.37686815912453453,-2.0,0.3859011901701474,0.3891454785763623,-2.0,0.39394497673416695,0.3954300138796269,0.39591363696536674,0.3960873009721283,0.39511090380270475,0.3938565592049056,-2.0,0.38876327491901297,-2.0,0.381442140571024,0.3765040186186618,0.3707811408445243,0.3647181978153225,0.3580367084752642,0.35050659520628,0.3421584429181034,0.33301182488714315,0.32315169879657085,-2.0,0.30178458358339544,-2.0,0.27719403166365725,0.2636079746122178,0.2491415628655006,0.23377654046784652,0.21748959504955973,0.20025373130774987,0.18203968114085134,0.16283148988749907,0.14269503778244336,-2.0,0.09933141192479333,0.07589181015786939,0.051215358801191324,0.02525275207405553,-2.0,-0.030744356245793525,-2.0,-2.0,-2.0,-0.16070185349342092,-0.19732387193426038,-0.23574762994842346,-2.0,-2.0,-0.3626614788296979,-0.40914585893513267,-2.0,-0.5089714855675075,-0.5625250426714773,-0.6186563355415288,-0.677485161687791,-0.7391371497293538,-0.8037440145126759,-0.871443844307707,-0.9423813861149454,-1.0167083540383237,-1.0945837517800483,-1.1761742078085085,-2.0,-1.3512070984995117,-2.0,-1.543306508102451,-2.0,-2.0,-2.0,-2.0,-2.0,-2.2392833306899886,-2.0,-2.5177949046045254,-2.0,-2.0,-2.0,-2.0,-2.0,-3.526457733477013,-3.7235529628840003,-2.0,-2.0,-4.3727039084473756,-2.0,-4.858383165117525,-2.0,-2.0,-2.0,-2.0,-2.0,-2.0,-2.0,-2.0,-2.0,-8.092068869319677,-2.0,-2.0,-9.392203655819939,-2.0
0.007980131543225704,-0.17588524223343688,-0.17525734234895463,-0.1745999763898757,-0.17391173200060384,-0.17319113177370227,-0.1724366339600429,-0.17164661880884327,-0.1708193970557157,-0.16995318799328196,-0.16904613620985381,-0.16809628652726138,-0.16710162637353004,-0.16606000170065696,-0.1649692048474895,-0.16382687348179456,-0.1626305845216825,-0.16137774014843365,-0.16006566411670273,-0.15869156882503105,-0.15725248203460696,-0.1557520308240229,-0.15421047599743992,-0.15259645312778772,-0.15090649434814737,-0.1491369810501518,-0.14728411844194586,-0.14534393987585334,-0.14331228380370334,-0.14118479690762362,-0.13895691925105608,-0.1366238767692828,-0.13418762949993232,-0.13169361562649726,-0.1290822384537403,-0.12634790001665572,-0.12348467866155362,-0.12048662515151247,-0.11734712830779559,-0.11405952163899886,-0.11068941177424726,-0.10717993124505194,-0.10350517310912208,-0.09965723470539069,-0.09562788028783804,-0.0914449972972902,-0.08714844298585953,-0.08264946543009002,-0.07793826280838717,-0.07300553660996528,-0.06797450498397543,-0.06271984690745788,-0.057217600686178316,-0.0514965214019654,-0.04564139497688053,-0.03951054646109705,-0.03310386085078538,-0.026586488912488087,-0.019762077804072596,-0.01267977314281652,-0.005433166555901207,0.002154639636217537,0.009897304056668998,0.01794528693884279,0.026224230234616386,0.03475109414032976,0.04354000596529714,0.05256259535472426,0.061829741831746776,0.07136427431501702,0.08107249749447956,0.0911134829566356,0.10123842924000842,0.11163934970932862,0.12229065090224,0.13299480898972924,0.14392583616276444,0.1550550201082955,0.16624125576486984,0.17750327961105428,0.1888756421633316,-2.0,0.2118115250250912,0.22319624062393084,0.23452289135326304,0.2457753668949385,0.2569132067519436,0.2678941006161252,0.278676382201025,0.2892181614491507,0.2994410380645213,-2.0,0.31867755364325234,0.32769399576154107,0.3362685523109537,0.344380164131179,0.35198545203555476,0.3588509430626393,0.36512781576727793,-2.0,0.3760551783692738,0.38029207665496817,0.3840988636067042,0.38710677561614243,0.3893618701600985,-2.0,0.3918925688536753,-2.0,0.3917260670528345,0.3903501301148995,0.3887077913596456,0.3860171207834975,0.3825778240454312,0.37885668249122384,0.374244580515556,-2.0,0.3625486443265397,0.35603212428293424,0.34872515718764874,0.34056789183110714,0.3315858856047224,-2.0,0.3113765923297865,0.30043678437249033,-2.0,0.27609011373654097,0.2626051655630581,0.24822977870694463,0.23294603795781915,-2.0,-2.0,-2.0,-2.0,0.14206624453158806,0.12093804670508873,0.09874322437506788,0.07535313120392062,0.05072216921838346,0.024800909989203923,-0.0024619940161479947,-0.03112212844840012,-0.06123822687232383,-0.09287247148896316,-0.12609058122929273,-0.1609619149432172,-2.0,-2.0,-0.27624588974468867,-0.31850083475866753,-2.0,-0.40928214143889097,-0.45800130872629163,-0.5090761152921106,-0.5626153670473837,-0.6187332181383243,-0.6775494045516399,-0.7391894021975194,-0.8037851594461614,-0.8714744315576645,-0.9424019907930776,-1.0167195958977415,-1.0945861262615035,-2.0,-1.2616404189783004,-2.0,-2.0,-1.5432713145664787,-2.0,-1.7540709739980023,-2.0,-1.9853912107019216,-2.0,-2.2392147298232508,-2.0,-2.51771732738223,-2.0,-2.823286527389391,-2.9870300926755173,-2.0,-3.338189776749985,-2.0,-3.7234503529874874,-3.929888543010308,-2.0,-2.0,-2.0,-2.0,-5.118504293010204,-5.391075833604605,-5.676566442860582,-2.0,-2.0,-6.616813179965329,-6.960391996473189,-2.0,-2.0,-8.09193475754305,-2.0,-2.0,-9.392065573406443,-2.0
0.007752597488629456,-0.1762058103353438,-0.1755972059541084,-0.17496004014054084,-0.1742929532951424,-0.17359451455911326,-0.1728632163462498,-0.1720975168848468,-0.17129574988873408,-0.17045620650232235,-0.1695770793295244,-0.1686564915321777,-0.16769246476638391,-0.16668293623224062,-0.16562574546235626,-0.1645186074473774,-0.16335917277122544,-0.16214496692651487,-0.16087334446036186,-0.159541597437491,-0.15814688021788842,-0.15668619799099032,-0.15517651456725728,-0.15361220832805172,-0.15197432748507125,-0.15025935692160688,-0.14846362372872762,-0.14658327753517345,-0.1446142889856111,-0.14255243941017584,-0.14039330807017242,-0.13813226826851452,-0.13576447310837242,-0.13331523000416529,-0.13078449334281245,-0.12813461785023372,-0.1253599220144287,-0.12245446037920096,-0.11941200674317201,-0.11622604158768168,-0.11290430830011476,-0.10950344406842587,-0.10594244886900424,-0.10221369569059473,-0.09830919060507805,-0.09422056736285703,-0.09001971887642014,-0.08566033272801717,-0.08109560032757467,-0.07631573941485,-0.07135122946472197,-0.06625999411839067,-0.0609289785971186,-0.05534675914865473,-0.04960622828993145,-0.0436666629224246,-0.03744721006744465,-0.031021949591295127,-0.02441114731041804,-0.0174889402198529,-0.010389256496149388,-0.0030391875475799246,0.004618526231462972,0.012413643544614775,0.020575910000146653,0.028866114079016344,0.03751266353246696,0.04630845388445109,0.05545659105668552,0.0647252902890885,0.07435408916075581,0.08409437781782392,0.09412398208452619,0.10438550434424265,0.11476618997514784,0.12541030974973938,0.13623336373696804,0.14712444683368198,0.15820350441864822,0.1694390671726539,0.18072944675353025,0.1920240809165581,0.20338101327183922,0.21476263112020189,0.22613126825462465,0.2374476186824126,0.24858569320153093,0.2595592305880603,-2.0,0.28093075649399524,0.29124286242425296,0.3012512423581784,0.31091716472326614,0.32019274028429495,0.32892597845778065,0.3371489196157086,0.34487745067629316,0.3521017029486885,0.35881580334276797,0.3647336742197361,0.36999423018198074,-2.0,0.3787682275988812,0.38196570276469827,0.3847545291595176,0.38644087257224796,0.38783513359320687,0.38807566657557,0.38805842069301877,-2.0,0.38528659549233857,0.38309044825144367,0.3797883829468172,0.3760332025813661,0.371781553593307,0.36655213752067384,0.3604377191943157,-2.0,0.3468012840548763,0.33885432665247506,0.3300527091909032,0.32041706180608304,0.3099871637999259,0.29900193130884745,0.2873932573403943,0.27490911098980036,0.26153361188952234,0.24725562507346688,0.23205875760904165,0.21592291655969548,0.1988236692450444,-2.0,-2.0,0.14145323415394045,-2.0,-2.0,-2.0,-2.0,0.024316668351211268,-0.0029057835764622064,-0.03152862851929117,-0.061610285413791877,-0.09321265798365219,-0.12640123248729485,-0.16124514375797872,-0.19781731874407837,-0.23619458651419545,-0.2764578226252148,-0.3186920938855864,-2.0,-0.4094359796055994,-0.45813823268560316,-0.5091971819661323,-0.5627215554308264,-0.6188252332416707,-0.6776282225297872,-2.0,-0.8038402615659601,-2.0,-0.9424358443958976,-2.0,-2.0,-2.0,-2.0,-1.3511759652214623,-2.0,-1.5432473299607263,-2.0,-1.7540342000932476,-1.8670037579569465,-1.985342968439537,-2.0,-2.0,-2.0,-2.517649506621441,-2.6668884575353395,-2.0,-2.0,-3.158458322800929,-3.3381025774136472,-3.5262676631626553,-2.0,-2.0,-2.0,-4.372490786872106,-2.0,-2.0,-5.118394711708849,-5.390964185340807,-5.676452525066166,-5.975471374529687,-6.288661369127202,-6.616693508097421,-6.960270589941983,-7.320128718435162,-7.697038887366478,-8.091808613742522,-8.505283692644971,-2.0,-9.391935332604136,-9.867011539440728
0.007531551014560001,-0.1765172102061865,-0.17592733663239188,-0.17530979661270982,-0.174663259998755,-0.17398634642099314,-0.17327759927671912,-0.17253549736369253,-0.17175846195299835,-0.17094482744377637,-0.17009282726060013,-0.16920066579666612,-0.16826639308674599,-0.1672880304420026,-0.16626348791920315,-0.1651905476833048,-0.16406682177103277,-0.16289023028193866,-0.16165789370807554,-0.1603672941986913,-0.15901568008461406,-0.15760013248647955,-0.15611762782440092,-0.15459888916916992,-0.15301159380593274,-0.15134960671640668,-0.14960936441878736,-0.1477871395227406,-0.14587902486220983,-0.14388093111271827,-0.1417885775923719,-0.13959747924870178,-0.13730294012267916,-0.1349000425957289,-0.13243802760585716,-0.12987019584478965,-0.12718142960591336,-0.12436597077930238,-0.12141765205532676,-0.11833054761174332,-0.11509765069239729,-0.11176046061083275,-0.10830997379078995,-0.10469696246698178,-0.10091356338127595,-0.0969520196167698,-0.0928088322342394,-0.08858504279078247,-0.08416204488153378,-0.0795312138342585,-0.07468177732946364,-0.0696988498800413,-0.0645340597170675,-0.05912602098131057,-0.053462841825043995,-0.04770388092858579,-0.041678934425766874,-0.03537008920161665,-0.028926847154322748,-0.022221922886244923,-0.015203799930687632,-0.008085087648837447,-0.000631128027098582,0.007040182027385298,0.014944914317900699,0.02314939361036444,0.03152222369726487,0.04023309621596995,0.04909076744943913,-2.0,0.06763391811091171,0.0772563544666672,0.08712840610344391,0.09714426083491481,0.10745690758337512,0.11790110139184226,0.1285139614845464,0.1393544581675031,0.15032597083225066,0.16135147223560659,0.17252157646773933,0.18380458355540413,0.19515918219915157,0.2064254403696536,0.21769628120705226,0.22893772250640593,0.24010944483139943,0.2511703772522186,0.2620792792398735,0.272768030734042,0.28313406625795084,0.29320885946238134,0.3029545528076478,0.3123313099652338,0.3213033723790047,0.32984123494785667,0.3378914149610702,0.34526056760898316,0.3520560281114924,0.3583202230958127,0.36406394576390133,0.36892976562058905,0.37315018617483864,-2.0,0.3796273789616752,0.3819018042552728,-2.0,-2.0,0.38399140737829474,-2.0,0.3817948116510892,0.3798578930202232,0.37699729669383214,0.37318752085163,0.3690886231068593,0.3642021531667923,0.3583493590408981,0.351716255354446,0.3447203030970457,-2.0,0.3284028233857567,0.3189379372084557,0.3086274071673905,0.29757952107875485,-2.0,-2.0,0.2603881832773291,0.24621474518751563,-2.0,0.21505887168090004,0.19803470996045042,0.1800118790498657,-2.0,-2.0,-2.0,-2.0,-2.0,-2.0,-2.0,-0.003381499207114058,-0.03196500047447237,-0.06201058979021301,-0.0935795040942412,-2.0,-0.16155196554623197,-0.19809781317672204,-0.23644988087829366,-2.0,-0.3189030926470938,-0.3631771904813744,-0.4096080183679691,-0.45829237077810847,-0.509335058596023,-2.0,-0.6189333387489935,-0.6777227445266485,-0.739337650975803,-2.0,-0.8715765650038801,-0.9424831168600515,-1.0167808558942117,-1.0946286633410474,-1.1761930794479976,-1.2616485991279833,-1.351178100753385,-1.4449732073139592,-2.0,-1.6461727073236068,-1.754008349660407,-1.8669718183188615,-1.9853052599369947,-2.10926209982687,-2.239107821296946,-2.3751205324897455,-2.0,-2.0,-2.0,-2.986879489796487,-3.1583839704772076,-2.0,-2.0,-3.7232720630544525,-2.0,-4.145924848455523,-2.0,-2.0,-2.0,-2.0,-2.0,-2.0,-2.0,-2.0,-2.0,-6.960157180731443,-2.0,-2.0,-2.0,-2.0,-8.938228983730944,-2.0,-2.0
0.007316807143427192,-0.17681970414550163,-0.17624802743952858,-0.17564954425687523,-0.17502297056812988,-0.17436696515396755,-0.1736801188582805,-0.17296095745212484,-0.17220794499594524,-0.17141946650361187,-0.1705938264556963,-0.16972924876915021,-0.16882389574949302,-0.16787580940479896,-0.16688297848856004,-0.1658432580095105,-0.16475440001478622,-0.16361416183098434,-0.16241997930730137,-0.16116935942927668,-0.15985960561703852,-0.15848790698883572,-0.157051331340555,-0.15555733467201355,-0.154019175880892,-0.15240865031093073,-0.1507223120160452,-0.14895654514797105,-0.14710756182090454,-0.14517140066536655,-0.14314391401532583,-0.14102075451621712,-0.1387973724945962,-0.13646900225726866,-0.13404423323740136,-0.1315561044834522,-0.12895081110325612,-0.12622277630005713,-0.1233661549907175,-0.1203748245953805,-0.11724237568344333,-0.11396209437986207,-0.11060975190381796,-0.1071091695003818,-0.10344364621074775,-0.09960532651088021,-0.09558598492934187,-0.09142607243384275,-0.08714131447016628,-0.0826546911088239,-0.07795658497355203,-0.07303933020470335,-0.06803608395997707,-0.06279716480432063,-0.05731134052620266,-0.05162562039517148,-0.04578961220167147,-0.03967865854110349,-0.03331370193639357,-0.026819542671935544,-0.020019373906427388,-0.012986308832239085,-0.005767460617943532,0.0017912760175788946,0.009475199562712828,0.017489957327367908,0.025703034545492914,0.0341916633107383,0.04290655486270356,0.05188541852382351,0.06106946633290292,0.07055397679777778,0.08016844919197819,0.09011001907028196,0.10017286245781448,0.1104616680762858,0.12101509098946013,0.1316210315743986,0.142417756794163,0.1534036196752458,0.16449661899171222,-2.0,0.18679874419554693,0.19806433724569272,0.20935751176436695,-2.0,0.23171809137907443,0.2427394619278141,0.25363048239478553,0.2643491887586337,0.2748521138252987,0.2850975119981979,0.29504471639665625,0.30458508108111204,0.3136628967263708,0.322307400502489,0.3304876037537811,0.3381812859243841,0.3453779124684648,0.35187584639145697,0.35766176828809204,0.3629116284616841,0.3676141339792506,0.37133578421432845,0.37453844192422336,0.3770694365284319,0.3786615227409702,0.37983895399098877,0.37993219863845507,0.37961465667294403,0.3783949024084936,0.3763453617099123,0.37394128034171065,0.37041928474105335,0.3662088447626257,0.36163854103453075,-2.0,0.3496195545638468,0.3425283492068367,0.33500961247450767,0.32662540541212776,0.3173479345101156,-2.0,0.29619516849639715,0.28454339450293314,0.27229359074814513,0.2591636466547033,-2.0,-2.0,0.21413666890436728,0.19719282223926132,0.17924211529326706,0.16025554068590953,0.14019978370063974,0.1190386924506211,0.09679918524890019,-2.0,0.04902615172142888,-2.0,-0.0038901464534338848,-0.03243252524569562,-0.06244003630498085,-0.09397403604398169,-0.1270990034568632,-0.161884250543898,-0.19840181844753757,-0.23672831334907718,-0.2769442725150911,-0.319134466408892,-0.3633880530808574,-0.40979875220828865,-0.4584650277440021,-0.5094902818917546,-0.562983066307025,-2.0,-2.0,-0.7394339269317547,-0.8039933841192868,-0.8716486650527282,-0.9425441052799386,-1.0168308770665815,-1.094669165799936,-1.1762243950658413,-1.2616711143753145,-1.3511923031887985,-1.4449795533909835,-1.5432336167378649,-1.6461648347415532,-2.0,-1.8669507559712053,-1.9852782317385016,-2.0,-2.0,-2.375077411859092,-2.0,-2.0,-2.0,-2.986817978575219,-2.0,-2.0,-2.0,-2.0,-2.0,-2.0,-2.0,-2.0,-4.857971551296915,-5.118201236502216,-5.390766058532011,-2.0,-2.0,-2.0,-6.616478900695595,-6.960052348437291,-7.319907014059234,-7.69681388087333,-8.091580464958549,-2.0,-2.0,-2.0,-9.866772228872462
0.007108186171827296,-0.17711354167797616,-0.1765595391822184,-0.17597956985989185,-0.17537237878819084,-0.1747366859268939,-0.1740711178788591,-0.17337423640349114,-0.17264455850014707,-0.17188051766904128,-0.17108047832937054,-0.17024272196026136,-0.16936543689726316,-0.1684467841657046,-0.1674847395314504,-0.16647727616035868,-0.16542220365160776,-0.16431737282465939,-0.16316027134057645,-0.161948471741613,-0.16067937394782256,-0.15935027105338193,-0.15795830531602467,-0.15650048847883782,-0.15499791160916962,-0.1534373821730863,-0.1518034016978178,-0.15009247334051987,-0.14830092983883744,-0.14642492923511916,-0.14446045166602084,-0.14240328624329054,-0.1402489013749445,-0.13799305049633584,-0.1356305271683154,-0.13319374871048606,-0.13066953646859153,-0.12802642448003423,-0.12525874875481421,-0.12236048992011929,-0.11932570117081245,-0.1161476159965326,-0.11284368499087395,-0.10945231624073669,-0.10590108114632561,-0.10218249754965845,-0.09828880064116668,-0.0942111939153928,-0.09003500558299705,-0.08568873589737258,-0.08113763620873263,-0.07637195550311571,-0.07143779880172337,-0.06636319283938022,-0.06104947162558783,-0.05548524609630114,-0.04978250238301669,-0.04386373196475428,-0.03766619729162179,-0.03128550325223282,-0.024699877340702173,-0.017803925371606882,-0.010756958275874029,-0.003437034932763452,0.004161580986921449,0.011922097243964948,0.02004778535520718,0.028268630015638833,0.03687380226331652,0.04559180901075805,0.054690722227845635,0.06387294694306986,0.07340789804815434,0.08308957003204928,0.09301383130326069,0.10320885823519102,0.11347140823216396,0.12398938280438701,0.13472942367141585,0.14548052160933356,0.15640898462914374,0.1674835819450487,0.17866394711739864,0.18978097055386567,0.2009460295259608,0.21212358930074793,0.2232747623998477,0.2343596382907306,0.24532655907274248,0.25604999265450135,0.2665713284780084,0.27685493450388626,0.28685726806665546,0.29653633902484994,0.3058531067330715,0.3147711953979635,0.32320554773192645,0.3310262758810082,0.33831849794622504,0.34508093982795873,-2.0,0.3568491384634785,0.36156941774558604,0.3657803121714504,0.36931829533220595,0.37189428265930574,0.37409491737080247,0.37517792119847626,0.37591041467598985,0.37549520777993184,0.374788427178256,0.37289091914565553,-2.0,0.36753112885973716,0.3633927842203173,-2.0,0.35366698274560265,-2.0,-2.0,-2.0,0.3247151013340213,0.31564411969599254,0.30567272544822705,0.29481803824343633,0.2831337615336675,0.27085605544512575,-2.0,-2.0,-2.0,0.21316043063662543,-2.0,0.17842909460856338,0.1595116195966284,0.13951889167027437,0.11841496180383554,-2.0,-2.0,0.048391151432427226,0.022661224728362073,-0.004426282191657749,-2.0,-0.06289243892713459,-0.09438913090219381,-0.12748005897921078,-0.16223382893790916,-0.19872212223055286,-0.23702143553124,-2.0,-2.0,-0.36361041480355727,-0.410000158433544,-0.458647344481261,-0.5096550834143502,-0.5631310896182103,-0.6191895928203406,-0.6779497458709872,-0.7395371410921132,-0.8040841392573623,-0.8717270282189031,-2.0,-1.0168873129827147,-1.0947149976559518,-1.1762604185440604,-1.2616980122070336,-1.3512101937524037,-2.0,-1.543236058189244,-1.646159990446959,-2.0,-1.8669325102523138,-2.0,-2.0,-2.2390339700708304,-2.3750360211191928,-2.0,-2.0,-2.823031661945703,-2.0,-2.0,-2.0,-3.526043102018282,-2.0,-2.0,-2.0,-4.372228820039803,-2.0,-4.857882104474834,-5.118109230452653,-5.390671614916251,-2.0,-2.0,-2.0,-2.0,-6.959947371054685,-2.0,-7.696705362204195,-8.091470300671551,-2.0,-2.0,-2.0,-2.0
0.006905513520162323,-0.1773989707218104,-0.17686213925104094,-0.1763001537500348,-0.17571179841015325,-0.17509583313440832,-0.1744509223206041,-0.1737756906624687,-0.17306867923727645,-0.17232837820149574,-0.17155320852884196,-0.1707414930025873,-0.1698914992484991,-0.16900140277288395,-0.16806928046617103,-0.16709318303036874,-0.16607095238525255,-0.1650003507013536,-0.16387936835610517,-0.1627052852633242,-0.16147569364956776,-0.1601879572916694,-0.15883932348781118,-0.1574268905436963,-0.155948646212757,-0.15443667382259194,-0.15285355843320605,-0.15119590127442042,-0.14946015077407251,-0.14764258787420315,-0.14573931513214272,-0.14374625612170952,-0.1416590584839201,-0.1394734852802811,-0.13718461709620333,-0.1347876272114481,-0.13233908551770368,-0.1297784667980027,-0.12709719133435712,-0.12428951386673905,-0.12134941778880648,-0.1182705251975406,-0.11504646889429684,-0.11172842700693257,-0.10828840254604136,-0.10468626194709159,-0.10091419837785338,-0.09696440039692007,-0.09284584652335999,-0.08863599519556069,-0.08422769310307839,-0.07961157264587881,-0.07477774265511634,-0.06982722871771413,-0.0646806370167534,-0.05929155496707666,-0.053661370680161115,-0.04792929929152516,-0.041927212850754424,-0.035642248645184844,-0.02924647631363392,-0.022568843795791438,-0.015603689847921987,-0.008516415825612352,-0.0010953619410561492,0.006513504018207935,0.014380545545545215,0.022514876922471304,0.030844817754794803,0.03947698040057158,0.048285651209162374,0.05738279316676362,0.06668500381786285,0.0762085185464875,0.08601763157945358,0.09592239157132357,0.10611652039288468,0.1164834409783497,0.1269635783429057,0.137662379414285,0.14853939085074222,0.15940665532545467,0.17040769121310706,0.18151066993661807,0.19268013456373545,0.2038068237200597,-2.0,0.2258769321734419,0.23680612950011543,0.24760929507043578,0.25824366157465806,0.2686671403911567,0.27879393246347267,0.28854560127804274,0.2979473635221709,0.3069585260200753,0.3155432740993746,0.32367075066771533,-2.0,-2.0,0.344637855170133,0.35039239887056706,-2.0,0.36004376464658394,0.3636689429720049,0.3668452887480703,0.3690208588820456,0.3706045798617206,0.37143305192305365,-2.0,-2.0,0.36945820753503267,0.3670453387795503,0.3643449401568225,0.3606120955707419,0.35596783875361526,0.35100513731852806,0.34515245397434763,0.33830178459622773,0.33067885131746855,0.3226505800037311,0.3138079012089721,0.3040313814254258,0.29334458778401895,0.2817600234423942,0.2694133578166111,-2.0,0.2426609785286673,-2.0,0.21211807891522078,0.19535202110126265,0.17756099597151076,0.1587180671398155,0.13879231494665195,-2.0,0.09555012237318372,0.07219040752749428,-2.0,0.022039082494462403,-2.0,-2.0,-0.0633764055301238,-0.09483443489972043,-0.12788959263702526,-0.1626097627983094,-0.1990675843876899,-2.0,-0.27750267202502543,-0.3196447256493964,-0.36385344431312105,-2.0,-0.45884942769987824,-0.509838090911505,-0.5632966147184788,-0.6193387414695166,-0.6780838340481166,-0.7396571224399491,-0.8041899559984562,-0.8718201180775815,-0.9426920282409104,-1.0169571335763576,-2.0,-1.1763095800096792,-1.261737318742678,-1.351241355970524,-1.4450120302584304,-1.5432504270008236,-2.0,-1.7539815651610977,-1.8669254702782145,-2.0,-2.0,-2.239008764162512,-2.0,-2.0,-2.0,-2.822986355135852,-2.986709288242982,-2.0,-2.0,-2.0,-3.723056862256822,-3.929479085107296,-4.145690373929876,-4.372153929558924,-4.609354919141397,-4.857801518590174,-5.118025999492888,-5.390585870249984,-2.0,-2.0,-2.0,-6.6162811906853065,-2.0,-2.0,-7.696605106870692,-2.0,-2.0,-2.0,-2.0,-2.0
0.006708619586547219,-0.17767623507092356,-0.17715608340711553,-0.17661156404948503,-0.176041518855146,-0.17544470831299028,-0.17481987572064733,-0.17416565954472926,-0.1734806631146392,-0.1727634269541903,-0.17201240991628727,-0.17122598440144007,-0.17040249740343916,-0.16954012976256375,-0.16863709579853445,-0.1676914432753846,-0.16670110258795698,-0.16566399840595356,-0.16457788945547974,-0.16344044152062648,-0.16224921660340375,-0.16100167029376827,-0.1596951263752118,-0.1583267853329,-0.15689370872599598,-0.15540737758749226,-0.1538736663292524,-0.15226775664260497,-0.15058620493962643,-0.1488254061457595,-0.14698158945403783,-0.14505080043301502,-0.14302890187980874,-0.14091147703641055,-0.13869423934415898,-0.13637218493788608,-0.13396087184499583,-0.13148038527561384,-0.12888303812098467,-0.12616326477169826,-0.12331523603016513,-0.12033284995390943,-0.11720971480315148,-0.11393951547951778,-0.11060733511173641,-0.1071182453888066,-0.10346452610642391,-0.09963879481538349,-0.09563241030937907,-0.09149895663950668,-0.08722936679362946,-0.08275850835314685,-0.0780768651505369,-0.0731922050331945,-0.06820805474415974,-0.06298901098978438,-0.05752389272142772,-0.05187842540994862,-0.04606653108708108,-0.03998047274082906,-0.0336631640286113,-0.02719751050117114,-0.02042724006205454,-0.01345044125543465,-0.006265760105501849,0.0012570476073091828,0.008874875077773875,0.016849296938955337,0.02498855006720643,0.03343049753706168,0.042062158861154754,0.05098845031384089,0.06007924207434795,0.06950411566549339,0.07901403887964781,0.08884409763722231,0.0988338133293964,0.10899775569431039,0.11941773485365229,0.12993471852156052,0.14058270971311818,0.15140970193728603,0.16238374254926458,0.1733176671885221,0.18432996552407777,0.19539386361302297,0.20647305723980688,0.2175281048261763,0.2284431087228589,0.2392101293144805,0.2498312460186201,0.2602630223574919,0.2704612886345647,0.2803828802065812,0.28998681319832686,-2.0,-2.0,0.31620678271280556,0.32395831886767573,0.3311982206537034,0.337915744652853,0.3440223464129011,0.3492954355474991,0.3539836290263597,0.3581491989716965,0.3613457994904967,0.36389430506933107,-2.0,0.3667736759795367,-2.0,0.3666697513124364,0.36567384187409313,-2.0,0.3608471622959234,-2.0,0.35317452908878744,0.3481264683695428,0.34261664629945027,0.33607772708080264,0.32855867734285393,-2.0,-2.0,0.30226463075100235,0.29176214759591346,0.2803365422446515,0.2680089280008657,-2.0,0.24131183380566523,-2.0,0.2110057613085558,0.19433876718894244,0.17663571473349915,0.15787206368653106,0.13801759136079977,-2.0,-2.0,-2.0,0.047047862697240705,-2.0,-0.005608181376964727,-0.03401272203645522,-2.0,-2.0,-0.1283280689552092,-0.16301311556006826,-0.19943908645304065,-0.23768011325137728,-0.2778166718680003,-0.3199329949911558,-0.3641177627091591,-0.4104642653697057,-0.45907058500586584,-0.5100397800031207,-0.563480093526119,-0.6195051681043349,-0.6782342777721773,-0.7397925713986493,-0.8043113334970535,-2.0,-0.9427877188933056,-1.0170405179917585,-1.0948471297551536,-1.1763721257585391,-2.0,-2.0,-1.4450467771082405,-2.0,-2.0,-1.7539928777499523,-1.8669298021000507,-2.0,-2.109171145189923,-2.0,-2.0,-2.517436390963603,-2.0,-2.0,-2.0,-2.0,-2.0,-2.0,-2.0,-2.0,-2.0,-2.0,-4.609286133739638,-2.0,-5.117951623540346,-2.0,-2.0,-2.0,-6.288172919582326,-2.0,-6.959762600107707,-2.0,-7.696513177655836,-2.0,-8.5047419062646,-2.0,-2.0,-9.866448377812914
0.00651733960488242,-0.17794982876559792,-0.17744161858250693,-0.1769140641827889,-0.17636179632836785,-0.17578360819497116,-0.17517826650790824,-0.17454447102527806,-0.1738808655782818,-0.17318603069249364,-0.17245847225421038,-0.17169663054318585,-0.17089887228212314,-0.17006348754100453,-0.16918868430295597,-0.16827255265387409,-0.16731322739308752,-0.16630854633623435,-0.16525642451058314,-0.16415455783280036,-0.16300061558553933,-0.1617921029282966,-0.16052644741816302,-0.1592009308335246,-0.15781270399140543,-0.15635880210602607,-0.15486458481485244,-0.1533089395468951,-0.15168003392085455,-0.14997437622902052,-0.14818831223647466,-0.1463180127979995,-0.144359468985673,-0.14230848248958453,-0.1401606606654652,-0.13791139803364827,-0.13555587066450797,-0.13313359703053212,-0.130617776113628,-0.12798339104549367,-0.1252246622408969,-0.12233608016518975,-0.11931105246997552,-0.11614322964259233,-0.11285990692313032,-0.1094804822562063,-0.10594206654118216,-0.1022366502954284,-0.09835643381708466,-0.09429310440631684,-0.0901451283849356,-0.08581533764531157,-0.08128156491901917,-0.07653372248823637,-0.07163436799282104,-0.0665806365635161,-0.06128856628928651,-0.05574686476913278,-0.05008711225994946,-0.044194410628937066,-0.03802391893153853,-0.03169382138226848,-0.025139053276591716,-0.018275552415769943,-0.011288169920199275,-0.004005454417525537,0.0035268262875385037,0.011245319166290534,0.01929910542667967,0.027469467145979927,0.03601687240908311,0.04465433298902713,0.05366258350681097,0.06278101579975695,0.07221101294806032,0.08182338081934568,0.09163012749429407,0.10172681392503416,0.11187790187798655,0.1222557749464059,0.13285333425753135,0.1434951505241459,0.1542565230703426,0.16515345013226307,0.17615385723374855,0.1871282551637507,0.19808222889350133,0.20903509252859787,0.21994755686888295,0.23077856314437495,0.24148650919191766,0.25199974360656974,0.2622222310890065,-2.0,0.28185074778168684,0.2911710049992428,0.3001065413654704,0.3086216357161442,0.3166817591995616,0.324121125226572,0.33093949207405016,0.33720074912331865,0.34291048184137973,0.3479943053727017,0.35215768945923553,-2.0,0.3587539503559021,-2.0,-2.0,0.3626721876279878,0.3626631158192306,0.36155236256055134,0.36007470019438875,0.3573627251648429,0.35427351146315655,0.35032231908758826,-2.0,-2.0,0.33366531604473826,0.3264319799078732,0.31829249168373525,0.30969098949409696,0.300367480796833,0.29006756251043264,-2.0,0.2666275390686192,0.2535727260886688,-2.0,0.225358409788099,-2.0,0.19326497679239235,0.17565691580968346,-2.0,0.13719994480780856,0.11628972489764094,0.09421152734001403,-2.0,-2.0,0.020695357009724247,-0.006250098131907689,-0.03460329470751522,-0.06443709009899767,-0.09581113809962527,-0.12878895695356019,-2.0,-2.0,-0.23803934039025387,-0.27814683505759985,-0.32023627298389923,-2.0,-2.0,-0.45930371092799893,-0.510252531909303,-0.5636739081614439,-0.6196812093818744,-0.6783936706514835,-0.739936354020738,-0.8044404661374909,-0.8720436258344237,-0.9428895820077519,-1.0171313771095865,-1.0949259350529927,-1.176440139742134,-1.2618479988879965,-2.0,-1.4450859550213042,-1.5433075411291983,-1.6462080568052437,-1.7540077713013844,-1.8669374667475984,-1.9852389357201954,-2.1091654939723563,-2.0,-2.0,-2.5174132922548083,-2.6666233646435615,-2.8229178559698074,-2.986631549272431,-3.158115129915902,-2.0,-2.0,-3.7229466211164794,-3.9293617080979537,-4.145566219174163,-2.0,-2.0,-4.857658973359262,-2.0,-5.39043251874856,-5.675906706878305,-2.0,-6.288089264619066,-2.0,-2.0,-7.319521728292217,-2.0,-8.091181050910786,-8.504646568020348,-2.0,-2.0,-9.86634836212198
0.006331513506973245,-0.17821709001204966,-0.1777198933612256,-0.17720792356833212,-0.17667291212859607,-0.17611280732827594,-0.17552640475970227,-0.17491244267964562,-0.1742696226810652,-0.1735965474015716,-0.17289177528035163,-0.1721538047849363,-0.17138105158040975,-0.17057185288113466,-0.16972447347498976,-0.16883707247973592,-0.16790778479789292,-0.16693466517037206,-0.1659155342703836,-0.16484825268213493,-0.16373050535274752,-0.16255992147900747,-0.16133398536334087,-0.16005006244627665,-0.15870541024322496,-0.15729713971758122,-0.15582714651474477,-0.15432032924030434,-0.15274256439093808,-0.15109047063452752,-0.14936050685187058,-0.14754896513667937,-0.14565196278923948,-0.14366540921403348,-0.14158512231995282,-0.13940656820962422,-0.13712510260459854,-0.13473949886836722,-0.13230284506964468,-0.12975143223487207,-0.1270797008892628,-0.12428198661283209,-0.12135225913832168,-0.11828425255985198,-0.1150713886662766,-0.11177539816808056,-0.10834856338433316,-0.10476010216165023,-0.10100242010841053,-0.09706746034639598,-0.09297744231440337,-0.08878478450434857,-0.08439455169021552,-0.07979722688636891,-0.07498299616382921,-0.07006943415960143,-0.0649454969119323,-0.05957989927907044,-0.05399288953498293,-0.048287965864476624,-0.042314012059354034,-0.03606135457104989,-0.02971618982288285,-0.023072116372788994,-0.01616679962070112,-0.009117567776068206,-0.0017364815988893945,0.0058017618238747,0.013624045934057607,0.02167909288445822,0.02995784726830645,0.03850156260682083,0.047252570750101586,0.05625041854534816,0.06548694838801578,0.0748998303573419,0.08463123075846608,0.09441578206229959,0.10447810244497965,0.11475488830350529,0.12508753410311654,0.13562970422431564,0.146351671942905,0.15708867100465823,0.16790370264079602,0.17880822031400007,0.18976655048201194,0.20073479842093672,0.21156259548439477,0.22232586487341083,0.2329892178903596,0.24351012549734252,0.2538445230661826,0.2639498930365045,-2.0,0.28323609242036113,0.29226201105907884,0.30087582490894116,0.3090393770289203,0.3167208252118293,0.3238972127815285,0.330504335209283,0.3363248003145989,0.3415267733693461,0.3461702168309241,0.3501186366644302,-2.0,-2.0,0.35723347353068025,0.3580690654056694,0.3582807022816257,0.35751020794320854,-2.0,0.35394708105696127,-2.0,0.34718741832819144,0.34250804347779734,0.3369612600197645,-2.0,-2.0,-2.0,-2.0,0.2983260900832709,0.28825008631479776,0.2771904490827652,0.2651665902034889,-2.0,-2.0,-2.0,0.20857308266144908,0.1921268289423163,0.174620841613764,-2.0,-2.0,-2.0,0.09348703416193083,0.0702604950025939,-2.0,-2.0,-2.0,-2.0,-0.06500889375070429,-0.0963374794426265,-0.1292733852887341,-2.0,-0.2002401525882882,-0.2384170514465569,-2.0,-0.3205553405582069,-0.3646888270956504,-0.4109873425345507,-0.4595494102923958,-2.0,-0.563878550534656,-0.6198673450959071,-2.0,-0.7400888838804935,-0.8045777476391132,-2.0,-0.9429996714450686,-1.017228245368598,-1.095010899030701,-1.1765138976812048,-1.2619114884709313,-1.351386317056345,-1.445129795316715,-1.5433425097650706,-1.6462346461963904,-1.754026234355868,-1.8669486487821845,-1.985243034654696,-2.109162889878726,-2.0,-2.0,-2.5173926337666708,-2.6665973071757136,-2.0,-2.9865955176764523,-3.158074491279054,-2.0,-2.0,-2.0,-3.929304860986292,-4.145505816077549,-4.371959548012827,-4.609151202107844,-4.857588923723092,-2.0,-2.0,-2.0,-5.97483124649199,-6.288006044108663,-2.0,-2.0,-2.0,-2.0,-8.091087549502907,-8.50455129602554,-2.0,-9.391181857606004,-9.866248266456417
0.006150985788580498,-0.1784767126514256,-0.17799517822363467,-0.17749337111679891,-0.17697512994661463,-0.17643258422620903,-0.17586458632113275,-0.17526989207073546,-0.17464725550917662,-0.17399530947512468,-0.17331268634091973,-0.1725979027783931,-0.17184943486508214,-0.1710656302998905,-0.1702448828762358,-0.16938547062492973,-0.16848538186372092,-0.16754286686364528,-0.1665558117299318,-0.1655220955112415,-0.16443952673366027,-0.16330577763927998,-0.1621184171976675,-0.1608749081026469,-0.15957257582291662,-0.15820863431105725,-0.15678015614741272,-0.15530279131471028,-0.1537747037871223,-0.1521746408372669,-0.15049917265152085,-0.14874470761565853,-0.14690748633464626,-0.14498357167319603,-0.14296883790701637,-0.14085897002017206,-0.13864944423795345,-0.13633552526779613,-0.13393976049860173,-0.13146890806997277,-0.12888157753830992,-0.12617223914951395,-0.12333508623026773,-0.12036403875239526,-0.11725273071279682,-0.11400454947637777,-0.11068624257177992,-0.10721139984097207,-0.10357290581983106,-0.0997626336999436,-0.09577248271323631,-0.09166932217987389,-0.0874185291594582,-0.08296728804794591,-0.07830593105255294,-0.07345856309652948,-0.06849787937468005,-0.06330330775506197,-0.057863714238449986,-0.05226439667472264,-0.04648147289481633,-0.04042583630173863,-0.034162536000947735,-0.027731589666104752,-0.02099742468022876,-0.01408401616662153,-0.006940487428641479,0.0005137316581306714,0.008082675876299458,0.01600840223791581,0.024063891350809337,0.032451137755801496,0.04098960808787233,0.04985358537615412,0.0588402645333505,0.06817395234480175,0.07758805260544395,0.08729393259540871,0.09719823781282036,0.10722366007959457,0.1174958626137674,0.12790930870339629,0.13839216048435943,0.14904377598488933,0.15983265760944954,0.17063125419116287,0.1814350891643908,0.19227791226944896,0.20312176936593057,0.21392696582312665,0.22464657814185318,0.2351460213366603,0.24547160867324508,0.2555898187532599,0.26545497462144474,0.27502394143665815,0.2842537889975963,0.29310444215810616,0.3015115187146055,0.30933141787873986,0.316617262605953,0.3233645328489173,0.32956128685840635,-2.0,-2.0,0.3440318836567863,0.347576802066215,0.35023350356030036,0.35207403599485654,0.35341826952218247,-2.0,0.35341050274875874,0.3519928093184375,0.35023323893266467,-2.0,0.34372582986208233,0.3395405682796934,0.33414740938362636,0.3281801642514637,0.3216323987703542,0.3139983790691396,0.3053574044713299,0.2961321438352335,0.28628992511780604,0.27544102478372817,-2.0,0.25077550481665795,-2.0,-2.0,0.20723383771183473,0.19091155752890326,0.1735149240244782,0.1550243302145523,-2.0,0.11465624645555811,0.09271479007437466,0.06955204468788068,-2.0,-2.0,-0.0076041408584909265,-0.035886550649383064,-0.06561836292307444,-0.09689897261723657,-0.12979070607700993,-0.16436064320181365,-0.20067978083879123,-0.23882220155773837,-0.2788674296636152,-0.3208990224074273,-0.3650050612560739,-0.41127830713649516,-0.45981636796064795,-0.5107218811762309,-0.5641027112462629,-0.6200721616209917,-0.6787492008252993,-2.0,-0.8047310947336623,-0.8723056572742403,-0.9431247560827263,-2.0,-1.095110491270843,-1.1766018514728513,-1.2619884832889916,-1.3514529831265243,-1.4451867199874062,-1.5433902408732618,-1.6462734226260634,-1.7540572896100033,-2.0,-1.9852587991238966,-2.0,-2.2389758369271986,-2.0,-2.5173827901875985,-2.66658188289299,-2.0,-2.0,-2.0,-2.0,-3.525790296428317,-3.7228501527551634,-2.0,-4.1454549161678145,-2.0,-2.0,-2.0,-5.117741111814106,-2.0,-2.0,-2.0,-2.0,-6.615946942554984,-6.959508028696229,-7.31935093029035,-2.0,-8.091002510757122,-8.50446443182434,-2.0,-9.391091600987655,-2.0
0.005975605379290422,-0.1787289107965195,-0.17826259751495996,-0.17777408388800603,-0.177268701230489,-0.17674322615203908,-0.17619309008616904,-0.17561712870882945,-0.17501407949776418,-0.1743826851756569,-0.17372155724691923,-0.17302929983850424,-0.17230442104042024,-0.17154536844287432,-0.1707505155050464,-0.16991813944657594,-0.1690464323480883,-0.16813367453163247,-0.16717775971541643,-0.16617666995918162,-0.1651282629109313,-0.1640302937701436,-0.16288041617687782,-0.1616761568656591,-0.16041493917147323,-0.15909405654192685,-0.1577106794400545,-0.15626184179530714,-0.15477732509344005,-0.15322780424663232,-0.15160527120502526,-0.14990625238085284,-0.14812710266669396,-0.14626400905204728,-0.14431297920623468,-0.14226983129615203,-0.14013018717142295,-0.13788946034298963,-0.13554284823554516,-0.13313726910118429,-0.130631887702748,-0.12800843572596873,-0.1252612082235294,-0.12238431478721118,-0.11937154891167862,-0.11621677158526199,-0.11295707829511098,-0.10959276504461987,-0.10606980883623476,-0.10238066314875036,-0.098517422638925,-0.09447204491326197,-0.09035605285633035,-0.0860466599566347,-0.08153411412311398,-0.07680858589160311,-0.07194871667633648,-0.0669202178522716,-0.06165469049200344,-0.05614066954480532,-0.05052971748517232,-0.04466849661891409,-0.038530841452043746,-0.032257729153196274,-0.02574066783221308,-0.018915650222820827,-0.011995796202549924,-0.004757346388180435,0.0026999975447148904,0.010368374361881517,-2.0,0.026452437241166447,0.034905944228286384,0.04347948041437789,0.05238288822893008,0.06142946655831006,0.07074249363968786,0.08027392701948588,0.08994979069204329,0.09990708947825232,0.10996052654253285,0.12018291092265697,0.1306152721308298,0.14113856525781435,0.15171558220433132,0.16241682173405475,0.17320864062736635,0.18403067090587014,0.19475237463203166,0.20545888933623113,-2.0,0.22666181356116472,0.23707471840574157,0.2473050627057058,0.2572590725218064,0.26687553717653245,0.27617027359213664,0.28509914063684527,0.29362054191406106,0.301696945589937,0.30929696608395973,-2.0,0.32267048205222415,0.3283879314691968,0.3335233340418813,0.33807323119328186,0.3416746324976935,0.3445980544562238,0.3469815357228607,0.34825311912465684,0.34903448322267117,0.34881664150802205,-2.0,-2.0,0.3437920750195048,0.3402107140276227,0.3362650032621732,0.33132060749808717,0.32530978204663596,0.31889995565908524,0.3116102461854177,0.3032364561789495,0.2939499004459905,-2.0,0.27355648727081555,-2.0,0.2492613026063774,0.23561172748536718,0.22105793733357798,0.20580180519371277,-2.0,0.17233511737584106,0.15394937834262612,0.13443332154722293,0.113758452352066,-2.0,0.06879730801065986,0.0444325759776486,-2.0,-2.0,-2.0,-0.06626722822223652,-2.0,-0.13034272649988576,-0.16487009926062945,-0.20114960899344325,-2.0,-0.2792675587112248,-0.32126805688649573,-0.3653454522709524,-0.4115919995525361,-0.4601052257461614,-2.0,-2.0,-0.6202961628360127,-2.0,-0.7404460265632644,-2.0,-0.8724611931329675,-0.9432657562395708,-1.0174675370142836,-1.0952250004235102,-1.1767042828322092,-1.2620795427196496,-1.3515333288662243,-1.4452569635963046,-1.543450954994639,-1.6463254162130947,-1.7541005138135572,-1.8670069422476938,-1.9852864071251906,-2.109192147779397,-2.2389891419700754,-2.374956332711633,-2.0,-2.666577228816063,-2.8228558424755557,-2.986554478559555,-3.158023776334538,-2.0,-3.525760982897454,-2.0,-2.0,-2.0,-2.0,-2.0,-2.0,-2.0,-5.390232501143036,-5.675698557594822,-2.0,-6.287866018095553,-2.0,-2.0,-2.0,-7.6961720577947785,-2.0,-2.0,-2.0,-2.0,-2.0
0.005805225516094896,-0.17897389123456062,-0.17852236431675714,-0.17804933291455616,-0.17755388385775495,-0.17704498098950439,-0.1765122082306517,-0.1759544260385551,-0.17537042563936425,-0.17475897015313158,-0.1741187357507046,-0.17344835867312008,-0.17274639665141234,-0.17201134574751467,-0.17124163363276015,-0.1704355866390051,-0.16959149815960647,-0.1687075841526073,-0.16778192877420167,-0.16681251948364367,-0.16579730122798494,-0.16473409124460586,-0.1636206188839088,-0.16245448956579805,-0.16123320552233109,-0.1599541531942717,-0.15861458537974357,-0.15721163251491402,-0.1557512649604242,-0.154250840934272,-0.152679731755268,-0.151034570302046,-0.14931182880491453,-0.1475078184253519,-0.14561864758148435,-0.14364033413775532,-0.14156857256375133,-0.13939894403689504,-0.1371267983182725,-0.1347579027741197,-0.13233217879519152,-0.12979210271531508,-0.1271322309621895,-0.1243468611771684,-0.12142998699469759,-0.1183754782779707,-0.11517666620519519,-0.11190589442633149,-0.10849501286321782,-0.10492379530619188,-0.10118379075353229,-0.09726725052456273,-0.0932095319468809,-0.08903804515906516,-0.08466977185407562,-0.08009550795386941,-0.07530516316815533,-0.07043376359705568,-0.06533720411291527,-0.060000217067570645,-0.0544623357470167,-0.048789874853650717,-0.04284969052379359,-0.03665470913798463,-0.030348093490629124,-0.023744281148252142,-0.01690644271093472,-0.009902991594850037,-0.0025692746871829354,0.004889856593585019,0.012657854016789406,0.020624832350226583,0.0288427548452162,0.037287804693712547,0.04596997341230085,0.054857889426461894,0.06401741296265974,0.0733070351978197,0.08290884709673144,0.09259876423012876,0.10251471056034014,0.1126775112833557,0.12285614184813505,0.13322454674756856,0.14376211708122622,0.15436429011100755,-2.0,0.1756593510426382,0.18638538633264584,-2.0,0.20774990286362183,0.21823860090496267,0.22861055228005273,0.2388220457273187,0.24882881646308008,-2.0,0.2680515932909258,0.27717739159866117,0.28583582428513826,-2.0,0.30172121107273664,0.30891765620939515,0.3155812326985874,0.32169495133185155,0.327031815584105,0.3316342210765326,0.3356443626319827,0.3390292093251306,0.3413721623151357,-2.0,0.3441516445169275,0.34417784006692365,0.3436865078783789,-2.0,-2.0,-2.0,-2.0,-2.0,-2.0,0.3159964835579423,0.30901435824728124,-2.0,0.29183343629311714,0.2819570736674971,0.271530364593578,0.26010641690007036,-2.0,-2.0,0.2196523174981349,0.20432688261596293,-2.0,0.17108341451939868,0.15281070925559648,-2.0,0.11280979614414482,0.09102398498756237,0.06800148292346708,0.043702172705446185,0.018081710157806463,-2.0,-0.037257071263015584,-2.0,-0.09812560883480359,-0.13092238619714502,-0.16540476851909047,-0.20164291806716017,-0.2397108084630042,-0.279687589429101,-0.3216551993712484,-2.0,-0.4119213965624351,-0.46040838431330067,-0.5112668233255915,-0.5646035353538783,-2.0,-0.6791703557482862,-0.7406436915247094,-0.8050831253992385,-2.0,-0.9434149072862004,-2.0,-1.0953466026259497,-2.0,-1.262176782810004,-1.3516194442868876,-1.4453325968685138,-1.5435167021580278,-2.0,-2.0,-2.0,-2.0,-2.0,-2.0,-2.3749666367767013,-2.517387907529284,-2.666575260089662,-2.822848216131959,-2.986541490144321,-3.1580057037640534,-3.3376081361328875,-2.0,-3.722784820673859,-2.0,-2.0,-2.0,-2.0,-2.0,-2.0,-2.0,-2.0,-2.0,-6.287801090472136,-6.615811537478775,-6.959367972006096,-7.319206444284774,-2.0,-8.090849789864317,-8.504307895161068,-8.93735801650873,-9.39092795883996,-2.0
0.005639703620576279,-0.1792118720487113,-0.17877470356528286,-0.17831671070027105,-0.1778369072142863,-0.17733811498330235,-0.17682220560663217,-0.1762820808608437,-0.17571657559395695,-0.1751244974801127,-0.1745045576321953,-0.17385543495421388,-0.1731757340883294,-0.17246399920055064,-0.1717187080361139,-0.17093825634469637,-0.17012091008106878,-0.16926510578963572,-0.16836881520658398,-0.16743018702495643,-0.16644719929011123,-0.16541776215702586,-0.16433965190846578,-0.1632105628310907,-0.16202807407057465,-0.16078965171597323,-0.1594926406655158,-0.1581342605644458,-0.15671159883536365,-0.15524462433544964,-0.15372346751250965,-0.1521306234813495,-0.15046267998485596,-0.14871606031860216,-0.1468870233941038,-0.1449716312549309,-0.14296582546286973,-0.1408652625801312,-0.13866544644835763,-0.13636168646586577,-0.13398383040207523,-0.13152477287378833,-0.12894968346732044,-0.1262532638145855,-0.12342948386208648,-0.12047234438353734,-0.11737576331734427,-0.11415289836425592,-0.11085141018699965,-0.1073942230870887,-0.10377393134357003,-0.09998270316307992,-0.09601262714552075,-0.09194386959232648,-0.08771589593481101,-0.08328841710908583,-0.07865211303768409,-0.07384683659590492,-0.06891440298113208,-0.06374945954765529,-0.05834073186829428,-0.052793419839562095,-0.04704553181797194,-0.04102619955918069,-0.03482406929724642,-0.02843455297713707,-0.021743653343407304,-0.014901638415147252,-0.007807009807825425,-0.00043241624320763256,0.007081544538090324,0.014949439739356338,0.022911507460883745,0.031233902088562228,0.03966800774877085,0.04845887323017773,0.05732911220721791,0.06653916116352482,0.07586501422828323,0.08543270070995755,0.09523781665597236,0.10510929609814072,0.1152176997791166,0.1255118459002422,0.13581248462891085,0.14627024325852,0.1568525686104344,0.16749813737153105,0.1780724892307198,0.18867164830724914,0.1992568708721803,0.2097875572173104,0.22022287586706712,0.2304917125928892,0.2404943852061004,0.2502690337114374,0.2597710885857569,0.26895433379961653,0.2777760253170063,0.28619460315873246,0.29417341156124244,0.3015983682033178,0.30838006489876923,-2.0,0.32022253130650924,0.3252769357850525,-2.0,0.3329497004157981,0.3357987002578715,0.33787790100300963,-2.0,0.33957512992364447,0.33899440052567803,-2.0,0.3357548994348083,0.3331390383554912,0.3292485505796163,-2.0,0.31959309422607174,-2.0,0.30617759482835033,-2.0,0.28965599627700184,0.2797958470722224,0.2693436212612495,0.25815971504982876,0.24590351052130338,0.23259410272212322,0.21824171064550085,0.20288802654813926,-2.0,0.16974656070897987,0.15159584027019124,0.13228813214682206,-2.0,0.09009932961458966,0.06715411396427384,0.04292450120745139,-2.0,-0.009565656056390814,-2.0,-0.06764620659010168,-2.0,-0.1315394350906347,-0.16597435067870658,-0.20216892516413687,-0.24019691389296893,-2.0,-0.32207027275248434,-0.3660860221017772,-0.4122753108960584,-0.46073534784707115,-0.5115682498486106,-0.5648814125571041,-0.6207877234834098,-2.0,-0.7408601164190557,-0.8052814681578054,-0.8728070259531899,-0.9435807238289896,-1.0177535331873027,-1.0954835753275325,-1.1769374746215742,-2.0,-1.351719776218692,-2.0,-1.5435959053246406,-2.0,-1.7542085332875361,-2.0,-1.98536148386335,-2.10925209254835,-2.0,-2.374988420791232,-2.5174031721833154,-2.0,-2.822851458555281,-2.0,-2.0,-2.0,-2.0,-3.7227630685186153,-2.0,-2.0,-4.371782798483461,-4.6089605354039325,-2.0,-2.0,-2.0,-2.0,-5.974580651808352,-6.287745165183169,-2.0,-2.0,-2.0,-7.696032444134442,-8.09078223627111,-8.504238345413278,-8.937286561781528,-9.390854691292597,-2.0
0.005478901179593939,-0.17944304991300994,-0.17901982801464905,-0.17857644011854334,-0.17811194478687714,-0.1776253453140714,-0.17712332843579084,-0.17660036426704026,-0.17605283763918061,-0.1754795731293093,-0.17487934678520972,-0.17425087058472807,-0.1735927940987231,-0.17290370935646635,-0.17218213954919132,-0.17142653408494102,-0.17063523396440974,-0.16980664701831735,-0.16893891812035652,-0.16803018992515417,-0.16707852275621182,-0.16608187847296074,-0.16503812145712268,-0.16394501311459997,-0.16280020887517185,-0.16160125600063405,-0.1603455836113554,-0.15903050223672566,-0.15765319032627131,-0.1562106970416088,-0.154737351405643,-0.15319532887707857,-0.15158061419177615,-0.14988974706523522,-0.14811910082958385,-0.14626488256509132,-0.14432311724675656,-0.14228964132108146,-0.14016010291801792,-0.13792993178725,-0.13559434966078857,-0.1332078315456571,-0.13071520273512344,-0.12810506416049647,-0.12537175114944119,-0.1225094096247964,-0.11951196294986363,-0.11637287703214642,-0.11314014762562957,-0.10979399027339329,-0.10628998530265477,-0.10262062524474938,-0.09877796611751821,-0.09476657283407759,-0.09067476657374564,-0.08639010817433423,-0.08190319966579526,-0.07720449773358287,-0.07238936083013753,-0.06739137203860679,-0.06215769497744422,-0.05668243574916035,-0.05112114388598399,-0.04529742569505382,-0.03919916723739518,-0.03299030131742667,-0.02651787599121222,-0.019757276534294994,-0.01289490081767886,-0.005708874579047306,0.0016643906084319385,0.009273698155834512,0.017149967866722293,0.02519721206468132,0.03354637863610032,0.042045184870947806,0.05083185116709989,0.05979450241226784,0.06897741373265712,0.07841435949815652,0.08794515659670862,0.0977481208030201,0.10768816300494939,0.11773892038178718,0.12798828642296312,-2.0,0.14874937185271578,0.15923445540798958,0.169796551075159,0.18039996099533945,0.1909114835368632,0.2013467056658903,0.21170953457963276,0.22195745954051405,0.23204708689044462,0.2419345231415248,0.2515755294461837,0.2608573828420472,0.26974916034380575,-2.0,0.28632128692894065,0.29392004735068433,0.3010149505352733,-2.0,0.3134229133580665,-2.0,0.32306126648757916,0.32698464270988714,-2.0,0.3322102995144627,0.3338834187272941,0.334462945702532,0.33440583532180895,0.3334762368931242,0.33172269554358946,0.3290772599930657,0.3257867892788186,-2.0,0.31637153351365677,0.310348372980364,0.3032860769095517,0.2957908271860861,0.2872982867801161,0.27767956744930367,0.26714377318042887,0.2560653586817662,0.24403826431458925,0.2309243721204084,0.2167403879705168,-2.0,0.1852980518012916,0.16832526786763835,0.1503067535232031,0.1311156404419725,0.11073009380851323,0.08912248655324262,-2.0,0.04210454574146183,0.01661420875813191,-2.0,-2.0,-2.0,-0.09949295494022847,-0.1321877541090445,-2.0,-0.2027211114044003,-0.2407068720583665,-0.28060736659417584,-0.3225056259284822,-0.36648801014192867,-0.412646460214638,-0.4610781208722319,-0.5118845497491151,-0.5651730845268264,-0.6210564511022894,-0.6796528233035004,-0.7410874518243318,-0.8054901136956472,-0.8729981781064251,-0.9437554852037076,-2.0,-1.095628741176464,-2.0,-1.2624073186061724,-1.351826309631462,-1.4455174272270055,-1.543680639664789,-1.6465260700147786,-1.7542737697700816,-2.0,-1.985409346251072,-2.1092919798138983,-2.2390674534377224,-2.3750136373265986,-2.5174216390476074,-2.666596428343446,-2.8228574844930003,-2.9865394815696917,-3.157993006101143,-2.0,-3.525701064605159,-2.0,-2.0,-4.1453153173781345,-2.0,-4.608924405495683,-4.857345323208774,-5.117545388988794,-2.0,-2.0,-2.0,-6.287690045954876,-6.61569529420558,-6.959246776423088,-7.319080536980734,-2.0,-8.090715136284366,-8.504169140394687,-2.0,-2.0,-2.0
0.005322683629372804,-0.1796676162967977,-0.1792579438788568,-0.17882874648116343,-0.17837911823265837,-0.17790808329020782,-0.1774158463963558,-0.17690955173281775,-0.17637947308477056,-0.17582449764482067,-0.17524342139940824,-0.1746350011665563,-0.1739979304835831,-0.17333084836085072,-0.17263232144353488,-0.17190085134897073,-0.17113482242386108,-0.17033270950814688,-0.16949272039053276,-0.1686130372514507,-0.1676917920202155,-0.16672700824448317,-0.1657166202394616,-0.16465846323744446,-0.16355026618763616,-0.16238965407398195,-0.16117414011690204,-0.15990111716683503,-0.1585678568102988,-0.15717150223751278,-0.15572224854705824,-0.1542295957286889,-0.15266658902972538,-0.1510298710283851,-0.14931595418073976,-0.14752114470990893,-0.14564160247891306,-0.1436732997207686,-0.1416120180503691,-0.13945333818195438,-0.13719262112949837,-0.13484283682881085,-0.13243036687457424,-0.1299040732863458,-0.12725848510706733,-0.12448819946710983,-0.12158700240807124,-0.11854893075913568,-0.115367241843891,-0.11212515304396385,-0.10873405378262603,-0.10518292340596533,-0.10146438637618528,-0.09757017478616584,-0.09354921081432409,-0.08940310133173043,-0.08506130591094728,-0.08051472685036122,-0.07576500027732636,-0.07092937824115944,-0.06586558795831127,-0.060562832977423764,-0.05508031559481211,-0.049446567906542005,-0.04354673852635173,-0.03741659410726311,-0.031155713893182113,-0.024599489492313227,-0.01783747535854602,-0.01088767549528876,-0.0036101778077794675,0.003760035165099127,0.011464972313036115,0.01933317048492523,0.027479887279448605,0.03581458096820848,0.04441699883578383,0.05318188923145537,0.062251948987360396,0.07140441101112228,0.0808605408283983,0.0904429751550306,0.10019656334522788,0.11018724965871735,0.12023679244076374,0.13041314434197349,0.1407468166174324,0.1511943556300201,0.1615773276870136,0.17202264051513283,0.18249282531293093,0.19295022824552838,0.20335422008263282,0.2135646081108073,0.2236171481043701,0.233490416538652,0.24313822161895648,0.2525160742030468,0.2615794081790278,0.2702837017081742,0.2785717865528975,0.2863055989977827,0.29351178552467205,0.30018014827186573,0.3062861163886502,0.3118162134983253,0.3166555999306846,0.3206168237139161,-2.0,0.32666738979144094,0.3283414834270151,0.3293219378664486,0.32963095817564686,-2.0,0.32751310378078924,0.3249687192097094,-2.0,-2.0,0.3128446311812815,-2.0,-2.0,0.2928857205908602,-2.0,0.27542514034812426,0.26500319973123193,0.2538405399835241,0.24202707961481645,0.2291288793873082,0.215129565326512,0.20004029875579227,0.18387159397539038,0.16683547610232252,-2.0,-2.0,0.10959066530485134,0.08808207794459433,0.06530797995731374,0.04123188896701058,0.015813060617611674,-2.0,-0.03923968811591927,-2.0,-0.10018694405738549,-2.0,-0.16720877186918204,-0.20330884683183692,-0.24124988863664543,-0.2811098706855313,-0.322970183014334,-0.36691773627519864,-0.41304408660192427,-0.4614457749478309,-0.5122244955797921,-0.5654872751634371,-0.6213464613266779,-0.6799209759164246,-0.741334288707839,-0.8057176487701414,-2.0,-0.943947730206939,-1.0180889008655292,-1.0957899839489995,-1.1772160342744882,-1.262541232377785,-1.351947903785284,-2.0,-1.543779340180084,-2.0,-1.7543522536223854,-1.8672235500212229,-1.985469828657682,-2.1093442029161538,-2.2391118706781956,-2.3750506729603824,-2.517451691469756,-2.6666198703223523,-2.822874591261693,-2.9865507379789302,-2.0,-2.0,-3.5256963278664166,-3.7227337257592783,-2.0,-2.0,-2.0,-4.6088980373309525,-4.85731526014538,-2.0,-5.3900451364452815,-5.675499087482346,-5.974485222786043,-2.0,-2.0,-6.959195497489723,-2.0,-2.0,-8.090656807961878,-8.50410871801407,-2.0,-9.390717276391179,-2.0
0.0051709202428967555,-0.17988575920203365,-0.17948925199927482,-0.17907384112886396,-0.17863865306328572,-0.1781827355889344,-0.17770512827786686,-0.1772098982671103,-0.17669678289990537,-0.17615956182279727,-0.17559708694861764,-0.17500814903143647,-0.17439148397034263,-0.17374577418725215,-0.1730696318491636,-0.17236160791532504,-0.17162014014838362,-0.17084373022103097,-0.17003069292988246,-0.1691792210237739,-0.1682875229228153,-0.16735369132566863,-0.16637571977282906,-0.16535151308436702,-0.1642788742785557,-0.16315550872051407,-0.16197900284900296,-0.16074683783987154,-0.15945636894683665,-0.1581048346015184,-0.15668933365909465,-0.15523428692683194,-0.15372150775361568,-0.1521374049959743,-0.15047858083716026,-0.14874148237868953,-0.14692238526835305,-0.14501738983879126,-0.14302241423936998,-0.1409331828864767,-0.13874521748074078,-0.1364538297399999,-0.13409630122336563,-0.1316515639576973,-0.12909136520326753,-0.1264104258363604,-0.1236028822162644,-0.12066265382750206,-0.11758374734990738,-0.1143896708321245,-0.11110836311413953,-0.1076722497268831,-0.1040739663047715,-0.1003058022777661,-0.09635968323307391,-0.09232992477771673,-0.08812922330273272,-0.08373019038844601,-0.07912369165709278,-0.07436611638613685,-0.06946735423407507,-0.06433760992874482,-0.058965650625942806,-0.05347692171178667,-0.0477705414029999,-0.04179487514800592,-0.035660616498217834,-0.0293202621832103,-0.02268041539336466,-0.015918496930734487,-0.008881340573465117,-0.0015958481737223217,0.005853260877601935,0.01363657752808662,0.021511553162322693,0.029757969591296847,0.038075983859096926,0.0467584697253477,0.055522331365490236,0.06459503371563367,0.07381874998423155,0.08323324606181319,0.09291844813952192,0.10262486112441047,0.11255214752706358,0.1226786249687009,0.13280825596915002,0.1430519100975053,0.15340753642483454,-2.0,0.17420077302650833,0.1845320741577477,0.19483313657786216,0.20506305327895263,0.21517913082271606,0.22513879673727455,0.2348454879310975,0.24424485657586611,-2.0,0.2621121795421416,0.27048880183924373,0.27843659573033824,-2.0,0.2928863462005223,-2.0,0.3047980282227534,0.30981457641606613,0.3142198896571714,0.3179160833960636,-2.0,0.3227324399329502,-2.0,0.3244229797918616,0.3242255101186263,0.3228436084502716,0.3209368696074947,0.3178168350768891,0.31424698852791416,0.30934233878171535,0.3039403159075933,0.29758941940919265,0.29002375722621837,-2.0,0.2729818951592158,0.2628483445305874,0.25166181225219225,0.2398618347247981,0.22720251085584497,-2.0,0.19849209353664682,0.1824648302334418,-2.0,-2.0,0.12853726150284,0.1083834047499927,-2.0,-2.0,0.0403110605148167,0.014968512504431652,-2.0,-2.0,-2.0,-0.1008571664047887,-0.13358216977321802,-0.16787706353472343,-0.20392584595287366,-0.24182010084857708,-0.28163673667387457,-0.3234568669274769,-2.0,-0.413460796165528,-0.46183116788265144,-0.5125808526658042,-0.5658166679182335,-0.6216509843493416,-0.6802019368708289,-2.0,-0.8059564965385828,-2.0,-0.9441497871896968,-2.0,-2.0,-1.177371152988285,-1.2626825817996732,-1.352076309443495,-1.4457430582779962,-1.5438841061868531,-1.6467083321543234,-1.7544360384678477,-1.8672977315780335,-1.9855349451661988,-2.1094007604700717,-2.23916033947446,-2.3750914950003263,-2.5174852815486637,-2.666646618376554,-2.8228948940897602,-2.986564873182866,-3.158006969354573,-3.337588350815786,-2.0,-3.7227263690576122,-3.9291078339164125,-2.0,-2.0,-2.0,-2.0,-2.0,-5.3900094886813115,-5.675460166479456,-5.974443189844262,-2.0,-6.61559880176422,-6.9591450157484624,-2.0,-7.69585595711362,-2.0,-8.504048766986713,-2.0,-2.0,-2.0
0.005023484020512821,-0.18009767057053455,-0.1797139446890869,-0.17931192884030586,-0.1788907678078721,-0.1784495353359436,-0.17798731731731854,-0.1775030980879512,-0.17700501564812296,-0.1764850503259705,-0.17594064054024822,-0.1753706290943034,-0.17477378623126474,-0.17414883764101427,-0.173494439834484,-0.17280919261054606,-0.1720915766675003,-0.17134015334839175,-0.17055327235454393,-0.16972921221630477,-0.1688662219941981,-0.1679624553670912,-0.16701597278546967,-0.1660247479905869,-0.16498665427188708,-0.1638994667438117,-0.1627608545515579,-0.16156837689486273,-0.16031947772539043,-0.15901148115370292,-0.15764158102849518,-0.15621024908238854,-0.15474626289186985,-0.15321326292509255,-0.15160796452639155,-0.1499269260872114,-0.14816653418808545,-0.14632304763001147,-0.1443924827943803,-0.14237070890767128,-0.14025340613512077,-0.13803602319415623,-0.13571477214155112,-0.13334908479221408,-0.13087181269083162,-0.1282776467019311,-0.12556097967131688,-0.12271613713958249,-0.1197368740150503,-0.1166168539832936,-0.11341468277555512,-0.11009024101180873,-0.10660888784425565,-0.10296320260295744,-0.09914528291948432,-0.09517304851560318,-0.091109342042618,-0.0868538252457816,-0.08239758234986336,-0.0777308574658443,-0.07296627613060042,-0.06800443740957202,-0.06280839304711044,-0.05739200913522666,-0.05187326548319056,-0.046093935953034404,-0.040042216755267396,-0.03390602025925633,-0.027485541943666484,-0.020805351606953536,-0.014001746078353743,-0.006877148767077009,0.0004020599711178352,0.007942415107206426,0.015713946537400596,0.023683850614028036,0.03191636549522488,0.04032850728577995,0.048985238222609674,0.05785102987990588,0.06688893122678427,0.07621740857311378,0.08558708200855937,0.09521906672783281,0.10502929501722796,0.11488978811976393,0.12493740567695596,-2.0,0.14531851513479704,0.1555658899420414,0.16587550739358092,0.17621073869544546,0.18651245829107782,0.19665038433250714,0.20669785937682783,0.2166119009139847,0.22634746041316117,-2.0,0.24510488335403197,0.25403313747511913,0.26251966586506625,0.2705566322195365,0.27813450793306294,0.28521314636565276,0.2917584877395194,0.2977451247999797,0.30308798427287875,0.3075913449116736,0.3114260342049603,0.31463701775548725,0.3170595606804555,0.31847465170868144,-2.0,0.3191943545915389,-2.0,0.31651200529872214,0.3137577739206891,0.3102469651098397,-2.0,-2.0,0.29442034385617516,0.2872242614683938,0.27902210506147623,0.27032479868242165,0.2605203508995359,0.2495421630701617,0.23764424929801747,-2.0,-2.0,0.19683781037550613,0.1809760335016301,0.16397583569369223,-2.0,0.1271266844070143,0.10710306434914357,0.08581590673877126,0.06323867746929335,0.039338631232529564,0.014077660417830429,-0.012587340903004285,-0.040704182852968396,-2.0,-0.10150707367124723,-0.13426519808714488,-0.16857807486572685,-0.20457383799469886,-0.24241845388843752,-0.28218957550895263,-0.3239683527927928,-2.0,-0.41389772868361274,-0.4622352284601723,-0.512954465646585,-0.566162033721348,-0.6219701052883342,-0.6804966360020746,-0.7418655969923236,-0.8062072113015062,-0.8736577977852664,-0.9443621266231976,-2.0,-1.0961384784617674,-1.1775346119105856,-1.2628317187625542,-2.0,-1.4458664220455437,-2.0,-1.6468082378374904,-1.754525133284656,-1.8673771081752855,-1.9856049216228708,-2.1094618618576404,-2.0,-2.3751362924335857,-2.0,-2.0,-2.0,-2.0,-2.0,-2.0,-2.0,-2.0,-3.9290979149314023,-2.0,-4.371688313127827,-4.608850223592883,-2.0,-2.0,-5.38997519329906,-2.0,-2.0,-2.0,-2.0,-2.0,-2.0,-2.0,-8.090541937095688,-8.503989388880226,-8.937029372804513,-9.390589294937179,-9.8656420037296
0.004880251583654429,-0.1803035282400582,-0.17993222220568475,-0.17954321489717065,-0.179135675994364,-0.1787087139073824,-0.17826144384867143,-0.1777928781023335,-0.17730443883077746,-0.17680123049917507,-0.1762743763277011,-0.17572274866660326,-0.17514516143698142,-0.17454038051253046,-0.17390710544669852,-0.17324394937237164,-0.17254953679060536,-0.17182238830010116,-0.17106092264902997,-0.17026348831303667,-0.1694283784692142,-0.16855381723511287,-0.16763792548556553,-0.1666787381890107,-0.1656741996863725,-0.16462215794456078,-0.1635203559572847,-0.16236643186089927,-0.1611579132105489,-0.15989220912192528,-0.15856660564174324,-0.15717826158898432,-0.15574172816391305,-0.15425837129199918,-0.1527050675376435,-0.1510784860083056,-0.1493751432843845,-0.1475913847344984,-0.1457233895876692,-0.14376715375566865,-0.14171848407867702,-0.13957299059981634,-0.1373260740916351,-0.1349980923700784,-0.1326013379514421,-0.13009150469414715,-0.12746321439302508,-0.12471079568585383,-0.12182846306700472,-0.11880992685142987,-0.11565515001054487,-0.11243913649264414,-0.10907134588209157,-0.10554466490617209,-0.10185135723305112,-0.09798371598580277,-0.0940042375596727,-0.08988825356050015,-0.08557785373268459,-0.08106410895121752,-0.0763651664944213,-0.0715664586865083,-0.06654141338129366,-0.06127909821927696,-0.05585880459314939,-0.05027057643523927,-0.044418618857148096,-0.03836081754998925,-0.0321532948935373,-0.025653087164840264,-0.01897594381610656,-0.012088968747122699,-0.004893519237784055,0.002394132860878924,0.010025411331680632,0.017783035220732026,0.025847528521335497,0.034059360434787724,0.0425695057264737,0.051197631423794035,0.06015709938135725,0.06916469280753403,0.07845934265574424,0.087918430365304,0.09749232941879915,0.10729235223985835,0.11719490785277228,0.12715948661245513,0.13726813053021192,0.14748874407464563,0.15767376288778834,0.167854263313225,0.17804362233604976,0.18820386769158842,0.19829283252204033,-2.0,0.2179545995524962,0.2274576681869693,0.23671321825797853,0.24567617304046827,0.25430002204244884,0.2625401013746242,0.27035423524708446,-2.0,-2.0,0.2904264472119949,0.29592632862193236,0.3008163585275522,0.3050641096239882,0.30837578277587663,0.31095418656736773,0.31292548019509425,0.3139046574858207,0.3140199580315227,-2.0,0.31180855989147016,0.30962323219224724,0.30611049493644854,-2.0,-2.0,-2.0,-2.0,0.27618883398991995,-2.0,0.2579871529923235,0.2473150548291308,0.23548659247810527,0.22291112176693006,0.20957038810773793,-2.0,0.17937939717228685,0.16253642425179027,0.1445474689362628,-2.0,0.10573598275246537,0.08457304499509077,0.0621056327710825,0.03830327407176315,0.013130218272852656,-0.01345702377899305,-0.04150310204252794,-2.0,-0.10218424867722886,-0.13493281027473292,-2.0,-2.0,-0.243054643504523,-0.2827777379650479,-0.32451244004731117,-2.0,-0.4143639108638404,-0.46266672730308656,-0.5133542134865227,-0.5665321918230757,-0.6223127950871636,-2.0,-2.0,-0.8064784298187837,-0.8739087477857199,-0.9445933313596969,-1.0186826693348996,-1.0963346658804776,-2.0,-2.0,-2.0,-1.4460047123974358,-2.0,-1.6469225274026629,-2.0,-2.0,-1.9856881721174031,-2.109535916023364,-2.239278429656111,-2.3751934601293607,-2.5175720028078197,-2.666718921404545,-2.822953598029837,-2.9866106181839007,-3.1580404815252963,-3.3376103588492274,-2.0,-3.7227269006314385,-2.0,-4.145261709784996,-2.0,-2.0,-4.857242512007436,-5.117427951345911,-5.389950599593868,-2.0,-2.0,-2.0,-2.0,-2.0,-2.0,-2.0,-8.090493801931007,-8.503938919834173,-8.93697668256485,-9.39053485927215,-9.865585183322494
0.0047411030715949695,-0.18050349853301584,-0.18014426367425845,-0.1797678882163959,-0.17937358426665673,-0.1789604909354202,-0.1785277325371902,-0.17807437336275989,-0.17759944572044517,-0.17710837464039908,-0.17659856710382305,-0.17606480182207482,-0.17550592102743923,-0.17492072959056817,-0.17430797498759537,-0.17366634053445593,-0.172994448393049,-0.1722908601677189,-0.17155406317723104,-0.17078248831121187,-0.16997446397382748,-0.1691282735128431,-0.16824209671389298,-0.16731403168284362,-0.16634209098506222,-0.16532418857771114,-0.16425814332328187,-0.1631416729726716,-0.161972379418118,-0.16074775909504288,-0.1594651859302395,-0.15812190981153626,-0.1567150195155634,-0.15527360104756413,-0.15377080529046314,-0.15219712577465958,-0.15054916103404586,-0.1488234610772941,-0.147016247290552,-0.1451236703542338,-0.14314156885526122,-0.14106601762154183,-0.1388922439367506,-0.13661569597897077,-0.13428141474695177,-0.13185350325125825,-0.12931101400816433,-0.12664849963049513,-0.12386025328077399,-0.1209402992116874,-0.11788238199404533,-0.11472087378767279,-0.11146346259506247,-0.10805231974890699,-0.10448013372510508,-0.10073913354868028,-0.09682157781611091,-0.0928358553926946,-0.08866734475366093,-0.08430205743536667,-0.07973063548764728,-0.07502652563769588,-0.07016766683743753,-0.06507924775299728,-0.0597505759744824,-0.05432760378752732,-0.0486698826339893,-0.04274508583632792,-0.03668780821892592,-0.030404271623596872,-0.023824151178472718,-0.01715175037049926,-0.010181447829345935,-0.0029956647142394197,0.004378509553950298,0.012050981698232467,0.01984209947315467,0.027969520860723136,0.036189386584107176,0.044734716563156154,0.05339362907132037,0.06231371864548764,0.07142032508868747,0.08066502841951062,0.09017100047905352,0.0997365846010342,0.10946388020438844,0.11937783508623312,0.12934157465244944,0.13934975965616547,0.14945522732378108,0.159623051192943,-2.0,0.1798101296724366,0.18979976697413775,0.19969941784234702,0.20946592789470564,0.21905564968717758,-2.0,0.2374520932681233,0.2461224215926485,0.25442636361163257,0.2623176454864078,-2.0,0.27669120410675163,0.28309919656316423,0.28888252552259075,0.2938895744733129,0.29823756380344146,0.3019387723959017,0.304975262648269,0.3069843886801841,0.30825954590640353,0.30890265828233665,-2.0,0.30723313044757483,0.30500050514073523,0.30208363480511985,0.29802290927967967,0.2933922887132775,0.2873993774830323,0.28091994713262863,0.2733391444717536,0.2645523830641384,0.2552294194133751,0.24490307460019772,0.23334560505706675,0.22071435947393614,0.2074295400543455,0.19315307824704026,0.17767254289122308,0.16100109230583004,0.14313975273262813,0.12416789033550873,-2.0,-2.0,0.06090576075951615,0.03720849733331244,-2.0,-2.0,-2.0,-0.07183427529227071,-2.0,-0.13559157081000128,-2.0,-0.2059746288478086,-2.0,-2.0,-0.32508302087680463,-2.0,-0.4148525309503396,-2.0,-0.5137728249025842,-2.0,-0.6226718059245644,-0.681146069355269,-0.7424663921082054,-2.0,-2.0,-0.9448358151682933,-1.018906300804864,-2.0,-1.1779043744491386,-1.2631710856811895,-1.3525228210535731,-2.0,-2.0,-1.6470432752959687,-2.0,-1.8675687884173722,-1.9857767470165553,-2.109614953826757,-2.2393484645281605,-2.3752549921816297,-2.517625499360788,-2.0,-2.0,-2.986642538862835,-2.0,-2.0,-2.0,-3.7227350440134668,-2.0,-4.145259743664579,-4.371672978593819,-2.0,-2.0,-2.0,-2.0,-5.675367749337414,-2.0,-6.287487270699032,-6.615477980239845,-2.0,-7.3188362535173095,-7.695710710980859,-8.09044644323008,-2.0,-2.0,-9.390480619681226,-2.0
0.004605922041145104,-0.18069776163395157,-0.1803502362578232,-0.1799861415450251,-0.17960469346588573,-0.17920506784291235,-0.1787864104748293,-0.17834782102167335,-0.17788836702315308,-0.17740705314652036,-0.17691349660353575,-0.17639707994860565,-0.17585637013311126,-0.17529021681072093,-0.174697385471422,-0.17407662955090691,-0.17342660566159857,-0.17274588601603555,-0.17203311150099582,-0.17128665467893422,-0.17050494835979124,-0.1696863109670646,-0.16882899833584172,-0.16793116926291746,-0.16699089194779332,-0.16600615453912326,-0.16497484594243514,-0.1638947552898479,-0.1627635669453227,-0.16157885449663478,-0.1603380823693205,-0.1590385871466977,-0.157677583951877,-0.15625981722517931,-0.15480608609756155,-0.1532837914728915,-0.15168961629082117,-0.15002032703641774,-0.14827215608739067,-0.14644136312252376,-0.14452410591570133,-0.14251637437784795,-0.14041364976275675,-0.138211522647615,-0.13591339434796407,-0.13356515224921656,-0.1311060134761553,-0.12853079647065088,-0.1258339827978047,-0.12300979454824645,-0.12005217859093958,-0.11695479557034422,-0.11378720194975762,-0.11048832833518486,-0.10703373017659795,-0.10341600478407198,-0.09962734046406778,-0.09569925297049675,-0.09166846168393095,-0.08744750466918655,-0.08302711915674343,-0.07839813938673584,-0.07369034562822488,-0.06877076992795295,-0.06361910729673113,-0.05826876948534013,-0.05279967063669283,-0.04707227402116219,-0.04109258126672671,-0.03501979243227309,-0.028660235262938254,-0.02206990589864113,-0.015334488531378782,-0.00828141745217089,-0.001107207202083911,0.00635326492985331,0.01400805595183409,0.02188863390518831,0.02999130808566134,0.038303818409804694,0.04681594833047812,0.055570360964765544,0.06444755488113342,0.07361858260427223,0.08284268300694392,0.09228541073729253,0.10194659674075732,0.11159739823524384,0.121422156536592,0.13139060820354792,0.14137989073836338,0.15136441886471086,0.16139620473050065,-2.0,0.18144874459555183,0.19131410336095972,0.20101601714690936,0.21056343307653594,0.219911812219782,0.2290149274377258,0.23782593979968394,0.24629967606681957,-2.0,0.2619338022577272,0.26897523581204286,0.2754873770662969,0.28143425113678056,0.28678936495150087,0.29152722803302755,0.29540643882199513,0.29850516796242244,0.30094069534215134,-2.0,0.3032615444845705,0.3032303020753011,-2.0,0.3003456969176352,-2.0,0.2939302891083566,0.28946318070751986,-2.0,0.27735636752390996,0.27021472081073833,-2.0,-2.0,0.2422759411726209,-2.0,-2.0,0.20519176296873082,0.19109755562602943,0.17583746322667654,0.1593544573476271,0.141655833956715,-2.0,0.10278424011880555,-2.0,-2.0,0.03604229043073348,0.011062813294883678,-0.01535019357576195,-0.043240545690519605,-0.07265717180931075,-0.10365390268355845,-0.13628956867677544,-2.0,-0.20667523923360087,-2.0,-2.0,-2.0,-2.0,-0.41537273019337473,-2.0,-0.5142199077144567,-2.0,-2.0,-0.681502247993742,-0.7427965669904857,-2.0,-0.8744548228306661,-0.9450981924579474,-1.01914901792383,-1.0967649333168679,-2.0,-1.2633620745578016,-1.3526986785232864,-1.4463120930747804,-1.5444023338272999,-1.6471790661732821,-1.7548620482282802,-1.867681596559232,-1.9858790701408342,-2.1097073887913638,-2.239431570381775,-2.375329290417622,-2.5176914782424857,-2.666822938100611,-2.823042995269084,-2.986686183187768,-2.0,-3.3376600886056647,-2.0,-2.0,-2.0,-2.0,-2.0,-4.60882538377629,-2.0,-5.117399435720352,-5.389914374256467,-5.675350861593753,-2.0,-2.0,-2.0,-2.0,-7.318803365554288,-2.0,-2.0,-2.0,-8.936881506180036,-2.0,-2.0
0.00447459536921003,-0.1808864649132384,-0.18055032464910242,-0.18019815976060344,-0.1798291966029015,-0.17944265116068692,-0.17903769596238575,-0.1786134559503875,-0.1781690221430421,-0.17770345840120338,-0.1772194344946318,-0.17671985881643182,-0.17619680276892685,-0.17564912932885737,-0.17507566652424647,-0.1744751919364691,-0.17384636441651252,-0.17318793771222518,-0.17249846283521725,-0.17177641091111337,-0.17102026085153327,-0.17022840470976047,-0.1693991289257036,-0.16853066627307997,-0.16762114757727067,-0.1666686276724609,-0.16567106178974034,-0.1646263124357024,-0.1635321391550787,-0.1623861956110396,-0.16118602789505854,-0.15992906096949822,-0.1586126020480618,-0.15723382818010995,-0.155811773538938,-0.15433940193840223,-0.15279741970977273,-0.15118281577803283,-0.1494921648105082,-0.14772150084142643,-0.14586719538820467,-0.1439252730699106,-0.14189157135188254,-0.13976173136376144,-0.13753116650003355,-0.1352278717584672,-0.13284970009681216,-0.13035928638207903,-0.12775120027968276,-0.1250200080138445,-0.12215994998496268,-0.11916459091696618,-0.11604451176948409,-0.11285460784418527,-0.10951432555114926,-0.10601623997560958,-0.10235287225431247,-0.0985165787943249,-0.09458386497259322,-0.09050294497742528,-0.08622953962079832,-0.08175413757745306,-0.07711231477401029,-0.07235683404078122,-0.0673770461610113,-0.06216202606868493,-0.05681151739734891,-0.051276328686020646,-0.045479830805787685,-0.03950318437688607,-0.033358073649249025,-0.02692269439236072,-0.020340416455454813,-0.013526142073237678,-0.006436069694242576,0.0007703100717288205,0.008316547638129737,0.015951219321569794,0.023920708066243836,0.03199587624785834,0.04039993252871036,0.0488761426658937,0.05767443199066159,0.06655618068819674,0.07567168130265267,0.08498994974110909,0.09436503358889817,0.10395461787303784,0.11368977581475614,0.12342014270754541,0.13328114554010406,0.14323916264926634,0.15321339858765504,0.16310208840864665,0.1729833125978309,0.1828166447248034,-2.0,0.20217118118244795,0.21155694834584404,0.22065403709931228,0.22948144981317062,0.237990680471256,0.24613516714247716,0.2538686600607158,0.26114760751039334,-2.0,-2.0,-2.0,0.2843948081558839,0.28858930009734063,-2.0,0.2947890100850985,0.29655775646000876,-2.0,0.2979195620180315,-2.0,0.29571802822662324,0.2930380601426465,-2.0,0.28530238662903773,0.2802756601538659,0.2738657968882991,0.26676941717170627,0.25878836618319345,0.24944747665248962,0.23941504198203806,0.22854006303860158,-2.0,-2.0,0.18888934770455462,-2.0,0.15759348925577288,-2.0,-2.0,0.10133002026113619,0.08035614647167877,-2.0,0.03480710828078304,0.009935953055173807,-0.016380682731412466,-0.04418486099441543,-0.07352386169990355,-2.0,-0.13702357484948113,-0.17130394058574883,-2.0,-2.0,-0.2847388499612985,-0.32632603996147536,-0.37002235866714595,-0.4159178805320365,-0.464106324293445,-0.5146879055366194,-0.5677681115534727,-0.6234581424802998,-0.6818750984987004,-0.7431421899635126,-2.0,-0.8747513951104118,-0.9453728428464823,-2.0,-1.0970000426572686,-1.178328616988058,-1.2635623950775599,-1.3528832469712238,-1.4464818804689643,-1.5445582398131306,-1.6473219240767025,-1.7549926329154073,-1.8678006268499328,-1.9859872166162877,-2.109805276728281,-2.23951978033511,-2.3754078295328287,-2.5177619327867014,-2.666885244332804,-2.0,-2.0,-2.0,-3.33769433814997,-2.0,-3.722775976291034,-2.0,-2.0,-2.0,-2.0,-2.0,-2.0,-2.0,-5.675335582819905,-2.0,-2.0,-2.0,-2.0,-2.0,-2.0,-8.090370874919738,-8.503808538898573,-8.9368392094077,-2.0,-2.0
0.004347013158125022,-0.1810697771276934,-0.18074470429156314,-0.18040411406565068,-0.1800472835558081,-0.17967344644750924,-0.17928180005844013,-0.17887149964387408,-0.17844167214255835,-0.17799139247104045,-0.1775196829597727,-0.17703341757923247,-0.1765275073371246,-0.17599780013488847,-0.17544314265581956,-0.1748623655889541,-0.1742542152360274,-0.17361735079186041,-0.1729505098689146,-0.17225217163278372,-0.17152085343068482,-0.17075499968274044,-0.1699529670524877,-0.16911303122730356,-0.16823339343609636,-0.1673121686855199,-0.1663473805156078,-0.1653369625077386,-0.16427874603278445,-0.16317046473300864,-0.16200974118351352,-0.16079408705589845,-0.1595208984721085,-0.1581874437293892,-0.15679086448179985,-0.15536484662697425,-0.15387373871799204,-0.15231239862625007,-0.15067731208390953,-0.1489648948468575,-0.14717181918014713,-0.145293828207949,-0.14332725778777627,-0.14126764293512784,-0.13911065257693186,-0.13685159525282656,-0.1345435695425398,-0.1321355201066347,-0.1296138227402943,-0.1269728848488538,-0.1242074990464374,-0.12131129864660503,-0.11827799031490419,-0.11515334467083603,-0.1119240614237211,-0.10854219343123936,-0.1050006179525944,-0.1012916558284812,-0.09741586971457687,-0.09347128740119737,-0.08934040239683506,-0.08501445731458705,-0.08048418256557174,-0.07584042063254912,-0.07102766355934788,-0.06598751238392211,-0.06070975668953041,-0.05536005584491708,-0.04975888408413903,-0.04389303507216446,-0.03792178375478949,-0.031704430929589494,-0.025203307630357413,-0.018621159294156885,-0.011728341829833157,-0.004653552082536476,0.0026341580400672665,0.010183216902340454,0.017877793178974095,0.02586807727108202,0.033980216699197825,0.04237335003157476,0.05091198749443969,0.05966308746862916,0.0686351095833653,0.07769183245422522,0.08699866051174965,0.0964053102919413,0.10591164025404001,0.11559090510095262,0.12536633613913012,0.13511391702466174,0.1449444221882199,0.15482056795609422,0.16470584135543476,0.1744472945183918,0.18409472677822802,0.19363178735697015,0.20301538989775858,0.21220036230640457,0.22113944051165155,0.22978432944701027,0.23800822078096326,0.24581060696380724,0.25317199005565005,0.2600470988748011,0.26639462933093117,0.2721791620721705,0.277365647931197,-2.0,0.2853724338436383,0.2883074630976895,0.29057649415071735,-2.0,0.29223489966998484,-2.0,-2.0,-2.0,0.2852910820791219,0.2812530036959754,0.27618183358674747,0.27037524299557597,0.26321107869603383,-2.0,0.24661378873347567,0.23650324146220253,-2.0,0.21398798601305458,0.20087450612704577,0.18666785987975326,-2.0,0.1556991378242455,-2.0,-2.0,-2.0,0.07886839997197825,0.05681943947066581,0.03349008302552625,0.008735690445341504,-0.01747737566740537,-0.04518919517325026,-0.07444571445151305,-2.0,-0.13780362530573487,-2.0,-2.0,-2.0,-0.28546388793164656,-2.0,-0.3706480208098124,-0.4164972618337961,-0.46464324939928847,-0.5151860829515936,-0.5682303039639742,-0.6238867383011596,-0.682273461802938,-0.7435120463208835,-0.807731875932403,-2.0,-0.9456687332360953,-2.0,-2.0,-1.1785643062362294,-1.2637805872699717,-1.3530850457129686,-1.446668305263934,-1.5447302331572956,-1.6474803616610019,-1.755138324328822,-1.8679343243375355,-1.9861096211701295,-2.1099170401358434,-2.239621512396252,-2.3755006347583545,-2.5178452644653,-2.6669601374527376,-2.0,-2.0,-2.0,-2.0,-3.525810035015664,-3.7228090362070594,-2.0,-2.0,-4.371699593001612,-2.0,-4.857226070591578,-5.117394862312089,-5.389901580282014,-5.675330260632983,-5.9742923829488594,-6.287428430188203,-2.0,-2.0,-7.3187491941399,-7.695615152014547,-2.0,-8.503777826138274,-8.936805982729316,-9.390355017146856,-9.865396642306397
0.004223068643690165,-0.18124784919804576,-0.18093352368386073,-0.1806041878580344,-0.18025914296347093,-0.1798976493468573,-0.17951892847644274,-0.17912217055572155,-0.17870652030378434,-0.17827109535808214,-0.17781495292883634,-0.1773380176891928,-0.17684876139753467,-0.17633649921261085,-0.17580012024697667,-0.1752384796755759,-0.1746503689510545,-0.1740344913453166,-0.17338965100792944,-0.17271433614700993,-0.17200714113862536,-0.17126655073166805,-0.17049097508279026,-0.16967875237212984,-0.16882814180568156,-0.1679373180202579,-0.1670043719692612,-0.16602730285333875,-0.16500401616967375,-0.16393231859996307,-0.16280991258139987,-0.1616343919859814,-0.16040323596016337,-0.15911380695721586,-0.15776333937127657,-0.15636098304393134,-0.1549192811602867,-0.15340956212289744,-0.15182858724220935,-0.15017296800864852,-0.14843908648197515,-0.146623343316006,-0.14472180964217654,-0.1427303429676957,-0.14064497247672117,-0.1384607756307401,-0.13618902396386562,-0.1338610144849177,-0.13142311853691738,-0.12886996989950017,-0.12619652586310895,-0.12339662677048516,-0.12046441620711415,-0.11739361156971832,-0.11426477268065915,-0.1109959483572191,-0.1075726200434436,-0.10398759637550696,-0.10023319627267173,-0.09635469730232593,-0.09236225707803063,-0.08818149905050937,-0.0838031939963299,-0.07922465340471156,-0.0745739285677824,-0.0697036523643966,-0.06460338289544035,-0.05932704883568699,-0.05391562249774179,-0.04824857918306696,-0.04235503702536319,-0.03634946185083521,-0.030060372914321953,-0.023570433319074123,-0.01691388504438452,-0.009942989378772436,-0.002885784620909951,0.0044827765440313486,0.012007640802853554,0.01978567354167908,0.02774404569286982,0.03594200712254457,0.04429414180609041,0.05292071759364799,0.06162022343318587,0.07060240342404793,0.0796757066269137,0.08890915412145226,0.09835532781158526,0.10782094185818299,0.11739949753525268,0.127107393458404,0.136884964107353,0.14658061289421803,0.15630699828718597,0.16602450337687877,-2.0,-2.0,0.19459903011711988,0.2037455876480123,0.21266978826253788,0.22132449835833662,0.22966164733269898,0.23763492265407965,0.24519781709421293,0.2522796745967332,-2.0,0.2646449506472963,0.2699398639168681,0.2746074210789221,0.278631145089827,0.2818720208674722,0.28417525395169557,0.28576782452840765,-2.0,0.28642904532980984,0.28542049906577666,0.28362283878631883,0.2806048099275089,0.27701100725048267,0.27206115641263845,0.2665219743675799,0.2597559769964935,-2.0,0.24353956255430914,-2.0,0.22288992927170787,0.2113966562928592,-2.0,-2.0,0.1695016378427448,-2.0,0.13655760059606825,0.11814745687272793,0.09843716019982701,-2.0,0.0553118984000599,0.032092512083135016,0.007464366531345856,-2.0,-0.04624971586671811,-0.07541763557757353,-2.0,-0.13862446750256863,-0.17277924687723578,-2.0,-2.0,-0.28617487123824836,-2.0,-0.3713038023160993,-0.41710427458018295,-0.4652060657780649,-0.5157076291161365,-0.5687141668023201,-0.6243362560706662,-0.6826902268600875,-0.7438989284305311,-0.8080914875413219,-0.8754036638825289,-0.9459781096039503,-1.0199646471559478,-1.0975205676896667,-1.1788109494980303,-1.2640089914273127,-1.3532963719912996,-1.4468635066224393,-1.5449103799037007,-1.6476465668146736,-1.7552912791960273,-1.8680748184184623,-1.9862383874677025,-2.1100347607589676,-2.2397288217937916,-2.375597589967855,-2.517933491787167,-2.667039617674152,-2.8232357349280015,-2.9868562887322803,-3.1582516529529885,-3.3377888726450076,-3.525852456700247,-3.722845196342008,-3.9291890261645213,-2.0,-4.371718874564076,-4.608852821927146,-4.857235754506686,-2.0,-5.389902156229117,-2.0,-5.974284971315928,-6.287417321692697,-6.6153946344693955,-6.958919559957931,-2.0,-7.695591011660686,-2.0,-8.503748089611845,-2.0,-9.390320218168549,-9.865359469719246
0.00410265810582719,-0.1814208391509464,-0.18111694173157541,-0.1807985427384254,-0.1804649459443777,-0.18011544285948528,-0.17974928206443896,-0.17936567758676725,-0.17896380595074515,-0.17854280799427116,-0.17810178360718487,-0.17763977993882582,-0.17716082938087768,-0.17666552081658096,-0.17614686622046133,-0.17560383682255254,-0.17503516125020854,-0.17443975963047212,-0.17381623060942764,-0.17316328962882832,-0.1724795302803093,-0.17176348056554347,-0.17101360851928024,-0.17022830789812068,-0.1694058934801164,-0.168544601309534,-0.16764258636108614,-0.16669791528947406,-0.16570856072603815,-0.1646724016609015,-0.16358721755496242,-0.16245068251795558,-0.16126035883917,-0.1600136910242821,-0.15870802038250093,-0.157340535177894,-0.1559348787785505,-0.15447535716678784,-0.15294696006487143,-0.1513464083266608,-0.14967027189392887,-0.1479148677464468,-0.1460767086793162,-0.1441515786722618,-0.14213544335720993,-0.14002398287245169,-0.13781267085653248,-0.13553717886539174,-0.13318070456971448,-0.13071297604205293,-0.12812867840049164,-0.12542235613063962,-0.12258812670649338,-0.11961994241823935,-0.11653887081932017,-0.11337940047050613,-0.11007111161159501,-0.10660639707556567,-0.10297800503817843,-0.0991781595973108,-0.09529787604043216,-0.09125802198050734,-0.08702734523438461,-0.08259682286151762,-0.07801883683820317,-0.07331357805855832,-0.06838608840856181,-0.06322597823764395,-0.05795353949110041,-0.05247951196173547,-0.04674734077352143,-0.04086171799415492,-0.03478810310386099,-0.02842758807011552,-0.021950959418812623,-0.01522060303205474,-0.008247931356365132,-0.001135013091230229,0.006305313997095392,0.013811619912188863,0.021672239448310572,0.02959560306581442,0.037865423793788974,0.046186019129544086,0.054805911363028835,0.0635436061216945,0.072461647430895,0.0816194110995361,0.09077478972316469,0.10013151290879542,0.10966044410653496,0.11915023858297906,0.12873763011521783,-2.0,-2.0,0.1577114230228683,0.1672536291205584,0.17672838069835292,0.186092826818951,-2.0,0.2043138329114381,0.21300743450799614,0.2213648923154858,0.22937859951806444,0.23699985003496912,0.24417998883090813,-2.0,0.2570435112009125,0.2626305118311909,0.26745842132726383,0.2715800820003169,0.27501726394628834,-2.0,-2.0,0.2806156494398627,0.2808099776585187,0.2802121163847065,-2.0,0.27600957676944804,0.27231896759038965,0.2680094676974733,0.2623568380325538,0.25614329894569904,0.24846894214398463,0.2401523683239552,0.23076772511785232,0.2200135680730702,0.20857426561347514,-2.0,0.18233600196290373,-2.0,-2.0,0.1346092222963613,0.11640298806420729,0.09686788050133016,0.07599996301239764,0.05384340677654009,-2.0,0.006116193059743091,-2.0,-0.0473706205376051,-0.07644339714917903,-0.10713155718938983,-0.13948882999876866,-0.17357467648768032,-0.20945368521850427,-2.0,-0.2868626860970359,-2.0,-2.0,-0.4177410819071733,-2.0,-0.5162539073521144,-0.5692207391358529,-0.6248062439277626,-0.6831263497211126,-0.7443037062059783,-2.0,-0.8757523930142816,-2.0,-1.020264905857105,-1.0977988526942004,-1.1790688462386423,-1.2642480864813872,-1.3535173490566819,-1.447068253141227,-1.5450995352519072,-1.6478208958114382,-1.7554518311536962,-1.8682222500974728,-1.9863738048615658,-2.0,-2.2398419639652776,-2.0,-2.5180268390772254,-2.667123890085456,-2.8233114493341174,-2.0,-3.158311625463353,-3.3378416100282067,-2.0,-3.722884607825747,-2.0,-4.145353388551806,-4.371740825273463,-4.608869551292025,-4.85724752813703,-5.1174068271678115,-5.389904768959224,-5.675325120514721,-5.9742793329827455,-6.287407866906369,-2.0,-6.958903033124559,-2.0,-7.695568096456954,-8.090289920341885,-8.503719400458088,-8.93674228332678,-9.390286304840126,-9.865323158350423
0.003985680781783775,-0.18158888755824176,-0.1812951322636293,-0.18098734573991168,-0.1806648619743156,-0.180327014178711,-0.17997305441236244,-0.17960222671219528,-0.17921374203309717,-0.17880675729618373,-0.17838041609791383,-0.17793378800646178,-0.17746590885421734,-0.17698514272791446,-0.17648375458812066,-0.17595875945286713,-0.17540901144279722,-0.17483340919533025,-0.17423062722033777,-0.17359942323641678,-0.17293842159033732,-0.1722462118708235,-0.17152131019313746,-0.1707621610889392,-0.1699671378681826,-0.16913453365921327,-0.16826256788748759,-0.1673493655100745,-0.16639297164827296,-0.1653913374139598,-0.1643423126031205,-0.16324360339154842,-0.1620927942213912,-0.16088787184992487,-0.1596257093843829,-0.1583037975417354,-0.1569214244341156,-0.1555107047553218,-0.15403338221941293,-0.1524863255215397,-0.15086603704480614,-0.14916951298577655,-0.1473927993091613,-0.14553204341342568,-0.14358333186887393,-0.1415424884902119,-0.13940514027168113,-0.13716670465804912,-0.1348880341704919,-0.13250319808262212,-0.1300056443049194,-0.12739021966699987,-0.12465110551003204,-0.12178267542249263,-0.1187785894230958,-0.115695048656095,-0.1124981518769105,-0.10915040129940728,-0.10564441652137208,-0.10197261324892232,-0.0981496643383539,-0.09424668702711783,-0.09015942299188927,-0.08587910407097712,-0.08139656221582867,-0.07682041793405794,-0.07206089779092442,-0.0670765825367255,-0.061876101471504574,-0.0565896933506314,-0.051053964057640726,-0.04525658070598715,-0.03938088958736588,-0.03323972663076435,-0.02684476637031747,-0.02034740088481498,-0.013543692309747377,-0.00659250994261381,0.0005960923956681088,0.008007984875129506,0.015592144845149654,0.02343020089462529,0.0314193725968271,0.03964350972571656,0.04804523551688338,0.056608687336106536,0.06542860962110422,0.07427728567282182,0.08336428885645747,0.09259051106998599,0.1018523065996962,0.11127375317081224,0.12082217332039834,0.13029759470324798,0.1398243220323359,0.14938027106355445,0.15892651868102564,0.16838542958273425,-2.0,0.18679716374902758,0.1957610277573821,0.20450196874663157,0.2129728523729235,0.22112683265105354,0.2289054785948,0.23618123833552013,0.2429642982649414,0.2492291528187214,0.254932340722977,0.26003740131728237,-2.0,-2.0,0.2711033874398188,0.27320476964543416,-2.0,0.2750991348399271,0.2745194745509915,0.27329935787085985,0.2709410880929669,0.2676829745585225,0.26354592654024206,-2.0,0.25210887690168143,0.2450023479742408,-2.0,0.22756615340688663,-2.0,0.20564125409979517,0.19344248052705343,-2.0,0.16516409066315613,0.14923799337282506,0.13250869218007022,-2.0,0.0951849863416126,0.07448293263761296,-2.0,0.029105927504027074,-2.0,-0.021173110140506046,-0.048564021355459785,-0.07753469319670281,-0.10813171381314501,-0.14040733541019879,-0.1744197052028118,-0.21023234316234696,-0.24791404353165403,-2.0,-2.0,-0.372719610416558,-0.41841667414755956,-0.46642157588288213,-0.5168345301029882,-0.5697594735275807,-0.6253062228345831,-0.683590799394121,-2.0,-0.8088683191362643,-0.8761251639211659,-2.0,-1.0205870233271988,-2.0,-2.0,-1.2645064582760328,-1.3537574980854066,-2.0,-1.545305724856412,-1.648011413838622,-1.7556284599688652,-1.8683855933724844,-1.9865243264932737,-2.1102973245746304,-2.2399693699584358,-2.375817923702379,-2.5181337191710758,-2.6672213778061375,-2.0,-2.9870040140303775,-2.0,-3.3379064310186486,-3.525956086554113,-3.7229356430073617,-3.9292665667977964,-2.0,-4.371773807895019,-4.608897135361699,-2.0,-5.1174244382116525,-2.0,-5.675333753684692,-2.0,-2.0,-2.0,-6.958896277295781,-2.0,-7.695554749888078,-8.090273518754326,-2.0,-8.936720221320073,-2.0,-2.0
0.003872038781812553,-0.18175213239835372,-0.18146822304808477,-0.1811707517658582,-0.1808590812992581,-0.18053253692424284,-0.1801904319904814,-0.17983202064219095,-0.17945653432872513,-0.17906316478869672,-0.17865108834190813,-0.17821939468649284,-0.17776717181363616,-0.17729559468683215,-0.17681099328378416,-0.17630354527239203,-0.17577219430918656,-0.1752158075565615,-0.1746331771013841,-0.1740230929643351,-0.17338420226777715,-0.1727151512424233,-0.17201450060057558,-0.17128076063501227,-0.1705123427102194,-0.16970760910996682,-0.16886483320068615,-0.16798220161165747,-0.16705783048134265,-0.16608973103790003,-0.16507583164662215,-0.16401395720148285,-0.16290183110871023,-0.1617370698689152,-0.16051717550914693,-0.15923953597448928,-0.1579014092952727,-0.15651646739617608,-0.1550887588585171,-0.15359366776705113,-0.15202798887614824,-0.1503882941640601,-0.14867123838145094,-0.14687306117428975,-0.14498984663068615,-0.14301760371623784,-0.14095210422086452,-0.13878892134200496,-0.13654667529522083,-0.13424226282137747,-0.1318290423061166,-0.1293018483845813,-0.1266552211747356,-0.1238836070131833,-0.1209809487639847,-0.11794449639364907,-0.11485601730160912,-0.1116217057414539,-0.10823463058762461,-0.1046872695707966,-0.10097281634387582,-0.09714994906786198,-0.09320184159075563,-0.08906758772019051,-0.08473768739847408,-0.08022706576841285,-0.07563041990887623,-0.07081714634300734,-0.06577629230906193,-0.06058261272697681,-0.05523750722293457,-0.04963992438571169,-0.043842413718975265,-0.03791422204202915,-0.03170604298530467,-0.025328070774511983,-0.01876166446234935,-0.011894023375007577,-0.004958095209149797,0.002305293193960653,0.009685835865359822,0.01734676198221939,0.025145033319456153,0.033212654792045514,0.04138718971553242,0.04986785194807174,0.05837123487149954,0.0671449885860507,0.07604691797834004,0.08504943130160798,0.09425083474369321,0.10351376319053811,0.11282142526853974,0.12224273212653682,0.1317437869431578,0.14115961978843208,0.15054999638792632,0.15991231781262844,0.16920603373318654,0.1783875777324527,0.18737955474880472,0.19608632374187834,0.204546208481818,0.21271027193134767,0.22052981602507812,0.22795584678069053,-2.0,0.2414421829064292,0.24735625410742954,0.25258136758203287,0.25716642141202417,0.26108528245411344,0.26432001987326376,0.26682313947572767,0.2683051214820438,0.26898106729891247,-2.0,-2.0,-2.0,-2.0,0.2588293661640532,-2.0,-2.0,-2.0,0.23309470249918723,-2.0,0.2141635575712601,-2.0,0.1905322535015595,0.17742132955980522,0.1629143485293602,-2.0,0.13026854976790558,-2.0,0.09338533465206861,0.07286512319993754,0.05095151394567499,-2.0,0.003165994239523018,-0.022561046760613546,-0.04982749104205453,-2.0,-0.10918722672086012,-0.1413755237025388,-0.1753093128363672,-0.21105134275576387,-0.248669078356766,-2.0,-0.3298277584627647,-0.37344142280401327,-2.0,-0.4670776112476758,-0.517442491631505,-0.5703231980513602,-0.625829526808967,-2.0,-2.0,-2.0,-2.0,-2.0,-1.0209233707837382,-1.09841139690525,-1.1796380419770998,-2.0,-2.0,-1.447523368591555,-1.5455214432654687,-1.6482116674353002,-1.7558133815017163,-1.8685565228084366,-1.9866821060092286,-2.110442734655473,-2.0,-2.3759407260326455,-2.5182461851422886,-2.667324096056316,-2.8234935777569836,-2.9870889739649065,-3.1584605614256707,-3.3379753019152267,-2.0,-3.722990238301171,-3.929314744571548,-4.145433873383528,-2.0,-2.0,-2.0,-2.0,-2.0,-2.0,-5.974290270231071,-6.287410792759219,-6.615376869817825,-6.958891122105783,-7.3186894852941595,-7.695542788688459,-2.0,-8.50368198666656,-8.93669926150594,-2.0,-9.865269721823479
0.0037616370072543893,-0.1819107108504989,-0.18163637306354175,-0.18134892390866367,-0.18104774559445275,-0.18073219870458618,-0.18040160119703946,-0.18005524800424488,-0.1796923903196984,-0.17931224893276773,-0.17891402107209006,-0.17849684388763043,-0.17805981852215658,-0.17760197871934394,-0.17712888308837826,-0.1766384420237866,-0.17612497419159573,-0.17558728348250743,-0.17502424819056545,-0.17443465543245473,-0.17381724542805602,-0.17317069162088367,-0.17249360786956533,-0.17178454269775473,-0.17104197227770362,-0.1702643138981022,-0.16944989066156305,-0.16859695923669218,-0.16770368954521786,-0.1667681688388076,-0.1657883924901824,-0.16476225581353357,-0.1636875611656727,-0.16256199065649254,-0.16138317217892012,-0.16014853754534428,-0.15885545437007964,-0.15750109585790262,-0.15611398035378482,-0.15466937095196143,-0.15315656388949195,-0.1515721926442684,-0.14991315219046872,-0.14817571782660083,-0.14635612056336136,-0.1444505688160152,-0.14245486606262395,-0.14036478630566615,-0.1381758469174322,-0.13593163290461768,-0.13360020723078234,-0.1311588542744703,-0.12860208475328283,-0.12592450568821126,-0.1231203783772126,-0.1201836934310739,-0.11714641497751102,-0.11402239169508598,-0.11075082954430968,-0.10732471919489203,-0.10373671654454555,-0.09997912805325716,-0.09615744273875414,-0.09216495707089344,-0.08798369684142968,-0.08360487347994422,-0.07909835581419727,-0.0744508174882702,-0.06958366452360037,-0.06448679415441108,-0.05930145889830093,-0.05389810471426146,-0.0482394934275128,-0.04245512789484578,-0.03646350038676211,-0.03018927537668558,-0.02383051641249838,-0.017195566683071144,-0.010353540761360629,-0.0033472378051925405,0.0039483399443680026,0.011336013430327155,0.019050038233633312,0.02682750335258182,0.034919296373978996,0.04309314404267818,0.051515608352995436,0.060090177920266774,0.06878896110136512,0.0777234947928672,0.08667846307988199,0.09577881405925316,0.10503578752401498,0.11429855988628083,0.12358590655118425,0.13293662143352236,0.14231459925741852,0.1516221059317033,0.16079200080733985,0.16987330671183723,0.17882203185401943,0.18759291173791282,0.19613970099854264,0.20441220472806643,0.21228166979540822,0.21975344334289382,0.22680217961572488,0.2333791488899277,0.23943700254265313,0.24493361607631012,0.24983188093329836,-2.0,0.2573622270346221,-2.0,0.26185900811314455,-2.0,-2.0,0.2621708928729811,0.2606147745944492,-2.0,-2.0,0.24946925040168028,-2.0,-2.0,0.22954391842825678,0.22050776035169734,-2.0,-2.0,0.18763404544202428,0.17463936660669538,-2.0,0.14490380869346575,0.1280564114735866,0.11035264007962381,-2.0,0.07113685067948439,0.04939537646744918,0.026222822509797683,-2.0,-2.0,-0.051166655162349306,-0.07990860122464216,-2.0,-0.1423969432122859,-0.1762466788704642,-0.21191335506030295,-0.24946299236452685,-2.0,-2.0,-2.0,-0.4198562328260136,-0.46776552306569874,-0.5180796007471691,-0.5709137110633393,-0.6263773322642967,-2.0,-0.7456587661435881,-0.8097263136938686,-0.8769225846051292,-0.9473893976953078,-1.0212758373664501,-1.0987385390009747,-1.1799419927765111,-1.2650588754177738,-2.0,-1.4477665600678673,-1.5457470819929013,-1.648420766733673,-1.7560069712159587,-2.0,-2.0,-2.1105952444731124,-2.2402435539048273,-2.3760697556210886,-2.0,-2.667431926255474,-2.0,-2.9871786175933632,-3.1585417013806274,-2.0,-3.5260831279536435,-3.7230485584720263,-3.929366537033994,-4.145478956561847,-4.371848711144417,-4.6089606800494565,-2.0,-5.117467007633492,-5.389950661915298,-2.0,-5.974298797687882,-6.287415113493771,-6.61537719773968,-2.0,-2.0,-7.695532296398778,-8.090244660700536,-8.503665147089801,-2.0,-2.0,-9.865244480458106
0.0036543830709572546,-0.1820647621322774,-0.18179972031125577,-0.18152200118749767,-0.18123102062117563,-0.18092614702002546,-0.18060673777016809,-0.18027209727756588,-0.17992150887850666,-0.17955422028747103,-0.17916945387526928,-0.17876636807957821,-0.17834409938884493,-0.17790175282341122,-0.1774383765281963,-0.17696384174450186,-0.17646767890548215,-0.17594814859922642,-0.17540413338521965,-0.17483446255699567,-0.17423791904965744,-0.17361321872231322,-0.17295902492036963,-0.17227393351311035,-0.171556475847678,-0.17080511323127817,-0.17001823496997168,-0.16919415308518376,-0.1683311010497964,-0.1674272272454051,-0.16648059525085013,-0.1654891774465903,-0.16445084422415396,-0.16336337150578714,-0.16222442798673908,-0.16103157137970048,-0.15978224494008164,-0.1584737707600157,-0.1571098626413061,-0.1557143480585497,-0.15425290258273353,-0.15272245139245852,-0.1511197127154962,-0.14944125095822341,-0.14768347051163996,-0.14584260296354845,-0.14391470260730196,-0.14189563703703723,-0.13978108021364327,-0.13757275812449268,-0.135320715912653,-0.13296276038365293,-0.13049330887534155,-0.12790711576681638,-0.125198704177077,-0.12236226822392854,-0.11939173158479437,-0.11635452509077601,-0.11319517783275813,-0.1098865952523658,-0.10642160826858134,-0.10279303274337964,-0.09902856711530303,-0.0951738944153136,-0.0911367440136894,-0.08690896353423691,-0.082481531017519,-0.07798075851292657,-0.07328251520754006,-0.06836242150154814,-0.06324948885706277,-0.05803463950840007,-0.05257356036270905,-0.04686645501502886,-0.04108551387120935,-0.035031508804478105,-0.028754744727919127,-0.02235466882485434,-0.015652348009993898,-0.008838518427624245,-0.0017629480222137103,0.005496698780718831,0.012955147200983994,0.02062457560410865,0.02847383618487056,0.03651098518473721,0.0447572617534362,0.05311312087494566,0.06173782131138275,0.07037941302665675,0.07922302001927665,-2.0,0.09723858303797668,0.10637536126012988,0.11562276623938887,0.12484383582129197,0.13403745857888072,0.1432410499471215,-2.0,0.16151836377671433,0.1704166233726628,-2.0,0.18762555885382012,0.19588087118762304,0.20383904362131586,0.21145138756072362,0.21866958246265003,-2.0,0.23159221257387316,0.23719081778033138,0.24219174126996143,-2.0,0.250253937325912,-2.0,0.2552950120664349,-2.0,0.25693029369611226,0.2565453894243706,0.2549501042373752,0.2526272230091696,0.24927640321353134,0.24480209056794638,0.2395503430686658,0.2329683933271951,0.22558571322962767,0.21704797805508064,-2.0,0.1967717501109335,-2.0,-2.0,-2.0,-2.0,-2.0,0.10809777344988186,0.08937924394432478,0.06928017128350361,0.047727483736171084,0.024718246569459756,0.00023740717694997748,-0.025551167071172776,-0.05259520936108908,-0.08120884006171614,-0.11148932964784719,-2.0,-2.0,-2.0,-0.25030602840135885,-0.2897454440045102,-0.3312239001913375,-0.3748236067595847,-0.42057517339674566,-2.0,-0.5187553822953513,-0.5715405243897741,-0.6269589152109568,-0.6851252831039288,-0.7461607660349148,-0.810192665948559,-0.8773567902965382,-0.9477934304522965,-1.0216518727152664,-1.0990885561853148,-1.1802677975290843,-1.265362116768601,-1.3545525832256757,-1.4480291835063275,-1.54599121037755,-1.6486476756068713,-2.0,-1.8689303697397124,-2.0,-2.110763315306389,-2.240399067531501,-2.3762134520595457,-2.5184970559221216,-2.0,-2.823704417100602,-2.9872814762692634,-3.1586357485617658,-3.338134131379211,-2.0,-3.7231189830924682,-2.0,-2.0,-2.0,-4.609005136518053,-2.0,-5.117500443377236,-2.0,-5.675380981535888,-5.974317749565241,-6.2874297224570235,-2.0,-6.958894224206778,-7.318685266884275,-7.695531613255633,-8.090240619820108,-2.0,-2.0,-2.0,-9.865228585720333
0.00355018721996422,-0.18221441552036824,-0.18195839648156217,-0.18169014003741407,-0.18140906152426425,-0.18111456562661896,-0.18080601542060304,-0.18048275254947624,-0.18014408259615988,-0.17978927704629327,-0.17941758327359372,-0.17902818156845066,-0.17862026470236006,-0.17819293474372166,-0.1777452706609632,-0.17727990954501516,-0.17680056254501356,-0.17629870177096424,-0.17577315047852551,-0.1752228478539008,-0.1746465705181291,-0.17404310148415447,-0.17341114343227604,-0.1727493412463111,-0.17205627576572577,-0.17133046078607805,-0.17057033994273665,-0.16977428384272844,-0.16894058450174224,-0.16806745390487568,-0.1671530241014445,-0.16619532812189042,-0.16519231855158456,-0.1641417856941158,-0.1630416476299251,-0.1618893753246341,-0.16068255585147512,-0.15941860188732002,-0.15809480451212976,-0.1567294587614712,-0.1553179085959234,-0.15383971451545325,-0.15229171008050996,-0.15067057590135935,-0.14897283724757807,-0.14719485589109296,-0.14533282092822494,-0.14338269469192974,-0.14134043684375822,-0.13920153168529636,-0.13699243398495609,-0.13471517095722818,-0.1323304726854276,-0.12983305651546406,-0.127217625592665,-0.12447841954342947,-0.12161003852866424,-0.11861998246911651,-0.11556964156919997,-0.11237522985949458,-0.1090299033874534,-0.10552649153033969,-0.10185748982936935,-0.09809678629045017,-0.0941998407708185,-0.09011872973593449,-0.0858449397900022,-0.08140966139249578,-0.07687555998326065,-0.07212721426143595,-0.0671545264482308,-0.062052954903325575,-0.056783764902844924,-0.051265675132627274,-0.04557508764001534,-0.039735317629586674,-0.03361971673374288,-0.027365734789013434,-0.020902353358623692,-0.014172496233506568,-0.0073510761779682285,-0.0002074675959079647,0.007012979872518296,0.014540758420005732,0.022161670658758924,0.030081341929640112,0.03805924173227244,0.04633606165074236,0.05466121795976722,0.06320505943404804,0.07191305177053318,0.0806602615566414,0.08959229944685655,0.09862732763441524,0.10763636570747197,0.11674209529314758,0.12590925416595417,0.1350415448677787,0.14406276341427565,0.15303476046830508,0.16191634116649142,-2.0,0.17923040272203447,0.18750660050807372,0.19545830207146184,0.2030859250864408,0.2103391591404218,0.2171681675675088,0.2235235945760413,0.22935949060708807,0.23462979378828594,0.23918297764625873,0.24299412707736084,0.2460974757648139,-2.0,0.2501149478431667,-2.0,0.2504292378449457,-2.0,-2.0,0.24406205031096956,0.2401564971496793,0.2348280297811733,0.2288688827168639,0.2214162243234607,0.21334562085507475,0.20375368808898492,0.19330696296708516,0.1818349223299875,0.16883169731506814,0.15495117207216796,-2.0,0.1236862198865305,-2.0,-2.0,0.06729627724054665,0.04595196793818368,0.0231211687878472,-0.0012057657729999116,-0.027015149874854982,-2.0,-0.08257980722263847,-2.0,-0.14462282867734977,-0.17828643213944828,-0.21378600104796397,-0.25118555548307,-0.2905550804211018,-0.3319702990250465,-0.37551259487623734,-0.42126336462112224,-0.4692192596785335,-2.0,-0.5721891458334878,-2.0,-0.6856825255601283,-2.0,-0.8106731816677412,-0.8778026540032814,-0.9482076215008912,-1.0220367056357111,-1.0994460465044344,-1.1806000290869008,-2.0,-1.3548391224004779,-1.4482951108157631,-1.5462381114774653,-1.6488766192742834,-1.756429869566464,-1.869127552043349,-1.987210457233495,-2.110930777768697,-2.2405536784021987,-2.376355779014912,-2.518627818588617,-2.0,-2.823814019200041,-2.9873813934585,-3.158726526517245,-3.3382162777977724,-2.0,-3.723185267293095,-2.0,-4.145587785880967,-2.0,-2.0,-2.0,-2.0,-5.390001730754944,-5.675398709441654,-5.974330744733585,-6.287438226545931,-6.6153919234923055,-2.0,-7.318681616056522,-7.6955243109360545,-8.090229848160861,-8.503643846047966,-8.936652010097953,-9.390182030509896,-9.865205569238004
0.0034489622604057563,-0.18235979534556154,-0.18211254825507778,-0.18185347076416183,-0.1815820159828327,-0.18129758997397905,-0.18099960015655403,-0.18068739148388888,-0.18036029818647847,-0.1800176185668655,-0.17965862609273356,-0.179282521911547,-0.17888854087310224,-0.17847580197969853,-0.1780434497341124,-0.17759053072786518,-0.1771239989099718,-0.17663924851104465,-0.17613165371152711,-0.17560014093601622,-0.1750435538322567,-0.1744607073105167,-0.1738503502427797,-0.17321117190866428,-0.1725417990216496,-0.17184080460216972,-0.1711066756243548,-0.17033784280364067,-0.1695326592097121,-0.16868939705577335,-0.1678062456864114,-0.16688131338034182,-0.16591261662859189,-0.16489807865831596,-0.16383552552304612,-0.16272267810578647,-0.16155715106284546,-0.16033644569861205,-0.1590579449247852,-0.1577189098526498,-0.1563525083767964,-0.154925080990447,-0.15343024606939354,-0.15186480058201296,-0.1502253891638179,-0.14850849753019638,-0.1467104465579567,-0.14482738155832034,-0.14285526723847017,-0.14078987591010916,-0.13862678394337025,-0.13641755693428326,-0.1341152005974658,-0.1317040233524854,-0.1291789175240842,-0.12653447165853485,-0.1237650201540396,-0.12086462581086185,-0.1178762824434823,-0.1147928540099388,-0.11156369099242867,-0.10818188299975567,-0.10464037359354708,-0.10093630783875167,-0.09717546082090599,-0.09323689949202116,-0.08911232169458447,-0.08479290566358488,-0.08036610677170253,-0.07578438347783115,-0.0709867416959252,-0.06596193712859924,-0.06087383976230104,-0.05555104867133131,-0.04997672181461891,-0.044305031868030496,-0.038407346139792256,-0.03223460597643312,-0.026003150681486474,-0.01947741072861002,-0.012780186639659234,-0.005895067914199678,0.0012399116650399084,0.00849289275208586,0.016029050476483946,0.023656921922330224,0.03155165596698665,0.039559406765289684,0.04776371810698349,0.05615375565745616,0.06461071476330334,0.07328969870046244,0.0820277593810909,0.0908450588327228,0.09980304297180288,0.10881085109903316,0.11776714951090385,0.1267680928120001,0.135776637627739,-2.0,0.1535280737280568,0.16217766623206287,0.1706705602704602,0.17896039366054084,-2.0,0.19473880528125864,0.20212114486968566,0.20901763917063407,0.2154417117693285,0.2213585717591697,0.22672138402709077,-2.0,0.23561077992373114,0.23905443942954946,0.24160586896168604,-2.0,-2.0,0.2444347108370647,-2.0,0.2415903796341004,-2.0,0.23498527346194958,0.2302106149442919,0.2242831059925764,0.21735346952947848,0.20922773326945537,-2.0,0.18973465352595542,0.1785545306797372,-2.0,0.15202434916949054,0.13730971022899663,0.12127546594000893,0.10375257010110911,-2.0,0.06515010504135554,0.044035982390752904,0.021401528095997713,-0.0027565875769247628,-0.028454067320384913,-0.05560359623834832,-0.08405028426715822,-0.1140756641608397,-0.14584395656753324,-0.17940375947976261,-2.0,-2.0,-0.2914226432026462,-0.332770627712323,-0.3762519932126226,-0.4219530213265337,-0.4699358531919895,-2.0,-0.5728850097161773,-0.6282055755319054,-0.6862822168330416,-2.0,-0.8111915425665346,-0.8782850889881035,-0.9486568489460439,-1.0224551838228197,-1.0998360905789586,-1.1809634946209384,-1.2660095696905214,-1.3551550749263328,-1.4485897214746761,-1.546512554019889,-1.6491323628559182,-1.7566681111530897,-1.8693493961238477,-1.9874169237380812,-2.1111230181131173,-2.2407321511178147,-2.376521502202017,-2.5187815476438624,-2.6678166691665166,-2.8239458109419133,-2.9875031516899937,-3.1588388190140426,-3.338319599405268,-3.5263298985394744,-2.0,-3.929568323413397,-4.145660056387128,-4.3720102288220275,-4.609103655006582,-2.0,-2.0,-5.390043645322439,-5.675435470094729,-5.974362621044651,-6.287465466792269,-2.0,-2.0,-7.318696261168547,-2.0,-8.09023720288168,-8.50364749450446,-2.0,-2.0,-2.0
0.0033506234845336077,-0.18250102178614364,-0.18226229459473064,-0.18201213784530548,-0.18175003103336573,-0.18147540049599994,-0.18118765651160093,-0.18088618658518657,-0.1805703383684992,-0.1802394390387687,-0.17989278264820893,-0.17952960292467507,-0.17914915490305813,-0.17875059379566935,-0.1783330857644688,-0.17789571586745057,-0.17743814639590624,-0.17697006142825586,-0.1764799041515557,-0.17596665352146415,-0.17542919634690252,-0.1748663827364662,-0.1742770084817138,-0.17365980795546462,-0.17301345662130735,-0.1723365677035797,-0.17162769179542836,-0.1708853071832885,-0.17010782275937295,-0.16929356873278648,-0.16844080595554828,-0.16754769794553828,-0.1666123361073296,-0.16563271096228757,-0.16460665353927115,-0.16353217365928996,-0.16240675985295588,-0.1612280683355862,-0.15999357113556703,-0.15870062303806698,-0.1573575439077557,-0.1559794310263236,-0.15453624741860317,-0.15302489940839462,-0.15144214919709112,-0.14978460265328053,-0.14804870712652526,-0.14623074192148572,-0.1443268133109743,-0.14233267912186945,-0.14024454164242256,-0.13807134541493468,-0.13584886133235843,-0.13352143240653852,-0.13108415588153868,-0.1285314622406782,-0.12585841490559468,-0.12305880555240768,-0.12012687355408297,-0.11714136434604647,-0.11402504811176464,-0.1107614370159428,-0.10734371374421045,-0.1037643787592617,-0.10006599894782363,-0.09626597853570461,-0.09228643754814446,-0.08811884748139817,-0.08375670839658439,-0.07933748280243824,-0.07470938324087131,-0.06986256427203327,-0.06484703312411982,-0.05971384775332619,-0.054338169864935455,-0.048744000377526485,-0.04305800397933211,-0.03710342282803477,-0.03095780687931495,-0.024668148549650312,-0.018081390374880983,-0.011419932621501858,-0.004472725790601997,0.002618188761515254,0.009934095337231628,0.017416498336824945,0.025107672709757396,0.03293768683744566,0.0410085153708801,0.04913517412030023,0.05751773054685809,0.06595279681973425,0.07452837993120483,0.08328558915653451,0.09201828492733315,0.10084100237290924,0.10975734764396548,-2.0,0.1275205954685915,0.13633711497211776,0.14510249508202339,-2.0,0.16229471665004677,0.17052577373158734,0.17852653570859187,0.18624981079298436,0.19364709255490545,0.2006680385353579,0.20726185433716457,0.2133807407035049,0.21893858302708954,0.2238179974953275,0.22805276229575216,0.23160988535661164,0.23445714771744217,-2.0,-2.0,0.23800943266597702,0.23741144209474452,0.2360142766279374,0.23335277155407647,0.2298272757564211,0.2253737892174516,0.21959001362904296,0.2130873842414694,0.2050996473279048,-2.0,-2.0,0.17499140720311784,0.16288463751243504,-2.0,0.13437236210976722,-2.0,0.10145941613228043,-2.0,-2.0,0.04198746336934012,0.01956975282219431,-0.004402727298711939,-0.029939891181005707,-0.057056206989590796,-0.08556897185100298,-0.11548689224334674,-0.14712870575500114,-0.18057667875310668,-0.21588442494276616,-0.2531124335543774,-0.2923278800252028,-0.33360416383385816,-0.37702072733032654,-0.4226629403200721,-0.47062198686674217,-0.5209223935892542,-2.0,-2.0,-0.6869018781632705,-0.7478102518398062,-0.8117255532985149,-0.8787812946900346,-0.9491181509418032,-1.0228842016872777,-1.1002351950518805,-1.1813348373787915,-1.2663551087866098,-1.3554765985407313,-1.4488888609654218,-1.546790803112833,-1.649391096536033,-1.7569085907553978,-1.869572783657743,-2.0,-2.1113149025970506,-2.240910380485908,-2.3766864723936205,-2.5189338923039823,-2.0,-2.0,-2.9876224412398593,-2.0,-3.3384198277234596,-3.5264213388596963,-3.723355380822274,-3.929643678686817,-4.145728021326401,-4.372071202429178,-4.609158011917669,-4.857496272573443,-5.117617928097359,-2.0,-5.675466674528849,-2.0,-6.287486819076909,-2.0,-2.0,-2.0,-2.0,-2.0,-8.50364508153043,-8.93664667587036,-9.3901704484575,-2.0
0.0032550885998350564,-0.18263821663069252,-0.18240776292184188,-0.1821662756970102,-0.181913247421082,-0.18164812601580338,-0.1813703416003988,-0.18107930307115486,-0.18077437950652842,-0.18045492424593212,-0.18012024321313747,-0.17976962233569696,-0.17940232432819334,-0.1790175311967385,-0.17861444051492656,-0.1781921754113182,-0.17774979764483206,-0.17729139740994773,-0.1768182099934285,-0.17632269908474024,-0.17580382449892643,-0.17526047413597504,-0.1746914829669467,-0.17409563119665228,-0.1734716407987302,-0.17281817278679523,-0.17213382541232727,-0.17141713325971888,-0.1706665572896166,-0.169880487836134,-0.16905724130824862,-0.16819505223874673,-0.16729207042631958,-0.16634636014002022,-0.16535589513811857,-0.1643185503746903,-0.163232102250773,-0.16209422439362187,-0.16090247278805503,-0.15965429662942232,-0.15834701823239755,-0.15700367188175254,-0.15561066416498925,-0.15415186986155663,-0.15262416180938956,-0.15102426519189693,-0.14934875031955594,-0.1475939500948939,-0.14575633409016817,-0.1438316719916469,-0.14181609822445895,-0.1397050818648932,-0.13753313187853733,-0.13528711435923385,-0.132934992596338,-0.13047156133749388,-0.12789203485717662,-0.12519039070005025,-0.12236100380439605,-0.11942283010900046,-0.11641603807287938,-0.1132673997844452,-0.10996987241621545,-0.1065161577050696,-0.1028998473034695,-0.09920852799991164,-0.09536987530081992,-0.09134984828144257,-0.08713983215342788,-0.08278892334133667,-0.07832559927166657,-0.07365172519344593,-0.0687568731319434,-0.06375785996831362,-0.05857515776493994,-0.05314758392311713,-0.04757597831754777,-0.04183678471457238,-0.0358264518567059,-0.02971081680029354,-0.02336426357989054,-0.016787178672514516,-0.010095513468871983,-0.0030894781254750883,0.003955281910702789,0.011332627949187199,0.018756730007071377,0.02650422868608804,0.03426948007911029,0.042316585617643995,0.05044505022473057,0.0587345702363984,0.0672244638224218,0.07569017538811783,0.08432507074196062,0.09309666974712122,0.1017838872929643,0.11054251885345459,0.11934249550683239,0.12814573103708007,0.13677181601324287,0.1453158221866846,0.15374522245224223,0.16201517034529617,0.17007847673430956,0.1778872175666532,0.18530869004601877,0.1923491139251888,0.19898299763372831,0.20515870069723516,0.21082570094820177,-2.0,0.22044423350849152,-2.0,-2.0,0.22949474360572622,0.23093414372376642,0.23159412809941704,0.23133153371457432,0.22993254730999085,0.2277227652257282,-2.0,-2.0,-2.0,0.20837459238388994,0.2010281411254326,-2.0,0.18263157643908223,-2.0,0.15947222710636172,0.1462561635166057,-2.0,0.11582119397294954,0.09896956016820108,0.08055668764719087,0.06068527543419078,0.03977738329665581,0.017599499765985516,-0.0061687341204678114,-0.03153042260568928,-0.058501853823296424,-0.08705497169339793,-2.0,-0.14849791035893556,-0.1818252586070217,-2.0,-0.25415894164209285,-2.0,-0.3344890492071415,-0.3778366204716038,-0.42341638320435115,-0.4713187786176838,-2.0,-0.574348848482992,-0.6295823314130491,-2.0,-0.7484202549424155,-0.8122921665323841,-0.87930831721593,-0.9496084961575844,-1.0233405550899397,-1.1006603131009407,-1.181730884505698,-1.2667241613104856,-2.0,-1.4492094284127885,-1.5470895725935514,-2.0,-1.7571677042806542,-1.869814374632101,-1.9878486601660186,-2.111524357202331,-2.2411049960331386,-2.3768673095293407,-2.519101883593893,-2.6681131321497213,-2.8242192518002778,-2.9877558656443,-3.159071521598041,-3.338533457118376,-3.5265258994335866,-3.723451377270588,-3.929731583812842,-4.145808277206443,-4.372144222375594,-4.609224187274591,-2.0,-5.117671487165406,-2.0,-2.0,-5.974425781146648,-2.0,-2.0,-6.958948466533052,-7.318723369381184,-7.6955543859345505,-8.090248830668251,-8.503652288953043,-8.936650438170055,-9.3901709394537,-9.86518542667267
0.0031622776601683794,-0.18277149205113313,-0.18254907397228204,-0.18231601168489414,-0.18207180208267948,-0.18181591824792304,-0.18154780962372274,-0.18126690425341058,-0.18097259432007576,-0.1806642560040589,-0.18034121232163103,-0.18000278699629133,-0.17964826345211699,-0.17927685878851307,-0.17888777512038048,-0.17848018204915328,-0.1780532038863584,-0.17760592566698247,-0.17714685370934233,-0.1766685774520371,-0.17616774542346955,-0.1756433077989197,-0.17509411559554686,-0.17451900644822615,-0.173916738287433,-0.1732860216266652,-0.17262550342295693,-0.17193376876841016,-0.1712093299389084,-0.17045064113927005,-0.16965606985093168,-0.16882391505974395,-0.1679523896519092,-0.16703962505667458,-0.16608366722163104,-0.16508246581822417,-0.16403379128170686,-0.1629356403427109,-0.16178541395953455,-0.16058073065305367,-0.1593190043699325,-0.15799865718065495,-0.15665439175710116,-0.15524664976047337,-0.15377241144413786,-0.15222851785095137,-0.15061165924532602,-0.14891830101920092,-0.14714502294355858,-0.14528781386527093,-0.14334276530316492,-0.1413057062534384,-0.13917227194157036,-0.1370022789372664,-0.13473296041340765,-0.13235642142452883,-0.12986756449246403,-0.12726105932381648,-0.12453131680243591,-0.1216724902621937,-0.11873892224683628,-0.11570163431483431,-0.1125210154944832,-0.10918998455692125,-0.10570149539092472,-0.10206701849789826,-0.0983652294496644,-0.09448855422421515,-0.09042867703642733,-0.0861766540442904,-0.08183885528575349,-0.0773326177172976,-0.07261356401289187,-0.06768634652384123,-0.06269110622267188,-0.05745988015895186,-0.05198145802676414,-0.04643492277343599,-0.040643520662145514,-0.034609427406726415,-0.028496214181140532,-0.022094219825587222,-0.015557661618366123,-0.008809744475813487,-0.001852713218400949,0.005248086082036765,0.012587444654301373,0.020046128913958627,0.02772299799700484,0.03554336217128572,0.043506376940975214,0.05168882280503152,0.05987890820323648,0.06827610006215505,0.07677034941879264,0.08527558161570936,0.0939049438370141,0.10262102478958021,0.11121870539468819,0.11983536229421424,0.12843784556184254,-2.0,0.1453860326166533,0.15356239031577673,0.16155532305695583,0.16931785035132169,0.1768006456510989,-2.0,0.19072745408068667,0.1970535965986985,0.20280668646210007,-2.0,0.2126078004704703,0.21657179447462838,0.21985516165749772,0.2224255468715833,-2.0,0.2249027131949755,0.22481232218558844,-2.0,-2.0,0.21888585089514428,-2.0,0.20988391661597117,0.20373144128626436,0.1965402490051154,0.18809791626788647,-2.0,0.1679814529499027,0.15588407027497392,-2.0,0.12864467935952884,0.11287889284197261,0.09626501699943651,0.078182990303514,0.058530482683254226,0.03752806863192171,0.015483815792884381,-2.0,-0.033227554169036555,-2.0,-0.08849672685184695,-0.11850456528605091,-0.14995053250617596,-0.1831473035336072,-0.21823289191931627,-0.2552634415402022,-2.0,-0.33542052903705344,-0.37869452675311543,-0.42420783550835606,-2.0,-0.5223167223206552,-0.5750683893626596,-2.0,-0.6882472584575097,-0.7490588487733422,-2.0,-0.8798593421614993,-0.9501210101888473,-1.0238176279240143,-2.0,-1.1821444444233464,-1.2671094441636463,-2.0,-2.0,-1.5474012736908276,-1.6499600546679236,-1.7574386799612243,-1.8700665148529838,-1.9880839789944424,-2.1117431364545274,-2.2413082228355363,-2.0,-2.0,-2.0,-2.824370608223907,-2.9878955065847275,-2.0,-3.338652560155912,-3.526635597925319,-3.723552198195633,-3.9298240197267282,-2.0,-2.0,-2.0,-4.857619193421969,-2.0,-5.390178784351995,-5.675554072765308,-5.974465542397813,-6.287553518868723,-2.0,-6.958973644406968,-2.0,-2.0,-2.0,-2.0,-8.936655842571987,-2.0,-2.0
