gamma,0.01,0.009547716114208056,0.009115888299750819,0.008703591361485167,0.008309941949353396,0.007934096665797492,0.007575250258771912,0.007232633896483534,0.006905513520162331,0.006593188271333548,0.006294988990221888,0.006010276782070382,0.005738441648302393,0.005478901179593945,0.005231099308056263,0.00499450511585514,0.004768611697714469,0.004552935074866948,0.004347013158125026,0.004150404757850477,0.003962688638701479,0.003783462617131929,0.0036123426997094303,0.0034489622604057598,0.0032929712550971513,0.0031440354715915,0.003001835813575589,0.0028660676169482502,0.0027364399970746718,0.002612675225563329,0.0024945081352303164,0.002381685551976158,0.0022739657523579274,0.002171117945694505,0.002072921779595372,0.0019791668678535573,0.0018896523396912095,0.0018041864093920718,0.0017225859653987874,0.0016446761779946627,0.0015702901247293774,0.0014992684327860455,0.0014314589375234786,0.0013667163564620073,0.0013049019780144017,0.0012458833642950082,0.0011895340673703195,0.001135733358343105,0.0010843659686896108,0.0010353218432956617,0.0009884959046625587,0.0009437878277775381,0.0009011018251665018,0.000860346441668451,0.0008214343584919422,0.0007842822061337682,0.0007488103857590023,0.0007149428986597577,0.0006826071834272392,0.000651733960488242,0.0006222570836730231,0.0005941133984965033,0.0005672426068491978,0.0005415871378079476,0.0005170920242896756,0.0004937047852839004,0.0004713753134116724,0.00045005576757004977,0.0004297004704320844,0.00041026581058271905,0.00039171014908092607,0.0003739937302478798,0.00035707859649004625,0.0003409285069746815,0.00032550885998350565,0.0003107866187782014,0.00029673024081888695,0.0002833096101839324,0.00027049597304631344,0.0002582618760682675,0.0002465811075822604,0.00023542864143224178,0.00022478058335487252,0.00021461411978584036,0.0002049074689815846,0.0001956398343517065,0.00018679135990207828,0.00017834308769319092,0.00017027691722258995,0.00016257556664437935,0.0001552225357427048,0.00014820207057988585,0.00014149912974345758,0.00013509935211980265,0.0001289890261253308,0.00012315506032928262,0.0001175849554052157,0.00011226677735108136,0.00010718913192051276,0.00010234114021054527,9.771241535346502e-05,9.329304026284696e-05,8.90735463861044e-05,8.504489341802669e-05,8.11984499318401e-05,7.752597488629464e-05,7.401959996915652e-05,7.067181273927492e-05,6.747544053110686e-05,6.44236350872137e-05,6.150985788580505e-05,5.8727866131894886e-05,5.607169938205458e-05,5.353566677410719e-05,5.111433483440165e-05,4.8802515836544335e-05,4.659525668664687e-05,4.4487828311275854e-05,4.247571552536894e-05,4.0554607358408275e-05,3.872038781812557e-05,3.696912707195032e-05,3.52970730273065e-05,3.370064329271925e-05,3.217641750250736e-05,3.072112998861759e-05,2.9331662783900483e-05,2.800503894183631e-05,2.673841615839944e-05,2.5529080682395165e-05,2.4374441501222216e-05,2.327202478960412e-05,2.2219468609395237e-05,2.121451784910628e-05,2.0255019392306664e-05,1.933891750455232e-05,1.8464249428955465e-05,1.762914118095948e-05,1.683180353330955e-05,1.6070528182616385e-05,1.5343684089300132e-05,1.4649713983072878e-05,1.3987131026472387e-05,1.3354515629298974e-05,1.2750512407130129e-05,1.217382727739662e-05,1.1623224686798542e-05,1.1097524964120721e-05,1.0595601792776149e-05,1.0116379797662071e-05,9.658832241158709e-06,9.221978823334321e-06,8.804883581643465e-06,8.406652885618316e-06,8.026433522257175e-06,7.663410868007463e-06,7.316807143427192e-06,6.985879746785249e-06,6.669919663030115e-06,6.3682499447185865e-06,6.080224261649427e-06,5.805225516094895e-06,5.542664520663107e-06,5.291978735958436e-06,5.05263106533568e-06,4.824108704165373e-06,4.6059220411451036e-06,4.397603609302721e-06,4.198707084443905e-06,4.0088063288984645e-06,3.827494478516315e-06,3.6543830709572543e-06,3.489101213406774e-06,3.33129478793467e-06,3.1806256927941193e-06,3.0367711180354605e-06,2.899422853882875e-06,2.768286630392067e-06,2.643081486974103e-06,2.523539170434766e-06,2.409403560239527e-06,2.300430119772917e-06,2.196385372416547e-06,2.097046401323231e-06,2.0022003718155846e-06,1.9116440753857036e-06,1.8251834943190425e-06,1.7426333860096507e-06,1.6638168860761274e-06,1.5885651294280527e-06,1.5167168884709241e-06,1.448118227674533e-06,1.3826221737646564e-06,1.3200884008314168e-06,1.2603829296797275e-06,1.2033778407775905e-06,1.1489510001873085e-06,1.096985797892382e-06,1.0473708979594487e-06,1e-06
1.0,1.0,1.0,1.0,1.0,1.0,1.0,1.0,1.0,1.0,1.0,1.0,1.0,1.0,1.0,1.0,1.0,1.0,1.0,1.0,1.0,1.0,1.0,-9.259915361953316e-05,1.0,1.0,1.0,1.0,1.0,1.0,1.0,1.0,1.0,1.0,1.0,1.0,1.0,1.0,1.0,1.0,1.0,1.0,1.0,1.0,1.0,1.0,1.0,1.0,1.0,1.0,1.0,1.0,1.0,1.0,1.0,1.0,1.0,1.0,1.0,1.0,1.0,1.0,1.0,1.0,1.0,1.0,1.0,1.0,1.0,1.0,1.0,1.0,-0.0008889343635548208,1.0,1.0,1.0,1.0,1.0,-0.001173228854339858,1.0,1.0,1.0,1.0,1.0,1.0,1.0,1.0,1.0,1.0,1.0,1.0,1.0,1.0,1.0,1.0,1.0,1.0,1.0,1.0,1.0,1.0,1.0,1.0,1.0,1.0,1.0,1.0,1.0,1.0,1.0,1.0,1.0,1.0,1.0,1.0,1.0,1.0,1.0,1.0,1.0,1.0,1.0,1.0,-0.009412148233026744,1.0,1.0,1.0,1.0,1.0,1.0,1.0,1.0,1.0,1.0,-0.015659543202823905,1.0,1.0,1.0,1.0,1.0,1.0,1.0,1.0,1.0,1.0,1.0,1.0,1.0,1.0,1.0,1.0,1.0,1.0,1.0,1.0,1.0,1.0,1.0,1.0,1.0,1.0,1.0,1.0,1.0,1.0,1.0,1.0,1.0,1.0,1.0,1.0,1.0,1.0,1.0,1.0,1.0,1.0,1.0,1.0,1.0,1.0,1.0,1.0,-0.15124522417909383,1.0,1.0,1.0,1.0,1.0,1.0,1.0,1.0,1.0,1.0,1.0,1.0,1.0,1.0,1.0,1.0,1.0
0.9714874305813421,0.018256463816926582,0.018258128341432405,0.01825961220018916,0.018260740341620046,0.018261676790354904,0.01826245404842533,0.018263071128985887,0.018263417720870218,0.01826357707749471,0.018263508117357545,0.018263173204974375,0.01826268819380323,0.01826197648243563,0.018261090360909706,0.018259915544544435,0.018258605230185923,0.018257023364038893,0.018255271351050338,0.01825329346246784,0.01825093599044913,0.018248486528587998,0.018246002774976358,0.018242798693704116,0.018239595124384115,0.018236149759647054,0.018232388521448234,0.018228360345601206,0.01822415486673418,0.01821957477445814,0.01821468140275548,0.01820947175273021,0.018203949325437237,0.018198059227780623,0.01819184269562136,0.018185302231161632,0.018178350963850953,0.018171188502116704,0.01816340750870578,0.01815512709195375,0.018146583832518035,0.018137558303847754,0.018127986739546343,0.018117960367333187,0.01810745851239675,0.018096327973519784,0.018084737750602053,0.018072504002821687,0.01805955273297968,0.018046106316342198,0.018032026927030115,0.018017098479527628,0.01800142994200282,0.017985103261813202,0.01796795283692222,0.017949869438469743,0.01793097525819249,0.0179111710531544,0.01789034036179191,0.017868593364273037,0.01784575923780254,0.017821831798264097,0.01779673353173791,0.017770555982217624,0.01774285911226054,0.017714009188537674,0.017683777696812234,0.01765203328011381,0.0176187589440998,0.017583916373310464,0.017548132063623486,0.017509161347233255,0.017469188497536738,0.01742716462195818,0.01738319739226468,0.017337159646513344,0.017288912556848,0.01723836540582465,0.017185443828090684,0.017130015666144426,0.01707213554526268,0.017011096572104995,0.016947371929749818,0.016880586908433286,0.01681079842890873,0.016737489523887032,0.016661319867858522,0.01658021700372903,0.016496763931484863,0.016407910589595023,0.016315593768252014,0.016218898879920986,0.016117662486312405,0.01601136912080445,0.015900264169643345,0.015783699589001252,0.01566179037848015,0.015535691881236015,0.01540033193431948,0.01526027950906331,0.015113341978256655,0.014959660251693376,0.014798602950803218,0.014629964473173577,0.014453400009623214,0.014268320131488096,0.014074717035949803,0.013872182348073667,0.013659028189317976,0.013436440090050442,0.013203409847601922,0.0129608384758299,0.012703202962174334,0.012436237424956541,0.012154674082876002,0.011860661209884518,0.011553122556329558,0.011230419726668776,0.01089493002293707,0.010538900487911946,0.010169697915639835,0.009780569207952965,0.009374096793912868,0.008948387599150018,0.008502689660631621,0.008035716388321302,0.007546953140402064,0.007034438750662482,0.00650087482119153,0.005936048997553624,0.005347499292197532,0.004731212930171378,0.004085561111992897,0.003409276139780681,0.002701498322537226,0.0019608165795042057,0.001183038699324443,0.000376739392277569,-0.00048350938219062986,-0.0013759373466332055,-0.0023109452084063634,-0.0032900193700005943,-0.004314655594733922,-0.0053900320380873695,-0.006514911343924165,-0.007693078980704652,-0.008926344998727874,-0.010220248690950787,-0.011574049759885758,-0.01299209020494137,-0.01447453180119623,-0.016032617548086946,-0.01766191446682457,-0.01936826833099497,-0.021155539397521538,-0.023027013829073743,-0.024988066002302762,-0.027041408405421297,-0.02919177831808586,-0.03144469771195856,-0.03380400022802278,-0.036274790069000015,-0.03886290470649939,-0.04157357083270231,-0.04441265720061302,-0.047386443283307336,-0.05050104980030831,-0.05376225408280574,-0.057166659856074345,-0.060757944617816736,-0.06450587602125299,-0.0684222563091454,-0.07253013100825051,-0.07684876814030844,-0.08125705697828868,-0.0860826598101965,-0.09102995756565241,-0.0958593974095342,-0.10163901444485718,-0.10732379769939744,-0.11327763398008302,-0.11951357151891207,-0.12600632007071355,-0.13288395401435157,-0.14004632208527726,-0.14755386335954318,-0.15541327640345465,-0.1636449192499555,-0.17226670342448394,-0.18129655276767248,-0.19075501103297332,-0.2006608086679154,-0.21103536049882388,-0.22188553388068472,2.0,-0.24520503628959062,-0.2576869807171868,-0.2707670891325044,-0.2844621878730617,-0.2988080515894027,-0.3138326883307261
0.9437878277775381,0.03604044522251882,0.03604548948658513,0.036049948964945955,0.03605422850445319,0.03605797261168771,0.03606149073527445,0.0360646935877669,0.03606753438791247,0.03606997854037366,0.036072213911890076,0.03607410204631479,0.036075713367175036,0.03607689339575723,0.03607788989544689,0.0360785824932905,0.03607894707629389,0.03607902545791021,0.03607872394454143,0.03607821250759302,0.036077443292756035,0.03607624395822627,0.03607498908025889,0.0360730701544466,0.036071203257318045,0.036068723261266304,0.0360660838288124,0.036063013502875656,0.03605979097383044,0.03605609772159234,0.036052117454264294,0.036047740331197585,0.03604303246789104,0.03603794980349802,0.03603241763680987,0.036026664826749724,0.03602040621436691,0.03601363688575883,0.03600651599358967,0.03599898351417225,0.03599091210981283,0.03598243363837052,0.03597339441583933,0.03596395367744081,0.035953757079007186,0.035943166070740155,0.03593195880172579,0.035920225171541746,0.03590760846493135,0.03589444238651462,0.03588064345324447,0.035866047903589354,0.035850804298440425,0.03583481583981902,0.03581783155554782,0.035800056091208836,0.03578142363641385,0.03576191154655693,0.03574144943269429,0.03571995330985786,0.03569715359798651,0.03567346001905181,0.035648631282833014,0.035622490746799906,0.03559516294731829,0.035566822670416144,0.035536388159659225,0.035504719508195615,0.03547162955694072,0.03543702788051223,0.03540066404185833,0.03536255316221195,0.03532260327466927,0.03528083839375484,0.035236886337315636,0.0351911819451891,0.03514330178760967,0.035092468985022565,0.0350395928502275,0.03498426486793613,0.034926335851630665,0.03486550652047299,0.03480208591372333,0.03473504018558886,0.03466525876066728,0.0345920132588367,0.03451535121783983,0.03443501303867933,0.0343510641978669,0.03426275819855941,0.03417060869124455,0.03407388356094758,0.03397251464490171,0.0338663851982461,0.033755302930691816,0.03363891775887891,0.033516913469630795,0.03338933434024611,0.03325553247402207,0.033115453447807856,0.03296863882269833,0.03281492387345065,0.03265410172004258,0.032485484083801246,0.032308794910396954,0.03212380802441382,0.03193013805800916,0.031727221087328034,0.03151455317520207,0.031292094965477815,0.03105873274521868,0.030814533434601138,0.030558776603203976,0.03029077725581828,0.03001024420120871,0.029716333924613647,0.029408542236517468,0.029090754440877817,0.028748332743974887,0.028394879530386052,0.028024672294424013,0.027636293647330695,0.027229876331584135,0.02680427978600424,0.026358365355721315,0.025891504869519653,0.0254025015679595,0.024890298824978244,0.02435370056760678,0.023791970381222133,0.023203644245603165,0.02258701397274384,0.021941313106049132,0.02126523009781131,0.02055700849939342,0.019815220957226452,0.019039159620918688,0.018224582033271975,0.01737247047829923,0.0164810006623805,0.015547861465561679,0.014565800520921626,0.013541156660370864,0.012473329699308661,0.011340898536905179,0.010162535094840122,0.008928627056613302,0.007635713118385557,0.0062822085170323,0.004923793812662988,0.0033789045242572577,0.0018233629236460783,0.00019418015369936786,-0.0014875371767571338,-0.0032994630919576037,-0.005167879372484592,-0.007131738398931567,-0.00918530336312122,-0.011334910977472641,-0.01358837631647268,-0.015947956799366808,-0.018418795744417515,-0.02100657284818403,-0.02371674898302332,-0.02655648408782947,-0.02952462946267681,-0.0326450440617963,-0.03590701507129687,-0.03932269469309592,-0.04290150466291785,-0.04664697942824368,-0.05057506623865751,-0.054686569381588376,-0.05899229638295439,-0.06349896852428741,-0.06822625236607453,-0.07317399834165962,-0.07835560903996618,-0.08378342631662251,-0.08946771398510545,-0.09542169284627679,-0.10165681332017684,-0.10818835403346126,-0.11502804994057529,-0.12219386989311032,-0.12969783859776735,-0.13755731455189532,-0.14578907273027722,-0.15441095173341338,-0.1634410524603217,-0.17289882473324614,-0.18280500973680242,2.0,-0.20404673570334966,-0.21542835445010772,-0.22734906539736274,-0.23983280374769106,-0.25291105095171695,-0.26660726246212424,-0.2809516786297821,-0.29553427721965975
0.9168780118215468,0.05331688659491802,0.053325081221212586,0.05333281482446392,0.05334013747481978,0.053346983470134404,0.05335335039157094,0.05335899815493972,0.05336439619005837,0.05336944508777663,0.053373813405709535,0.05337797074521194,0.05338173704409664,0.053384934719651084,0.05338776809698719,0.05339025638982991,0.05339234897282158,0.05339409505815379,0.05339554723454217,0.05339651004233956,0.053397160481907714,0.05339733461913013,0.05339717896191382,0.05339675104087222,0.053395934620711176,0.05339480403159747,0.05339324509412189,0.05339115214246192,0.05338883653012823,0.053386183094557726,0.05338305813447807,0.05337961938510318,0.05337574937592426,0.053371397712305216,0.05336678334765325,0.05336151611962664,0.05335600281312063,0.053350011603732594,0.05334344392684014,0.05333655708058247,0.05332902661975677,0.05332115041684894,0.05331263755642328,0.05330347909089509,0.05329392422624656,0.05328368176804251,0.053272895274764885,0.05326165215196401,0.05324943293840605,0.05323660350474029,0.05322319177078198,0.05320899534792209,0.053194054166264174,0.05317885668122368,0.05316166783513238,0.053144238123354844,0.05312588005545658,0.053106911032396203,0.05308640296478094,0.053064957964857634,0.05304267230695215,0.05301898847497349,0.052994441531525445,0.05296840931643551,0.052941908699855,0.05291267730231087,0.05288272300179133,0.05285171465427309,0.05281853402775641,0.052783965819511725,0.05274772542119654,0.05270981194289746,0.052670096515556694,0.052628222469540936,0.052584557235417446,0.05253873518190575,0.05249064022004934,0.05244034840608429,0.05238762987787595,0.052332501604741885,0.05227449301087605,0.05221371728011012,0.05215019260752354,0.052083652197493266,0.05201377712545669,0.051940593299025305,0.051864079301743374,0.05178373707407661,0.051699905757973334,0.05161173632150566,0.05152016455193775,0.05142282858465655,0.05132161646757759,0.05121547128485475,0.051104522751200185,0.050988053833354835,0.05086628840280071,0.050738581064596396,0.05060499132248337,0.050464745781194455,0.050318309959392564,0.050164437802070604,0.050003593344219784,0.04983493354058694,0.04965828029990822,0.04947338724664156,0.049279662554897956,0.04907779989745148,0.04886413400440064,0.04864150379606931,0.04840846270472335,0.048164302510372084,0.047908380852172354,0.04764101792102656,0.04735997195623726,0.04706627024139039,0.046758440196154216,0.046435867002102504,0.04609832085434343,0.04574547035411032,0.04537426785998272,0.04498606076463961,0.04457980152292877,0.04415421851845069,0.043708267370037725,0.043241795678285115,0.04275260044161328,0.04224013298038691,0.04170360565127617,0.04114173182458952,0.04055340245619845,0.03993688241550352,0.039291276391033,0.03861511437124576,0.03790699417922244,0.03716525192408646,0.03638840033232847,0.03557523278464239,0.034722500660295114,0.03383124741856799,0.032895006568052415,0.03191576669804319,0.03089067072048433,0.029816148216382028,0.028691069808515077,0.027512608901820723,0.026278487563958366,0.0249858330570507,0.023631961650405497,0.022214202757807708,0.02072884226113341,0.01917349975653717,0.01754411671935207,0.015837799732607266,0.014050586573418088,0.012178754070084168,0.010218219533877387,0.008164648111882514,0.006013969277371932,0.0037615519809679754,0.0014051467200017626,-0.0010688894429766033,-0.0036568910242442895,-0.006367775397429311,-0.00920479174349502,-0.012180047009709219,-0.015294948711767273,-0.018556465122358964,-0.02197341470536636,-0.0255257906816113,-0.02929973188353087,-0.03322503844479072,-0.037335893136190554,-0.041642499668991986,-0.04615249048739915,-0.05087605729283021,-0.05582398103280749,-0.06099091637072511,-0.06643336268871339,-0.07211669403691941,-0.07805682910063967,-0.08429226387912622,-0.0908385408947039,-0.09767726698466063,-0.10483989341239139,-0.11219172072526903,-0.12020657530193533,-0.1280398582400264,-0.13706014061271266,-0.1460909214571416,-0.15554783577787246,-0.1654548035509904,-0.17583006957109304,-0.1866968271470863,-0.19807757452950225,-0.20999799635484537,-0.22248426308012398,-0.23556091813908064,-0.24925709930873663,-0.26360217434261385,-0.27862389905699914
0.890735463861044,0.07009810608191408,0.07011003710301258,0.07012107952041499,0.07013152410946868,0.0701412942316849,0.07015040845597764,0.07015899766681619,0.07016695974327629,0.07017448981992251,0.07018124364825823,0.07018778931949167,0.07019346961491399,0.07019885769374508,0.07020360555428459,0.07020797226661375,0.07021187641541667,0.07021535699979468,0.0702183166420781,0.070220956835665,0.07022297233316178,0.07022470538594745,0.07022597427674111,0.07022676141890864,0.07022723433609965,0.07022711613357048,0.0702266276020808,0.07022574939472932,0.07022447391252797,0.0702226974455,0.07022058005941298,0.07021795719872208,0.07021508195414694,0.07021150605126106,0.07020755740190829,0.07020312377494087,0.07019820459458423,0.0701928939891089,0.07018703371929516,0.07018068683978435,0.07017382081571748,0.07016646977974886,0.07015840244007905,0.07014985976238905,0.07014084501683805,0.07013099064899923,0.07012064253609834,0.07010970161350573,0.07009806593081998,0.07008559172717874,0.07007260966515873,0.0700587020756285,0.07004412329037506,0.0700287643642023,0.07001259929444627,0.06999537615141425,0.06997714225498515,0.06995822432141603,0.06993804802132943,0.06991703656854882,0.06989484541829137,0.06987144333721557,0.06984710000993226,0.06982124835731822,0.06979497768712081,0.06976595736454398,0.06973618452729088,0.06970493773985105,0.0696723225775159,0.06963786309356816,0.06960186329245077,0.0695639063586309,0.06952421523295343,0.06948261213262116,0.06943902250086889,0.06939331635258747,0.06934538422713636,0.06929536005351092,0.06924255711773301,0.06918739772003077,0.06913001712511015,0.06906896477991609,0.06900564810398281,0.06893887218127838,0.06886977193795436,0.06879620844758709,0.06871966999879411,0.06863954536569342,0.06855563273356742,0.06846752298672194,0.0683752137914334,0.06827876865115885,0.06817762153512417,0.06807159547559552,0.06796045548101433,0.06784457923627271,0.06772242048860885,0.06759482583713802,0.06746103877423795,0.06732135947671922,0.06717437900458689,0.06702112783511259,0.0668602932987984,0.06669159931230086,0.06651472556356533,0.0663299327736698,0.06613605178977733,0.06593320395468488,0.06572066437721244,0.06549819671366144,0.06526521417527495,0.06502083418767862,0.06476531728859848,0.06449734292122321,0.064216639873203,0.06392275449135182,0.06361525374943172,0.06329263994390173,0.06295492420996077,0.06260159084900203,0.06223331266320892,0.06184291707545299,0.06143666477782467,0.06101093773393617,0.06056520698182798,0.06009827746893199,0.05960920657583552,0.05909694176480271,0.058560540357859674,0.05800000617545588,0.057410159884226854,0.05679409641822281,0.05616718353659231,0.05547210211340657,0.05476558733748417,0.05402397433455703,0.05324656918484126,0.0524315667881247,0.05158084588940229,0.05068798609552267,0.049751850528169564,0.048772707936687296,0.04774715829962217,0.046675630840168014,0.045562914734589954,0.04436954669677959,0.043135519376960474,0.041842790336812874,0.0404893750956615,0.039071038339699604,0.03758588100277296,0.036030258306499245,0.034401141818650914,0.032694699666010726,0.030907674717876372,0.029035772901138783,0.02707509970606567,0.02502172054345872,0.02287093703137031,0.020618477296129423,0.018259221108535437,0.015788126161441415,0.013199907887156574,0.010489863372090992,0.007658157476116631,0.004682248712189252,0.0015621233685413627,-0.0016998805676348983,-0.005116353022157669,-0.008694487078084595,-0.012442738546493207,-0.0163673110259549,-0.020109094930308782,-0.024785652653503493,-0.029293515547478083,-0.03401941616099963,-0.038967058058478485,-0.044146052217703846,-0.04957589123447846,-0.05526077657602274,-0.06121295877396421,-0.06745011237943932,-0.07398156162320388,-0.08082211917537571,-0.08798677322624313,-0.09549071117675215,-0.10311851543846817,-0.11158201699210032,-0.12020366473320895,-0.1292336224372755,-0.13869163067689394,-0.14859693812903027,-0.15897253980081974,-0.16983903444161397,-0.1812209733080772,-0.19314152756396363,-0.20562688379188454,-0.21870382476240519,-0.23240007968910617,-0.24674512733061751,-0.26176956930427
0.8653383071140456,0.08639801799684935,0.08641343869754416,0.08642788938525936,0.08644155363177662,0.08645442007084767,0.08646668263187421,0.08647799137900351,0.08648858865748135,0.08649860377033884,0.0865079874613624,0.08651671463471686,0.08652458356301768,0.08653203165659086,0.08653909610658028,0.08654515926243937,0.08655154154034116,0.08655615581072278,0.08656076634484455,0.08656491812416105,0.0865686859834232,0.08657172283533882,0.08657439038649684,0.08657642980840881,0.0865780988523995,0.08657936343853216,0.08658005254664113,0.08658023599987039,0.08657992225434598,0.08657925922516367,0.08657809348691171,0.08657629372282742,0.08657418505901716,0.08657165346350652,0.08656838507738887,0.08656473679374477,0.08656051672341965,0.08655595524470616,0.08655079887652321,0.08654498611403724,0.086538852089842,0.08653192614909978,0.08652444926396473,0.08651649904810621,0.08650779028285704,0.08649853885520357,0.08648869799782516,0.08647843037743087,0.0864668176812341,0.08645481751330675,0.08644213682804805,0.0864285577042275,0.08641442712768889,0.08639924964246412,0.0863833384515158,0.08636649933995463,0.08634860156971809,0.08632986604323367,0.08630998988072311,0.08628915992746909,0.08626722296258589,0.08624517084505841,0.08622005214398958,0.08619441208005012,0.0861676618267937,0.08613943739186744,0.08610986971505016,0.08607900350856781,0.08604619510883553,0.0860120094349688,0.08597607576821074,0.08593846234875668,0.08589882336134572,0.08585746399669072,0.0858139731774026,0.08576830189797947,0.08572051616001398,0.0856706803447254,0.08561783387842758,0.08556278461417122,0.08550501905734882,0.0854445101543546,0.08538115010068482,0.08531465447234371,0.08524507802826235,0.08517216188892437,0.08509568615051222,0.0850155783361943,0.08493169267580938,0.08484365933351252,0.08475161202291341,0.08465503019360385,0.08455427934545513,0.08444808732976253,0.0843370311812246,0.08422061517817665,0.08409886587019141,0.08397139052788963,0.08383797575908516,0.08369764022467334,0.08355111528564683,0.08339747258844843,0.08323663439323833,0.0830680367757141,0.08289172683069228,0.08270668649944132,0.08251312174355294,0.08231015934955262,0.082097648688945,0.0818751229145999,0.08164196634033669,0.0813979862792838,0.08114215553503247,0.08087431802070823,0.0805949788769176,0.08029982723748487,0.07999208276395837,0.07966970601753698,0.07933223329862198,0.07897855626552948,0.07860799689983446,0.07822004380335387,0.07781373443721498,0.07738831443219886,0.07694232030194949,0.07647542200044607,0.07598650503250931,0.07547419590920067,0.07493799961632018,0.07437598341601248,0.07378804970031538,0.07317114997681613,0.07252557926214709,0.07185047820109917,0.07114235198878394,0.07039951621173071,0.06962257666587499,0.06880895925040205,0.06795677283039596,0.06706406111036756,0.066129129882178,0.06515013801016567,0.06412464092604425,0.06305049404423041,0.06192535728633765,0.060746961963386664,0.059512765002481496,0.05822021711703315,0.05686636758474169,0.0554483849377342,0.05396362521412001,0.052407739983652425,0.0507784887144617,0.04907378304146595,0.04728505084522761,0.0454161317861408,0.043452465761598225,0.04140047811063255,0.03924855015872184,0.036995916582442404,0.03463662717729764,0.03216590129600569,0.02960904242070137,0.02686685508492647,0.02402778470419449,0.021054196266780942,0.017939553180178203,0.014678303929408623,0.011266819134701664,0.007682760369510475,0.003934977942076201,1.278564033098395e-05,-0.00410205431997103,-0.008408136302522407,-0.012917922599723367,-0.017642087551865485,-0.02258908909343002,-0.027771483607412106,-0.033198784905272075,-0.03888323036576227,-0.04483600389267978,-0.0510728484409784,-0.05760398564159744,-0.06444466226597073,-0.07160159041568961,-0.07910949522633232,-0.08695014747041785,-0.09520410168648705,-0.10382600242737303,-0.11285643014630573,-0.12231359113579389,-0.1322203063133168,-0.14259545840834215,-0.15346069700794707,-0.1648437478957575,-0.17676434372893557,-0.1892496738688379,-0.20232611904575237,-0.21598502423579935,-0.2303676049476442,-0.24539155350423986
0.8406652885618325,0.10222979453101899,0.10224874555062333,0.10226673140099005,0.10228371656350926,0.10229978639104113,0.10231491430667675,0.1023291524383746,0.10234265133950744,0.10235526458230067,0.10236714463806018,0.10237825482742378,0.10238836839735169,0.10239803473784996,0.10240693924959912,0.10241518160370149,0.10242280190501883,0.10242981263750918,0.10243617569364351,0.10244206069484978,0.10244737784692924,0.10245188027847525,0.10245585270697115,0.10245932702884782,0.10246234692062858,0.10246460509756454,0.10246649294430753,0.10246794438944933,0.10246871889292399,0.10246897180691228,0.10246879059106909,0.10246817045443336,0.10246677513756455,0.10246520082270338,0.10246254607052888,0.10245970029226328,0.10245641431183075,0.10245233288182252,0.10244786652089363,0.10244281728081031,0.10243715380072733,0.10243075681381295,0.1024239409831665,0.10241639348041409,0.10240833749252316,0.1023998113543129,0.10239017629816102,0.10237997161596306,0.1023692339296144,0.10235754218366741,0.10234520250501221,0.10233226056635994,0.10231833605020947,0.10230371472172342,0.10228776459946474,0.1022713735580185,0.10225371408448634,0.10223562816174363,0.10221574091857925,0.10219521606440156,0.10217347536466138,0.10215069042069122,0.10212650707914268,0.10210134248816828,0.10207459718220563,0.1020467006074144,0.10201731070932607,0.10198638686514687,0.10195395016233,0.10192066590643324,0.10188412288862234,0.10184665088305327,0.10180729763949883,0.10176590603381816,0.10172255342018607,0.10167707213137084,0.10162950974475392,0.10158008508608929,0.10152704522899157,0.10147191386422905,0.10141436872853328,0.10135388822118141,0.10129054977218753,0.10122501989736869,0.10115461537955146,0.10108220410627057,0.10100586639973344,0.1009253557427181,0.10084150678330954,0.10075365509880328,0.1006615137513842,0.10056550724677114,0.10046390417396074,0.10035814822812755,0.10024744831588277,0.1001326518947391,0.10000958216923916,0.09988164644333802,0.09974811689907467,0.0996081620824715,0.09946160673884455,0.09930897251072517,0.0991470714582189,0.09897866352751324,0.09880216180347542,0.09861736577146307,0.0984238398439774,0.09822089802178707,0.09800832663775008,0.09778580573373713,0.09755275826552393,0.09730858866682424,0.09705310855560408,0.09678517416570907,0.09650590051694927,0.09621086273818508,0.09590303887986351,0.09558056777778158,0.09524319256326635,0.0948894963039525,0.09452849253999565,0.09413099219436134,0.09372465172816105,0.0932991797160086,0.09285455612859479,0.09238679298616574,0.09189760014267817,0.09138526909028963,0.0908488275049433,0.09028715944951805,0.08969854346259962,0.08908339513868482,0.08843688633069502,0.0877605414555007,0.08705244148850665,0.08631084574271286,0.08553378452381118,0.08472018509392217,0.08386793378685384,0.08297546939803932,0.08204060755485502,0.08106114281753189,0.08003627728016391,0.07896143441995154,0.07783642107634486,0.07665812748128353,0.07542397025985204,0.07413156241281801,0.07277792266074648,0.07135959496223562,0.06995706053750242,0.06833770791548174,0.0666897236468639,0.06498361340984742,0.06322154334457772,0.06132450952209883,0.05936454130976576,0.05731029219070244,0.05515975981991817,0.052907298402670555,0.050692645180825904,0.048076734883901726,0.045489797309108064,0.04277795472694133,0.03993886894550487,0.03696542148547849,0.03385086370365259,0.03058879404401771,0.027176589148848088,0.023594364272718993,0.019850021168273183,0.015979280784752053,0.0118099843908301,2.0,0.0031302567778070667,-0.0017300672173431453,-0.0066748408466004855,-0.011860121027079978,-0.017287157936171124,-0.022799680214082546,-0.028925092709448125,-0.03516111664416263,-0.0416800530362221,-0.04844207346932192,-0.05569785487261117,-0.06317341628759954,-0.07106139475601073,-0.07929319644335395,-0.08791506175418615,-0.09694514075482935,-0.10640306866773341,-0.11630904315474183,-0.12668405680457967,-0.1375508388219021,-0.14893238561034364,-0.16085311424106039,-0.17333784219254472,-0.18641479634746708,2.0,-0.21445636917935498,-0.22948075326724834
0.8166957611638572,0.11760633817927212,0.1176290803733465,0.11765061434110728,0.11767111306158522,0.11769036138173153,0.11770857055968371,0.1177258053035344,0.11774195993537062,0.11775731555368235,0.1177717222678069,0.11778514962223094,0.11779785473476388,0.11780975840884292,0.11782073521858012,0.11783098162846678,0.11784073777341572,0.11784935461880969,0.11785761550020527,0.11786530330936976,0.11787177463807857,0.1178779936350143,0.11788343222668063,0.11788840438886217,0.11789268426054351,0.11789627486003038,0.11789945143566236,0.11790193130058546,0.11790385637040621,0.11790516391081922,0.11790585130398774,0.11790627986874777,0.11790573804491057,0.11790483177008006,0.11790330979817727,0.11790138404024218,0.1178985274763253,0.11789530949970736,0.11789152018263795,0.11788701179250798,0.11788198800405361,0.11787632354179993,0.11787000678212917,0.11786306563155975,0.11785579880359817,0.11784724054067464,0.11783840666362021,0.11782891245462895,0.11781822282408969,0.1178071967983274,0.11779515072452637,0.11778246927231166,0.11776880014378263,0.11775434056904464,0.11773909470908328,0.11772295999305599,0.11770568090834377,0.11768734158291091,0.11766810875555123,0.11764784001915385,0.11762644530441477,0.11760381312894953,0.11758004391705107,0.11755507047226998,0.11752849749295514,0.11750077314218285,0.11747149330133523,0.11744077589903518,0.1174085640203646,0.11737470565168626,0.1173390200379985,0.11730176955395943,0.11726239562416745,0.11722123087607177,0.11717799302888558,0.11713260550332406,0.11708519286150748,0.11703519834005656,0.11698293382308747,0.11692792565147155,0.11687038752226031,0.11681023380069515,0.11674773101786201,0.11668059603526915,0.11661159927378917,0.11653832726384492,0.11646241298705236,0.11638201778501335,0.11629838473980209,0.11621039200485112,0.11611875791894641,0.11602200136033103,0.11592130465679584,0.11581514060937624,0.11570435442575389,0.11558810493563819,0.11546644912275277,0.1153389174410101,0.11520537131475042,0.11506561140267248,0.11491899563657808,0.11476551363658433,0.11460464263324671,0.11443623846635251,0.11425964574088661,0.11407478251836405,0.11388126378108254,0.11367843666457249,0.11346598784671168,0.11324358638084993,0.11301042351211578,0.11276648223064108,0.1125106102948139,0.11224287830278712,0.11196237138462063,0.11166856097988874,0.1113607242379734,0.11103846841527532,0.11070090811618262,0.11034723107186337,0.10997681949545944,0.10958905984791537,0.10918259603124213,0.10875710739495563,0.10831142320495882,0.10784534005223087,0.10735540745348524,0.10684335789945139,0.10630700095960365,0.10574506882608517,0.10515652334946393,0.10454015753528441,0.10389464057063265,0.1032186013860277,0.10251045597554428,0.10176856756030692,0.10099178240024304,0.10017804958770424,0.09932589160780024,0.0984375175929596,0.09749843043736325,0.09651959417789854,0.09549376661279242,0.09441985646572525,0.09329453244634912,0.09211622927912295,0.09088723406115241,0.0895896469792974,0.08823579649049572,0.08682182937770659,0.08533432251531486,0.08377883632943262,0.0821479260015574,0.0804414388224978,0.07865438539157474,0.0767823994118752,0.0748219644798807,0.07276846025114915,0.07061804003333891,0.0683651525966769,0.06600732891990099,0.06353551761038487,0.06094682333163066,0.058236215676701585,0.0553970549650383,0.052425841338816906,0.049309005539765596,0.04604692615088919,0.042634195695288646,0.03909084212864837,0.03530650385603276,0.03138076332242136,0.02726858228525425,0.022961320193830362,0.018455132617778577,0.01372739405135813,0.008782616966711482,0.0035996651713691846,-0.0018293636496172216,-0.007513787397737379,-0.013467601023884904,-0.01970335549834136,-0.02623463039817779,-0.03307509504936097,-0.04023882117502005,-0.047743878069250165,-0.05560322476335296,-0.0638350626265869,-0.0724568353523629,-0.08148704756297646,-0.09094458573994811,-0.10085050289759932,-0.11122563529855724,-0.12209226830712237,-0.13347005727013217,-0.14539482111118035,-0.15788017453941516,-0.17095634358614803,-0.18465323360535746,-0.19899820548455605,-0.2140210709624541
0.7934096665797492,0.13254053870350088,0.13256700735921592,0.13259225495254523,0.13261623972100456,0.1326388393803121,0.13266037588836804,0.13268048178749334,0.13269959690690963,0.13271762484038627,0.13273464208980942,0.13275065299218014,0.1327657992536071,0.13277995250614438,0.1327931820136411,0.13280559498784938,0.13281699287081652,0.13282770795537538,0.13283781525605667,0.13284698144725043,0.13285522963859475,0.13286307920249882,0.13286996107187057,0.13287625843882614,0.13288197180201733,0.13288701440331696,0.13289126573491725,0.1328950309499343,0.13289805328457757,0.13290041216224002,0.1329021761639421,0.13290348339841718,0.13290400570522748,0.1329039874275098,0.13290334064812376,0.13290204629228297,0.13290009211338755,0.13289762063277485,0.13289457791171347,0.13289067990141876,0.1328863102018914,0.13288124048837135,0.1328759404439609,0.13286920579222616,0.13286224061176713,0.1328545578109764,0.13284594701752905,0.1328367502083243,0.1328267288344765,0.1328161301402354,0.13280458413002963,0.13279216416059417,0.13277893824599696,0.13276494921464177,0.13274983318957623,0.13273398213035845,0.13271709024967604,0.13269916600193907,0.1326802036974449,0.13266007169888167,0.13263890326008765,0.1326165915092981,0.13259294187917434,0.13256820454313334,0.13254195975482322,0.1325143735403261,0.1324853553836799,0.13245480674795831,0.1324227568064464,0.13238905326370146,0.1323543299350094,0.1323164872888947,0.13227724828723567,0.13223620730357344,0.13219366931632318,0.13214797270209697,0.13210044922833455,0.1320508686909488,0.13199849517202283,0.13194359084438823,0.13188635271822308,0.13182602441070557,0.1317628357768798,0.13169664216343024,0.13162725209384557,0.13155456374482571,0.13147844428083968,0.13139838514519578,0.1313147680803253,0.13122821248100355,0.13113552712987722,0.13103859591249267,0.1309377176270807,0.13083185048223914,0.13072163950234228,0.13060496584578613,0.13048336110798717,0.13035714597481857,0.13022293931918777,0.1300825033557261,0.12993610967908686,0.12978246192476064,0.12962355900573938,0.12945377207422828,0.12927682678920727,0.12909216477495597,0.12889850227149385,0.12869650777524727,0.12848383010098485,0.12826078007716507,0.1280293439027706,0.12778391326069322,0.12752812435797348,0.1272603339978974,0.12698251447492293,0.12668646740343079,0.12637845963967467,0.12605602535784183,0.12571903144802582,0.125364689360626,0.1249945348731672,0.12460654519141841,0.12420012649659659,0.12377459015253295,0.12332913801775801,0.12286206938847118,0.12237302877847489,0.12186119181494168,0.12132450913143719,0.12076266290560243,0.12017432297483624,0.11955783198610234,0.11891266470127673,0.11823627829654428,0.1175281336041334,0.11678643740356856,0.116009419180279,0.11519584932681258,0.11434380375204728,0.1134510905114389,0.11251612708190435,0.11154156395172109,0.11051156259053951,0.10943734212782738,0.10831235484868237,0.10713567725367809,0.10590457396773992,0.10460721747626972,0.10325341312346137,0.10183599209833119,0.10035034379936084,0.09880093849368712,0.0971657061155353,0.09545951066625578,0.09367218995786838,0.09180030930907093,0.0898398458877531,0.08778627342753362,0.08563557487396983,0.0833830787222953,0.08102377314946306,0.07855288049803612,0.07596476089287788,0.07325396254618619,0.07041991772776053,0.06744130553204308,0.06432708812217708,0.06106498041698977,0.057648280171707963,0.05406995910233786,0.05032232927054513,0.046396611457186404,0.042285281292313195,0.03797912577349455,0.033469766651751304,0.028745208385916432,0.023797868365846533,0.018615795192289175,0.013188544057740684,0.007504019871828443,0.0015509153315340918,-0.004685580281072799,-0.011216143493228525,-0.018057192578539966,-0.02522183375666673,-0.03264321894670422,-0.04058504355679465,-0.048817140184113206,-0.057438754421581806,-0.06646888445946064,-0.07592263454330903,-0.08583234408900484,-0.0962081973618216,-0.10707483996393519,-0.1184564316349013,-0.13037689313792739,-0.14286217248235572,-0.15593385237559876,-0.16963281271594044,-0.1839751589659916,-0.19898518346328692
0.7707875183839599,0.14704460996735816,0.14707507677066478,0.14710403246971757,0.14713176282539447,0.14715764637584994,0.14718236495538561,0.14720569733266767,0.14722782385919952,0.14724864352443096,0.14726840695779708,0.14728708010604147,0.14730444864029704,0.1473211018258672,0.14733650386521224,0.14735123790242094,0.147364507775178,0.14737720546196115,0.1473890078549497,0.14739991684975481,0.14741019217175072,0.14741938207001926,0.147427967224122,0.14743575808688675,0.14744286553470298,0.14744909875029116,0.1474546281548426,0.14745956375503583,0.1474637050906481,0.14746739759019714,0.14747009587636406,0.14747239573960153,0.14747406797483814,0.14747470264174134,0.14747492874115634,0.14747449607348764,0.1474734695374025,0.14747176757785482,0.1474693007338807,0.14746622167274553,0.14746245862768623,0.14745805020930272,0.14745298106690466,0.14744717178808034,0.14744074711858693,0.1474334319969946,0.14742563803650416,0.1474167349638948,0.1474072049524774,0.1473969786471133,0.14738579774306074,0.1473738871238765,0.14736104635858893,0.147347403254118,0.14733262142479286,0.14731705214814483,0.14730046873847333,0.14728286932609846,0.14726415756399344,0.14724487374384035,0.1472236498305808,0.14720140331227705,0.1471781142311833,0.1471534084492961,0.14712750213129083,0.14710004063989,0.14707127325331726,0.147040889783382,0.14700910768254175,0.14697571105185311,0.14694017437241869,0.14690324645470879,0.14686422878287275,0.14682322295676467,0.14678033453340655,0.1467352690326141,0.14668804234695768,0.1466382139150857,0.14658611440842031,0.14653142104713174,0.14647438863288945,0.1464139743521754,0.14635087443146597,0.14628494326412572,0.14621569439545448,0.1461430275141381,0.1460667872378137,0.14598743806528156,0.1459032313265461,0.14581572062985326,0.1457236299702654,0.14562731746594035,0.14552651977941988,0.14542082213993754,0.14531080031806926,0.14519388573966083,0.14507255432512445,0.14494500989267367,0.14481159825314052,0.1446717665354861,0.14452534155525948,0.144374891693724,0.14421102840047498,0.14404277782999672,0.1438661770529873,0.14368159428100521,0.14348784596792782,0.14328531328041094,0.14307380583099305,0.14285052707738938,0.14261738264099783,0.14237392384696715,0.14211767660190106,0.14184995866270347,0.14157037641659043,0.14127803680398118,0.14096799431461657,0.14064573422728693,0.14030807261780043,0.13995453054529944,0.13958406515525676,0.13919620760484586,0.1387899652023522,0.13836432830415663,0.13791874013044578,0.13745178236403183,0.13696284429147254,0.1364509907057321,0.13591453743138265,0.13537184285262444,0.13476410140465406,0.13414835688335414,0.13350221293878256,0.13283555845532152,0.13211868282129519,0.13137638045757874,0.13072741350060343,0.12978574053854602,0.12893368567412314,0.12804104569798744,0.12710607156744042,0.12612692320283939,0.12510146467391725,0.12402727230031077,0.12290308111802045,0.12172439466769558,0.12049008123157787,0.1191977641877188,0.1178448279659102,0.1164255493619551,0.1149404306420681,0.1133946693633199,0.1117638265542221,0.11004927034749427,0.10827007134873315,0.1063906322051705,0.10443167393998604,0.10237648861543439,0.10022557196911869,0.09800252382900282,0.09561382595131902,0.09314330465322872,0.09055480993414541,0.08784395268073628,0.08509375841678239,0.08203148886837158,0.07891688545058217,0.07565508788463848,0.07231351457208822,0.06865995510803569,0.06491274075864144,0.060986974178182524,0.0568754063680255,0.052841702629868925,0.048059137628693654,0.043343435920789014,0.03838840741061493,0.03320609997346263,0.027778564298345784,0.022094851594963077,0.01616228108780482,0.009909658943842325,0.0033734453440204815,-0.003466416089181218,-0.010631871796745296,-0.018126176445663944,2.0,-0.03422192018024223,-0.04284884291045418,-0.05187851495697429,-0.06133631406739451,-0.07124291143525552,-0.08161809059392483,-0.09248451976990851,-0.10386537474253904,-0.1157775725647262,-0.12822980041292092,-0.141349005443582,-0.15504520488393275,-0.16938967698899285,-0.18441474138041514
0.7488103857590023,0.16113048473459712,0.16116513457685747,0.1611980552230852,0.16122936673844068,0.16125895772997917,0.16128706413911462,0.16131352301595592,0.16133877222212895,0.16136239722637621,0.16138492587323539,0.16140614418129237,0.16142619076901576,0.16144510459007236,0.1614628550652285,0.16147969529310055,0.16149521454293875,0.1615100178311479,0.1615236285667477,0.16153632020074418,0.16154828974405472,0.16155924376370578,0.16156931696274018,0.16157854328375468,0.1615871123485171,0.16159477488060098,0.16160166700777245,0.16160782259370193,0.16161311925982497,0.1616178964589754,0.1616217929071269,0.16162507306164492,0.16162750654698238,0.16162931723303303,0.1616305140097839,0.1616310378814504,0.1616310660112846,0.16162966767426376,0.16162798527592045,0.16162570071856983,0.16162256833730138,0.16161890762283052,0.1616143331183956,0.1616091466035522,0.16160329924557118,0.1615965551314596,0.16158910048986933,0.16158090377982687,0.16157191067611418,0.1615619094367485,0.16155118694099171,0.16153962745208691,0.1615272302989199,0.16151400924809653,0.16149968891525854,0.1614843863065,0.16146812874947186,0.16145081868454927,0.16143239411656446,0.1614130031695362,0.1613923799142926,0.16137036834196122,0.16134735403235528,0.16132288805776268,0.16129715737275901,0.16127020810334364,0.16124139956538347,0.1612111831236728,0.1611795079904889,0.16114618013321938,0.16111103095188553,0.16107409635125822,0.16103534320503982,0.16099449198944635,0.1609517029703876,0.16090676988935815,0.16085960425650206,0.1608100020392543,0.16075813280603757,0.1607034548175704,0.16064623780993562,0.1605862227893895,0.16052328470286858,0.16045751060916708,0.1603881002678525,0.1603154461784181,0.16023944830885864,0.160159792541736,0.1600761247885738,0.15998905570932084,0.15989661036815805,0.15980045466389584,0.1597007590002451,0.15959404837245755,0.15948316634799078,0.15936760894715246,0.15924568068441142,0.15911900101121132,0.15898486347896457,0.15884511147741967,0.15869870874331807,0.15854571132109124,0.1583845874882662,0.15821651158564892,0.1580398606218229,0.1578552127845129,0.1576616245520809,0.1574589264481005,0.1572465243752943,0.15702724279301883,0.15679134078900173,0.15654716176680583,0.15629177236546343,0.1560237449285754,0.15574365844548593,0.15544954076658235,0.1551421071001962,0.1548200513620327,0.15448394972414578,0.15412868452109543,0.15375816836796852,0.1533704075187684,0.15296433577817875,0.15253852342340934,0.1520928732448521,0.15162592525630258,0.15113704922113666,0.15062491268540334,0.1500901667514332,0.14952678503553488,0.14893857990523154,0.14832215594420808,0.14767652748073903,0.14700114874724732,0.14629223551386233,0.14556261207231772,0.14477376131570147,0.1439599676927864,0.14310779822359634,0.14221534947866904,0.1412803401418191,0.14030182477630368,0.13927582220859178,0.1382016266333874,0.13707652643762633,0.13589841587246718,0.1346641235217527,0.1333720971493356,0.13202350359653756,0.1305997717228033,0.12911610406555557,0.12756086535248515,0.12593007070748696,0.12422357092698381,0.12243641113940301,0.12056480607621137,0.11860414426265331,0.1165507529233824,0.11439992200065707,0.1121474533975858,0.10978835043239328,0.10731804650525963,0.1047294805515637,0.10201831715460716,0.09917923297766205,0.09620580132524684,0.0930915447959546,0.0898293868620178,0.08667448425849415,0.08283431165881427,0.07908649876200734,0.07516101731304434,0.0710496415846925,0.06674518825251666,0.06223401199831352,0.05750988552014416,0.05256213381576337,0.04738513484928958,0.04195287211587741,0.036268419853570516,0.03031466452910922,0.024079011738521006,0.017548229051062236,0.010707265633992713,0.0035426467054894273,-0.00396105655807974,-0.011821026872671003,-0.020052725338287475,-0.028674415554015592,2.0,-0.047162653254072595,-0.05706763789018146,-0.06713494201274922,-0.07830886683960994,-0.08969196484559852,-0.10161227588840285,-0.11409714795970133,-0.12717458969544462,-0.140869096201092,-0.1546459200351701,-0.17024033995305957
0.7274598776536367,0.17481030886431562,0.1748491193858181,0.17488596032242837,0.17492097573543647,0.1749543209414103,0.17498584891625346,0.17501566854807948,0.1750440337903922,0.17507072864766207,0.17509603017261413,0.17512000337694786,0.1751426379902325,0.17516415919954495,0.17518416606096424,0.17520314249049143,0.17522093986545853,0.1752376307607777,0.17525329487616248,0.17526798111788408,0.17528165031805695,0.17529421883432184,0.17530591499862266,0.17531688885473615,0.17532667292583895,0.1753357691286258,0.1753441956471274,0.17535154491647262,0.1753580318118784,0.17536390069791982,0.17536894681123985,0.17537342223360874,0.17537685912823198,0.17537963551611033,0.1753816965355688,0.17538290771772444,0.17538365140718484,0.17538329384290607,0.17538245609356623,0.17538089839778492,0.17537846786522582,0.1753753201205536,0.17537149663897614,0.17536712181857098,0.1753616323073696,0.17535538799223913,0.17534859444683443,0.175340724317906,0.17533214394682758,0.1753227701547697,0.1753125281771241,0.17530146061494276,0.17528945177528243,0.17527664974742171,0.17526259099638547,0.17524750467246952,0.17523157135437412,0.1752148391285143,0.17519656208768183,0.1751774476987279,0.1751570505983901,0.17513540409479803,0.17511254591176315,0.17508840577926152,0.17506280628752335,0.17503589952250673,0.1750075407513099,0.17497785146299852,0.17494602515214946,0.1749128770143675,0.17487798552971842,0.17484113024549372,0.17480246017287585,0.17476189840655795,0.17471923124843516,0.17467439122660008,0.17462727870932906,0.17457790157230796,0.17452610415871952,0.17447173617188688,0.17441452678333416,0.17435459121648503,0.174291694931261,0.17422579065736404,0.1741566838349045,0.1740842478111056,0.17400815577007234,0.17392857656505656,0.1738450181699029,0.17375743597392931,0.173666157308586,0.17356981063141846,0.17346878799389226,0.1733631720736955,0.17325256985712792,0.1731366366572857,0.17301511081109175,0.17288778793742177,0.17275441856322798,0.17261466790504473,0.1724682907346586,0.17231723707124924,0.1721542683151146,0.1719860488715398,0.1718097054926822,0.1716249737595466,0.17143450398123145,0.17122907177905974,0.17101677628825337,0.17079410697047445,0.17056376420363595,0.1703172750491026,0.1700619877290466,0.16979388965933506,0.1695133844095955,0.16921969395302067,0.16891208523516932,0.16858986437982115,0.16825223334125058,0.16790201379059636,0.16752829359567467,0.1671404239861872,0.16673449275091162,0.1663144669328895,0.16586299359254641,0.16539627954274283,0.1649076640333452,0.16439525343266514,0.16385870873828617,0.16329693376114593,0.16270962485372967,0.16209230002458191,0.161446750999251,0.16077074902773494,0.16011540265621677,0.1593208477937705,0.15854447817505884,0.15773135646777597,0.1568891833360144,0.15598711053780975,0.15505141511908715,0.15407166341800502,0.15305118416061797,0.1519720450812212,0.15084696198151462,0.14966864410333972,0.1484362592159884,0.1471420474564133,0.1457883492788466,0.1443701489334576,0.14288513983192372,0.14132965368939776,0.13970056622956656,0.1379941716007948,0.13630483748994263,0.13433510487996123,0.13237446575429662,0.13032508990196087,0.12817049795105984,0.12594429219683329,0.12356039577364057,0.1210876399772549,0.11849958696086857,0.11578890363704153,0.1129504003899253,0.10998095693562793,0.1068618086590237,0.10359979233074326,0.10018318953041029,0.09660484098977312,0.09285699071536675,0.08893160973460115,0.08492117918123164,0.08051401009548018,0.07600406076855154,0.07128019838268934,0.06633272087671517,0.06115187019157042,0.05572675814149099,0.0500452792138307,0.04414026991187653,0.037849461479850244,0.03131866625481952,0.02447773228933961,0.01731351916802107,0.009809590477389718,0.0019495066318682697,-0.006278550482249401,-0.01490387891522349,-0.02392415646810847,-0.03339205670372514,-0.04329690443714643,-0.053673209846396175,-0.06446234967195244,-0.0759212540331281,-0.08784197989768355,-0.10032714722806149,-0.11340414768998955,-0.1271001606891023,-0.14144493476559766,-0.15646946314743457
0.7067181273927491,0.18809510479077898,0.18813833034171562,0.18817928983214416,0.18821831185211266,0.18825533808085834,0.18829014899368113,0.1883234857494149,0.18835502385546812,0.18838487129174275,0.18841313545576438,0.18844005461373814,0.18846525700908356,0.18848938771148296,0.1885117953600168,0.18853292317817627,0.18855299710065637,0.1885720423971642,0.188589656874113,0.18860602077048655,0.18862151610833594,0.18863584002985256,0.1886493198021054,0.18866174769658947,0.18867320022931738,0.18868370846048776,0.18869331393747554,0.1887020937924978,0.18870990988147954,0.18871700128781574,0.18872322508665365,0.18872857589213257,0.18873314222978108,0.18873687119372953,0.1887398910962151,0.18874204801357447,0.18874358433511496,0.1887443230369499,0.18874412908668825,0.18874316836803576,0.18874193332554642,0.18873915496678326,0.1887360319847863,0.18873221257829081,0.18872729199266725,0.18872161925513367,0.18871520203989356,0.1887079723332472,0.18869992091234822,0.18869099757303107,0.18868118197585523,0.1886705227106683,0.18865887219351268,0.18864631661461453,0.18863270549795297,0.18861823194190627,0.18860287573710002,0.1885858928216497,0.18856831483716,0.18854929934668313,0.1885290973450407,0.18850782347228984,0.1884855205699046,0.18846130329795116,0.18843601420696898,0.18840937678666056,0.1883818016079779,0.18835139166443465,0.18832010873445867,0.18828716476598087,0.1882524680006037,0.18821569807956737,0.1881773322732232,0.18813702275568167,0.1880942723463162,0.1880495719190994,0.18800283098613302,0.18795333930813946,0.18790158902012985,0.18784730189545598,0.1877903722169824,0.18773063373633092,0.18766768567649794,0.18760190841621108,0.18753279996385708,0.18746052429161722,0.18738463181759096,0.18730504543303436,0.1872215325214946,0.18713413524914543,0.18704249296675768,0.1869462683455826,0.18684552313782332,0.18674001201936205,0.18662941129872984,0.18651365498817185,0.186392096315979,0.18626517535753054,0.18613148785358316,0.18599186494480702,0.18584678505577223,0.18569215970294733,0.18553161367508103,0.18536336793364425,0.18518734877288157,0.18500234574849364,0.18480888564366507,0.1846063081215787,0.18439392725681095,0.18417191224642884,0.18393874060237503,0.18369471467878523,0.18343917136508778,0.1831716599709737,0.18289125866464992,0.1825975556759494,0.18228982165365393,0.1819676055043657,0.18162990476189997,0.18127693354567,0.18090611352854255,0.18051868257077397,0.18011210580881795,0.17968675680958116,0.1792410509934893,0.1787741329242615,0.178285167003844,0.17777304757681042,0.17724010313576566,0.17667519839700685,0.17608656805873876,0.175470180159154,0.17482478914656685,0.17414862929029756,0.17344041388351525,0.17269874961557352,0.1719219980128817,0.1711082792694249,0.1702561849776288,0.16936360009940662,0.16842884420083382,0.16744971974869238,0.16642480491816994,0.1653500463580817,0.16422506800289338,0.16304663929830834,0.16181259220277902,0.16052017344575636,0.15916620223929134,0.15774825591520056,0.1562631050560984,0.15470821954253658,0.15307869381009678,0.1513721572371708,0.14958491331751908,0.14771316376580454,0.14575264901889332,0.1436991475864085,0.14154853369579098,0.13929598466460977,0.13693675337730632,0.13446579445645557,0.13187760516123379,0.12916698380438243,0.12632801692048912,0.12335416544577218,0.12024108548254211,0.11697779346722537,0.11356134903107394,0.1099829199048386,0.10623504829884899,0.10231016783572427,0.0981982345420309,0.0938933287075478,0.08938200783840805,0.08465923334794231,0.07971080535698404,0.07452883320643935,0.06910198082320047,0.06349136590374771,0.057464407049418215,0.051227780608861906,0.04469631338958657,0.03785612763505122,0.03069126949818171,0.023187146149510368,0.015327695451678697,0.00709598884685525,-0.0015204812635188636,-0.010556103395105793,-0.020013980277690496,-0.029919960595440692,-0.04029517932119209,-0.051160008203978924,-0.06254329294500766,-0.07446149380926614,-0.08694373768610025,-0.10002589195233974,-0.11372206908826576,-0.12806711323080522,-0.14309171126777953
0.6865677777260395,0.20099616179294036,0.20104373883508037,0.20108895737051036,0.20113195506922288,0.20117285434313922,0.201211612752848,0.2012481760684372,0.2012829842004737,0.2013160178742981,0.2013474268557471,0.20137729778768082,0.20140505189960675,0.2014316169421571,0.2014565990709927,0.20148027122259665,0.201502661625598,0.2015236382572793,0.20154349734797164,0.20156181374524576,0.2015791674449492,0.20159542460799607,0.20161047072993774,0.2016244926455584,0.20163746154840612,0.20164955210856572,0.20166056422792789,0.20167075402523046,0.20167990858766802,0.20168804164507087,0.20169545426621022,0.20170206743732869,0.20170753874876873,0.20171235364545634,0.2017163167639354,0.20171967343364114,0.20172183485484718,0.20172329521518229,0.20172400839990323,0.20172396637701095,0.20172299520721615,0.20172125063886892,0.20171881063715388,0.20171545225647233,0.20171132417481938,0.20170635621228095,0.20170039015900038,0.20169370572062398,0.20168626219928257,0.20167782848810314,0.20166849735881984,0.201658253640249,0.20164708454785676,0.20163537416256913,0.20162160776400198,0.20160745023883744,0.20159228365617862,0.2015758617883149,0.20155836891309367,0.20153988282119126,0.20151988932193463,0.20149900875032073,0.20147667622083368,0.2014529245196613,0.20142789128822394,0.20140198482233138,0.2013734639768794,0.2013444584761099,0.20131275810847502,0.2012799178016933,0.20124532248039187,0.2012092754376379,0.20117061831717187,0.20113033017648765,0.20108817903109083,0.20104349161717225,0.2009966620038987,0.20094743259421186,0.20089582335284975,0.20084165938172743,0.20078475040976948,0.200725045391017,0.200662471527246,0.20059677132765633,0.2005279213895894,0.20045560306823085,0.20037963032161374,0.2003001612318115,0.20021671761061544,0.20012946419618896,0.20003788655044982,0.1999418229469576,0.19984139638589418,0.19973563386421692,0.19962558967620175,0.19950920484116827,0.19938791591696145,0.19926062699294086,0.19912735695233816,0.19898783596487563,0.19884167412153422,0.19868822844285874,0.1985276147482615,0.19835938025117528,0.19818787516902625,0.19799858870374099,0.19780512728119667,0.19760253292084562,0.19739039411591566,0.19716790991363795,0.19693519138644486,0.19669099613338675,0.19643555162609683,0.19616837522878935,0.19588814523345316,0.19559371376451737,0.1952861949698384,0.19496388909062629,0.1946271522138972,0.194273021201342,0.19390262988928095,0.19351488182214058,0.19310862851043095,0.19268494754521542,0.19223770286917202,0.19177068653906074,0.19128473071256202,0.1907696423722006,0.19023333141811694,0.18967149647636938,0.18908309326395978,0.18846695836606803,0.18782146118750348,0.18714529078341716,0.18643760725342265,0.18569543418574974,0.1849186569718998,0.1841050515564389,0.1832529624620212,0.182360743091901,0.1814255344158297,0.18044639069229237,0.1794209928325423,0.17834693726212825,0.1772218909475924,0.17604351518343453,0.17480965641036414,0.17351674748409823,0.17216305524147893,0.17074506334265036,0.16925990162475288,0.16770447860248447,0.1660753077089901,0.16436892040788337,0.16258181532521235,0.16071014874625206,0.15875204105911922,0.15669597831958343,0.1545584902319828,0.15229371323661048,0.1499336772326162,0.14746270215329332,0.14487445810932295,0.14218193588890304,0.13932468782934881,0.13635108403787313,0.1333037616908401,0.12997468605313156,0.12659848985625544,0.1229798726938402,0.11923184260419188,0.11530660898823311,0.11119663587169047,0.10688900211622795,0.10238013056436407,0.09813492322721165,0.09270765769657856,0.08754723032161713,0.08210310775197731,0.07641391388543822,0.07046013117997146,0.06422454061641178,0.05769319780903012,0.0508526844290961,0.043782372976883616,0.036184003762041284,0.028327404287077945,0.02009294152934671,0.01147107880468426,0.0024424198748280723,-0.0070168257904695,-0.016922083081978817,-0.027298306953386697,-0.038164648406367074,-0.04954641005990801,-0.061466588088704865,-0.0739522400537036,-0.08697324610804713,-0.10072495959909489,-0.11507000934118794,-0.13009480346147884
0.6669919663030122,0.2135240253258753,0.2135762132167957,0.21362584469897977,0.2136729203297466,0.21371759733059478,0.21376023830206015,0.21380058694896936,0.21383869240507147,0.21387534708769895,0.21390953219050987,0.2139420278195307,0.21397305626965404,0.21400232432304023,0.21402993596306683,0.2140559141821372,0.21408053555853923,0.21410373881961334,0.21412577299022348,0.21414622058748847,0.21416543460934262,0.21418353152301384,0.2142002876689658,0.21421617336808793,0.21423067929135353,0.21424415779208245,0.21425679587904933,0.21426834062419567,0.21427861265735873,0.2142881119499998,0.21429677812509385,0.21430429601163872,0.21431102632963883,0.21431694947611332,0.21432198698124136,0.21432597650602356,0.21432915498910843,0.21433166748828258,0.21433311388220827,0.21433387711885554,0.21433364082221484,0.21433276599333428,0.21433084395698157,0.21432818524755168,0.21432466603806485,0.2143202622069752,0.21431495338639367,0.2143089114042507,0.214301725038789,0.2142937815086112,0.2142850253804425,0.2142750934280037,0.21426453251856684,0.2142527321423737,0.21423976972095796,0.21422599746471613,0.21421127519332003,0.21419515559627963,0.21417805597856002,0.21415966972892167,0.21414022709679695,0.2141196208772772,0.2140975065967559,0.21407404135867464,0.21404924625806868,0.21402347963713045,0.21399519232718997,0.213965944207788,0.21393520170756983,0.21390294286311656,0.21386794393025896,0.21383170107170368,0.21379356365015112,0.21375344318317788,0.21371147463385043,0.21366698163442752,0.21362026934073686,0.21357114024785043,0.21351981032329506,0.21346590019126804,0.21340886648509658,0.21334925428646495,0.21328660662746493,0.21322113180545113,0.21315221340284188,0.21308015033516958,0.21300438840551192,0.21292511096988787,0.21284157984939717,0.21275423905917648,0.21266265496518363,0.21256675324457772,0.2124664429258348,0.21236089160552887,0.21225027933681972,0.21213463565337046,0.21201319408528244,0.21188701991100975,0.21175276116716799,0.21161319744225188,0.21146698386706095,0.21131373777893106,0.21115318636179134,0.2109851210787605,0.21080882754475777,0.21062417282164242,0.21043080153922664,0.21022823161597454,0.21001598662842932,0.2097937829997533,0.20956096146274608,0.20931703837818055,0.20906169402793667,0.20879387544007746,0.20851350201440255,0.20821982060025832,0.20791229333520211,0.2075900254695543,0.2072526059208482,0.20689899546587537,0.2065287074268257,0.20614105553490294,0.20573472542583107,0.20530967970710434,0.20486470442941113,0.20439695943648847,0.2039079029009439,0.20339932094667365,0.2028596059172299,0.20229790735293224,0.20170934055483397,0.2010931019178821,0.2004476697889414,0.199771527641214,0.19906346497437857,0.1983247287928102,0.19754538341117656,0.19673141463925073,0.19587916699145733,0.19498700969440183,0.19405179953667845,0.19307273964921692,0.19204731721108928,0.19097336555310918,0.18984837607638244,0.18867052881658486,0.18743577359262822,0.18614345769136426,0.18478947438329915,0.183371593120942,0.18188636922647414,0.18033093322023622,0.1787370330369758,0.1769959974426436,0.17520813773843066,0.17333628994817674,0.17137593607836804,0.1693285710653168,0.16717172819796292,0.16491932819604896,0.16256244392232233,0.16008902904659267,2.0,0.15488475584052724,0.15195208670994204,0.1489775407480172,0.14586321536552957,0.14260114597848872,0.13918456404668922,0.13560640364095883,0.1318583950989175,0.1279329664994093,0.12382161879197683,0.11951661556691459,0.11500610414008172,0.1103017933935719,0.10533797801780602,0.10016075704897806,0.09483888434621805,0.08904068445346597,0.08309375509238032,0.07685085219663204,0.07032036234050723,0.06348028892560717,0.0563148060499232,0.04881048598091264,0.04095121047839814,0.032719326509547675,0.024101575486861343,0.015067888051450762,0.005609527688258148,-0.004296545339564334,-0.014670750611729344,-0.025538084435914432,-0.036919831141072446,-0.04884046225344535,-0.06132585223980819,-0.07438440922638823,-0.0880936047166559,-0.10244272888984857,-0.117437680170696
0.6479743115621104,0.22568916851128437,0.22574613015794015,0.22580016301780154,0.22585176926845818,0.22590042956174758,0.22594681411246403,0.2259909882428463,0.22603264814115204,0.2260722099087632,0.22610998994140766,0.2261455751339651,0.22617936806842256,0.2262113329863772,0.22624153588539328,0.22627021980066803,0.22629723502111565,0.22632273676385614,0.22634686670823354,0.22636933814727653,0.2263907385162045,0.22641048300365801,0.22642920343958786,0.2264467450830047,0.22646285488041334,0.22647815173141855,0.2264920361084038,0.22650485385923977,0.226516703314435,0.22652772028326434,0.22653733392865516,0.22654626740187786,0.22655412092673888,0.22656103403185282,0.22656696291445924,0.2265720630818676,0.2265761962045823,0.2265795571667784,0.2265820011623524,0.22658336806132034,0.22658409771546245,0.22658375136927883,0.22658274975826279,0.22658064839224537,0.2265778224889131,0.22657401126039123,0.2265692382149479,0.22656378347807002,0.22655718239336373,0.22654994633240774,0.22654141025600436,0.22653204998280588,0.2265217312299029,0.22651048914959696,0.2264980055637729,0.22648457849975426,0.2264700658162154,0.22645433352929997,0.22643763347886856,0.22641958730183967,0.22640044065947398,0.22637988517308533,0.2263581739338952,0.22633508411891973,0.22631046073226693,0.22628472050638995,0.22625696534489578,0.22622788842036687,0.22619725483000822,0.22616735766155438,0.22613058825983814,0.22609442752650694,0.226056617452908,0.2260165617527569,0.22597500562993672,0.22593025409483639,0.22588368375676576,0.22583536370483429,0.2257834401182184,0.22572950235325068,0.22567319655471382,0.22561374263016698,0.22555104745853763,0.2254858590998818,0.22541679765835612,0.2253447123098854,0.22526897727352793,0.22518964789976292,0.2251064844071533,0.22501936865238117,0.2249278543119658,0.22483262315301708,0.22473153450541514,0.22462704351478938,0.2245156045053932,0.224399875396432,0.22427928018906176,0.22415164126988876,0.2240187303225247,0.2238792282656631,0.22373264586928457,0.2235794775162341,0.223419338983167,0.22325087705013585,0.22307465892450234,0.2228900753170448,0.22269720708386123,0.2224942509541975,0.22228212728132205,0.2220597440389179,0.22182709772918754,0.22158398803070078,0.221327560815688,0.22106008738278501,0.2207796135042227,0.2204860597683582,0.22017832308308488,0.21985618895690062,0.21951899865874092,0.21916568365293848,0.21879500868377497,0.21840762409261408,0.21800104468664486,0.21757560094843703,0.2171305120386841,0.2166633758468934,0.21617508313345574,0.21566229754207353,0.21512617375768073,0.21456447453080563,0.21397582736714954,0.21335990101502328,0.21271642264168317,0.2120380758577939,0.21133035334958414,0.21059175164264587,0.2098114835180095,0.2089979366522525,0.20814569454601226,0.2072538051910278,0.20631844011815414,0.20533958497674268,0.20431395756455226,0.2032406776941375,0.2021150010605523,0.2009364442457554,0.19970238909310647,0.1984107818801672,0.19705601968832007,0.19563833846288184,0.19461982044207618,0.19259753186405973,0.1909784440164436,0.1892626306518183,0.18747486290899892,0.18560292477538415,0.1836424801745828,0.1815891851037466,0.1794391036223935,0.17718609541587968,0.17482665153383392,0.17236700154484497,0.16977158727749356,0.1670569600037381,0.16421781217738124,0.16124714161279077,0.15816612032852437,0.1548689842282775,0.15145154750445394,0.1478959890084502,0.1441249998768399,0.1401995672078343,0.136088268005306,0.1318369755575576,0.12727202460757103,0.12265436779113922,0.11760151788753363,0.11243724831394167,0.10699152411538647,0.10135774867499542,0.0953647603035016,0.08911888924245884,0.08258654387117789,0.0757461679252224,0.06879499964536887,0.06107746772841571,2.0,0.04498702341877586,0.03636421910819984,0.027334153306222575,0.017878578144377738,0.007970593494106254,-0.0024044278133018016,-0.013271447406299652,-0.0246489870026666,-0.036573823682590545,-0.04905918085386146,-0.06212148622760555,2.0,2.0,-0.10520100044101233
0.6294988990221887,0.23750198354582433,0.23756364171124866,0.23762228021656617,0.23767821601762312,0.2377311462395927,0.23778167632030522,0.23782932225259862,0.23787479633531688,0.23791801432176773,0.23795896761542898,0.23799759000052984,0.238034502061343,0.2380692345976999,0.2381024168797697,0.2381334688554046,0.23816288782996908,0.23819077000831032,0.2382170198604537,0.2382418004355986,0.2382650748235684,0.23828696504323943,0.23830766131867528,0.23832676378187403,0.23834472142222252,0.23836169434644805,0.23837709060628365,0.23839129919168386,0.2384046053042352,0.23841674739856805,0.23842787755590739,0.23843783779022368,0.23844689859124418,0.23845493177145702,0.23846201749392573,0.2384680262627397,0.23847315022187227,0.238477456186326,0.2384807511697099,0.23848289970144898,0.23848429560122136,0.23848488045239047,0.23848443444349968,0.2384832706951571,0.238480954449688,0.23847776165870221,0.2384737324413762,0.23846861322153592,0.23846275060188285,0.23845583919585292,0.238447873540328,0.23843898464294735,0.2384291792001991,0.2384182551848962,0.23840626169033016,0.2383932427622055,0.23837916954839036,0.23836388860883959,0.2383474645490278,0.23832972789155402,0.23831098582278906,0.23829077194197434,0.23827086491918906,0.23824642780135274,0.23822214101818154,0.23819633910655372,0.23816899377082731,0.2381402029386724,0.23810984747037103,0.23807740431218738,0.23804353881792104,0.23800779782913178,0.23796983897812463,0.23793009835764836,0.23788811094855922,0.2378440284262696,0.23779766360168636,0.237749019072555,0.23769770740100807,0.23764412652749178,0.2375873276583256,0.23752800810141977,0.23746576727758553,0.23740024069411633,0.23733167607891062,0.23725958123721014,0.2371840428737225,0.23710493540238053,0.23702194860101966,0.2369346366157162,0.2368432315910551,0.23674748958431688,0.23664702559040043,0.2365417884290669,0.23643136319418412,0.23631563851718237,0.23619441930368976,0.23606750215089903,0.23593436484218613,0.23579480625971122,0.23564871655449562,0.23549556903850918,0.23533507169129844,0.23516706608991517,0.234991334970431,0.23480635173478415,0.23461299221379792,0.2344106734734382,0.2341985523634014,0.2339761683381726,0.23374387895627255,0.23349945947785544,0.23324426716561292,0.23297730266488484,0.23269615302513424,0.23240368147240661,0.232095983987454,0.23177273783010627,0.23143545755953354,0.2310819399846954,0.23071173784508217,0.23032389057842304,0.22991801505812706,0.22949674024282862,0.22904660393411747,0.2285799419782276,0.228091225531524,0.22757976080471362,0.22704273691651028,0.22648125078278747,0.22589273976344582,0.22528272856581172,0.2246309525653193,0.2239548734331551,0.22324692414528072,0.22250512555187857,0.2217283373292352,0.22091490406482803,0.22006285152462493,0.21917009930828604,0.2182360417408999,0.21725799220642836,0.21623142628155026,0.2151566168429223,0.21403191767113217,0.21285352726069529,0.21163999415832827,0.21032679195880388,0.20897376202947834,0.20755495819964445,0.2060698619641926,0.20451575976969125,0.20288563769812,0.2011789200881356,0.19939253615560368,0.19751989100241596,0.1955595871404936,0.19350669778555263,0.1913553664880656,0.18910279847882047,0.1867435227457973,0.18427806259429863,0.1816844450598484,0.1789741622778795,0.1761443676215455,0.17344392125676042,0.170047908692424,0.16678482012655022,0.16336841056037243,0.1597912942592749,0.156042040912501,0.152121896298565,0.148005292496537,0.14369934044488872,0.13918953953939245,0.13447074768660136,0.1295178694980132,0.12433584579854642,0.11895717164614154,0.113375160028729,0.10727033591583357,0.10103458285306957,0.09450370298455466,0.08766284030751861,0.08050300153900494,0.07299416233625022,0.06513733784206707,0.05690339068753514,0.048281393652134824,0.039251153476483,0.02979390598184342,0.01988765265714179,0.009513147932124377,-0.001352581796779495,2.0,-0.024656706855320454,-0.03714087864517246,-0.05021878978668726,-0.06391474747405429,-0.07770313011066321,-0.09328450179203629
0.6115502679648499,0.24897192575369104,0.24903866077294232,0.24910227254692377,0.24916266418699942,0.24921992917950014,0.24927427409276678,0.24932605298499907,0.24937538153229175,0.2494218937590292,0.24946620758884253,0.24950830560329193,0.24954820180333753,0.24958581161371304,0.2496221691195663,0.24965556786732615,0.24968757594373578,0.2497178388615851,0.24974651620496396,0.2497733627401047,0.24979878345400688,0.24982264266805645,0.2498452330713435,0.24986626799822925,0.2498857870900694,0.24990419893811083,0.24992134841963848,0.24993717519276984,0.24995191783528045,0.24996552406928663,0.24997784772108572,0.24998905380064554,0.2499993800679859,0.2500085334314965,0.2500167162286099,0.25002370848939826,0.25002988621072153,0.2500352185794428,0.25003922123163763,0.25004242410771654,0.2500445851128822,0.25004593385909085,0.25004616251468414,0.2500455951321007,0.2500440357829362,0.250041541952422,0.25003804122215156,0.2500337811177354,0.250028391962325,0.2500218831914859,0.25001449010167665,0.25000613121124726,0.24999687525368522,0.24998625503665942,0.24997495244009402,0.24996226775656924,0.24994835479327623,0.2499335044543953,0.24991743104848543,0.2499000501125261,0.24988149238278587,0.2498617078217762,0.2498411413939091,0.24981787186275844,0.24979484417535622,0.24976831017881498,0.24974132176940408,0.24971289753307366,0.24968258989376826,0.24965040624131957,0.24961658635298403,0.24958095721931461,0.24954353261930057,0.24950398215820843,0.24946198644440798,0.24941805376640877,0.24937203954733467,0.24932334337820242,0.24927216400813548,0.2492185521762158,0.24916216619633283,0.24910292923916977,0.24904060587879992,0.24897542108846624,0.24890700178815764,0.24883490871061226,0.24875947004248924,0.24868054460759859,0.24859795196356865,0.2485103592711652,0.2484189559172907,0.2483231965194652,0.24822299761954655,0.24811782483469405,0.24800747809620216,0.24789177186529557,0.24777059789259223,0.2476439361448773,0.24751078719983352,0.247371830395056,0.2472250280718087,0.24707190431255258,0.24691152922431145,0.24674353579015368,0.24656747501833043,0.246383157164072,0.24618973976599332,0.24598719633231164,0.24577503304945977,0.2455528734673497,0.24532013067167543,0.24507657724681758,0.24482140354511317,0.2445534749226139,0.24427465941302295,0.24397935258162298,0.2436718019405375,0.24334973417863032,0.24301230405894664,0.24265891243920756,0.24228862234948265,0.24190091365118307,0.24149493959848642,0.24106934264683577,0.24062397423863008,0.2401570399796665,0.2396681812612989,0.2391582572011878,0.23861985596923813,0.23805819514000925,0.2374698619959399,0.23685361204220762,0.23620839280109396,0.23553209946516032,0.2348239489393427,0.23408228808526194,0.23330572449540637,0.23249218142416286,0.2316399094393727,0.23074747081239275,0.22981251241537898,0.22883352164819923,0.2278081805723338,0.22673381776326562,0.22560890232635866,0.22443091505236495,0.2231965611617411,0.2219041781228649,0.22055128549277733,0.2191384811159682,0.21764723420121837,0.21609204225560322,0.21446562792142843,0.21275633435877278,0.2109690390184942,0.20910531146859235,0.20713669657159745,0.2050853978237157,0.20293273993739133,0.20068019807657309,0.1983212698460356,0.1958499435855619,0.19326196950623017,0.19055140013497002,0.18771216474978086,0.18473856142265474,0.1816241381393471,0.17836301439397545,0.17494982277958676,0.17136739818985824,0.16764628640768786,0.1639345603193972,0.15958279071405124,0.15527666839960722,0.15076639908827283,0.14604273134009763,0.1410952078022853,0.13591341884304178,2.0,0.12480158682626974,0.11884805146733807,0.11261206980302188,0.10608115779349295,0.09924020731060088,0.09207562570210906,0.08457182681199149,0.07671216216379526,0.06848029920931892,0.05985860907714083,0.050828370017905744,0.04137061723129912,0.03146480968257129,0.02137374788906976,0.010222667558340282,-0.0010560222472530412,-0.013065834172231006,-0.02556448934567168,-0.03864121890121114,2.0,-0.06647257169007764,-0.08164445257754793
0.5941133984965034,0.26010879616108723,0.26018073485059406,0.26024915246702884,0.2603142636059319,0.2603760574426951,0.2604346245322511,0.26049043408072636,0.26054368525622557,0.26059386967139075,0.26064163127162554,0.2606869891716252,0.2607300378387852,0.2607709146596053,0.26080938615657684,0.26084632721132717,0.260880993777717,0.26091358261309394,0.2609444664424143,0.2609737433921016,0.2610011891749854,0.26102738246347673,0.26105173448286756,0.26107447675129414,0.2610960356235278,0.26111603838975556,0.26113474757904165,0.26115223817085703,0.26116838272637344,0.26118332715878007,0.261197098454752,0.26120964093852167,0.26122118774758285,0.261231468839384,0.2612407560300872,0.261248984430377,0.2612561194606644,0.2612621028294755,0.26126718107909985,0.2612712446917529,0.26127431544148566,0.26127649625488447,0.26127758979032045,0.26127770531107547,0.26127688724485204,0.26127505965305214,0.261272275128198,0.26126832081481466,0.26126351637601086,0.2612578318746457,0.2612509267546679,0.26124295089955013,0.26123426105687464,0.26122412171040604,0.2612131317302631,0.26120073622294243,0.2611874946879664,0.2611729559210177,0.26115732908056644,0.26114030647231146,0.26112206878119765,0.2611024128731657,0.2610815266495505,0.2610592408316945,0.2610354808783439,0.26101032692679915,0.26098359213523603,0.26095512226994777,0.26092517987491676,0.2608932505337307,0.2608597184167306,0.260824315344255,0.26078679175559494,0.2607474570741188,0.2607058174662292,0.26066221591464345,0.26061593874279976,0.2605676654117114,0.26051656233447085,0.2604630708186954,0.26040683167313033,0.2603476084378038,0.26028574730554255,0.260220426675417,0.2601519721380285,0.26008032002136194,0.26000488129796806,0.25992593884920046,0.2598428073401451,0.2597560059179229,0.2596653847964848,0.2595689645718029,0.25946871833135443,0.25936355137971845,0.2592813333789618,0.2591377738080488,0.25901708400039847,0.258889800325924,0.2587569593862943,0.2586174918797748,0.25847185814694057,0.25831836150895215,0.25815830797901407,0.2579899019464487,0.2578142001538037,0.2576297554438197,0.2574362683644249,0.25723381981932997,0.25702182330183954,0.25680060274446775,0.2565668274075753,0.2563238386395996,0.25606770627649045,0.2558000750365815,0.25552366034009727,0.2552262818693838,0.25491870862503063,0.2545966033053229,0.25425929664134556,0.2539060864735424,0.2535357537343414,0.253147985360894,0.2527418195565644,0.2523164229969438,0.251870871238584,0.2514042678557826,0.2509152134569469,0.25040356537267955,0.24986693740940613,0.2493053524588824,0.24871717118334102,0.2481018843923427,0.24745537975042953,0.24677921708032854,0.24607125627213136,0.24532968678339456,0.24455290799872453,0.2437392308693874,0.2428872184532638,0.24199462755024784,0.241059804393497,0.2400808636271898,0.23905521176638492,0.23798129490937941,0.23685621618358915,0.2356780327926422,0.23444392916897552,0.23317028087929248,0.23179779947649407,0.23037976532242757,0.2289093829848816,0.22733919329058136,0.2257099496494137,0.22400361823824005,0.22221777310692012,0.22034457602866403,0.21841560109032604,0.21633098533993617,0.2141804874730495,0.2119276407747581,0.20956846717222416,0.20709730116305924,0.2045092130748766,0.20179863963681022,0.1989595207648911,0.1959906908198363,0.19288331038350195,0.18960957035860654,0.1861930208314137,0.18261779336713269,0.17887123392203297,0.17494694199824826,0.17083057644264354,0.1665264061160038,0.1620169385642718,0.15729053446674726,0.15234496868332492,2.0,0.14173371169108767,0.13604895065091632,0.13009534932885103,0.12385943557718396,0.11732859030921969,0.11048873126312156,0.10332314832173375,0.09593297391967831,0.08795990580518118,0.07972785246106051,0.07110646526724804,0.06244082843625137,0.05261790019466703,0.04271194238103723,0.0323370023127833,0.021713336395303706,0.010089006029870173,-0.0018320015886183483,-0.014316241045874867,-0.027388388341794967,-0.041088809135862825,-0.05538437422033243,-0.07045975964206225
0.577173698979317,0.2709218392099141,0.2709991908983934,0.2710726839403508,0.27114246372691414,0.27120890326948205,0.27127188018720494,0.2713318231695455,0.2713888072362695,0.27144303761704397,0.27149434087950414,0.2715432566190576,0.2715894180353715,0.2716334065284232,0.2716750479334772,0.27171436341335864,0.2717518267287874,0.27178707863578117,0.27182061280256403,0.27185203755719306,0.2718819065964884,0.2719101290380063,0.2719363803016089,0.2719611481005688,0.27198455805182414,0.2720063245515272,0.2720268240506363,0.27204595268593534,0.2720634848065796,0.27208023593462766,0.27209505887876084,0.2721090463947219,0.27212178519823116,0.27213323917178733,0.27214361169941875,0.2721527932442907,0.27216098132510036,0.2721681435462201,0.27217419393133313,0.2721793081859076,0.27218313270894895,0.2721859934514248,0.2721879021573975,0.2721888406817552,0.2721887037059569,0.27218757837469976,0.27218540696891697,0.2721820790339112,0.2721779043323938,0.2721726856689803,0.2721663829937071,0.27215902188139757,0.27215048387823165,0.27214109000724407,0.27213041077210764,0.27211872707921314,0.2721056152557443,0.2720915232934629,0.27207622162596795,0.2720596958960748,0.2720416545394601,0.2720224892495331,0.27200183349564966,0.27197987311913513,0.2719564334231089,0.271931390474459,0.2719049772869188,0.2718768035824965,0.27184713855833387,0.2718153547874878,0.271782118781909,0.27174678880495423,0.2717095632847528,0.27167039165211687,0.27162890253473604,0.2715853526085861,0.2715396416257707,0.27149125787159384,0.27144033701939285,0.27138691562867656,0.2713308280156347,0.2712718716988367,0.2712102703463531,0.2711448683869781,0.27107645588413654,0.27100478178138815,0.27092951630658046,0.27085211496412337,0.270767951195743,0.2706808257682002,0.2705898183070019,0.2704941034479608,0.2703956891925117,0.270288883699661,0.2701790038523112,0.27006350863990214,0.2699426081036279,0.26981554146472575,0.2696830257613114,0.2695433835595998,0.2693973891338436,0.2692473320550871,0.26908386580250115,0.2689164966383317,0.2687399125138171,0.2685556012355515,0.2683623153752743,0.2681601223856482,0.2679478655121796,0.2677256734255964,0.26749305475552404,0.2672492518931548,0.26699386880430004,0.2667264529113873,0.26644632057737055,0.2661526415597175,0.2658452542099687,0.26552320701516297,0.2651856403924733,0.2648323681700263,0.26446210510553697,0.26407439892349405,0.2636683086129997,0.26324426734063555,0.2627973840016406,0.2623306200856604,0.2618419069318863,0.2613299055686381,0.2607935758661822,0.2602319441495784,0.25964350961855126,0.2590272865559774,0.2583819345295921,0.25770603364610156,0.25700114659267914,0.25625663270060395,0.25547976912878695,0.2546658397266761,0.25381375469873924,0.2529223651360941,0.2519865532483277,0.25101447573188573,0.24998213720688442,0.248907878230737,0.24778435959439754,0.24660555937928735,0.24537065408075978,0.24407810851465767,0.24272460050052788,0.24130644396788095,0.23982253835321762,0.2382659531185881,0.23663669973901602,0.2349305973752021,0.23314410429391527,0.23127146022488004,0.22931119954380585,0.22725831877516534,0.22510692795982792,0.22285449841533003,0.22049516449755258,0.21803823584189708,0.2154361836745877,0.21272536638815642,0.20988633731316975,0.20691268891259443,0.20379831651628635,0.2005363871905304,0.19712032728293377,0.19354164123417422,0.1897950415595026,0.18586825546866773,0.18175701166717095,0.17745126966065813,0.17294116090991613,0.16821922303546558,0.16326947243682682,0.1580875803135217,0.1526610954166696,0.14697619523507166,0.14102210104225066,0.13478624760938843,0.1282715869123792,0.12141457399079311,0.11425004760178045,0.10676630491830352,0.09888642726199634,0.09065481904501077,0.082544965822858,0.07300266424435659,0.0635449092788857,0.054244147934174564,0.04327647010772867,0.03239722161565556,0.02101548236325157,0.009094824241079824,-0.003390246919317219,-0.0164671890008376,-0.030161861671060552,-0.04434285925157194,-0.05953296113535761
0.5607169938205457,0.2814202261782903,0.28150296183210555,0.2815815893577258,0.28165630282918475,0.2817274455624837,0.281795151851509,0.28185935455773375,0.28192038867269353,0.28197833310226506,0.28203364060639313,0.28208580368141145,0.28213553482011267,0.2821829037520109,0.28222733355768836,0.2822696785262435,0.2823099635490878,0.2823480104082663,0.282383692701338,0.2824178135108032,0.28244972086332476,0.28248002223709406,0.2825085870801126,0.2825354121052092,0.28256051987499203,0.2825842534768666,0.282606248134225,0.2826270196049646,0.2826463355983002,0.2826640851349339,0.28268067256467183,0.28269586611630493,0.2827098883717115,0.28272267091384495,0.28273422846027946,0.2827445938012915,0.2827539445420715,0.28276198202588343,0.28276911054969966,0.2827749573503067,0.2827799559756215,0.2827837617835729,0.2827863225380016,0.2827879833934858,0.282788678480049,0.28278804752381126,0.28278658917536437,0.282784020530262,0.28278041245943153,0.2827757630601153,0.2827702090313911,0.28276333020979166,0.2827554602843006,0.2827464430664471,0.2827360388659355,0.2827249146828668,0.28271226016227524,0.2826984978350671,0.2826834428712966,0.2826674157819879,0.282649855597191,0.28263079322329376,0.28261052109987145,0.28258888852255487,0.28256607165926667,0.282541074442474,0.28251474573294305,0.28248690119906295,0.2824575028974906,0.2824261090337393,0.28239292698728236,0.28235804551906696,0.2823207823469979,0.2822817674259553,0.28224063719170744,0.2821970787959372,0.2821514711916624,0.28210336273822234,0.2820527337921862,0.28199939400917695,0.2819434666437294,0.28188446633938247,0.2818226855874309,0.2817577586975193,0.2816895426211022,0.281618036012733,0.2815428058939369,0.28146384073474867,0.2813812970351288,0.2812943116484368,0.28120332740848,0.2811079158377918,0.28100769060058506,0.2809030119509405,0.28079262979215847,0.2806776273953477,0.28055640581746677,0.2804297218631033,0.280296580281574,0.2801576660620652,0.280011553796097,0.2798588343142703,0.2796983043337255,0.27953040047722644,0.2793560732822918,0.27917033533711555,0.2789771325186663,0.27877453150632125,0.27856245952933195,0.2783405273782069,0.27810774641181774,0.27786412580282943,0.27760889406955735,0.27734121288295266,0.2770617592717433,0.2767674205010655,0.27645996625308955,0.27613789383130616,0.2758006021236653,0.27544737825603477,0.27507714211233725,0.27468943882233315,0.274283346908338,0.27385814211754655,0.2734127273607164,0.27294570604900215,0.2724571025409644,0.2719450547153044,0.2714087572690777,0.27084694577123947,0.27025871449647504,0.2696424262893672,0.2689970745768906,0.2683211592418976,0.2676129952591061,0.2668714387305897,0.2660950037809685,0.26528137016158215,0.26442929971592516,0.26353688992449137,0.2626024280117796,0.26162271243162916,0.2605979658545182,0.25952467075217167,0.25839834178332144,0.2572220821565831,0.2559862148969855,0.25469642159761924,0.2533402745913633,0.2519218199458927,0.2504365921757325,0.24888305610499276,0.24725201677428377,0.24554573962460735,0.24375853444600878,0.2418869737472935,0.23992628449740278,0.23787407193351767,0.23572231950870728,0.23346993099512023,0.2311327102659821,0.22863999558164289,0.22605135340755697,0.22334694062203142,0.2205021281379682,0.21752815022299224,0.2144669825367517,0.2111518052352272,0.2077353192491429,0.20416031037032195,0.20040900407600015,0.19648368667618918,0.19237311364878723,0.18806633459472252,0.18355638035670618,0.17883293284173638,0.17388516346925553,0.16870325080872747,0.16327568820603539,0.1575931822339786,0.15164424071357618,0.14540174839982742,0.13887045061047307,0.13203714044584755,0.124865246935113,0.11736126982775785,0.10950203503806052,0.10127005886502638,0.09264878191574041,0.08361826096752512,0.07416023846131034,0.06426427308504559,0.05387957373038882,0.04301288479163956,0.03163136454834192,0.019710262103014076,0.007225040791578818,-0.005851340208892053,-0.019545753391767118,-0.03389294797520176,-0.04891747881855579
0.5447295116100163,0.2916123240464287,0.29170065220484837,0.2917847593034354,0.2918647032988797,0.29194086312362877,0.29201307852420677,0.29208172855466763,0.2921471941090544,0.29220891453874503,0.2922678043568645,0.2923240051490405,0.29237698502749043,0.2924273944984001,0.292475241897069,0.29252064881205053,0.2925635377387756,0.2926043357071469,0.2926427622265293,0.29267916912500613,0.29271364485584955,0.2927462648000219,0.2927767529294714,0.2928058119941934,0.2928327621527629,0.2928584063280031,0.29288216172142995,0.29290458553343407,0.29292543574242175,0.2929449661679273,0.2929628758527346,0.2929794960208874,0.2929948969414681,0.29300888429717153,0.29302181997753396,0.29303334353719995,0.2930436303206633,0.2930528549131797,0.29306079635160415,0.29306766699112646,0.2930735997384931,0.2930780933834727,0.2930817159400688,0.2930842077949356,0.29308558802900214,0.2930856708638525,0.2930849213742118,0.29308300802053494,0.29308010096245407,0.2930759779739087,0.2930708099960208,0.29306454921421454,0.2930571238109627,0.29304867046351435,0.2930389509665372,0.29302816874913273,0.2930158924962926,0.29300263482014366,0.29298813309643923,0.29297220253577594,0.29295495516128567,0.29293662506565676,0.2929170167251987,0.29289511600791485,0.29287230895720695,0.29284787600748646,0.29282191889868925,0.29279422540063405,0.29276560907083343,0.29273377420644536,0.2927011528967379,0.2926660259655452,0.2926292156357855,0.29259040152974874,0.29254938378814727,0.29250612221890276,0.29246071986460653,0.2924127539000657,0.2923622330981578,0.2923090214619842,0.29225326601411655,0.29219446221763645,0.2921328316305231,0.292068061617739,0.29200003264888497,0.2919284597600984,0.2918534634498766,0.29177456798616197,0.2916919678808839,0.29160542510826043,0.29151443215558537,0.29141900477129845,0.29131904616662974,0.29121393358321723,0.29110401579832584,0.29098858029737956,0.29086812407945345,0.29074102160112,0.29060823483905024,0.29046905721670635,0.2903232508222884,0.29017013108787043,0.2900100250243581,0.28984218636446146,0.2896661739372515,0.2894820086877487,0.2892887592104829,0.28908678229160084,0.28887457920583537,0.2886524492343218,0.28841996206315273,0.2881760721025358,0.2879210070056021,0.2876538633478179,0.2873731365403308,0.28708004239858287,0.28677236324643685,0.28645023311374157,0.28611297483926695,0.2857595888746089,0.28538947202600795,0.2850018439008777,0.284595776162449,0.2841704657591505,0.283725103828965,0.2832581467210497,0.2827705112966356,0.28225753396649506,0.28172374805763817,0.28115949469229506,0.280571569022178,0.27995511392319916,0.2793101765693973,0.2786336298725426,0.2779256235842009,0.27718402580190343,0.27640727385369335,0.27559418145275716,0.27474187031917446,0.27384914809237154,0.2729144081021379,0.2719355449793993,0.270913170012967,0.2698358513485357,0.2687112606295757,0.2675328687129138,0.26629866298159854,0.2650062319084777,0.26365228846094385,0.26223451639499873,0.26074977889441725,0.2591941503143538,0.2575647432946977,0.25586099478206814,0.2540728930457384,0.2522363811524192,0.2502391276438607,0.2481857523165616,0.24603501880658155,0.24378256856228006,0.24142333896676677,0.23895293081681496,0.2363643540025447,0.23365359409269787,0.23081455068758783,0.2278447205661073,0.2247267033281339,0.22146782983213353,0.21815570215373192,0.21446967704633035,0.21072180663193746,0.2067965682820834,0.20268639242725062,0.19841837221903727,0.1938691151695584,0.18914520994611714,0.18422036790473428,0.17904691147668786,0.17358855033865234,0.1682904263916573,2.0,0.1557147506325953,0.14918479556712191,0.14234498961278894,0.13517817646743316,0.12767409364244786,0.11981530722050684,2.0,0.1029620397531609,0.09393100234876783,0.08447307551628089,0.07456721269750258,0.06419185566798474,0.05332521700139392,0.04194368269399157,0.03002358451098297,0.017537804757658315,0.004466117749978904,-0.009235174337190677,-0.023580057689025824,-0.03860468551962559
0.5291978735958441,0.3015067437386239,0.3016011359464272,0.30169084909379673,0.30177627668987383,0.3018570158461254,0.3019340477696722,0.3020074159455682,0.30207707772973397,0.3021433678310775,0.3022061497694322,0.302265846962353,0.3023225537535566,0.30237616735273626,0.30242723344702643,0.3024757247447231,0.3025216708653108,0.302565131333959,0.30260634414394094,0.30264549669244933,0.3026823900388005,0.3027170267227141,0.3027498646780649,0.3027808732992363,0.30281025906816644,0.302837421600533,0.30286334917878494,0.3028874206600137,0.30290995798126447,0.30293077298144083,0.30295026801467123,0.3029683709288205,0.30298517143920545,0.30300056088867333,0.30301446080089733,0.3030272263886011,0.3030387124840247,0.30304902171587506,0.3030580799792809,0.30306594400516546,0.3030727971798845,0.30307850821943305,0.3030826113255717,0.30308600719534656,0.30308810549299026,0.30308906753433984,0.3030889764473985,0.30308767362953976,0.3030853897171109,0.30308189953854564,0.3030775678449371,0.3030717908603302,0.30306478471044473,0.3030566853094727,0.3030474820967906,0.3030371115135393,0.3030254814459325,0.3030126584765108,0.3029983977754875,0.302983034393197,0.30296624787097715,0.3029480085111635,0.3029283164002347,0.3029073739130238,0.30288470379519533,0.30286063890668974,0.30283490705983424,0.30280785465743293,0.3027785026701846,0.30274752877049277,0.30271485358418515,0.302680246119493,0.30264371322031114,0.3026050164689607,0.30256421612962126,0.302521206155114,0.3024758621549836,0.30242810100793044,0.30237775709415265,0.30232581669773184,0.302269101178436,0.3022104447268663,0.3021488449823581,0.30208466585745497,0.30201627658557945,0.301944892076388,0.30187002596950263,0.3017914348141685,0.30170963587759064,0.3016221147195404,0.30153131490578544,0.30143618955585905,0.30133607298109527,0.30123110958133886,0.3011212537055818,0.30100599851496423,0.30088517993967234,0.3007585572546295,0.300627058937341,0.3004866311294501,0.300340766236998,0.3001880417854626,0.3000280818783941,0.29986005688578593,0.299684148628348,0.29949995164541326,0.29930681663710806,0.29910703052311627,0.2988927484664044,0.2986706551532891,0.29843808768165564,0.2981945003539947,0.2979390601808246,0.29767156759635705,0.2973914171958304,0.2970980725921274,0.2967905778873629,0.29646924276057063,0.2961312961617566,0.29577826002969587,0.29540792176958736,0.29502025075392024,0.29461419214904216,0.29418888746639743,0.2937434258646101,0.29327674004902227,0.2927881026270485,0.29229084002230193,0.2917398116792095,0.2911795121035809,0.2905938127553122,0.2899737442424456,0.28932861246175434,0.2886523804863582,0.2879445772804825,0.2872027437959168,0.2864259737893322,0.28561270873305583,0.2847609061729675,0.28389080267433986,0.2829342143210097,0.2819542434158766,0.2809286823759484,0.27985457948739506,0.27873084615009575,0.2775517272794107,0.2763173287806931,0.2750250827932799,0.27367117161904025,0.2722564485037421,0.2707682504034213,0.26921267565167073,0.26758354471650103,0.26587841442395493,0.2640901173988189,0.2622188177901821,0.26029582727929074,0.25820456022463356,0.2560555294534071,0.25380142749113543,0.2514420756829912,0.2489717080858117,0.2464422852804065,0.2436725014404671,0.24083340655020874,0.23786293015058876,0.23474802387655033,0.23148339411747781,0.22806699238306477,0.2244885036153874,0.22074070618620367,0.21681575109049797,0.21270409578303628,0.20839824210238264,0.20388912468194287,0.19916402583154577,0.19421657509539209,0.18903481824569554,0.18360882904829373,0.17792284891143534,0.1719690743669764,0.16573385743844163,0.1592022004158906,0.1523615697122019,0.14519698396732797,0.13769311615469315,0.12983366478864336,0.12160203941214554,0.11298142158854271,0.10395058243073152,0.09449244865947351,0.08466540705441741,0.07421082400784884,0.06334599365763438,0.05200656464906406,0.04004280134922561,0.027648067155289446,0.014480827281132536,0.0007837626779430007,-0.013559082926313082,-0.028585250727664158
0.5141090824887365,0.3111119734964438,0.3112123905341674,0.31130771703806065,0.31139846451739106,0.31148461577689707,0.3115668877108912,0.31164476414320635,0.311718816735401,0.3117892151892311,0.3118560563111493,0.31192001564633404,0.31198017409282336,0.3120374079956624,0.31209188334247434,0.31214352862652905,0.31219236928909466,0.3122387973368436,0.3122827233787379,0.31232432912675245,0.3123637578746722,0.3124009466291217,0.31243619651927035,0.31246916303090405,0.31250040255438716,0.3125298075316227,0.3125574694198066,0.31258330102187915,0.312607702753499,0.3126302458115876,0.3126513273908455,0.31267079156619504,0.3126890816924958,0.3127057067398505,0.3127209461453012,0.3127349923834529,0.31274757422236954,0.3127590417028696,0.31276918392472913,0.31277964220557725,0.3127856679439206,0.3127921367242525,0.3127973728320338,0.3128016064174092,0.31280450202767696,0.31280626627012253,0.31280696814559616,0.3128064463066908,0.31280473492246114,0.31280190531296503,0.31279790105740923,0.31279277298728714,0.31278645066118616,0.31277903283666325,0.3127703038665554,0.3127602830320774,0.3127491788228804,0.31273680177980717,0.31272294959494124,0.3127080470992838,0.3126915602352331,0.31267360407434663,0.31265438000338375,0.31263370051677214,0.3126113914770355,0.3125875964821735,0.31256213680543343,0.31253550064931007,0.31250670605540604,0.31247569580789375,0.3124432734710261,0.31240896476052016,0.31237247297681264,0.3123345400579456,0.31229366392715074,0.3122505248528816,0.3122053515658251,0.31215774284812703,0.31210760131637577,0.3120549296356151,0.3119991437937014,0.31194075890412565,0.31187927709339186,0.3118148753059749,0.31174688904070325,0.3116757334469767,0.3116011911219071,0.3115225165330513,0.31143992872318443,0.311353365649235,0.31126269294525144,0.3111673740613432,0.3110674470673321,0.31096298005203865,0.31085294064838787,0.3107378029427447,0.31061702410331055,0.31049044246068763,0.3103576650859855,0.3102186814279044,0.31007286985212495,0.3099201632635124,0.3097599484537064,0.3095922452927868,0.30941692911566654,0.309232245300329,0.30903930306119,0.3088370822444841,0.30862508056005,0.3084030810243639,0.30817073889364127,0.3079268795218642,0.3076719389231024,0.30740430517787204,0.3071243454806949,0.30683083154424906,0.3065233068894935,0.30620146616145855,0.3058641546626311,0.3055110200066844,0.3051408964082916,0.3047531862045508,0.3043471223364562,0.3039218603876418,0.3034802967339521,0.30300966221127257,0.30252090943036075,0.30200897217426154,0.3014729479747747,0.3009113014363952,0.3003247053708691,0.29970687864172035,0.299061414474289,0.2983853309046058,0.2976773962376218,0.29693583073586266,0.2961590538341193,0.29534554459528084,0.29449362216103253,0.29360102160182633,0.2926663066861069,0.2916880607882538,0.2906617657144689,0.28958930386375437,0.28846339611797345,0.28728459054850436,0.2860510850639764,0.28475894199873664,0.2834044972428896,0.281986361756862,0.2805061525980367,0.2789460477802812,0.27733695463782704,0.2756115102837892,0.27382860006396864,0.27195149363101856,0.26999120483734457,0.26793795593477954,0.26578952775460374,0.26353465835158196,0.26117547431459587,0.2587045358387959,0.2561163206683566,0.2534062126491133,0.2505685627777671,0.24759442729576162,0.24447971975711116,0.24121664626065303,0.23780068163050577,0.23422186695049751,0.23047404366896862,0.22654875987775955,0.2224373078681512,0.21813130556920948,0.21362158719995117,0.20937454383081525,0.20394986518308805,0.19876815564928732,0.1933408947242104,0.1876949918472195,0.18218143465438036,0.17546817387888394,0.16893589484038565,0.1620950474979865,0.15493035978137518,0.14742683117685274,0.1395677058974035,0.13133505292122588,0.12271337849345812,0.1136843040830412,0.10422922295735951,0.09431931897196791,0.08394442709889649,0.07325964136541602,0.0616964407496467,0.04977531585413392,0.03729095499192492,0.024213644040745275,0.010518555865517809,-0.0038240239915561802,-0.018849051167568964
0.49945051158551396,0.320435885148804,0.3205424019473772,0.32064380046649743,0.3207401347719846,0.32083190097129843,0.3209188338756839,0.3210018618751933,0.3210806181010779,0.3211552584532813,0.3212264315455692,0.3212939546003418,0.3213581666552002,0.32141908708505884,0.3214769023147539,0.3215318717780904,0.3215838763254206,0.3216332833478395,0.32168007392532855,0.3217244550435877,0.32176636646772405,0.321806073747123,0.3218435704037525,0.32187880149828013,0.32191212828337584,0.3219437211518687,0.32197314300083035,0.3220011403665883,0.32202707956338833,0.3220512268406918,0.3220737870000815,0.3220949279300792,0.3221145300127932,0.3221326485847736,0.3221492157199986,0.32216462645746574,0.3221783195921671,0.32219088791592826,0.3222022117404883,0.32221201651149306,0.3222208457479256,0.32222811674343493,0.32223429654004987,0.32223922453823356,0.3222431065970662,0.3222456579052123,0.3222471186575616,0.3222473606351775,0.3222462458216156,0.3222440386694634,0.3222408482139383,0.322236339054207,0.3222304930363465,0.32222360472664474,0.3222152638810248,0.3222058886942107,0.32219515530399734,0.32218325408117177,0.32216974707864776,0.32215522197373075,0.32213920273289604,0.32212162403591793,0.3221027818623716,0.3220824171444646,0.32206044701881636,0.322037023567772,0.32201186180465435,0.3219851190450046,0.32195641867674674,0.3219260850656486,0.3218939599220861,0.3218599821119047,0.321823724930129,0.3217853437623878,0.3217449570952462,0.32170247386584605,0.32165737481904666,0.32161017774394113,0.3215598143796574,0.3215076263387821,0.3214518134703894,0.3213935738839822,0.32133218503622735,0.32126780373215924,0.32120021553702177,0.3211291225286264,0.3210542754794484,0.3209758829704922,0.3208945843375962,0.32080774016523744,0.32071640678926555,0.3206215357576468,0.3205215657674786,0.32041684663972053,0.32030710877108864,0.3201919428057887,0.3200715992221453,0.31994735243661154,0.31981218646824733,0.31967330375917785,0.31952757912382945,0.319374852103795,0.3192147149779887,0.31904704729957106,0.3188711715987283,0.3186870143816284,0.3184941763373213,0.31829190481711583,0.31808066229638027,0.3178580522984736,0.3176255631410156,0.3173820201789899,0.3171268641832648,0.3168596335372784,0.31657981739813434,0.31628610647988664,0.3159786057652769,0.31565667128789354,0.3153194694357806,0.3149661739323382,0.31459608151449475,0.31420855857719215,0.31380248664312593,0.3133773692557532,0.3129316817564045,0.3124651327456575,0.31197646510994853,0.3114647370497162,0.31092823437953737,0.3103673310359538,0.3097784904747051,0.30916259409400537,0.30851686273647144,0.30784134488647835,0.3071333174597074,0.3063955114661632,0.3056147304023954,0.3048012030493988,0.3039491641455147,0.30305665682596566,0.3021220204813049,0.3011428919793715,0.30011785123953516,0.29904399570987134,0.29791858176051944,0.2967403675904195,0.29550632460806053,0.2942141095975079,0.29286002331781263,0.29144222971038947,0.2899570865055384,0.28840171133900366,0.2867728206889186,0.285066329694229,0.2832793574716022,0.28140769350571204,0.2794470371671135,0.27739359638514466,0.2752431464555287,0.27299039203064435,0.2706311557876524,0.2681601921165848,0.26557225690490804,0.2628635006489044,0.2600224959228002,0.2570490164941135,0.2539353611697618,0.25067295951648944,0.2472559874872456,0.24367760847729342,0.23992988878778493,0.23600447292443402,0.2318933202465377,0.22758707450671803,0.22307765877824748,0.2183531701761637,0.2134057414705564,0.20822407689163377,0.20279645407748254,0.19711237713707452,0.19116125767557207,0.18492261914433708,0.1783919793506896,0.17155226917219193,0.16438683688883873,0.1568822871237625,0.14902360981522947,0.14079224724428124,0.13216914407754385,0.12313958487555848,0.11368151012645353,0.10377589245982607,0.09340243372869056,0.08269856780679347,0.07115180198078713,0.05923150247989195,0.046745904693081874,0.033669207035095516,0.019991063905106354,0.0056282210271883515,2.0
0.4852098942027478,0.32948604728569075,0.3295992453502168,0.3297066333850115,0.3298088003624565,0.329905974596751,0.3299983816782596,0.330086533140951,0.33016988480779164,0.33024916229309986,0.3303244448093676,0.33039629671888443,0.3304644649506303,0.33052892380130633,0.3305903576999136,0.33064866355276107,0.3307041216066827,0.3307566443099473,0.33080616818277975,0.3308533243700634,0.3308979335767859,0.3309403232214255,0.3309799116444465,0.331017664531291,0.3310532968061367,0.3310866748213873,0.33111829405094884,0.33114784119029783,0.3311757940975869,0.3312016919822326,0.33122593961033964,0.3312485983938734,0.3312696909999082,0.3312891947792977,0.3313075617174616,0.33132368846984006,0.3313388912949736,0.3313525931521631,0.3313648711986396,0.33137594825898997,0.3313856320792679,0.33139394320813637,0.3314012332587346,0.33140701922159954,0.33141162034245086,0.33141499371142913,0.33141713054082234,0.331418041377797,0.33141777261660504,0.3314162799407728,0.3314137542972739,0.33140986580287857,0.3314045718865465,0.3313982848449518,0.33139046793155397,0.3313815898386305,0.331371248379373,0.3313598873708561,0.3313469067980112,0.33133263522573553,0.33131699202260756,0.3312999475131213,0.3312813770043335,0.331261421452503,0.3312397597405994,0.33121662563301024,0.33119185735336026,0.33116527798338113,0.3311371192724338,0.33110690137519383,0.33107512885142687,0.3310410226570884,0.33100517337678326,0.33096708184428736,0.33092714246188665,0.3308847417805797,0.33083975307030183,0.33079237471734413,0.3307427617043771,0.33069005762076764,0.3306347778835907,0.33057670026202235,0.3305155792964022,0.33045178658172975,0.33038397645757833,0.330312628128452,0.3302381414014677,0.33015985497013706,0.3300777940852519,0.3299915793052246,0.3299007025189903,0.3298057296479252,0.32970614021962946,0.32960171618805006,0.32949174684098287,0.3293766572111914,0.32925611807887256,0.3291303102945043,0.32899713459720237,0.32885819589937393,0.328712484167501,0.32855991289979475,0.3283998247753947,0.3282328286125964,0.32805690423260847,0.32787230320172633,0.32767952162405267,0.32747738612083965,0.3272666272919222,0.3270436376794202,0.32681171081737737,0.32656770299865523,0.3263132154314124,0.3260450420351371,0.32576512449108064,0.32547181601683606,0.32516481395631497,0.32484253073052444,0.3245059938929784,0.3241519114328159,0.32378247382334197,0.32339439999361885,0.32299493801651136,0.32256395368342045,0.3221176207139256,0.32165163093265486,0.3211623724430228,0.32065074173850344,0.32011429367459193,0.3195540865352348,0.31896452504852946,0.3183483863466341,0.31770299041493927,0.3170272292717486,0.3163193618241547,0.3155775046594099,0.3148008698353646,0.3139873070000532,0.31313531404071665,0.31224298029397235,0.3113083448079686,0.3103294544571974,0.3093040127783767,0.30824356378259554,0.3071054532553945,0.3059266573681884,0.3046926218667024,0.303400093397599,0.3020465886676314,0.30062850583935197,0.29914374386345927,0.29758812739716534,0.2959589440566908,0.29425502618610305,0.2924654766180495,0.2905939565975448,0.2886332628515044,0.2865799670669394,0.284429465736516,0.2821766453635425,0.2798175132880848,0.2773465581800873,0.27475852639605053,0.2720482354889599,0.26920868413950366,0.26623567942851667,0.26312077636932807,0.25985903086158585,0.2564425532144677,0.2528641645501528,0.24911774417226562,0.24519212289377093,0.2410794387365856,0.23677351830999752,0.23226430081428834,0.22753997212829544,0.2225922739389964,0.21741010437796385,0.21199228392438252,0.20629882329879656,0.20034482222473077,0.1941099772344506,0.18757789622120383,0.18074039950546958,0.17357302313411824,0.16607120913285767,0.15820928953544186,0.1499772835259761,0.14135599714571803,0.1323253646996983,0.12286798481802205,0.11296160112353418,0.10258636202024635,0.09171973424610863,0.08033855075675528,0.06859646761317245,0.055932752558956245,0.04285566338275976,0.029160312231975016,0.0148143396806793,-0.00020990852173313757
0.4713753134116723,0.33827041183401385,0.3383899176038785,0.33850381395356294,0.3386120254887133,0.33871503390362395,0.33881301419904913,0.3389059303163558,0.33899441849341927,0.3390786726226762,0.33915818233733963,0.3392341010257757,0.33930634351333705,0.33937477535417737,0.33943986546973276,0.3395016358832673,0.33956031371766837,0.33961587970227675,0.33966884763932653,0.3397186184587516,0.33976602985985327,0.33981069368981226,0.33985314346402873,0.3398932914956853,0.3399308832598492,0.3399668140296252,0.3400000947674912,0.3400316540544215,0.3400613804611546,0.34008912869053254,0.34011514197984277,0.3401394588752549,0.3401622937032411,0.34018311854653266,0.340202426669877,0.34022037058544197,0.34023678184315964,0.3402516317077646,0.34026511719281355,0.340277349089586,0.3402880295622914,0.34029741987692846,0.3403055299083707,0.3403121984518346,0.34031784266901954,0.34032196018921346,0.34032497310620546,0.34032680668353316,0.3403272008513218,0.3403262578025641,0.34032433958057595,0.34032093528246143,0.34031638526296903,0.3403105947216217,0.34030381036257223,0.3402952077300582,0.3402853172952263,0.3402743147588963,0.34026205039000573,0.3402480602296656,0.34023311310425725,0.34021622542651186,0.34019818426046866,0.3401783057254086,0.34015702600679404,0.3401341690473302,0.3401096844956113,0.340088858645544,0.34005550395080714,0.3400256884440847,0.33999394853897147,0.3399603721952421,0.33992459812377657,0.33988701773779784,0.3398469409007052,0.33980460325737766,0.33975997659705526,0.3397129283436535,0.3396633326266227,0.33961131598101446,0.33955593207530577,0.33949809011560916,0.33943704153152204,0.33937280413347987,0.3393055016658604,0.33923446599781454,0.33916018543253457,0.33908212408003935,0.33899968582346346,0.33891347044257225,0.33882320807649036,0.33872803959960784,0.33862843305440443,0.3385240077077956,0.33841456475971954,0.3382996984375379,0.3381792940239639,0.3380527934497846,0.33792011919092213,0.3377812230591762,0.33763579687326534,0.33748316986115906,0.3373232603733451,0.3371556707673567,0.33697993698049833,0.33679600794423925,0.3366029236556338,0.33640090002699147,0.3361890824018521,0.33596741529542323,0.3357351035496731,0.3354912264515862,0.3352360708716283,0.3349688815312037,0.3346917972973993,0.3343991751593376,0.3340882705692231,0.33376630325607687,0.33342955956369463,0.33307605128043394,0.33270605317853,0.33231838802413843,0.3319126712741156,0.3314874528386972,0.33104180529514377,0.33057529600541036,0.3300864556758019,0.32957473023419975,0.3290384240369337,0.3284769766803214,0.3278886814005354,0.32727249663320107,0.3266273082959569,0.32595157127881796,0.3252432895561088,0.32450292366787087,0.3237252288892461,0.3229115789617475,0.3220595631948277,0.32116903856361756,0.3202324427336946,0.31925347124610703,0.318228194105046,0.3171540060483199,0.3160293795475917,0.3148508784878333,0.3136169237026131,0.3123243801224296,0.31097084911603695,0.3095532843767782,0.3080677787394813,0.30651241280672703,0.3048832201549708,0.3031768954946003,0.30138986714316224,0.29951796447190526,0.29755789156520457,0.2955042569217059,0.29335353124724395,0.2911013797330234,0.28874811324486827,0.286271595565265,0.2836829317424086,0.28097223908228725,0.2781334250920006,0.27515958912881744,0.27204540744757866,0.26878324997936714,0.26536670836944537,0.2617888702772956,0.2580406500688254,0.2541152779570962,0.2500039454556069,0.245697827688553,0.24118773840937702,0.2364640039170978,0.23168837378380164,0.22639221903529042,0.22090745407057638,0.2152229895198282,0.20926909410955424,0.20324180524340843,0.19650212294087835,0.18966189678555864,0.18250053112352718,0.17499298981614375,0.16713374253152377,0.1589016961522169,0.15028012714762642,0.14125046707246114,0.1318070060819733,0.12188599613178688,0.11151079206228465,0.10064455113721488,0.08926266296654234,0.07734219462347963,0.06523670160939787,0.051780261204431965,0.03808382890053902,0.023739057353665716,0.008714255773717872
0.4579351920657804,0.34679569743720795,0.3469222822538812,0.3470427111394891,0.3471571989801412,0.34726598061059183,0.3473694484419096,0.347467805410512,0.34756136928229886,0.34765018594441843,0.34773469900261855,0.34781505311823063,0.34789138996373276,0.347963778037888,0.3480327388476426,0.348098138261715,0.3481601086315267,0.3482190315999553,0.3482749006856369,0.3483276974438786,0.34837797082326083,0.3484253208608747,0.3484704676935503,0.34851279579340805,0.34855328834595944,0.34859071409751946,0.34862645478030924,0.3486600895486017,0.34869175407143,0.3487212425980202,0.34874907056463694,0.3487749677923069,0.3487992115233222,0.34882190648809724,0.3488425092828731,0.3488618246849834,0.34887945015417143,0.34889566799643446,0.348910415134784,0.3489236607616129,0.34893550160758546,0.3489458607418385,0.348954931512757,0.34896275316541936,0.34896901756856735,0.3489740700399,0.3489778871888074,0.34898043418609886,0.34898177772186717,0.34898160498516717,0.3489801376799133,0.34897761979912634,0.3489734996247761,0.3489683472539801,0.3489617887350514,0.34895398040980735,0.34894459646663095,0.3489340340976285,0.3489221835529048,0.34890882333991946,0.34889433194746783,0.3488776600972795,0.34885997699887983,0.3488406837383274,0.3488197351527517,0.3487972151404398,0.3487730508233132,0.3487470750549841,0.3487195026042433,0.3486902975189497,0.3486585160244853,0.348625134904469,0.34858962215135453,0.3485524966811211,0.3485123897799087,0.3484702763717255,0.34842595562670065,0.34837904730943325,0.34832952400702094,0.3482775018518175,0.348222495322732,0.34816464038956185,0.3481039240285377,0.34803976019412525,0.3479725982594529,0.3479018183708669,0.3478275045716017,0.34774963634511025,0.3476674886492011,0.34758164553632853,0.34749087130878276,0.3473961061959835,0.3473010376415833,0.347192286758976,0.34708266968482404,0.34696789919168386,0.34684737746008615,0.3467211551601474,0.3465887206806275,0.34644990586662844,0.34630448948902665,0.3461518852660455,0.3459920042041276,0.34582466284727825,0.34564886577249054,0.3454647632276924,0.34527195395329935,0.34506986136019063,0.34485821079119894,0.34463644332720816,0.34440712821409875,0.3441606462434276,0.3439054126663913,0.3436390462265861,0.34335845779337615,0.3430649320908977,0.34275860283861304,0.34245072072412325,0.3420986685159428,0.341745512568602,0.3413756478641908,0.34098823738435197,0.3405822084934126,0.3401568016640766,0.33971141340555117,0.33924486946532917,0.3387561765623743,0.3382456174363116,0.3377081554820704,0.33714660336164204,0.3365584181075457,0.33594226485448925,0.3352970461489927,0.3346216464694129,0.33391308889953175,0.3331719470602735,0.3323973521067239,0.3315815402462028,0.33072952413177886,0.3298369840599239,0.3289024497473983,0.32792325647623677,0.32689830996416136,0.3258239102020556,0.3246997122532901,0.32352080886047835,0.32228937367280747,0.32100114295302373,0.31964067393961976,0.3182227319460752,0.3167406096501775,0.31518255235990944,0.3135535217200365,0.3118903051130391,0.31005988795718137,0.3081883578014156,0.3062275534115078,0.30417432429553815,0.30202367083179293,0.2997713835007272,0.2974134121182228,0.2949507924601939,0.29235304339994733,0.2896422922569482,0.2868035667988728,0.2838298434678945,0.28071531400314076,0.277453395783498,0.27403693160420045,0.2706009095676509,0.2667106646189118,0.2627854282041141,0.25867437549465977,0.25436792513373196,0.2498577823096133,0.2451342493579344,0.24019136692636028,0.23500474593823442,0.22958152236958446,0.22389304276665078,0.21793978551234822,0.2117034706541812,0.2051939584592262,0.1983320156469561,0.19116762685066438,0.1836633085822149,0.1758038574108973,0.16757187015424463,0.15895008702078386,0.149919922070738,0.1404620046733467,0.1305828485494869,0.12018088248954983,0.10931416121708942,0.09793350147970675,0.08601400054859937,0.07352947219258832,0.06045024095167589,0.04675399066064906,2.0,0.01738489542831223
0.44487828311275845,0.35506940929217035,0.35520318955274116,0.3553303686320622,0.35545125947577605,0.35556609883492774,0.35567537378027736,0.35577928471731435,0.3558782325880902,0.3559720412796852,0.35606129469349934,0.35614618837712003,0.3562269061462476,0.35630352529533416,0.3563760411288985,0.35644527140616616,0.35651086026581974,0.3565730983185264,0.35663197362830157,0.35668809859431205,0.3567410384850819,0.3567913262893637,0.3568389096427836,0.35688377072543465,0.3569263302942521,0.35696651648673666,0.35700432234851925,0.3570399971479194,0.3570737164100832,0.3571052350396399,0.3571346740056738,0.3571623607552823,0.3571883740618509,0.35721239941633076,0.3572346225490482,0.3572552047872828,0.35727425746999014,0.3572917517936569,0.35730764167381046,0.357322123304708,0.3573349901071109,0.35734656791141534,0.3573568182671796,0.3573654325384099,0.357372570467396,0.3573785786217291,0.35738322996389016,0.35738648409748286,0.3573884277892895,0.35738912127732714,0.3573887134092573,0.3573864793352136,0.3573831835173405,0.3573785284835769,0.35737258764363683,0.35736529742534173,0.3573565005993456,0.3573464622707055,0.3573350167820609,0.3573221353729277,0.3573078677703056,0.35729185175254624,0.3572745749749314,0.35725572825458746,0.357235203798509,0.3572129506133653,0.35718913846091427,0.35716346954350386,0.3571360250308018,0.3571068247447581,0.35707571281501316,0.3570427469759546,0.3570075089038845,0.35697009424763987,0.35693064344470016,0.3568887828899338,0.3568445450605236,0.35679776396490126,0.3567485257184734,0.3566965329098307,0.35664174971424134,0.3565841771014476,0.35652347305466175,0.3564595700809446,0.3563924352458812,0.3563219201919856,0.3562477366014344,0.35616976493128066,0.356087920991011,0.3560018562515592,0.3559115803141823,0.35581688261164846,0.355717679550283,0.35561326091726786,0.35550383941436253,0.35538900563122655,0.35526863959121335,0.35514238333839193,0.35501024320342334,0.35487128408837443,0.35472588015332923,0.3545738157879207,0.35441513028517496,0.3542462098431452,0.3540706515611532,0.35388670015767953,0.35369385867128683,0.3534919283428485,0.3532811181259148,0.3530584251611056,0.3528261962460918,0.35258267801968374,0.3523280160501914,0.3520643638485091,0.3517803713295901,0.3514872207668799,0.35118015238619704,0.35085822928000787,0.35052183327249864,0.3501678668483817,0.3497979244450655,0.34941238275858294,0.3490045379016732,0.348579331892431,0.3481339798474164,0.34766738185356283,0.3471787910180834,0.3466674718161277,0.34613302266316437,0.34556916955165146,0.34498098310009534,0.3443649914910224,0.34371958359032584,0.3430437603225485,0.3423364442281828,0.3415943540151061,0.34081771303846364,0.34000423356365256,0.33915216789797203,0.33826355264793684,0.3373251268209196,0.3363527291720194,0.335324808874246,0.3342467799561165,0.3331219257905824,0.3319436869266533,0.33070966845433813,0.3294171162290965,0.3280635425667957,0.3266458040869826,0.3251608598166806,0.3236051819597801,0.3219820507959978,0.3202697688724928,0.31848316914304525,0.31661101940192665,0.314650617591594,0.31260013574502593,0.31044662844205734,0.30819405225138885,0.30583494158495345,0.3033864418689149,0.3007759557591356,0.2980653627324967,0.29522694496756013,0.29226951934945034,0.2891392682641609,0.28595061697771584,0.28246496004915245,0.2788814857930504,0.2751335935462965,0.27120885028469977,0.26709686841355057,0.26279122222110474,0.2582806853677186,0.25355963120078295,0.24860977445888838,0.24343148757504054,0.2380003448411107,0.23231588019412497,0.22636213488267498,0.22013046983485926,0.21388848308707933,0.2067550931095584,0.19959003296814573,0.19208612457867036,0.18443626323811177,0.17599656960769483,0.1673732652371651,0.15834320333757956,0.1488851084141233,0.13897903398286163,0.12860424268788923,0.11773736591246486,0.10635569033951003,0.09443509679537987,0.08196869149117975,0.06887317563289563,0.05522082837840914,0.04083196663797922,0.02580741392881808
0.43219366018265265,0.3630984196184791,0.36323952191868236,0.36337372364485504,0.36350122357590553,0.36362247067792114,0.363737830799368,0.3638474664239711,0.3639517091970945,0.36405076435388506,0.3641455352244718,0.3642343282032669,0.3643195018570739,0.3644001046242502,0.3644770107502235,0.3645498155236787,0.3646191333134339,0.3646847972444501,0.3647472374437775,0.36480640522573204,0.3648622987524154,0.364915521493626,0.364965805183468,0.3650134971320769,0.3650583413186945,0.36510076666795127,0.36514095738282154,0.3651787129272074,0.3652143314175385,0.3652479059975955,0.3652790789477977,0.36530864699069043,0.36533630011427504,0.36536167523904534,0.3653855137651476,0.36540768922094147,0.36542809867953574,0.36544688596283303,0.3654641378656644,0.36547969479832937,0.36549398989439863,0.3655067148178503,0.3655178060327944,0.3655273163842129,0.365535558393003,0.36554246500732124,0.3655479679547825,0.3655520536481061,0.365554816840483,0.36555621552105066,0.36555640020040536,0.3655551152295955,0.36555232235161594,0.3655483136449324,0.36554317229290084,0.3655363667949741,0.36552814078480417,0.3655184836569901,0.3655074800364629,0.3654950430390006,0.36548109450070515,0.36546573818853323,0.36544882181070404,0.365430330799455,0.3654101248254587,0.3653882579693425,0.3653649057959252,0.36533959760118956,0.36531262690409666,0.3652836186844611,0.36525273584275175,0.36521981629013034,0.36518515530803747,0.36514788471138016,0.3651084731450034,0.3650668455018999,0.3650229043748838,0.3649764900700969,0.3649272920580396,0.3648756079666222,0.36482100485256397,0.3647636514092635,0.3647029602959561,0.3646395833043387,0.3645722661305181,0.3645018086961704,0.36442770527005763,0.36434994205738536,0.36426818462902993,0.3641822951556868,0.36409249945139843,0.3639975040669493,0.3638982105249871,0.36379403947702044,0.36368464827484104,0.3635699562556122,0.3634497185532543,0.3633236638955321,0.3631913615662392,0.36305268807884433,0.36290739535576894,0.3627607586302127,0.3625951570899622,0.36242783827758224,0.36225238788481595,0.36206832345639806,0.3618756784124494,0.3616741969910406,0.3614620088439261,0.3612412006990883,0.3610080712410319,0.36076525973663803,0.3605101074514916,0.36024240403730107,0.3599626166806956,0.35966954241583815,0.35936208701145433,0.35904033625424575,0.3587034085106529,0.3583504887466744,0.3579802324415337,0.35759279890029,0.3571869037208031,0.35676175446997693,0.3563166049110941,0.355849886750084,0.3553611470472164,0.3548495272205889,0.3543133331693657,0.3537517130823231,0.3531635130806644,0.3525474838211086,0.3519027099471652,0.3512263888614923,0.3505185290322841,0.3497772954545943,0.34900025800105455,0.34818704723186145,0.347334834577051,0.3464423780706495,0.3455077995325319,0.34452884620806457,0.343503363167192,0.3424320562975658,0.34130456949593735,0.34012646141337527,0.3388924249914091,0.33759985842481965,0.33624630770221625,0.33482843813458385,0.3333432353309663,0.33178807659414333,0.3301591329179683,0.32845261017362176,0.32666545445553347,0.3247947894977895,0.3228331834933737,0.32078039961147875,0.31862926277935855,0.3163769676923507,0.3140175684958515,0.3115468826241485,0.308959875209261,0.3062480213596615,0.3034090157248028,0.3004355687949285,0.29732124328306575,0.294059031511043,0.2906429507091422,0.287065062206625,0.28331641944750774,0.2793917841028206,0.2752797528607994,0.2709736110524139,0.2664640740414509,0.2617398407103425,0.25679235290802654,0.25161054248322234,0.24618475884723695,0.24049871052526983,0.23454500191069633,0.22830918464959585,0.22177840455971845,0.21493744685707925,0.2077731992732095,0.2002690364704316,0.19240949294736173,0.18417784199541193,0.17555589489660975,0.1665259050635559,0.15706789166584847,0.1471693716856404,0.13678682001559495,0.12592304113566094,0.11463416003349408,0.10261799468272498,0.0901345333789273,0.07706460313751068,0.06335977370879958,0.04901649293601812,0.03399127655690215
0.41987070844439095,0.370889318715743,0.3710379729929896,0.37117943016146426,0.3713138010813993,0.37144157993469207,0.3715630954115153,0.37167862329352935,0.3717886084914633,0.37189311820824544,0.371992492000622,0.3720865522268439,0.37217605902818407,0.37226167631457596,0.3723420620939142,0.37241897698959414,0.3724920965251514,0.37256124392425194,0.3726270441165807,0.37268933894051004,0.37274844916919947,0.37280487283232966,0.37285775110496805,0.3729079374964864,0.37295548078139407,0.37300047261621094,0.3730427438410536,0.3730827589438604,0.37312048057139713,0.3731558485133722,0.3731892697727593,0.3732203869470864,0.37324980088371557,0.37327723095793697,0.373302441943873,0.37332605751942305,0.37334805295402906,0.3733682893017614,0.37338667644262497,0.3734034643980491,0.37341870067217336,0.3734325250505926,0.37344486090388856,0.37345538702360903,0.3734647214692468,0.37347255893116665,0.3734790191637415,0.37348390856875585,0.3734875242386347,0.3734897893823647,0.3734904667822769,0.37349002428824357,0.3734877872614569,0.3734844212599616,0.37347971605009944,0.37347355024640627,0.37346601261153317,0.37345710899781737,0.3734464337975145,0.3734345169736978,0.37342112169998043,0.3734060323480165,0.3733895812852327,0.3733714060804367,0.3733516993472978,0.3733303418138079,0.37330856142814856,0.37328207659594637,0.37325562453349,0.37322666069991073,0.37319611937798003,0.3731634675510624,0.373128944808145,0.3730919984145278,0.37305295876168004,0.37301158041793125,0.3729679236413624,0.372921794455025,0.3728727923754841,0.3728211777813127,0.3727668105065342,0.37270952049114486,0.3726492151541636,0.37258557336518955,0.37251868842962754,0.37244833555346346,0.37237462164518254,0.3722968084302821,0.3722152467713197,0.3721295177045115,0.3720396209805166,0.3719449657207691,0.37184576478320225,0.37174166009449644,0.3716322931833643,0.37151780126056116,0.3713988857545775,0.3712714296626502,0.3711393854801216,0.3710006845387563,0.37085542095621743,0.3707031197798123,0.37054353492964154,0.3703760957953421,0.3702006346436269,0.37001768396457785,0.36982420707495983,0.3696222508515864,0.3694106383300458,0.36918901212219113,0.3689567877424575,0.36871331609267416,0.3684583554256566,0.3681913358612685,0.3679183325226908,0.36761824277450283,0.3673110305055199,0.3669892134849758,0.3666521997398514,0.3662991678342021,0.3659312095033991,0.3655417754135819,0.36513942042035175,0.3647106992426047,0.36426552659825834,0.3637991057891403,0.363311350397211,0.36279867930858584,0.36226270858225873,0.3617010788070027,0.3611129243477604,0.36049671109393205,0.3598515064249313,0.3591756878050817,0.3584680011039715,0.3577262407649658,0.3569501673893266,0.356136198971326,0.35528417459993333,0.35439173657097417,0.3534571130040048,0.35248053562747994,0.3514528762048435,0.35037883686865373,0.3492545220343991,0.3480758109092441,0.34684174541365725,0.3455498198155189,0.3442506673856823,0.3427786430920189,0.34131880680117577,0.33973878738863617,0.3381083265169708,0.3364021008618821,0.3346149415979909,0.33274324041086095,0.33081703374851407,0.32873283146270704,0.3265795762381985,0.32432651883045327,0.3219701750887451,0.31949627968135647,0.31690819264018666,0.3141979820760795,0.31135845208756757,0.3083849896859131,0.3052705337604835,0.3020094743963754,0.29859247988595555,0.2950139884995677,0.2912667635536263,0.2873406014278139,0.28322936793888454,0.2789232150756451,0.2744132336641762,0.2696895505258844,0.26474379518750635,0.2595601027509753,0.2541327394635369,0.2487619062436227,0.24249455057185326,0.23625891361795834,0.2297436361246543,0.22288715963038083,0.21592785730907052,0.20821913424133448,0.20035903998879998,0.19213073564084437,0.18369548645427305,0.17448339431279475,0.16501853622901327,0.15511283200639833,0.14473719884232217,0.13387140182195245,0.12248823445785145,0.11058395513274971,0.09808277496070061,0.08500839626190887,0.07130961633411881,0.05696443978012106,0.041940118748555966
0.40789911572300924,0.378448457487661,0.3786051914074135,0.378754016890618,0.378895688294885,0.37903012737043695,0.3791583239714699,0.37927955381899114,0.3793954696088686,0.3795052032365407,0.37960990588959653,0.37970888105449313,0.3798034762298216,0.3798932047227661,0.37997803119331036,0.38005921880849625,0.3801360986883732,0.38020884424371615,0.38027820245599664,0.38034388385722673,0.3804065705487193,0.3804652873291982,0.3805215694477875,0.38057418048719915,0.3806244277882112,0.3806719505201527,0.3807165711467449,0.3807588615012914,0.38079869731174315,0.3808362439454589,0.3808716862015044,0.38090477235311626,0.38093581630603096,0.38096485471520325,0.3809916892792259,0.381016976002544,0.38104020460756444,0.3810617895641982,0.38108178215200667,0.3810997235748125,0.3811162240344471,0.38113117109277606,0.3811445303185324,0.38115657233727596,0.38116658726303226,0.38117551517329357,0.38118280547233085,0.38118849670039084,0.3811930581339835,0.3811959475340573,0.38119768403501897,0.3811975408239611,0.3811962745955165,0.38119351069278323,0.38118966918172426,0.38118385456826165,0.3811768209892519,0.38116845636378166,0.3811585228631593,0.3811470051320177,0.3811340634771541,0.3811194980098196,0.38110344334375246,0.3810857759387288,0.38106641464681923,0.3810486708583135,0.3810225736952193,0.3809980596816116,0.3809714013956172,0.38094307402393085,0.3809129100520172,0.38088062326214844,0.38084655792453803,0.38080952611507385,0.3807707451448953,0.3807297916711186,0.3806861223815205,0.38064017008338175,0.3805914193510435,0.3805401217353575,0.3804858303312182,0.3804286864630557,0.380368560659331,0.38030540097008436,0.3802389696818814,0.3801683098661679,0.3800945934196459,0.38001719175936605,0.3799355704537971,0.37984986731787274,0.379760017517674,0.37966567509738763,0.37956640226261185,0.37946239265763726,0.3793535329660463,0.3792392956229623,0.37911887243421516,0.3789926844829805,0.37886058151302654,0.37872213023746837,0.37857961560402414,0.37842470253814386,0.3782650279243943,0.3780978320964182,0.3779237217206415,0.3777386659271269,0.3775459797931394,0.37734411435918924,0.37713272419207583,0.37691137939219455,0.376678738474602,0.3764355277787648,0.3761806538762097,0.37591372448844357,0.37563373935768674,0.3753515704066561,0.37503332700313463,0.3747115549182406,0.37437457668082436,0.37402171515226706,0.37365160153104043,0.37326421088822,0.3728583752671981,0.3724333368146646,0.3719879185077374,0.3715216377331537,0.37103312586058235,0.37052109089320573,0.3699851480068288,0.3694236162009798,0.36883580654694664,0.3682193462179938,0.36757444027769726,0.3668985420112022,0.3661905077180595,0.3654489204829547,0.3646724080095384,0.36385905821310044,0.36300687809489146,0.3621145043422995,0.36117993649169017,0.36020185000653226,0.3591755589865361,0.35810186001741995,0.35697669950644617,0.35579974423752,0.3545649049440558,0.3532726327606111,0.3519185899856653,0.3505009850234796,0.34902865655225607,0.3474603019496111,0.34583228198866467,0.3441250581513154,0.3423378568702858,0.3404662189291799,0.33850561764888376,0.3364524222311416,0.3343018215758218,0.3320496151851221,0.32970603651751434,0.32721936219879444,0.32463145808867305,0.3219204291574523,0.3190816383289438,0.3161080640562677,0.31299364313104805,0.30976151625515896,0.30631576975267993,0.30273680259534413,0.298988961283493,0.2950636095253132,0.29095229146628243,0.28664622486200253,0.2821362356930226,0.27741269394835766,0.2724657525840537,0.26728316796376483,0.26185575625612656,0.2561712650234116,0.2502217454398619,0.2439825244178319,0.23745064309603883,0.23061022957453955,0.22344558166861397,0.21594158960753573,0.2080820633734817,0.1998503143615588,0.1912285658502106,0.18220186545883943,0.17274045897510995,0.16283453190559363,0.15245953447459992,2.0,0.13021146342664164,0.1182906690518275,0.1058053147226572,0.09272871025169882,0.07903253181122472,0.0646873475170413,0.04966291243960691
0.39626886387014776,0.38578236175115593,0.3859472801417287,0.3861041484808866,0.38625263728169457,0.3863942556001991,0.38652878985078737,0.386656839030488,0.3867785138789861,0.386893762795299,0.3870036041278943,0.3871080711186533,0.38720740003342513,0.3873018527822054,0.3873913104546512,0.38747643706303664,0.38755762299876395,0.38763422657086344,0.3877069431730511,0.38777610551437497,0.387841738889428,0.3879039394992466,0.3879629520654906,0.3880189195958436,0.3880716135856833,0.3881215771025405,0.38816878241786607,0.38821349851656284,0.38825553450017053,0.3882951624287193,0.38833243754472874,0.3883676576283923,0.38840042176536776,0.38843130366006223,0.3884600169509178,0.3884867671217693,0.3885115603192595,0.388534457636993,0.3885557224711757,0.38857530717298944,0.3885929244072768,0.38860904628043164,0.3886235941215238,0.3886364397931247,0.38864775286967457,0.38865745068985125,0.3886657507043427,0.38867255511029336,0.38867777128853115,0.388681747316013,0.38868382059857165,0.3886850023199905,0.3886843009698253,0.38868222071399156,0.38867864038071726,0.38867387794360025,0.3886673638011359,0.388659531575234,0.38864999418989493,0.3886391301867129,0.38862655976223265,0.38861273490405845,0.3885968680082852,0.3885795679158232,0.38856072007994974,0.38853995295433075,0.3885175797210506,0.38849327218611734,0.38846727816410603,0.3884392604769266,0.3884094607286539,0.3883774998338486,0.38834324953810156,0.3883070215356277,0.3882681941555026,0.38822752333706706,0.3881840065015618,0.3881382723187107,0.38808974532767776,0.3880385572329548,0.38798472604294887,0.38792825140058473,0.3878676739409959,0.3878045838260448,0.3877378442638876,0.3876678669732205,0.38759435716816204,0.38751685641657496,0.3874357007559655,0.38734998999080494,0.3872605338126075,0.38716597613476456,0.38706780223387444,0.3869631876402346,0.38685396138982686,0.38673975685678824,0.3866195954880501,0.38649373347367116,0.3863618070225031,0.3862234464805832,0.3860783102090504,0.38592615203862796,0.3857664684073136,0.3855991477201846,0.3854239547243641,0.385240364270109,0.385047597437991,0.3848458448474436,0.384634366993986,0.3844131428234073,0.384187613446271,0.3839372887513574,0.3836826632727328,0.3834155834105299,0.383135610159516,0.38284270636281137,0.3825354187807616,0.38221376700513715,0.38187675815623207,0.38152371331710855,0.3811539824450713,0.38076654687406936,0.3803608664133844,0.37993560703070517,0.3794902795248111,0.37902394433417175,0.37853563121897266,0.3780236077144488,0.3774874755937678,0.3769313505420099,0.3763380436880278,0.37572188553246105,0.37507676337625795,0.37440196173125967,0.3736929157503639,0.3729516248305014,0.37217494357844777,0.3713616367717524,0.37050959139688183,0.3696173743248685,0.3686827348574168,0.36770355785754416,0.36667828815052295,0.36560431586145237,0.3644795030773069,0.3633013254273581,0.3620674288438959,0.3607748532464745,0.35942137956623327,0.35800344525899264,0.3565184226791229,0.3549629880267444,0.35333392945816555,0.3516277487808503,0.34984063161515183,0.34796897743617583,0.3460151255536333,0.3439551413082813,0.3418044461297174,0.33955203931527544,0.3371928138358836,0.3347218308109607,0.33213439296999053,0.3294232043590664,0.3265842695067321,0.3236106356367301,0.3204964262049347,0.3172343080248959,0.31381826010328123,0.3102397896632423,0.30649183621534126,0.30256649181771567,0.2984553034197325,0.2941490276925407,0.28963910673971827,0.2849159089197859,0.2799707810811927,0.2747858364646816,0.2693585312591233,0.2636746124111664,0.25772053182228244,0.2514847442676508,0.2449596114491989,0.23811724379628416,0.23095914061442593,0.22344429930511067,0.21558517162574728,0.2073531016370857,0.19873158180921494,0.1897013564110014,0.1802435164609201,0.17033737369895,0.15996232637302732,0.14909559567956915,0.1377141677908526,0.12579359636411408,0.11330818689605449,0.10025487023614493,0.08653542572786682,0.07219079995744487,0.05716611900424673
0.3849702203805975,0.39289702669962523,0.3930700553567832,0.3932346017940361,0.3933912828673327,0.3935399537588467,0.39368139575042255,0.39381586421226616,0.3939436711246672,0.3940651164058606,0.3941805039737054,0.3942904209740061,0.39439479444338926,0.3944937554904071,0.3945878575935105,0.3946774978388099,0.3947624175972584,0.39484317900326976,0.39491989054526216,0.3949925193553776,0.3950616504683975,0.39512697148408776,0.39518900403681345,0.3952476039495691,0.3953035351024309,0.3953558992180682,0.3954057584433531,0.39545274222362126,0.395497133237592,0.3955392868597126,0.3955787759134716,0.39561536470742864,0.3956501837917585,0.39568273574227025,0.39571320657633335,0.39574150442029987,0.3957679143069375,0.3957924769516977,0.39581515456204314,0.39583586917942587,0.3958549612022466,0.39587229249032047,0.39588792575315535,0.39590200374814355,0.39591447571846217,0.39592509588854896,0.3959344406147317,0.3959420635199102,0.39594835416059154,0.3959530086533066,0.3959560429306702,0.3959576869731156,0.3959579978723954,0.39595649307931186,0.39595372084812935,0.39594934476578464,0.395943603604102,0.3959362240748237,0.3959275603527557,0.39591744683583885,0.3959051029280419,0.3958914091753647,0.3958762641611072,0.39585944110183074,0.3958408452555027,0.39582072075864627,0.3957984679421117,0.395774810211087,0.39574897295665673,0.3957211824143499,0.39569178648646997,0.39565988333592517,0.3956259698225543,0.3955901860986597,0.39555183334467603,0.39551104096322603,0.395468007777219,0.39542252536321787,0.3953742494886325,0.3953233097344019,0.39526941609406585,0.3952128930855364,0.39515311180146734,0.39508998752198626,0.3950235081512139,0.3949536183348011,0.3948800594267947,0.39480280754024333,0.3947221101565261,0.3946362213790847,0.3945467208640442,0.3944524722762077,0.3943535384936752,0.39425217759158965,0.3941408000711307,0.3940266873188208,0.39390682018795925,0.3937808518177292,0.39364888276560295,0.39351048712476505,0.39336574523038087,0.39321338848578197,0.3930539378519818,0.39288677943836764,0.3927115062817026,0.39252787923353305,0.3923354233335521,0.3921335569034668,0.39192238303496096,0.3917064596836231,0.3914685630383526,0.39122714015258037,0.3909704707438957,0.39070349496547047,0.3904237613317739,0.3901316426790883,0.3898236104526873,0.38950212859554606,0.3891649998448123,0.38881430655172144,0.38844225996624154,0.38805586059661296,0.3876491566535376,0.3872240053330742,0.3867788672191332,0.3863124652891258,0.38582410228725444,0.38531208114547416,0.38477619421268955,0.3842147594453754,0.3836265546625097,0.3830104520011855,0.3823652552898552,0.3816896543475407,0.38098231954522743,0.3802458052923751,0.3794653039351272,0.37865028616161445,0.3778014642853524,0.37690590992228856,0.3759716268010584,0.3749930439978072,0.37396702232972323,0.37289365580680744,0.371768447732268,0.3705902517708641,0.36935719490733204,0.36806405392963604,0.36671006359388186,0.36529237457212116,0.36380765911803237,0.36225186121261155,0.3606231077586356,0.35891845857377686,0.35712964154869825,0.3552576668696157,0.3532972141682624,0.3512441578215716,0.3490936383560357,0.34684096738446024,0.34448233908639214,0.3420108116210571,0.33943838831622325,0.33671389555053405,0.3338731439064658,0.3308996140011756,0.32778545021699834,0.32452345217226847,0.3211067759812473,0.31752865616406656,0.31378114287696923,0.30985544050915625,0.30574448863550796,0.3014381622088942,0.29692785353992435,0.29220414121185234,0.28725671734147423,0.28207491527938566,0.2766474835500761,0.270963075419013,0.2650094760578893,0.2587742907459487,0.2522425334785835,0.24540186841746356,0.2382372828948415,0.23073332673541513,0.22287395096592263,0.2146494951099565,0.2060203332993699,0.19699016601180408,0.18753476724131427,0.17762672105799218,0.1672512668454056,0.15638981491288323,0.14500303326446567,0.1330824484686191,0.1205977103082051,0.10752044870643146,0.09382425101427522,0.07947933384328493,0.06445470979843515
0.37399373024787974,0.39979779119835757,0.3999798054308713,0.4001527368056979,0.40031735779942834,0.40047355825757863,0.4006221737719525,0.40076323247812545,0.40089745631190066,0.40102506681858796,0.401146255336556,0.4012613452018026,0.4013710821239002,0.4014749887295409,0.4015741139658286,0.40166789940904213,0.4017571089604117,0.4018420143891355,0.4019223900116354,0.4019988152315471,0.4020714204276101,0.40214029336298934,0.40220532470602444,0.4022669419803409,0.402325846739909,0.4023811081769629,0.4024334215220347,0.4024827928414777,0.4025297869056729,0.40257373454885237,0.4026150877940124,0.40265436593579373,0.40269094430534874,0.4027252887665434,0.4027575509917024,0.4027876394576786,0.402815645839979,0.4028417229280711,0.40286582213301353,0.40288805397553035,0.4029085076513669,0.40292719228602897,0.402944195535619,0.40295915694794415,0.40297255050832126,0.40298459492287675,0.4029945939903071,0.40300320002016093,0.4030103686154421,0.4030157751442909,0.40301991500881096,0.4030224044605837,0.4030232112612656,0.4030226551992014,0.40302045051279306,0.4030168009036656,0.403011597294258,0.40300489307690884,0.40299667200470696,0.4029867443860502,0.40297531929920444,0.4029622483036176,0.4029476488931899,0.4029312242522403,0.40291315061059324,0.40289311211510914,0.402871492838885,0.40284815284504855,0.4028225427849131,0.40279569662379616,0.4027660235354119,0.4027344663271062,0.40270098076225497,0.40266523206956417,0.40262731008349784,0.40258685471682937,0.40254404091326756,0.4024998411439351,0.4024514993630031,0.4023999670694681,0.4023463015085602,0.4022898140973993,0.40223020769324996,0.4021673642552344,0.402101254585835,0.40203143495567367,0.4019580514184996,0.40188092758958893,0.40179984944240105,0.40171470051602887,0.40162532628161507,0.40153120419089694,0.4014323370751343,0.4013288091570499,0.4012198400269824,0.40110567023873006,0.4009858589132466,0.4008601534223269,0.4007283035902194,0.4005905049499397,0.4004450378768079,0.40029295921029456,0.4001335312761964,0.3999664694899408,0.39979131874753127,0.39960789443877986,0.3994153238520084,0.39921386595684777,0.3990023143043059,0.3987810617060726,0.3985490686107465,0.39830561108760115,0.39805072232895367,0.3977837875222418,0.3975040801062355,0.39721100220559113,0.3969044251709837,0.3965824046278103,0.3962454953079317,0.3958924991612155,0.3955228431242814,0.3951354336447395,0.3947297875727006,0.39430489880910147,0.39386121943276736,0.39339303162024797,0.3929045359680336,0.3923929322084992,0.3918567919827855,0.3912953401245761,0.390707478423581,0.39009133167003057,0.38944607723146396,0.3887704553764186,0.38806246737140215,0.38732107966014157,0.38654454163674773,0.3857312392960721,0.3848791738205261,0.3839904902602056,0.38305295281991497,0.38207338729108964,0.3810482189829886,0.379974041745918,0.37885302866719095,0.3776746798432494,0.37643905841621744,0.3751447448055466,0.37379121425682166,0.37237322900520886,0.37089085049253656,0.3693328962577672,0.36770517165078265,0.36599771071512893,0.3642110109001548,0.36233883443747716,0.3603784753292621,0.3583250706477541,0.35617607892746794,0.35392298362306396,0.351563901954134,0.349091981063591,0.34650850089925617,0.34379410957980555,0.340959052985848,0.33798078467369375,0.3348690152781906,0.33160450805587144,0.3281881130386179,0.32460970633771036,0.32086203934668267,0.31693645496664047,0.3128255866512871,0.3085193320098505,0.3040090385214498,0.29928537141990974,0.29433782177469064,0.28915620066141634,0.2837289203438646,0.27804424230481073,0.2720906547801995,0.2658549456363464,0.25932370904198687,0.25248322442006443,0.24531967712192196,0.23781490292724639,0.22995500987013037,0.22175174073733933,0.21310240605916733,0.20407156111622227,0.19462730843647671,0.18470777981400113,0.17433242102417312,0.16346587055271938,0.15208432412059408,0.1401636611229105,0.12767837294460427,0.11463729863037037,0.10090642861585492,0.08656045105669768,0.0715363009772435
0.36333020805204425,0.4064911608285156,0.4066823236213533,0.40686378319913363,0.4070365209940911,0.4072004931444172,0.4073563560371104,0.4075044794112189,0.4076452279053096,0.4077794610817265,0.4079064128917808,0.4080273800047478,0.4081420969033088,0.4082513630536985,0.4083550923819249,0.4084537550803479,0.40854745804112585,0.4086362843259088,0.4087209958400597,0.4088009027517338,0.4088776793509769,0.4089493728164826,0.40901778429503227,0.409082556153886,0.4091440456474286,0.40920230394922485,0.4092574710284599,0.4093093999664172,0.40935879912793816,0.40940515275361306,0.40944882673760996,0.40949006594418663,0.4095286349455044,0.4095651197339111,0.4095990078555685,0.40963088359432526,0.4096605471174493,0.4096881727272936,0.4097138284689451,0.40973744917309773,0.40975927151042096,0.4097792616038133,0.4097972275125376,0.40981384686700056,0.4098282116696825,0.4098411336444802,0.40985259217018216,0.40986215696386863,0.4098702499345759,0.40987648505708535,0.4098812408897356,0.4098847965196692,0.40988640748088695,0.40988644786474426,0.4098849110654009,0.4098821804898837,0.4098774964934697,0.40987142918731956,0.4098637713522725,0.40985434366006085,0.4098434997095285,0.40983084406449727,0.4098167375661009,0.40980071092921155,0.40978325793375336,0.40976368698856075,0.4097424322979423,0.4097193720224702,0.4096944176012547,0.40966733548553147,0.40963848693205823,0.4096071648036143,0.40957406096356175,0.40953852269267405,0.40950083240295615,0.4094606003833535,0.4094181529923084,0.40937299953590617,0.40932535661782965,0.409274684029919,0.4092213516002792,0.4091648544256266,0.40910556595732184,0.4090428222205954,0.40897674516511234,0.4089078585313012,0.40883412786312734,0.4087572720297477,0.40867619297579383,0.4085910938054031,0.4085017444486588,0.4084078650523653,0.4083092797069581,0.40820642077096825,0.4080968882571308,0.4079827177037093,0.40786324330818435,0.407737467050328,0.40760588814985205,0.4074676096288987,0.40732266622081637,0.40717075561901417,0.40701135495502616,0.40684428893940316,0.40666924916329267,0.40648571558080754,0.40629329243969353,0.40609195069359993,0.405880403395735,0.40565903789840374,0.4054271504831628,0.40518388435000474,0.40492929509485914,0.4046625458434572,0.40438258044042547,0.40408952793391606,0.4037827499526326,0.40346110579132766,0.4031245377894249,0.40277116542483254,0.4024014743887241,0.40201412658582425,0.40161115352390653,0.401183429246141,0.40073818140336404,0.4002720755861869,0.39978339618130454,0.399271926658226,0.3987358111740441,0.39817472372144574,0.397586337700043,0.3969702902803588,0.39632528865198774,0.3956493851598901,0.3949415762533132,0.39420008656523786,0.3934297301365054,0.39261027018489,0.3917605533287011,0.3908664499748183,0.3899319289578643,0.3889526372040984,0.38792716250989917,0.38685364743422673,0.385728437654347,0.384550263127436,0.3833163699164376,0.38202387401050414,0.38067047456474445,0.3792526789979691,0.3777679199893877,0.37621207168420784,0.374595060437318,0.3728769915991389,0.37109439958537993,0.36921803410891924,0.3672576399430887,0.36520497794377055,0.3634070071685889,0.36080141483694517,0.3584421302515803,0.35597457426361223,0.35338324857522907,0.35067261423563534,0.34789224970839716,0.3448603381454636,0.3417456102755888,0.33848376588797435,0.33506744731070504,0.33148956054713113,0.32774121635408743,0.32381583930248015,0.31970457073095576,0.3153984279726618,0.31088833314865744,0.30616478965226224,0.3012171964477669,0.29603761027429754,0.2906082285378887,0.28492358866047834,0.2789698232820509,0.27273656879977837,0.2662045103606878,0.25936272094492363,0.2521980229385806,0.244693897599833,0.23683447199542842,0.2286033438714723,0.2199812941242205,0.21095138208475112,0.20149374643296955,0.19158693676356062,0.1812118789122132,0.17034503642440268,0.1589637500391501,0.14704299490006167,0.13455769441201343,0.12148102143805395,0.10778535205470263,0.09343990629292165,0.07841872909553643
0.35297073027306497,0.4129821830719257,0.4131828716008126,0.41337338561219056,0.41355455504221494,0.4137265778291152,0.413889922460798,0.41404514070589143,0.41419312778990214,0.41433333842813835,0.414466520230543,0.41459342612798383,0.41471378321838787,0.41482829615804584,0.414937196030069,0.4150405411784648,0.41513895529848677,0.41523206511879723,0.4153206424948412,0.4154047340786937,0.4154847676821707,0.4155603394615854,0.41563219950679453,0.41570026751115313,0.4157653545821418,0.4158258358654782,0.41588378863268877,0.4159385210604406,0.4159901350352007,0.4160390502868718,0.41608488140019834,0.41612826869617503,0.41616903934735655,0.41620739494293163,0.4162434423898297,0.4162770368806813,0.41630832417711905,0.4163377477334419,0.4163647663199804,0.4163898776399247,0.4164133590089065,0.41643450030922075,0.41645390180188524,0.41647131594586095,0.41648728169047367,0.41650114870921384,0.4165135588769815,0.41652408378790823,0.41653309874481165,0.4165404728876002,0.416546111348134,0.41655066619523007,0.4165527262409532,0.41655366595831406,0.41655291969659175,0.4165506377599339,0.41654691881195144,0.41654134297814155,0.41653437143699484,0.4165255279823563,0.41651519144279076,0.4165032200823692,0.4164894558705394,0.41647404179417785,0.4164570884500625,0.416437751379823,0.4164169887430734,0.41639413097428274,0.4163695012268926,0.4163430289785008,0.4163186784261572,0.41628352780830125,0.41625066105309433,0.4162155357631314,0.4161781435800471,0.4161382354124307,0.4160958924832293,0.41605093819999084,0.4160035989182906,0.4159531238106746,0.41589998368668335,0.41584390605007426,0.41578454261417414,0.41572210202521903,0.4156564181472895,0.4155870371885649,0.415513905326396,0.4154370461733695,0.41535640601224283,0.4152716001750115,0.4151820382830772,0.41508825166411834,0.41498975154661016,0.41488642317488317,0.4147784462338975,0.41466397039291086,0.4145441873958256,0.4144192916893092,0.41428720333847413,0.41414893077842757,0.41400457980951527,0.4138534206348145,0.4136929958965542,0.413529560885933,0.4133515582744618,0.4131675680046364,0.41297530081589695,0.41277374080811163,0.41256260763884345,0.41234126096346885,0.41211250976886143,0.4118662789478898,0.41161135785734204,0.4113447327790634,0.41106505508698676,0.4107720292804854,0.4104652944042898,0.41014350141461414,0.4098065856180035,0.4094536924201543,0.4090841035856379,0.4086967602534142,0.4082911351016164,0.4078660198527895,0.40743037394636733,0.40695460201711653,0.40646629617806224,0.4059567190574849,0.4054184577768393,0.40485706642091357,0.4042695606037048,0.40365340780547915,0.4030080401439017,0.4023334796817895,0.401624377197511,0.4008829893425065,0.4001065206624203,0.39929326210109617,0.39844141030702956,0.3975495406640215,0.3966143239750139,0.39563577195442945,0.3946100448971268,0.3935361836944853,0.39241150042959483,0.39123330865126,0.3899995357971055,0.388707149293942,0.3873535645073531,0.385935465149814,0.3844506713701581,0.3828963357240549,0.3812666319053325,0.3795600587158439,0.3777730347186053,0.375901206895045,0.37394085002305916,0.37188755963744446,0.3697370219582363,0.3674896268525667,0.365125372719606,0.3627380019263727,0.3600669405826929,0.35735616515935414,0.3545416348356701,0.3515440291914429,0.3484288892455256,0.34516696346248193,0.34175050793629974,0.3381721642167894,0.3344938739707787,0.330499112759858,0.32638797455997004,0.32208165119239285,0.3175719419256714,0.31284784991499814,0.3079008971116753,0.3027204916115488,0.2972917461480152,0.29160728204741626,0.2856535276486159,0.27941955251936523,0.2728862061872296,0.2660721168141913,0.2588811209512113,0.25137707147950916,0.24351799669181393,0.2352858599463023,0.22666425251507308,0.21763419238505555,0.20817613925963865,0.1982701965469054,0.1878950324995906,0.17702832017344067,0.16565063232451221,0.15372621365454214,0.14127429937728908,0.1281645089814541,0.11446817134118176,0.10012306016975009,0.08510126456253186
0.34290662782339987,0.419276430738749,0.41948679523969856,0.419686549215833,0.4198764107988382,0.4200568902129294,0.42022810085902523,0.42039117418115296,0.4205456478700683,0.42069273425115206,0.4208324820621602,0.4209654710980079,0.4210916187756753,0.4212118557194049,0.421325544041722,0.4214340385513554,0.42153673391461033,0.42163453855257765,0.4217274868176469,0.42181546713696616,0.4218991241976242,0.4219787515865809,0.4220539642125076,0.4221253557411067,0.42219311050105224,0.42225710898714414,0.42231777606953674,0.42237524229821455,0.4224295515611855,0.422480873799698,0.4225291495439016,0.4225748929853118,0.42261776636773357,0.4226580694966435,0.42269589206493763,0.42273151428383615,0.42276456088083947,0.42279547172497833,0.42282489491137515,0.4228510660488895,0.42287553620866936,0.4228982853413666,0.42292000427427123,0.4229377582186795,0.42295475650209646,0.42297008247702983,0.42298333764775886,0.42299508398342894,0.42300500856102013,0.42301328123771453,0.42301992852986636,0.42302485640198173,0.4230282083133722,0.4230299712602636,0.4230299709720506,0.42302845485202395,0.4230253223480947,0.4230204507291688,0.42301403882544725,0.42300595959173093,0.42299611025530653,0.42298455919424705,0.42297124220031923,0.42295634374549435,0.42293962510810185,0.4229210413700637,0.4229006408508442,0.4228782923608198,0.4228542475630293,0.42282798947145767,0.4227995677705064,0.42276930277574076,0.4227365246601649,0.42270178589958163,0.422664652995385,0.4226249615908851,0.42258303954252874,0.4225383626988264,0.4224909736391728,0.42244103049463655,0.42238810219470035,0.42233220672741545,0.42227311270089435,0.4222109602554615,0.4221451330817829,0.42207596005111897,0.42200307604464626,0.4219266674702843,0.42184578566019243,0.42176096732826585,0.42167192822284827,0.4215786940943326,0.4214798767876739,0.4213766809872281,0.42126804160719966,0.4211549746836409,0.42103486092383663,0.42090934372147243,0.42077774911878585,0.42063979206892593,0.42049507023185734,0.42034415044286505,0.4201840763365757,0.4200172691257779,0.41984229837387255,0.41965884477057624,0.41946668901211015,0.41926539532201396,0.4190541624391242,0.41883309516007144,0.4186007143944503,0.41835812697346936,0.4181031257883405,0.41783672226510965,0.41755697829662775,0.41726410593595387,0.41695686910034413,0.4166353837314895,0.416298518337559,0.41594565370298786,0.4155761235536521,0.4151889115230862,0.41478403446115863,0.41435904356067954,0.4139130667640058,0.4134468617823579,0.4129585832656905,0.41245128184883323,0.411910803929777,0.4113493759334177,0.410761871638727,0.4101455756323233,0.40950031196628056,0.4088245889047301,0.4081167748012652,0.40738710945594186,0.40660110692615953,0.4057855606695039,0.4049337603816943,0.4040413573483025,0.40310692343688576,0.4021281461410723,0.40110282182304846,0.4000288045978865,0.39890390718127877,0.3977259586191268,0.3964922630266264,0.3951994560410711,0.39384597123862125,0.3924287758277464,0.39094307539136597,0.3893925319483852,0.3877587484786058,0.3860528879768707,0.3842654823024299,0.38239379491411396,0.38043356798228806,0.3783801215767406,0.3762296528082594,0.37397739744368297,0.3716181399769286,0.36914696105076544,0.3665590737084414,0.3638483977566079,0.3610127205197354,0.35803623718981714,0.35492631843854483,0.35166001768842087,0.3482528944061896,0.34466489060346883,0.3409171411800058,0.33699168320759276,0.3328806274127294,0.32857728333153724,0.3240645140253592,0.3193406570571313,0.31439362378403796,0.30921127450186947,0.3037839268187564,0.29812814377195773,0.2921457369054929,0.28591001203920574,0.27937914297883437,0.2725384429666523,0.2654296363543025,0.25786981312410884,0.25001383768578866,0.2417788965732624,0.23315952982834234,0.22412682908354253,0.21466941053564073,0.20476299171803838,0.19449460551043918,0.18352138435867754,0.1721403063438211,0.16021899714909787,0.14773373714334226,0.13465716083552431,0.12096078106543989,0.10661581566775974,0.09159595083207528
0.3331294787934673,0.4253793225803499,0.42559958454955843,0.4258089004528607,0.4260079039699975,0.42619674829029275,0.4263762821085184,0.4265470137173658,0.42670897365563626,0.42686308241975385,0.42700937089052043,0.42714840280374144,0.427280628513245,0.4274063801872648,0.4275257542838663,0.4276391431419844,0.42774678694283613,0.427849366882889,0.4279465825431238,0.42803888983128485,0.42812633254434657,0.42820951089644677,0.4282883887150611,0.4283633194864891,0.42843419495526375,0.4285014990402757,0.42856506125905613,0.42862529844645464,0.42868232708997445,0.4287360713492034,0.42878694102678994,0.4288348110614067,0.42887991996168007,0.4289227964625857,0.42896308022146273,0.4290002696160656,0.4290347377417611,0.42906738299557107,0.4290979077758309,0.4291259369667547,0.42915222650549006,0.42917618950844305,0.4291983269402822,0.42921851628343605,0.42923659209420056,0.4292530602948023,0.4292677043250906,0.4292804945144766,0.4292913335776841,0.4293007260114417,0.42930813585998234,0.42931391320664386,0.4293182155998921,0.4293205983110646,0.42932141504543453,0.429320709096791,0.42931817814116346,0.42931403139253677,0.4293082097480392,0.42930085063023443,0.42929151885263284,0.4292808568579592,0.4292679903197187,0.42925335522361885,0.42923717604331957,0.42921901343670094,0.4291990229952874,0.42917737427805136,0.4291535565370701,0.4291275592545939,0.42909956354522066,0.4290695669110857,0.4290371889932224,0.4290027217494609,0.4289659695608193,0.4289266994138914,0.42888529244600887,0.4288404278335443,0.4287938664285672,0.42874354196716863,0.4286908631324066,0.42863516701848475,0.4285763706213045,0.42851424968524243,0.4284494696654539,0.4283797830662466,0.428307210007962,0.4282306570550943,0.4281501982853114,0.42806543756248944,0.42797719601074474,0.42788317716781815,0.4277849202898034,0.4276817229299472,0.42757326560470227,0.4274595752249323,0.4273401257287395,0.4272147105103056,0.4270832975361681,0.4269458196117727,0.4268008227034169,0.4266491450009182,0.4264900035505833,0.4263231940917581,0.4261482874770602,0.42596492543143866,0.42577275948771237,0.42557171970503205,0.42536355888712146,0.425139062258606,0.4249081012660334,0.4246644156553301,0.4244098898571775,0.4241429200705411,0.42386345899579253,0.4235705453028046,0.42326396492286583,0.42294246072446595,0.42260602591774044,0.4222526102452762,0.4218842686987351,0.42149594696299475,0.4210901389353031,0.42066545851399223,0.42022009061734233,0.4197538828869036,0.41926538583892803,0.41875415820809614,0.41821827076919904,0.417656620124158,0.41706890326527984,0.416452873889704,0.4158075670994866,0.41513181813832867,0.4144239993257112,0.4136827866652967,0.4129062545558513,0.4120929695708097,0.41124123396985757,0.4103488538197482,0.40941414268362963,0.4084352940137042,0.4074103426626284,0.4063373972209818,0.4052120221043522,0.4040333433528228,0.4027994154232828,0.4015069178099801,0.4001534692550891,0.3987356518717554,0.3972512056619119,0.3956952594825674,0.3940663060855622,0.3923601843040392,0.3906064699313213,0.388702382491207,0.38674739582305706,0.38468795221493174,0.3825371527857519,0.3802848048380203,0.37792547474888843,0.3754545255078675,0.37286658758552194,0.3701560701306382,0.36731702702291646,0.36434342761505956,0.3612291769535554,0.35796726943304535,0.3545509921795964,0.3509724985463129,0.3472254038792388,0.3432994548715874,0.33918809171426106,0.3348944468940912,0.33039301948220706,0.32564841157855673,0.32070082906129493,0.31552337001162045,0.31009157988553504,0.3044078540654916,0.2984547604560833,0.29221768550700344,0.28568656111633906,0.2788460293176519,0.27168235672151575,0.2641777109028695,0.2563179945334012,0.24808628100163677,0.23946477719790668,0.23043438126836052,0.22097925919320247,0.21107067287888956,0.20069543524346672,0.18982958126254668,0.17844734128893247,0.16652671237732553,0.15404133938475867,0.14096576737969313,0.12726878406372688,0.1130199441369768,0.09789918438914241
0.3236311014039673,0.43129507720882604,0.431526214744724,0.4317454792102603,0.4319538160084044,0.4321515832692189,0.43233953134203895,0.43251814031181257,0.43268789292365856,0.4328490862780127,0.4330021983511673,0.43314780786754203,0.4332864894640318,0.43341770530142826,0.43354278131289403,0.4336618086967912,0.43377410835472535,0.4338812136316039,0.4339831032546021,0.4340796107939952,0.43417148318755466,0.43425867023355313,0.43434101246318696,0.4344193085109117,0.43449378379230513,0.43456419912263056,0.4346308147528547,0.4346938384540073,0.43475362264256256,0.4348099588911724,0.4348636495400051,0.4349136526552972,0.4349610846365738,0.43500578575515436,0.43504757938744704,0.43508718627596704,0.4351239763639279,0.4351581801850721,0.4351904355359215,0.4352201761438953,0.43524811524478296,0.43527338059533704,0.43529698712331283,0.4353185778462307,0.4353379615094322,0.43535548100954397,0.4353712899790803,0.43538517010097155,0.4353971217552006,0.43540756970582456,0.4354158805092467,0.4354227845967629,0.4354277763245307,0.4354310274242553,0.43543359376536106,0.4354327188383602,0.43543087836977057,0.43542754195055,0.4354222047944176,0.4354154793338673,0.43540668705733176,0.4353967507441919,0.43538437813454206,0.43537031221032707,0.43535456901783254,0.4353371322903568,0.4353174811459421,0.43529616320943687,0.4352727466370634,0.4352470956709614,0.43522012593043496,0.4351898665734532,0.43515787430008723,0.4351236412698833,0.4350872999116628,0.43504822484736005,0.4350068724430413,0.43496281238135476,0.4349157908500245,0.4348663959527433,0.43481375404105443,0.4347582623939959,0.4346997886774201,0.4346377924554957,0.43457252709892985,0.4345038318975073,0.4344313247899063,0.43435490585684416,0.4342746623423731,0.4341901507203078,0.4341013343281142,0.43400789715795557,0.43390974785970127,0.43380693981497886,0.4336984796591317,0.4335849734342818,0.4334660219881188,0.4333405323446836,0.43320906615997273,0.43307119872798283,0.4329268002710228,0.4327751008467765,0.43261599613747115,0.43244936704873016,0.43227674072755934,0.4320913131097765,0.43189923062440644,0.4316981527108086,0.43148689244931954,0.4312656477964181,0.4310352322836907,0.4307917674933771,0.4305364329065488,0.4302701628501139,0.4299903588626051,0.42969841076646353,0.429390575286602,0.42906920722842423,0.4287324954299534,0.4283798075597675,0.42801079918318696,0.4276229004233618,0.42721732377761634,0.4267923828302133,0.42635018348204257,0.4258811306493104,0.42539287786601265,0.42488106467302,0.4243452613617884,0.4237839355138839,0.42319608426914695,0.422581919562646,0.4219354142713973,0.4212610363892839,0.4205521958588279,0.41981045485980306,0.41903380505640697,0.4182206738682856,0.4173686854003642,0.41647622790732525,0.4155417639687403,0.414563473059756,0.4135377768768452,0.4124640846927347,0.4113410150487848,0.41016095359355065,0.408927211996611,0.407634762723123,0.4062809953504929,0.40486323578067185,0.40337844722332444,0.40182295782567384,0.40019417833672083,0.39848889023201584,0.39670076602103377,0.39482899852216574,0.3928685995105111,0.39081559480170386,0.3886648866278252,0.38641247040012827,0.38406091175198315,0.3815823130679521,0.37899433027384954,0.3762837177774616,0.37344482240035504,0.37047126156713195,0.36735685804841733,0.3640950571676371,0.36067877294097983,0.35710038861858256,0.3533577878023138,0.34968912630280213,0.3453158225735578,0.3410098080769537,0.33649984855200193,0.331776064176977,0.3268287409230085,0.32164699341849856,0.316219422302068,0.31053756802203364,0.3045821787953268,0.2983458423203944,0.29181445727021127,0.2849739709937963,0.2778118233649066,0.27081524782193683,0.2624461260218969,0.2542142801031879,0.2455923538827642,0.23656237286467324,0.22710435081832867,0.21719850329974874,0.2068460360912105,0.19595651944488413,0.1845751128935207,0.17276731496613162,0.16016945788556752,0.14709255503033625,0.1333963826508172,0.11905166074197016,0.10408250862631746
0.3144035471591499,0.43702951135008866,0.43727128053189895,0.43750087545145133,0.43771911484656073,0.4379263014908914,0.43812310674624233,0.43830972368617527,0.43848740740085196,0.4386558672235323,0.4388161968499374,0.4389685527795576,0.4391131867487248,0.4392508888086604,0.4393815015354384,0.4395054781895426,0.43962359954749636,0.4397355577336154,0.4398419864853269,0.43994302353476117,0.4400390094713515,0.44013050271482623,0.44021664237767594,0.4402985217484001,0.4403762656027464,0.4404500575222339,0.4405199560533244,0.4405860958757311,0.44064854985960855,0.4407078521339112,0.44076349062431663,0.4408166380041039,0.44086610762802947,0.44091284768394234,0.4409571138338613,0.4409983895471044,0.4410371731883103,0.44107339753865243,0.44110721428088584,0.44113887005139063,0.44116801557550295,0.44119507453441786,0.44122026321324875,0.44124287624704245,0.4412637096754533,0.44128256043965836,0.44129947873225933,0.44131441826891615,0.4413275425764335,0.44133907019823865,0.4413485409231998,0.44135607748261335,0.4413621034457537,0.4413662531099237,0.44136877383450923,0.4413695101797026,0.44136846194203105,0.44136566281604594,0.4413613823230339,0.44135507744346275,0.44134689423855533,0.44133732624470384,0.4413257675829149,0.44131267610589775,0.44129753994332444,0.4412799214861192,0.4412608285640717,0.441239850125309,0.4412168503598892,0.44119194687704444,0.44116487086943784,0.44113519764798553,0.44110374206396485,0.4410701880892874,0.4410335927573627,0.4409950372347471,0.4409537039629951,0.4409099235959642,0.44086344574063274,0.44081411010254407,0.4407619327542018,0.4407066266745135,0.44064823175573764,0.4405865499640734,0.4405215765111668,0.4404529389740268,0.4403805099407595,0.44030437782390314,0.44022440913139327,0.4401399249159856,0.44005121269467357,0.4399580513569606,0.4398601438947428,0.4397573062989708,0.43964916416677374,0.43953572728606516,0.4394163412239237,0.43929126071976443,0.43916014906284145,0.43902232553411624,0.4388777911430308,0.4387265399468445,0.43856751918394654,0.43840088807107025,0.43822641106181087,0.4380429193676518,0.43785108347076657,0.4376500571505201,0.4374385865868898,0.43721800806639455,0.43698584971504784,0.43674289457425064,0.4364885078113962,0.4362219491063608,0.43594247080195775,0.43565104370487384,0.4353438005130487,0.43502137328069157,0.43468468964896356,0.43433203550076166,0.4339630602990505,0.4335752286621791,0.4331697787081191,0.43274510384152515,0.4323018635799093,0.43183393971540446,0.4313453610030785,0.43083369895104906,0.4302979066822499,0.4297365574057375,0.42914907530028706,0.428534266012907,0.42789024637182366,0.42721197717751336,0.42650429124235084,0.4257629734824582,0.4249865729637785,0.4241732019875934,0.4233214759521394,0.4224293119119517,0.4214946080013573,0.4205164871249281,0.41949049858801496,0.41841702348999593,0.41729691706983557,0.41611476032195793,0.41488003031860377,0.4135981539099836,0.4122339754694613,0.41081623171126447,0.40933128588004347,0.4077760609825632,0.40614819815187414,0.40444187393818054,0.4026542606577309,0.4007821550014213,0.3988216368269516,0.3969908393466108,0.3946179973591413,0.39236572598965425,0.3900084235607039,0.3875355307611328,0.3849474062887427,0.3822368446232056,0.37939970356496955,0.37642540641222955,0.37330997059818627,0.3700488640173788,0.3666331135683969,0.3630538476346072,0.359305580346349,0.35538059704213254,0.3512693062079077,0.3469632010416288,0.3424666307856354,0.33772908623750975,0.33281297014578204,0.3275998954929168,0.32218096255167694,0.31648805405109265,0.3105554463466701,0.30429865261365563,0.2977674925869377,0.2909269456852219,0.28379666484343313,0.27626014856610376,0.26840402773636507,0.2601675450805879,0.2515455436721008,0.24251545796671053,0.23305772985496784,0.22315271453689442,0.2127792045147277,0.20190967039944085,0.19052841321981617,0.17861036065913793,0.16614265181217974,0.15304573311792224,0.13934963306147452,0.12500491561649096,0.10997996086843836
0.3054390941953024,0.4425864577573334,0.44283974236253976,0.4430802458580119,0.4433087411052695,0.44352496668482616,0.44373079739579896,0.44392626269653285,0.44411188516470235,0.44428833702563975,0.4444559234496358,0.4446153377296626,0.4447665660760575,0.444910559430877,0.44504735446118765,0.445176610667406,0.4452999842342763,0.4454173401309633,0.4455285351617954,0.44563430216109035,0.44573440616335225,0.44582959624239943,0.4459201543185143,0.446005823239036,0.4460870215724788,0.44616426405033255,0.4462372844948976,0.4463067303284216,0.4463719363078134,0.44643395567722766,0.44649266329343457,0.44654766827367465,0.44659992967943934,0.44664901364495485,0.4466951947308928,0.4467386910292549,0.44677946807198243,0.44681768840605074,0.4468533624713908,0.446886583142249,0.4469176260001708,0.44694633014161617,0.446972607240291,0.44699688989319664,0.4470190325153175,0.44703922698267584,0.4470572950080619,0.44707343718259557,0.4470876764718525,0.447100162396441,0.44711063930876316,0.44711935451585594,0.4471262680423217,0.4471313969071951,0.4471345226789675,0.44713623309332456,0.44713607172514264,0.44713382663100015,0.44713001208501496,0.4471244771934848,0.44711714874147873,0.4471078783977518,0.44709692847462346,0.44708402973196265,0.4470694010415586,0.4470527609674182,0.447034357639148,0.44701372444364246,0.44699100182995793,0.4469663796450733,0.4469397046196033,0.4469110110468004,0.44687973041173595,0.4468462251026616,0.44681029775260106,0.44677174096360767,0.44673085389950784,0.4466873124773314,0.4466411015362078,0.44659207386956534,0.44654010865811244,0.4464853947579305,0.44642681628355535,0.44636547911278596,0.4463005326442431,0.44623216718997166,0.4461600740409153,0.4460841978505805,0.446004305003645,0.445919917958317,0.44583150245115777,0.44573849023559364,0.4456404866539149,0.4455377625008095,0.4454296824426376,0.4453169716796051,0.4451973412890859,0.4450732055343684,0.4449412327029625,0.4448036450918908,0.44465922131290986,0.44450784836247487,0.44434896968869647,0.44418281915117436,0.44400776100074735,0.44382509585241525,0.44363287594783973,0.44343157493361657,0.4432206187561585,0.44299960121095544,0.44276799236181325,0.44252529686138103,0.44227067209011073,0.44200418516332846,0.44172476144006256,0.4414320783049055,0.44112536152269644,0.44080390607060255,0.4404674237349811,0.4401146546645547,0.43974529327321893,0.4393580165635326,0.43895285545117046,0.43852875812142544,0.4380826514213532,0.4376166960516835,0.437128086742087,0.436616675755684,0.4360810209921972,0.4355195262925814,0.4349316891870335,0.43431575206444156,0.43367222707842923,0.4329956722002724,0.43228751700229195,0.4315461006595371,0.4307698302612069,0.4299567778059058,0.4291044694288308,0.4282247175306455,0.4272777520706755,0.42629894928709844,0.4252737479316975,0.42419982222788455,0.4230757834165829,0.4218971673576379,0.4206633437730389,0.41937101298792456,0.41801736361784086,0.41659967298763356,0.41511450238923164,0.4135593658759088,0.411930367109393,0.41022412836392114,0.40866252492186855,0.4065653939668302,0.40460512869161797,0.4025517311102045,0.40040140609588193,0.39815307875010486,0.3957896745834547,0.39331869552614324,0.39073084950666065,0.3880309097474854,0.3851845718818702,0.38220779921650616,0.3790940345860163,0.37583184926148566,0.37241504867316494,0.36883681332989915,0.36510078689795644,0.3611660249018426,0.3570531485540307,0.3527464276759962,0.34823635627704264,0.3435146627237018,0.3385652982789685,0.3333835101469754,0.3279559636169738,0.32227159363546043,0.31632036864724106,0.3100820569809297,0.30355114545507944,0.2967105358061226,0.28954702390976894,0.2820440125571555,0.27418268848149396,0.26595075014579234,0.2573289577025992,0.24836162944998108,0.2388409897301115,0.22893511439369688,0.21856000485196336,0.20769314694020186,0.19632178506017522,0.18439123189773338,0.171905882572426,0.15882929947110397,0.14520181784475056,0.1307882816911911,0.11576966225657237
0.2967302408188869,0.44797130160973964,0.4482364228186405,0.44848800376088244,0.4487266052298968,0.44895301032882834,0.4491683399549427,0.44937254170705193,0.44956669849265984,0.44975104015713874,0.44992628651426725,0.45009283036872333,0.450251015129898,0.4504012374937362,0.4505438129072383,0.45067941090076735,0.450808417962307,0.4509305651879066,0.45104697463666604,0.45115726033769055,0.45126227014849984,0.45136156978577296,0.45145633022905574,0.4515459387563813,0.4516308685407827,0.45171135610930885,0.4517880193706512,0.45186030846134373,0.45192898114423646,0.45199362164524526,0.45205499942882094,0.4521128589055823,0.4521674773914401,0.4522188841970171,0.4522673217171619,0.4523129485472098,0.45235583707472504,0.45239595548975853,0.45243345048913236,0.4524685482757345,0.45250107294408715,0.4525315245777786,0.4525592928878971,0.45258501178811394,0.4526086746002137,0.45263010336104514,0.4526497294508831,0.45266684497104154,0.4526822759289098,0.4526958649697641,0.45270732222055365,0.45271698842143715,0.45272480946595284,0.45273130103112585,0.4527351037079675,0.4527374056924148,0.4527378859376671,0.4527367328473167,0.4527335872019574,0.45272868524643384,0.45272209454381324,0.4527135176604249,0.45270299621019383,0.4526913789483335,0.4526766406081271,0.45266068630121836,0.4526426820263645,0.45262248164976043,0.4526002747640177,0.45257620251593816,0.45254962768532014,0.45252117081266274,0.45249032368673,0.4524571729789083,0.45242150860697505,0.4523836719063234,0.45234317546329705,0.45229981468901903,0.4522539114920853,0.452205157735733,0.4521533398354691,0.4520986964232563,0.452040513436569,0.45197942123383,0.45191472763892626,0.4518465554894889,0.4517745147085417,0.4516987790218673,0.4516190400897178,0.4515350861530044,0.45144672999441715,0.4513537547075267,0.45125684034390995,0.45115335006105345,0.4510456132468862,0.4509323911975576,0.4508133109235056,0.45068851050711284,0.45055748387602723,0.4504199813804994,0.45027599730342543,0.4501248149709674,0.44996591710709194,0.44979932095189606,0.449624708601263,0.4494417575520737,0.4492498768681722,0.4490486671949005,0.4488379389846855,0.44861688486043544,0.4483852251215105,0.44814335053732196,0.44788829787120465,0.4476218218455135,0.44734256262859395,0.44704970899262575,0.4467432827435226,0.44642228778782983,0.44608498094823085,0.4457323700708641,0.44536299295341514,0.44497576690534496,0.44457026984471515,0.4441456320751128,0.4437008317347791,0.44323454740671275,0.4427462072261595,0.44223489453244985,0.44170197858056653,0.44113762459656725,0.44055147960491037,0.4399755949278767,0.43929219733289526,0.4386131705459146,0.4379057675761898,0.4371643182530072,0.43638814160888634,0.43557532303967983,0.43472815847931773,0.43383056407956955,0.43289690314812096,0.4319177570058792,0.4308922039933146,0.42981812451356216,0.42878172577580953,0.4275170101996269,0.42628160485552896,0.4249892799165581,0.4236387233205727,0.4222179615089886,0.4207331667642452,0.41917764012131786,0.4175487482364102,0.4158426485076004,0.4140555005245344,0.4121853135580892,0.4102236579829837,0.4081711825915546,0.40601978055824006,0.4037696634018427,0.4014086289438593,0.398941816588488,0.3963493818079736,0.3936388600389043,0.39080220783983316,0.38782633033816993,0.38471279346562137,0.381451926154959,0.37803901146498115,0.3744554380872873,0.3707079294453114,0.36678221673237577,0.36267124088303904,0.3583656675538225,0.35385494960913133,0.3491312334359522,0.34418368418395523,0.3390018700139992,0.3335745868419236,0.3278903019819722,0.32195713055360203,0.3157149262992869,0.30916969213817047,0.3023290178206052,0.29516452820601713,0.28766089410969564,0.2798118465755991,0.27157002318218865,0.26294771382397397,0.25391760101272465,0.24445967229967927,0.23455372713057213,0.22417944724893413,0.21331417862828966,0.20193507015078066,0.1900100214142137,0.17758518535641576,0.16446082266257805,0.15075181721768477,0.13640771350117714,0.12138220266102229
0.2882696992289233,0.45318773351638264,0.4534651162409564,0.45372800236700456,0.45397766466899236,0.45421474857224936,0.45443943368787515,0.4546530432747731,0.4548560506057435,0.45504874419859465,0.45523184718123544,0.45540547254661806,0.45557079324523925,0.4557276070896442,0.45587669615392973,0.4560186381367485,0.45615319241708374,0.4562809516128851,0.4564021166517716,0.4565174225439146,0.45662720097719756,0.456730900146422,0.45682946043940476,0.45692377699081305,0.4570121639136733,0.4570966318216783,0.45717606753238854,0.45725195612511227,0.45732339900442215,0.4573913852047238,0.4574554127859924,0.4575163247320293,0.4575732722251456,0.45762703585050973,0.4576779999549784,0.4577260362004085,0.45777110303842095,0.4578130091810233,0.4578522779181045,0.4578892473472786,0.45792360902374074,0.45795560639519345,0.45798487381337283,0.45801223460009066,0.4580371521463581,0.4580600918761626,0.4580808468563864,0.4580995313081851,0.4581159489755497,0.4581306127981344,0.45814316308189074,0.45815412066250993,0.4581628507305877,0.4581697747496258,0.45817487803591256,0.4581780681000867,0.45817936432149636,0.4581789294306274,0.4581765586257061,0.4581723000726312,0.4581663660688818,0.4581584937594404,0.4581486211338487,0.458136898109714,0.4581234434636416,0.4581078468616039,0.45809025002228587,0.45807102390868665,0.45804906845483356,0.45802532653668065,0.4579992046321364,0.4579711932552637,0.4579409050621586,0.45790794898391396,0.4578728156891074,0.4578352485715336,0.4577949031630483,0.45775197031842296,0.457706181727839,0.4576576826671436,0.4576063270641546,0.45755162870094424,0.45749389381662836,0.4574330050838534,0.4573685064275025,0.4573005965690378,0.4572287930133333,0.4571531605244443,0.4570758167737103,0.45698989916327193,0.4569018409178811,0.45680883976329545,0.45671135315481554,0.4566091972655854,0.45650111071636423,0.4563880815962314,0.4562691925775913,0.4561444769189687,0.45601385725568133,0.4558761557177054,0.45573200422883914,0.45558073987073494,0.4554221424445563,0.45525638851328437,0.4550813158681378,0.4548985547987162,0.4547067877902443,0.4545056541019636,0.45429531484407815,0.45407435484871234,0.45384222965392745,0.45359957775755494,0.45334648541274847,0.45307908763119104,0.4527995099588259,0.4525070325109203,0.45220709284914196,0.4518795292896978,0.4515439049624284,0.45119066132314745,0.45082191471204475,0.450433795876461,0.45002833235256945,0.4496031940765939,0.44915827590539176,0.4486921705451917,0.44820399705945174,0.4476929321555086,0.4471567781453047,0.4465957022800904,0.4460076354053967,0.44539209684525577,0.44474690749834367,0.4440713671478122,0.4433651630513824,0.44262229439945283,0.4418459079859571,0.4410335593979555,0.44018088365378255,0.43928890812454324,0.43835448795500526,0.43737572083941345,0.43635023662903316,0.43527642924591703,0.43415265177629814,0.43297389039945394,0.43173993386232296,0.4304473710930766,0.4290939159492542,0.42767619093220366,0.42619123317140295,0.424635956979333,0.4230071525495541,0.4213007845536449,0.4195138372151624,0.41764209283926723,0.4156818338897679,0.4136287964741996,0.4114780897749609,0.40922568204230025,0.40686642033746645,0.40439586421287405,0.4018077119461551,0.3990970885084652,0.39625834731766135,0.3932845568318989,0.39017033097946263,0.38690830524335523,0.3834919435057185,0.37991386738169175,0.3761658706834615,0.372240572745263,0.36812928635175945,0.3638235407281025,0.35931443966400956,0.35459318936095785,0.349642129217476,0.34446026635850413,0.33903295770981684,0.33334858281533697,0.3273960145437394,0.3211591652835283,0.3146282794976083,0.30778736584743693,0.3006249895431209,0.29311901733607393,0.2852670577581561,0.27702770148941797,0.26840611018927396,0.2593758802905928,0.24991803716076924,0.24001202446814754,0.22963698956141698,0.21877136884578646,0.20738883577647788,0.19546818379498482,0.18298321499505665,0.16992266394944527,0.1562103883210591,0.1418652234182763,0.1268405420647165
0.280050389418363,0.45824052131340165,0.4585304550472197,0.4588055008094894,0.4590664271406101,0.45931384509516654,0.4595490798506225,0.45977220146218484,0.45998431979769383,0.46018532539606216,0.4603764055919948,0.4605581479093635,0.4607309098874431,0.46089449699614504,0.46104992969519504,0.46119799148660723,0.4613383213051935,0.4614717734640455,0.46159856301629293,0.4617192020013662,0.4618335185607927,0.4619420582981388,0.4620447208939291,0.46214277457518077,0.46223533833015384,0.46232393003219935,0.4624067686723116,0.46248578956847086,0.46256083173481827,0.46263162497847454,0.4626986353203953,0.4627620693296084,0.4628216973428319,0.4628781962625364,0.46293160966514924,0.46298163113389734,0.4630286537759043,0.4630729289602603,0.4631143998668705,0.46315307892173846,0.46318925559124746,0.4632227598760212,0.46325397091174847,0.4632828169026958,0.46330926925266847,0.46333365814016714,0.4633557079610606,0.46337555444761164,0.46339349226173826,0.46340920652390305,0.46342285752084234,0.46343488179261727,0.4634445861315045,0.4634525047580566,0.4634584520417669,0.46346250183614907,0.4634646999658751,0.4634649874354326,0.46346338283941074,0.46346043927527003,0.4634547020114748,0.46344734791418096,0.4634382119331826,0.46342724126625406,0.46341418533069917,0.4633992347494833,0.46338308953338014,0.46336291278932357,0.46334193985387434,0.46331855802411875,0.46329305864175685,0.46326549367059733,0.4632351671971286,0.46320285480815326,0.463168204500337,0.46313072298578956,0.46309162723312725,0.46304816795243564,0.4630027233041962,0.46295454898282107,0.4629032412270656,0.4628492264798578,0.4627918353779125,0.46273090503060926,0.4626666169292629,0.4625988836244876,0.46252735528876376,0.4624521771527227,0.46237279555305394,0.46228894099252826,0.46220082918497774,0.4621082960955374,0.46201102130475785,0.4619092740878958,0.46180110806891905,0.46168801622793904,0.4615694312531505,0.4614448620375842,0.4613138431095124,0.46117658919739585,0.46103251538333084,0.4608814360070623,0.46072301777570607,0.460556700068605,0.46038257603857347,0.46019948861106585,0.4600077414874656,0.45980679691302145,0.459596063323949,0.45937525093375203,0.45914418362501735,0.4589010866359072,0.4586469687156518,0.45838037891777456,0.45810291747050125,0.4578085962705428,0.4575023541280754,0.45718088291284303,0.45684444224443993,0.45649182751999173,0.45612255619860015,0.4557354072726834,0.45533014145446704,0.45490537945775045,0.45446051581382624,0.45399452556355635,0.4535078961842292,0.452994728286967,0.452458897224798,0.45189792831546716,0.4513099746767776,0.4506942755589192,0.4500524395289025,0.44937365075255126,0.4486665761751757,0.4479524904510049,0.4471482663156667,0.446335097973236,0.44548353005495894,0.4445913004852232,0.44365673634374575,0.4426782186245154,0.44165283465544414,0.4405788718138969,0.43945427301260054,0.43827629274495744,0.43704347888396106,0.43575023539298663,0.4343976103895513,0.4329787297253922,0.431494057111533,0.4299393550304721,0.428309799275959,0.42660524878581924,0.4248168301207375,0.42294510461102586,0.4209844878587132,0.41893123639121044,0.4167807558347636,0.41452966547997716,0.412169382360712,0.4096988186631552,0.4071103777220921,0.4044027915040001,0.40156082583143987,0.39858730278557075,0.3954735709908672,0.39228000028727233,0.3887965992876859,0.3852205104788208,0.3814691452957042,0.37754342945366315,0.37343213466896785,0.3691260508268811,0.3646161347778919,0.3598967025552784,0.35494491744079043,0.34976316275828945,0.3443385710581623,0.3386526643254286,0.3327062134710656,0.3264625746874569,0.3199308098284048,0.31309028933780514,0.30592564756923224,0.2984216990615973,0.290562715238757,0.28233072623232286,0.27371479771286544,0.26467895250858287,0.2552209359773303,0.24531493057331125,0.2349399835693483,0.22407325071924117,0.21269184526025103,0.20077126898106928,0.1882857543775066,0.17520905195514597,0.16151280830231557,0.14716844938950874,0.13214333554557267
0.2720654332493498,0.46313348022605605,0.4634365147561661,0.46372401991348794,0.46399671974319334,0.4642554577814512,0.4645012346655835,0.4647340469726537,0.46495574647080407,0.4651656852264019,0.4653651141579369,0.4655545499370222,0.46573457777865673,0.4659057981577449,0.46606798401772126,0.46622250030977463,0.46636907910615266,0.46650840130273324,0.46664044992079207,0.46676607874718856,0.46688528805995255,0.46699862775649065,0.4671061801325379,0.4672081410102679,0.4673053056003019,0.4673969934671253,0.46748394552302325,0.46756649109858306,0.4676446794534183,0.46771873341623926,0.46778879699517956,0.4678556830123727,0.46791751587802016,0.46797701451649526,0.46803233582390324,0.46808483667447365,0.46813420775040526,0.46818050901251296,0.46822393131441115,0.46826468173921537,0.46830270927139395,0.4683379762014563,0.46837080241913565,0.4684015886345023,0.46842931790610487,0.4684549507477024,0.4684785718723855,0.4684996907783035,0.46851873871015465,0.46853589528633754,0.46855064709758754,0.4685637011113366,0.46857439632213016,0.46858330446075197,0.46859032296801434,0.46859530754502626,0.4685983679948951,0.46859958899013693,0.4685986707392282,0.4685961261189804,0.4685915908739901,0.4685849698377418,0.4685762699980529,0.4685660597229873,0.4685533495191913,0.46853893259695223,0.4685224551078476,0.46850382048028577,0.4684834934669609,0.46846032923184605,0.4684353622747005,0.46840797333274964,0.4683786127449409,0.4683466921130761,0.4683120617502159,0.46827489910774095,0.46823551478308145,0.4681932955880135,0.4681480078018711,0.4681005855667826,0.46804905216927384,0.4679952189583485,0.46793793507870757,0.4678774827607601,0.4678133526753985,0.4677461219994979,0.46767456578738553,0.46759942713890457,0.4675201725883435,0.46743672800232483,0.46734881240670767,0.46725633634752983,0.4671593579979591,0.46705723015591144,0.4669503350129436,0.46683689423170055,0.4667182409147625,0.46659371825194323,0.4664630574162767,0.46632612415781255,0.46618192401973874,0.4660316533462204,0.46587271981767325,0.4657063844800107,0.4655320022269971,0.46534932695614595,0.46515814324149196,0.4649566791909055,0.46474738554791517,0.46452537235787533,0.464293946377582,0.4640549326817556,0.4637972217817039,0.46353252263618666,0.4632524904340011,0.4629594839154081,0.46265290459390473,0.4623316362900554,0.4619950411177018,0.4616428168645188,0.46127332512312896,0.4608865846462277,0.4604820154019399,0.46005636950873763,0.45961155988869923,0.4591453105692702,0.45867715633337397,0.4581465665777043,0.4576101501563576,0.45704883202009916,0.45646109153322545,0.45584557086269467,0.45520044646405045,0.45452493464768945,0.4538173364053223,0.453076060106465,0.4522995951411524,0.45148642679879014,0.45063458049468147,0.4497426155973516,0.44880804192058593,0.4478294782901312,0.4468040118485068,0.445730219075512,0.44460571444725516,0.44342765078637275,0.4421938095699978,0.44090141709133823,0.43954804836825373,0.438130204942497,0.43664542462023537,0.435090081996919,0.43346123790472535,0.4317550466505721,0.42996804794448124,0.42809661818808853,0.42614235005362094,0.42408278262021115,0.42193855318746853,0.4196799278263402,0.4173208256092542,0.41485014232154677,0.4122623463963448,0.4095513948533855,0.40671241482704806,0.4037405638887812,0.40062506960108735,0.3973627531827992,0.3939463818442432,0.3903681090089569,0.3866208518646168,0.38269496813036796,0.3785837341673447,0.3742776378034366,0.3697678705592832,0.36504551231016225,0.3600965762412555,0.354914612333192,0.3494881625236485,0.34380353397107055,0.3378496820424592,0.33161374743403194,0.3250825842746592,0.31824210438526146,0.31107752114443354,0.30357335818559894,0.29571443595772173,0.2874823400003525,0.27886051810686885,0.2698308837010297,0.26037260068026147,0.2504685865479569,0.2401124560182052,2.0,0.21784339351213583,0.20592274526264281,0.19343743985010586,0.1803607787437586,0.16666448215160717,0.1523195784261407,0.13729513160789786
0.2643081486974105,0.4678705466436439,0.46818736446799103,0.46848770954513225,0.4687726656935972,0.4690429410036366,0.46929954078574726,0.469542974709143,0.4697739436284609,0.4699932974257971,0.4702013888812008,0.4703991584111718,0.4705870752218774,0.4707653478352626,0.47093501718448066,0.47109600858080347,0.47124882319370975,0.47139409945961136,0.4715319577624308,0.4716629694093688,0.4717874436467058,0.47190597224602676,0.4720178405636133,0.47212423198409986,0.4722253370414722,0.47232112892869776,0.47241203965555284,0.4724981802108177,0.4725797512616409,0.4726570409294978,0.4727305517284733,0.47279942042427414,0.4728648833712232,0.47292681363610595,0.4729850959894335,0.47303977381980744,0.4730914689179865,0.4731398926844613,0.47318593065537956,0.4732284932703688,0.47326806407021127,0.47330546545796776,0.47333981960381644,0.47337199641154204,0.47340168330268473,0.47342894518973244,0.4734536386252248,0.47347651841932886,0.4734966887089041,0.4735149631606781,0.4735309047256274,0.4735448933568388,0.47355693201852866,0.47356693840957126,0.4735746982296664,0.47358062671524476,0.47358460027069843,0.4735867854166455,0.4735866543944747,0.47358463734764433,0.4735808316374929,0.47357496391234755,0.47356708935474423,0.4735572765833908,0.4735471429007346,0.4735315994386642,0.473515700856061,0.47349763829423913,0.473477331118535,0.47345497504606077,0.47343055157052516,0.4734037786687516,0.4733743353545649,0.4733429021629417,0.4733097948096414,0.47327243316432893,0.47323281163359077,0.4731909446783945,0.4731461665511147,0.47309849330725917,0.4730479525256107,0.47299419398289455,0.4729374625617067,0.47287750713663285,0.47281318102147407,0.4727461432620184,0.47267502849008847,0.4725997500806717,0.472521203187757,0.4724375393885911,0.4723498779507058,0.4722576727639506,0.47216061340028387,0.4720588019109044,0.4719514079422352,0.4718387155895379,0.47172075486879855,0.471595894235926,0.4714661970559749,0.47132824862745387,0.4711843258956257,0.4710356262604373,0.4708752692783516,0.4707090671465893,0.4705350484153452,0.4703522026477195,0.47016061768038186,0.4699597690162511,0.4697499866687973,0.4695300540146226,0.4692973262858177,0.4690801340468554,0.4688007117274957,0.468534680122867,0.4682552577906065,0.4679629165510566,0.46765638710622703,0.46733526916974083,0.4670022331615719,0.466646548887364,0.4662771021368716,0.4658901846213576,0.4654848669346523,0.4650603558690052,0.4646154972177849,0.4641493712698228,0.463666825524162,0.4631507123931981,0.4626142352064186,0.4620531660108691,0.4614653427917703,0.4608541038239459,0.460204649755944,0.4595292919963819,0.4588214812283521,0.45808052206654454,0.45730469543457847,0.4564909812142849,0.45563902362372727,0.4547469446043275,0.4538128727944884,0.452833734446609,0.4518085979252462,0.4507354812158425,0.4496101142446185,0.4484321600129704,0.447199194969301,0.44590613504469845,0.4445524359786009,0.44313548459064034,0.4416500346112058,0.44009472064785227,0.43846599651087637,0.4367612130298139,0.4349731872371931,0.4331010697943787,0.431140767072655,0.4290876851884,0.4269369448352792,0.42468454746278217,0.4223255515689671,0.41985905979269184,0.4172670531627098,0.41455651258838816,0.4117170695244589,0.40874361248280455,0.40562960025621286,0.40236745129893375,0.39895111002195843,0.395373130933941,0.3916249913113251,0.38769995464468565,0.3835885243086701,0.3792830397160194,0.37477257095479766,0.3700490014177912,0.3651012835931719,0.3599198148101428,0.3544926012332296,0.3488077059628134,0.3428578663694281,0.3366183281351396,0.33008803535329667,0.32324674920927354,0.3160830228844361,0.3085782015006011,0.30071892888159035,0.292487187775677,0.28386546626815146,0.27483525217240257,0.26537831552595803,0.25547144124471133,0.2450962898020449,0.23422971021840516,0.22284896043377395,0.21092849934787955,0.19844245437591201,0.18536627270242917,0.17166929725582142,0.15738884641140766,0.14229980008468968
0.25677204425975864,0.4724561501380071,0.4727867305715675,0.47310057808159084,0.4733981496934264,0.473680373857917,0.473948168807444,0.4742023807948636,0.474443618619239,0.4746725838828917,0.47488952597383416,0.47509587783972623,0.4752919738375189,0.47547833065332223,0.47565484860187507,0.4758226619050647,0.4759820864523534,0.47613350354052214,0.4762774317747081,0.47641408968260357,0.4765440341549191,0.47666718553314896,0.47678389322494863,0.4768949794619018,0.4770004074934341,0.47710035929775135,0.47719502987860557,0.4772848561428592,0.4773700879335587,0.4774508974114515,0.47752708494427626,0.47759925265880954,0.4776676911410784,0.4777324186832244,0.4777933045830075,0.4778504994731636,0.47790463116616944,0.4779553143748264,0.4780030636575416,0.47804782169615573,0.4780899346715888,0.4781287569416767,0.4781651233848724,0.47819910329418147,0.478230039147012,0.4782588558996338,0.47828527676385557,0.47830918552825635,0.4783309491984407,0.4783504383865822,0.478367943600703,0.47838309648011834,0.4783960476270611,0.47840719163116235,0.47841586051034096,0.4784227337281271,0.47842771027369263,0.47843068878965106,0.47843136416785964,0.47843054750429537,0.4784270146485738,0.47842197549598753,0.47841488382801955,0.47840590770131924,0.4783946238432479,0.47838116454839363,0.4783657951613218,0.47834834607861015,0.4783289393299954,0.4783068707620545,0.4782826302060078,0.47825641169429145,0.47822764631636155,0.4781967048942918,0.4781625972613781,0.4781266028674966,0.47808737770872134,0.47804578839046186,0.47800139870363706,0.47795406852087685,0.47790372963785543,0.4778502856936334,0.47779375509629524,0.4777337002197574,0.47767016347811886,0.4776033549908794,0.47753267932425814,0.47745748971817603,0.4773831111363515,0.47729553254599677,0.4772080282492329,0.4771160038152765,0.4770193978775929,0.4769173211520786,0.476810115488393,0.4766975236475483,0.4765793579282784,0.4764550907839203,0.47632496837767,0.4761877275620841,0.476044152253527,0.4758939428143138,0.47573532409412816,0.47556951500152106,0.475394999025854,0.4752131068580838,0.47502120420534233,0.47482032568709936,0.4746118800123428,0.47438916120760416,0.47415859268804933,0.4739155519008296,0.47366161386596817,0.47339578785672937,0.4731171583906345,0.47282391504541854,0.4725179589859866,0.47219639510963146,0.47186023048558384,0.4715074857090491,0.47113852482053925,0.47075142824368293,0.4703464124624632,0.46992161670338695,0.4694767471158688,0.46901096920281937,0.46852261887779684,0.46801148765158823,0.46747574787882457,0.46691463503080277,0.46632721536282107,0.4657111680840343,0.4650673821519252,0.46439071447543806,0.4636832078352987,0.46294608093948547,0.46216588678135445,0.4613524954438626,0.4605009193364417,0.4596088739638796,0.45867426999713895,0.4576956001624005,0.456670606275413,0.4555966707325031,0.454471948610514,0.4532968921335461,0.4520719588620072,0.45076820139881524,0.44941457562289294,0.4479969598097733,0.44651235431537506,0.44495660622711464,0.4433277090153753,0.44162162283807543,0.43983458516578183,0.43796298525371646,0.4360028417673543,0.4339494586542628,0.43180059867999565,0.4295465328351771,0.42718750659373206,0.4247167050318424,0.4221289925530753,0.4194184017765373,0.4165792456154031,0.41360594343405943,0.41049254767514765,0.40722995661812894,0.4038132079076114,0.40023487842954897,0.39648727139772344,0.39256222323471623,0.38845067656773336,0.38414457611059794,0.379634488686745,0.37491095410896547,0.369963532999996,0.3647851772259554,0.3593542384391129,0.35366998827009044,0.34771618625374895,0.3414815880101032,0.33494953888299006,0.32810875124371985,0.32094424447915826,0.31344028212432296,0.30558113597827996,0.29734918059914567,0.28872757717286934,0.279697373442658,0.27023940371741895,0.26033374776648444,0.24995883988244028,0.2390920996043217,0.22771081798853393,0.21578973642995541,0.20330439124769395,0.1902292795672746,0.1765314690013144,0.1621865913115203,0.14716202149695934
0.24945081352303158,0.4768924943341445,0.47723845234204887,0.4775662689669264,0.47787685599678364,0.4781716807187005,0.4784510425863155,0.4787162085370313,0.47896789982605137,0.47920684482659415,0.4794336289901884,0.47964894555372534,0.4798529197441696,0.4800470661071109,0.48023127240735913,0.48040643051507237,0.48057256864052045,0.48073069531475915,0.48088036198633005,0.4810228574354649,0.481158020515429,0.4812864776640063,0.48140839572754,0.4815243306486439,0.4816339196521823,0.48173847822922583,0.48183704493333074,0.48193067152709956,0.4820196133542482,0.4821039070891714,0.48218335416901065,0.48225877600868006,0.48233025448561423,0.48239761869620706,0.48246121927021324,0.4825210787467151,0.4825774970339053,0.48263065353067414,0.4826808386628085,0.48272754573285875,0.4827715057744315,0.48281265916817256,0.4828506460942936,0.4828862588248133,0.48291953564948276,0.4829495532996452,0.48297748232601667,0.48300264893633965,0.48302582186247595,0.483046864658368,0.4830651899508436,0.48308169097807385,0.4830958817820963,0.48310780158382255,0.48311774063825147,0.4831257089694469,0.4831315771081173,0.48313545133302377,0.48313709977378533,0.4831367306553086,0.4831349076505736,0.48312992225970264,0.4831234992322897,0.4831150691413338,0.48310440954621087,0.48309180371841187,0.48307707543190415,0.48306012546099525,0.4830408861260918,0.483019644640494,0.4829960272132048,0.4829701983264779,0.482941783258187,0.48291088875682275,0.48287766722457104,0.48284177019876834,0.48280339415172346,0.48276197258621156,0.482717922748171,0.482671043649498,0.48262086653118985,0.4825678068115813,0.48251149546221944,0.48245163729146506,0.4823885680155271,0.48232180008464104,0.48225089165749213,0.48217639794962364,0.48209780209646175,0.48201494074637363,0.4819276533598136,0.48183584317442407,0.48173903117177025,0.4816373127562881,0.48153040489479004,0.48141808397350655,0.48129977745712577,0.4811759806941895,0.4810454602321642,0.4809086797212167,0.4807652360886247,0.4806146391776463,0.4804563721883029,0.4802905576336292,0.48011640641083964,0.4799340188063552,0.4797425547938824,0.47954219907990464,0.47933171495187865,0.4791110947931814,0.4788798747442142,0.4786394906479405,0.4783835461852477,0.4781175443780968,0.4778384132008695,0.47754614570600207,0.47723994197029174,0.47691882373733124,0.4765824393501859,0.4762302184880254,0.4758611237120312,0.475474428144468,0.4750688011308507,0.4746445604457181,0.4741995773724122,0.47373382149986,0.47324542888259485,0.47273419825276425,0.47219860113871853,0.4716391560350063,0.4710499603405951,0.4704340593636847,0.46978942000561075,0.4691138985938062,0.46840627279984726,0.4676651950155259,0.4668888098449348,0.4660757974183485,0.4652246032633868,0.46433181929379586,0.46339774480483215,0.4624186869193564,0.46139355020721107,0.460320438101529,0.4591957082378363,0.4580174222139804,0.45678345741467025,0.455491211807295,0.4541376530579693,0.45272049442306517,0.45123520427734853,0.44967996419205636,0.44807251966037265,0.4463455313477303,0.4445581111254416,0.4426863820167072,0.44072602846050674,0.4386730393733558,0.43652239388339475,0.4342703868525014,0.4319110039967947,0.42944014830969607,0.4268521423896679,0.4241423321187498,0.42130263933669804,0.41832970850748874,0.4152148051563015,0.4119579976375444,0.408536647641854,0.4049602754589815,0.4017218822575849,0.3972866438161462,0.3931742085644958,0.3888709271630626,0.38441015056409855,0.3796343455830663,0.374686941466369,0.3695053739067292,0.36407789546020936,0.3583934433607321,0.3524398153846973,0.3462040258397511,0.3396765075606105,0.3328323078477754,0.3256680119904086,0.3181638392442223,0.31030481291700296,0.3021136510195945,0.2934513447545284,0.2844208153908421,0.2749632959233618,0.2650570516659465,0.25468221568151206,0.24381567467783255,0.23243393648582272,0.22051336693779006,0.20802806713339117,0.1949518965016937,0.18126608217332002,0.16691184838058865,0.151898386591387
0.2423383298859155,0.4811844046708026,0.4815457964350939,0.48188821672991883,0.4822127888459634,0.4825203800226094,0.4828119010544409,0.4830886772210294,0.4833511132998447,0.48360029785080605,0.4838369419486632,0.48406138004453264,0.4842744248468999,0.48447669948138905,0.4846686861751068,0.48485109857442577,0.48502428925661745,0.4851889809184214,0.4853451803855689,0.485493590212717,0.4856343274953283,0.48576822047055584,0.4858951458654007,0.48601575628015664,0.48613015635238643,0.4862389224831048,0.4863418557491955,0.4864395064517629,0.48653206784699016,0.48662001614859374,0.48670303062241377,0.4867816918301685,0.48685620548124625,0.4869262133620594,0.4869929418379072,0.48705588040768133,0.4871145119251403,0.48716996156956505,0.48722231953633827,0.48727137991123576,0.48731735854036784,0.4873603896234317,0.48740055154146267,0.4874378928834959,0.4874723925532918,0.48750439988083893,0.48753369663939383,0.4875606816687302,0.4875852834964816,0.4876075285003967,0.48762746074725205,0.4876450647685354,0.4876603397737588,0.48767358227372753,0.48768451919175054,0.4876935516866819,0.487700149750469,0.487705000906475,0.4877075114353037,0.4877080709584686,0.4877064511903321,0.48770286724204615,0.4876970392182488,0.4876893357923114,0.48767943600751745,0.4876674677474503,0.48765317953508214,0.48763699133494426,0.4876183424096237,0.4875978937526541,0.4875745237047422,0.48754883478646016,0.48752091857817587,0.4874908491962464,0.48745790920827026,0.4874222482318569,0.4873842245528658,0.4873432743760836,0.48729953330192005,0.4872529024618112,0.48720311975774244,0.48715036654141897,0.48709437906493475,0.48703482492599554,0.48697197814811943,0.4869053431432591,0.48683494574101316,0.48676059371347236,0.4866822830492911,0.4865995726882171,0.4865126314899033,0.48642063445171346,0.48632447112022253,0.4862228100461406,0.48611593644272244,0.4860035560798393,0.48588600292275347,0.4857618640779863,0.4856314916073641,0.4854948355430901,0.48535139372037744,0.48520083493472504,0.4850428387504166,0.4848770459185648,0.4847033242938352,0.48452082269217145,0.4843297046171072,0.48412908194925636,0.4839189073084508,0.4836983875529279,0.4834673810338311,0.4832266915204015,0.4829721298583488,0.4827049392323645,0.48242601330770973,0.4821338680852444,0.4818275985360987,0.48150644189148634,0.48117050588142346,0.48081889395953736,0.48044882877467104,0.4800620239158359,0.4796569623851221,0.47923238212951447,0.47878763670631735,0.4783216814957829,0.4778341258635734,0.47732247495046426,0.4767867832855968,0.47622637081992114,0.4756382969976686,0.4750224430033609,0.47437764750250766,0.4737025090128742,0.4729945811858972,0.47225473097757603,0.47147722003257836,0.47066424642494475,0.46981427918396385,0.4689203779678044,0.46798594698112,0.4670076297058776,0.4659822409232146,0.46490842652681275,0.4637838611718128,0.4626058460443176,0.4613723703101675,0.4600800102026169,0.45872650659803776,0.4573135842882011,0.45582392392528415,0.4542688582850818,0.45263974700734355,0.4510038989528981,0.44914684676801814,0.44727521794577785,0.445315696296041,0.4432615851483894,0.44111106829382374,0.4388589675801654,0.4364998829949206,0.4340289076610014,0.4314409145919533,0.42873037355735016,0.42589147550719636,0.42291796704415285,0.41980370423103264,0.4165431554243734,0.4131270886826633,0.4095471836901998,0.40579958483418344,0.4018741385647956,0.39776280405300646,0.39345718691957576,0.3889472588886529,0.3842238159279656,0.3792756853524279,0.3740953655962893,0.3686666489327132,0.3629851557940236,0.3570285852127017,0.35079295496707197,0.34426201947341883,0.33742116564590796,0.3302610182585044,0.32275269514643123,0.31489337918816784,0.30666364543572316,0.2980401927091624,0.28900986948389173,0.2795521745119186,0.2696460917617468,0.2592718491983499,0.2484040399371718,0.23702267131293026,0.22510238856848502,0.21261688752933883,0.19954080330391805,0.18584429421077003,0.17149897086917626,0.1564748962102085
0.2354286414322417,0.4853352382199905,0.48571278475729585,0.4860703593038655,0.4864091940225753,0.4867298424413565,0.48703431401196134,0.48732293208881833,0.4875967468587513,0.4878567237825917,0.4881032349148574,0.4883370638670476,0.48855900361946397,0.4887700223993672,0.4889700578278045,0.48916029601092204,0.48934109260913494,0.48951231943296486,0.4896750375440014,0.48982962527801766,0.4899764028498106,0.4901158182439856,0.4902479248534707,0.4903735624360594,0.49049289570177346,0.49060590712420454,0.4907136939783971,0.4908149555822958,0.49091175528753933,0.49100292447948135,0.49108966775268853,0.4911715184028008,0.4912491226805051,0.4913229279051829,0.4913918229798818,0.4914572629047841,0.49151902596958275,0.4915770732844116,0.49163159406742135,0.4916829853424601,0.4917311477890851,0.4917761272210723,0.491818233300208,0.4918574653393133,0.4918939492430999,0.4919273592382064,0.4919585012670281,0.49198697189139434,0.4920129424719953,0.49203648127168464,0.49205779870567423,0.49207653641135374,0.49209335314363845,0.49210766003674694,0.492119758068806,0.49212961530030713,0.49213743335171706,0.4921429679946617,0.4921468713760078,0.4921479791617057,0.492147305751466,0.49214444567045357,0.49213949520187794,0.4921324976405536,0.4921231879697096,0.49211181328695774,0.4920983655073736,0.4920825540248865,0.4920647027712893,0.4920442931532805,0.4920216287523451,0.4919967268763483,0.49196929054909616,0.4919392986973975,0.49190696670031364,0.4918718675555051,0.49183457461316893,0.491793541998679,0.49175024280619767,0.4917044846711198,0.49165446880145447,0.4916018996559779,0.4915463529254926,0.4914870283429171,0.49142440487029626,0.49135784490059736,0.4912886305023779,0.49121407445215104,0.491135463967388,0.4910530939009182,0.490966271686464,0.49087467748516866,0.4907784019088624,0.49067697521052495,0.49057033640074454,0.4904583409703774,0.49034084650353443,0.49021666120903123,0.49008665190650735,0.48995097197478815,0.4898068249254845,0.48965802779115924,0.4894987462670755,0.4893328404257264,0.48915908810775255,0.488976809102062,0.4887856104630024,0.4885852002582532,0.48837561151399966,0.4881548707900711,0.48792356276919785,0.4876813313560175,0.4874275992270415,0.48716157810984256,0.486882650742397,0.48659048381213266,0.4862842877208031,0.48596362129363585,0.4856276053337865,0.4852754503005309,0.4849058347820962,0.484519954917405,0.4841140859365597,0.48368951132784355,0.4832448939513094,0.48277903969009084,0.4822913481629238,0.48178359750260885,0.48124472567527093,0.48068425663605885,0.48009559534616053,0.4794798343491437,0.4788350639825355,0.4781596681196058,0.4774522858611485,0.476711389411588,0.4759348202660019,0.47512173233209765,0.4742707220495898,0.4733788996723174,0.4724437669024056,0.4714649504443754,0.4704401272077432,0.46936633602860345,0.46824160081423905,0.46706369618674587,0.46583011947536684,0.4645396039977798,0.4631969991653217,0.4617666423594782,0.460282825054773,0.45872846669853584,0.4570976908988451,0.4553915100055827,0.4536046021878228,0.45173727122420426,0.4497738052860116,0.44771963817789906,0.4455697132277169,0.4433169080376055,0.44095988140316456,0.4384868732920601,0.43589882801746666,0.4331882606175171,0.4303495744618217,0.4273760235236348,0.4242615993671449,0.4209999035869631,0.41758425167206764,0.4140136710444686,0.410257458076558,0.4063321079053981,0.4022464829750001,0.39791612994172476,0.3934047955943881,0.38868212671675006,0.383733771080843,0.3785519812100028,0.37312489594472426,0.36744035503763794,0.36148680914639125,0.35525127015411107,0.3487198550323398,0.34187937012276415,0.33471630960238385,0.3272107456061354,0.31935138577043154,0.3111201182564855,0.3024979439072444,0.2934678237434607,0.28400986048287946,0.2741042803015544,0.2637289695812316,0.25286227797307065,0.24148075802423613,0.22956024745740894,0.21707493440218406,0.20399829218038162,0.19030200616639864,0.17595703914021993,0.1609325881332606
0.22871596595026464,0.4893479985165131,0.4897424076617497,0.49011567518324756,0.49046912481254556,0.4908041269881374,0.4911215797968616,0.49142257576218545,0.4917079717242139,0.4919791215650853,0.4922360194876346,0.49247995314641063,0.49271122575685516,0.49293077660300455,0.4931398566579838,0.49333748137892763,0.4935254995223235,0.4937040529644106,0.49387377124180737,0.49403451361024575,0.4941874818105091,0.4943327365587637,0.4944703850710901,0.49460144163956526,0.49472534383769384,0.4948434043298882,0.49495498746311367,0.49506087525942344,0.4951614873753893,0.49525663390215147,0.49534690175313484,0.4954324002342515,0.4955133782122653,0.4955898664256427,0.4956620107358968,0.49573042389563104,0.49579461916135903,0.49585535333284225,0.4959126646175234,0.4959664623349475,0.4960167931023536,0.4960635994728178,0.4961079063746281,0.4961487307584511,0.4961870199926982,0.49622235110632573,0.49625504754504945,0.4962855218982923,0.49631274198356307,0.4963376553020965,0.49636036319566124,0.49638059169457494,0.49639834814741635,0.49641388482970833,0.4964270880745087,0.4964380307883058,0.496446973678564,0.49645375493029636,0.49645799127461815,0.4964602933283,0.49646034675622847,0.49645842362747916,0.4964542757361875,0.4964479065595884,0.4964394619131733,0.4964286593331073,0.4964158306020219,0.49640070078957726,0.4963833182675091,0.49636348961597915,0.49634138945393946,0.49631736535063287,0.4962901618573124,0.4962606108551304,0.4962285458618252,0.49619405017915247,0.4961566569849394,0.49611692895712545,0.49607347346244485,0.4960275824305346,0.495978584870839,0.4959262123059487,0.495870739944059,0.49581191341040814,0.49574959663595863,0.4956833386817952,0.4956134257057915,0.49553969991464764,0.49546187616630816,0.495379419556474,0.4952927927416646,0.4952016639686758,0.49510534540969037,0.49500419960835035,0.4948976553345904,0.4947857232462544,0.4946681339287263,0.4945445497473658,0.4944146758976331,0.4942782013265063,0.49413518232895287,0.49398493152323925,0.4938270558269677,0.49366140699526323,0.4934878592637175,0.4933056899762793,0.4931145269135375,0.49291439502710516,0.4927040911222982,0.49248376080168316,0.4922527707814833,0.4920107407206619,0.49175696620307985,0.4914912110834638,0.49121224760013793,0.490920125166289,0.49061454202172017,0.49029356452923584,0.48995700533303527,0.4896048475115521,0.4892356557112664,0.488849167350722,0.48844402957971,0.4880195657811598,0.4875749804361567,0.4871097340568672,0.48662120375930856,0.48611003730709573,0.48557449009893267,0.4850135512925735,0.4844257918051811,0.48381031462325713,0.4831655641764945,0.4824899983106265,0.48178288376386935,0.4810415333664127,0.4802655337921861,0.47945263179733366,0.47860083483886423,0.47770861305600987,0.47677424562531506,0.47579585794102175,0.4747705599202814,0.47369680477186127,0.4725722288088311,0.47139440416098605,0.470160604324167,0.4688683576558895,0.4675150741898975,0.4660972435634023,0.4649175167561722,0.46305726818739745,0.4614289139524381,0.4597222777102367,0.45793537925789213,0.4560640428213918,0.4541035763899622,0.45205031902682014,0.44989983526053834,0.44764756520333626,0.44528889151973594,0.4428418209835499,0.44022972542815336,0.4375193219855295,0.43468027501300016,0.43170700771101844,0.4286083870554993,0.4253307925740348,0.42191459992959063,0.4183361927066447,0.4145883523082269,0.4106630751914261,0.4065518956710408,0.40224582963501065,0.3977360991856822,0.3930123630550938,0.38806498750269075,0.3828829964427405,0.377467130767245,0.3717714323904572,0.3658177815213131,0.35958189366562576,0.35305326613970434,0.34621022324220707,0.3390461849016181,0.33154181144363104,0.32368273176357765,0.31545067332685045,0.3068289446109389,0.2977987513165151,0.2883410765884765,0.2784349430155464,0.26806005379975295,0.2571932433192688,0.24581180441875244,0.23389133286915836,0.22140593425466126,0.2083296944742909,0.19463314864988052,0.1802882804966222,0.1652638072974404
0.22219468609395232,0.493225755659699,0.49363722226574586,0.49402694812409076,0.49439596439720374,0.49474563680575356,0.4950766754292384,0.49539115861530203,0.49568872639535727,0.49597098540283974,0.4962391127558398,0.4964930663392725,0.4967339566948935,0.4969627238755288,0.4971802743297653,0.4973863815444037,0.4975824533311452,0.4977678638939794,0.497944424189087,0.49811209829913355,0.49827121317080275,0.49842226129937417,0.4985658588171485,0.4987023293908859,0.49883169418625856,0.49895391237725295,0.49907054881243473,0.4991805598938091,0.49928541420378736,0.4993847126400675,0.4994787444873162,0.49956819106183276,0.4996520641003258,0.4997316302398812,0.4998069307135485,0.4998781646453566,0.49994534583975847,0.5000086737052778,0.5000683065028569,0.5001244444215455,0.5001770169723416,0.5002262618218601,0.5002725422150587,0.5003155349488947,0.5003559013001525,0.5003928503186718,0.5004272457819823,0.50045896510106,0.500488154172496,0.5005146413928416,0.5005384646205178,0.5005600315382518,0.5005791605861861,0.5005993858104758,0.5006102735457855,0.5006226469122959,0.5006326188840012,0.5006399596696829,0.5006454967022125,0.5006485760282082,0.500649699330536,0.5006484618083432,0.5006451877147855,0.5006394942444499,0.500631836557949,0.500621687455775,0.5006095417327084,0.5005950018286043,0.5005783724204353,0.5005590743616959,0.5005376612958465,0.500513680447152,0.5004874608526648,0.5004581592739583,0.5004270362424637,0.5003925754333344,0.5003554730415418,0.5003157635627055,0.5002731632786087,0.50022759807674,0.5001789043547433,0.5001269113201835,0.5000717672051921,0.5000131746955001,0.4999514730341087,0.4998852212529264,0.4998160149306602,0.4997422171014707,0.49966437927750124,0.4995824270560185,0.4994959942334686,0.4994047649736968,0.4993089538195273,0.4992079042347601,0.4991014856910404,0.4989901889903899,0.49887234402648145,0.4987489815975235,0.49861909432732543,0.4984829220997839,0.4983399810491605,0.4981896195673537,0.4980319246453356,0.49786670037962094,0.4976934784249314,0.4975109748603205,0.49731989068219384,0.4971197372762835,0.4969096795275607,0.4966894122487269,0.4964586863413097,0.49621665302309387,0.49596296383666494,0.4956970456215402,0.4954185752532462,0.4951262010119577,0.49482227590835004,0.4944994406827868,0.4941675769713721,0.4938111314603306,0.4934421248750643,0.49305568262470706,0.4926505466733494,0.49222631957641694,0.4917816768586694,0.4913176398562622,0.4908285532489541,0.4903168644962998,0.4897813224533289,0.4892209684184089,0.4886330204083694,0.48801727612725515,0.4873724575301651,0.4866969703137291,0.4859895075771845,0.48524854493163677,0.4844723186963555,0.4836611027382717,0.48280791494121206,0.4819158028871111,0.4809814082742096,0.4800028909318237,0.47897775627827754,0.47790405059552155,0.47677946703755325,0.4756019373427813,0.4743703917613629,0.4730773675160572,0.47172217931163224,0.47030560888823825,0.4688203127196795,0.4672651360630766,0.4656359179058781,0.46392979559327036,0.46214276483109634,0.4602712462050055,0.4583108294685207,0.4562577396380614,0.4541076394109387,0.4518549926990588,0.4494969030540664,0.4470252029300665,0.44443992640839997,0.4417283413941869,0.43888775817816833,0.4359143552575758,0.4328007446505816,0.42954057525053685,0.42612270805633995,0.4225436203218208,0.418795817412312,0.4148707102817968,0.4107593691069773,0.4064532556184386,0.40194612416651176,0.3972452035703864,0.39227238104248224,0.38709341280032783,0.38166327831129737,0.37597888594002626,0.37002521897065627,0.363789286110098,0.35731048861864667,0.35041781403512395,0.3432532560357042,0.3359392908416572,0.3278953752145589,0.3196608781219576,0.31103644563021304,0.30200627713348727,0.29254855613636,0.2826456156142262,0.27227114072294256,0.2615485111015185,0.2500527216035399,0.23809867662338685,0.2256193616419392,0.2125369909731138,0.1988689233278424,0.1844957948173354,0.1694791835360263
0.21585934468224163,0.49697172920942756,0.4974015995422041,0.49780808982885855,0.49819311388627896,0.4985584741198618,0.4989035243452998,0.4992308309162787,0.4995412369046591,0.49983547298815445,0.5001146707095593,0.5003794822607733,0.5006306203914289,0.5008690629473965,0.5010952892321145,0.501309898141517,0.5015137409319801,0.5017073020183628,0.5018910970613344,0.502065502863113,0.5022311005512091,0.5023886529942314,0.5025377641130786,0.502679486221731,0.5028140000293385,0.502941653092305,0.5030627475757401,0.5031776920055603,0.5032866411490025,0.5033900239755251,0.503488086275829,0.5035807989937302,0.5036684043447043,0.5037514352698823,0.5038299418421923,0.5039043093494409,0.5039743122914171,0.5040405742951819,0.5041026700560347,0.5041613923995053,0.5042162619654137,0.5042678672503813,0.5043162212962253,0.5043611620456158,0.5044031842920739,0.5044427769931157,0.504478536998643,0.5045118030233404,0.5045427772058608,0.5045705380909136,0.5045958928671976,0.5046188324280327,0.5046391985963348,0.5046572883401321,0.5046729487706327,0.5046861648309421,0.5046973188868924,0.5047059808397173,0.5047122379173988,0.5047168201839453,0.5047185137861884,0.5047180584375588,0.5047158162636839,0.5047108857198981,0.5047036624532114,0.5046943723004801,0.5046829321018931,0.5046691143869939,0.5046527838699189,0.5046342550377493,0.5046132418642794,0.5045899907152726,0.5045639236893404,0.5045356178323336,0.5045048589225998,0.5044707562490439,0.5044344160871731,0.5043948774433519,0.5043525605047753,0.5043073323901397,0.5042591060632179,0.5042074433044234,0.5041526089912204,0.5040943592880299,0.5040324614988316,0.5039669135817942,0.5038975249056129,0.5038243665220905,0.5037468436082213,0.503665190032288,0.5035788265020192,0.5034879386827824,0.5033920685443595,0.5032914142004518,0.5031854385703425,0.5030737425873093,0.5029563494636831,0.5028332992860485,0.5027035335697005,0.5025674114708766,0.5024243979907219,0.5022743701558481,0.5021173233958062,0.5019515411128752,0.5017781317188682,0.5015964887164962,0.5014055334090136,0.501205124693966,0.5009955031660829,0.5007753163161387,0.5005444103750225,0.5003026157244754,0.5000490279025521,0.4997830700787234,0.49950435521566316,0.4992126961814993,0.4989069771811194,0.4985857483756742,0.4982496726540931,0.49789754260644625,0.4975288170842211,0.4971422432788995,0.49673705998228646,0.4963130715746312,0.4958681495538266,0.4954026554110905,0.49491661652375835,0.4944034848246159,0.4938682345149575,0.4933071520298451,0.4927195201615032,0.4921053682866831,0.49145937271544093,0.4907840445162947,0.4900765803263848,0.48933588274344425,0.48855944563524206,0.48774652201064317,0.4868949213269946,0.4860029789757745,0.485068666794718,0.48408999016848375,0.48306493927736593,0.4819935154847109,0.48086689436869157,0.479688824860321,0.4784552758763437,0.4771629262793293,0.4758094053320661,0.4743919567404232,0.47290709963424593,0.47135191205049587,0.46972308945380226,0.4680175499090731,0.46623070127502014,0.464358733462943,0.4624346954752469,0.46034611658357383,0.4581946746844783,0.45594817211249095,0.4535856801548458,0.4511126649446732,0.44852465138817527,0.44581424149937005,0.44297546168220253,0.44000187213109865,0.436887516125154,0.4336515285445515,0.4302091983519621,0.42663119684498263,0.42288361590021284,0.418958001966947,0.4148473918862329,0.41054085300549803,0.4060309119903551,0.4013072690046223,0.39635986081684155,0.391178020474086,0.38575210165847257,0.38006689417615047,0.3741126648145628,0.3678823966922373,0.36134601374156283,0.35450538604495396,0.34734079543656415,0.3398370080380735,0.3319774031424565,0.3237459642741712,0.31512405489906914,0.3060940236085262,0.29663614501085656,0.2867306781150061,0.2763749599847285,0.26556343383357456,0.2541100908762384,0.24218901046325397,0.22970134955338894,0.21662475546000154,0.20292815968405747,0.18858343108570658,0.1735586945614349
0.20970464013232323,0.500588487213563,0.5010374930531645,0.5014618829859632,0.5018637613962883,0.50224458590728,0.5026044324657465,0.5029459062538069,0.5032694645565557,0.5035762643982553,0.5038669816671163,0.5041426954952304,0.5044045876536524,0.5046528273827501,0.5048883477379422,0.5051117558787883,0.5053239326740081,0.5055255919251872,0.5057167674393497,0.5058981855185771,0.5060707597325724,0.5062341337946303,0.5063895000891483,0.5065374128764121,0.5066771642855209,0.50680994082626,0.5069362238806359,0.5070555613469181,0.5071692575338159,0.50727644270954,0.5073783810735323,0.507475287822399,0.5075662884902888,0.5076530705389397,0.5077347352404326,0.5078119306963763,0.5078849157068902,0.5079537995065413,0.5080186560642977,0.5080798386984351,0.5081372370726204,0.5081913072190177,0.5082416210487771,0.5082890967642222,0.5083328904234352,0.5083740972053576,0.5084119721308525,0.5084470186123355,0.508479308329075,0.5085089947294013,0.5085363841942572,0.5085604807945521,0.5085823685410021,0.508601398886064,0.5086181803470783,0.508632871854574,0.5086447510092887,0.5086552758158449,0.5086621037710312,0.5086671958265931,0.5086700007173205,0.5086705569301283,0.508668920982794,0.5086648738454956,0.5086586696245537,0.5086502601024806,0.5086395625681595,0.5086263403999739,0.5086105215825077,0.5085926071167415,0.5085722462231005,0.5085494638371861,0.5085240660295368,0.5084959239050744,0.5084653950639407,0.5084320902876683,0.5083961714730855,0.5083571980662097,0.5083153372697122,0.5082704735326353,0.5082225926459886,0.5081713607889776,0.5081167664051722,0.5080588460007777,0.5079974226533622,0.5079320356958691,0.5078631286377148,0.5077898748317596,0.5077128207949919,0.50763109382183,0.5075450969264503,0.5074543771837919,0.5073588453996953,0.5072583477218632,0.5071526442848092,0.5070409711124845,0.5069239255765486,0.5068006876619279,0.5066713924204385,0.5065353339409024,0.5063925755136075,0.5062428469939666,0.5060853495498217,0.5059202458454751,0.5057467347723229,0.5055649515537927,0.5053741180380873,0.505174137589827,0.5049643057979538,0.5047442781892179,0.5045139136155468,0.5042716991276832,0.5040187613119171,0.5037524541094972,0.5034739781591832,0.5031825421151604,0.5028763083547533,0.5025553795499633,0.5022196040638709,0.5018677114562582,0.5014985038893093,0.501112387732856,0.500707053668335,0.5002828021806465,0.49983846378093894,0.4993728155828101,0.49888476306173285,0.498373669951416,0.49783822692111496,0.49727746651991345,0.49668998440057244,0.4960745913519687,0.4954297669644684,0.4947545655245554,0.4940489190369034,0.49330611275303454,0.4925299538764613,0.49171720310211187,0.49086914676137944,0.4899736471764813,0.4890397284900219,0.4880607225033389,0.4870356314690403,0.4859626748029906,0.484837377384975,0.48365950849028677,0.48242581771470755,0.4811340259932587,0.4797807337996442,0.4783626812770828,0.4768779239043822,0.47532680051532217,0.4736940107225127,0.47198778318718354,0.4702009655619696,0.4683293343735264,0.46637008223286697,0.4643360017483704,0.4621656837874206,0.4599134733804585,0.4575542483179218,0.45508343875694196,0.4524955593678656,0.4497850656059244,0.4469466412457586,0.44397290976339876,0.4408585573814948,0.4375969558865353,0.43418396663297726,0.4306021121598066,0.42685476494115804,0.42293312790980886,0.41881876502440674,0.4145117723839533,0.4100339937231765,0.40527849176055275,0.40033106400954194,0.39514943645040035,0.3900184837875195,0.38403731575000244,0.37809190362610284,0.37184788530617274,0.36531711070120887,0.3584763422893439,0.3513118208387238,0.34380791726521487,0.3359485791584641,0.3277170360853853,0.31909917938731225,0.31006540160623464,0.30060708738885966,0.2907018690961307,0.28032611781093264,0.2694594362262403,0.25807795528517236,0.2461574732642116,0.2336734303581428,0.22059588213418108,0.20689914257116565,0.19265391427769935,0.1776998207725614
0.2037254220231357,0.5040790637594542,0.5045478821747301,0.5049911860054334,0.5054106114973187,0.5058070139029693,0.5061828170324643,0.5065387597268434,0.5068760401977023,0.5071955452152055,0.5074985017408847,0.5077859902514699,0.5080584213418566,0.5083167682662755,0.5085619960418986,0.5087947242534662,0.5090156033235872,0.5092254652375594,0.5094241701778298,0.5096136436701927,0.5097925084630901,0.509962929252737,0.5101245216908658,0.5102794749882811,0.5104237022555388,0.510561739513225,0.5106933051668446,0.5108171875625851,0.510935171788376,0.5110470152198031,0.5111530371083314,0.5112536422749929,0.5113486577691364,0.5114386680912756,0.5115238610724122,0.511604565114618,0.5116805042329571,0.5117524528344382,0.5118204075946399,0.5118840922489128,0.511944217404587,0.5120002829698415,0.512052979954942,0.5121023427829255,0.5121482307564588,0.5121913268143824,0.5122313302001078,0.5122681282861337,0.5123024430161857,0.5123333320169594,0.5123618062349924,0.5123877388933017,0.5124108477699881,0.5124314222200921,0.5124495984176013,0.5124654305531298,0.5124785911524762,0.5124895172672521,0.5124979416662623,0.5125041514862922,0.5125079270657247,0.5125093473025547,0.5125086462330173,0.5125057296922573,0.5124999755108792,0.5124923895638875,0.5124821116013579,0.5124697953104529,0.5124546595066877,0.5124375291282255,0.5124174774396413,0.5123953355728587,0.5123703942096385,0.512343230770133,0.5123129125981447,0.5122800298962474,0.5122448036462213,0.512205982353474,0.5121646802396446,0.5121202310614276,0.5120726432001705,0.5120218226884973,0.5119676459280967,0.5119098457810058,0.5118487667478971,0.5117836591338054,0.5117149265368631,0.5116422627697732,0.5115651439941277,0.5114839500573838,0.5113982281102415,0.5113075798153768,0.5112125557851562,0.5111120411728668,0.5110066084369719,0.5108948944177651,0.5107780316761739,0.5106551291299505,0.5105257280295987,0.5103899254397017,0.5102473479002791,0.510097680967144,0.5099402465639765,0.5097757326426339,0.5096022168317145,0.5094204197009792,0.5092297603639957,0.5090297298234111,0.5088201320458821,0.5086003586091836,0.5083699274316119,0.5081278153008532,0.5078748636071064,0.5076088552768067,0.5073303216789152,0.5070387482536016,0.5067324415512797,0.5064119618261126,0.5060764127035916,0.5057241513498867,0.5053551817301581,0.504968763611541,0.5045640013778042,0.5041397459021806,0.5036952982272453,0.5032295685339891,0.5027417221782474,0.5022308898738935,0.5016953524205833,0.5011346918739769,0.500547083248377,0.49993168488290424,0.4992870306702514,0.49861286432266433,0.4979043243956174,0.49716353963067256,0.4963874983913143,0.4955743941151066,0.4947227549480295,0.4938309006774957,0.49289668549566373,0.4919179542738339,0.49089314638876447,0.48981940222670917,0.48869496041511573,0.4875170822804406,0.48628334671289136,0.4849912624023701,0.48363782124872495,0.4822204316237704,0.480735431544731,0.4791822293978161,0.47755161910734356,0.47584560913946666,0.4740588178388199,0.47218728522576037,0.47022695525416264,0.4681747647050336,0.46602324436051834,0.4637709810044891,0.46141186761389796,0.45894128150295116,0.45635330932346435,0.4536551648440173,0.45080409241685687,0.44783095296186703,0.4447161589897243,0.44146180812289965,0.4380382568695487,0.4344598089125081,0.4307120770028495,0.4268279733231035,0.42267715888650526,0.4183717750039224,0.4138601374888894,0.4091360233098209,0.4041886784683966,0.39900697795668694,0.3935796915931273,0.3878952014427889,0.3819416264109918,0.3757058239224462,0.36917462647474597,0.3623363967502218,0.3551698627638922,0.34766583914885163,0.33980638465712165,0.3315754080296542,0.32295427743485194,0.3139237973481468,0.30446663367229865,0.2945757041743394,0.2841930293719026,0.2733196309881422,0.2619363235218763,0.2500168682907978,0.23752996940362558,0.224453230980786,0.2107570679918464,0.19641212303710215,0.18138776380224853
0.19791668678535568,0.5074460469304297,0.507935579119789,0.5083983210523023,0.5088359741667775,0.5092500460433219,0.5096414154336057,0.5100125122610767,0.5103639785055519,0.5106969338370945,0.5110124959757921,0.5113117080041688,0.5115954822902852,0.5118645402872231,0.5121198190765284,0.5123621613534816,0.5125923662935056,0.5128101975998153,0.5130170430524275,0.5132135594261292,0.5134002158258715,0.5135772353423865,0.5137453619421626,0.5139051347538633,0.5140564945987793,0.5142000236620569,0.514337080346987,0.5144664106593567,0.5145885449970286,0.5147048607718613,0.5148152891626357,0.514919711025645,0.5150187767482405,0.5151126164094941,0.515201178689977,0.5152853429194696,0.515364243373554,0.5154392068265838,0.5155096261592045,0.5155760375589014,0.5156385852226577,0.5156974121012562,0.5157524563755707,0.5158041159243044,0.5158526634875782,0.5158974777187275,0.5159391960052319,0.5159783030220348,0.5160137608437196,0.5160466916006756,0.5160769344167043,0.5161039565462997,0.5161287395868768,0.516150829067448,0.5161701067947929,0.5161870895945714,0.5162015948024238,0.5162137136345025,0.5162231642184768,0.516230494623563,0.5162352450911052,0.5162378219966682,0.5162376910443812,0.5162355044117212,0.5162309724891911,0.5162239755666677,0.5162144935026136,0.5162025520333188,0.5161883265982652,0.5161718810322814,0.5161527560882929,0.5161309205941469,0.5161065633599337,0.5160797146983228,0.5160501822983077,0.5160177546817784,0.5159826060305708,0.515944530326392,0.5159036221066001,0.5158596032244339,0.5158123256822635,0.5157619831002711,0.5157079245359507,0.5156510558725494,0.515589777209421,0.5155252114112459,0.5154566232317933,0.5153841335084867,0.5153074009493286,0.5152264258333152,0.5151408701172371,0.5150505716163085,0.514955538025905,0.5148553192598025,0.5147499207062117,0.5146388381002983,0.5145221982145485,0.5143992791680102,0.5142701162508542,0.5141345776957398,0.5139922415415281,0.5138424092657783,0.5136852991547557,0.513520467956868,0.513347473387268,0.513165862930004,0.5129752432675624,0.5127753886674534,0.5125660939755136,0.512346369037276,0.5121157069712441,0.5118737990234428,0.511620464725888,0.5113549076622865,0.5110764694108493,0.510784702954915,0.5104789844927021,0.5101584076738594,0.5098225659783931,0.5094706903222681,0.5091019805109233,0.5087157055691329,0.5083106735998578,0.5078863997515409,0.5074421747075926,0.506976543081708,0.5064887501324756,0.505977692481371,0.5054424557966549,0.5048817301643889,0.5042941942450947,0.5036789408197417,0.5030342152058147,0.5023590895080519,0.5016515896326728,0.5009111567057584,0.500134854185546,0.4993216660831509,0.4984727067762757,0.4975793278835897,0.49664418121282644,0.4956654582995689,0.4946405365139819,0.4935669714719233,0.4924425498985363,0.4912688994578219,0.49003113961303585,0.48873872180556455,0.4873853398049995,0.4859682240506571,0.4844831002560568,0.48292799081380056,0.48129968483692365,0.4795936538879391,0.47780633419862245,0.47593479998042365,0.4739746401363804,0.4719213621890034,0.46977113864589404,0.4675187058822762,0.46516219342304066,0.46268916609192895,0.4601012511949521,0.45739723332682286,0.45455183290353046,0.4515800727761613,0.44846398771539786,0.4452024997979201,0.44178576121561014,0.4382109017909317,0.43446031759283044,0.43053471489273853,0.4264237868092824,0.4221175025205659,0.4176074643648946,0.4128874567129285,0.40793644281758884,0.4027546294421328,0.3973284222425975,0.3916430012014439,0.38568927878482123,0.3794536425046059,0.372922520888193,0.36608209920173873,0.35891769583231103,0.351413639494209,0.3435591404472028,0.33532252879126284,0.3267027516166715,0.3176706896768977,0.3082128373212568,0.29830705223704124,0.28793197138984794,0.2770652706700895,0.26568574081522783,0.2537642872032136,0.24127795663699914,0.22820130045648884,0.21450865185282392,0.20016001825954793,0.1851354990070868
0.19227357351427748,0.5106919987784498,0.5112032238407138,0.5116862660676265,0.5121430542101173,0.5125743459944696,0.5129829078700234,0.5133696692954001,0.513735920370507,0.5140829451350677,0.5144116213168278,0.5147231601045021,0.515018865137509,0.5152987552211734,0.5155643524753859,0.5158167441330189,0.5160557817029545,0.516282484391395,0.51649793925225,0.5167022637606729,0.5168963737643167,0.5170809171662123,0.5172554312616473,0.5174212272706089,0.5175790681966336,0.5177281269456436,0.5178702622891898,0.5180045475648647,0.5181321225314188,0.5182532581410192,0.5183680611330548,0.5184768946214213,0.518579709993174,0.5186770434333398,0.5187694186743925,0.5188568221536299,0.518939275631704,0.5190170969802104,0.5190905652841613,0.519160168941665,0.5192251077417636,0.5192865611276704,0.5193446652526207,0.5193979119471644,0.5194482961394626,0.5194954790262909,0.5195394725345671,0.5195798404754773,0.5196174549965271,0.519652206660286,0.5196839450857604,0.5197126479714066,0.5197390081684435,0.5197623218870356,0.5197833058024839,0.5198013736267286,0.5198174083743884,0.5198302443923238,0.5198411371415402,0.5198491260368018,0.5198552359681099,0.5198584767338444,0.5198595333669247,0.5198582090392039,0.519854287943423,0.5198481830461579,0.5198395065925773,0.5198285484641288,0.5198149023112503,0.5197990341466935,0.5197803098016133,0.5197595280666394,0.5197356745593712,0.5197091837868064,0.5196801729370345,0.5196483681272368,0.519613589169782,0.519576316996451,0.51953546868494,0.5194925902758352,0.5194451918249239,0.5193949246938453,0.5193415956819776,0.5192844790480775,0.5192238740907763,0.5191595436902761,0.5190914853973673,0.5190192270880483,0.5189428277073566,0.518862315627971,0.5187767906388008,0.5186869044562105,0.518591949936107,0.5184922317143067,0.5183868480379621,0.5182757993368586,0.5181591364297976,0.5180365701561667,0.517907631661952,0.517772601287675,0.5176344923756708,0.5174814747569153,0.517323562099909,0.5171588803231194,0.5169858316222604,0.5168041401276715,0.5166142815181998,0.5164142007646662,0.5162044985065095,0.515985028213755,0.5157547657815144,0.5155128699662186,0.5152595519634992,0.5149941165115087,0.5147159011815567,0.5144241134714712,0.5141184657887822,0.5137980797572379,0.5134621873130657,0.5131103544309906,0.5127425129270038,0.5123562171935314,0.5119506196017071,0.5115264697249835,0.511082112941983,0.5106170893805316,0.5101288281214176,0.5096179809924886,0.5090830906558867,0.5085221373789285,0.5079344691129584,0.507319150184997,0.5066745677055168,0.5059992718419952,0.5052920934591564,0.5045518821051967,0.5037751114734591,0.5029621350431596,0.5021118002862632,0.5012195001277269,0.5002844960092516,0.4993061062037989,0.4982812585746397,0.4972076500593897,0.49608314422110966,0.49490546199599655,0.4936716052111199,0.4923795910294164,0.491027390688712,0.48960884499299073,0.48812397051428136,0.48656877892691064,0.4849400823286446,0.4832340092829322,0.4814473043333784,0.47957563522360236,0.47761549373361173,0.4755629510073529,0.47341246959276106,0.47115963930639315,0.4688006812700526,0.4663299485394236,0.46374199445842706,0.4610317043666689,0.4581926389134418,0.45523575421432216,0.45210565769383615,0.44884347353065795,0.4454268675150049,0.4418488268770142,0.43810516773873465,0.4341763529469451,0.43006437392928965,2.0,0.4212484140671324,0.4165249219966053,0.41157794200909076,0.4063986446452187,0.4009687095724797,0.3952839843408362,0.38933053312781024,0.38309630335300504,0.3765639465228344,0.36972446698158123,0.3625585773343988,0.35505501753415303,0.347195428568969,0.3390176299878393,0.3303417705093158,0.32131190512464924,0.31185385191778137,0.3019480101009129,0.2915727451424307,0.2807064424282207,0.2693262362488877,0.257405814530451,0.24491895205213132,0.23187140081549035,0.21814598586438766,0.20380340569076844,0.1887766817926656
0.18679135990207824,0.513819344473959,0.5143533187855912,0.5148575861829555,0.5153340343195834,0.5157844407490468,0.5162104605742819,0.5166135699254304,0.5169951544660375,0.5173562921018406,0.5176986943080132,0.518023060022792,0.518330733700918,0.5186225572169436,0.5188986410489937,0.5191611159454484,0.5194097430426882,0.5196458347312487,0.5198697381594334,0.5200823547461003,0.5202844092926322,0.5204756115323041,0.520657282432195,0.5208298899572747,0.5209935077749831,0.5211489986783687,0.5212963825938731,0.5214361933800615,0.521568817986679,0.5216946771415226,0.5218139545715311,0.521927067576966,0.5220343025192089,0.5221356842156705,0.5222315969838802,0.5223225496231666,0.522408411525878,0.5224893866147524,0.5225660625024221,0.522638149723576,0.5227060413108762,0.5227699911094524,0.5228301962600541,0.5228863871741062,0.5229390938842761,0.5229883079034746,0.5230341947719448,0.523077067755207,0.5231162609250116,0.5231531693643443,0.5231862808510994,0.5232166849302645,0.523244430408527,0.5232692413391824,0.5232915810993067,0.5233110482664334,0.5233281108359545,0.5233423996756483,0.5233543145114641,0.5233637512197216,0.5233706223817787,0.5233751258089124,0.5233767837468584,0.5233763727593754,0.523373464103575,0.5233680816889201,0.5233605605848047,0.5233498794425988,0.523337179058361,0.5233217307632507,0.5233039263659862,0.5232836545046787,0.5232604848991205,0.5232347053598752,0.5232061649592197,0.5231749007751586,0.52314066001497,0.5231034791643784,0.5230634431681717,0.5230202927156148,0.5229738126927763,0.5229240828468763,0.5228711111564089,0.5228144198040077,0.5227541666185874,0.5226900339251075,0.5226223557086752,0.5225502178325068,0.5224741821019899,0.5223936663136901,0.522308712345345,0.5222188202201599,0.5221243193498811,0.5220244506820214,0.5219194782165172,0.5218088175529809,0.5216923947373198,0.521570042103013,0.5214412533233892,0.5213060108238405,0.5211638434628745,0.52101437387852,0.5208576151394434,0.5206929992401849,0.5205201597038844,0.5203389365353256,0.5201486105925099,0.5199490888492634,0.5197400640517726,0.5195198458727202,0.5192895727623837,0.5190483494842101,0.5187952021137596,0.5185299307213621,0.5182513414019069,0.5179598387494917,0.5176540544612327,0.5173338456713988,0.5169983201942726,0.5166464153558568,0.5162777158543798,0.5158914911502588,0.5154866472358101,0.515062557001041,0.514618376543708,0.5141527981390674,0.5136651377509432,0.5131541275908514,0.5126193277906014,0.5120585716407914,0.5114708942136367,0.5108556123832872,0.5102110708829007,0.5095358394245834,0.5088290299679723,0.5080877129619972,0.5073117938554832,0.5064997302487418,0.5056480308468336,0.5047561048368767,0.5038213233362394,0.5028429706366015,0.5018188569029076,0.5007507484357644,0.4996204460582413,0.498442282066563,0.4972285818267764,0.4959168083486746,0.4945630277220244,0.4931459709634194,0.4916609768714768,0.4901057053855291,0.4884814466107886,0.486773250509592,0.4850125955259624,0.48311314322445276,0.4811545007321946,0.47909932741145944,0.47694888861465135,0.47469800752856084,0.47233794314800537,0.4698672716474876,0.4672790280272309,0.46456860710412556,0.46172966546598265,0.45875676233221496,0.45564336966449515,0.45238022703778197,0.44896902926247,0.4453859139798616,0.4416399948607762,0.4377128991068078,0.4336016307778141,0.4292955944353243,0.42480283923667994,0.4200620373572843,0.4151156679776054,0.409932945630636,0.40450627389452726,0.3988211662990985,0.3928674932272131,0.3866317851840897,0.3801015648849777,0.37326031241476976,0.36610064985894564,0.3585949354359499,0.35073252792822174,0.3425023067291017,0.3338792480007353,0.3248488838517669,0.3155890437304939,0.3054855086755218,0.2951102466770752,0.2842436154636631,0.2728619829945868,0.2609489747924401,0.24845626928245934,2.0,0.22168400021575602,0.2073383548288979,0.19231415085271997
0.18146545828606472,0.51683043267316,0.5173879234431775,0.5179141296496301,0.5184112143102517,0.5188809094061544,0.5193252201282075,0.5197453855537674,0.5201431255953577,0.5205194947408514,0.5208761518579575,0.5212140703369242,0.5215340372634725,0.5218375952915721,0.522125200788314,0.5223982548026018,0.5226568446174865,0.5229023939787698,0.5231354219273197,0.5233565233566398,0.5235661602102608,0.5237653206199854,0.5239545069769418,0.5241336107026754,0.5243035715011347,0.5244651649279135,0.5246183617922384,0.5247636100743193,0.5249017149840135,0.5250324569612397,0.525156306863232,0.5252741119941988,0.5253855027432988,0.5254907229813458,0.5255906578966351,0.5256851934044817,0.5257745070783364,0.5258588414343014,0.5259385233814681,0.5260136787342895,0.5260845246852868,0.5261516013557594,0.5262138178853241,0.5262729162121322,0.526327716248132,0.5263790790795563,0.526427070081131,0.5264717368667039,0.5265133182526501,0.5265514894616243,0.5265865808988921,0.5266187118139833,0.5266481739413178,0.5266744089077425,0.5266980012557532,0.5267191430783925,0.5267373278447617,0.5267528430403237,0.5267659236753626,0.5267766654465548,0.5267843710465836,0.5267900876449801,0.5267928543790795,0.5267931965114059,0.526791262109252,0.526786918727394,0.5267796492851411,0.5267700899221128,0.5267580924446035,0.5267435865787907,0.5267263644902945,0.5267065194501768,0.5266839061042249,0.5266591033481646,0.5266309705920517,0.526600071766269,0.5265667041635018,0.5265298173807431,0.5264902356544896,0.5264474505882689,0.5264013877329669,0.5263520076862754,0.5262997502865685,0.5262430392418789,0.5261831857689394,0.5261206885256184,0.526052473082455,0.5259805376054252,0.525904605292595,0.5258242732056928,0.5257395042834522,0.525650021683313,0.5255557823309127,0.52545606819407,0.5253512507798034,0.5252410230099904,0.5251246918291992,0.5250024624533113,0.5248737604235426,0.5247389431089011,0.5245969603229392,0.5244476047700003,0.5242910285612975,0.5241265285721923,0.5239537105376526,0.5237725999301982,0.5235824020007024,0.523382879403978,0.5231736869592192,0.5229542659832713,0.5227239406196919,0.5224825758938412,0.5222299951119057,0.5219642186917437,0.5216861626793973,0.5213949077568885,0.5210889048617693,0.5207688182744872,0.5204329843857783,0.5200814377542936,0.5197126615967509,0.5193265416104689,0.5189219431675562,0.518498057380958,0.5180551794021313,0.5175881155693286,0.517100810215497,0.5165897334968139,0.5160546177087771,0.5154939754361971,0.5149065352426236,0.5142913105348863,0.5136467278115804,0.5129750042196624,0.5122649556806345,0.5115238075178122,0.5107477539685624,0.5099346639777995,0.5090831817277353,0.5081914260999062,0.5072583482204832,0.506278853251643,0.5052540085260975,0.504180459763507,0.5030559608616115,0.5018783394594091,0.5006446356423858,0.49935251502769173,0.497999160226906,0.4965816340842807,0.4950970190141324,0.49354189278900285,0.49191308915489573,0.49020874481435933,0.48842038731966614,0.4865499247365307,0.48458881823920213,0.48253641409582526,0.4803851241729572,0.47814689318083925,0.47577427211061385,0.4733145042216013,0.47071557251235546,0.4680062677001932,0.4651661533726635,0.4621937888330103,0.45907851358656293,0.45581648112639933,0.4524002361793796,0.448823423668525,0.44507435283897223,0.44114929275097525,0.437037909327496,0.4327319373439318,0.4282220515830951,0.42349831030348684,0.4185512520318199,0.41336987773155476,0.40794198003614907,0.4022578969527224,0.39630416571370425,0.3900695108878509,0.3835371481994704,0.37669665546975617,0.3695327403631472,0.3620491198198841,0.3541690170213967,0.34593715549494114,0.3373155092378388,0.3282857245431019,0.31887041634755375,0.3089217205102214,0.29854648842040665,0.28768096193693377,0.27630002589099384,0.26437780819092443,0.25189286960819124,0.23881591605668134,0.22512007290074737,0.2107752511006739,0.19575203610704184
0.17629141180959476,0.5197272126193414,0.5203092694559669,0.5208586201541984,0.5213772142313025,0.5218674529035499,0.5223306384446225,0.5227685309147634,0.523183299828735,0.5235752522369814,0.5239466297145771,0.5242986382887813,0.5246317497711661,0.5249474000684213,0.5252469205571058,0.5255305824834838,0.5257998196381405,0.5260551565838159,0.5262973109177579,0.5265273493671968,0.5267452231362364,0.5269522404761424,0.527148733806542,0.5273350757016728,0.5275118913488249,0.5276794998396647,0.5278387170434043,0.5279900905812118,0.5281330520731714,0.5282690072414965,0.5283980757634533,0.5285200587112442,0.5286362714179866,0.52874567213579,0.5288493769591089,0.5289475515512915,0.5290407106044785,0.5291285395354053,0.5292112513192019,0.5292897001984379,0.5293632633536394,0.529432655305408,0.5294979626122527,0.5295594233126034,0.5296167957176866,0.5296705626604788,0.5297207225912375,0.5297674188947148,0.5298108453460745,0.5298509406908234,0.5298879356061723,0.5299218593165688,0.5299526377382721,0.5299808138078814,0.5300058743421613,0.5300283209200625,0.5300478442712419,0.5300647500818705,0.5300790406291589,0.5300905903188207,0.5300999207405461,0.5301063027507916,0.5301103290793419,0.5301115884321661,0.5301107141298809,0.5301070028721904,0.5301007440213835,0.5300919302275477,0.5300806273343244,0.5300667287391589,0.5300502896263288,0.5300311708467945,0.5300092177570708,0.5299846582190384,0.5299573859182325,0.5299271525710675,0.5298940702957826,0.5298577509521548,0.5298187076317525,0.5297762649355279,0.5297307790247661,0.5296821800835813,0.5296295108141583,0.529573589411179,0.5295140745336954,0.5294508413171153,0.5293836247361735,0.5293122248267308,0.529236944069963,0.5291569928917133,0.5290727275841131,0.5289831433478351,0.5288889295499705,0.5287896242736095,0.528684984814258,0.5285762239207159,0.5284588490863331,0.5283368001899423,0.5282083745002972,0.5280736417716407,0.5279315406191012,0.5277827694092763,0.5276263361212289,0.5274618105037906,0.5272892032643954,0.5271085586900036,0.5269182490235926,0.5267188347848545,0.5265095753092597,0.5262903219488866,0.526060102827434,0.5258188391671589,0.5255659569111679,0.5253006993653325,0.5250227324609315,0.524731135138335,0.5244256856480123,0.5241054547720702,0.5237726185615116,0.5234182499860924,0.5230497519469947,0.5226636957312916,0.5222590523286564,0.5218350162159631,0.5213908990013691,0.5209255657825631,0.5204381737928044,0.5199271806588365,0.519391928697963,0.5188315277134196,0.5182440215005314,0.5176288826740756,0.5169843623515286,0.5163093215980256,0.5156021373427582,0.5148612612354766,0.5140854025075727,0.5132725535914925,0.5124211652907704,0.5115298483254636,0.5105951773012247,0.5096169023771888,0.5085918833675971,0.5075185011499227,0.5063939885008965,0.505216185645454,0.5039827464784224,0.5026906359537618,0.5013373338964878,0.49992069682018503,0.4984351395912501,0.4968802861017507,0.49525150588683176,0.4935453909976179,0.49175855584064393,0.4898870862682,0.48792680727876186,0.48587386005005717,0.4837236207529785,0.4814711884428894,0.4791121573238285,0.4766420189206048,0.4740551936901622,0.4713474916644898,0.4685042208650024,0.4655309399501836,0.46241668343683273,0.45915489303839624,0.4557399457153882,0.4521604994517471,0.44841275716918194,0.4444875341875032,0.44037716069281085,0.4360703672689503,0.43156030411227364,0.42683682298404824,0.4218893964359663,0.4167611941773164,0.41128037323025096,0.4055959392069607,0.39964239808861984,0.39340811796120745,0.3868763059014977,0.38003521277517804,0.372880364523009,0.36536694612930853,0.3575094357834915,0.349275620335786,0.3406539867300764,0.33162393696258174,0.3221660726751673,0.3122601062315794,0.30188538633235273,0.29101913429899756,0.27963700318943413,0.2677196848716235,2.0,0.24215432873545967,0.2284595829466411,0.21411401552031434,0.19908900376148142
0.17126489069246048,0.522511525786384,0.5231198881208657,0.5236934495017416,0.5242347689607147,0.5247456449966268,0.5252287146101956,0.5256853090556314,0.5261171802870043,0.5265258736654403,0.5269127016914358,0.5272789837811354,0.5276258140930752,0.5279545133446377,0.528265759638129,0.5285610283787919,0.5288410047054958,0.5291064726380635,0.5293585488301473,0.5295974892422525,0.5298239062931758,0.5300390049936253,0.5302430429898165,0.5304367627066396,0.5306204587995567,0.5307949486694643,0.5309602164719498,0.5311172916923201,0.5312661025645201,0.5314074450354953,0.5315413927172392,0.5316681941002084,0.531788437114538,0.5319025608009349,0.5320104955664584,0.5321126221136923,0.5322093813689555,0.5323004697074579,0.5323867238752705,0.5324686115591369,0.5325450923463955,0.5326172546847328,0.532685367690831,0.5327493285028854,0.5328098143639733,0.532865288597249,0.5329177881530558,0.5329667117565369,0.5330121391487468,0.5330541245092666,0.5330929837500294,0.5331288473114371,0.5331613149124077,0.5331908294454951,0.5332175123380025,0.5332414162613178,0.533262418780186,0.5332805636971629,0.5332962562957902,0.5333091346690697,0.5333193893418405,0.533326896399559,0.5333317643760045,0.5333342065574213,0.5333342647780053,0.5333312664619729,0.5333259354785546,0.5333198290467884,0.533307540106318,0.5332944355880215,0.5332786105307994,0.5332604478706079,0.5332389042887763,0.5332149339308783,0.5331883345652874,0.5331587073831331,0.5331259265111182,0.5330904133680947,0.5330516468664314,0.5330098010173085,0.5329647835119202,0.5329161744331189,0.5328642629232245,0.5328090295838276,0.5327496516514215,0.5326867134336103,0.5326198636264843,0.5325489858570349,0.5324736913707435,0.5323939661184938,0.5323097894775025,0.5322207422408626,0.5321269266460781,0.5320279001027197,0.5319234478263687,0.531813397436417,0.5316979291724642,0.5315758964909095,0.5314477407505026,0.5313132454384354,0.5311711863034277,0.5310224031910541,0.5308691463554819,0.5307041540619036,0.5305297054651507,0.5303486530618771,0.5301587371777591,0.5299594517205692,0.5297503100994063,0.5295339643407819,0.5293012802051832,0.5290603941910365,0.5288070892950658,0.5285421725092281,0.5282640424374838,0.527972804513684,0.5276672827080293,0.5273473058302809,0.52701158207175,0.5266601090717968,0.5262916716105758,0.5259055103204996,0.5255009429732883,0.5250772431072593,0.5246338260037969,0.5241677307596034,0.523680146344953,0.523169602757617,0.5226343891515167,0.5220738358417133,0.5214865391638925,0.5208713256290307,0.5202269054864264,0.5195517747406716,0.5188448977472336,0.5181041425570186,0.5173282484083248,0.5165153403200705,0.5156639832091467,0.5147724582662158,0.5138381747235207,0.5128595502004714,0.5118354340244067,0.510761880760854,0.5096368686320658,0.508459205332431,0.5072256045784861,0.505933590642544,0.5045803577135852,0.5031740980329944,0.5016858317132608,0.500123072144314,0.49849423591583486,0.49678833881342327,0.49500177412240226,0.4931302323462198,0.4911721785652005,0.489116877545147,0.4869665411812879,0.48471431527458164,0.4823567941255965,0.4798845514331735,0.47729821436274106,0.4745863831318781,0.4717475375148625,0.46878008355506084,0.465659955405636,0.46239830850096836,0.4589818232663588,0.4554039482303557,0.4516560052866099,0.447730666859692,0.4436196462741727,0.4393139540773576,0.4348037176414177,0.4300799791275073,0.42513270485894955,0.4199507708931305,0.4145236848091884,0.40883931495852266,0.402885731238747,0.3966499766979793,0.3901196264296177,0.38327865990890353,0.37611391881870104,0.36861002833146195,0.36075106522189593,0.3525188704141759,0.34389761603105984,0.33487231736033063,0.3254094381756192,0.31550360065725425,0.3051282857087909,0.2942617397927117,0.2828803595460439,0.27095969274082116,0.2584744894808092,0.2454022066459584,0.2317241678167537,0.21735659332552787,0.20233439768942862
0.16638168860761288,0.5251861976355122,0.5258211602786406,0.5264199008652669,0.5269847731415129,0.5275184988955457,0.5280219811043434,0.5284978517194183,0.5289478851505786,0.5293736669997477,0.5297763019960261,0.5301576942125232,0.5305186836037967,0.5308606265518794,0.5311846892454282,0.5314918609596283,0.5317830529265642,0.5320593742750415,0.5323211897295924,0.532569214493635,0.5328048002549002,0.5330284414021014,0.5332403327681455,0.5334417345465843,0.533632339097429,0.5338135224964374,0.5339853789103458,0.5341485207449264,0.5343031004131592,0.5344497958945792,0.5345890192989035,0.5347209749378701,0.5348460458652013,0.5349643428045449,0.5350765122136678,0.5351825492625749,0.5352830718979671,0.535378382339389,0.5354678501578655,0.5355525178612351,0.5356328834008923,0.5357076860688764,0.5357786240064715,0.53584525654886,0.535907736359612,0.5359662344702879,0.5360212536100057,0.536072228946354,0.536119665701393,0.5361637038320515,0.53620464881043,0.5362420360762702,0.5362769185004636,0.5363076143295185,0.5363358164513953,0.5363610720780572,0.5363836718386638,0.5364035144772683,0.5364201138572753,0.5364341088691296,0.5364455172333029,0.5364543534515877,0.5364604422515755,0.5364639242564606,0.5364645421428667,0.536462861822941,0.5364584628751733,0.53645140720351,0.5364419060516366,0.5364294953427269,0.5364143558031569,0.5363962955732261,0.5363761137355698,0.5363524855950741,0.5363262836074221,0.5362982636531918,0.5362651618234131,0.5362309759388623,0.5361920358884359,0.5361507562423672,0.5361058565459573,0.5360578924768059,0.5360064995891868,0.5359513281023056,0.5358925816794377,0.5358300797523639,0.5357636911756228,0.5356928807112311,0.5356177989582375,0.5355386065476839,0.5354549622980603,0.5353659757263338,0.5352723480776077,0.5351736723992923,0.5350693136452703,0.5349595577177233,0.5348439855543006,0.5347226312995647,0.5345944735718555,0.5344598917380381,0.5343254837628844,0.5341697511490608,0.5340136918041497,0.533849527596881,0.5336771790584489,0.5334964678941995,0.5333068150917775,0.5331075567746698,0.53289864001614,0.5326795069574966,0.532449887918821,0.5322087480251813,0.5319571013940609,0.5316912739750289,0.5314128962901278,0.531122009446136,0.5308165437822088,0.5304969182685718,0.5301608385259614,0.5298094745779172,0.5294411133496332,0.5290550170846537,0.5286505296337721,0.5282268411557278,0.5277827599137104,0.5273174020835871,0.5268299518288736,0.5263201323591419,0.5257841360134493,0.5252238735689897,0.5246365612213689,0.5240212453923476,0.5233769289734292,0.5227044628857288,0.5219950177143962,0.5212548717521539,0.5204781148121365,0.5196655957470798,0.5188142190734166,0.5179223143578962,0.516988419768345,0.5160114053174714,0.5149850406980059,0.5139115531250703,0.5127890784173207,0.5116096243304742,0.5103760493041664,0.5090840421988924,0.507730712063092,0.5063134446966875,0.5048286768108325,0.5032735812342131,0.5016449616235249,0.4999398079398049,0.4981522940526502,0.49628061771298315,0.4943222339754038,0.4922675138770085,0.49011716571337205,0.48786502675428955,0.4855059351392731,0.48303544708505214,0.4804474135067804,0.47773711972948557,0.47489830757619794,0.4719316901087217,0.4688114465811358,0.46554879932247434,0.4621376447232482,0.45855698602893147,0.45480920215513165,0.4508815253637133,0.44677254269428457,0.4424742766330083,0.43795438562833133,0.4332311045229369,0.4282834151241282,0.42310156726440473,0.41767439202421514,0.41199008033998663,0.40603647234541856,0.39980074979931635,0.39326977081547065,0.3864292705070034,0.3792647106100038,0.3717609281301033,0.3639016686635662,0.3556696884128125,0.34704809203006737,0.33801809052458087,0.32856020059853985,2.0,0.3082793368323524,0.29741277739061583,0.28603102294674637,0.274110470337305,0.2616252741677433,0.2485487071153049,0.23485243181080512,0.2205073806195224,0.20548403345905641
0.1616377191611948,0.5277516297572575,0.5284152217571726,0.5290408406477038,0.5296304763811118,0.5301867422419798,0.5307119761951338,0.5312083575104617,0.5316777109558893,0.5321208355088488,0.5325400949531212,0.5329371690831216,0.5333134037804066,0.5336687880060231,0.5340058223265681,0.5343253233549441,0.5346282555011257,0.5349154123835725,0.5351872361067425,0.5354454029112531,0.5356902380317045,0.5359223725735878,0.5361428338748095,0.5363517261114092,0.5365501450823236,0.536738198132688,0.5369180889758254,0.5370864247305495,0.5372467917827579,0.5373994210795608,0.537543596533616,0.5376806821294772,0.5378104173726471,0.537933611117379,0.5380502638537439,0.5381604036951465,0.5382648515548057,0.5383636333797408,0.5384567667872432,0.5385451475470706,0.5386279897270668,0.5387064513899362,0.5387801653643493,0.5388495678335994,0.538914728778356,0.5389758663080433,0.5390334597111287,0.5390864012985679,0.5391361718132313,0.539182361071951,0.5392250509582248,0.5392645919943131,0.5393004024942887,0.5393337642224393,0.5393632243928099,0.5393903716791765,0.5394141246374314,0.5394349657168785,0.5394533476681147,0.5394688905825088,0.5394814675565169,0.5394910930000183,0.5394983747922323,0.5395028503095077,0.5395046011779651,0.5395039172874975,0.539500263099293,0.5394940597761945,0.5394855527346015,0.5394739538644943,0.5394593699505174,0.5394424029778734,0.5394224344841021,0.5393998437264637,0.5393748718632974,0.539346593568885,0.5393142421369205,0.5392796967681271,0.5392421037272401,0.5392012481652274,0.5391572129730405,0.5391096617469939,0.5390584636544966,0.5390038039548131,0.53894537565389,0.5388830661752728,0.5388168880242404,0.5387465898634376,0.5386720330475636,0.5385930332340655,0.5385093584410706,0.5384209625124249,0.5383281812379118,0.5382290638782101,0.5381252567866852,0.5380160438799283,0.5379002795848152,0.5377796149931793,0.5376511859956737,0.5375168098152794,0.5373754063121261,0.537226981200614,0.5370709663523878,0.5369073530925691,0.5367349533374651,0.5365548463019554,0.5363648076579188,0.5361658492077639,0.5359569415615062,0.5357380250087163,0.5355082498047169,0.5352675969708941,0.5350147408310463,0.5347500480346637,0.5344719945871329,0.5341809701155891,0.5338754430857029,0.5335555327075779,0.5332204843454743,0.5328689263271797,0.5325005522158774,0.5321146796884609,0.5317102769012297,0.531286386193321,0.530842419601359,0.5303778564885065,0.5298898878619999,0.5293793101117658,0.5288441472062458,0.5282846116309255,0.5276967795074926,0.527081627614503,0.5264370653009823,0.5257625294919375,0.5250553597539971,0.5243147340821414,0.5235387479564346,0.5227257099756777,0.5218758497429675,0.5209854509762419,0.5200486805985001,0.5190703718767096,0.5180457056429135,0.516972096693289,0.5158480060812485,0.5146700677865843,0.5134367176115945,0.512145009034659,0.5107913240996698,0.5093749791791118,0.5078907547415002,0.5063346759727537,0.5047055971198183,0.5029996656196392,0.5012132464270236,0.4993414349819745,0.49738141916071593,0.495328177339182,0.49317821681618224,0.49092569528264707,0.488566904951122,0.4860961243449426,0.4835083212674402,0.48079786992043866,0.47795916957414625,0.47498572313320053,0.47187158076946323,0.46860970823163534,0.46519348071394556,0.46161552593233524,0.4578675345759097,0.4539473061230167,0.44983110826701567,0.4455253396960044,0.44101737506154837,0.4362917845220359,0.43134428991692425,0.4261628632475988,0.42073741767864953,0.4151122479289642,0.40909740260505995,0.4028616505075876,0.3963313670886045,0.3894903251343763,0.3823267303914639,0.37482372654873686,0.3669741791189466,0.35876606929948845,0.3501090561842807,0.3410794203483102,0.3316215279449827,0.3217151272094325,0.3113400357793855,0.3004734146043078,0.28909414750052737,0.27717170342065883,0.2646861826142627,0.2516112829077169,0.2379133668930346,0.2235687685685182,0.20854401827807756
0.1570290124729377,0.530210466020116,0.5309039656501676,0.5315570757355376,0.5321729034082865,0.5327531952132742,0.5333011250452,0.533818481941263,0.5343072401019556,0.5347691879749508,0.5352061146017223,0.5356193354816106,0.5360105456572111,0.5363807708323647,0.5367319636811523,0.5370637812491931,0.5373787575174299,0.5376770802747752,0.5379598252106957,0.5382281616309385,0.5384825650451825,0.5387243388937701,0.5389526283194049,0.5391699166561561,0.539375784904634,0.5395711588575228,0.5397566710774108,0.5399324591889563,0.5400994037950223,0.5402577532018261,0.5404078752442504,0.5405499186547453,0.5406847518585296,0.5408125203162913,0.5409337941343193,0.5410483235737381,0.5411567741724126,0.5412596432858054,0.5413564413520952,0.5414481662655132,0.541535034999264,0.5416159012648923,0.541692740584697,0.5417652664996552,0.5418330995231763,0.5418966814971075,0.5419561964055073,0.5420119360102456,0.5420642649068327,0.542112232445001,0.542157341649748,0.5421981461281594,0.5422361825356735,0.5422709660245943,0.5423025700438756,0.5423311764650696,0.5423565054938714,0.542378847673376,0.5423984702383804,0.5424152052450157,0.5424291585813938,0.5424402187780578,0.5424484725341605,0.5424541243549199,0.5424567900751756,0.5424569032487077,0.5424545176210919,0.542449233056493,0.5424411932341515,0.5424303162442214,0.5424167950327745,0.5424004861292467,0.5423814063789787,0.5423596736010479,0.5423345069135193,0.5423066641746536,0.5422757938884866,0.5422418982225902,0.5422047772363848,0.5421645232151718,0.5421206044172326,0.542073476650862,0.5420230457505516,0.5419688627334844,0.5419106509645838,0.5418488225586957,0.5417837045500634,0.5417130121053917,0.5416387652091973,0.5415611187265013,0.5414768840849168,0.541388675810073,0.541295682859748,0.5411980268500888,0.5410938602910079,0.5409844077994854,0.5408710569213495,0.5407479798369405,0.5406205225735345,0.5404863878606414,0.5403452684175036,0.5401970748837892,0.5400411297693349,0.5398774007862656,0.5397056205227135,0.5395251057806675,0.5393354356261779,0.5391367749576691,0.5389281242582828,0.5387092207207471,0.538479552642703,0.5382385893810989,0.5379860424628835,0.5377213703212259,0.5374441954651895,0.537152650254072,0.5368474876814235,0.5365275827692472,0.5361923667670859,0.5358409792376477,0.5354728792706954,0.5350869275830035,0.534682869815649,0.5342589317518864,0.5338152966352923,0.5333498178570286,0.5328624729841226,0.5323522856250752,0.5318168543073526,0.5312613419344282,0.530673969640404,0.5300544741230493,0.5294099854920774,0.5287353892677055,0.5280309980925959,0.5272873767164179,0.5265114886038791,0.5256987782074295,0.5248476171340415,0.5239562534015427,0.5230221115238989,0.5220438377523711,0.5210187035988552,0.5199453927515373,0.5188210219487771,0.5176435404367712,0.5164112669727193,0.5151183682739565,0.5137651136747662,0.512347334630026,0.5108629487117482,0.5093081606348877,0.5076793805948979,0.5059730623154265,0.504186325705601,0.5023163121352466,0.5003548644074567,0.49830175252525444,0.4961514028599181,0.49389951303269275,0.49154026058019495,0.4890695578047372,0.4864883928718115,0.48377145972904195,0.4809325064977397,0.4779596704883696,0.4748452474837367,0.47158382915147873,0.46816699324909866,0.46458886623100926,0.46084140531711737,0.45691636223295795,0.452805042875154,0.4484995800400218,0.4439899712294727,0.4392664493540839,0.4343179797597119,0.4291449750698477,0.4237093364356234,0.4180246076926838,0.4120711934424079,0.4058355485599654,0.39930449325786177,0.3924638704671768,0.38529951673176677,0.37781061768470114,0.36993625052767654,0.36170452669036973,0.3530831692291925,0.3440531766086452,0.3345967550717267,0.32468886375711936,0.31431443992401786,0.3034471262979698,0.29206577119688676,0.28014513127416324,0.2676600961696972,0.2545837697357835,0.24088753823890036,0.22654210526746504,0.21153722418087417
0.15255171185405977,0.5325637552351838,0.5332890755053159,0.5339711252468069,0.5346136770410945,0.5352195940498911,0.5357911570470162,0.536330503166949,0.5368398700595948,0.5373213216826092,0.5377763311985836,0.5382065554273078,0.5386139760026827,0.5389993016209985,0.539364057801723,0.5397095075424712,0.5400369915772807,0.540347028831242,0.5406409263159525,0.5409197515619757,0.5411840250041767,0.5414347473607884,0.5416724431255464,0.5418984369198541,0.542112226063473,0.5423148672083208,0.5425076482930322,0.5426902665640261,0.542863300082716,0.5430275823805365,0.5431833976859781,0.5433313124420035,0.5434712012773847,0.5436037947918421,0.5437299203681557,0.5438488635995059,0.543961570460471,0.5440681309077315,0.5441687608592262,0.5442640127958739,0.5443538610922459,0.5444387362650245,0.5445188069344048,0.5445940596498798,0.544664577160967,0.544730912511252,0.544793300310158,0.5448512797630473,0.5449058909939246,0.5449560240133966,0.5450028194587896,0.5450463675608995,0.5450865445360403,0.5451227330341496,0.5451559129314452,0.5451863067609036,0.5452129273664352,0.5452369987149553,0.5452579801160005,0.5452760320949547,0.5452911375233777,0.5453037438902255,0.5453129648907223,0.5453197522634179,0.5453238142378017,0.5453247629763045,0.5453233706261106,0.5453188358370731,0.5453117672307491,0.5453026759233052,0.545289059101327,0.545273782901827,0.5452554741168961,0.5452339433053266,0.5452095435495522,0.5451824303057529,0.5451522197785021,0.5451192742348013,0.5450821626099787,0.545042270847263,0.5449991612596365,0.5449525816755534,0.5449024458214506,0.5448487392319638,0.5447910702686497,0.544729524458197,0.5446642086339758,0.544594675161755,0.5445206352954504,0.544442522825003,0.5443591879633954,0.5442716408136459,0.5441914892170182,0.5440806020940454,0.54397732550887,0.5438682787538429,0.5437532244727216,0.5436323342833783,0.5435053298080271,0.5433710218042994,0.5432307459243979,0.543082046392834,0.542926350734357,0.5427628275185721,0.542591205516588,0.5424107721517398,0.5422217281254886,0.5420231745711491,0.541816021206734,0.5415953672091106,0.5413659520832224,0.5411252195676295,0.5408726889603155,0.5406086887037194,0.5403306181544739,0.5400398764078018,0.5397345860076999,0.539414767994533,0.5390804500958095,0.5387282470394831,0.5383602792736866,0.5379743165017596,0.5375701370298948,0.53714687230013,0.5367025443798858,0.5362374530486693,0.5357503456033764,0.5352396583690138,0.5347048420534324,0.5341447101965042,0.5335573265254495,0.5329425918081147,0.532298172807277,0.5316252119772472,0.5309161762450983,0.530176058647813,0.5293998449703644,0.5285872547083607,0.5277359007224978,0.5268441945070138,0.5259103309168783,0.5249318719160119,0.523907284762357,0.5228338621217073,0.521709560993273,0.5205320563361246,0.5192985885619882,0.5180082092034184,0.5166532759001093,0.5152359989230091,0.5137525303788216,0.5121963356043444,0.5105678784708109,0.5088632315886816,0.5070765960946102,0.5052035761784278,0.5032454644549209,0.5011905237764448,0.4990403613816805,0.4967889726022623,0.4944290970897599,0.4919583124674139,0.4893706659511043,0.4866602926812806,0.4838213727979564,0.48084829700081777,0.47773450420513386,0.47447381378841974,0.47105957685934413,0.46747791777236836,0.46373151311763283,0.4598054243620946,0.4556938110388652,0.45138788334121127,0.44687781956534134,0.44215430220941343,0.43720694121413445,0.432025312908246,0.42659794117950783,0.4209136342247788,0.4149610220289854,0.40872448167519637,0.4021934345979742,0.395353059311233,0.38818869845393955,0.38068453075092656,0.3728250743139765,0.36459365423338025,0.35597183820270617,0.346941711002968,0.33748434988137843,0.3275780107386804,0.31720352457242984,0.3063364613681026,0.29495476598535336,0.2830365088524353,0.2705505759535408,0.25747281952243434,0.24377627084780779,0.229431243347127,0.21440716527489445
0.14820207057988583,0.5348133606389743,0.5355712072830673,0.5362838608156691,0.5369551200476315,0.537588049089466,0.5381839332826659,0.5387461485734457,0.5392772009228627,0.5397785661529155,0.54025257506604,0.5407006194958113,0.5411244395373731,0.5415255935955792,0.5419050870528899,0.5422641550436312,0.5426048285730586,0.5429273606122405,0.5432326382223659,0.5435226126165685,0.5437969426232592,0.5440576971424538,0.5443045959080354,0.5445385872210062,0.5447607755364506,0.5449715194447721,0.5451715517026209,0.5453611082661811,0.5455408675970855,0.5457119231700548,0.5458733914748862,0.5460267887773849,0.5461721304534524,0.5463097452689486,0.5464404763588526,0.5465643402919046,0.5466813342881267,0.5467920566441324,0.5468966539200494,0.5469957101950186,0.5470890947988618,0.5471771528572661,0.5472604303184561,0.5473387471192116,0.5474123007795632,0.5474813354209952,0.5475461068215877,0.5476068524282425,0.5476633512322325,0.5477164084920214,0.5477652555559231,0.5478105687974527,0.5478524502251113,0.5478907492853682,0.5479258990847623,0.5479578269339895,0.547986453689088,0.548011751078247,0.5480342595390975,0.5480537384155564,0.5480702962434405,0.5480838426424169,0.5480945225964728,0.5481025523747691,0.5481074423227354,0.5481096353668431,0.5481091703539837,0.5481057365120288,0.5480994002935295,0.5480904561798889,0.5480784446780984,0.5480637399095433,0.5480461436615989,0.5480260634959218,0.5480019015251574,0.5479754365005794,0.547946028553612,0.547912914715801,0.5478770212724747,0.5478376673959992,0.5477948974108624,0.5477490274493385,0.5476993239831399,0.5476457790975646,0.5475887569581354,0.5475276260034552,0.5474626005183857,0.5473935095790692,0.5473198973829089,0.5472429100867964,0.5471591134209789,0.5470715219160185,0.5469791365320201,0.5468813572279333,0.5467782847508299,0.5466695214393633,0.5465548599495258,0.5464340642273428,0.5463070278670628,0.5461732185676467,0.5460324393230191,0.5458846320730983,0.5457292183893284,0.545566008269517,0.5453941819885508,0.5452140971649483,0.5450248887575107,0.544826286380217,0.5446189394780105,0.5443993979199508,0.5441699479642849,0.543929332364626,0.5436771107802618,0.5434125129566177,0.5431416569790216,0.5428441086189206,0.5425391593874178,0.54221939279937,0.5418843279236277,0.5415331331683237,0.5411651673981751,0.5407794484265349,0.540375149605468,0.5399517355180372,0.5395079389164847,0.5390428108207233,0.5385558273288765,0.538045053831843,0.5375102214914388,0.5369500288212502,0.5363629982474841,0.5357482274255392,0.5351043552854032,0.5344289266046941,0.5337220211627072,0.5329814596464069,0.532205668962412,0.531393104329496,0.5305419604766797,0.5296502891195474,0.5287165391563164,0.5277380933722129,0.5267132936758538,0.5256398763894891,0.5245156690989793,0.5233382203350456,0.5221058372453075,0.5208126345135088,0.5194596549189509,0.5180421747788462,0.5165577192827078,0.5150025847208988,0.5133751038300115,0.5116680952763498,0.5098815915499237,0.5080099114601272,0.5060503185551462,0.503996998050277,0.5018466456703992,0.4995945190320895,0.497235716237194,0.4947647341347316,0.49217699188699,0.48946682112867573,0.4866280126389107,0.48365452516732155,0.48054043757525167,0.47727863286396094,0.473862385182998,0.470284463111844,0.46653655562500707,0.4626115363525627,0.45850018804753345,0.45419437426446385,0.4496844483257839,0.4449607919066372,0.4400137193452958,0.434831785930045,0.42940481721221063,0.42372021077780586,0.4177673008826687,0.41153173815559474,0.40500002053754924,0.39815942051640674,0.39099583300693697,0.38349110731125524,0.37563159115256994,0.3673999138030983,0.3587858295153341,0.3497483417947207,0.3402905241107651,0.3303846837040224,0.32000977525647056,0.30914317115843,0.297773505462304,0.28584217246333604,0.2733558895096636,0.26027896635068165,0.24658275418404257,0.23223808595923995,0.2172133522572659
0.143976448754488,0.5369600885103543,0.5377522418669247,0.5384971989590285,0.5391986367470173,0.5398583395515497,0.5404803932415022,0.5410671336031362,0.541620605561544,0.5421431342810032,0.5426367583868754,0.5431033539394302,0.5435444918984471,0.543961830086571,0.5443568616791375,0.5447302659935447,0.5450843452731765,0.545419712129292,0.5457370444563704,0.5460381336750327,0.5463237147648317,0.5465940247286691,0.5468505439640208,0.547093734823853,0.5473243959325416,0.547543315796494,0.5477509840906791,0.5479475902452725,0.54813443799498,0.548311616713699,0.5484796960396211,0.5486385537216172,0.5487897251975795,0.5489326162138233,0.549068238430635,0.549196408112226,0.5493185270725776,0.5494329791124063,0.549541768902925,0.5496445793743042,0.5497424242597108,0.5498335288472557,0.5499198933033982,0.5500013223628207,0.5500781177364497,0.5501499668121786,0.5502174120776069,0.5502810841898302,0.5503400151502946,0.5503950321725927,0.5504460709155596,0.5504937618123532,0.5505374570634208,0.5505778282204731,0.5506147773967768,0.5506484406492035,0.5506785972064886,0.5507055505608325,0.5507296471729217,0.550750539969222,0.5507685464174007,0.5507833819498548,0.5507955901096425,0.5508043069962779,0.550810496203306,0.550813920831201,0.5508142144430341,0.5508118731532042,0.5508064804993383,0.5507982788100175,0.5507872583481296,0.5507733950733421,0.5507566988183795,0.5507368975232994,0.5507140797081236,0.5506880930159314,0.5506589645783789,0.5506267422603318,0.5505912927804684,0.5505528694641108,0.5505104629811646,0.5504649342644403,0.5504159202597947,0.5503628467083773,0.5503060169955839,0.5502455322184633,0.5501808640050022,0.5501123108958438,0.5500386996661115,0.5499613403494493,0.5498789363515743,0.5497915928321442,0.5496994122665627,0.5496020865141024,0.5494991006047836,0.5493905461209395,0.5492761682301812,0.5491556318749213,0.5490287691656482,0.5488952649039314,0.5487548447927757,0.5486071230892771,0.5484517586919786,0.5482886071034943,0.5481172602536937,0.5479372230622458,0.5477485582365358,0.5475497419761607,0.5473416717993144,0.5471231226903727,0.5468938796004711,0.5466532928721425,0.546401120306934,0.5461368089271581,0.5458594251800996,0.5455684552800342,0.5452636654240448,0.5449441639700541,0.5446093431253907,0.5442583358204283,0.5438900263957468,0.5435044261115556,0.5431003474852474,0.542676815675582,0.5422333337767832,0.541768042642588,0.5412809844179941,0.54077049536102,0.5402364794206175,0.5396772203882756,0.5390885792477821,0.5384736419870426,0.5378295564370491,0.5371548124673642,0.5364478479892059,0.5357072788930344,0.5349318990757437,0.5341189880272661,0.533267760408009,0.5323790111658029,0.5314422824051888,0.5304640211840937,0.5294395944655843,0.5283660229436873,0.5272419835710201,0.5260658231337796,0.5248308638832576,0.5235390359428278,0.5221857431234344,0.5207688401461543,0.5192840609618319,0.5177288366061189,0.5161002925230086,0.5143947358304871,0.5126083655957925,0.5107363305710375,0.508776277788944,0.506723401973677,0.5045730209683265,0.5023212078875595,0.4999618975472866,0.4974911786923028,0.4949034368019975,0.49219327137511965,0.4893544638359692,0.4863819022425553,0.48326684966399747,0.48000640791640486,0.47658886614909207,0.4730108446233905,0.46926348102608495,0.4653380069526869,0.46122683742735193,0.4569207963883559,0.45241119604218494,0.4476874791005603,0.44274024333454337,0.43755854119971005,0.4321312299308226,0.42646342376293644,0.42049316755064886,0.4142574917436014,0.40772645553211573,0.40088606848126773,0.39372153756238293,0.3862175792188609,0.3783582031221875,0.37012654115558524,0.36150583125940916,0.35247481331053876,0.34301807173356036,0.3331111575008785,0.32273835339090606,0.3118695004043149,0.30048830675853316,0.28856742232877336,0.2760889670756973,0.2630069472089381,0.24930967803067455,0.23496469259617175,0.21994071580627694
0.13987131026472382,0.5390047604765945,0.5398337166906547,0.5406124454437139,0.5413446479636772,0.5420341955850481,0.5426831130621428,0.5432950291340344,0.5438719425267996,0.5444165635154388,0.5449307863461185,0.5454166504790359,0.5458758745654568,0.5463101338325489,0.5467210570789247,0.5471096203264328,0.5474775751451612,0.5478261520461962,0.5481563665744679,0.5484691552271516,0.5487655739576038,0.5490466001828462,0.5493128143325744,0.5495655103624582,0.5498049986245176,0.5500322271697756,0.55024760933865,0.5504519733974584,0.5506458903541797,0.550829570527512,0.5510042205310178,0.5511691143890078,0.5513259322088531,0.5514743234371974,0.5516149404387973,0.5517481332319746,0.5518746811954389,0.5519940607510925,0.5521070245570777,0.5522137939136537,0.5523145482955374,0.55240989902888,0.5524999386855074,0.5525846005231877,0.5526641576705126,0.5527390916996592,0.5528093468694035,0.55287556688736,0.5529368852100808,0.5529945183092861,0.5530479082212465,0.5530975732284006,0.5531435323131516,0.5531861596370999,0.553224727056581,0.5532602491104677,0.5532923762093099,0.5533208785202157,0.5533463167245507,0.5533686231299533,0.5533879328832143,0.553404292698615,0.5534174971224974,0.5534277035597104,0.5534351062894083,0.5534395482673371,0.5534409748466372,0.5534397597706608,0.5534352236157072,0.553428412710185,0.553417950110477,0.5534047920499331,0.5533887037504215,0.5533697592517963,0.5533476991092949,0.553322420897619,0.5532940809695635,0.5532625860481627,0.5532276199754366,0.5531894911921683,0.5531478888022172,0.5531028258187808,0.5530540782798982,0.5530017688616864,0.5529454168381819,0.5528854565069998,0.55282107468894,0.5527525404064566,0.5526797726643579,0.5526024687043267,0.5525203875698234,0.552433835729562,0.5523417646039578,0.5522446487363472,0.552142068506985,0.5520340234704222,0.5519197050385112,0.5517994341135902,0.5516727947089042,0.5515393857620146,0.5513991343611877,0.5512517597317013,0.5510965629315191,0.5509337542134748,0.5507756300875666,0.5505824786939143,0.5503936730543408,0.5501953598823001,0.5499873883580879,0.5497692811133705,0.5495403045355175,0.5492996989702473,0.5490475011897751,0.548783122649208,0.5485058797894019,0.5482156497630652,0.5479106980128263,0.547591101525908,0.5472566464180945,0.5469050869089052,0.5465371930651893,0.5461517199788783,0.5457476494199834,0.5453244361485277,0.5448807593389091,0.5444160730350993,0.543928530116215,0.5434181362869289,0.5428835872612837,0.5423235493925381,0.5417363655025925,0.5411217107947452,0.5404822325627442,0.5398026543985667,0.5390959032942393,0.5383557370384346,0.537579909393112,0.5367675366677483,0.5359161299259498,0.5350250893028867,0.5340907305672244,0.5331138980726466,0.5320877567574624,0.5310159029393388,0.5298901475951182,0.5287126258034784,0.5274793068476323,0.5261874513350416,0.5248352452060624,0.5234169076233719,0.5219342394476594,0.5203898909512474,0.5187607653672751,0.517042957598887,0.5152562291784588,0.5133857448713736,0.511424775666879,0.509371879889611,0.507221892223733,0.5049697332568787,0.5026111192225108,0.5001398821348778,0.4975522800304128,0.49484231948845064,0.4920029736276346,0.4890298032130401,0.48591571533238465,0.4826539602912557,0.4792410825129854,0.4756620854478665,0.47191183730648023,0.4679868643012941,0.46388326934071733,0.45956964762348473,0.455059699201786,0.4503361064645517,0.44539330632111734,0.44020720314242223,0.4347799373979248,0.42909571972990446,0.4231422656025072,0.4169102570689842,0.4104374616655253,0.4035350213160489,0.3963704565948274,0.3888665650490928,0.3810071785869752,0.3727754550955806,0.36415428566428143,0.3551252759679089,0.34566968086559646,0.3357613480825882,0.325385193855809,0.31452229189062936,0.3031370810322948,0.2912169233014102,0.27873121222537744,0.26566895881519875,0.2519584662380611,0.23761374734182944,0.2225888767847788
0.13588321982112225,0.5409491320638204,0.5418163674242916,0.5426307807982922,0.54339569222069,0.5441154458602385,0.5447929316850876,0.545431156409867,0.5460328200239629,0.5466004407496718,0.5471362339804342,0.5476422157815939,0.54812023914703,0.5485721912484596,0.548999758488905,0.5494038586352307,0.5497867626254688,0.5501488777631098,0.5504920426027067,0.5508169660422214,0.551125043580846,0.5514168034682014,0.551693649003553,0.5519559432815202,0.5522045501039786,0.5524404314230531,0.5526640399885687,0.5528763533085645,0.5530774854790316,0.5532683409932806,0.5534489110550244,0.553620551144577,0.5537830942817432,0.5539372145676646,0.5540831060875616,0.5542213969727692,0.5543525128519102,0.554476685047284,0.5545936689870198,0.554704884648927,0.554809644094893,0.554908438938162,0.5550020725283465,0.5550901240502412,0.5551729826381903,0.555251028716875,0.5553240281373579,0.5553929998050497,0.5554573270399377,0.5555171092720298,0.5555731804230815,0.5556248051841746,0.5556731057697288,0.5557172187396758,0.5557581470136663,0.5557953554822214,0.5558294034204487,0.5558594404044084,0.5558865094102345,0.5559104125461203,0.5559313450188643,0.5559490394770745,0.5559634231648903,0.5559752215077813,0.5559837534272659,0.5559892026391131,0.5559919653112445,0.5559915525278776,0.5559879599229786,0.5559817157660109,0.5559724604504512,0.5559602606921719,0.5559452011970202,0.5559269231145967,0.5559054846878293,0.5558809305885855,0.5558535811954499,0.5558223364113586,0.5557885998583103,0.5557507272720189,0.5557101570981617,0.5556648927350404,0.5556181176505772,0.5555649570431616,0.5555090353455779,0.5554496353896182,0.5553855585170743,0.555317540894157,0.5552451452415235,0.5551680169793543,0.5550864153551008,0.5550000989948198,0.5549083221863638,0.5548116144198217,0.5547094029741648,0.5546012916981347,0.5544875224919643,0.554367606019374,0.5542414314097038,0.5541082565118687,0.5539678913459144,0.5538208920578223,0.5536659550481599,0.5535029979316873,0.5533318983953773,0.5531523134142426,0.5529638653233828,0.552765479349773,0.552557969274139,0.5523394962990282,0.5521104288672792,0.5518701680591022,0.5516182291300585,0.551354119106852,0.5510769415549321,0.5507863426562327,0.5504816467384019,0.5501624315947766,0.5498276519119489,0.5494766644561004,0.5491088311793162,0.5487234457510632,0.5483195301997933,0.5478961470712493,0.5474525765416538,0.5469882265107796,0.5465005805652855,0.5459904102496266,0.5454557463849146,0.5448958461550212,0.5443094015898535,0.543693856563302,0.5430500376873645,0.5423753503753036,0.5416682339055945,0.5409279173807556,0.5401523412520022,0.5393396338261895,0.5384887801285018,0.5375970120316232,0.5366658509468125,0.5356861415965912,0.5346606079482922,0.533587258005722,0.5324630079670715,0.5312856108252328,0.53005240014001,0.5287602289075616,0.5274070309750265,0.5259898031288675,0.5245053916781589,0.5229505523763868,0.5213217975673804,0.5196159354270244,0.517829549543056,0.515958026897278,0.5139981077806617,0.5119450640849177,0.5097949494542573,0.5075426408555964,0.5051838279982932,0.5027132747841333,0.5001259066329349,0.4974151038128796,0.4945762154075985,0.4916030442978876,0.4884890128800822,0.4852270976188053,0.481810951491278,0.47823324466414285,0.47448512702639223,0.4705611995581054,0.46644880260912047,0.46214284917451065,0.45763299184122175,0.4529098225934929,0.4479627271131615,0.4427804178740885,0.4373537180738533,0.4316690139768491,0.4257197476923414,0.41947987435340106,0.41302005605685055,0.4061091778088566,0.3989439681203627,0.39143993662216736,0.3835805565778577,0.3753490589920064,0.3667271136968385,0.3576971275868124,0.3482393304164345,0.3383338154053176,0.3279585464901714,0.317091683654716,0.3057156850954142,0.2937902906908371,0.2813045827152838,0.2682283524224897,0.2545317660464938,0.24018676482616058,0.22516234692323656
0.1320088400831418,0.5427933282753324,0.543701003641221,0.5445530075293258,0.5453524134303557,0.5461038962608336,0.5468112915941107,0.5474772248509397,0.5481046997708363,0.5486964274140059,0.5492546379553208,0.5497816501231416,0.5502793750968171,0.5507497214812819,0.5511945654381727,0.5516150181005421,0.5520130263505255,0.5523898247354342,0.5527461074908302,0.5530838583759435,0.5534039706709216,0.5537071859194729,0.5539944970138699,0.5542672418494067,0.5545249878241424,0.5547698264186922,0.5550019488209185,0.5552220217967268,0.5554308107731732,0.55562894129614,0.5558165887408595,0.5559945565410017,0.5561631063620474,0.5563230848679424,0.5564745936929146,0.5566184800175548,0.5567540429475709,0.5568829104395963,0.5570049294395596,0.5571200846177864,0.5572288697116583,0.5573315430817778,0.5574287353337833,0.5575204296824012,0.5576062653981602,0.5576875301277648,0.5577636409020075,0.5578355034091883,0.5579019712463188,0.5579647015431486,0.5580229911581427,0.5580773008633554,0.5581275023895875,0.5581740172754099,0.5582167742819029,0.5582559965237802,0.5582917998230025,0.5583236460265265,0.5583525312453897,0.5583779961531445,0.5584002931733776,0.5584192300439743,0.5584351920515076,0.5584481758343905,0.5584577725920693,0.5584645810480342,0.5584684079505642,0.5584690838622426,0.5584668154304127,0.5584615999627454,0.5584530770726476,0.5584418466430369,0.5584274663562142,0.5584100913572182,0.5583894042602836,0.5583656139316118,0.5583387669585153,0.5583083538338148,0.5582748394558222,0.55823786482074,0.5581975086811208,0.5581535598108694,0.5581057987442111,0.5580546037187025,0.5579991194060145,0.5579398626528981,0.5578764617761292,0.5578091612277316,0.5577366969089328,0.55766011083667,0.5575788634669616,0.5574929183516101,0.5574015878483277,0.5573051086991453,0.5572033743179396,0.5570955417220831,0.556981761124176,0.5568620575780441,0.5567359220730629,0.5566030691377865,0.5564631834923859,0.5563163562676677,0.5561617318875616,0.5559989157653672,0.5558289269860355,0.5556485415172221,0.5554601513748612,0.5552624248651873,0.5550552751423367,0.5548368850204778,0.5546079946797081,0.5543675463060596,0.5541156454422059,0.5538514052984522,0.5535744852427024,0.5532840869759207,0.5529794558496641,0.5526604440632976,0.5523254970784761,0.5519747881379525,0.5516087584035663,0.5512215627313924,0.5508180677592882,0.5503945085297844,0.5499509648668773,0.5494861434191128,0.5489993072885067,0.5485307615034093,0.5479545612264181,0.5473945333834954,0.5468074994283034,0.5461928374676943,0.5455488037440199,0.5448741107224471,0.5441675206953693,0.5434269009817504,0.5426514214709973,0.5418389022859565,0.5409877962937293,0.5400964117952798,0.5391625215923759,0.538184590918994,0.5371602609791454,0.536086522160475,0.5349624305402985,0.5337850918061957,0.5325515857809825,0.5312598875209366,0.5299068426159764,0.528489572261429,0.5270049818832068,0.5254501382398233,0.5238215682415628,0.5221156844238163,0.5203290423860736,0.518457844021334,0.5164976652619142,0.5144447484244579,0.5122945219561533,0.510042580215652,0.507683521002448,0.505212826269974,0.5026251286163831,0.499914801706496,0.4970760683463015,0.4941029589332563,0.4909886902551679,0.4877269302805238,0.48431105250627365,0.48073271956927266,0.4769854214975947,0.47306026115098065,0.46894874202100345,0.46464323607903524,0.46013295109535635,0.4554147178064881,0.4504620763615517,0.4452811688351298,0.43985335412458465,0.43417202384774334,0.42821535811419426,0.4219801410311298,0.4154500147152963,0.408608183801788,0.40147272903891307,0.39393978784540284,0.3860804026436663,0.37784998824768695,0.3692271421459704,0.36019714771718037,0.3507395060498226,0.34087146181560835,0.33045848836982517,0.3195917474430406,0.3082105460376759,0.296290018194667,0.28380551761671136,0.2707282080040267,0.25703196311501136,0.2426870005112361,0.22766236442031773
0.1282449288663947,0.5445382895523776,0.5454883352472357,0.5463792432061446,0.5472152211448326,0.5480008354099376,0.5487393175233743,0.5494343770615865,0.5500890029410338,0.5507057770871862,0.5512875391375374,0.551836509630784,0.5523548626769188,0.5528445029259433,0.5533070534146173,0.5537445324250941,0.5541583905783697,0.5545499961069327,0.5549205832966199,0.5552716353178523,0.5556040241327481,0.555919055038305,0.5562172681174217,0.5565000487445523,0.5567681521821168,0.5570223330902723,0.5572634237039109,0.5574918071344461,0.557708334114333,0.557913664702099,0.5581085515498866,0.5582931122053436,0.5584682876707003,0.5586342376344784,0.5587914449830614,0.5589402764814273,0.5590815664443,0.5592149712192128,0.5593414824459999,0.5594611014297985,0.559574183648476,0.5596807905060012,0.5597815645027132,0.5598767505532909,0.5599663053067396,0.5600509031382956,0.5601300353045343,0.5602044577937685,0.5602741029689021,0.5603395642055082,0.5604003491188794,0.5604568335476013,0.5605095522648316,0.5605582167931621,0.5606030306055444,0.5606442738846035,0.5606817111732438,0.560715485420685,0.5607459935227773,0.5607730776507864,0.5607968756927777,0.56081763038992,0.5608348837177425,0.5608490121406443,0.5608601404135003,0.5608682117672137,0.5608731737512194,0.5608750230517544,0.5608738529077467,0.5608692765605715,0.5608618489256347,0.5608514212914593,0.5608381090761528,0.5608213602022443,0.5608015102842631,0.5607785274358776,0.5607522886705341,0.560722759102047,0.5606921352838932,0.5606536444573322,0.5606138844362434,0.5605704738578953,0.5605232940640216,0.5604723469315066,0.5604174118958409,0.5603586602887369,0.5602956615070892,0.5602285954536027,0.560157149713131,0.5600807691537447,0.5600000360896886,0.5599140309332743,0.559823465095856,0.5597275274472985,0.5596254670264112,0.5595179763631317,0.5594048329213902,0.5592857514805509,0.5591592595506665,0.5590267367412517,0.5588870745593162,0.5587403622921748,0.5585859827217651,0.5584234386086481,0.5582548378379485,0.5580735799184682,0.5578853143184669,0.557687534764336,0.5574798090955434,0.5572619189014908,0.5570333623189936,0.5567933542001483,0.5565424571221397,0.5562775048606965,0.5560013090871229,0.5557105717903428,0.5554059797103703,0.555087663600448,0.5547525265117338,0.5544020111948468,0.5540338384126322,0.5536485907950254,0.5532449131180163,0.5528215167231856,0.552378088184103,0.551914327413897,0.5514267072758823,0.5509164012068453,0.5503819209642677,0.5498228877588072,0.5492351834226671,0.5486460823964989,0.547976402752475,0.5473024731792459,0.5465952422157375,0.5458555428758929,0.5450793412029422,0.5442670244920442,0.543415756191089,0.5425244335100673,0.5415906929915225,0.5406125608409296,0.5395879885257762,0.5385163751483445,0.5373906569319047,0.5362136795544501,0.5349798002721272,0.5336880583013295,0.5323349643210323,0.5309177064732538,0.5294338046078371,0.5278785858283999,0.5262498683557941,0.5245440464062573,0.5227576039074153,0.5208861008469188,0.5189293376883715,0.5168732216514271,0.514722937327248,0.5124708254639804,0.5101119734540457,0.5076421501738588,0.5050538919675781,0.5023434230628214,0.49950515016881974,0.4965314255877963,0.4934173332124775,0.4901555524590215,0.48673930479938293,0.4831612978665437,0.47941376559048443,0.47548862184820684,0.4713791429742885,0.46707150692104604,0.4625618288022971,0.4578380777496247,0.4528910644972514,0.4477099696989937,0.44228260966673943,0.4365974881095631,0.4306480185183746,0.42440893833199733,0.41788018516751413,0.4110369713533293,0.4038749956164003,0.3963687689484383,0.38850979208099834,0.3802808033892178,0.37165597239040304,0.3626261502321798,0.3531690579583471,0.3432620905057514,0.33288697962560077,0.32213754638961917,0.3106451937431352,0.29921055448560624,0.2862334037080907,0.27315746312049943,0.25947656701338856,0.2451156094025529,0.2300911989320784
0.12458833642950079,0.5461842226396769,0.5471793118283839,0.5481117834761631,0.548986213038662,0.549807139347497,0.5505785124013243,0.5513040243087909,0.5519869234734048,0.5526302370167315,0.5532366667828118,0.5538085892695771,0.5543479245965249,0.5548575835759343,0.5553391825865295,0.5557942760865615,0.5562247028845045,0.5566320025445266,0.5570169831488986,0.5573820341896071,0.5577270665493598,0.5580542263331774,0.5583641708013356,0.5586576537601255,0.5589361298154404,0.5591999233570093,0.5594501411528546,0.5596872111982566,0.5599117279033107,0.560124938932646,0.560327098270674,0.5605184492799787,0.5607000701249142,0.5608721527896539,0.561035464114875,0.5611898696806175,0.561336270567514,0.5614749388145104,0.5616063258671058,0.5617301865495354,0.5618475172629049,0.5619584531953593,0.5620631232143211,0.5621619638681772,0.5622553773326063,0.5623427777302447,0.5624252146389981,0.5625027261394712,0.5625753929356806,0.562643283479277,0.562707127634895,0.5627660909972697,0.5628213145858962,0.5628718757683554,0.5629191007684337,0.5629619633669366,0.5630011628952495,0.5630370459201546,0.5630696054909369,0.5630983374819805,0.5631235222734857,0.5631456606134315,0.5631643800451988,0.5631811936927046,0.5631923486152164,0.5632016578087581,0.5632076544548817,0.5632106265915764,0.563210434688734,0.5632074309057474,0.5632008811408209,0.5631914351946201,0.5631788462799859,0.5631631784993152,0.5631442655714155,0.5631218348306356,0.5630965792898439,0.5630678018842838,0.5630354819093384,0.5629995749514883,0.5629607182394182,0.5629177463092684,0.5628710756731305,0.5628205629907889,0.5627663234183997,0.5627079995741818,0.5626455899490559,0.5625787123611737,0.5625077835700298,0.5624320906284493,0.5623512376364673,0.5622658562559814,0.5621753940248652,0.5620795110989104,0.5619783227161502,0.5618713451845169,0.5617580873725277,0.5616388784522742,0.5615134151612697,0.5613812475671528,0.5612416251231467,0.5610949909449935,0.5609407322551822,0.5607789310860544,0.5606081767691052,0.5604290213698939,0.5602407841293866,0.560043242088321,0.5598357843647146,0.5596180928961523,0.5593902042149023,0.5591504748817132,0.5588985699398733,0.5586343146426933,0.5583588984935803,0.5580674328984597,0.5577641625179012,0.5574440896258995,0.5571095918115598,0.5567589561935684,0.5563914393487109,0.5560061959318515,0.5556032302748467,0.5551793939980884,0.5547360991042557,0.5542714090529539,0.5537846639484238,0.5532745950814164,0.5527402273359088,0.5521801921144304,0.551598222117725,0.55097892357401,0.5503348736267695,0.5496603216586946,0.5489549425932996,0.5482163610833457,0.5474379307131221,0.5466261187803949,0.5457745300488163,0.5448831830859582,0.5439496355706915,0.5429712146433072,0.5419471067079515,0.5408737724428262,0.5397495083691182,0.5385721506603369,0.5373390447065842,0.5360470574756299,0.534694005036771,0.5332785382450743,0.531792422400353,0.5302376041242842,0.5286094437634711,0.5269185354448869,0.5251167430912642,0.5232452379061728,0.5212854591971299,0.5192340938650958,0.517082282410511,0.5148306111103151,0.5124712686486991,0.5100007368607582,0.5074130886581746,0.5047026267356274,0.5018640871261648,0.4988914219137026,0.4957766153430089,0.4925148922140448,0.4890989208903272,0.48552069319228375,0.48177303985832887,0.47784802940981697,0.47373726054441423,0.4694310020899548,0.4649210837727802,0.4601976977916389,0.45525014876382924,0.45006849506584357,0.44464136248977154,0.43895697218148244,0.43300447439489603,0.4267777033156982,0.4202369916516535,0.41339634402140146,0.4062320097121155,0.39872800718222856,0.3908686148825171,0.3826375143861895,0.37401536602999796,0.3649854197200716,0.35553103145481113,0.3456218374895955,0.33524660508165005,0.3243798816381665,0.31299871545879504,0.30108009453454926,0.28859285266258006,0.2755162528464235,0.2618200278544189,0.24747521144938983,0.23245099015339876
0.12103600283829954,0.5477317393201657,0.5487743714030551,0.5497505550856868,0.5506653852167462,0.5515235088255025,0.5523293715166102,0.5530867981391392,0.5537994367446462,0.5544705641836606,0.5551025566200128,0.5556984810457399,0.5562606364732832,0.5567913528533089,0.5572925963561399,0.5577656542098743,0.5582131034671074,0.5586363618938104,0.5590370225930031,0.5594159141262421,0.5597748181985924,0.5601146165110479,0.5604363959058096,0.5607416508929585,0.5610301292307291,0.5613038320789914,0.5615633936162733,0.5618095205864758,0.5620426683587857,0.5622638232981634,0.5624733820209069,0.5626721565366053,0.5628605331135904,0.5630390856791453,0.5632083402545999,0.5633686539579515,0.5635209449790044,0.5636644467721822,0.5638007507960812,0.5639294625906286,0.5640511296787051,0.564166246670236,0.564274968121695,0.5643776213756961,0.5644743048381844,0.5645656396357862,0.5646512220476027,0.5647318217765266,0.5648076242545381,0.5648784424836122,0.564944757511706,0.565006105213811,0.5650636116235187,0.5651165936827739,0.5651656988494377,0.5652109931958523,0.5652523832237303,0.5652901266399694,0.5653244329494506,0.5653548021689482,0.5653819834332062,0.56540571059568,0.5654258947799349,0.5654428271416915,0.565456747821943,0.5654672471650999,0.5654744289719748,0.5654785641123355,0.5654795524205998,0.5654774374889605,0.565472040340403,0.5654633921270881,0.5654520491818884,0.5654368430881443,0.565419026016663,0.5653976155120422,0.5653727926571402,0.5653444580262564,0.5653132121544426,0.5652779257106114,0.5652395161163233,0.5651973406815118,0.5651513385426752,0.5651013283783022,0.5650476356860659,0.5649899024905529,0.564927806782698,0.5648614510194027,0.5647908983341586,0.5647154904046698,0.5646352150498217,0.5645501461537665,0.564460095662727,0.5643646806001975,0.5642634917607281,0.5641567811568067,0.5640442337153683,0.563925167627535,0.563799809414717,0.5636677705753457,0.5635287215674172,0.5633822540935918,0.5632283282003737,0.5630664997820387,0.5628960178421973,0.5627173212558478,0.5625295697212737,0.562331804896952,0.5621245175388856,0.561906992281066,0.5616785482965763,0.5614390155015359,0.5611875665048112,0.5609238563383687,0.5606472348581808,0.5603571646254634,0.5600529823263393,0.5597340583101172,0.5593996626801881,0.5590507303738962,0.5586816750957219,0.5582966567316763,0.5578930909216906,0.5574701297757283,0.5570267493562193,0.5565623378464711,0.5560760557146679,0.5555654983259568,0.5550309633886406,0.5544714409091817,0.5538844874670391,0.5532700697172444,0.5526269011701088,0.5519516524163467,0.5512448476905941,0.5505047065099643,0.5497291607536495,0.5489168961058856,0.548065916020965,0.5471745835732684,0.5462408341758834,0.5452629842269434,0.5442384117444472,0.5431651583598444,0.5420411112082232,0.5408642223574793,0.5396305765486382,0.5383388264488529,0.5369856686060307,0.5355689569107385,0.534084146652268,0.5325297770243984,0.5309018447099667,0.5291951043742449,0.5274086080574633,0.5255372873771864,0.5235773642953738,0.5215245196388268,0.51937443540009,0.5171221738507029,0.5147633780460248,0.5122927557296522,0.5097050680191093,0.5069947986791231,0.5041559873125345,0.5011828429164894,0.49806899697617124,0.49480729116884165,0.4913908915367728,0.4878128244357809,0.4840651091567977,0.48014010598070567,0.47603805971893576,0.47172318663665835,0.4672132576322827,0.4624896751618338,0.45754227122876473,0.45236075993530356,0.4469335764952815,0.4412591810641344,0.4352957716358629,0.42905998205841367,0.4225291424698788,0.41568856117786634,0.40852452431234954,0.4010224778998276,0.39316084640586524,0.38492923054587963,0.3763076547973694,0.36727764183856326,0.35781984078670614,0.3479139468701665,0.3375392723517542,0.3266725819217761,0.3152923036090431,0.3036191359106763,0.29088502627009427,0.27782880301720897,0.2641123165256644,0.2497688761340297,0.23474290306371115
0.11758495540521567,0.5491808073066055,0.5502737144035408,0.5512958748746172,0.5522534370615043,0.5531508514737584,0.553992888710124,0.554783899803438,0.5555278307331519,0.5562277255740875,0.5568865544159822,0.5575076365686837,0.5580930577233065,0.5586456115158681,0.559167216780292,0.5596599841212286,0.5601254921014832,0.5605658048535899,0.5609820412423937,0.5613761595750616,0.561748577547827,0.5621014316739161,0.5624359139543438,0.5627528235818205,0.5630520478091194,0.5633365627885448,0.5636056440821383,0.5638612847667709,0.5641029804447545,0.5643323588375669,0.5645500792091895,0.5647561594074448,0.564951574719123,0.5651366784950654,0.5653125033188997,0.5654786997788194,0.5656363217183756,0.5657854801035992,0.565926547108806,0.5660603641244402,0.5661867563496605,0.5663062564468112,0.5664191213305666,0.5665255788368257,0.5666260103362477,0.5667208903644002,0.5668100039780339,0.5668936379764989,0.5669724320702281,0.5670459056501341,0.5671148346438676,0.5671792824557297,0.5672391961760656,0.5672947261889568,0.567346367906785,0.567393690068317,0.5674372057947729,0.5674769847702774,0.5675126676679022,0.5675450801748914,0.5675737930629806,0.5675991430263333,0.5676209281008012,0.5676392802563411,0.5676545103546025,0.5676664087205093,0.5676752436521332,0.5676802970434819,0.5676826608273924,0.5676813383369014,0.5676770995313307,0.5676696220785717,0.5676589471849426,0.5676449823372922,0.567627614650017,0.5676071578178343,0.567583172924465,0.5675557470466078,0.5675249553225036,0.5674906082449479,0.5674526278525389,0.5674113255016385,0.5673656483653509,0.5673165353945788,0.5672632525697648,0.5672061582418536,0.5671444078722375,0.5670787488097108,0.567008565171501,0.5669334854000446,0.5668536140403819,0.5667694089456687,0.5666791208364845,0.5665840997044564,0.5664834237601648,0.5663770617944949,0.5662647814996862,0.5661459970544436,0.5660209929516492,0.5658892197245767,0.5657505770124335,0.5656041470666171,0.565450346425909,0.5652885359987647,0.5651194377691721,0.5649398587987877,0.56475361443465,0.5645551209151798,0.5643477523976453,0.5641304899358319,0.563902267015891,0.5636626892387713,0.5634118579621938,0.5631477906206923,0.5628715917424943,0.5625814506533762,0.562277694897598,0.5619588205054161,0.561624359767024,0.5612745173751542,0.5609065058611846,0.5605215675452783,0.560118145848788,0.5596950472656578,0.5592524047232765,0.5587874735017202,0.5583009291631988,0.5577909208225005,0.5572565152231137,0.5566966716477658,0.5561101498349615,0.5554955421644805,0.5548519932145162,0.5541774887192203,0.5534715131150965,0.5527306064652913,0.5519552292488388,0.5511429308065632,0.5502921274942622,0.5494008480512922,0.5484669446961676,0.5474894722741029,0.5464662519820834,0.5453928327580617,0.544268055406889,0.5430921407764764,0.5418571130068435,0.5405650616106621,0.539212115037795,0.5377951012408463,0.5363156094243916,0.5347557671148612,0.5332022672959963,0.531421687918066,0.5296364562470726,0.5277638312280338,0.5258063509999327,0.5237509892813836,0.5216007434556962,0.5193498539085352,0.5169906859408652,0.5145193210605228,0.5119316397549584,0.5092214217245149,0.5063828191639715,0.5034097640836634,0.5002961243547103,0.4970345613563873,0.49361755744086894,0.4900401147245582,0.48629196754111315,0.4823667386884667,0.4782557806345913,0.47395018865487126,0.46944079043989706,0.46471730618772245,0.45976916868400647,0.4545875268000257,0.4491603892289083,0.4434769718898932,0.4375225227754898,0.43128728410033956,0.4247558829180398,0.4179160086178254,0.41075103170437155,0.40324728590184034,0.3953880008740558,0.387156568309793,0.37853677110165385,0.3695046081935328,0.36004657541892304,0.350140960575151,0.33976591517659205,0.3289046050627959,0.31751783924355076,0.3055971980050998,0.2931121820774698,0.2800354250204065,0.2663400747009091,0.251994294551611,0.2369709268036987
0.11423230620163467,0.550531303593859,0.5516775672233084,0.5527484349996484,0.5537506423013487,0.5546897239972738,0.5555698338281163,0.5563964519712733,0.5571726213509208,0.5579030552381128,0.5585901364035695,0.5592375054405372,0.559847581407727,0.5604230229542282,0.5609659831051723,0.561478935965133,0.5619629639730196,0.5624206741619987,0.5628534069186083,0.5632627777513445,0.5636500394950207,0.5640167575442279,0.5643637971805793,0.564692431507941,0.5650038121140629,0.5652987516634467,0.5655784051786231,0.5658433077772688,0.5660944776646178,0.5663326199486841,0.5665579900257791,0.5667720328428216,0.5669747024382347,0.5671666463232515,0.5673487227183008,0.5675213542407174,0.5676848047073427,0.5678395168534691,0.5679858931602945,0.5681247704144934,0.5682556766327066,0.5683798093972602,0.5684970255289644,0.5686074648004817,0.5687119956760606,0.5688103582216769,0.5689029417316265,0.5689899793375625,0.5690718932991188,0.5691486360451155,0.5692202623799439,0.5692874207069606,0.5693501705981554,0.569408052460892,0.5694620631561014,0.5695115440842062,0.5695569657474919,0.5695987841423,0.5696366259818811,0.5696706987304859,0.5697014111619123,0.5697281841912308,0.5697515604016379,0.5697716135156696,0.5697880933045748,0.5698017609707883,0.5698117469394337,0.5698179338364487,0.5698212242147518,0.5698220161889129,0.5698182392744979,0.5698117762006975,0.56980178089677,0.56978901969694,0.5697732136410076,0.5697534985460855,0.5697297589959036,0.5697032542896762,0.5696731558393701,0.569639449313967,0.5696020491725478,0.5695611301005273,0.5695163200685179,0.569468272525202,0.5694151051161045,0.569358419020875,0.5692974659086493,0.5692321339902561,0.5691620913234268,0.5690877099262533,0.569008395884636,0.5689242559837928,0.5688346591920502,0.568740005104572,0.5686396165934738,0.5685334862114594,0.5684213955715225,0.5683031641426671,0.5681784127827678,0.568047140290147,0.567908255554428,0.567762340849695,0.5676088637349158,0.5674475497785427,0.5672774434679378,0.5670989244495311,0.5669121678080598,0.5667144684181485,0.566507408610415,0.5662901852446577,0.5660621301595646,0.5658228811763683,0.5655718330837686,0.5653082922043183,0.5650319054409878,0.5647421572787473,0.5644382071938067,0.564120010937232,0.5637852749198445,0.5634355991027575,0.5630679383351245,0.5626829707906997,0.56227976408911,0.5618570101571982,0.5614136249688639,0.5609491807133381,0.5604627641463101,0.5599527445662671,0.5594184836511197,0.5588672558755885,0.5582721699444858,0.5576624545389021,0.5570180549142627,0.5563396506253689,0.5556331624631556,0.5548928942311518,0.5541176433730426,0.5533053984728159,0.5524550193824969,0.5515632111297998,0.5506298009015501,0.5496518107479278,0.54862722589575,0.5475541994430019,0.5464301622396127,0.5452531645915355,0.5440199770597097,0.5427281957804616,0.5413753314437297,0.5399588907451733,0.5384740443618805,0.5369187829049261,0.53529026614405,0.5335854040636161,0.5317983147746717,0.5299270119787239,0.5279675576419549,0.5259142362196658,0.5237640704187161,0.5215119186071214,0.5191530924850771,0.5166825726770465,0.5140953529182406,0.5113846103566572,0.5085461845154389,0.5055727496594753,0.5024589929522195,0.4991969943167696,0.4957809228461582,0.49220298240332117,0.48845521661294167,0.48453039709591417,0.480419083304113,0.47611320065435614,0.47160325319914753,0.46687994105063557,0.46193243295092506,0.4567508699248718,0.4513238013930652,0.44563939414705855,0.4396861766747941,0.4334502536427427,0.4269195088919926,0.42007930414145933,0.4129143016789689,0.4054107230778322,0.39755132501887636,0.38931987269001783,0.3806979835476261,0.3716679761453595,0.36221004534190204,0.3523073247878261,0.3419291202954151,0.3310629281029112,0.31968133645572244,0.307760755907533,0.2952848657084992,0.2821986994463082,0.2685028429145581,0.25415811712745423,0.23913331476529864
0.11097524964120718,0.551782981150632,0.5529854778908961,0.5541082222672494,0.5551578205063259,0.5561401131649804,0.5570609615446382,0.5579247035274106,0.5587352524294019,0.559497385716123,0.5602143047349905,0.5608892246744768,0.5615248892574332,0.5621246319680502,0.5626897485144686,0.5632232433474046,0.5637271434407777,0.5642032804728847,0.56465315590161,0.5650787407665855,0.5654812407965046,0.5658621022083963,0.5662221149724066,0.5665635605543609,0.5668871377854753,0.5671931442169863,0.5674832908699962,0.5677581433119121,0.5680183514312277,0.5682652675833263,0.5684996046176981,0.5687212660016119,0.5689314940635315,0.5691305986255667,0.5693195442521151,0.5694983548297149,0.5696677825005145,0.5698288450566129,0.5699802955496985,0.5701243470753304,0.5702602616580994,0.5703890477901924,0.570510548186737,0.5706252733019656,0.5707335862544564,0.5708359689656769,0.5709323242960289,0.5710226310806723,0.5711075999680545,0.571187700627676,0.5712623321237469,0.5713321067547018,0.571397573927669,0.5714578592223016,0.5715142932392198,0.5715660010759751,0.5716139574658764,0.5716578031138626,0.5716978411077114,0.5717335994251918,0.5717659056709798,0.5717947937215974,0.571819748804862,0.5718413208398514,0.571859248267415,0.571873854575462,0.5718851517432789,0.5718929806950257,0.5718977012202608,0.5718987544814571,0.5718966855675953,0.5718913336267731,0.5718825792980706,0.5718707373208767,0.5718551736195607,0.5718363649387069,0.5718142117095246,0.5717883324228062,0.5717589259532815,0.571725932252778,0.5716894258179004,0.5716490907420194,0.5716050809399053,0.5715588633832405,0.5715047678849016,0.5714486185803787,0.5713881720867372,0.5713240745770622,0.5712538577791902,0.5711798823854737,0.5711014201600072,0.5710171767017391,0.5709283362499941,0.5708338603633362,0.5707347695120834,0.5706283529940426,0.5705163613287545,0.5703985085321454,0.5702741395272117,0.5701427822599427,0.5700045391859063,0.5698587437563445,0.5697054919916781,0.5695441516845382,0.5693744918522445,0.5691962478390612,0.5690089005706354,0.568812211364968,0.5686055191464703,0.5683882919159942,0.5681605528617674,0.5679212164228543,0.5676703535883862,0.5674072213778861,0.5671307350972569,0.5668413942615469,0.5665372980237007,0.5662187208121502,0.5658847830941877,0.5655346481545991,0.5651675381986107,0.5647831836626187,0.5643793134950438,0.5639566727578333,0.5635136645783088,0.5630496203505984,0.5625628667827766,0.5620531813993478,0.5615186977291123,0.560959065707929,0.5603727541024638,0.5597582337094855,0.5591147879516271,0.5584402099640252,0.5577341238957068,0.5569936429597704,0.5562184769978771,0.5554061757695893,0.5545554008361806,0.553664276081199,0.5527312444204004,0.5517525914525911,0.5507283507792684,0.5496554123239749,0.5485313108642668,0.5473540161820531,0.5461209633893204,0.5448295548064165,0.5434769925213402,0.5420599360034621,0.5405747300855734,0.5390236514315798,0.5373917464684667,0.5356912882601484,0.5339007128956557,0.5320282520156735,0.530068307504711,0.528017340026887,0.5258656163322704,0.5236133642561179,0.5212546541859736,0.5187853667596308,0.5161974419351016,0.5134898033968934,0.5110943706042052,0.5076745308911385,0.504560250341546,0.5013321252507827,0.4978832930735582,0.494304413966154,0.49055709562965977,0.48663165365360794,0.48252179778681326,0.47821500001534956,0.473705001794248,0.4689819844144223,0.46403437217688476,0.4588524530535758,0.453428983295232,0.4477410782677612,0.4417874762398834,0.43555190060800464,0.42902369387918915,0.4221808459115872,0.4150160763209112,0.4075128319226715,0.3996529299758448,0.3914212397075247,0.3828140205076367,0.37377041488864715,0.3643126132825797,0.3544058995863629,0.3440311409190644,0.33316476286656477,0.32178299453537756,0.30986236655289817,0.29737720620769126,0.284300574783145,0.2706057495670355,0.25625956000919464,0.24123630811697971
0.10781106013205938,0.5529372837935312,0.5541976346469666,0.5553753783914398,0.5564748216921074,0.5575032933503309,0.558466622648263,0.5593692520970803,0.5602161509127479,0.5610117198567395,0.5617599413155536,0.5624636393815603,0.5631264357973897,0.5637506032344688,0.564339113680723,0.5648945343005614,0.5654186973174441,0.565914014534207,0.5663816572761835,0.5668239635739835,0.5672423766699883,0.5676379301020954,0.5680125281127739,0.5683665832408276,0.568702169682465,0.5690203343277314,0.5693212985020661,0.5696069306169614,0.5698770274460248,0.5701327136104787,0.5703759779734147,0.5706055532441325,0.570823677595826,0.5710304012716875,0.5712260148641165,0.5714118881854806,0.571587344222026,0.5717539279748897,0.5719116117456927,0.5720605607394641,0.5722018403282951,0.5723354185976098,0.5724616116258466,0.5725808095103063,0.5726933116735502,0.5727993653640335,0.5728993221473684,0.5729931759095193,0.5730816932216726,0.5731647385402712,0.5732429506605471,0.573315689689644,0.573383121532701,0.5734463797629835,0.5735050268851631,0.5735596714710217,0.5736101033756497,0.5736558984659328,0.5736975543950429,0.5737356294130123,0.5737695640086532,0.5737999568843117,0.5738266741939644,0.5738498228319688,0.5738694198423888,0.5738857161717248,0.5738982856157271,0.5739075171199916,0.5739132652180247,0.57391574975546,0.5739148636749546,0.5739105183660344,0.5739028234098746,0.5738916131145051,0.5738771367357273,0.5738593356675804,0.5738379248333444,0.5738129922451085,0.5737842812705775,0.5737523661652285,0.5737164040752953,0.5736766602668195,0.5736336346817573,0.5735860978391217,0.5735343659604436,0.5734787224901182,0.5734187141730266,0.5733547972243404,0.5732858669702722,0.5732119718642519,0.5731335919729034,0.5730501880687874,0.5729617627174773,0.5728674949623384,0.5727679728136407,0.5726626631326353,0.5725573753626408,0.5724335267544827,0.5723096870704258,0.5721789990803346,0.572040645676609,0.5718950360620375,0.5717420215069057,0.5715810980220691,0.5714118213135002,0.5712334584250846,0.5710464180162055,0.5708497360551597,0.5706435818113147,0.5704264429541218,0.5701985917917017,0.5699596612276658,0.5697091039834282,0.5694457767614793,0.5691695951218935,0.5688800730102989,0.5685764180000384,0.5682586182306043,0.5679241724726151,0.5675773769141755,0.5672079868360969,0.5668233803195193,0.5664190415075444,0.5659964062817242,0.5655534165093946,0.5650893294928393,0.564604555036556,0.5640932933772373,0.563559168783349,0.5629994182319409,0.5624131088219895,0.5617988305534516,0.561155144724996,0.5604820023140877,0.5597745096587758,0.5590363526936528,0.5582593185462296,0.5574469730108699,0.5565963675158384,0.5557053948709703,0.5547719712480468,0.5537938017838413,0.5527694196266691,0.5516964917799769,0.5505744642342781,0.5493952251404317,0.5481624918171184,0.5468713821614635,0.5455190438838463,0.5441004240795456,0.5426161787722636,0.5410624082871229,0.539433694032807,0.5377277611130014,0.5359426731055763,0.5340697220040698,0.5321097699754838,0.5300569129301113,0.5279069652808294,0.5256552415377871,0.5232962188620709,0.5208255507946132,0.5182380443436602,0.5155277463983367,0.5126890556782056,0.5097158976301734,0.5066020858675586,0.5033406248343684,0.4999240541009989,0.496346929759375,0.4925986486325167,0.48867349716129216,0.48456254939597365,0.4802576914946106,0.4757469778135829,0.4710239509104408,0.4660760047628932,0.46089427018221574,0.45546709523036005,0.44979793170215987,0.44382937500649516,0.4375977966143081,0.43106395070913905,0.4242224010904465,0.4170579873139546,0.4095540908815509,0.4016946599311819,0.39346427924805644,0.3848414308565029,0.3758117108253163,0.36635376329018965,0.3564480240313892,0.346072886081796,0.33520616666135933,0.3238269588188823,0.31190935226994304,0.29941929692478153,0.2863452838578992,0.272646325999043,0.25830140951096064,0.2432774327006184
0.10473708979594494,0.5540403998840525,0.5553133787968919,0.556548944506177,0.5577016928949636,0.5587787848193329,0.5597866432522847,0.5607305848032653,0.5616157575417297,0.562446708074491,0.5632272321484392,0.563961316985345,0.5646520663215031,0.5653027086606786,0.5659157731893676,0.5664941181626161,0.5670398948064922,0.5675544599843758,0.5680409711255975,0.5685006854587781,0.5689353427947377,0.5693466778724248,0.5697354524338335,0.5701034824519424,0.5704518434810552,0.5707817951173376,0.5710942664110031,0.5713901148775162,0.5716706848999819,0.5719363247197983,0.572188198365616,0.5724268692754328,0.5726526983218923,0.5728671310042198,0.5730704248150327,0.5732627401475375,0.5734447590269953,0.5736175093331715,0.5737808354669433,0.5739357429298474,0.5740819032671074,0.5742204622355159,0.5743512747061097,0.574475044211833,0.5745917792131688,0.5747019783418813,0.5748056573124403,0.5749034533035395,0.5749952604743783,0.5750819108571068,0.5751624598340539,0.5752382507880006,0.575309162222169,0.5753749879806405,0.57543623547297,0.5754930565361847,0.5755455233550645,0.5755936524099612,0.575637843749712,0.5756776346545993,0.5757137504703891,0.5757460366264563,0.5757747809825635,0.5757992784233124,0.5758205227433348,0.575838277842273,0.5758521447429971,0.5758629296071496,0.5758700663282896,0.575873565098109,0.575874205995486,0.575870797077482,0.5758640438689098,0.5758539753123513,0.5758404995682469,0.5758234647328787,0.575802939531723,0.5757788409351724,0.5757512791529368,0.5757198556510926,0.5756849562303255,0.5756469329729007,0.5756030317737267,0.5755561369296776,0.5755053652398402,0.5754502029623301,0.5753920821877424,0.5753270155626284,0.575258642453686,0.5751856023861874,0.5751077510638837,0.5750247840408582,0.5749365107511563,0.5748430040197984,0.574745101314413,0.5746386205061249,0.5745279062694553,0.5744104072361697,0.5742864609142049,0.5741558349445854,0.5740182790875938,0.5738728970080063,0.5737206075915767,0.573559386433998,0.5733905973851146,0.5732124100022132,0.5730255484877995,0.5728290304486227,0.5726227256963308,0.5724061545514614,0.5721787269994684,0.5719399760792522,0.5716891353129314,0.5714260810300117,0.571150283661979,0.5708609304370906,0.5705572228243381,0.5702389962548361,0.569905270090466,0.5695551186068806,0.5691883631018807,0.568803867159033,0.5684016801807509,0.5679780943495489,0.5675354900071925,0.5670711180091286,0.5665846772041537,0.5660758781833103,0.5655410478753106,0.5649815845478604,0.5643952078797686,0.5637812901195509,0.5631377488712553,0.5624634652049169,0.561756941842696,0.5610169309018467,0.5602418602389692,0.5594296222592153,0.5585853292163039,0.5576891386121932,0.5567546765475282,0.555778350911607,0.5547522517658041,0.5536792088964254,0.5525554365965947,0.5513782869081931,0.5501458764783428,0.5488559880342779,0.5475007997122802,0.5460837592416747,0.5445992500463546,0.5430447063786921,0.5414162923740319,0.5397109300228445,0.5379240481137,0.5360531041061974,0.5340931163397897,0.5320405982030252,0.5298902559451641,0.5276383356439159,0.525279382870118,0.5228089284482228,0.5202214238511438,0.5175110966687183,0.5146727700642285,0.511699473085882,0.5085852691509788,0.5053237955563561,0.5019077050239429,0.4983322742204329,0.49458198422949573,0.4906581779176282,0.4865459322512653,0.48223998185123707,0.4777302139351939,0.47300664801973324,0.4680597370662079,0.46287774044598984,0.4574512833071693,0.45176647580811935,0.44581310506946753,0.4395774582867624,0.4330462831839583,0.42620857660239375,0.41904175015552125,0.41154019553802024,0.40367864549969534,0.395446622088196,0.3868277545958607,0.37780985582171933,0.3683373944894116,0.3584314556784688,0.34805626547804347,0.33718980097553936,0.3258090956890635,0.31388904126244116,0.3014043962675944,0.2883293348874025,0.2746301334760914,0.2602854002443558,0.24526082359424906
0.10175076625242988,0.5551118451894966,0.5563534650803555,0.5576291725545482,0.5588382084098754,0.5599669109270953,0.561021990626326,0.5620094502648926,0.5629349154845991,0.5638027364114468,0.5646176108854805,0.5653834568080085,0.5661036734557823,0.5667819213347991,0.5674206599406856,0.5680223726492409,0.56859016905079,0.5691260234417421,0.5696322004133755,0.5701100707165898,0.57056198192022,0.5709889161780672,0.571392713412518,0.5717751319114954,0.572136815999827,0.5724793710645514,0.5728034750477549,0.573110600880397,0.5734016512097617,0.5736771332181104,0.5739388226196159,0.5741857416708233,0.5744203487494036,0.5746425253969291,0.5748530942734363,0.5750525037972709,0.5752415845879328,0.575420398258185,0.5755899419577355,0.5757507567481118,0.5759021928124732,0.5760460915909357,0.576181710034687,0.5763103230111717,0.5764310140806819,0.5765454548461388,0.5766531725695683,0.5767547511989665,0.5768503776989338,0.5769399748109781,0.5770245101734873,0.5771030159807335,0.5771767426608536,0.5772455423648157,0.5773096197366792,0.5773687928314033,0.5774237474227478,0.5774739205068858,0.5775203237862853,0.5775622490688019,0.5776003293064331,0.5776347886746951,0.5776648059268019,0.5776913194897157,0.5777140742880481,0.5777338094247573,0.5777488205556278,0.577760833329173,0.5777695395821013,0.5777742608957849,0.5777756713455543,0.5777736792017161,0.5777681542052292,0.5777592365164426,0.5777467968635193,0.5777306228917837,0.5777111902286983,0.5776879040642254,0.5776610008322484,0.577630499698878,0.5775963332086831,0.5775579282697029,0.577515734623719,0.5774696140204814,0.5774194413338646,0.5773649659460985,0.5773062062895189,0.5772427864754716,0.5771748780998298,0.5771025762459128,0.577024913186209,0.5769423498624912,0.576854569710085,0.5767615180484428,0.5766625411953488,0.5765580369420985,0.576447276019712,0.5763302206255538,0.5762067215667033,0.5760765108932641,0.5759390842566661,0.5757940548344058,0.5756417723120228,0.5754810625894625,0.5753121926790701,0.5751347945224379,0.5749480511509293,0.5747516908795505,0.5745462414150467,0.5743291869814025,0.5741019126665369,0.5738630990328063,0.5736126454633038,0.5733500411234719,0.5730751438049524,0.5727848276692966,0.5724815958446974,0.5721632760492745,0.5718296264351254,0.5714797449377405,0.5711146389171624,0.570728530836967,0.5703256766195777,0.5699030002903663,0.5694603122100421,0.5689963309045613,0.5685101288765012,0.5680005594972649,0.5674666796947123,0.5669071940961808,0.566321057518068,0.5657067828258681,0.565064047893499,0.5643892922900997,0.5636828063234149,0.5629432689124714,0.5621678491901962,0.5613557224304869,0.5605055086476248,0.5596139187955641,0.5586804802682231,0.5577096692126702,0.5566788252889053,0.5556055963060024,0.5545188777059943,0.5533049592857242,0.5520723708091368,0.550780567461852,0.5494273441024335,0.5480102901628621,0.5465296646101435,0.5449716115643366,0.5433429059503667,0.54163735374593,0.5398541807859724,0.5379896448678279,0.5360350437053027,0.5339676450046087,0.5318168870473765,0.5295649715489661,0.5272061966224001,0.5247361168822328,0.522148163241497,0.5194379954263137,0.5165997500724511,0.513626195515912,0.5105123371028741,0.5072519787686807,0.5038346598456649,0.5002564649247623,0.49650895344453116,0.49258382476300167,0.4884728025182443,0.48416692428485986,0.47965724476539995,0.4749337781279358,0.4699866148836693,0.4648048469857078,0.4593777506721121,0.45369350661321084,0.4477434946889621,0.4415064846113822,0.4349738893207724,0.42813300727563286,0.4209697959588242,0.4134648816466454,0.4056053446996277,0.397373651290673,0.3887526342108635,0.37973589519880535,0.37026599094535084,0.3603585623041813,0.3499835670899867,0.33911694074543636,0.3277355077436012,0.31581513419434876,0.3033299502314135,0.2902532341523117,0.2765595886387295,0.26221387592377726,0.24718765904172235
0.09884959046625581,0.556147599855361,0.5573628310233197,0.5586191539272621,0.5598840640101745,0.5610673185203157,0.562172388769903,0.5632058696897029,0.5641735063185552,0.5650805985032026,0.5659312819092052,0.566730480808598,0.5674818171895513,0.5681885556361668,0.5688542565728325,0.5694809053361173,0.5700719669537523,0.5706295096116205,0.5711557760326377,0.5716528253464809,0.5721223559041748,0.5725666027517808,0.5729858119246493,0.5733830204133379,0.5737583063540345,0.5741138357070418,0.5744504420026083,0.5747695384941567,0.5750714215046534,0.5753569483163711,0.5756282077674612,0.5758849558347368,0.5761278680235518,0.5763581172854985,0.5765768406434193,0.5767831383337946,0.576979445853623,0.5771647288135529,0.5773403572802177,0.5775071351877915,0.577664171682877,0.5778132539429562,0.5779556408752642,0.5780875646429909,0.5782128409765529,0.5783314786160766,0.5784433521368764,0.578549125256459,0.5786480500359287,0.5787413412258307,0.5788289031177514,0.5789108605573677,0.5789876652556779,0.5790593273557509,0.5791259188792582,0.579187818134997,0.5792450993126391,0.5792978784692846,0.5793464487070374,0.5793909199913634,0.5794305985101185,0.5794668083595306,0.5794989700527982,0.5795272625308849,0.5795518307750627,0.579572519767535,0.5795895177616207,0.5796030029399517,0.5796128340374507,0.5796194679143933,0.5796220660577591,0.5796211802408445,0.5796166643035652,0.5796087305366433,0.5795973871413933,0.579582245356789,0.579563709982839,0.5795412902778984,0.579515311283335,0.5794856085087904,0.579451959321271,0.579414585902282,0.5793731326003458,0.5793277398540517,0.5792783154372331,0.5792241202373463,0.5791661805798362,0.5791032751473073,0.5790359918883562,0.5789638143654858,0.578886969256104,0.5788048092037594,0.5787175992339008,0.5786247149097815,0.5785262612301701,0.5784220691196416,0.5783116730721043,0.578195044429849,0.5780718451754732,0.5779419294377128,0.5778047401767168,0.5776601922080746,0.5775079897438596,0.5773477252826328,0.5771791384365978,0.5770017874692547,0.5768152833663327,0.5766192702680338,0.576413416495096,0.5761970744057883,0.5759699506766692,0.5757316142043495,0.5754812134724769,0.5752185838543499,0.5749432110221541,0.5746541936583169,0.574350574395643,0.574032514841461,0.5736991175911715,0.5733493618748982,0.572982773306259,0.5725989732284593,0.5721954736151483,0.5717734297971016,0.5713303883799326,0.5708664441327729,0.5703803060944376,0.5698708107968292,0.5693371430782656,0.5687776212977377,0.5681917710966115,0.5675775278387489,0.5669342168458898,0.5662602519691099,0.565553647243602,0.564813843809822,0.5640389048549648,0.5632270461209145,0.5623792046889129,0.5614850995683835,0.5605521930495452,0.5595740459203604,0.5585497977912255,0.5574770357030673,0.5563535238488774,0.5551761077995152,0.5539430568166507,0.5526515125101384,0.5512986050195504,0.54988164939425,0.5483973308011401,0.5468428959088811,0.5452145538228564,0.5435089462754278,0.5417225070886875,0.5398514060106868,0.5378915530863495,0.5358387011571037,0.5336889092546664,0.5314371140448134,0.5290780938457872,0.5266076715822162,0.5240202384947357,0.5213098854189563,0.5184715140578743,0.5154981388300387,0.512384846862508,0.5091229866893006,0.5057063652353442,0.5021286066761811,0.4983810411256694,0.4944560251835719,0.4903466175364102,0.4860389670775347,0.48152912904608136,0.4768061372011827,0.4718585584667195,0.4666768807766326,0.4612501964153332,0.4555656928833386,0.44961197320803986,0.4433770814535951,0.4368460556079492,0.43000512528121826,0.42284110677119924,0.4153368302210141,0.4074795255142959,0.3992462557095752,0.39062436718960636,0.38159424008709353,0.37213643720459244,0.362230631159015,0.35185708079661104,0.34098893105952216,0.329700643169577,0.3176871495416603,0.30520211043663925,0.2921254955642156,0.27842913877382197,0.26408426527821743,0.24907247292568413
0.09603113465608079,0.557102672764937,0.5583430150168435,0.5595670079492111,0.5608385214573159,0.5620796076532084,0.5632376852201832,0.5643200722761119,0.5653318203731074,0.5662798511840759,0.5671687858063338,0.5680031213914927,0.5687868551891226,0.5695238145862385,0.570217475660449,0.5708703696090333,0.571485870246461,0.5720659818486693,0.5726136582923044,0.5731305876028706,0.5736185405928267,0.574079681673169,0.5745158095688306,0.5749279831014307,0.5753183299795445,0.5756870598360756,0.5760364683502451,0.5763671175221086,0.576680292696346,0.5769769089239799,0.5772578653477561,0.5775245229846893,0.577776205805018,0.5780152347211284,0.5782415201452833,0.5784562222289235,0.5786594008057104,0.5788515066497777,0.5790339139641162,0.5792061429887604,0.5793695155067304,0.5795239106562499,0.5796699035403472,0.5798081148173672,0.5799386214856116,0.5800615374150339,0.5801777026922739,0.5802869956011443,0.5803904594558952,0.5804874484814797,0.5805781428085945,0.5806632990780703,0.5807430962153893,0.5808178760220992,0.5808875843771074,0.5809522406208052,0.5810119843565297,0.5810670989463804,0.5811177629127293,0.5811643943633982,0.5812071523609514,0.5812447373967634,0.5812786056088239,0.5813088923113268,0.5813352451768736,0.5813575702877938,0.5813767924936185,0.5813911027424432,0.5814022019488738,0.5814098956806533,0.5814139403572485,0.5814144546706189,0.5814110601570095,0.5814043491473344,0.5813939342811383,0.5813799323122694,0.5813622321106784,0.5813408632816558,0.5813157256026108,0.5812866923527101,0.5812539217808232,0.5812172532073084,0.5811767302930185,0.5811320031038296,0.5810830053204922,0.5810298011601223,0.580972309315701,0.5809101290350625,0.5808433693241447,0.5807717992936376,0.580695329435872,0.5806136772017512,0.5805273842565956,0.5804344441619024,0.5803364838659023,0.5802327691780824,0.5801226946926015,0.5800064391584058,0.5798834457573676,0.5797538159293905,0.579616921978179,0.5794727913325131,0.5793208755783082,0.5791609831244705,0.5789928029134519,0.5788155387008761,0.5786293370076538,0.5784333326373007,0.578227840526313,0.578011662554065,0.5777846222922932,0.5775464366999173,0.5772967151685446,0.5770342810948442,0.5767586530715015,0.5764694571455771,0.5761665343238758,0.5758496986062168,0.5755155408571476,0.5751654735010066,0.5747991843168815,0.5744152958040483,0.5740119365687931,0.573589703341173,0.5731474775261935,0.5726834294988052,0.5721971746444446,0.5716879641179681,0.57115419611288,0.5705948426593695,0.570008691564042,0.5693948448421362,0.5687513736137354,0.5680773925394408,0.5673711350025235,0.5666315562266846,0.5658564453395547,0.5650450813935975,0.5641938593704359,0.5633056637229439,0.562369550340565,0.561392379578346,0.5603677809198668,0.5592986486783097,0.5581729629986635,0.5569940555217188,0.5557612205008847,0.5544695826044769,0.5531169786793436,0.55169975084654,0.5502157009131996,0.5486612204204124,0.5470328144473616,0.5453275796594442,0.5435412040963943,0.5416698151459128,0.5397098561088991,0.5376573224343055,0.5355070847556023,0.5332551597617944,0.5308969315132986,0.5284263900752716,0.525838618880105,0.5231289534419273,0.5202907866265815,0.5173166225365794,0.5142028040372294,0.5109411445749619,0.5075249130429247,0.503947201801837,0.5002004390452685,0.4962798028004798,0.49216368523360066,0.48785784374302565,0.48334781698376006,0.4786245393698625,0.47367752063327556,0.46853517554156654,0.463068490713133,0.45738571971388764,0.45143079920896406,0.44519550637546645,0.43866418790310435,0.4318238196810511,0.4246593805278662,0.4171768457655818,0.4092967646209599,0.4010648075487117,0.3924429775912883,0.3834131972486685,0.37395933862544595,0.36405208656404786,0.35367452320328363,0.3428078747471572,0.3314270934024572,0.3195059340639586,0.307020695909778,0.2939440838753535,0.28029550867125635,0.2659030944988357,0.25087870328930495
0.09329304026284682,0.5579657433160145,0.5592678130339509,0.5604882270183643,0.5617269687290887,0.5630034124404146,0.5642175618593441,0.565350981055619,0.5664101780975422,0.5674016058258502,0.5683307369747507,0.5692017315822433,0.5700196358421612,0.5707882299917673,0.5715111506293098,0.5721916420586021,0.5728326596005887,0.5734364572368604,0.5740059519322108,0.5745435675133969,0.5750509619429536,0.575530407634359,0.5759834460758074,0.5764120261499521,0.5768168106726747,0.5771998827622628,0.5775626906797101,0.5779056803450391,0.578230674659307,0.5785383912838554,0.5788298062700986,0.5791058399480113,0.5793675384237595,0.5796151991320296,0.5798499741521701,0.5800720695424305,0.5802826987985752,0.5804820844958709,0.5806710307615245,0.5808498494170703,0.581019103066089,0.5811792967838204,0.5813307496426339,0.5814738780532286,0.5816094163931916,0.5817368005679001,0.5818574965242642,0.5819710964569138,0.5820780670457802,0.5821786366371826,0.5822733952614298,0.5823618522698338,0.5824453357856222,0.582522791787446,0.5825953922128525,0.5826627857332369,0.5827249305533296,0.5827830163605019,0.5828358861489416,0.5828847014089102,0.5829292517792217,0.5829691173642771,0.5830055792056421,0.5830371342114518,0.5830653105389823,0.5830892484234191,0.5831095139428367,0.5831260046619817,0.5831389036238388,0.5831478611409402,0.5831533688801862,0.5831548058068757,0.583153105687924,0.5831477466837052,0.5831379174354223,0.5831250177044146,0.5831083383879179,0.5830879276389805,0.583063779329105,0.5830356826558704,0.5830037493482054,0.582967831652155,0.5829279286093941,0.582883772784035,0.58283565116812,0.5827829685782635,0.5827261538210718,0.5826646398605946,0.5825983404804737,0.5825273710724448,0.5824513660996867,0.5823709689962282,0.5822839272739974,0.5821921916101435,0.5820945828971648,0.5819910479331996,0.5818816779128444,0.5817654608158281,0.5816431483686415,0.5815138300217351,0.581377218250636,0.581233327467144,0.581081770392409,0.5809219018004131,0.5807539268679778,0.5805769966123547,0.5803910607847205,0.5801958547889229,0.5799900118256482,0.5797743011356242,0.5795474394989081,0.5793094920404572,0.5790593874843342,0.5787971257009935,0.5785219321878509,0.5782330866453804,0.5779302048193304,0.5776124308746718,0.5772790838227578,0.57692973901762,0.5765634192536963,0.5761792011490627,0.5757765607601312,0.575354341694543,0.5749131656042656,0.5744482874575778,0.5739622900950351,0.5734531217935702,0.5729197544123986,0.5723599802313531,0.5717752433464679,0.5711602110940279,0.5705170041946074,0.5698428500385541,0.5691367666551057,0.5683971964803396,0.5676220997095764,0.5668102766566762,0.5659598006453868,0.565068908722111,0.5641355447091758,0.5631587057775629,0.5621337861823485,0.5610610461317939,0.5599374774899265,0.5587604497650001,0.5575285558576683,0.5562358681450909,0.5548831385825853,0.5534662723444661,0.5519819528630971,0.5504273899535459,0.5487997198248976,0.5470937118505669,0.5453072991021168,0.5434363116872473,0.5414764226852529,0.5394238291278768,0.5372739174307894,0.5350240488565025,0.5326631560242995,0.5301927046111342,0.5276053188491134,0.5249054519957111,0.5220564193659404,0.5190833752168428,0.5159744992076211,0.5127078691681495,0.5092917730533255,0.505714014460349,0.5019663123868109,0.49804138545069576,0.4939316099757023,0.4896249022044741,0.4851147252706568,0.48039139159133315,0.4754439275216423,0.47026231207951485,0.46483541541182455,0.4591521629974852,0.45319757507377484,0.44696211426804067,0.4404321478957274,0.4335949267852093,0.42642626488090807,0.41892379441145056,0.4110634286731111,0.40283189475809816,0.3942102274071142,0.3851802091201879,0.3757280404397728,0.36582782700128125,0.35544228033690506,0.34457467987068496,0.3333857555990131,0.32127474168525666,0.30879318337015726,0.29571155032626256,0.28202025520900115,0.26766999482781456,0.2528689710626948
0.09063301597607476,0.558735423052803,0.5601035424998527,0.5613755652666075,0.5625894278046514,0.5638436423774655,0.5651114107366112,0.566299239328484,0.5674083402881487,0.5684454623769947,0.5694164861440327,0.5703265141137506,0.5711804025067265,0.5719824471439079,0.5727361392521094,0.5734450987160804,0.5741126396797003,0.5747414918235724,0.5753345457773738,0.5758936281142567,0.5764211501603435,0.576919482212956,0.5773900494842392,0.5778350855761509,0.5782556711820452,0.5786534833925294,0.5790300732178302,0.5793862907328491,0.5797232712278604,0.5800425025031476,0.5803449989025912,0.5806313782593059,0.5809023300505584,0.5811593885081348,0.5814028333516471,0.5816330444474825,0.5818512233744451,0.5820581722458538,0.5822541678061227,0.5824392290596117,0.5826150321855276,0.5827807286104789,0.5829377256323455,0.5830865108209703,0.583226669662742,0.5833592009652254,0.5834842063332984,0.5836019815331552,0.5837129371548774,0.5838177552303491,0.5839159247165091,0.5840079916702554,0.5840946689584299,0.5841754034556182,0.5842507070459436,0.5843209850939426,0.5843861999246291,0.5844468697333853,0.5845021156048682,0.5845532847012327,0.5846000990713854,0.5846420897829812,0.584680236205109,0.5847147828106273,0.5847441601612523,0.5847699820810085,0.5847917904562956,0.5848099276472297,0.5848240985821372,0.5848345586589788,0.5848413691570666,0.5848445978033703,0.5848436982895977,0.5848402817158113,0.5848311021635888,0.5848193054156117,0.5848034433446805,0.5847840223865803,0.5847610357560176,0.5847335353366181,0.5847026459025547,0.5846675402042344,0.5846282989645498,0.5845853202596281,0.5845374589134614,0.5844858145216938,0.5844292930890964,0.5843683287906258,0.5843027297150917,0.5842323105586864,0.5841577828842991,0.5840763558262362,0.5839946839958561,0.5838989259040047,0.5838017962451764,0.5836990073951436,0.5835896122773251,0.5834741999145815,0.583352125207645,0.5832229936367647,0.5830869879589212,0.5829433012143181,0.582792218731121,0.5826324954728853,0.5824646140954024,0.5822883435627978,0.5821023053835084,0.5819071084368458,0.5817018549795442,0.5814862314610424,0.5812598600254334,0.5810218534890017,0.5807720969956021,0.5805103461036686,0.5802350925874752,0.5799462441147611,0.5796435439107349,0.5793257623447096,0.5789926462813334,0.5786433585609055,0.5782771378984545,0.5778931600445313,0.577490609080423,0.5770686937893411,0.5766262940601274,0.5761628947280338,0.5756767850859137,0.5751675164535542,0.5746339266153712,0.574074891071317,0.5734902693786108,0.5728761601167628,0.5722319854763439,0.5715587081431956,0.5708522037454489,0.5701122665651418,0.5693528545912305,0.5685257385034866,0.5676751750934046,0.5667845632974673,0.5658520264141218,0.5648735038185128,0.5638493813103967,0.5627772901083316,0.5616533676769693,0.5604759389495313,0.5592433235862084,0.5579549961937943,0.5566002216221505,0.555182144949686,0.553697933707652,0.5521434475766878,0.5505225117362784,0.5488096731655017,0.5470233581280016,0.5451522760006924,0.5431926927073161,0.5411398707940587,0.5389898720761332,0.5367381650229137,0.5343812342093059,0.5319103673205186,0.5293253336951179,0.5266114774409276,0.5237728395004956,0.5207996518970794,0.5176877234890034,0.5144241323197265,0.5110080320871143,0.5074300653228966,0.5036827196738694,0.4997576510378664,0.4956465671192303,0.4913410060554593,0.48683106207669535,0.4821078318343498,0.47718929895777046,0.4719788426065866,0.4665517185720773,0.46086742091802946,0.45491418323178284,0.44867837442745495,0.4421487789900992,0.4353072653062888,0.42814269264855265,0.4206389954581795,0.4127800072965666,0.40454819857118124,0.395926518555878,0.3873749182124122,0.3774389213003764,0.3675330497427908,0.3571578934976646,0.34629177385291837,0.33490990231813905,0.3229895572142489,0.3105046043525018,0.2974285472971088,0.2837314744016353,0.26938674235136867,0.2543625592454687
0.0880488358164346,0.5594103974938571,0.5608489300249107,0.5621844862018852,0.5634274728335592,0.5646491055563996,0.56591868500973,0.5671642071883577,0.5683258942606316,0.5694114281368261,0.5704269275560713,0.5713779278087547,0.5722698387186734,0.573106512128792,0.5738925383361126,0.5746317989954761,0.5753272259377037,0.5759821693097605,0.5765989154491551,0.5771805988428103,0.5777294476782256,0.5782480412627282,0.5787368069126206,0.5791990455254127,0.5796358383566051,0.58004893483931,0.5804398975887644,0.5808094266805616,0.5811593660272331,0.581490424384403,0.5818040567420149,0.5821010053783771,0.582382440883031,0.5826485424308568,0.5829008198984148,0.5831397379932267,0.5833665012918214,0.5835805190464596,0.5837834691326085,0.5839757315273801,0.5841574513964034,0.584329539191771,0.5844923349986898,0.5846463882783777,0.5847917765211711,0.584929203651865,0.5850592274495271,0.5851813392455519,0.5852968270981677,0.5854052398093547,0.5855073167817948,0.5856031425898737,0.585693102236688,0.5857770148189345,0.5858556659970058,0.585928983046752,0.5859968483172373,0.5860599898434208,0.5861182084478385,0.5861714422878984,0.5862203987134827,0.5862650076970929,0.5863052517674043,0.5863410105373025,0.5863726997100661,0.586400382926016,0.5864243772934323,0.5864437855018068,0.586459532994136,0.5864717705054522,0.5864799592867411,0.5864840404028351,0.5864849096869245,0.5864814154421188,0.5864747587994708,0.5864641561016984,0.5864491134711584,0.5864306515261168,0.5864082633533024,0.5863821079311772,0.5863519743590287,0.5863178038450787,0.5862794139547509,0.5862367303733572,0.5861901106577218,0.5861388453274151,0.5860830557984754,0.5860229771017224,0.5859578705215897,0.5858879460135602,0.5858130546553478,0.5857332324066318,0.5856476187506029,0.5855566423622548,0.5854599622220138,0.585357490895096,0.5852487008082796,0.585134699442167,0.5850117556526271,0.5848832445098183,0.5847475868716616,0.5846043434208911,0.5844530143719924,0.584293949701222,0.5841263547489919,0.5839501440583353,0.5837649881352712,0.5835696565129893,0.5833645991221471,0.5831491846071043,0.5829229351422668,0.5826852564536296,0.5824356758507584,0.5821737989137428,0.5818989987219526,0.5816106503078495,0.5813076565087699,0.5809903360408022,0.5806582233302072,0.5803088180806958,0.5799441653856042,0.5795586408952408,0.5791557045060897,0.57873401272458,0.5782916515698823,0.577828053869385,0.5773423590344504,0.576833221347354,0.5762997626761331,0.5757408117072808,0.5751550373989188,0.5745410755272884,0.5738981296643272,0.5732242232419187,0.5725182580092896,0.571779067800721,0.5710039406837615,0.5701921075505237,0.569342060824835,0.5684509519597184,0.5675178288833638,0.5665402048382095,0.5655161878954116,0.5644452146618293,0.5633199756996178,0.5621430184006371,0.5609099319824405,0.559618841087599,0.5582738733240331,0.556848989651133,0.5553650022830554,0.5538127275643815,0.5521824237826579,0.5504771654194546,0.548690783407373,0.5468202212709412,0.5448596176861187,0.5428091788340984,0.5406723448703323,0.5384056632351822,0.5360471443043691,0.5335762748370014,0.5309955425418333,0.5282785735507498,0.5254400257903683,0.5224671242491241,0.5193531135704758,0.5160920895592362,0.5126755854833988,0.5090974890370324,0.5053500206637629,0.5014251592101793,0.49731405172215715,0.4930088207513651,0.48849950696844713,0.48378893626303987,0.47882811543324316,0.4736474179898643,0.4682197014073867,0.4625387157252323,0.4566757915607647,0.45034608819381805,0.4438154612969645,2.0,0.4298109396152482,0.42230727082405095,0.41444795301717685,0.4062238482040919,0.3975949357610583,0.3885640915902293,0.3791062407346,0.3692500183894858,0.35882552336851314,0.3479633794872096,0.3365774837385069,0.3246572927395916,0.312171847871777,0.29909573205544376,0.28539909933215607,0.2710548374496233,0.2560298680827774
0.0855383372729865,0.5599886258054058,0.5615022899214136,0.5629058856030354,0.5642104236001337,0.5654314693841278,0.5666680539543982,0.5679449495759783,0.5691627036829908,0.5702992910242,0.5713617085920596,0.5723559108103067,0.5732873636127331,0.5741610707038887,0.5749811026165679,0.5757516476844583,0.5764765378853093,0.5771583856055069,0.5778006714750058,0.5784063603812873,0.5789774958766964,0.5795158802034772,0.5800242944199331,0.5805046535319958,0.5809584363446706,0.5813873501692232,0.5817930312020622,0.5821767324524412,0.5825398792994031,0.582883610550376,0.5832088055482368,0.5835170919074775,0.5838085789011416,0.5840847408353752,0.5843463833262943,0.5845940942786091,0.5848286114797123,0.5850505155247419,0.5852609519011954,0.5854602461503472,0.5856487699250632,0.5858273110035105,0.5859960650919926,0.5861554850590044,0.5863064107903065,0.5864489352231924,0.5865835630104912,0.5867104212823713,0.5868300633215379,0.586942643602401,0.5870489049968337,0.5871483116342481,0.587241591222223,0.5873292581015443,0.5874109820698873,0.5874871330027387,0.5875580111094728,0.5876238568549395,0.5876846744825208,0.5877407032422755,0.5877920897612501,0.5878395357182756,0.5878812183422775,0.5879189602069197,0.5879528201201185,0.5879826336114209,0.5880090727710062,0.5880291312742516,0.5880465167168873,0.588060016181654,0.5880697042016911,0.5880754675295693,0.5880772664290776,0.5880753000078238,0.5880696021465999,0.5880599187566175,0.588046551048657,0.5880293776664248,0.5880077829469964,0.5879825373463335,0.5879531498243213,0.5879199121950992,0.5878823700012424,0.5878405747770425,0.587794522553661,0.5877441555961,0.5876890220865857,0.5876296082904946,0.5875650665513122,0.587495725882615,0.587421590147163,0.5873419498674011,0.5872570880374418,0.5871665406480463,0.587070316055815,0.5869684475434158,0.5868605809516099,0.5867451204186124,0.5866238646191366,0.5864956148809999,0.5863601056685501,0.5862172024257226,0.586067246237561,0.5859076941062925,0.5857405695030751,0.5855645475012502,0.5853791323302977,0.5851844805987033,0.5849805376115247,0.5847647932059359,0.5845383861217227,0.5843009787128203,0.5840516970225864,0.583789783680034,0.5835150586109009,0.5832269856375913,0.5829246290339438,0.5826073886821067,0.5822743299742156,0.5819253987611199,0.5815594736864106,0.5811758260517843,0.5807731231089092,0.5803514922751369,0.5799094086274925,0.5794460248873212,0.5789603527284862,0.5784514734200416,0.577918043617016,0.5773588821446406,0.5767734681047764,0.5761640569218147,0.5755166603634402,0.5748428119147032,0.5741388161311642,0.5733975150367814,0.5726226103734267,0.5718108577168645,0.5709609915889595,0.570069841774552,0.5691367705451058,0.5681591861724062,0.5671368282951998,0.5660626951409445,0.5649392017608678,0.5637701446835344,0.5625295379570362,0.5612378599368807,0.5598852657109069,0.5584685276182939,0.5569844663912136,0.5554300104958727,0.5538016580455928,0.5520963663057065,0.55031023363321,0.5484392209760015,0.5464793681673434,0.5444266554234791,0.5422769185039795,0.5400253247881396,0.5376665018602812,0.5351962347801255,0.5326085124543773,0.529898508408882,0.5270607103186938,0.5240869307270856,0.5209728271303723,0.5177114942781849,0.5142953318965362,0.5107180383104416,0.5069700681333614,0.503045112395881,0.49893403062262065,0.4946282898814376,0.4901184103858732,0.4853950015280817,0.48044793713507633,0.47526665129079504,0.4698395201208622,0.4641556382458397,0.4582016454611992,0.45196600903694684,0.4454360333911014,0.4385947956247993,0.4314302810232993,0.4239268710262083,0.4160671947132951,0.4078402794617055,0.399214030318052,0.39018434013708503,0.3807263822965864,0.3708208405942456,0.3604455193314604,0.34957936150698926,0.33819778211473145,0.32627707492131647,0.31379223839988757,0.30071593900991717,0.2870192329734544,0.2726748093696845,0.25764991646530055
0.08309941949353392,0.560468243219118,0.5620619756381863,0.5635383127362069,0.5649085643891294,0.5661827022898382,0.5673958233759877,0.5686480240493623,0.569917888393988,0.5711086812812083,0.5722206513959555,0.573260439724163,0.574233881957606,0.5751461585302888,0.5760020062112061,0.5768056859060989,0.5775611883195176,0.5782716943245332,0.5789407115892985,0.5795711213758562,0.5801648570269282,0.5807250740628802,0.5812538610498105,0.5817527389113741,0.5822245295878888,0.5826699535230028,0.5830910424785424,0.5834892996814309,0.5838659442761821,0.5842226312048778,0.5845599157370197,0.5848794491236406,0.585182027108931,0.5854682780958705,0.5857394371669105,0.5859963919444001,0.5862393177354441,0.5864696152291538,0.5866878479710981,0.5868945520633823,0.5870897196477027,0.5872745101023805,0.5874495640259838,0.5876151953191332,0.5877713338551108,0.5879192504755567,0.5880588353502048,0.5881903622081137,0.5883146056205223,0.5884314546098215,0.588541535847767,0.5886449710649414,0.5887420231747512,0.5888330265349173,0.5889181527426292,0.5889976164095683,0.5890716548257225,0.5891399765148837,0.5892037732379038,0.5892623687239922,0.5893162079286072,0.5893651330951187,0.589410092921429,0.5894496314481914,0.5894854654431356,0.5895167929180765,0.5895442713768991,0.5895671543066474,0.5895862917727617,0.5896016444190506,0.5896127982565837,0.5896198571125314,0.5896230149102539,0.5896223080146599,0.5896178830194061,0.5896094761764253,0.5895970519506106,0.5895807896948758,0.589560579996479,0.5895361561955536,0.5895077794077774,0.5894755416692917,0.5894386988503778,0.5893976582030116,0.5893527131845097,0.5893029456912784,0.5892484895446201,0.589189511171444,0.5891258860703495,0.5890569920114732,0.5889835803717499,0.588904441866704,0.5888199501861123,0.5887299526895774,0.5886342389014513,0.5885326113422507,0.5884248345875132,0.5883103275732758,0.5881895191520896,0.5880616971470958,0.5879264389970771,0.5877839257215747,0.5876336784340789,0.5874752323896898,0.5873083315052048,0.5871326119264703,0.5869475822257149,0.586752881526781,0.5865485382295306,0.5863335974319144,0.5861076375896247,0.5858703297527857,0.5856212962923497,0.5853598663461544,0.585085139300432,0.5847971797034923,0.5844950922929675,0.5841775725622059,0.5838450005302275,0.5834965490848782,0.5831302789015637,0.5827468617450375,0.5823444713642526,0.58192672942539,0.5814809156464475,0.5810180788819905,0.5805322528042128,0.580023780069196,0.5794897964602573,0.5789328650206532,0.5783457237978257,0.5777317516460083,0.5770896362986099,0.576415180851804,0.5757093195831873,0.5749699293914405,0.5741951252108741,0.5733882119828736,0.5725335457905303,0.5716430799843484,0.5707115571640808,0.5697324440686724,0.568881644228383,0.5676359456213252,0.566513336711668,0.5653351505030801,0.5641046203925483,0.5628109969868517,0.5614585542286891,0.5600418334887871,0.5585580903712604,0.5570034597306588,0.5553750853833562,0.5536713522697955,0.5518834029930169,0.5500129256259448,0.5480529556677745,0.5460014099886656,0.5438501710811641,0.541598501728776,0.5392402585890758,0.5367695532220583,0.5341824274469344,0.5314746798458355,0.5286334690274591,0.525660369952257,0.5225472380631057,0.5192851478961387,0.5158691916287113,0.5122939107132513,0.5085439616238151,0.5046186727692181,0.5005087343244805,0.4962137537527027,0.49169223261255157,0.4869687894283117,0.48202168158724784,0.47684021401311893,0.47141318054686726,0.4657310560225115,0.45977602598411854,0.4535397607108367,0.44700886905738657,0.4401685700260747,0.4330042220872685,0.4255005855535463,0.4176411870032236,0.4094095622051858,0.4007882484876504,0.3917585936582375,0.3823005866775532,0.3723944738482613,0.36201935305819855,0.35115347310187767,0.3397716868716813,0.3278510358811773,0.3153660920295339,0.30228934888925457,0.28859318271297124,0.27424819977147524,0.2592240043373062
0.08073004152657436,0.56084660042903,0.562526458032901,0.5640804899208123,0.5655206157385497,0.5668582769958864,0.5681026740892992,0.5693222109781618,0.5705908102887994,0.5718392228067862,0.5730034363652063,0.5740914137608423,0.5751090474632535,0.5760620955877247,0.5769556322563231,0.5777942898806293,0.5785815616327208,0.5793222511245868,0.5800191606535373,0.5806751449010877,0.5812932725367543,0.5818759665120389,0.5824256569524883,0.5829444537742223,0.5834343655276304,0.5838968912620358,0.5843339931591488,0.5847475150727377,0.5851386253701856,0.585508629328639,0.5858588091657575,0.5861902393807354,0.5865036547464959,0.58680080642166,0.5870817530877145,0.5873480472112231,0.5876000364819207,0.5878387215756132,0.5880647553732342,0.5882787607345761,0.5884816429165093,0.5886729909019023,0.5888546536040642,0.589025855129074,0.5891880810118996,0.5893413671806714,0.5894861759170114,0.5896228984413331,0.5897514231350538,0.5898729358241708,0.5899870359140741,0.5900943519535785,0.5901954909571259,0.5902897959740441,0.5903783558700387,0.5904610464105461,0.5905380633326985,0.5906096113709183,0.5906762292139041,0.5907371691533564,0.5907938151058428,0.5908451355524029,0.5908917723602028,0.5909340515314696,0.5909720156382214,0.5910054604996482,0.5910344711395601,0.5910595602366472,0.5910802813717159,0.5910970213198827,0.5911095439737535,0.5911182350425122,0.5911230287509155,0.5911237261697403,0.5911204609811501,0.5911131402716762,0.59110232896876,0.5910869403318441,0.5910675583039936,0.5910443670232289,0.5910167825997199,0.59098522735981,0.5909495737685504,0.5909094590533503,0.5908650586904559,0.5908165119683412,0.5907624731137145,0.590704371112933,0.5906410520353099,0.5905730199514974,0.5905001224134973,0.590421469005764,0.5903375704065299,0.5902482002148827,0.590152909769396,0.5900518898610108,0.589944439046002,0.589830574432075,0.5897102531287424,0.5895824816722539,0.5894476917836751,0.5893054966789291,0.5891595491153189,0.5889976068424811,0.5888306693502613,0.5886587866763504,0.5884706692280669,0.5882763952694757,0.5880721123218549,0.587857566251387,0.5876318344519351,0.5873948541355092,0.5871458057839841,0.5868845262321424,0.5866102018679875,0.5863221772857737,0.5860201232643073,0.5857032348452046,0.5853708270770079,0.5850220481294786,0.5846562275956869,0.5842728095742918,0.5838709113614765,0.5834498044646916,0.583007471761571,0.5825442365516924,0.5820601545942788,0.5815505186913501,0.5810167802000105,0.5804583670671216,0.5798725901060434,0.5792597830857124,0.5786162397897939,0.5779427608549572,0.5772368492712668,0.5764978884442434,0.5757227552796427,0.574911289388177,0.5740637752635461,0.5731729452364551,0.5722377689260484,0.5712599666292216,0.5702381757090691,0.5691635669760888,0.5680418648527885,0.5668636259433593,0.5656306917101397,0.5643392387640466,0.5629866951306375,0.561571506481817,0.5600859645821167,0.558531999075635,0.5569035746057909,0.5551981481793159,0.5534121888853866,0.5515410183196371,0.54958137275286,0.5475287351071073,0.5453788801493028,0.5431270699940706,0.5407688925091639,0.5382983170472457,0.5357107840864688,0.5330017189703236,0.530162354832417,0.5271894197158853,0.5240883440530393,2.0,0.5173977499997602,0.5138200659950457,0.5100732678950461,0.506147510608078,0.5020366266947909,0.4977368304294961,0.49322158884704237,0.4884976659249386,0.48355061437527597,0.4783695072898755,0.4729419329792261,0.4672589268619637,0.4613046843899145,0.4550688730524527,0.4485378805579392,0.44169753034310333,0.43453315259228587,0.42702959342351,0.4191706924518974,0.4109390983012235,0.40231774588905234,0.39328825271569723,0.3838292879852606,0.3739234510220949,0.3635484264071316,0.35268194045107665,0.3413006265170992,0.32938011139120377,0.3168950002395404,0.30381841014174354,0.29012220589604093,0.27577732186895193,0.2607531241767461
0.07842822061337677,0.5611210532893428,0.5628931425053583,0.5645300108440354,0.5660452623885972,0.5674503200693812,0.5687564729587392,0.5699771348450019,0.5712126193104374,0.5724893740823134,0.5737094785773007,0.5748483718452132,0.5759129042259129,0.5769086773332736,0.5778420231266753,0.5787168365065087,0.5795385711226384,0.5803104544525481,0.5810359196620759,0.581719036719788,0.5823622223665684,0.5829684850840182,0.5835403302302832,0.5840794179595256,0.5845885206042698,0.5850692372313013,0.5855235080052933,0.585952770196974,0.5863587711897198,0.5867430834633283,0.5871059123267833,0.5874498748549181,0.5877749163315594,0.5880829040866924,0.5883745942906086,0.5886504595600153,0.588911613231419,0.5891591674522477,0.5893937842669333,0.5896152289013744,0.589825042240769,0.590023805303466,0.590211907187808,0.5903898882729116,0.5905575709767519,0.5907166713648146,0.5908666153561606,0.591008244532798,0.5911420211035617,0.5912677182635208,0.5913863492183815,0.5914978210150948,0.591602779563471,0.5917007752998367,0.5917927920655767,0.5918789383518566,0.5919594265613448,0.5920337375941435,0.5921033234002651,0.5921668818371008,0.5922257904513774,0.5922801056217746,0.5923290082590503,0.5923737180554367,0.5924135360221406,0.5924490636010634,0.5924799967492943,0.5925067842224515,0.5925295040389714,0.5925480899706073,0.5925620549305483,0.5925724644773478,0.5925788632271579,0.5925806701862262,0.5925792094039976,0.5925726058314118,0.5925626527712563,0.5925486249254015,0.5925304415287941,0.5925082684585367,0.5924818210824521,0.5924511279646022,0.5924162990191895,0.5923769875337089,0.5923333325465658,0.5922852875136086,0.5922323564718824,0.5921747944875723,0.5921123764078733,0.5920450540030409,0.5919726085860212,0.5918946239865616,0.5918116829363702,0.5917226005797186,0.5916282040592934,0.5915270550181735,0.5914205337458915,0.5913068755245215,0.5911869493541595,0.5910594222322543,0.5909257024390124,0.590786583354923,0.5906336549759047,0.5904759784040025,0.5903096601681687,0.590134350767546,0.5899500216988361,0.5897562826029061,0.5895521628338557,0.5893375200803233,0.5891124041634881,0.5888753888912436,0.5886268025108078,0.5883656383627247,0.5880915926298367,0.5878038446259082,0.5875019545482794,0.5871851696817265,0.5868528688146056,0.586504280505632,0.5861398967557309,0.5857553304202529,0.5853533987066614,0.584931951295035,0.5844904433881561,0.5840275390982119,0.5835419945271776,0.5830411453265988,0.5825001615316575,0.5819419855178414,0.5813560703479765,0.5807432670155828,0.5800997951841703,0.5794267109725111,0.5787222432936205,0.5779814218590628,0.5772073050012435,0.5763957198520478,0.5755452398279169,0.574654685395288,0.5737217306752573,0.5727444203255512,0.5717205079018527,0.5706494410647887,0.5695379262234335,0.5683498363620316,0.5671152533937616,0.565823970064231,0.564471368331564,0.5630556569921583,0.5615708727855442,0.5600174320974858,0.5583883859566898,0.5566831476042376,0.5548994309458666,0.5530258239649524,0.5510664730637291,0.5490146029901651,0.5468638587250022,0.5446121705183649,0.5422535326018231,0.5397833289089663,0.5372078798077641,0.5344861319148742,0.5316473839827635,0.5286749538328548,0.5255607844152717,0.5222989551688257,0.5188830886274404,0.5153090812473201,0.511558945405002,0.5076328939660136,0.5035334103415757,0.4992160508358925,0.4947063266330518,0.4899830137551111,0.4850358756422461,0.479855937915165,0.47442720530217447,0.4687441536972562,0.4627896846576321,0.4565546556141601,0.4500242068072695,0.44318282568408307,0.43601897111071064,0.42851478629969086,0.4206555270810719,0.41242400823278264,0.403803524756273,0.3947724701756098,0.38531501056715445,0.3754091349333075,0.3650348430324014,0.35416727638353257,0.3427862214012753,0.3308666076228221,0.3184126604278448,0.3053037766277658,0.2916107291312355,0.2772627429696562,0.2622395130960574
0.07619203052875606,0.5612877324991284,0.5631594961638582,0.5648853910655748,0.5664801731804185,0.5679577687578046,0.5693288678765429,0.5706037210347307,0.5718159964601579,0.5730672849011932,0.574338295907492,0.5755309220575517,0.5766445642959617,0.5776858965173293,0.5786609916025622,0.5795746517883168,0.5804315273944421,0.5812365848436367,0.5819930737865431,0.5827039975925487,0.5833737546131408,0.5840043941253952,0.5845990295646275,0.5851596191482542,0.5856892026026416,0.5861883203584749,0.5866601174281166,0.5871058849593328,0.5875273132130818,0.5879259136221373,0.5883025469381823,0.588659188770335,0.5889965233146068,0.5893160261527927,0.589618110857677,0.5899042637137601,0.590175087991956,0.5904318662037573,0.5906746496344978,0.5909043555504223,0.5911219497829812,0.5913278889725219,0.591522610377981,0.5917071438467525,0.591881195379822,0.5920458384520714,0.592201435946305,0.592348415314017,0.5924868206636964,0.5926176855633937,0.5927404729044079,0.5928564304823242,0.5929652924923788,0.5930673086931804,0.5931631057824419,0.593252334708783,0.5933359844914339,0.5934136563612684,0.5934858072991631,0.5935530937674899,0.5936142733665482,0.5936715698871095,0.5937225346476251,0.5937691745854838,0.5938115486353814,0.5938489462236792,0.5938820271342803,0.5939110150557093,0.5939353173339039,0.5939553741019316,0.5939718353086735,0.5939829719399694,0.5939907436133314,0.5939943956259957,0.5939936545228446,0.5939891222083806,0.593980227181844,0.5939672872394938,0.5939502200300416,0.5939291975855175,0.5939040072870997,0.5938740202581411,0.5938403303416742,0.5938018717663881,0.5937657770478285,0.5937134030101474,0.5936595422652536,0.5936026721650172,0.593541060495675,0.5934743667110857,0.5934023264224377,0.5933251593796854,0.5932425193402083,0.593154252610933,0.5930599811181458,0.5929596916757242,0.5928532809835769,0.592740436930635,0.5926206395322905,0.5924939069577583,0.5923600501607591,0.5922185394154663,0.5920692339806325,0.5919117161231616,0.5917457891577382,0.5915711194232494,0.5913869993983185,0.5911933349733159,0.5909896575334428,0.5907753310403507,0.5905545024228641,0.5903138947482989,0.5900652291660883,0.5898055142293627,0.589532181698761,0.5892432561898383,0.5889410189279097,0.5886247201427457,0.5882934459907303,0.5879442792502596,0.5875786332203047,0.5871954672435555,0.5867937214044163,0.5863726481793747,0.5859313469873466,0.585467933545063,0.5849827068145029,0.5844741275308969,0.5839411091364026,0.5833826761045715,0.5827974347123265,0.5821838614671913,0.5815417615447671,0.5808690115696435,0.5801622229707408,0.5794235534510277,0.5786484520200732,0.5778369910715742,0.5769879545076427,0.5760968282737787,0.5751636331321689,0.5741867098487018,0.5731634207054381,0.5720901301986103,0.5709668874638867,0.5697899816003127,0.5685572809290924,0.5672661980465592,0.5659137571508382,0.5644972487539346,0.5630133591958877,0.5614587732749547,0.5598308799667798,0.5581255038546113,0.5563396265266943,0.554468544255872,0.552508986374667,0.5504577453321202,0.548306605180961,0.5460548705890819,0.543696175756633,0.5412281287159771,0.5386423488990881,0.5359333016023281,0.5330918180410442,0.5301262550606219,0.5270035153890452,0.5237417638174744,0.5203258384013828,0.5167481382864154,0.5130009218058835,0.5090758958442239,0.5049650181901909,0.500659139136968,0.49614943120329447,0.49142608258431697,0.4864790411701619,0.4812971749729861,0.47587063512903444,0.47018636090279264,0.46424335134199607,0.45799710110358705,0.4514669310193502,0.44462594365544406,0.43746179493975224,0.429971262899176,0.4221009572664254,0.4138669754197947,0.4052456909107892,0.39621577893701143,0.3867605957154908,0.3768522626983758,0.36647689705488007,0.3556103390880844,0.3442291067592394,0.3323094920174005,0.3198236081384771,0.30674690210071937,0.29305100229182895,0.27870623590383,0.26378953427144614
0.07401959996915641,0.5613426713765737,0.5633219036566391,0.5651433220225011,0.5668240853925719,0.5683786966583722,0.5698193441397111,0.5711575887348317,0.572402284033971,0.5736205920005626,0.574888565036222,0.5761382615457494,0.5773042355978796,0.5783934508950612,0.5794122855605381,0.5803665910861913,0.5812610451908697,0.5821002685055218,0.5828888772085745,0.5836300159045702,0.5843272323192166,0.5849839634083647,0.5856021924513343,0.586185293906592,0.5867354249336829,0.5872543400540073,0.587744575951997,0.588207556037766,0.58864497015762,0.5890587813369432,0.5894496347867312,0.5898195289211673,0.5901694349683524,0.5905006806804078,0.5908143309370519,0.5911106881228995,0.5913922225024911,0.5916573485706138,0.5919089727599819,0.5921476936848618,0.5923729953883032,0.5925861499783994,0.5927884209897396,0.5929795400694577,0.5931595962288851,0.5933307286528685,0.5934916756563633,0.593644148793171,0.5937877307140359,0.5939231334526519,0.5940510353848716,0.5941711195096463,0.5942838994827959,0.5943899846008419,0.5944894316624508,0.5945829173277847,0.594669484657847,0.5947503823549782,0.594825912045168,0.5948955106184755,0.594960162557415,0.5950190152086859,0.59507315935868,0.5951223922861409,0.5951670772581448,0.5952066852351807,0.5952418146194365,0.5952725832254641,0.5952989741027227,0.5953206289760844,0.5953383988933424,0.5953517447157405,0.5953610018089956,0.5953658329984257,0.595366703616303,0.5953633477166781,0.5953559062161727,0.5953445029225564,0.5953284106258918,0.595308777999433,0.5952843403655215,0.5952555398369781,0.5952223149986171,0.5951850918511233,0.595142996957721,0.5950963878661523,0.595045057348242,0.5949892574651702,0.5949280888540166,0.5948621316938436,0.5947907152945849,0.5947141305822878,0.5946322306885167,0.5945444714738747,0.5944506532332744,0.5943509053394913,0.5942449965506161,0.5941324651465597,0.5940133423764551,0.5938870281393819,0.5937536811675296,0.593612592309512,0.5934635954926142,0.5933064689993643,0.5931406672185348,0.5929663700806042,0.5927828002411156,0.5925891013640194,0.592385890440444,0.5921717125892575,0.5919468944574394,0.5917105778174628,0.5914647662054059,0.5912016369885319,0.5909282386622812,0.5906409433112535,0.5903389997151668,0.5900226500755226,0.5896917347031698,0.5893424128469331,0.5889775378684465,0.5885942158573946,0.5881927319031616,0.5877714119368396,0.5873335622965681,0.5868676505645634,0.5863820781910937,0.5858739110066363,0.5853409757266874,0.5847827168096527,0.5841970830902743,0.5835859279315859,0.5829436046818969,0.5822695403833936,0.5815624659131894,0.5808232594927677,0.5800555484607605,0.5792377343089532,0.578387582650281,0.5774974956949761,0.5765643512937185,0.5755998103087258,0.5745635044536,0.5734911317978274,0.572367798998465,0.5711909976987928,0.569958528906875,0.5686672028059264,0.567314838765116,0.565900563860606,0.5644150395077723,0.5628601082260376,0.5612321494372339,0.5595268191580308,0.5577411692500143,0.5558702012522982,0.5539105495643832,0.5518586075249029,0.5497080113495204,0.5474564447825837,0.5450978061070048,0.5433922447016273,0.5400401015881793,0.5373301578844479,0.5344919929105036,0.5315188333390204,0.5284049517973102,0.5251435456186879,0.5217275197842678,0.5181497317827184,0.5144025302948015,0.5104774692995822,0.506366948814508,0.5020612319787464,0.49755249272335345,0.4928279958533963,0.48788415136297,0.48269942764415386,0.4772730056040629,2.0,0.46563453309371755,0.45939916026714656,0.4528680266879509,0.44612199736276614,0.4388637376595258,0.4313596572755044,0.42350097705381773,0.41526884399732217,0.40664751165982294,0.3976256681278354,0.38815961571567226,0.37825386472788314,0.36787889756222725,0.35701233840931984,0.34563100925624163,0.3337197153593981,0.3212255507553766,0.30814907559079924,0.2944545639566533,0.2801078971032705,0.26508353669283724
0.07190911098669456,0.5612818248874589,0.5633768320190528,0.5653011550933605,0.5670742492107214,0.5687112932420302,0.5702265919260624,0.5716316342521235,0.5729375346450901,0.5741582651099194,0.5753927656907645,0.5766696622301011,0.5778909576597926,0.5790309572079341,0.5800962020206253,0.5810932513074435,0.5820273030839692,0.5829028290157546,0.5837251755332347,0.5844976176119355,0.585224102732812,0.585906917044857,0.5865505650401588,0.5871572149769887,0.5877291798020338,0.5882685724266898,0.5887775200116423,0.5892583448633513,0.5897126369790208,0.5901420919873219,0.5905480333035055,0.5909317778964144,0.5912948656157649,0.5916380028774465,0.5919629883679729,0.5922710753609349,0.592561848644005,0.5928373041810877,0.5930980814966514,0.5933452525754167,0.5935790184126528,0.5937998710944599,0.5940097083682393,0.5942070092055162,0.5943942010597112,0.5945711471997783,0.5947383757555924,0.5948966707816671,0.5950455619153258,0.5951863318542516,0.5953185198937468,0.5954434818875441,0.595560484964541,0.5956706083034843,0.5957737331123018,0.5958706145628865,0.5959611178141676,0.5960452252537087,0.5961236993709941,0.596196510357975,0.5962638725214989,0.5963257908248938,0.5963823412311714,0.5964341783824458,0.5964809799691069,0.5965231799364413,0.5965604940129331,0.5965929283625769,0.5966216046848214,0.5966449660308246,0.5966642752227783,0.5966793836083831,0.5966904967489459,0.596696947630436,0.5966989648642682,0.5966972048322478,0.5966908104798958,0.5966808124684554,0.5966656341410143,0.5966470185308023,0.5966235758545545,0.5965958579285083,0.5965638198245818,0.5965275352488417,0.5964864919457102,0.5964405414066221,0.5963902710427441,0.5963348494506443,0.5962746418187458,0.5962097389287448,0.5961387621245735,0.5960631453274392,0.5959813489641217,0.5958942924955054,0.5958011192226665,0.5957022192455801,0.5955966667942673,0.5954846614378029,0.5953657266636391,0.5952403693716934,0.5951068140781954,0.5949662109920815,0.5948179507130827,0.5946607027966475,0.5944960015227747,0.5943212983788729,0.5941378602184489,0.5939448921177474,0.5937417347287025,0.593528203967081,0.5933033954633162,0.5930677494151673,0.5928199130320927,0.5925599225822057,0.5922857242731604,0.5919984062863229,0.5916969070282518,0.5913807831123633,0.5910494311251916,0.5907010197187673,0.5903393123436129,0.5899530899564011,0.589551536022141,0.5891304691477945,0.5886893927542367,0.5882265068819404,0.5877436108693633,0.5872332777163145,0.5867012056844401,0.5861420780141502,0.5855570293806158,0.5849438515616365,0.5843013353513488,0.5836283481657862,0.582923386745159,0.5821837089669896,0.5814093766987982,0.5805984253796981,0.5797482682986891,0.5788579219792728,0.5779250519964806,0.5769485069231808,0.5759242418853577,0.5748527994664394,0.5737288763510422,0.5725520945025875,0.5713195297058631,0.5700283389650621,0.5686760173824726,0.5672598499242181,0.5657759322593929,0.5642213215768321,0.5625933931458309,0.5608884910225604,0.5591019639929999,0.5572338341776166,0.5552716938303981,0.5532193099344572,0.5510695705080741,0.5488177627413342,0.5464601941636656,0.5439890718516015,0.5414017630221793,0.5386919581777381,0.5358533660208442,0.5328805055366419,0.5297667035440099,0.5265052193987407,0.5230894469190703,0.519511480463936,0.5157646889410231,0.5118392882861971,0.5077283196459395,0.5034229350910778,0.4989145913482177,0.4941897708591062,0.4892426071832046,0.48406107977636215,0.47863450655027,0.4729636659376022,0.46699668532261956,0.46076145556214,0.45423005675663297,0.44739111073754045,0.44022693429279436,0.43274467332638167,0.4248650992580144,2.0,0.4080095944991712,0.39897946004817475,0.38952618464461386,0.37961587627704896,0.36924106356649566,0.3584963684169084,0.34699305971679145,0.3350727036729682,0.3225880112252,0.30951170864447547,0.2958147564054688,0.2814699301599893,0.26644620916844897
0.06985879746785245,0.5610998621162411,0.5633200764942736,0.5653558558028678,0.5672275968908345,0.5689530973961698,0.5705478790228588,0.5720251060466309,0.5733958991756162,0.574670433096558,0.575881858317277,0.5771330551108141,0.5784043100893216,0.5795976242034483,0.5807120055076842,0.5817540107444914,0.5827295674726882,0.5836437392413915,0.5845014314653655,0.5853061185275862,0.5860629108147838,0.5867748801468455,0.5874443916800665,0.5880752471460875,0.5886702362656746,0.589230837599323,0.5897598008240142,0.590259830616374,0.5907309848680896,0.5911770687434112,0.591597960202239,0.5919961455462784,0.592373150015474,0.5927289130374013,0.5930663755055544,0.5933849617703981,0.5936867592925178,0.5939723993587669,0.5942428171968871,0.5944993007779408,0.5947410919262988,0.5949707857270498,0.5951867681134471,0.59539190327366,0.5955858918463732,0.5957692966192621,0.5959425773083373,0.5961063416162796,0.596261027752477,0.5964067176092435,0.5965440685018233,0.5966736684889333,0.5967952455093657,0.5969097011300449,0.5970176479598127,0.5971175445198664,0.5972114109143134,0.5973003851421613,0.5973814890042145,0.5974567716568147,0.5975273446041401,0.5975918068341857,0.5976519035320979,0.5977057795108365,0.5977546572294864,0.5977989712265809,0.5978384996519838,0.5978735160977664,0.5979036900310626,0.5979291651157589,0.5979505010374807,0.5979670793780136,0.5979796544042538,0.597987628006682,0.5979916426209394,0.5979909313130203,0.5979863748294754,0.5979770017586681,0.597963480213918,0.59794585435009,0.5979252365024574,0.5978971719340775,0.5978667078668948,0.5978304447870891,0.5977909469084806,0.5977454817777668,0.5976958893384372,0.5976414520682273,0.5975820130595778,0.597517598121783,0.5974475036117992,0.5973722985174094,0.5972916361076119,0.5972051211427926,0.5971122991743876,0.5970136472389339,0.5969087913083562,0.5967971699573158,0.5966792367047761,0.596553600206627,0.5964220925700608,0.5962805825797997,0.5961325916246121,0.5959761246510719,0.595811144824032,0.595637806204866,0.5954542971610476,0.595261460119901,0.5950587232747054,0.5948453613014671,0.5946209649906357,0.5943853750092778,0.5941374055913613,0.5938772851389229,0.593604067538356,0.5933172342657707,0.5930159970464783,0.5926998556404517,0.5923684953599828,0.5920215838709905,0.5916555042576969,0.5912729916116506,0.5908720794593781,0.5904506586219209,0.590009625561293,0.5895471231035252,0.5890628019059876,0.5885540652941251,0.5880266016315662,0.587463754753825,0.5868779708920611,0.5862650452771712,0.5856226645581207,0.5849494718599861,0.584244136321446,0.583506354660779,0.5827309803886104,0.5819793365305007,0.5810701351647268,0.5801795851342653,0.5792471020417876,0.5782698172597192,0.5772461765315986,0.5761741228815379,0.5750508073818386,0.5738797861393268,0.5726418033251441,0.5713507509311867,0.5699982474584955,0.5685818411085216,0.5671076183997495,0.5655437218929388,0.5639158355406009,0.5622110913774757,0.5604254032913432,0.5585539920219068,0.5565981961318178,0.5545418583669318,0.5523923095342861,0.5501404457084474,0.5477821843986176,0.545311780523638,0.5434935546363199,0.5400173067441773,0.5371820132710764,0.5342033085009976,0.5310895866694855,0.5278280083726059,0.5244151669747009,0.5208343184273138,0.5170896598765232,0.5131621119977591,0.5090515383379682,0.5047906029655882,0.5002360291354682,0.49551258652743857,0.49056544356823234,0.4853839301566636,0.47995718540831617,0.4742730795254968,0.4683208010247812,0.46208396596048074,0.4555532639546638,0.448713232474535,0.4415691402251375,0.434044961994707,0.4262143723573618,0.41795637846562367,0.40933249246231196,0.40030260998685796,0.39084619169883894,0.3809390358872219,0.37056406828342225,0.35969774915477665,0.3483164800799646,0.33639879469381234,0.3239108573808185,0.31083442550506496,0.2971387180086013,0.2827939866982247,0.2677686135525227
0.06786694365554635,0.5607906586522653,0.563146974521136,0.5653025970859323,0.5672809665967493,0.5691016674085951,0.5707818320228261,0.5723356377081819,0.5737757693327568,0.5751133243849542,0.5763573519652284,0.5775750533214927,0.5788427721965247,0.5800930265257825,0.5812593813615492,0.5823490282858368,0.5833681987762612,0.5843226739428798,0.5852176099473024,0.5860567457856577,0.58684531003692,0.5875868862335625,0.5882840723608339,0.5889404660207744,0.5895591094061771,0.5901420258824857,0.5906921330928048,0.5912113732368858,0.5917013564714411,0.59216368026581,0.5926006909617642,0.5930142547424126,0.5934047011800845,0.5937741912583205,0.5941237107941374,0.594454804485643,0.5947673435991242,0.5950635029139696,0.5953436898919419,0.5956088807527744,0.5958598473777907,0.5960973761954466,0.596322012063158,0.5965346092107949,0.5967356594879951,0.5969257499888717,0.5971056280418477,0.5972752387593181,0.5974354449487205,0.5975864990204443,0.5977291649938852,0.5978633275338417,0.597989796399946,0.5981083597228564,0.598219993337993,0.5983241716558902,0.5984220749238935,0.5985135681028378,0.5985986571068602,0.5986785058861369,0.5987510673069373,0.5988184612124391,0.5988808207490108,0.5989374477011554,0.5989891788648196,0.599036118798268,0.5990779725621024,0.5991146644865037,0.5991469253189754,0.5991745480592838,0.5991976474747086,0.5992165452090903,0.5992303433032921,0.5992400335118696,0.599245229132878,0.5992460995039126,0.5992428601091973,0.5992350532333155,0.5992227568401369,0.5992064881430074,0.5991852940230503,0.5991602350462166,0.599129869134467,0.599095325479932,0.5990561431058317,0.599012129140595,0.5989636967396323,0.598909961918332,0.5988513414950379,0.5987872426562235,0.5987180888653914,0.5986436039788581,0.5985819269261314,0.5984836826628841,0.5983861274567028,0.5982874184207005,0.5981830363644829,0.5980720382351716,0.5979542389892725,0.5978293837699348,0.5976971019563522,0.5975572181049703,0.5974103003310954,0.5972545405048932,0.5970889785300083,0.5969158377294512,0.5967328461233559,0.5965403345765918,0.5963381862724715,0.5961247998360371,0.5959006284318844,0.5956653562623407,0.5954176519403802,0.5951576707876872,0.594884553465613,0.594597889084678,0.5942970978378617,0.5939837140411411,0.5936502920295582,0.5933020279929472,0.5929373756869785,0.5925548075033846,0.5921537126211104,0.5917330727070076,0.5912918882481472,0.590829506824487,0.5903449577419353,0.5898367543096446,0.5893042436349992,0.5887462575073228,0.5882295630041471,0.5875492813971935,0.5869083995428501,0.5862333403972729,0.5855281835216506,0.5847895900768842,0.5840147584027585,0.5832038814966726,0.5823541507371424,0.581463614224133,0.5805317652983065,0.5795545012868486,0.5785309354631535,0.5774582951418078,0.5763355629794572,0.5751598165048806,0.5739263388629223,0.5726353264986257,0.5712828143098513,0.5698733017965592,0.5683826561825233,0.5668312767343251,0.5652005695253168,0.5634953587744125,0.561709464084935,0.5598386215049328,0.557890901116409,0.5558266824162651,0.553677154233653,0.551425534629752,0.5490672682591284,0.5465974150834463,0.5440096200057359,0.5412997821874952,0.5384811874044219,0.5354884324162801,0.5323749946003578,0.529114481403643,0.5256975882284135,0.5221196252013578,0.518372242762818,0.5144472853053331,0.5103365990785269,0.5060308635786057,0.5015216940682117,0.49679795911279445,0.49185077684249984,0.48667083256348986,0.4812422740106586,0.4755582325703863,0.46960492757070665,0.46336950714917724,0.4568384238177068,0.4499982030189983,0.4428339913355377,0.4353301002995533,0.42747081538750964,0.41923957912744675,0.41061817087184094,0.40158969640598907,0.39213018283994705,0.3822257282527459,0.3718495650027118,0.3609842306995131,0.3496015843696197,0.33768146409029903,0.3251967747767499,0.3121195252092274,0.29842857318635113,0.28408205757515653,0.2690578005287907
0.06593188271333544,0.5603618969700787,0.5628516751462039,0.5651374501910836,0.5672311657856526,0.5691540625966323,0.5709256284738713,0.5725615717193437,0.5740756562531103,0.5754799536266473,0.5767847717579441,0.5780046826243888,0.5792382377120546,0.5805158217276747,0.5817372498137732,0.5828773342468926,0.5839427010988792,0.5849396996637368,0.5858736086806428,0.5867494564566357,0.5875717398482241,0.588344044010229,0.589069808644557,0.5897532101506453,0.5903970801745727,0.5910028429545774,0.5915744704130054,0.592114018054422,0.5926230117159162,0.5931030205373066,0.5935567921788379,0.5939858681803272,0.5943916256847068,0.5947745114198296,0.5951371044918232,0.5954799126388731,0.5958045803730241,0.5961112787269953,0.5964022231169418,0.5966767087807959,0.5969367319104826,0.5971828553988464,0.5974157265670748,0.5976360814488734,0.5978444446932655,0.598041379612564,0.5982275889822457,0.5984035147641895,0.5985696734156866,0.5987263894171173,0.5988740691067527,0.5990133851099583,0.5991445695218857,0.5992677745776238,0.5993834580193848,0.5994921276608938,0.5995938165237923,0.59968881845276,0.5997773104312936,0.5998598175804128,0.5999362395314134,0.6000069014885306,0.6000719311539673,0.6001316866196476,0.6001857728498279,0.60023483691154,0.6002789870831814,0.6003183319977219,0.6003525929936304,0.6003824513467033,0.6004074152974963,0.600427554767471,0.6004432573982839,0.6004549582161118,0.6004615137467508,0.6004640454455591,0.6004620477194555,0.6004559209765873,0.6004446189532565,0.6004294542916279,0.6004096005263229,0.6003852179147809,0.600356367467917,0.6003233102360106,0.60028493662161,0.6002417177917823,0.6001952234075115,0.6001413834227065,0.6000838428976311,0.6000201358752464,0.5999515879243301,0.5998782792132449,0.5997985649499852,0.5997130016102913,0.5996217565429319,0.5995245299333398,0.599420364397792,0.599309922362545,0.5991925726095899,0.5990681181984681,0.5989364511599014,0.5987972747669397,0.5986496269541691,0.5984941016157465,0.5983299310352279,0.5981570377633437,0.5979744090645878,0.5977822767822184,0.597579955796951,0.5973672723988148,0.5971434359205398,0.5969083427542329,0.5966610825615515,0.5964012261547994,0.5961290301038354,0.5958420579390555,0.5955413867724875,0.5952257826403945,0.5948945318599931,0.5945541022649665,0.5941824240239729,0.5938004872433109,0.5933999985529211,0.592978948958697,0.5925377514275627,0.5920760218215675,0.5915913161298471,0.5910830369989316,0.5905508329735519,0.589992640130543,0.5894079996351188,0.5887950118872682,0.5881528676001629,0.5874797640801647,0.5867756945802811,0.5860361779520573,0.585261946103512,0.5844507993299183,0.5836012119078036,0.5827110013064754,0.5817817684567113,0.5808016533262339,0.5797780238736723,0.5787979615843218,0.5775827373553438,0.5764097093032974,0.5751743850356376,0.5738829784871794,0.5725312224684235,0.5711144514163538,0.5696306435818455,0.5680764809472592,0.5665867819847327,0.5647444358151809,0.5629664629997577,0.5610868347897099,0.5591273266930463,0.5570766607742124,0.5549254741231213,0.5526737912040766,0.5503153010385687,0.5478454814629657,0.5452580142246977,0.542548120358166,0.5397098704037749,0.5367367630346093,0.5336229684659627,0.530363576451508,0.5269457790595371,0.5233748720330941,0.5196208011342617,0.5156960311718692,0.5115851325852971,0.5072794600949695,0.5027697601446445,0.49804640627660746,0.49309975220177577,0.4879179452645803,0.48249097932943846,0.4768067621772353,0.4708536737621984,0.46461792165521043,0.45808723031437437,0.4512474493775269,0.44408268464074285,0.4365792959903192,0.4287197541621658,0.42048946841934115,0.4118728608952871,0.40283679789679727,0.3934765663042855,0.3834733026905518,0.37309816277366403,0.3622352257723686,0.35085047257429774,0.3389301236964804,0.32644498118951615,0.31336824318951767,0.29967215827437704,0.2853274109587676,0.2703029743465968
0.06405199533056867,0.5599229357320897,0.5624278130137658,0.5648551982560347,0.5670732936376641,0.569106911003495,0.5709764907047034,0.5727006379953449,0.5742936076336675,0.5757692552252038,0.577138901679873,0.5784121672693738,0.5796230490650678,0.5808734514581709,0.5821451467315276,0.5833383872086938,0.5844525632052505,0.5854946703330509,0.5864695806002906,0.5873835700402252,0.5882405083721766,0.5890453843316256,0.5898020609219127,0.590513628000464,0.5911829981924679,0.5918133681157235,0.5924080291442819,0.5929684681929666,0.5934970272163619,0.5939957105014799,0.5944671284798488,0.5949124159884591,0.595333044886524,0.5957308166658002,0.5961065473980818,0.5964622659332498,0.5967985210867695,0.5971171279083425,0.5974186229273383,0.5977029018646933,0.5979728624207798,0.5982276758684952,0.598468879215855,0.5986970254281809,0.5989129206574424,0.599117303340766,0.5993103378598493,0.5994922840469218,0.5996646850956627,0.5998270017691479,0.5999802599924943,0.6001248762341785,0.6002607037097333,0.6003888867358917,0.6005088779787245,0.6006218329275711,0.6007272640451135,0.6008263012192541,0.6009187248925723,0.6010041481172335,0.6010838962996098,0.6011577626292923,0.6012253929377044,0.6012878912072526,0.6013450096373132,0.6013966263072691,0.601442945406261,0.6014847328164277,0.6015211501199518,0.6015527364355018,0.6015798283580553,0.6016019726369777,0.6016196983413586,0.6016327234923113,0.601641137935404,0.6016453423318897,0.6016447026291785,0.6016397548664494,0.601630388489921,0.6016162856631067,0.6015977200793876,0.6015744103426804,0.6015466553461146,0.6015144452345058,0.601476973691638,0.6014351425318114,0.6013881111181228,0.6013360483073974,0.6012791976144914,0.6012171040622298,0.6011536522682224,0.6010762203379035,0.6009971866449791,0.6009125308580633,0.6008222042415265,0.6007249892654416,0.6006216258500744,0.6005116475807144,0.6003949138524745,0.6002710139460152,0.6001396605769322,0.6000020717475443,0.5998541272364754,0.5996986575160179,0.5995349398884843,0.5993634281734771,0.599180167557661,0.5989888352758342,0.5987866142785663,0.5985740613426775,0.5983506925758458,0.5981171237230777,0.5978686764304374,0.5976093631538567,0.5973371963341717,0.5970503358632737,0.5967498519433844,0.5964344564131427,0.5961034186621702,0.5957561638883807,0.5953919509312857,0.5950099185703024,0.5946089875650493,0.5941887763497142,0.5937483233308392,0.5932856920879892,0.5928013356940958,0.5922934636617201,0.5917611333485623,0.5912034506663921,0.5906202139728884,0.5900064063801483,0.5893638346327063,0.5886911990220455,0.5879859053218034,0.5872472302795871,0.5864733001506774,0.5856638532694108,0.5848131352312265,0.583922787411529,0.5829901432260528,0.5820132062847743,0.5809915008119345,0.5799178405545572,0.5787962398130411,0.5776184082469027,0.5763893527887813,0.575097079461134,0.5737431546006263,0.572326537614799,0.5708429685953395,0.5692888161709874,0.5676611000999199,0.5659560739681341,0.564170186076873,0.5622995225514973,0.5603427693992526,0.5582877548061673,0.5561380965462489,0.5538865456899392,0.5515280518470356,0.5490579300984547,0.5464707844384826,0.5437609813198734,0.5409224874739769,0.5379497992414896,0.534846903986919,0.5315759408044196,0.528186229748352,0.5245845003571794,0.5208337380571628,0.5169127757856006,0.5127985228652503,0.5084925161662421,0.5039828053106475,0.4992595450984091,0.49431237226834907,0.48913110705892016,0.48370422964304044,0.4780198459381092,0.47206775918376837,0.4658318448046145,0.4593003550690161,0.45246045630959664,0.44529590853922596,0.4378046896926441,0.42993291216324114,0.42170159681751845,0.41307965864125584,0.4040516211559467,0.3946037799839984,0.38469802422164456,0.3743115521106467,2.0,0.35206428599604606,0.34014329735175225,0.3276593944535734,0.314581569854046,0.30088557894193885,0.28654060740878123,0.2715162645173216
0.06222570836730228,0.5594967987260212,0.5619340905505569,0.5644494032481137,0.5668026701052142,0.5689554076691006,0.5709313111236982,0.5727498976942114,0.5744275193758276,0.5759795017091225,0.5774179286847582,0.5787539626246478,0.5799962824524889,0.5812133768827352,0.5824817209163007,0.5837314195321478,0.5848973744023084,0.5859863721563217,0.5870050839134479,0.5879590455677709,0.5888533475870155,0.5896924688656391,0.5904806394303012,0.5912215898122495,0.5919180339254001,0.5925746322725219,0.5931921324906607,0.5937746724067472,0.5943239738167126,0.5948429266069571,0.595331684654887,0.5957939786380384,0.5962305095645135,0.5966432034326944,0.5970335943304623,0.5974020880334193,0.5977507239168829,0.598080930945859,0.5983929164715563,0.5986881605107323,0.5989678973429324,0.5992324482707049,0.5994822157851831,0.5997184631273381,0.599942265774931,0.6001540758046581,0.6003537978631366,0.60054265803132,0.6007210729151343,0.6008897282176169,0.6010483714481751,0.601198193146579,0.60133948299972,0.6014721377783283,0.6015969771744184,0.601714278301094,0.6018236199905759,0.6019267774876942,0.6020224342796636,0.602111862285116,0.6021949709659344,0.6022717679222066,0.6023429138281104,0.6024083099508348,0.6024677035187804,0.6025219245565219,0.6025710175709632,0.6026151571281346,0.6026536067279609,0.6026875733558146,0.6027165109401891,0.6027407573969304,0.602760551980827,0.6027751042529863,0.602785314601217,0.6027909521473799,0.6027918853315586,0.602788341582985,0.6027801342389255,0.6027676377053118,0.6027502861695893,0.6027281595003194,0.6027016621900824,0.6026702410292872,0.6026342268578232,0.6025931891509451,0.602547292405074,0.6024960071399963,0.6024398171791577,0.6023785992259394,0.6023116921064281,0.6022390696555535,0.6021609287344073,0.602076961620433,0.6019870732258269,0.6018908097583333,0.6017881428642995,0.6016787667441285,0.6015624266446966,0.6014389981098724,0.6013082044350253,0.6011696970959544,0.6010233904522618,0.6008685394765968,0.6007054578619584,0.6005327652248079,0.6003512040459527,0.6001598673235419,0.5999583033880402,0.599745974236745,0.599522936009783,0.5992881993011533,0.5990416943094365,0.5987828492142157,0.5985100645895448,0.5982241551702754,0.5979240738516034,0.5976086163778381,0.5972780011625615,0.5969308355756244,0.5965665190649355,0.5961846942477551,0.5957839795141108,0.5953638847955594,0.5949231300229174,0.5944612149047306,0.5939769328664629,0.593469513992302,0.5929372997509194,0.592379516351346,0.5917948288068365,0.5911822934980844,0.5905402003345223,0.5898675115113056,0.5891627338208192,0.5884240709142092,0.5876504962772788,0.5868392434065547,0.5859898352685045,0.5850997997159972,0.5841672254970998,0.5831907133438126,0.5821672460554599,0.5810951870051541,0.5799724270838759,0.5788044678968993,0.5775667126614806,0.5762730489865985,0.5749205831195116,0.5735044292497291,0.5720213539905878,0.5704666459048011,0.5688399634210638,0.5671338403819942,0.5653478599466497,0.5634774248721642,0.5615283617995237,0.5594681052188535,0.5573159666539782,0.5550646961823621,0.5527063338284702,0.55023620283857,0.5476491600961295,0.544938903792146,0.5421009498081247,0.5391279883379297,0.5360141178312502,0.5327549466041728,0.5293369947782305,0.5257599385567452,0.5220127408746421,0.5180871095192017,0.5139763158864128,0.5096708831707935,0.5051610987980012,0.5004381124178516,0.4954913494338487,0.49031077567449977,0.4848825902292379,0.4791987420770901,0.473245571526744,0.46701007676679573,0.4604789552388058,0.45363857722102563,0.4464744633298159,0.4389721492159193,0.4311130670615152,0.4228824590283892,0.41425855006548407,0.4052346457054403,0.3957707325384997,0.38586503617974344,0.37549130929857744,0.3646236650225633,2.0,0.3413220674772231,0.3288367423309365,0.3158068112065859,0.30206435175458396,0.287722524499678,0.27269476854105457
0.060451493537854416,0.5590221591194292,0.5614541051896714,0.5639263106597497,0.5664139223587339,0.5686960627253028,0.5707860872172814,0.5727061608057373,0.5744750537412123,0.5761084459863415,0.5776204035614755,0.5790224899154208,0.5803253770194852,0.5815440233450875,0.5827776556544448,0.584055349451618,0.585275904862088,0.586415124002847,0.5874797686966818,0.5884761777751729,0.5894092643186282,0.5902844798203202,0.5911055738798446,0.5918773210648518,0.5926029753613865,0.593285718591087,0.5939283028160959,0.594533815312791,0.5951047470062215,0.5956432599842233,0.5961516256429528,0.59663136468066,0.5970849482198652,0.597512766984816,0.5979173786331788,0.5982999560969006,0.5986616409310295,0.5990039465880532,0.5993273413564729,0.5996334874589381,0.5999233998054365,0.600197230244854,0.6004566286541537,0.6007012099881056,0.6009334600590109,0.6011524541968142,0.6013595791947162,0.6015554739188615,0.6017401688124177,0.6019151332376478,0.6020796617150652,0.6022352870824478,0.6023812099511564,0.6025192040231981,0.6026484070523789,0.602770290371015,0.6028842268415214,0.6029907571624127,0.603091360231975,0.6031837349207314,0.6032704540399856,0.6033502277120902,0.603424549042376,0.6034927348363124,0.6035552327557656,0.603612358202315,0.6036642266921249,0.6037101363167974,0.6037513853084617,0.6037875914942028,0.6038186840356492,0.6038447489240669,0.6038662195590561,0.6038827949080277,0.6038947314602563,0.6039019253471934,0.6039045230198834,0.6039027508202882,0.6038957328317295,0.603884516200991,0.603868660065038,0.6038476817923607,0.6038222281469082,0.6037920996667614,0.6037570651667373,0.6037169851597348,0.6036719897815049,0.6036218414118018,0.6035665612743081,0.6035061866553695,0.6034399661407895,0.6033682849765987,0.6032907640122246,0.6032075117205727,0.6031181536837703,0.6030226390676421,0.6029206220428329,0.6028118041600111,0.6026959978184496,0.6025731396317386,0.6024430610742981,0.6023048783450329,0.6021588824633318,0.6020046847068651,0.6018416320370208,0.6016698785227838,0.6014882348268014,0.601297401698551,0.6010962303097376,0.6008844334864638,0.6006614273383798,0.6004270514765412,0.6001808223737122,0.5999217752729668,0.5996497300867231,0.5993641575179696,0.59906406753701,0.5987492760239209,0.5984185575009254,0.5980714813976775,0.5977078571158224,0.5973256885853611,0.5969253815719725,0.5965052574630236,0.596065136849075,0.5956030424610819,0.5951190882068998,0.5946153800878277,0.594079496336868,0.5935220771522002,0.5929374513193179,0.5923247897676649,0.5916832743365613,0.5910106780762306,0.590305494374715,0.5895676322071792,0.5887933973585666,0.5879825182646353,0.5871934434199686,0.5862430771809959,0.5853107404721114,0.5843390593033706,0.5833108452553575,0.5822454313472386,0.5811164595833703,0.5799396967043111,0.5787076221877229,0.5774167897654975,0.5760647498581591,0.5746484397372129,0.5731658120321643,0.5716107673478503,0.5699883069516382,0.5682781195952317,0.5664921284540245,0.5646216887550429,0.5626723481865052,0.5606102004935751,0.5584626811882547,0.5562088986098549,0.5538512497333566,0.5513807720728149,0.5487935278809912,0.5460877157670326,0.5432584880770911,0.5405920222898802,0.5371590354486514,0.5338976465643501,0.5304817702116311,0.5269046192159387,0.523156908875129,0.519231997201768,0.5151214778291815,0.5108155532073928,0.506307834706336,0.5015839968408615,0.49663585330583576,0.4914544445396827,0.48602786793967606,0.48034324246604687,0.47439285195666797,0.4681544328388094,0.4618409503052734,0.4547836966378711,0.4476191280129356,0.440115626030271,0.4322562602595127,0.424024831543275,0.41540321343736264,0.4064988165254684,0.3969690705563035,0.38700988173670303,0.37663521880728923,0.3657690568526106,0.354387422163636,0.3424668091619785,0.3299816505484826,0.31690739820982133,0.3032091708985351,0.28886455815651574,0.2738402280030978
0.0587278661318948,0.5584137862458162,0.5609766029437316,0.5633933860371884,0.5659003296898042,0.5683230035630198,0.5705366809939736,0.5725664191958602,0.5744328331482486,0.5761539428952187,0.5777444720682786,0.5792173189612992,0.5805844126846573,0.5818553780420694,0.5830654045676353,0.5843168816269783,0.5855876651295969,0.5867798756318217,0.5878929870734068,0.5889336952878271,0.5899079298564482,0.5908208068273122,0.5916772058794538,0.5924812270865558,0.5932368267583074,0.5939473415100253,0.5946164514274374,0.5952465706869254,0.5958394726531754,0.596399125074596,0.5969269138781578,0.597425144146825,0.5978957305439889,0.5983402079697749,0.5987597656716246,0.5991571000890888,0.5995317838767178,0.5998871011681244,0.6002226181361642,0.600539321301569,0.6008394822595187,0.6011233957797549,0.6013919372410639,0.6016460995168597,0.6018864567470047,0.6021135890842858,0.6023281636869078,0.6025310494081701,0.6027230799262379,0.6029037392806851,0.6030746438306143,0.603235575979962,0.6033875069408482,0.6035300242552322,0.6036646451334003,0.6037907396983995,0.603908982063521,0.6040200938840214,0.6041236813419322,0.604220659973554,0.6043106774420528,0.604394330736011,0.6044718682061099,0.604543166554083,0.604608502194351,0.6046691224251692,0.6047224415879254,0.6047714392172738,0.6048148017428814,0.6048532327280496,0.6048866085881468,0.6049148422938398,0.6049383040365,0.6049571893546251,0.6049706194042497,0.6049793772990067,0.6049837217914507,0.604983055682175,0.6049778734335144,0.6049679837534275,0.6049534880047673,0.6049339536056312,0.6049095351663364,0.6048807662395381,0.6048468716540002,0.6048076032650882,0.6047637695410201,0.6047143833652828,0.6046599860405212,0.6046002621983364,0.6045350005089064,0.6044642440440091,0.6043879025419882,0.6043053588881012,0.6042165450930824,0.6041213993028696,0.604019869251436,0.6039116957511023,0.6037968024379239,0.6036743904929298,0.603544654126082,0.6034069774549187,0.6032615426193252,0.6031076323503829,0.6029452522587704,0.6027736987694269,0.6025925858903671,0.6024022752669856,0.6022014922127421,0.6019898621859863,0.6017671141102082,0.6015331570908541,0.6012874402537576,0.6010306928566266,0.6007566336399494,0.6004713996686601,0.6001712316990102,0.5998566106753053,0.5995261898062895,0.5991794319681536,0.5988156602916895,0.5984340910185875,0.5980345565760711,0.5976141682906784,0.5971738274539489,0.5967139125770935,0.5962281722676787,0.5957211309381097,0.5951889322693479,0.5946315464127677,0.5940472710958934,0.5934349405893751,0.5927929686451742,0.5921207813648405,0.5914169045893596,0.5906786179249757,0.5899036101929054,0.5890932951085054,0.588244298476853,0.5873541614478603,0.5864220573210126,0.5854450635813344,0.5844219666436881,0.5833499760426079,0.5822270694258121,0.5810510622047016,0.5798186131373949,0.5785285460496713,0.5771784311502896,0.5757596246968877,0.574278631744283,0.5727223186758994,0.5710947793334461,0.5693898572686785,0.5676041475194156,0.5657331815470542,0.5637739913993738,0.5617220402259493,0.5595726139029151,0.557320612289462,0.5549633819919334,0.5524925056718676,0.5499058969331292,0.5471964603773195,0.5443574105394663,0.5413844325333613,0.5382707800489371,0.5350096975927625,0.5315936873209455,0.5280217871513907,0.5242688763168778,0.5203442855367695,0.5162411440218655,0.5119279185106036,0.5074196461655872,0.5026949099781923,0.49774827989225107,0.4925666748270483,0.487147696097242,0.4814555718765453,0.4755024898643762,0.46926718025963865,0.4627358516805251,0.45589633178474,0.44873143032212814,0.4413283553979426,0.4333686177472912,0.4251375749414043,0.41651624037174306,0.40748589990571005,0.398027992491479,0.38812266382449134,0.37774733831931284,0.36688151934664187,0.35549980515348295,0.34357938471116906,0.33109500724004903,0.3180179429066207,0.3043218116861614,0.28997719571673414,0.27495258670712475
0.057053383771999505,0.5576618823293262,0.5603950942020888,0.562875738702621,0.5653155012374952,0.5678302252446469,0.5701782195863175,0.5723264698704251,0.5742985963433013,0.5761130433104988,0.5777875754727041,0.5793360895164938,0.5807718270821106,0.5821047248303345,0.5833448068813502,0.5845625525450221,0.5858315315500765,0.587079787194319,0.5882443192689873,0.5893319676153831,0.5903496445861203,0.5913022910889715,0.5921952263147461,0.5930333983001045,0.5938203942092986,0.594560642797466,0.5952564308649269,0.5959113239304472,0.5965282413017379,0.5971099556764728,0.5976583062011637,0.5981757599049934,0.5986643009182822,0.5991254666243079,0.5995610846592178,0.5999728708935567,0.6003618606591241,0.6007297225559236,0.6010777518910725,0.6014065792820661,0.6017177716250428,0.6020121628740126,0.6022902905320718,0.6025534094695392,0.6028026314286961,0.603037745860795,0.6032603405781705,0.6034705976231117,0.6036694061193731,0.6038569445516853,0.604033676011467,0.6042015705945951,0.604358000811437,0.6045064570604207,0.6046457992831961,0.6047766040304305,0.604899767852614,0.6050149451446968,0.6051227850727128,0.605223441252882,0.6053177701753385,0.605404377895969,0.6054850697631893,0.6055596436832749,0.6056286832584746,0.6056908677847181,0.6057477265183824,0.6057992704740567,0.6058453362170061,0.6058863036577318,0.6059216158707237,0.6059520061545369,0.6059775134449253,0.6059979037963931,0.6060134649839459,0.6060241569403971,0.6060300978236466,0.606031414282855,0.6060272938583562,0.6060190038840048,0.6060056529527124,0.605987470352661,0.605964521812807,0.6059372547546079,0.6059036509408201,0.6058659362278381,0.6058228020169637,0.6057749581652958,0.605721179061832,0.6056623551954664,0.6055979655397076,0.6055279983414097,0.605452372815717,0.6053703813613948,0.6052825870199291,0.6051882866850233,0.6050875206860511,0.6049796092675483,0.6048651735084849,0.604743426163342,0.6046140812008599,0.6044770445937899,0.6043322117912677,0.6041788336175917,0.6040167876627178,0.6038458934763189,0.6036650725880515,0.6034747182324459,0.6032741562692967,0.6030630462774098,0.6028409727950349,0.6026070208973364,0.6023614645370499,0.6021029302138761,0.6018316879352508,0.6015465075501242,0.6012467312946793,0.6009324135900236,0.6006025082964981,0.6002555972909245,0.5998922104889435,0.5995109816218561,0.5991107595380644,0.5986911351471778,0.5982510149150978,0.5977895986382896,0.5973059128266356,0.5967985307049553,0.5962668537991079,0.5957094590706677,0.5951252303250477,0.5945129800992769,0.5938718283334367,0.5931995986573224,0.592494408092176,0.591756179657367,0.5909826027676869,0.5901718510871229,0.5893226293780832,0.5884329197776825,0.5875005654033396,0.5865247667321087,0.5855026935410049,0.5844340972523855,0.5833065383646099,0.5821302494977227,0.5808981302458701,0.5796074347337833,0.5782556159600688,0.5768393462798856,0.575355943642945,0.573802057985874,0.5721743338694262,0.5704699297974297,0.5686836102143745,0.5668134423667421,0.5648548465034409,0.5628018173252645,0.5606527119003076,0.5584011905172136,0.5560466184939773,0.5535735345868862,0.5509853973198701,0.5482758009862146,0.5454374051220292,0.5424648158559059,0.539351917471946,0.5360898725452294,0.5326740280033448,0.5290964282939201,0.5253513232258447,0.5214245199420384,0.5173137542027798,0.5130099116506256,0.5084985583173494,0.5037752701651569,0.4988283844188414,0.49364721989926297,0.488219994064188,0.48253653099399885,0.47658268489984584,0.47034752716962025,0.4638164648009587,0.4569761504565094,0.4498139057165025,0.4423092833734086,0.43444905103001985,0.4262175929335292,0.41759636826088065,0.40856661074912615,0.3991086821868748,0.38921138149602685,0.378827914958894,0.36796196736917514,0.3565803956096078,0.3447301169597697,0.33217467683643653,0.31909844687163175,0.3054030247812371,0.2910601196882248,0.27603291063310287
0.05542664520663104,0.5567564022435775,0.5596768677292623,0.562318208913768,0.5647466129371727,0.5672218527484651,0.5697050706385713,0.5719818132581064,0.5740667227107027,0.575982395579035,0.5777471765900299,0.5793770439831974,0.5808854984706526,0.5822846750742035,0.583584511825475,0.5848009304132779,0.5860361601305705,0.5873135818175153,0.5885324018179448,0.5896698579113163,0.5907329319575776,0.5917279346797318,0.5926597202860636,0.5935333821590815,0.5943534641650667,0.5951242857344137,0.595848313866592,0.596529883911171,0.5971717020671047,0.597776201473948,0.5983461202134239,0.5988836201865437,0.5993908537023532,0.5998699774394709,0.600322158927481,0.6007494587396567,0.60115248251798,0.6015341732852797,0.6018950244853165,0.6022357048212659,0.6025584103719068,0.6028637254318441,0.6031520927751168,0.603424498593731,0.6036823308661867,0.6039262106301837,0.6041571731538802,0.6043749346161729,0.6045805519176665,0.6047748983114656,0.6049586800613797,0.6051318007220313,0.6052949159043747,0.6054485292965587,0.6055932190774249,0.605729123821565,0.6058566701665113,0.6059764409804073,0.606088542088076,0.6061933003219698,0.6062908976933008,0.6063816735248813,0.6064658171762327,0.6065437370452879,0.6066154090417181,0.6066809414099567,0.6067405610632365,0.6067947778678876,0.6068431983261413,0.606886615910907,0.6069241897286446,0.60695716888928,0.6069848947081823,0.6070069431861906,0.6070243892842637,0.6070368309087327,0.6070444585892572,0.607047437791303,0.6070453014938473,0.6070381263537864,0.6070264117530424,0.6070094875096144,0.6069877282954785,0.6069609927472946,0.6069295014962424,0.6068926876568032,0.6068508234452636,0.6068036223060901,0.6067510753398914,0.6066931688676093,0.6066297192502275,0.6065606070633984,0.6064854736208165,0.6064045571629761,0.6063171882561288,0.6062234751516173,0.606123539261412,0.6060166155460409,0.6059025219771312,0.6057813651074193,0.6056527648616796,0.6055160907841003,0.6053715068085976,0.6052187234959038,0.6050572482729935,0.6048863389122335,0.604706321268824,0.6045165981001677,0.6043161690227522,0.60410557579833,0.6038835426084738,0.6036501703121663,0.6034049214985467,0.6031467998080899,0.6028758516923335,0.6025908214223199,0.6022926426296232,0.6019771337013488,0.601647304901832,0.6013010997510797,0.600937668154658,0.600556342698722,0.6001564230492356,0.5997369461642331,0.5992973980104285,0.5988357716208951,0.5983522224433806,0.5978451475316786,0.597313584853023,0.5967562873446598,0.5961725995246456,0.5955601758355443,0.5949191572321785,0.594246426426907,0.5935419678940894,0.5928050673683586,0.592030280271489,0.5912197058439783,0.5903705128570021,0.5894809087215545,0.5885490595194425,0.5875723002024792,0.5865495445863392,0.5854778114975998,0.5843549771037505,0.583178911842763,0.5819469422066675,0.580656336723989,0.5793044698768591,0.5778881817869178,0.576404997870779,0.5748511042848057,0.5732236872329972,0.5715184198748768,0.5697327039120962,0.5678623676177205,0.565903220556554,0.5638511418264558,0.561702870121,0.5594500126045552,0.5570918668535554,0.5546218463278313,0.5520360983704781,0.5493249749305787,0.5464868440916424,0.5435142294799346,0.5404049699438048,0.5371393946828296,0.5337239042504883,0.5301459430658029,0.5263992538700715,0.522473949791415,0.5183632366116088,0.5140576798018626,0.5095493633991689,0.5048279412727953,0.4998779908980277,0.49469892764376744,0.4892697618828196,0.48358649961035316,0.47763244275706135,0.4713968770648107,0.4648660861174385,0.4580259199882539,0.45086240918028686,0.44335842370217193,0.4354989164282357,0.42726731718538086,0.4186462906726749,0.4096160350915511,0.4001591319177714,0.39025347581458325,0.3802359006192856,0.36901178494241543,0.35763032346829043,0.34571002908075515,0.33322448704025753,0.320148070231235,0.3064523038818658,0.29210818698232016,0.27708318089750905
0.05384628913753366,0.5556846979325266,0.5588116209378496,0.5616307018899548,0.5641848714410276,0.566601559469987,0.5691109961896735,0.5715267667866843,0.5737345553705184,0.57575907317938,0.5776206744485661,0.5793372496673304,0.5809238527859173,0.5823936327301968,0.5837570808708638,0.5850248817690996,0.5862344062455864,0.5874867003802282,0.5887568588433284,0.5899469449471786,0.591058226282694,0.592097068895249,0.59306976669744,0.5939813890342585,0.5948363389267114,0.5956390150154048,0.5963928996074778,0.5971024903495374,0.59776971326997,0.5983982306899682,0.5989905722016466,0.5995495150394958,0.6000758827040015,0.6005733185953147,0.601042604917424,0.601485389764291,0.6019041082207699,0.6023002813157561,0.6026739098183236,0.6030277323222935,0.6033618549948441,0.6036782495291485,0.6039767931832518,0.604259518725244,0.6045267396409836,0.6047795181688138,0.6050183724557177,0.6052443967964193,0.6054574757379687,0.6056590251185677,0.6058490889810637,0.6060292532979642,0.6061978225886805,0.6063576016657723,0.606507103570683,0.6066485196982638,0.6067808764404076,0.6069050569914259,0.6070217896785183,0.6071306061628178,0.6072319449858288,0.6073266228790922,0.6074142064573113,0.6074959384054598,0.6075708595309564,0.6076389560550128,0.6077018726645654,0.6077586425740584,0.6078101205898949,0.6078554841559797,0.6078958135228312,0.6079305743726051,0.607960229943492,0.6079849005296544,0.6080042734662205,0.6080187823325603,0.6080280733024408,0.6080323473869288,0.608031827124258,0.6080264612749691,0.6080161740921397,0.6080010125943323,0.6079804812381818,0.6079547991798496,0.6079245951357741,0.6078887792601958,0.6078482232683591,0.6078019044752576,0.6077504851388379,0.6076934840376722,0.6076307794233817,0.6075625247848875,0.6074882126082485,0.6074079248237727,0.6073215031049563,0.6072288991282742,0.6071290693463495,0.6070231853980338,0.6069095809474827,0.6067889367026396,0.6066609517680426,0.6065248809903766,0.6063809545288492,0.6062286696224902,0.606067277423899,0.6058971743984272,0.6057174236214535,0.6055278564666602,0.6053282935251821,0.6051177777084242,0.6048963443569594,0.6046634374910528,0.6044179700488177,0.6041602734579117,0.6038897888834132,0.6036055638453053,0.6033057119081198,0.6029917138278145,0.6026620872955658,0.602316067613003,0.6019533115702477,0.6015719384319528,0.6011725164434469,0.6007533407992858,0.6003133836154524,0.5998523200514501,0.5993687638390853,0.5988618939183533,0.5983304812678307,0.5977734591859162,0.5971895092086813,0.5965774446100851,0.5959365970639681,0.5952643705877156,0.5945596629814899,0.5938213843415812,0.5930480474823727,0.5922376255914589,0.5913887347962068,0.5904992110455068,0.589566954751044,0.588590907061287,0.5875682219631875,0.5864964621853077,0.5853735554062423,0.5841977475151587,0.5829654770279421,0.5816749204067186,0.5803232176454507,0.5789069801778838,0.5774235647290468,0.5758701240539223,0.5742422322064789,0.572537423531993,0.5707517565642836,0.5688813551081412,0.5669222344650113,0.5648700433211843,0.5627207671085713,0.5604695415346336,0.5581111141283086,0.5556412512403359,0.5530541536769157,0.5503443896594813,0.5475074406723885,0.5445336995132133,0.5414200369361676,0.538159054573812,0.5347431405755115,0.5311687497677543,0.5274182986249475,0.523494226458463,0.5193829438757412,0.5150777850678071,0.5105681047752534,0.5058445636364607,0.5008977230217897,0.49571639625238584,0.49028939336692295,0.4846057572273338,0.47865214086269897,0.4724167706554262,0.46588628614726324,0.45904588775011324,0.4518815558182424,0.4443780908634638,0.4365191749285501,0.4282872203809745,0.4196657518750663,0.4106360288326327,0.40117858895724845,0.3912729547793644,0.3808979461882803,0.3700351251862109,0.35865009809849085,0.34672961732922786,0.3342443980042892,0.3211679262138188,0.3074721895093481,0.29312903836801324,0.2781027804320809
0.052310993080562605,0.554433179866716,0.557789117160962,0.560803841289348,0.5635266528517962,0.5659993570668462,0.5684427217289192,0.570955817840967,0.5732966958039166,0.5754389478541067,0.5774048573342175,0.5792143811639818,0.5808846054476955,0.5824292211402433,0.5838610485476334,0.5851901792981505,0.5864271145522572,0.5876455897012591,0.5889159522661488,0.5901616575396783,0.5913241712283404,0.5924097448709487,0.5934252691094092,0.5943764507929734,0.5952677339676401,0.5961041508732604,0.5968897449528147,0.597628173731189,0.5983227802272898,0.5989761528281993,0.5995922598580034,0.6001727945448887,0.6007195871551503,0.6012363449975168,0.6017227948174391,0.6021830964374711,0.602617494722965,0.6030276568285498,0.6034158158431374,0.6037822347602883,0.6041289225992736,0.6044569681296831,0.6047663313747711,0.6050593119936908,0.6053363089764222,0.6055984017810819,0.6058459935095619,0.6060796652895966,0.6063007221851181,0.6065095902933779,0.6067069918734513,0.6068926823411119,0.6070682129799644,0.6072342119093863,0.6073891719256,0.6075355756611684,0.6076728432904764,0.6078019129297321,0.6079229408687954,0.6080363659157555,0.6081417495435468,0.6082404023654723,0.6083315933879228,0.6084165118405229,0.608494685883394,0.6085663609003327,0.6086322677347621,0.6086919234045325,0.6087456267055869,0.6087938905384775,0.6088365215737146,0.6088738096463068,0.6089056739253205,0.6089323293218207,0.6089538162809791,0.6089701238996118,0.608981343309879,0.6089874384837582,0.6089887031078828,0.6089847574288877,0.6089757820321882,0.6089618644815661,0.608942833923113,0.6089187000804925,0.6088896322843168,0.6088550623322395,0.6088153796855228,0.608770493803942,0.6087201696484154,0.6086639151073328,0.60860226970588,0.608534921409754,0.6084615677596673,0.6083821963883086,0.6082965851713363,0.6082042406892065,0.6081054148950318,0.607999915203305,0.6078872711053245,0.6077672797495106,0.6076396021572825,0.6075042556461834,0.6073606632648662,0.6072088830254777,0.6070481180916254,0.6068785622491054,0.6066993378650745,0.6065099825299579,0.6063107486663963,0.6061007371463043,0.6058795164699103,0.605646958252469,0.6054020771463806,0.6051447519171235,0.6048742279679981,0.6045897077755586,0.6042908395179554,0.6039771097191361,0.6036477631931406,0.6033022059520374,0.6029391253864619,0.6025584157334214,0.6021590026116973,0.6017397500294022,0.6013002533268654,0.600839502507454,0.6003560322493545,0.5998493030556634,0.5993183648812693,0.59876128216858,0.5981774090587052,0.5975655611709434,0.5969244981999807,0.5962528722554444,0.595548184234099,0.5948100420261926,0.5940367327023934,0.5932267584798944,0.5923774424083983,0.5914879715581574,0.5905564193615174,0.5895798716994542,0.5885568661908784,0.5874854796203047,0.5863628824870827,0.5851879040515304,0.5839557372869714,0.5826644842149292,0.5813128119422531,0.5798967170060623,0.5784134045886407,0.5768595904954561,0.5752322681381762,0.5735275588284942,0.5717417545075487,0.5698714977949652,0.5679122321867804,0.5658604345486218,0.563714796751486,0.561459503633638,0.5591029414458627,0.5566317015960988,0.5540443728155977,0.5513378897032922,0.5484965342373166,0.5455286457464558,0.5424104657981,0.5391493318705527,0.5357334607644637,0.5321560672610323,0.5284090258360185,0.5244841698766198,0.5203733543920734,0.5160678616215961,0.5115585501375609,0.5068354277782983,0.5018887375332814,0.49670688699690424,0.4912800702014017,0.4855960078420497,0.4796472557225668,0.4734774435516538,0.46688313568800566,0.4600375179391738,0.4528726557438789,0.4453707639934925,0.4375094932350233,0.429284809659417,0.4206566379024468,0.4116266404074136,0.4021690051738437,0.39226341258414255,0.38188859620615623,0.3710221148425041,0.35964928257279366,0.3477205865724438,0.3352366270215644,0.32215878417861726,0.3084629159892264,0.2941196046344768,0.2790970435993907
0.050819472258994136,0.5529960837249007,0.5565959338980765,0.55982698645944,0.5627355216097063,0.5653663817997695,0.5677906403069924,0.5702696546911686,0.5727477468380215,0.5750170941137173,0.5770956686157397,0.5790053374086143,0.5807647716237528,0.5823899063250328,0.583894151785855,0.5852892058105454,0.5865854625673699,0.5877997655140398,0.5890357264108723,0.5903135862618434,0.5915297113713779,0.592664899340108,0.5937259399130691,0.5947185832379175,0.595648511127286,0.5965206524851607,0.5973385984008339,0.5981074114921868,0.5988301819696229,0.5995106850570763,0.6001509490473218,0.6007535584342021,0.6013223717557302,0.6018585200291094,0.6023640652397944,0.6028415237526376,0.6032925795500527,0.6037184466479892,0.6041204623359295,0.6045006875887964,0.6048601721326786,0.6051997916498602,0.6055210673773185,0.6058247126532251,0.6061120292836215,0.6063829564552948,0.6066394682264449,0.6068819018928326,0.6071110335337775,0.6073276452845264,0.6075317661371904,0.6077250101355174,0.6079061611825815,0.6080775973106745,0.6082390363920069,0.608390807048997,0.6085336313096125,0.6086677440216962,0.6087932270633007,0.6089109429645326,0.609021008141974,0.6091230742521215,0.6092184322893862,0.6093066908401148,0.6093887190301838,0.6094634562407406,0.6095321703466939,0.609595179389187,0.60965142190121,0.6097025276360946,0.6097475852514236,0.609787503206037,0.60982146286259,0.6098502881444953,0.6098738617503979,0.6098921823056977,0.6099052957470179,0.6099132486553,0.6099161248722524,0.6099139458021547,0.6099064298087485,0.6098941113537957,0.6098764435372673,0.6098535942937929,0.609825710827613,0.6097925195325259,0.6097540336059999,0.6097104144682783,0.60966116378601,0.6096058817449524,0.6095449875696258,0.6094788158593252,0.609406009206841,0.609327343152977,0.6092427801635352,0.6091510517272122,0.6090532628732973,0.6089481498347759,0.6088361024906176,0.6087167902071879,0.6085898621162855,0.6084549604694275,0.6083120158265435,0.6081606126976501,0.6080004615593547,0.6078310888488554,0.6076523581770787,0.6074636550929338,0.6072647792203947,0.6070551134993207,0.6068344907344766,0.6066020264030554,0.6063575243996376,0.6061007099968412,0.6058301725228609,0.6055462171131404,0.6052476878311552,0.6049342303258012,0.6046051480119626,0.604259788069582,0.6038968595065095,0.6035162912130186,0.6031171724019647,0.6026982349753548,0.6022588782605711,0.6017985312962659,0.6013149854139413,0.600808611565954,0.6002773502856255,0.5997212903475919,0.5991370575014463,0.5985255605825645,0.5978841092745643,0.5972125023831689,0.5965082222174659,0.5957704342067298,0.5949970689512736,0.5941872267902066,0.593338001716291,0.5924487575422082,0.5915169065421882,0.5905406221375517,0.5895181911948355,0.5884464177033844,0.5873240649067701,0.586147993405816,0.5849163327150176,0.5836260082254994,0.5822741392965045,0.5808582845976165,0.5793748993330531,0.5778213766606858,0.5761942163866319,0.5744890186589897,0.572703462578402,0.5708333710498027,0.5688741900186294,0.5668220207847832,0.5646726169944959,0.5624213604240772,0.5600636473398067,0.5575935868601156,0.5550064002429481,0.5522969511294374,0.5494592313467909,0.5464862522871706,0.5433793537859845,0.5401115194701132,0.536696188272833,0.533118195507635,0.5293711933239764,0.5254464919153714,0.5213359059646315,0.5170303990771851,0.5125209910563107,0.5077976200891807,0.5028505942434934,0.49766934377838745,0.4922424675718022,0.4865601251372853,0.48060527655631996,0.4743699495347653,0.4678392764134739,0.4609997689500648,0.4538349283506846,2.0,0.43847217192022847,0.4302406195938218,0.42161926363473856,0.41258927256395217,0.4031316940400983,0.3932264490863938,0.3828509245707986,0.371985557494198,0.36060355354653656,0.34868315436465663,0.33619913664817846,0.3231215489463363,0.3094253272238778,0.2950811886440103,0.2800561624777399
0.049370478528390015,0.5515389365477051,0.5552172178375637,0.5586884525667365,0.5618014217700438,0.5646082150006331,0.5671516230657208,0.5695690096841579,0.5720812000588694,0.5744882684901871,0.5766886524355038,0.5787062582716336,0.5805620376414058,0.5822733240021636,0.5838546092790065,0.5853196018917971,0.5866790951874293,0.5879431370513961,0.5891519393914443,0.5904060145078779,0.5916745739744096,0.5928617545736068,0.5939704613160556,0.595007130575611,0.595977564143131,0.5968868471381518,0.5977398363295857,0.5985405860886177,0.5992929183390067,0.6000008462724705,0.6006664173958159,0.6012935321025046,0.601884060390683,0.6024410359240736,0.6029663095737043,0.6034618932663592,0.6039298046462,0.6043718770987943,0.6047891153636898,0.6051832586536608,0.6055561748736806,0.6059080940692824,0.6062409170334924,0.6065556195092895,0.60685314493553,0.6071345756086569,0.6074004269198643,0.6076513598784532,0.6078888188077222,0.6081129626267834,0.6083246270452338,0.6085244404664097,0.6087129005376112,0.6088909110122507,0.6090581217672758,0.609215736876838,0.6093635429417584,0.6095027259675894,0.6096330970797166,0.6097555081649537,0.6098696532450834,0.60997599964356,0.6100753716365257,0.6101672248349779,0.6102524282872674,0.6103317616159811,0.6104029250692043,0.6104687014924812,0.6105282053313268,0.6105818693883531,0.6106297468336808,0.6106718143154067,0.6107083385102583,0.6107394938943953,0.610765408062161,0.6107857826048207,0.6108007837992142,0.6108103504722323,0.6108149558101778,0.6108143704839671,0.6108087055402025,0.6107977905846375,0.6107821990373753,0.6107605129597844,0.6107336752764422,0.6107017128569892,0.6106644015845158,0.6106219116165406,0.6105732584461122,0.6105196644677495,0.6104599008778077,0.6103941777279573,0.6103225233001567,0.6102447129816514,0.61016062677809,0.6100702501763213,0.6099729667377909,0.6098686158635419,0.609757318358134,0.609638829273512,0.6095122601598189,0.609377992667804,0.6092355287996837,0.6090848699112489,0.6089249744995275,0.6087562934150704,0.6085779710166561,0.6083898839638074,0.6081911662424919,0.6079821982242668,0.607761666283854,0.6075296091756207,0.6072855664042847,0.607028733425434,0.6067587202665449,0.606475119808668,0.606177691307189,0.605863664239051,0.6055348372556614,0.6051898390746082,0.6048271226959928,0.6044472532763181,0.6040477342990979,0.6036292715874256,0.6031902832052878,0.6027294377011088,0.6022466566528618,0.6017400958058235,0.601209171311233,0.6006525960917976,0.6000690538900139,0.5994574734297944,0.5988167646586512,0.5981447188191892,0.5974408611542763,0.5967032433084931,0.5959299002382981,0.5951200231172934,0.5942712092640237,0.5933819561491733,0.5924502276931582,0.5914743036525638,0.5904513523436663,0.5893798613618052,0.5882577129063836,0.58708180898346,0.5858501428306656,0.5845596465956092,0.583208093388199,0.58179204240891,0.580308993872763,0.5787553549401427,0.5771281872169091,0.5754234970957594,0.57363792501562,0.5717679803420402,0.5698085829596353,0.5677568902385774,0.5656071964888041,0.5633558817822343,0.5609979583471992,0.5585279955247276,0.5559411156579541,0.5532314591996234,0.550393417595424,0.5474210575708648,0.5443073052510791,0.5410511133804401,0.5376305259399434,0.5340529416577008,0.5303061334075477,0.5263811557091962,0.5222721913811119,0.5179696995681575,0.5134556331330261,0.5087325145161126,0.5037856259369633,0.49860427321031753,0.4931774870850673,0.48749404239381533,0.48154019336922976,0.475304928699229,0.4687924544024171,0.46193395196807874,0.45477021380186433,0.4472668835105149,0.4394070286812012,0.4311755173736515,0.4225554850170272,0.41352469655546753,0.4040670243666534,0.39416111694999134,0.3837864610549768,0.37291995189174915,0.36153861657433056,0.3496378946963313,0.3371852444861073,0.32405671817814746,0.31036315557956046,0.2960156963616552,0.2809918781257317
0.04796279933211694,0.5501234440898498,0.5537082059187525,0.5573741061147562,0.5607135658963839,0.5637142033127254,0.5664247059888478,0.5688886188442734,0.5713351860242332,0.573847209689861,0.5761792956498433,0.5783134139165607,0.5802725885976582,0.5820760947556974,0.5837403482865268,0.5852799126660171,0.5867068253296084,0.5880321517057715,0.5892652484718658,0.5904846985861765,0.5917567586988436,0.5929993026582469,0.5941587215500905,0.5952416976095422,0.5962547462332731,0.5972033307451451,0.5980925061762739,0.5989269526357313,0.5997105354625423,0.6004469581734969,0.601140237984355,0.6017914095934986,0.602405587228676,0.6029840808058458,0.6035297619764516,0.604044333348451,0.6045300510264159,0.6049888158144964,0.6054217816670959,0.6058307152307499,0.6062168133279825,0.606581939957939,0.6069274410111172,0.6072532841730182,0.6075620258236983,0.607853070334548,0.608128558029787,0.6083888411555387,0.6086347751209468,0.6088670184848015,0.6090864457869974,0.6092936925311262,0.6094888215318459,0.60967357274545,0.6098465935357993,0.6100101927909289,0.610163694050875,0.6103079230331115,0.6104435951188711,0.6105703226408837,0.6106889275590477,0.6107997686862016,0.6109029797700438,0.610999116607656,0.6110880176910051,0.6111698602047996,0.6112449779239684,0.6113138037093632,0.6113765927676257,0.6114330814127334,0.6114834387245544,0.6115283455094889,0.6115673390753745,0.6116006513760148,0.6116285855320895,0.6116510619688063,0.6116679434271547,0.6116798677733998,0.6116862901852123,0.6116874706581397,0.6116832729781118,0.6116739951877067,0.6116592230684832,0.6116400715973992,0.6116142595620995,0.6115835392862402,0.6115473953365265,0.6115058118841148,0.6114586658410616,0.6114058815772008,0.6113470180620563,0.6112824122495973,0.611211876317962,0.6111353307490303,0.6110520575099538,0.6109618722883179,0.6108654975270724,0.6107620357068932,0.6106512781192619,0.6105335496561575,0.6104078756854847,0.6102739733758579,0.6101320077763775,0.6099818012287472,0.6098226447085145,0.6096543047524133,0.6094765601169653,0.6092887169181018,0.6090906720180617,0.6088819736444333,0.608661886250638,0.6084302335364449,0.6081864781632337,0.6079301085420691,0.6076604049308969,0.6073769760364334,0.6070792669003465,0.6067663757858034,0.6064376915694644,0.6060927139320588,0.605730494388635,0.6053504359306001,0.6049515487264004,0.6045332037134482,0.6040943257159617,0.6036340278931942,0.6031510867960349,0.6026448883386712,0.6021141701082362,0.6015576919205562,0.600974448127531,0.6003635944537938,0.5997223908840503,0.5990507036106685,0.5983468183632611,0.5976093585220414,0.5968363442388422,0.5960262750442205,0.5951776666184879,0.5942887071184056,0.5933566488831215,0.5923809892062809,0.591358052944797,0.5902867913325233,0.5891656693923215,0.5879886513563946,0.5867571737377109,0.5854667740382598,0.5841154285894048,0.5826994050750074,0.5812163004132171,0.5796626973248591,0.5780353942336767,0.5763307695740848,0.5745452993476375,0.5726750487884291,0.5707160733108703,0.5686642153363075,0.5665154450995338,0.5642759220511078,0.5619057244105709,0.5594377347632504,0.5568489952759564,0.5541393107776035,0.5513014160187895,0.5483287436511706,0.5452153259666047,0.5419541250685029,0.5385385876563819,0.5349611394208407,0.531213920823915,0.5272915936192262,0.5231789600177349,0.518873191376369,0.5143640601723131,0.5096406879022294,0.5046941019807784,0.4995126143678841,0.4940856739256328,0.488402357230844,0.48244919020657734,0.47621333905699315,0.4696823873336611,0.46284246306610133,0.45567806163751745,0.4481746146381729,0.44031546865815063,0.4320839971795491,0.4234626625009268,0.4144408789153934,0.40497527801863753,0.39506985140969153,0.3846946759367733,0.3738283433772584,0.36244687697990946,0.350527002106323,0.3380424749083203,0.3249650511695869,0.3112693123219364,0.297124930280042,0.2819047858225835
0.0465952566866468,0.5486230682635765,0.552235046417818,0.5558739283522528,0.5594593644354664,0.5626742396321482,0.5655683386544756,0.5681870246171608,0.57060715461536,0.5730909491981246,0.5755617969399761,0.57782203529981,0.5798927686536044,0.5817954979426037,0.5835487231558356,0.5851679401645892,0.5866667723043167,0.5880571037604254,0.5893491115208017,0.5905612747359797,0.5917991110526053,0.5930764773270965,0.5942895391249406,0.5954215574515778,0.5964796059474448,0.5974695777738196,0.5983969685191467,0.599266639244705,0.6000829575584762,0.6008496484289289,0.6015700638571536,0.6022481737495795,0.6028865678235626,0.603487910622332,0.6040547216238124,0.6045889349477366,0.6050932262761004,0.605569001259701,0.606018452073184,0.6064428951066055,0.6068432686693916,0.6072220436015267,0.6075799609503079,0.6079177322225849,0.6082376167857338,0.6085394950777873,0.6088249830313224,0.609094642760041,0.609349539033312,0.6095902972180081,0.609817849853538,0.6100322025905734,0.6102354001180123,0.6104256507577055,0.610605604269774,0.6107749722939666,0.6109343117701028,0.6110840911250608,0.6112249418963245,0.6113565402397103,0.6114797711360651,0.6115950653414503,0.6117027794493548,0.611802681847939,0.6118949298887564,0.6119804931020307,0.6120599178188616,0.6121315851125722,0.6121970268010215,0.6122573156050786,0.6123096151298637,0.6123571667481064,0.6123990144167557,0.612434748175674,0.6124645900465344,0.6124891796916169,0.6125089761956586,0.6125221131541264,0.6125304669063286,0.6125335056871694,0.6125312223447679,0.6125235315881213,0.6125105046685536,0.6124918619786357,0.6124678558160305,0.6124385556468788,0.612403806977334,0.6123634773310658,0.6123172801708735,0.6122657527670841,0.6122079537238919,0.6121444544844341,0.6120748907583905,0.6119987583262295,0.6119163696282898,0.611827367868081,0.6117315735070641,0.6116289959868199,0.6115189854307859,0.6114015577180105,0.6112765824321285,0.6111435087849286,0.6110027374661829,0.6108526374761843,0.6106942690597812,0.6105261319258631,0.6103492239438939,0.6101616007917149,0.6099640743325094,0.6097556776848643,0.6095360032853109,0.6093049645775258,0.6090614601256119,0.6088055646530984,0.6085360106822791,0.6082530031899196,0.6079553532220385,0.6076428931267454,0.6073146431320268,0.6069696879982924,0.60660781477317,0.6062281052966645,0.6058296925122474,0.6054113361745481,0.6049724841003541,0.6045124163763296,0.6040298193843449,0.6035238283158638,0.6029944862714468,0.6024369506666108,0.6018540773415751,0.6012426524448149,0.6006017726268117,0.5999303861136515,0.5992265674280617,0.5984891559975858,0.5977166695261313,0.5969065793673812,0.5960581970310275,0.5951688056443487,0.5942376162545493,0.59326137274312,0.5922408150823089,0.59116776459817,0.5900487776756828,0.58887005050991,0.5876382394557006,0.5863479699786965,0.5849965319769833,0.5835808645059295,0.5820976297260383,0.5805442436806214,0.5789168016213749,0.5772128676014515,0.5754269525834861,0.5735569675477984,0.5715986367752746,0.5695459924311417,0.5673966994658126,0.5651455059509233,0.5627877377722875,0.5603177907120923,0.5577310458228226,0.555021639562021,0.552183513193124,0.5492163622858376,0.5460976023082308,0.5428366196304799,0.5394206129190835,0.5358434713341872,0.5320965968091401,0.5281716988890435,0.524060903876411,0.5197555727304999,0.5152465570150399,0.510523325645484,0.5055764204365429,0.500395002519461,0.4949689974183244,0.4892850419592879,0.48333093072472416,0.47709581499479703,0.47056498610289443,0.46372498139269136,0.4565605596398652,0.4490569784877829,0.44119803955068393,0.4329666546725372,0.42434510160471284,0.415315387160643,0.40585912274942426,0.39598766843378563,0.385577044631386,0.374710764053616,0.3633375016684319,0.35140913203483876,0.33892414107233615,0.3258496361214788,0.3121518746925233,0.29780685007359736,0.28278254854682183
0.0452667061957886,0.5469074125787702,0.5507765071716394,0.5543428214616387,0.5580240954864171,0.5614762799573225,0.5645729992029069,0.5673654644690238,0.5698965478240806,0.5723157571943616,0.5748301779270012,0.5772272401162102,0.5794184280946875,0.581428343343773,0.5832768132100528,0.5849812972501879,0.5865569470883193,0.5880165428319117,0.5893713592676743,0.5906307645940024,0.5918395455226886,0.5930954275681319,0.5943614766474062,0.5955453868713521,0.5966510420060828,0.5976848286732573,0.5986521560066383,0.5995589975141367,0.6004095384217812,0.6012078918661213,0.6019583001099335,0.6026633545098012,0.6033272607141718,0.6039523580439873,0.6045412615380847,0.6050962967244048,0.6056198155323087,0.6061136206429489,0.6065797521938304,0.6070199618551718,0.6074358368499175,0.6078282763491706,0.6081993737616276,0.6085500135607408,0.6088812045704951,0.6091941605046781,0.6094899330507633,0.6097694224671006,0.6100336215749639,0.6102831501913677,0.610518809321055,0.610741121220333,0.6109508332091286,0.6111489248741591,0.6113354993893779,0.6115114930880743,0.611676596710257,0.6118316752280717,0.6119776331032885,0.6121148027301313,0.6122428416310841,0.6123624245115137,0.6124744250425347,0.6125784161880277,0.6126744634868304,0.6127638187821023,0.612846198374205,0.6129214123387488,0.6129905840362548,0.6130529060998409,0.6131091303873972,0.613159173379508,0.613203296973496,0.6132417446034473,0.6132740394468104,0.6133008723845427,0.6133225399092948,0.6133381245976485,0.6133485954067145,0.6133529586030365,0.6133523618933419,0.613346691798048,0.6133351069810805,0.6133178465554652,0.6132955993423691,0.6132679122866656,0.6132341808187508,0.613195098080024,0.6131501090244119,0.6130994750096739,0.613042935395918,0.6129804712607181,0.612911983655647,0.6128368572990327,0.6127552720244184,0.6126672414275376,0.6125722983791033,0.6124706198405493,0.6123611017649924,0.6122443283185508,0.6121202746544072,0.6119876070027854,0.6118470201842346,0.6116978660594486,0.6115399483392121,0.6113726587625109,0.6111958807346363,0.6110090437269476,0.6108118584710469,0.6106039681580928,0.6103851070346534,0.6101540899837504,0.6099109259146482,0.6096552209320522,0.6093863670018936,0.6091035331134138,0.6088062019019354,0.6084940171585201,0.6081662165799863,0.6078216169610009,0.6074598252383515,0.6070802847595591,0.6066818825741339,0.6062641281303254,0.6058255310034149,0.605365733769774,0.6048832288088436,0.6043775619497592,0.6038475113387501,0.6032908867995187,0.602707993367883,0.6020968553472001,0.6014563863036285,0.6007849387823617,0.6000812604768897,0.5993441262205539,0.5985714771664115,0.5977643992419396,0.5969132740204821,0.5960242394276241,0.5950948932780913,0.5941167902755198,0.5930944024924742,0.5920233619966705,0.5909012356245248,0.5897255161029247,0.5884959075144803,0.5872042138962502,0.5858527158281305,0.5844369343784512,0.5829551489926104,0.5814004141429503,0.5797736016334373,0.5780686886632048,0.5762834330646249,0.5744131107732581,0.572454943218681,0.5704024177719078,0.5682534732857674,0.5660021747852327,0.5636443467460542,0.5611745287031386,0.5585876454109444,0.5559015141900151,0.5530401030894875,0.5500682898404708,0.5469542139602693,0.5436932251593167,0.5402778420563892,0.5367028151915202,0.532954699751491,0.5290319424227048,0.524917959774033,0.52061270789975,0.516128407635937,0.5113807575179603,0.5064335547805052,0.5012521945440265,0.4958253311850244,0.4901414599254271,0.4841883467857306,0.4779534018275393,0.47142224892004503,0.4645821441633835,0.4574179335376396,0.449914427494694,0.4420569676302645,0.433831814042882,0.42520278440277326,0.41617259601595347,0.40675098891613926,0.39681291758043724,0.3864349827501954,0.3755681237659851,0.3641872005319628,0.352266655857255,0.33978146654568453,0.32670706647788833,0.3130101094176871,0.2986648133332704,0.28364342994063185
0.04397603609302719,0.544952378592106,0.549146776419572,0.5528557148763318,0.5564481989287656,0.5601067161925498,0.5634273871448813,0.566411719409636,0.5691082669213715,0.571562193682893,0.5740140193309208,0.5765227811629874,0.5788449370912172,0.5809697962585665,0.5829208419139187,0.5847170910366425,0.5863749309447084,0.5879085576607285,0.5893300742361051,0.5906501177979507,0.5918790200638586,0.59310066350116,0.5943740348865247,0.595612719364334,0.5967683933786635,0.5978481343300781,0.598858238390102,0.5998039834313538,0.6006903601932546,0.6015221934114411,0.6023032063117668,0.603037324209558,0.6037277330528447,0.6043777351064685,0.6049896351821578,0.6055665445393789,0.6061101366055196,0.6066226219035439,0.607106361490158,0.6075632099880632,0.6079943987726345,0.6084017336135188,0.6087865399172135,0.6091497111781711,0.6094930491766176,0.6098176174544507,0.6101240486584462,0.6104137056636076,0.6106873527751991,0.6109459929450183,0.6111902485646216,0.6114207020668542,0.611638215830204,0.6118432891112511,0.6120366942680265,0.6122191426643844,0.6123901053966387,0.6125513388661077,0.6127027551458801,0.6128451847074665,0.6129781775823936,0.6131027851968951,0.6132186089465249,0.6133267835454427,0.6134276053275345,0.6135205809819558,0.6136062311092182,0.6136852492773538,0.6137574742129996,0.6138230768697766,0.6138821757720719,0.6139352409389547,0.6139817808438247,0.6140226507541253,0.6140576842908593,0.6140871078957925,0.614110359650684,0.6141285488185539,0.6141406904986862,0.6141471386973303,0.6141484026982758,0.6141441466518323,0.6141344535351003,0.6141191961600946,0.6140977585111715,0.6140716173863529,0.6140393022927407,0.6140014909935676,0.6139578225944745,0.6139085830919199,0.6138531038858072,0.613791391633044,0.6137238515181924,0.6136496469752982,0.613569127926409,0.6134819026114153,0.61338791208232,0.6132866429488468,0.6131785296156615,0.613062289590342,0.61293857387293,0.6128070345866217,0.6126670280127507,0.6125183732144895,0.6123610402143006,0.6121943493100725,0.6120180567855428,0.6118317645038016,0.6116350333664737,0.6114276255472072,0.6112089031582023,0.6109784130864974,0.6107358220698103,0.610480984495333,0.6102119213100626,0.6099293687907396,0.6096326659058942,0.6093207733989301,0.6089928854308259,0.6086487334221743,0.6082874406526152,0.6079081463554102,0.6075098702879136,0.6070922512355019,0.606653944492988,0.6061943643625165,0.6057128655925613,0.6052065128334982,0.6046762738279573,0.6041201808812626,0.6035373976571159,0.6029265481553812,0.6022861573038228,0.601615023509024,0.6009114176485316,0.6001742243885757,0.5994015719926747,0.598592276028081,0.5977440656520461,0.5968552071354879,0.5959235247043293,0.5949478977272808,0.5939255304986173,0.5928544424497693,0.5917332655771018,0.5905570093507497,0.5893256434655924,0.5880354180242217,0.5866840085463064,0.5852685470980017,0.5837855929787671,0.5822322501734146,0.5806050631461751,0.5789006217157192,0.5771155751843219,0.5752452861930578,0.5732863869053959,0.5712351533639679,0.569085653074536,0.5668345983161598,0.5644791209730141,0.5620070176238835,0.5594228498379477,0.5567109575558998,0.5538725617889168,0.5509208181253651,0.5477933798478563,0.5445259220848606,0.541112209487235,0.5375337687882652,0.5337858515914545,0.5298613837436685,0.5257510695862309,0.5214456815001561,0.516950486281081,0.5122154241968297,0.5072662860069933,0.5020846457832601,0.49665824230343963,0.4909740066970246,0.4850211968467512,0.47878603482883175,0.4722549676800265,0.4654160217005797,0.4582509021807252,0.4507470556342399,0.4428885669828502,0.4346572337356061,0.4260359577807499,0.41700561394846136,0.40754800791558354,0.3976514520044523,0.3872675927824567,0.37640114437572986,0.36502054946691814,0.3531017469534729,0.3406144547494505,0.3275421022824278,0.3138426738530931,0.2994976956406686,0.2844728362382798
0.04272216631116735,0.5427296767755697,0.5472929065016032,0.5513050747948283,0.554904392506765,0.5585521846094267,0.5621194339780233,0.5653158576694662,0.5681936325576447,0.5707982396389326,0.5732153425969835,0.5757042865692443,0.5781660256743388,0.5804159705419905,0.5824776079735682,0.5843722693723669,0.5861181743935028,0.5877306219915304,0.5892236791629147,0.5906082290246133,0.5918950167515764,0.5931053180698485,0.5943448189667129,0.595621828875511,0.5968309743513882,0.5979591201057044,0.5990136958254243,0.6000006214252742,0.6009249342654344,0.6017917173567947,0.6026052374180434,0.603369521203551,0.6040876497159331,0.6047635165657719,0.6054001806735975,0.6059992220733843,0.606563670053049,0.6070960917767707,0.6075981831788416,0.6080723387605438,0.6085195967890876,0.608942267059191,0.6093409794269654,0.6097181137954676,0.6100735957945275,0.610409862309459,0.610727757887941,0.6110279412738838,0.6113115124681792,0.6115795205142326,0.6118324146438102,0.6120712273788346,0.6122969122186311,0.6125092682880527,0.6127097307878246,0.6128989486146402,0.6130764806645361,0.6132437817286073,0.6134008350772202,0.6135482650451606,0.6136867766676166,0.6138158364390885,0.6139369847620585,0.6140496240552179,0.6141541645665997,0.6142511734779724,0.6143408842819004,0.6144231792027947,0.6144985519921315,0.6145674426174778,0.6146295485208622,0.6146854022553673,0.6147350045044095,0.6147785313838986,0.6148161976385764,0.6148477658321986,0.6148734676748671,0.6148934766505705,0.6149075945970386,0.6149163581407497,0.6149195703300098,0.6149170671932737,0.6149085792140301,0.6148953130718104,0.614875643847839,0.6148503942127459,0.6148197440105733,0.6147832165771961,0.6147412646499373,0.6146926679876409,0.614638518184394,0.6145780627484376,0.6145113348161862,0.614438337111703,0.6143586660846582,0.6142725943290626,0.614179086490722,0.6140789488134718,0.6139715397491733,0.6138560126398914,0.6137333277755769,0.6136020657632507,0.6134628951753504,0.6133149653382759,0.6131582032571032,0.6129918530026536,0.6128161538854645,0.6126308262418065,0.6124340689097574,0.6122270916815471,0.612008891153661,0.6117788097040143,0.6115365998085541,0.6112818876560354,0.6110135703311027,0.6107313029851247,0.6104348402928232,0.6101231320363527,0.609795699824588,0.609451841040499,0.6090908969661838,0.6087118200941585,0.6083139462146434,0.607896419288761,0.6074586168437739,0.6069993199899967,0.6065174559443893,0.6060114044818544,0.6054814324225157,0.6049259743437299,0.6043432352454863,0.6037323084176932,0.6030923244556686,0.6024211075787663,0.6017176741972484,0.6009807494233762,0.6002110038239231,0.5993987949369154,0.5985507389034102,0.5976638939505802,0.596730676798963,0.5957561839024829,0.5948027636124792,0.5936622021112159,0.5925417127613741,0.5913670499353441,0.5901331061062841,0.588854848050535,0.5874919040072046,0.5860762839903199,0.5845935384487986,0.5830549278344761,0.581413188526574,0.5797193327863007,0.5779235791500514,0.5761115643135889,0.5740959543044126,0.5720429567086804,0.569895664286344,0.5676426997593423,0.5652852529081854,0.5628251253210823,0.5602284692930006,0.5575191090504539,0.5547049667697154,0.5517088299758747,0.5485953612152142,0.5453354319813486,0.5419188623321672,0.5383415631865338,0.5345945715208974,0.5306703715229453,0.5265595693080196,0.522254364871555,0.5178843446866443,0.513022269598575,0.5080760926382322,0.5028939171380314,0.49747748284587684,0.49178338530719545,0.4858311829728755,0.47959471205015014,0.47306396248437543,0.4662240066995822,0.4590597703162075,0.451556251827403,0.44369733373888687,0.4354659036290632,0.42684457138852405,0.4178146828232018,0.40838601725430634,0.39845183811428886,0.38807676714296546,0.3772108140416846,0.36582921626137105,0.35390960163430735,0.34142379520612687,0.32834764587297977,0.31465437322546036,0.3003068766123384,0.2852832325412038
0.041504047578504746,0.5404202538360422,0.5451884807965578,0.5495447051826644,0.5533865485984144,0.556952007858698,0.5606347501011903,0.5640656035203535,0.5671435711209959,0.5699204638458837,0.5724377256371681,0.5748596462116775,0.5773761870320315,0.5797614953893613,0.5819428488623712,0.583943175996369,0.5857833783373437,0.5874808141061865,0.5890497110456715,0.5905033440526323,0.591852406336461,0.5931067258366347,0.5943155871543199,0.5955738773436432,0.5968370010315619,0.5980166811508386,0.5991185237875675,0.6001486945058851,0.6011128998095977,0.602016759241144,0.6028642034692232,0.6036597146390172,0.6044074089853873,0.6051102177209094,0.6057716863976967,0.6063944115294825,0.6069814730157039,0.6075343518439016,0.6080555158026991,0.6085477393584139,0.6090115375285448,0.609450153089102,0.6098638102175107,0.6102542529367779,0.6106233176169399,0.6109721597539802,0.6113013324863497,0.6116130251523235,0.6119071057290951,0.6121845161320061,0.6124462220953415,0.6126940623978837,0.6129274763806832,0.6131479068935461,0.6133554817929884,0.613552358880711,0.6137356683188503,0.6139092935022363,0.6140724719968524,0.6142252435269187,0.6143690383233182,0.6145031769828947,0.6146290164277015,0.6147458264665777,0.6148550254568865,0.6149560074791713,0.6150498785627075,0.6151355145729411,0.6152145660932444,0.6152867200135796,0.615352151548288,0.6154109394235602,0.6154634643208861,0.6155095929203847,0.6155497272469213,0.6155837748518763,0.6156119216381775,0.6156339867853865,0.6156505531535789,0.6156611199923213,0.6156664775352096,0.6156654229155248,0.6156591115389046,0.6156471550438531,0.6156291533984662,0.6156057511787161,0.6155763060289797,0.6155413261494538,0.6155004798057292,0.6154537121408301,0.6154002770886803,0.6153411880802393,0.6152752627010311,0.6152033563173106,0.6151245957421904,0.6150392086468062,0.6149468174024031,0.6148474291939324,0.6147406129184305,0.6146262540657368,0.6145040116194724,0.6143737688936459,0.614235123117488,0.6140878976083294,0.6139315032670163,0.6137661023835931,0.6135907981407311,0.6134054767650375,0.6132097527585021,0.6130033658587886,0.6127854429908056,0.6125559289327768,0.6123140885795637,0.6120596864281144,0.6117920014289252,0.6115101762140531,0.6112139595104067,0.6109026968949155,0.6105755599243413,0.6102318804621922,0.6098711096126485,0.6094922690967248,0.6090947749845635,0.6086776005387842,0.6082397489805589,0.6077803332376455,0.6072987429794571,0.6067934212000116,0.6062636699020699,0.6057080736807309,0.6051257160359153,0.6045151221160197,0.6038749979627472,0.6032042858025374,0.6025011036797201,0.6017639488235376,0.6009915629811515,0.600182389470174,0.5993342386557163,0.5984457263867342,0.5975145583306731,0.5965399946640424,0.5955168612288171,0.5944460277222597,0.5933242470204386,0.5921489757723115,0.5909175545680107,0.5896277143768917,0.5882765894492396,0.5868613406900325,0.5853782331267154,0.5838254242731029,0.5821982109724494,0.5804938962403264,0.5787090950950693,0.5768387181286218,0.5748797459343462,0.5728282233666402,0.5706800133652707,0.568428164633492,0.5660705905908382,0.5636007017615355,0.5610143276696054,0.5583045330756787,0.5554669999107128,0.5524943875585778,0.5493809881261799,0.5461202863392898,0.5427058074805355,0.5391275336366673,0.5353826503452926,0.5314565349347382,0.5273494760460544,0.5230405878591851,0.5185312009863469,0.5138077793380229,0.5088812485593175,0.503679649647355,0.4982530239652995,0.4925693936901857,0.48661589430068414,0.48038086447921,0.4738502435397214,0.46700998941030614,0.4598458321531418,0.4523422646896451,0.4444835198217417,0.43625209222790134,0.42764291224515083,0.41860178951251603,0.4091446471444907,0.3992399452220682,0.3888653278693375,0.3779963483193977,0.3666152672410216,0.35469491399685277,0.34226076681313045,0.3291335089000091,0.3154379663834512,0.3010926453933343,0.28606845592520824
0.040320660540767356,0.5381770875545095,0.5428533244859198,0.5475501266316094,0.5517132682975384,0.5553976370809316,0.5589993141115062,0.5626477245645944,0.5659472490273557,0.5689138033517475,0.5715945005738977,0.5740390319218563,0.5764964731000126,0.5790006115894263,0.5813110568666962,0.5834259885468048,0.5853679121258686,0.5871558386180992,0.5888062549213485,0.5903333016127772,0.5917483761946911,0.5930629697980428,0.5942870436462357,0.595510812169734,0.5967856489227336,0.5980199859682848,0.5991716693137429,0.6002475445284168,0.6012537053838366,0.6021961710418922,0.6030794796996712,0.6039082205064015,0.6046864483094637,0.6054177582570908,0.6061057975119287,0.6067530571202597,0.6073627649481532,0.6079371046710781,0.6084786416060503,0.6089891119289367,0.6094710221146157,0.6099259717315823,0.6103545182593634,0.6107597811037364,0.6111431234303765,0.6115042297450879,0.61184535610253,0.6121681627437043,0.6124726645634397,0.6127603989650402,0.6130322578472837,0.6132890349167983,0.6135304990258063,0.6137589102045911,0.6139743623395022,0.6141773737396222,0.6143686156590347,0.614548377868536,0.6147176689881743,0.614876435410194,0.615025632285695,0.6151652746527095,0.615295662173495,0.6154173362176591,0.6155310805776802,0.6156358734741199,0.6157334932870585,0.6158235818905091,0.6159062686425356,0.615981698180964,0.6160506996439684,0.6161122948928225,0.6161676596941392,0.6162166531961067,0.6162593832393521,0.6162961882825956,0.6163264218990767,0.6163510827632308,0.6163696284289982,0.6163824980181717,0.6163893705651926,0.6163904884812661,0.6163866529620338,0.616375507233509,0.6163593844873544,0.6163375365203387,0.6163098947646055,0.6162763877627402,0.6162365247435662,0.6161905442481002,0.6161386616065119,0.616080578787468,0.6160160215230615,0.6159452594677505,0.6158675381202023,0.6157832109843754,0.6156917668554668,0.6155931461709212,0.6154870893917086,0.6153735339179366,0.615252119063328,0.6151225087234398,0.6149845994411101,0.614837822382,0.6146822596578883,0.6145172547680248,0.6143429258696048,0.6141579983963619,0.6139627509680231,0.6137568469794711,0.6135396140685601,0.6133103465403694,0.61306909987288,0.6128149511781291,0.6125476224785804,0.6122661321924782,0.611970184341329,0.6116592756243875,0.6113326110102206,0.6109894117981723,0.6106288362326568,0.6102501306139526,0.609852841457771,0.6094360566705493,0.6089984578118239,0.6085396675699628,0.6080577604317723,0.6075527816904608,0.6070234457117287,0.6064679327851974,0.6058855918441691,0.6052751877252448,0.6046353987378699,0.6039645978466264,0.6032615751064941,0.6025247631368024,0.6017526543736774,0.6009433360941256,0.6000955530744523,0.5992070944935676,0.5982760192383296,0.5973005220909487,0.596278567527067,0.5952078044555505,0.5940861297248257,0.5929109965779602,0.591679733087765,0.5903899626189791,0.5890390473826327,0.5876233091068392,0.5861433480641777,0.5845874652763305,0.5829607324857304,0.58125658682236,0.5794710753403827,0.5776012609364782,0.5756430306725262,0.5735908904793299,0.5714420273196913,0.5691909993102446,0.5668345650284596,0.5643639372653533,0.5617774679542692,0.55906924360865,0.5562298277756164,0.5532574322784694,0.5501443823172432,0.547081063675172,0.5434680056392481,0.5398904358821333,0.5361470256056777,0.5322197947204611,0.5281085968968166,0.5238039524028308,0.5192940988615182,0.5145710698337902,0.5096242737853066,0.5044430881085865,0.4990163985383686,0.4933327561961115,0.48737950775778166,0.48114451695872107,0.47461345176185443,0.46777341410404183,0.4606093670326816,0.45310586704432076,0.4452471175185384,0.4370156813583352,0.4283997343458884,0.4193798858678436,0.4099070358226692,0.4000013387215565,0.3896273102567359,0.3787602557955821,0.36737895389178793,0.35545916703673536,0.3429734640451708,0.32989701531933163,0.316201119057474,0.301857340231281,0.28683230064971077
0.039171014908092584,0.5358250932365276,0.5405443394546531,0.5452932495992341,0.5498201755224938,0.5538021279687265,0.5573899257408172,0.5610475094312629,0.5645924060058107,0.5677679583426938,0.5706283916966445,0.5732174847975952,0.5756317807337564,0.578127215061558,0.5805772942017892,0.5828157714997284,0.5848671731438428,0.5867526985574749,0.5884903350373567,0.5900956056895407,0.5915815367188036,0.5929599979535337,0.5942412192395335,0.5954494108408778,0.5966914918964135,0.5979673919889832,0.5991716630460213,0.6002960805961033,0.6013465085215849,0.6023297103049384,0.6032506708889658,0.6041142069038015,0.6049246271426697,0.6056857414256885,0.6064014347656271,0.6070744738009017,0.6077080692551386,0.6083047776101869,0.6088672051105061,0.6093974245472137,0.6098975021397021,0.6103691773789699,0.6108142104750157,0.6112348704999764,0.6116315945749522,0.6120061804059127,0.612360080417819,0.6126946813757398,0.613010186478615,0.6133086295920825,0.6135900159210635,0.6138560652007323,0.6141068814069347,0.6143436440815666,0.6145670024694317,0.6147772956072644,0.6149752492179605,0.6151618796814401,0.6153374648628418,0.615502327370749,0.6156568632912969,0.6158017467015092,0.6159374208283301,0.6160642231726874,0.6161821768729236,0.6162916535715244,0.6163933500165627,0.6164871574666074,0.6165736736419778,0.6166527255226051,0.6167248315637123,0.616790233381107,0.6168482970309045,0.6169002799580968,0.6169459450595282,0.6169848489252572,0.6170179564548834,0.6170448883215485,0.6170660171077371,0.6170806581672653,0.6170896876571036,0.6170927048611702,0.6170901349179722,0.6170814718845371,0.6170669257092186,0.617046520911103,0.6170204014096262,0.6169880632688878,0.6169498611324227,0.6169054290833986,0.6168546800121049,0.6167978645306641,0.6167345951254328,0.6166646722053456,0.6165879511844697,0.6165046924128494,0.6164141170144621,0.6163163785656852,0.616211379287851,0.6160986416230294,0.6159786784154662,0.6158491670911187,0.6157120683974949,0.6155659453835252,0.6154108098429844,0.6152465398200176,0.6150724287118507,0.6148884777460976,0.6146937267744644,0.6144881477984386,0.6142713322826775,0.6140429194977609,0.6138020220328996,0.6135481839658132,0.6132812251161142,0.6130003838612237,0.6127050989854438,0.6123939920538144,0.6120677750635122,0.6117246064373342,0.6113645414860055,0.6109862741733937,0.6105891319713759,0.6101725074352571,0.6097352311604485,0.6092767797420819,0.6087953352388407,0.6082905038255805,0.6077608779855971,0.6072060128008618,0.6066240021211247,0.606013482686753,0.6053737155030491,0.6047031396086848,0.6040003810669055,0.603263770138602,0.6024916891259374,0.6016826989133781,0.6008364662208957,0.5999465283931694,0.5990158465965534,0.5980404028748806,0.5970186527149395,0.5959480936264743,0.5948260203222301,0.5936511584887105,0.5924199711144615,0.5911301221182121,0.5897791848577607,0.5883638700604091,0.5868815396166719,0.5853282588523314,0.5837015897451993,0.5819970924524551,0.5802119211385323,0.5783422021454612,0.5763837810824533,0.5743329777402649,0.5721831827173433,0.5699321269099069,0.5675743210126152,0.5651048768319843,0.5626329279533198,0.5598088674955911,0.5569711417602188,0.5539988553767341,0.550885802268455,0.5476250905733273,0.5442094496925326,0.5406323332381827,0.5368850709968003,0.5329607764420699,0.5288508770495853,0.5245458341510534,0.5200358424533442,0.5153166966633126,0.5103660132453443,0.5051849655936304,0.4997581169607536,0.49407422706972914,0.4881210324277209,0.48188591251410884,0.47535563935944414,0.4685162470621915,0.46135196233637754,0.4538476977377973,0.44599036607666886,0.4377573672342295,0.42913597834671113,0.42011128476687387,0.4106489756601647,0.40074317488878586,0.39036861452682947,0.3795020409893451,0.36812088533409676,0.35620069995618314,0.34371577218312865,0.33064927668176164,0.31694305301866027,0.30260157399046644,0.2875746671996624
0.03805414862632631,0.5331531090431944,0.5382689389554753,0.5429191605598827,0.5476826431898827,0.5520036770257388,0.5558161172886352,0.5593829308974186,0.5630647317117984,0.5664722060553318,0.56953027901139,0.5722895411471169,0.5747914854115265,0.5772178814348886,0.5797354423755502,0.5821079169953918,0.5842775638832634,0.5862681236451555,0.5880992223650765,0.5897882864768751,0.5913497941638652,0.5927966777830037,0.5941393919386933,0.5953879137659367,0.5965976701758324,0.5978589792212822,0.5991179487198339,0.6002931793509398,0.6013906620332087,0.6024167936934148,0.6033773209808768,0.6042774064887099,0.6051216280619619,0.6059141015342137,0.6066586515035987,0.6073586528364358,0.6080174016743544,0.6086378605374904,0.6092218449905351,0.6097722318223249,0.6102914752780626,0.6107809444621474,0.611243011193221,0.6116787543272426,0.6120905952617762,0.6124790469327311,0.6128461667283852,0.613192921899853,0.6135200709032278,0.6138289362334982,0.6141207674184198,0.6143961716302089,0.6146561589424804,0.614901509830945,0.6151335122051748,0.6153516223727891,0.6155566496162239,0.6157501782127327,0.6159319929951995,0.6161029906760239,0.6162636873616509,0.6164143380926775,0.6165548587114693,0.6166867035764676,0.616809308242502,0.6169233953795826,0.6170294984895573,0.6171274622850261,0.6172187578587639,0.6173007620788937,0.617376866323698,0.6174442585742026,0.6175058129317853,0.6175609040478873,0.6176094541918954,0.617650961132828,0.6176865751062106,0.6177160386779043,0.6177394003374823,0.6177563866698487,0.6177674000162245,0.6177727184550952,0.6177718014236974,0.6177648652199754,0.6177521923283211,0.6177334515054936,0.6177086930994634,0.617677985154135,0.6176414728194785,0.6175980731746956,0.6175488321869173,0.6174932626504598,0.617431113678692,0.6173622796544611,0.6172870381137263,0.6172044240474834,0.6171148329367186,0.6170183062811104,0.6169138250012619,0.6168020087288649,0.6166820867215166,0.6165539378301816,0.6164174895331196,0.6162723300034308,0.6161178453279013,0.6159543655871909,0.6157806959177309,0.6155973472755178,0.6154030545385036,0.6151981105752147,0.6149820532803065,0.6147536780444213,0.6145133465909408,0.6142601589746768,0.6139932348066588,0.6137131397561343,0.6134175683723829,0.6131073801829318,0.6127814150433827,0.6124388586036292,0.6120788925259634,0.611700837155922,0.6113042966763013,0.6108877267532158,0.610450814670709,0.6099920765013305,0.609511502691798,0.6090064498080793,0.6084773802179545,0.6079225025800735,0.6073415038406368,0.6067305834717999,0.606090927989956,0.6054205012046067,0.6047177985974242,0.6039814364388493,0.6032099163128424,0.6024005802964683,0.6015529715599404,0.6006648149710143,0.5997340144436096,0.5987588644198708,0.5977377162159314,0.5966664296177782,0.5955449204219566,0.5943700177180442,0.5931389559521884,0.5918492176659369,0.5905102365509068,0.5890831131899805,0.5876006959515186,0.586047593454463,0.5844206798888324,0.5827169045175382,0.5809315954427223,0.5790721949418419,0.5771033327162589,0.5750517692860231,0.5729027967163465,0.5706534715499842,0.568294731016055,0.5658251064338408,0.563238202221943,0.5605292236579841,0.5576918453371099,0.5547191205168446,0.5516057776396612,0.5483615293125228,0.5449295702686461,0.5413523861407036,0.5376079562354216,0.5336812616799116,0.5295706195353088,0.5252653108201886,0.5207576986000961,0.516033102850444,0.5110972241775974,0.50590562245315,0.5004787088661596,0.49479497994146615,0.4888417889276257,0.48260780776896806,0.47607751847660373,0.4692361539595178,0.46207236707033794,0.4545684163520537,0.446709312748534,0.43847815502520643,0.4298566869528443,0.420828000392411,0.4113709359798058,0.40146401691782574,0.3910890555594454,0.3802229016981183,0.3688437131292642,0.3569231840699167,0.3444383805019543,0.33136014028849764,0.3176639195547874,0.3033191853748774,0.2882953571977892
0.03696912707195026,0.530142590203542,0.5357514484889984,0.5406132026922319,0.5453024405697007,0.5499761236775952,0.554104945330746,0.5577656166090451,0.5613776571648432,0.5650122678585051,0.5682890710887991,0.5712358522489053,0.5738995818081581,0.5763350920030255,0.5787988884303055,0.5812965741328907,0.5835940162965201,0.5856979135034573,0.5876293951446065,0.5894085237343357,0.5910507191330516,0.5925701469995203,0.5939787097030185,0.5952868385944524,0.5965066944197212,0.5977328918413309,0.5990088547892783,0.6002380110600355,0.6013849620628489,0.6024564382490676,0.6034585420934522,0.6043972951509766,0.6052770237370937,0.6061023545455714,0.6068773296116965,0.6076057702465698,0.6082906915224451,0.6089352273319031,0.6095421644988266,0.6101141669503019,0.6106531907833402,0.6111613423663249,0.6116404980803369,0.6120927893919984,0.612519664665539,0.612922839794627,0.6133032139884408,0.6136626455544576,0.6140017419807965,0.6143221832700276,0.6146252497365272,0.6149099567985286,0.6151796944755625,0.6154338088091005,0.6156736058846106,0.6159002135192465,0.6161127881274214,0.6163135632347149,0.6165024764469701,0.6166795139903644,0.6168463093997102,0.617002532038702,0.6171490904744067,0.6172854844273578,0.6174132560740142,0.617531901993498,0.6176422033497604,0.6177445744103688,0.6178387244217324,0.6179259331378141,0.618004274683056,0.6180763113776009,0.6181408978080882,0.6181989021664943,0.6182506235562626,0.6182949137591973,0.6183331172236404,0.6183648951378405,0.6183908147043484,0.618409998587946,0.6184232444705505,0.6184306294874224,0.6184317824532819,0.6184271648268507,0.6184158300478283,0.6183988026462784,0.6183758393299135,0.6183467421936639,0.6183112356815047,0.6182695289759803,0.6182215417191103,0.6181676653136999,0.6181063436440102,0.6180388534293891,0.61796430320058,0.6178830572673015,0.6177943970292257,0.6176985058136722,0.6175951879474478,0.6174841190221765,0.6173650851011216,0.6172380192113124,0.6171020736729005,0.6169575296383648,0.6168040279373096,0.6166408835979655,0.616468379754866,0.6162851187212919,0.6160916854706271,0.6158872654476466,0.6156714171978429,0.6154437837025307,0.6152036997666803,0.614951001617127,0.614684805655432,0.6144048063854133,0.6141098301647198,0.613800011332215,0.6134744730787558,0.6131320462559462,0.6127725487483581,0.6123949487442266,0.6119984500592077,0.6115821689192832,0.6111456404773572,0.6106872494678731,0.6102063122193875,0.6097021636594757,0.6091730109129747,0.6086184114930487,0.6080368907427397,0.6074268360948154,0.606787426182721,0.6061173735725666,0.6054146912405627,0.604678530323163,0.6039067647058172,0.6030983641777583,0.6022504476836595,0.6013624561095041,0.6004319845839203,0.599456559292968,0.5984350084807271,0.5973646471714289,0.5962430966560408,0.5950698124721754,0.5938373977801452,0.5925480274939875,0.5911968789222959,0.5897821193902423,0.5882994073286872,0.5867463051319813,0.5851195323214111,0.5834157618696832,0.5816307566301034,0.5797613074507355,0.5778027084921493,0.5757509724079249,0.5736025526960975,0.5713512183360864,0.5689962357938777,0.566524271951753,0.5639376393022878,0.5612348324771722,0.5583957198195993,0.5554186517651624,0.5523054757092879,0.5490445369066685,0.5456294389284333,0.5420520065452202,0.5383056778692709,0.534380868623444,0.5302704516606442,0.5259655536356529,0.5214558852314529,0.5167331792028168,0.5117863251789921,0.506605568440963,0.5011784937853012,0.49549481193677447,0.4895426166017352,0.4833066825877622,0.47677594390910794,0.4699363197433354,0.46277197575220375,0.45526885651839166,0.44740969276639153,0.43917820199704666,0.4305569310399566,0.4215280923099952,0.4120702005826843,0.4021663494353436,0.39178927349507253,0.38092338098464557,0.3695418383621408,0.3576221577562257,0.34513656819823635,0.33206040547324817,0.3183738959478954,0.3040197130703011,0.2889952579447733
0.0359150422699641,0.5271179241306799,0.5328950389190285,0.5382347126906807,0.5429321042367872,0.5476923463150749,0.5521797392229617,0.5561286185271599,0.5597062569223218,0.5633739532083646,0.5668931423466582,0.5700465868683504,0.5728875843350985,0.5754600797619387,0.5778727071024725,0.5803749682629998,0.5828113063199257,0.5850372800032457,0.5870776521746709,0.5889528943573029,0.590681526059758,0.5922785488540205,0.5937571058547043,0.5951290538116927,0.5964037550672873,0.5976104024416277,0.5988554173184658,0.6001294389533067,0.6013286762605846,0.6024479734276781,0.6034943161831309,0.6044734419188775,0.6053903468831485,0.6062501518206288,0.6070571448555548,0.6078153718529206,0.6085274919258521,0.6091977302719394,0.6098286153140521,0.6104226248546977,0.6109823431143806,0.6115100762761018,0.6120074494480972,0.6124768919876155,0.6129194877743668,0.6133374293633501,0.6137321636092639,0.6141046167221531,0.6144564693030569,0.6147885047050148,0.6151017265952128,0.6153978710954368,0.6156769701645127,0.6159404400172781,0.616189094410882,0.6164238508894997,0.6166447513212215,0.6168523204422827,0.6170484141069725,0.6172325176705598,0.6174049802977908,0.6175673968788961,0.6177192895081651,0.6178611440406607,0.6179941728590661,0.618117492180803,0.6182323340350674,0.6183388632233846,0.6184373850970273,0.6185276518280141,0.6186104542601445,0.6186858859346055,0.618754192755232,0.6188152578548409,0.618869517590926,0.6189173485770866,0.6189580078239245,0.6189927237298055,0.6190210023980481,0.6190426534977563,0.6190580927866236,0.619067289842813,0.6190703793543152,0.619067619144227,0.6190586325877924,0.6190431871914157,0.6190225984753123,0.6189944404211292,0.6189607084328489,0.6189200024879582,0.6188734092412321,0.6188204433251308,0.6187608461534274,0.6186942744393701,0.6186211714619038,0.6185409109894919,0.6184532902281796,0.6183585109733708,0.6182563362287201,0.6181460304599122,0.6180279171443996,0.617901360109693,0.6177664883689798,0.6176228794864335,0.6174696508212427,0.6173074249961638,0.6171351959620273,0.6169527173201891,0.6167598481064189,0.6165562569767191,0.6163406201946263,0.6161137601823411,0.6158740716890816,0.6156218311293075,0.6153559892106476,0.6150763570282356,0.6147818979595878,0.6144725177773372,0.6141470266850501,0.613805169694627,0.6134459223246153,0.6130686265229197,0.6126724972391068,0.6122565591179907,0.6118200329207704,0.6113620557451975,0.6108815362486367,0.6103776968335276,0.6098496669282912,0.6092941555780288,0.6087127508021503,0.6081032605828749,0.607464019291896,0.6067938736295632,0.6060915264884144,0.6053561533539935,0.6045838104136063,0.6037752026465374,0.6029280562184292,0.6020399472618843,0.6011094051118133,0.6001344851861223,0.5991128618074673,0.5980426831523832,0.5969213389934837,0.5957465059110998,0.5945179073079573,0.5932262625792316,0.5918754827093019,0.5904603499209402,0.5889820443625435,0.5874257396541971,0.5858022048975585,0.584096196801967,0.5823101673781594,0.5804415568512776,0.5784816117040694,0.5764302938295676,0.5742821629589803,0.5720308769632695,0.5696732506893679,0.5672044769952925,0.5646171644378415,0.5619079326836699,0.5590703261546218,0.5560981233471652,0.5529850584022754,0.5497243589272902,0.5463089110399046,0.5427316682941551,0.5389866960226485,0.5350606513271992,0.530950287294085,0.526645098099102,0.5221358363054035,0.517413546693607,0.5124732340237854,0.5072851010540564,0.5018584545304406,0.4961748423267317,0.4902218933223234,0.4839867516515013,0.4774563802554166,0.4706161041782051,0.4634533488658801,0.4559506998169256,0.4480896881413642,0.4398587735270602,0.4312370747986962,0.4222075274728958,0.41274998333244384,0.402844308007969,0.3924694777633455,0.3816056905489999,0.3702221160688354,0.35830208418135384,0.3458173179165248,0.3327532902585217,0.3190453151157033,0.30469976480305433,0.289675504439191
0.03489101213406772,0.5241422257405559,0.5298063086866763,0.53554648180354,0.5406106714882455,0.5452604947567137,0.5500150741744942,0.5542980323933246,0.558078847971964,0.5616496070828237,0.5653285650418185,0.5687106336163688,0.5717470593210517,0.5744875127235037,0.5769735597013353,0.5794060055436763,0.581923240620399,0.58428186189644,0.5864392131970784,0.5884181265371058,0.5902394779803838,0.5919195410836382,0.5934728528793677,0.5949122943420114,0.5962482929393091,0.5974908953449191,0.5987019864605011,0.599966437393395,0.60122047848491,0.6023904721213162,0.6034831558939368,0.6045046599402804,0.6054610382790069,0.6063571582348256,0.607197634193836,0.6079866992485143,0.6087280526177832,0.6094249436070301,0.6100805765083784,0.6106980108091828,0.6112794734406366,0.611827018299133,0.6123435666240763,0.6128306223590645,0.6132901162950021,0.6137237022923157,0.6141328206103948,0.6145189269687719,0.61488383773184,0.6152278334147474,0.6155530599073921,0.6158594968653048,0.6161492074715823,0.6164220435366299,0.6166801439443161,0.6169226628148402,0.617152125952604,0.6173674161195574,0.6175702487125493,0.617761202953759,0.6179405463777103,0.6181089066564178,0.6182665730785059,0.6184142964856028,0.61855238294614,0.6186809613261307,0.6188003647540677,0.6189113608620144,0.6190139432313969,0.6191092697674637,0.6191949229695521,0.6192740263675875,0.619345965139443,0.6194102641732778,0.6194676895195202,0.6195181534389052,0.6195620013068506,0.6195991069640856,0.6196296752992918,0.6196539140484623,0.6196717272746536,0.6196832875696866,0.6196890440715375,0.6196875618238603,0.6196805648447364,0.619667219245109,0.6196474418643138,0.6196217197361181,0.619589028573,0.6195503610417599,0.6195054136975606,0.6194538085426422,0.6193950694308364,0.619329939933976,0.6192578270339502,0.6191786075992893,0.6190926344371995,0.6189985739513786,0.6188970123348265,0.6187879063830762,0.6186706161711087,0.6185450291824018,0.6184107232309844,0.6182679385056089,0.618115639147755,0.6179539918224108,0.6177823885794529,0.6176009019544144,0.6174082977490071,0.6172052609043935,0.6169902754260114,0.6167641112771979,0.6165248154519666,0.616272958184634,0.6160075790237491,0.6157284438681513,0.6154343656165617,0.6151251413680202,0.6148002536969005,0.6144587014321818,0.6140998123829564,0.6137227600462759,0.613326976178856,0.6129118235110601,0.6124751483987948,0.6120175458985208,0.6115372294175507,0.6110335112160248,0.6105052560210814,0.6099505369178128,0.6093692607796563,0.6087597676457756,0.6081209986256021,0.607454441808314,0.606748853586194,0.6060130559071647,0.6052414302929143,0.6044331970747029,0.6035869472919089,0.6026979662238409,0.601767708655789,0.6007928524629413,0.5997720776544779,0.5987012091930192,0.5975839065322617,0.5964053163473839,0.5951748163042304,0.5938853315633437,0.5925346259732068,0.5911195089862814,0.5896374619045419,0.5880847103289055,0.5864579886871487,0.5847544685071552,0.5829691626552885,0.5810995675835692,0.5791411845712775,0.5770912961297983,0.5749412751113145,0.5726920229587277,0.5703330114533287,0.5678638701392539,0.5652772746982243,0.5625682598489498,0.559730446668573,0.5567585835532749,0.5536453228018393,0.5503846674884303,0.5473238450855182,0.5433929951140729,0.539645342599392,0.535720965025161,0.5316113650453294,0.5273054413427528,0.5227963396808167,0.5180733928630409,0.513126756983732,0.5079458454668915,0.5025190453511174,0.4968358462021687,0.4908838789630257,0.4846471673213001,0.4781166222914486,0.47127849062284477,0.4641326351115186,0.45660945483105586,0.4487557371645512,0.44061549489741353,0.43189830147935393,0.42286823126545836,0.4134111975442156,0.40351349080292664,0.39313049614975915,0.38226399342445544,0.37088437687680137,0.35896398243956756,0.346477935660896,0.33340260240149094,2.0,0.3053607635122166,0.2903364366933161
0.03389617972850788,0.5208416317601888,0.5267961693119648,0.5325119302707609,0.5380759558020571,0.5428952121548225,0.5475995850609903,0.5522437579110524,0.5563360942402228,0.5599741257348423,0.5635964886858932,0.5672144901747629,0.570466712909472,0.5733924354068629,0.5760379397787632,0.5784648960188726,0.5809358434204549,0.5834252680932037,0.5857091160580846,0.5878002906301635,0.5897215248526715,0.5914902153777144,0.5931236918885124,0.5946347920165473,0.5960360404132116,0.597337717210244,0.5985529750054926,0.599782028934627,0.6010589306388244,0.6022825583142958,0.6034242671387023,0.6044907003367905,0.6054884710449344,0.6064227670275412,0.6072985694198303,0.6081201859262294,0.6088916484622626,0.6096167015068141,0.6102985614447577,0.6109400323108766,0.611544258695,0.6121131778858372,0.6126495499222244,0.6131546195824958,0.6136314008283287,0.6140812483513892,0.6145055967744366,0.6149060087840104,0.6152840395613209,0.615641224761073,0.6159778833038447,0.6162956422657219,0.616595993813753,0.6168788233977527,0.6171462003124372,0.617397710653919,0.6176351178361205,0.6178588742810613,0.6180696236806549,0.6182672629267665,0.6184533328421782,0.6186280372689302,0.6187918704739621,0.6189451055642228,0.6190884881007679,0.61922231066075,0.6193465237362638,0.6194620515171791,0.6195693525098602,0.6196677790293943,0.6197585876621483,0.6198412990385948,0.6199164297160695,0.6199845798095713,0.620045007855011,0.6200984427705359,0.6201450794808945,0.6201850752829577,0.6202185399800298,0.6202452818793759,0.6202653996192704,0.6202790998998166,0.6202867461602163,0.6202878894986672,0.6202828460037974,0.6202709055759048,0.6202530295321379,0.6202287955632022,0.6201983143037947,0.6201612991384187,0.6201174320224901,0.6200667695729027,0.6200097144811031,0.6199461414470117,0.6198750292920124,0.6197971557046438,0.619711840125738,0.6196191821788949,0.619518709686153,0.6194104301755003,0.6192939886454607,0.6191691905536207,0.6190360201826312,0.6188937123038695,0.6187421388098246,0.6185811642912497,0.6184103120530471,0.618229535811415,0.6180377829101407,0.6178348630858401,0.6176206431810204,0.6173948027037955,0.6171564926810214,0.6169046901032217,0.6166399208404884,0.6163612155955067,0.6160675385687306,0.6157589549646695,0.6154342782698751,0.6150933273152637,0.6147345566933388,0.6143580168361269,0.6139625858985006,0.6135472830983473,0.613111460111611,0.6126538983574521,0.6121738848071289,0.6116701266152805,0.611141927542132,0.6105881187089958,0.610007035883135,0.6093978992372364,0.608763802349552,0.6080892808179655,0.6073871884725686,0.6066516515764453,0.605880195155712,0.6050722498700128,0.6042247545884953,0.6033372455631822,0.602406933522649,0.60143229065844,0.6004109401727868,0.5993417918188958,0.598219888521797,0.5970452204127623,0.5958147085984434,0.5945255017605088,0.5931747242478863,0.5917600263042324,0.5902776905081222,0.5887250220413685,0.5870987677595075,0.5853949878356698,0.5836099196402644,0.5817403016237471,0.5797820643574267,0.5777308624000266,0.575582520723029,0.5733338369002964,0.5709740642232916,0.5685072928068645,0.5659194570444881,0.563209482144741,0.5603716916839886,0.5573998678721083,0.5542868093635137,0.5510269766656963,0.5476108485146323,0.5440335454621487,0.5402870310421418,0.5363627919141356,0.5322522255889639,0.5279472212290475,0.523438550545963,0.5187153309803263,0.5137687926940249,0.508587582252332,0.503160792203308,0.4974780321866058,0.4915254758096576,0.48528979223552193,0.4787584969002565,0.4719188314288705,0.4647547060897306,0.45725175379205396,0.4493922491412804,0.44116142122620466,0.43254025212162306,0.4235114529214836,0.4140527012589922,0.4041472148750268,0.3937722072187799,0.3829069696579523,0.37153453672851494,0.3596075643127839,0.34712059994474653,0.3341598024276919,0.32034776439864604,0.30600740948974564,0.29097877612884004
0.0329297125509715,0.5171428500087561,0.523700329136224,0.5294282667974112,0.5352100225040906,0.5404926599370456,0.5451710498240638,0.549939012655879,0.5543842091937302,0.5582982721225302,0.5618685064301431,0.565544080412794,0.5690352722588587,0.5721651638083047,0.5749854755193966,0.5775401460695505,0.579952835236004,0.5824612767371686,0.5848825177289266,0.5870947600702227,0.5891231011348845,0.590987533961981,0.5927062603283434,0.5942945144491039,0.5957652447897198,0.5971298709773113,0.5983978153701105,0.5996037271366268,0.6008514686463221,0.6021230294854963,0.6033165455767536,0.6044305984187819,0.6054720417472377,0.6064464209663399,0.6073592235308221,0.6082151313629948,0.6090183072612116,0.6097727621605282,0.6104817958340641,0.6111488695689903,0.6117765654523935,0.6123672560324379,0.6129242055052337,0.6134489351374032,0.6139436630787211,0.6144105989073428,0.614850570411344,0.6152659177340731,0.6156580980125265,0.6160279033489959,0.6163770828362791,0.6167066764255288,0.6170177147143242,0.6173111215781513,0.6175879219679027,0.6178491503797647,0.6180949796270722,0.6183268333825833,0.6185455302125475,0.6187505522957835,0.6189437069359707,0.6191248292334358,0.6192949079041381,0.6194539831973374,0.6196028599214269,0.6197418867699933,0.619871536805571,0.6199919178049387,0.6201038451834526,0.6202061495426212,0.6203009869268088,0.6203883148628296,0.6204668779445919,0.620538238604726,0.6206020085736363,0.6206584735765638,0.6207082211050137,0.6207511708620751,0.6207871872922383,0.6208167423844871,0.620839478620379,0.6208555104506469,0.6208650557522645,0.6208681107885272,0.6208651649729847,0.6208553559248111,0.6208394437522354,0.6208167942178291,0.6207876696327806,0.6207520675653511,0.6207100884374531,0.6206610260971948,0.6206055612792295,0.6205427087888852,0.6204731365796162,0.6203964679878999,0.6203121433971486,0.6202205090549234,0.6201210821845737,0.6200137764452696,0.6198985366465892,0.619774507280682,0.6196421706069889,0.619500762743251,0.6193498939352369,0.6191896131331279,0.6190196918882767,0.6188390765718096,0.6186480807331289,0.6184459665472177,0.6182323979952421,0.6180069926925053,0.617769051434242,0.6175181520553429,0.6172537094808886,0.6169752980470153,0.6166824343991621,0.6163739576858901,0.6160499170333108,0.6157093182366384,0.6153508606674595,0.6149747446244971,0.6145793102605078,0.6141644103909645,0.6137289779144881,0.6132719388360095,0.612791887542902,0.6122886383852689,0.6117606844462865,0.6112069058991679,0.6106260541724741,0.6100170619301148,0.6093785309974861,0.6087090288276283,0.6080075107633467,0.607271539549346,0.6065005383654698,0.6056925014020836,0.6048455372667108,0.6039580264458702,0.603027852492722,0.6020535567247078,0.6010322907741168,0.5999623168559648,0.5988413302402215,0.5976668151519582,0.5965696338816152,0.5951471391618913,0.5937966143691568,0.5923818814469499,0.5909006727978341,0.5893474649190984,0.5877206478101741,0.5860173640569019,0.5842323095209223,0.5823634103497771,0.5804046991277063,0.578353293069191,0.5762081718727787,0.5739569487477268,0.5716169931277154,0.5691276119403067,0.5665413447791066,0.5638328795255897,0.5609950556418354,0.5580227632672053,0.5549099678648407,0.5516493910564861,0.5482342432507799,0.544657005012584,0.5409100851333578,0.5369884576007822,0.5328754010346632,0.5285870807018822,0.524061467316337,0.5193384051614758,0.5143919899638776,0.5092113671596494,0.5037845444199992,0.4981077115140401,0.4921475817997833,0.48591480521022,0.47939090381517646,0.47254227484297373,0.46537804921799775,0.4578754679184587,0.45001579052904284,0.44178447873414733,0.43316325651223697,0.4241338757388504,0.41467624669908687,0.4047707641207351,0.39439730662140726,0.383530116556747,0.37214857746555413,0.3602303222570192,0.347743553637745,0.3346684115119278,0.3209710297932648,0.3066280807145901,0.29160231983803864
0.031990801835925474,0.513475996036798,0.5201748293753384,0.5264134701762134,0.5320779415985544,0.5377931878650549,0.5428035980583747,0.5474574970638728,0.5521982265427444,0.5564410172820985,0.5601882762914951,0.5637665194581876,0.5674390775070766,0.57079405482228,0.5738074394912316,0.5765284094599402,0.5789981606739911,0.5814380483694738,0.5839532015695302,0.5862965164283326,0.5884404399249568,0.5904077948183343,0.5922185893462201,0.5938889505114187,0.5954337389343127,0.5968649970272405,0.5981940314797777,0.5994296511734513,0.6006432954562306,0.6019106686949379,0.6031588749227119,0.6043231357682814,0.6054105837074648,0.6064272664634093,0.6073790102448033,0.6082708809792902,0.6091073731351534,0.6098926928465481,0.6106304736252259,0.6113238054448188,0.6119764182984112,0.6125904616643258,0.6131685269040708,0.6137133596894049,0.6142273730945703,0.6147112477845323,0.6151679089765524,0.6155988892510099,0.6160060945777316,0.6163889540921682,0.6167511084264959,0.6170926418750456,0.6174150236539706,0.6177193385003062,0.6180061085091413,0.6182767963970246,0.6185318441408366,0.6187722697274248,0.618998498347566,0.6192116809344635,0.6194117503562008,0.6195998917717559,0.6197760637024664,0.6199416921695018,0.6200963957209611,0.6202406587607422,0.6203761166131084,0.6205006742619723,0.6206168243133947,0.6207244047644846,0.6208233310030926,0.6209139031775859,0.62099644654266,0.6210716557127567,0.6211390738134435,0.621198850743985,0.6212520000402028,0.6212976854855896,0.6213367759399846,0.621368252769851,0.6213935924009449,0.6214124683661021,0.6214240825991492,0.6214295146038163,0.6214285474861966,0.6214208953208442,0.6214068834362105,0.621385874392372,0.621358631944324,0.6213250266124558,0.6212839346914611,0.6212365346993474,0.6211826740696679,0.6211210178571615,0.621052914885339,0.6209772824433907,0.6208942071006761,0.6208035444720547,0.6207052368607305,0.6205989513217166,0.6204844786995747,0.6203614960398023,0.6202299403444084,0.6200892883176962,0.6199398315686682,0.6197799478629211,0.6196106526873815,0.6194310100483842,0.6192406493438372,0.6190391523684525,0.6188261361064816,0.618601037292142,0.618363839625437,0.6181132861754027,0.617849574644616,0.6175716483926694,0.617278974793002,0.616971092840672,0.6166473843040683,0.6163068197610883,0.6159491209211343,0.6155734311549816,0.6151784103974849,0.6147638712621717,0.6143285678778087,0.6138719292928375,0.6133921584856034,0.6128891353504866,0.6123612783900295,0.6118077560343971,0.611227353469564,0.6106185151474017,0.609980166989808,0.60931083311794,0.6086096790316556,0.6078745676999087,0.6071028778321045,0.6062949525925604,0.605449166850117,0.6045608954024243,0.603630986062882,0.6026572330348754,0.6016355447624193,0.6005657329912694,0.5994447941412043,0.5982710678371865,0.5970399381494396,0.5957510559170064,0.5944007322013213,0.5929860897374716,0.5915038228793773,0.5899513641683982,0.5883250264209947,0.5866215340198321,0.5848546473105645,0.5829679611015222,0.5810094020478562,0.5789584696991735,0.5768106427763667,0.574559187389643,0.5722140674270944,0.5697377058372929,0.5671464436188535,0.5644374045704377,0.5616001830741997,0.5586289123033419,0.5555148637529014,0.5522542177946825,0.5488393929657198,0.545867686083786,0.5415199201447841,0.537591449506861,0.5334814565616947,0.5291760576212541,0.5246668918249752,0.519944049580452,0.514997331346517,0.5098165055575061,0.5043901276250491,0.49870619051288534,0.49275325939447484,0.48651830386611605,0.47998772718902827,0.47314786982267654,0.46598441529752066,0.4584807260584317,0.45062172927293054,0.4423903960842605,0.43376920390339924,0.4247397265722248,0.41528198402755556,0.4053795454995901,0.39500387794531167,0.38413563942669166,0.3727545699664771,0.36083472192293015,0.34834934202841283,0.3352730671148408,0.3215773413651479,0.30723229484313713,0.292209209772781
0.031078661877820123,0.5097790476502385,0.5164265419056957,0.5231179905042941,0.5290107317800958,0.5347463819939496,0.5402568390134025,0.5450362974000681,0.5497564351846012,0.5543652167640052,0.5584192751400983,0.5620364004907537,0.5656706591082242,0.5692671416767102,0.5724935054422912,0.5753966599528695,0.5780227394129036,0.5804429116492587,0.5829214779774701,0.5853999911396974,0.5876689689826394,0.589747230586481,0.5916563951139332,0.5934149702618704,0.5950388490910652,0.5965417404808179,0.597934884421035,0.5992294481777298,0.6004410446873852,0.6016728908826686,0.6029498686758588,0.6041672233295398,0.6053033565076152,0.606365240686948,0.6073574773683555,0.6082873250724828,0.6091587995864045,0.6099761617931805,0.6107439155636728,0.6114654907886863,0.6121436491843425,0.612781669738159,0.6133824869084328,0.6139482533273171,0.6144813240499943,0.6149838876497707,0.6154578844768386,0.6159052620622685,0.6163264544806144,0.6167248248436976,0.617100170915617,0.6174538619903983,0.6177886810621498,0.6181033643739199,0.6184008035020283,0.6186814449646536,0.618945708266299,0.6191948024950027,0.6194294506765631,0.6196502831870494,0.6198583044856228,0.6200530049937629,0.6202362541165479,0.6204081075535155,0.6205686408455703,0.6207188215428098,0.6208589854866142,0.6209895715711047,0.6211103615195647,0.6212222259405641,0.6213254124893324,0.6214202596420518,0.6215070377931311,0.6215856245831478,0.621656659311924,0.6217199789956049,0.6217770570929817,0.621824763973875,0.6218673944291535,0.621901516457747,0.6219292438653665,0.6219504374065065,0.6219645982164109,0.6219722209341091,0.6219733316260908,0.6219679735813051,0.6219558329496087,0.6219366239349774,0.6219112066759653,0.6218787711873349,0.6218397804191147,0.6217942038273101,0.6217411328607266,0.6216813247860115,0.6216141642581128,0.6215402713534287,0.6214581213609884,0.6213687687369024,0.6212715349178831,0.6211661572197026,0.6210528680595233,0.6209307310380728,0.6208205395297767,0.6206602028447958,0.620511172431204,0.6203526178691727,0.620183783613533,0.6200049319955454,0.6198157167583516,0.6196144104430885,0.6194102783799581,0.6191777930441961,0.6189410116049016,0.6186911476930024,0.6184275979195298,0.6181502989822331,0.6178581250781565,0.6175514361408774,0.6172274443981066,0.6168874047881566,0.6165299015037563,0.6161544055574637,0.6157598128752753,0.6153456142959378,0.6149105925301742,0.6144540584775963,0.6139751257107426,0.6134723447589442,0.612944541304423,0.6123916242196311,0.6118111256989779,0.611202392676622,0.610564396893741,0.6098953639623897,0.6091940892195217,0.6084585572501583,0.6076878245099114,0.6068802125840577,0.6060336172510641,0.6051463354293931,0.6042177306741969,0.6032423861338665,0.6022213836721722,0.6011520935545838,0.6000309812490172,0.5988636411560204,0.5976265724733729,0.5963378055488654,0.5949872849576809,0.5935735509476757,0.5920908368282439,0.5905385994673353,0.5889120141176231,0.5872084459325945,0.5854241498314402,0.5835547565634467,0.5815990291183659,0.5795456782329571,0.5773987428804619,0.5751469456876566,0.5727894039275474,0.5703209080436794,0.5677349352825793,0.5650252494059588,0.562188994363621,0.5592268207102218,0.5561027510837094,0.5528424727540826,0.5494428600217265,0.5458504204637354,0.5421038876983116,0.5381792169178926,0.5340732653424924,0.5297642915929951,0.5252551646337454,0.5205322878630826,0.515585756132815,0.5104047496736029,0.504980277735018,0.4992946554243112,0.49334170666556915,0.48710654687411015,0.48058727677742474,0.47373655647916413,0.4665724239404586,0.45906945461546134,0.45121006808607866,0.4429808909603225,0.43435762419130897,0.42532813710762196,0.41587097345713575,0.4059654315583229,0.3955908003845957,0.3847275509062013,0.3733442894940279,0.3614230025737705,0.34894040014253247,0.335862719430481,0.32216615240032914,0.3078211708983643,0.2927969997379062
0.030192529373589783,0.5055766184577263,0.5127816891994147,0.5194018809945214,0.5259056165613352,0.5316066282701406,0.5373871471600595,0.5426096044393234,0.5472728636209553,0.5520446716283667,0.5564455673728855,0.5603231884869251,0.5638880785277525,0.5675695628200512,0.5710315350496904,0.5741359932654874,0.5769350345376613,0.5794707518037254,0.581885619828218,0.5843989304795086,0.586803776566674,0.5890014904072156,0.5910166320269504,0.5928698336246447,0.5945784607083889,0.5961574254069973,0.5976194999645618,0.5989760013633385,0.6002371475979585,0.601442143562284,0.6026936089825744,0.6039616654522115,0.6051489647939143,0.6062574615549751,0.6072935678341549,0.6082629961934006,0.6091711773816977,0.6100227767989796,0.6108218875479409,0.6115728105264818,0.6122779268725695,0.6129412519125609,0.6135653930217517,0.6141531648505648,0.6147067672232635,0.6152286281003251,0.61572032573871,0.6161841488817246,0.6166217881067947,0.617034161757172,0.6174235059754491,0.6177905146967534,0.6181369744373443,0.618463822801468,0.6187723600925662,0.6190628836688725,0.6193369978772502,0.6195954910106782,0.6198387645628347,0.6200678408318605,0.6202829773711656,0.620485867070783,0.6206753952330604,0.6208545369295595,0.6210205118437722,0.6211765072814022,0.621322209582407,0.6214578661074417,0.6215846756720866,0.6217005534295035,0.6218085504094579,0.6219077866633512,0.6219983520299504,0.6220806796625782,0.6221556454925354,0.6222223509164807,0.6222823510962878,0.6223336732951285,0.6223789146043986,0.6224158714081468,0.6224463988690894,0.6224699848250425,0.6224868614443798,0.6224968744147323,0.6225000947869329,0.6224969876167534,0.6224864266006175,0.6224696557178182,0.622445763934106,0.6224152347399416,0.6223779807109314,0.6223339187865309,0.6222825613024331,0.6222237787894714,0.6221587057146379,0.6220851642690488,0.6220044923520109,0.6219162646754076,0.6218201938755772,0.6217160433521722,0.6216035630609091,0.6214826135451681,0.6213530253167879,0.6212139455594713,0.6210656967246309,0.6209078541981431,0.6207413622863349,0.6205619172044087,0.6203727357327569,0.6201726638683474,0.6199610174289293,0.6197372325625158,0.619500730418336,0.6192515989638666,0.6189886172495579,0.6187117265550386,0.6184215051108974,0.6181131503928555,0.6177901721053304,0.6174507485460945,0.6170936755912485,0.616718470207201,0.6163244296997706,0.6159103906006893,0.6154757183571224,0.6150194612730371,0.6145406288307994,0.6140382599907431,0.6135112785228104,0.6129580967899512,0.6123780300895901,0.6117695084132433,0.6111315856211431,0.6104628046879158,0.6097629041680275,0.6090264598730375,0.6082561797719259,0.6074484079086063,0.6066019917333059,0.605715355083174,0.604785507566326,0.6038115811704352,0.6027904530136527,0.6017210342460776,0.6006003221966151,0.599426387612173,0.5981961081905415,0.5969073290872727,0.5955571545679675,0.5941425564930793,0.5926608274355221,0.5911087326011175,0.5894822523702893,0.5877790232735433,0.5859944880403396,0.5841253036009545,0.5821674118085929,0.5801160512509029,0.5779678775046477,0.5757174444946244,0.5733600985425954,0.5708913232831873,0.5683050870421607,0.5656040659677958,0.5627588635849873,0.5597868862408296,0.5566739283532242,0.5534134362349024,0.5499982671644423,0.5464212831418066,0.542674685457171,0.5387660591218473,0.5346406161704296,0.5303354649895482,0.5258264808791585,0.5211037517147847,0.5161582475191098,0.5109763117153352,0.5055509385427847,0.49986820005437715,0.4939131230280395,0.48767834332525073,0.4811479337388156,0.47430783500941365,0.4671444065538086,0.4596407274130909,0.45178232753089886,0.4435506086367686,0.43493233707566326,0.4258998934063907,2.0,0.4065369768003074,0.3961622541953429,0.38529611743844233,0.3739148914268617,0.36200020886208023,0.3495098752785969,0.33643395662118464,0.32280786414874657,0.30840581171320586,0.29336904796428565
0.02933166278390044,0.5012814798210574,0.5088650850290809,0.5156793347719287,0.5223936234224295,0.5285505323857349,0.5342221593975114,0.5399048322319414,0.5448588583783246,0.5495222836291941,0.554243511403053,0.55844437250739,0.5621568723600628,0.5657460388269083,0.5694085503013837,0.5727351881944914,0.5757243457545632,0.5784242778881643,0.5808795430148658,0.5833269033818173,0.5858378290634713,0.5881652226187459,0.5902953545470397,0.5922499981690111,0.5940493188853452,0.5957093766792003,0.5972448541556175,0.5986678263839501,0.5999890350551143,0.6012180253789159,0.6024345583828333,0.6037048904529388,0.6049466010230717,0.6061050211167267,0.6071865728525826,0.6081981064842631,0.6091447555012284,0.6100322913051924,0.6108641222172811,0.6116453354056696,0.612379121078043,0.6130686986890695,0.6137175762986266,0.6143285714644795,0.6149035652580668,0.6154448484347677,0.6159554932149941,0.616437278587917,0.6168903017453365,0.6173189478759191,0.6177219516782049,0.6181028191145328,0.6184620350789036,0.6188008101186383,0.6191204994657054,0.6194220167654605,0.619706062688792,0.6199744537053592,0.6202259203665551,0.6204634068528035,0.6206870392469288,0.6208970081994525,0.6210939715429373,0.621279079955791,0.6214525187290408,0.6216147484176336,0.6217662432494843,0.6219068396738511,0.6220382635544383,0.622159757981278,0.6222725083102094,0.6223760956988782,0.6224706654547635,0.6225573338144854,0.6226358137210284,0.6227061563600872,0.622768785996991,0.6228238643918469,0.6228718684344152,0.6229128512974282,0.6229457784032354,0.6229721846249787,0.6229913032158366,0.623003942830367,0.6230090911424192,0.6230080762139452,0.623000022947723,0.6229847861080409,0.622962879671001,0.6229342769103516,0.6228986212023309,0.6228558632998596,0.6228060990968741,0.622749064674697,0.6226848763448983,0.6226131378208318,0.6225338513296247,0.6224468513856964,0.6223521351290114,0.6222490324315314,0.6221375141161789,0.6220173869111756,0.6218887834502309,0.6217507433667605,0.6216034358908785,0.6214462410082315,0.6212794929736348,0.6211019933901805,0.6209133607040603,0.6207142458467607,0.6205031199420039,0.6202800592234738,0.6200441521203328,0.6197981716039878,0.6195330588852009,0.6192566145526117,0.6189656130943597,0.618659202982274,0.6183366103623893,0.6179974521515957,0.6176409227989358,0.6172660993845716,0.6168724586112229,0.6164588157333157,0.6160243738545776,0.615568452484493,0.6150900005306087,0.6145876605393199,0.61406081542447,0.6135081301371397,0.6129281488518682,0.6123204532959916,0.6116825849749558,0.6110139087690547,0.6103128177294138,0.6095781434787344,0.6088078514670032,0.6080003558636559,0.6071540874845361,0.606267268438136,0.6053377133519899,0.6043637830485681,0.6033433054198215,0.6022738806228793,0.6011534264838027,0.5999794954068924,0.5987494231495609,0.597464350407404,0.5961105086570824,0.5946962030247412,0.5932145371270497,0.5916623832347848,0.5900374151468792,0.5883326917649176,0.5865486595894738,0.5846791549393052,0.5827212466182798,0.5806705230801593,0.5785222626870387,0.5762716939066765,0.5739145640344594,0.5714457480675883,0.5688594603580708,0.566150905353816,0.5633138216347009,0.560341576291338,0.5572290897388578,0.5539687704812926,0.5505530868241431,0.546976622069787,0.5432296291530193,0.5393060597031797,0.5351980197988782,0.5308905376270281,0.5263871826082371,0.5216606216236582,0.5167123591566513,0.5115315111340718,0.5061050212042801,0.5004227343857663,0.49446847455355997,0.4882348292760976,0.48171743916607745,0.4748645741913975,0.4676992789443417,0.46019799349958035,0.45233716906387267,0.4441108805824921,0.43548483191453224,0.4264564438916011,0.4169978704040964,0.40709246649091224,0.39671883394617236,0.38585150134272655,0.37447069742212885,0.36255107245565615,0.35006551893485705,0.3369894347131274,0.323293066093752,0.30894863733227157,0.2939249405789728
0.028495341712609815,0.4970249800307286,0.5045205685128483,0.5119744732695762,0.5185992230050297,0.5252651805329758,0.5311009202986219,0.5368577174075234,0.5423053172981079,0.5470485730250789,0.5517855040354996,0.5563519081645173,0.5603657716277235,0.5639640190486594,0.567610986705634,0.5711820935304174,0.5743811499189596,0.5772610579884856,0.5798665958400956,0.5822812617955312,0.5847679898216824,0.5872332723114799,0.5894867354715682,0.5915513091859693,0.5934483066420183,0.5951956989515971,0.5968094787159234,0.5983029542622211,0.5996880518157715,0.6009747019392918,0.6021825817328434,0.6034186288757417,0.604694666453689,0.6059053595632908,0.6070353255943776,0.6080910646772779,0.6090785380605889,0.6100032538031982,0.610870066141037,0.6116834697397754,0.6124472073187833,0.6131643228747379,0.6138387900407795,0.6144733361523883,0.6150706440696958,0.6156333446137777,0.6161633878549453,0.616662618820589,0.6171332346506379,0.6175779840739947,0.6179960193270132,0.6183908907217627,0.6187635218056218,0.6191145220533129,0.6194460684021692,0.6197583037949804,0.6200535150639439,0.6203304974578014,0.6205920948244462,0.6208384886510174,0.6210702389343518,0.6212876839335679,0.6214923545690776,0.6216843351901893,0.6218646481072718,0.6220326475924931,0.6221901589073429,0.6223370011343206,0.6224734229724523,0.622600147945468,0.6227175235521986,0.6228255486919817,0.622924842513297,0.6230158324990632,0.6230974903265766,0.6231716040878129,0.6232389845215304,0.623296426867974,0.6233474147372208,0.623391225896581,0.6234272688272214,0.6234562213196533,0.6234781626682051,0.6234931234529288,0.6235011966408583,0.6235019777150631,0.6234958940387859,0.6234830155902772,0.6234630958206486,0.6234361942017348,0.623402546041467,0.6233612763012303,0.6233134393027782,0.6232577413439228,0.623195264861939,0.6231248604822837,0.6230466944027223,0.6229612679783154,0.6228671898530165,0.6227659364174428,0.6226548961554484,0.6225362565595846,0.6224080117586974,0.6222712470500952,0.6221245482646175,0.6219684690377328,0.6218025219840737,0.6216253375842218,0.6214380125662564,0.6212392396264966,0.6210288036703767,0.6208063857813022,0.6205715437762802,0.6203230770765776,0.6200613890378825,0.6197864318556517,0.6194951613547398,0.6191889570921034,0.6188667848905373,0.6185284607597776,0.6181720504874257,0.6177979535798211,0.61740415047488,0.6169909877405735,0.6165630987696901,0.616102153712285,0.6156231826178195,0.6151212949508896,0.614594653850595,0.6140421251256377,0.6134628965256611,0.6128547952951586,0.6122174659337666,0.6115490273383476,0.6108482535744162,0.6101151580107307,0.6093434452454564,0.60853674608845,0.6076902922786802,0.6068034015558395,0.6058745101319267,0.6049009537039438,0.6038801960674967,0.6028107400235253,0.6016903922709301,0.6005165074207304,0.5992872408557834,0.5979992592440158,0.5966480098184028,0.5952343862359848,0.5937525427161084,0.5922000260294021,0.5905947693205089,0.588870767282666,0.5870864849185893,0.5852176353974289,0.5832596650234616,0.5812088985174543,0.5790604216559777,0.5768103401775805,0.5744531094681775,0.5719843830993355,0.5693984754432421,0.5666893271038222,0.5638522020624186,0.560880329551857,0.5577675491549381,0.5545071896659015,0.5510948407235524,0.5475252278711258,0.5437687062036858,0.5398447196891988,0.5357346313902779,0.5314303516732264,0.5269240632800636,0.5221982126985999,0.5172519026845005,0.5120712588195124,0.5066459317466546,0.5009636408505844,0.4950083096307672,0.48877405555137476,0.4822425402108832,0.47554383078360296,0.46823917925746894,0.4607392506718674,0.4528776567933911,0.44464547296269935,0.4360274609530439,0.42699472028915897,0.41753778280503917,0.4076328043746942,0.3972588876031192,2.0,0.37501000783551736,0.3630901577305235,0.3506050467133509,0.3375321841754742,2.0,0.3094883882755471,0.2944641693480421
0.027682866303920653,0.4922449712215197,0.5002601930517302,0.5077916819418488,0.5149037558356213,0.5215456927588085,0.5279842656975122,0.5336649050475595,0.539436503828919,0.5445967500981295,0.5492501397412736,0.5540202364098583,0.5583751983037633,0.562214534266348,0.565778221616529,0.5694619205676273,0.572893164607328,0.5759714408418053,0.5787477846407284,0.5812638832593736,0.5836827985144242,0.5861993396716718,0.5885867245041297,0.5907695884673292,0.5927711885603048,0.5946122178712937,0.596309894127046,0.5978791349554184,0.5993319819172153,0.6006804652059691,0.6019338711590737,0.6031397773431859,0.6043947648936727,0.6056579678273307,0.6068388389740262,0.6079412901710229,0.6089717289250536,0.6099359392521799,0.6108393459302434,0.6116859768405895,0.6124807571928172,0.6132270076630303,0.6139288728365029,0.6145880501579316,0.6152089351494828,0.6157931289121609,0.6163430582309424,0.6168616512993792,0.6173504760872442,0.617810913730455,0.6182451084054958,0.6186546704186798,0.6190409418377879,0.6194054375327873,0.6197489986243304,0.6200725812647028,0.6203780299486324,0.6206658308356041,0.620936909846532,0.6211926425568011,0.6214328576949113,0.6216589220828769,0.6218706016171744,0.6220699909764242,0.6222568901393808,0.6224317840991356,0.6225951593474709,0.6227475924269501,0.6228898381225512,0.6230219410254345,0.6231439584533169,0.6232566992058753,0.6233605068974841,0.6234552505044075,0.623541545235041,0.6236196653567861,0.6236894828557218,0.6237515284305725,0.6238060063889971,0.6238526575379756,0.623892028162649,0.6239236068766739,0.6239482412136944,0.6239656529562623,0.623976055534924,0.6239792595753011,0.6239758117538158,0.6239645620818906,0.6239467147793117,0.62392208984885,0.6238897271401597,0.6238509842660287,0.6238038798988276,0.623750056956215,0.6236887958910858,0.6236197685138094,0.6235435027200529,0.6234589662127495,0.6233661437352569,0.6232655064850057,0.6231562088931868,0.6230384090308954,0.6229115193089813,0.6227755329871013,0.6226299634806889,0.6224747049705571,0.6223092488964863,0.622133193847502,0.6219464898266143,0.6217486793833205,0.6215386798059753,0.621316881560335,0.6210833170976136,0.620834987811215,0.6205740042894957,0.620298714847606,0.6200084718547956,0.6197030133149898,0.6193813469307067,0.6190431900905355,0.6186874053846135,0.6183133647486165,0.6179204525800214,0.6175075815980207,0.6170742127376758,0.6166191497229814,0.6161410743382131,0.6156411633414604,0.6151129162304961,0.6145609509496438,0.6139814061409851,0.6133742021787856,0.6127367075008144,0.6120685790384527,0.6113680252340608,0.6106337227325878,0.6098638246756058,0.6090566537931695,0.6082110112298094,0.6073244764512253,0.6063956837561697,0.6054217202530137,0.6044013017545209,0.6033330319294087,0.6022120605017679,0.6010410803900992,0.5998083630284662,0.5985202117061691,0.5971703020131934,0.5957561481852465,0.594274409842976,0.5927223588936861,0.5910966335630546,0.5893934876237142,0.587609240407932,0.5857402461484397,0.5837823500290005,0.5817321123173735,0.5795838576728769,0.5773333473819088,0.5749763051222093,0.5725075386366115,0.5699213760846324,0.5672126688617528,0.5643756546532989,0.5614039206998288,0.558291448934532,0.5550306924029718,0.5516158506252669,0.5480400960496571,0.5442924529306298,0.5403686311511173,0.5362585015126309,0.531953620142485,0.5274454902224691,0.5227219640774903,0.5177754437230884,0.5125956191300236,0.507168201991118,0.5015111785119878,0.4955327819020025,0.48929689542309274,0.4827666460052582,0.47597230781718025,0.46876293879509223,0.46125981984625497,0.45340122601387833,0.44516970067116274,0.4365486719053351,0.4275193616589614,0.41806157277743605,0.40815645872807715,0.3977825361207903,0.386915473434658,0.3755344286572763,0.36361424730916286,0.35112925382310867,0.33805298812313705,0.3243573246253914,0.31001340844506836,0.2949883296523652
0.026893556656722693,0.4874212805267646,0.4958019283648528,0.5034419590415372,0.5110171419390208,0.5177697082316501,0.5244904488266289,0.5305630876032081,0.5362496484412429,0.541891246201214,0.5467872913793914,0.5514661960306259,0.5561613512876805,0.5603184040665145,0.5639976132520612,0.5675997385402722,0.5712478585828158,0.5745450498435393,0.5775090110078561,0.5801871592303162,0.5826286967309553,0.5850847734814626,0.5875891692851384,0.589899856162842,0.5920147180046776,0.5939562881561158,0.5957436527013866,0.5973932953632274,0.5989189634139872,0.6003333409699245,0.6016460421306156,0.6028681524091819,0.6040883097172838,0.6053611538660385,0.6065958377622893,0.6077476060801404,0.6088232558150901,0.609829356153017,0.6107705488804849,0.6116529233195739,0.6124803427448572,0.613256911617926,0.6139867497661551,0.6146727815095603,0.6153173972587037,0.6159244186868258,0.6164958178903311,0.6170341815739439,0.6175412814326117,0.6180191899111108,0.6184697445760302,0.6188947697561149,0.6192950589105934,0.619672945539545,0.6200289136833487,0.6203649325865674,0.620681535146131,0.6209798413972292,0.6212611523387143,0.621525779555214,0.6217749886562913,0.6220092307392984,0.6222292742758235,0.6224364214933341,0.6226299914834427,0.6228116627320348,0.6229815109801546,0.6231402886678564,0.6232880822634174,0.6234255314812741,0.6235526828421136,0.6236702088847059,0.6237784510456672,0.6238777644820784,0.6239687181424833,0.6240502755593228,0.6241243561605242,0.6241899071057448,0.6242472866378058,0.6242972834306735,0.6243395823866511,0.6243749822404562,0.6244021189624562,0.6244217604179563,0.6244345071716866,0.6244424742919695,0.6244387397392474,0.6244299657118287,0.6244141126416575,0.6243913503770473,0.6243609158418033,0.6243235238915188,0.6242785726419723,0.6242263216034322,0.6241664776258777,0.624099199893716,0.6240239610629129,0.6239407180218723,0.6238499533468143,0.623750186255087,0.6236418668817421,0.623525082829527,0.6233994419017428,0.6232642999122429,0.6231197297423015,0.6229653031204456,0.6228007402524756,0.6226257204419808,0.6224396951723128,0.6222425292396238,0.6220334502618653,0.6218122178461246,0.6215786980298659,0.621331586226897,0.6210711450853686,0.6207965848318814,0.6205067204774785,0.6202019813856723,0.6198808538393954,0.6195431298189635,0.6191876785469383,0.6188140731437954,0.6184214780400835,0.6180095457536626,0.617576098815297,0.6171209727844762,0.6166433506436052,0.6161423732292706,0.6156160516413335,0.6150643136454204,0.6144858038939992,0.6138780421902877,0.6132409330604981,0.612573234038492,0.61187281274179,0.6111386212505344,0.6103691198519121,0.6095619671914912,0.6087163603769058,0.6078301265777128,0.6069012577438215,0.6059277551689682,0.6049079123893076,0.6038385590944946,0.6027185851282622,0.6015448908933481,0.600315163744501,0.599027308699945,0.5976772681614129,0.5962671205819953,0.5947817375556734,0.5932298525215843,0.5916041760592966,0.5899110536234679,0.5881168644824043,0.58624820624871,0.5842904062999719,0.5822394784737128,0.5800934744535873,0.5778414174572497,0.5754844901695055,0.5730156688848324,0.5704296627229065,0.5677215840468566,0.5648847314449602,0.5619128197732739,0.5587997288373073,0.5555396709151119,0.552124630248497,0.5485479039352901,0.5448012389924408,0.5408777963345809,0.5367678697118047,0.5324657989694369,0.5279534327932267,0.5232307819375417,0.5182843116443394,0.513104752870259,0.5076772930178332,0.5019942540491843,0.49604097871845526,0.4898062070007668,0.48327557751381034,0.47643591945666486,0.46927210387402674,0.46176884255960604,0.45390990405756615,0.4456787864138005,0.43705834256715625,0.4280515128156732,0.41857097804773136,0.40866582261141693,0.3982911868364284,0.3874247599404807,0.37604380522090425,0.36412353817635074,0.3516386185955509,0.3385623636861796,0.3248665451156432,0.31052182698951675,0.2954979502275783
0.026126752255633278,0.4825374198222928,0.4909009476414161,0.4991727672698317,0.5066570778134949,0.5140513966280681,0.5206626852623034,0.5272925936019097,0.5330775973625723,0.5388517962375903,0.5442307930289555,0.5489426625391984,0.5536967052945068,0.5582138113649117,0.5621863599675364,0.5657694191454077,0.5694297333445307,0.5729698483287881,0.5761404258976618,0.5789963851172466,0.5815807860741382,0.5839920976053198,0.5864873323844909,0.5889365660605799,0.5911737457210073,0.5932237206144292,0.5951073843785628,0.5968433474604887,0.5984466365658101,0.5999306424654043,0.6013069717285703,0.6025857204508278,0.6037909794314761,0.605030222898689,0.6063050123846625,0.6075088604341187,0.6086321636064893,0.6096820876369348,0.610663753998702,0.6115835375725323,0.612445047942133,0.6132537172666273,0.6140126543425078,0.6147260526987326,0.6153964537431632,0.6160272960900904,0.6166205764140491,0.6171795110639243,0.6177060038431281,0.6182020476519723,0.6186695860021528,0.619110272352068,0.6195259114779853,0.6199174611547799,0.6202869291939324,0.6206352225001828,0.6209634508695109,0.621272639488741,0.621564225562578,0.6218388658710539,0.6220971874114464,0.6223402079256708,0.6225685308772947,0.6227829230306892,0.6229844000445314,0.6231731191833375,0.6233496076563279,0.6235143062355353,0.6236680115767238,0.6238109539677592,0.6239439919624616,0.6240662814890215,0.6241796185534819,0.6242833922935279,0.6243781546404082,0.6244641934714218,0.6245417277841343,0.6246107671314238,0.6246723172183047,0.6247251991852653,0.6247706752057552,0.6248086049116522,0.624838773689782,0.6248619749576381,0.624877061909754,0.6248850307405018,0.6248867370701727,0.6248794526142076,0.6248659578646089,0.6248447601361591,0.624816900579054,0.6247808665098517,0.6247380784365936,0.6246871424781342,0.6246290412193243,0.6245629994367071,0.6244895138147906,0.6244080577217536,0.6243176486460631,0.6242194645412305,0.6241126245705702,0.6239966254020037,0.6238720101138655,0.6237379624488626,0.6235943976224179,0.6234409651699503,0.6232773895837546,0.6231032517167309,0.6229178158528974,0.6227221263852794,0.6225134656694356,0.6222928121759582,0.6220597217479789,0.6218134344027177,0.6215534299323899,0.6212792622340257,0.6209904375894832,0.6206860852973318,0.620365182380254,0.6200279881167773,0.6196730714574628,0.6192999859813373,0.6189078674824127,0.6184958486744926,0.618063122349605,0.6176088494440203,0.6171312407092184,0.6166302138557922,0.6161044778485639,0.61555306575843,0.614974198473923,0.6143672811453373,0.6137307907228327,0.613063032055015,0.6123629000421505,0.6116290754179061,0.6108593856563944,0.6100529081260877,0.6092073922807142,0.6083210279076773,0.6073934342002233,0.6064196808299072,0.6053990555053403,0.6043304931690692,0.6032103702022144,0.6020373241612955,0.6008076286638475,0.5995217106926876,0.5981698961994478,0.596756293066728,0.5952747718229533,0.5937228110224521,0.592096933484802,0.590393981223762,0.5886110874265095,0.5867411556344129,0.5847834924620445,0.582733080369321,0.5805849531489788,0.5783369140781423,0.5759781636507979,0.5735098545281284,0.5709234088772723,0.568215073905086,0.5653777370478176,0.5624063188696705,0.5592935858558191,0.556033334286123,0.5526186014241017,0.5490421248017554,0.5452952834904924,0.541371344562861,0.5372632216139968,0.5329571374456424,0.5284478265016115,0.5237277949433045,0.5187788215803283,0.513597925782114,0.5081742294763809,0.5024967977082235,0.4965357764835893,0.4903007288144654,0.4837715002354117,0.47693061374737433,0.46976663718452594,0.46243138874310297,0.4544045496134489,0.4461737953408503,0.4375523991455278,0.4285230343731017,0.4190655776229262,0.4091605980734616,0.39878583597231987,0.3879196594471361,0.376538565324342,0.36461906901443114,0.35213339005686606,0.3390574405900331,0.32536145983942305,0.31101693238912825,0.29599262668054793
0.025381811418260458,0.4771566707562346,0.4861162168321935,0.49441887835553616,0.5023434239773872,0.5099049772282728,0.5169160564476108,0.5235839757907491,0.5299449707410777,0.5356130023205806,0.5413675475144867,0.5464639394236971,0.5511129041720775,0.5558753854130715,0.560182928930156,0.5639829935889333,0.567549453510714,0.5712313830929308,0.5746308114120594,0.5776821327028857,0.5804349839624903,0.5829306194666847,0.5853561402151476,0.5878736868032207,0.5902433241752699,0.5924099646992904,0.5943977365738573,0.5962261914955256,0.597912243834832,0.5994708840666569,0.6009148235272331,0.602254358036189,0.6035001464714463,0.6047065484916787,0.6059658406445959,0.6072235902503591,0.608397566864983,0.609493385054895,0.610517828266203,0.6114765649888125,0.6123744992217426,0.6132165924155742,0.6140066276787755,0.6147483395672381,0.6154455284686703,0.6161012219542205,0.6167178950733032,0.6172984527165072,0.6178451081490798,0.6183600796750528,0.6188449505779596,0.619302300675302,0.6197330988880101,0.6201398969015933,0.620522765944885,0.6208838104741543,0.6212241048941788,0.6215450050476276,0.6218470999808826,0.6221317401192591,0.6223996255680079,0.6226514104567941,0.6228884260385698,0.6231109581906735,0.6233198507801185,0.6235157373292498,0.6236989719488767,0.62387039710277,0.6240302413879061,0.6241788079853418,0.6243170060605708,0.6244450621500061,0.6245630759229015,0.6246716373934236,0.6247708571945865,0.6248613005145616,0.6249428832413483,0.625015790407167,0.6250811555616327,0.6251374092079303,0.6251860146129495,0.6252269063743131,0.6252602149619285,0.6252859077604122,0.6253039942953995,0.625314389467998,0.6253176813532128,0.6253139781772702,0.6253020646210288,0.6252832941082668,0.625256681813458,0.6252231112130548,0.6251820400606848,0.6251331895808395,0.6250763801559579,0.6250121113565877,0.6249405856304834,0.6248593376057623,0.624770616957989,0.6246737696189676,0.624568006061076,0.6244536035697884,0.6243300068453634,0.6241969316452173,0.6240543321469249,0.6239019209489175,0.6237392857688168,0.6235657802073872,0.6233813859825309,0.6231857196477569,0.6229782092157984,0.6227586153038195,0.6225260273186121,0.6222806848989804,0.6220211420523118,0.6217476847772507,0.6214593713371901,0.6211553541888591,0.620835649357311,0.6204985350559951,0.6201442500949761,0.6197714040191911,0.6193796840048954,0.6189681522437318,0.6185357378997887,0.6180814583791971,0.6176045332589388,0.6171041125431455,0.6165786120882562,0.6160273226277896,0.6154492656205041,0.6148422208463118,0.6142057336053917,0.613538502330067,0.6128385919111212,0.6121048343078876,0.6113356255126486,0.6105291952651725,0.6096838760102645,0.608797992773326,0.607869454791484,0.606896484868035,0.6058766464612834,0.6048079803093743,0.6036880184875525,0.6025149557290872,0.6012855895382504,0.599997779865501,0.5986496185101493,0.5972341930811088,0.5957529731429669,0.5942012681825006,0.5925757486406719,0.5908728270229084,0.5890888863999407,0.587220238392922,0.5852638763665652,0.5832122254869814,0.5810642177511346,0.5788278512729162,0.5764575101013777,0.5739887758446757,0.5714030778566941,0.5686947448791985,0.5658575454400239,0.5628858170364022,0.5597732608681153,0.5565134598113284,0.5530981871874752,0.549522082260541,0.5457752175283083,0.54185145820504,0.5377413663671353,0.5334372279433551,0.5289277570772967,0.5242053743455253,0.5192589525107321,0.514078484103217,0.5086525784709564,0.5029685165756037,0.4970176702948325,0.49078087711811813,0.48425059609971366,0.4774109724761839,0.47025086726317766,0.46274959110161107,0.45488666119257193,0.44665418015061215,0.4380331643169033,0.4290034803143684,0.41954692063579546,0.40964187449818434,0.3992664647059243,0.38840008516712327,0.377019581060038,0.36509891029603087,0.35261429091315,0.3395387526996037,0.32584204801685307,0.3114974765920869,0.29648240114895885
0.024658110758226028,0.4718933970243374,0.4809334540158623,0.4895415465394409,0.49792342519858146,0.5055035994899836,0.5130568859202072,0.5197569657929119,0.5264738482653022,0.5324623379985544,0.5381710882398061,0.5437615288910418,0.5486021868732264,0.5532993520989593,0.5579613930285747,0.5620737012952799,0.5657226619061919,0.5693381218900103,0.5729672563231704,0.5762340578929587,0.5791719463833424,0.5818273162761993,0.5842573299045375,0.5867220733859129,0.5892173628126747,0.5915108968981844,0.5936099437283888,0.595537785706097,0.5973128240846896,0.5989512823620518,0.6004672351231349,0.6018717339586894,0.6031762837422034,0.6043923077085304,0.6056161189506306,0.6068904875965018,0.6081176403250788,0.6092625008510896,0.6103317681245721,0.6113316453908225,0.6122677838159156,0.6131449889908059,0.6139679723682706,0.6147392597036918,0.6154643229627019,0.6161460805286645,0.6167867934017356,0.6173901543148669,0.617957442426463,0.6184921346709614,0.6189956205207537,0.6194701872521007,0.6199170823092187,0.6203385985638746,0.620735870082232,0.6211109710292477,0.6214632343871437,0.62179589827955,0.622109402272121,0.6224043863727556,0.6226825182455709,0.6229440225132696,0.6231896540065722,0.6234203078384596,0.6236372507942084,0.6238403574280101,0.6240307373379509,0.6242086742192359,0.6243749244305565,0.6245295733340867,0.6246734695490683,0.6248067305363217,0.6249298082163639,0.6250434730126718,0.6251471860121838,0.6252422217537769,0.6253276751086256,0.6254046353672899,0.6254735743539268,0.6255336952610784,0.6255856098214664,0.6256295593118527,0.6256658885697194,0.6256943699476216,0.6257150847698102,0.6257285123572702,0.6257342010985782,0.625732406172277,0.6257239207998884,0.6257070665391455,0.6256826837064182,0.6256502443205809,0.6256107656257075,0.6255645851323394,0.6255092204883921,0.6254466501473769,0.6253753741670056,0.6252965444273658,0.6252092288678247,0.6251136235991397,0.6250094612276842,0.624895792181861,0.6247734407923108,0.6246415718408057,0.6244999705271507,0.6243484899225902,0.6241868733510569,0.624014210436721,0.6238307415892909,0.62363600152937,0.6234296543998761,0.6232102889402914,0.6229786863690596,0.6227335183906477,0.6224751631386934,0.6222020645249128,0.6219141681960632,0.6216109285829007,0.6212912736410849,0.6209551274308369,0.6206010659468483,0.6202288846823588,0.6198377656996363,0.6194264778689788,0.618994498130723,0.6185406200228087,0.6180641247853428,0.6175639281446976,0.617039171914599,0.6164877998672424,0.615909748623289,0.6153034678539498,0.614667565396427,0.6140000382462403,0.6133006562437147,0.6125671394492015,0.6117981683569469,0.6109923024134079,0.6101467191462954,0.6092610927908382,0.6083327080274638,0.6073966911159447,0.6063401357326179,0.6052716462085537,0.6041521150892373,0.6029790798277073,0.6017497469780598,0.6004618278193689,0.5991146837341729,0.5976988213486985,0.596218374882262,0.5946661333010694,0.5930412386433143,0.5913380409084431,0.5895543789483662,0.5876853883749807,0.5857279307138168,0.5836775442371555,0.5815296181421671,0.5792797891410761,0.5769232211293436,0.5744563266678503,0.5718689706440669,0.5691604876355645,0.5663236047480942,0.5633519299654968,0.5602395068508257,0.5569796188743212,0.5535646147447327,0.5499880411460344,0.5462415431268038,0.5423175695365665,0.5382083900881317,0.5339031222405631,0.5293942407236966,0.5246720619867595,0.519725563809208,0.5145452478300802,0.5091185054955829,0.5034352494334272,0.4974826378380955,0.491255819180347,0.4847190933004125,0.47787754969154705,0.47071380942635455,0.4632107009633176,0.45535192235288957,0.44712216327294724,0.4384998494721549,0.42947061516914753,0.42001313469185464,0.4101078738249351,0.39973998565236846,0.3888670455564179,0.3774861354310906,0.365566222646072,0.35308128260709326,0.34000479394623323,0.32630909498723476,0.31196473658358453,0.2969414791121472
0.023955044663499153,0.466192230567584,0.47557288174319295,0.4846801674049893,0.49300245328607356,0.5012110317570411,0.508696956102636,0.5160170576784144,0.5226264855685837,0.5292081161597817,0.5349501333812926,0.5407337427059185,0.546042750410509,0.5507285138113869,0.5554950607069351,0.559960547160331,0.5638906397866429,0.5674621804915574,0.5711345786920096,0.574640443290478,0.5777820316306117,0.5806126907617386,0.5831753284822737,0.5855854799804483,0.5880895963847498,0.5905200457635821,0.5927402255906632,0.5947749892626841,0.596645529318408,0.5983690595094545,0.5999614901792011,0.6014357424630068,0.6028026706639109,0.6040731614984552,0.6052761830260642,0.6065197802960715,0.6077916000181285,0.6089880526022078,0.6101048920105759,0.6111480484892223,0.6121242673870233,0.613038174342197,0.6138950159356931,0.6146981199834366,0.6154524897707513,0.6161613835493419,0.6168274594205831,0.6174540424881034,0.6180438938070506,0.6185989501895908,0.619121726988219,0.6196139423901449,0.6200782250924289,0.6205153926684732,0.6209274311771481,0.6213156663695842,0.6216818693499601,0.6220266755315511,0.6223516260101025,0.6226576550116165,0.6229454509421941,0.6232167636175522,0.6234715542810652,0.6237111186975197,0.6239362215419966,0.6241474328105436,0.62434475250087,0.6245296140897263,0.6247023001222429,0.6248633840384019,0.6250129690654456,0.6251519571838516,0.625280367514063,0.6253987461018078,0.6255073869619918,0.6256063907089989,0.6256964102377471,0.62577792753197,0.6258499127990694,0.6259138922540551,0.6259693645287585,0.6260171489500935,0.6260562151851804,0.6260880413906362,0.6261113762218143,0.6261274102047973,0.6261357871265371,0.6261367572959373,0.6261295041067957,0.6261156945185198,0.626092784557413,0.6260632829038482,0.6260257067421512,0.6259805108765025,0.6259272344709778,0.6258660260694324,0.6257968496113491,0.6257196293048394,0.6256337236605942,0.6255393281653423,0.6254362966537172,0.6253241686067705,0.6252029063386565,0.6250722161836119,0.6249319056915672,0.6247813460000552,0.6246203986587129,0.6244487796325476,0.6242665481100078,0.6240721965399303,0.6238665879629731,0.6236481147246499,0.6234171580526993,0.6231730182259679,0.6229149743854944,0.622642642735169,0.6223553394653081,0.6220526166999921,0.6217337585075547,0.6213978854655346,0.6210448283372613,0.6206728478621297,0.6202821220248295,0.619871721505973,0.6194396518930436,0.6189863070631336,0.6185101509940457,0.6180103524317401,0.6174855814563863,0.6169348822228155,0.6163571543370973,0.6157510363980778,0.6151150738119194,0.6144486690704444,0.6137490814471267,0.613017588365457,0.6122471069599211,0.6114409864342388,0.6105961255059749,0.6097108143702772,0.6088100829997316,0.6078097963190106,0.6067911157650807,0.6057220128655761,0.6046035089724723,0.6034296515351771,0.6022004219048579,0.6009127311515904,0.5995636219138817,0.5981500066591401,0.5966690142691276,0.5951176442377242,0.5934922058932909,0.5917897127306052,0.590007470580604,0.5881374720339835,0.5861799480492147,0.5841299577551833,0.581981998038142,0.5797322028323261,0.5773754570544186,0.5749069872697684,0.5723212649492744,0.5696128317254495,0.5667761139849105,0.563808096507196,0.560693257286624,0.5574319345507965,0.554017282037544,0.5504408570817748,0.5466943897555007,0.5427705443046467,0.538661097934819,0.5343561407837651,0.5298474169818107,0.5251253554815765,0.5201788519934583,0.5149980101920291,0.5095756114436433,0.503888497205441,0.4979434391336534,0.49170461634941764,0.4851714839052279,0.47833557038827257,0.4711673736766364,0.46366467634640585,0.45581473556106233,0.4475742887093492,0.43895331910708113,0.4299292909963337,0.42046671408367764,0.41056147509025565,0.40018660591491284,0.38932097605771204,0.3779395347738263,0.36601945658376184,0.3535349724370275,0.34045843059618014,0.32676300685839704,0.31241804942865087,2.0
0.023272024789604086,0.4604251689924865,0.47020940475529255,0.4792896902053738,0.48817017989202355,0.496503723168796,0.5043331747683182,0.5119157710491398,0.5188304512799548,0.5255256805131479,0.5317959607877446,0.5374605110916346,0.5431885255995728,0.548219583195731,0.5528711606655683,0.5576194141635572,0.5618780817985211,0.5656379368064512,0.5692111968270855,0.5728875619482051,0.5762542668134663,0.5792773498297472,0.5820064307084559,0.5844815263824492,0.5869160274889577,0.5894320024126759,0.5917828734929921,0.5939334538403738,0.5959061528275634,0.5977213560147939,0.5993960335987064,0.6009435434235468,0.6023775577626298,0.6037084726526901,0.6049458204024805,0.606154512500133,0.607417615215377,0.6086686640021202,0.609835545950456,0.6109246816691559,0.6119427196235581,0.6128954183551293,0.6137879223254255,0.6146248064981005,0.615409816534832,0.6161469048098643,0.6168395296225992,0.6174907368644831,0.6181033183870989,0.6186799102238214,0.619222505679657,0.6197338237158286,0.620215355316669,0.6206690066469884,0.6210965690944944,0.621499265808173,0.6218787011400054,0.6222364300844045,0.622573446005688,0.6228907183667378,0.6231894933446138,0.6234708100215881,0.6237351975441976,0.6239837638807824,0.6242171206424827,0.6244363030865723,0.6246415345885287,0.6248339825170379,0.6250129818442316,0.625180440590763,0.62533636633753,0.6254806701212786,0.6256145392340633,0.6257382453710878,0.6258516743984295,0.6259556521434969,0.6260499618631696,0.6261349979886451,0.6262115118463952,0.6262793437616446,0.6263383636791819,0.6263892262319503,0.6264319100281742,0.6264667208862893,0.6264932008020913,0.6265123015538172,0.6265230452751019,0.6265261095679677,0.6265215286486364,0.6265095762213404,0.6264892879155973,0.6264616136932093,0.6264260907755309,0.6263826016052382,0.6263312599806768,0.6262718733277506,0.6262044531229061,0.6261286704788535,0.6260447877744277,0.6259512573692703,0.6258498707075584,0.6257391096323606,0.6256190326689007,0.6254890680709558,0.6253500438641333,0.6252005434626805,0.6250405647391142,0.6248700232254546,0.6246883992417736,0.6244950511155107,0.624290168615434,0.6240725637405405,0.6238425183412739,0.6235988192338767,0.6233416453800765,0.623069976214409,0.6227833282976762,0.6224812467276607,0.6221630401848793,0.6218275348402544,0.6214748332253935,0.6211035365245285,0.6207131757816576,0.6203028694173778,0.619871736539674,0.619418900276665,0.6189430832049517,0.6184434375139783,0.6179192878285106,0.6173687351952654,0.6167912446302682,0.6161854305682983,0.615551418309407,0.61488346033485,0.6141843717083764,0.6134513517079723,0.6126828604601824,0.6118774839293396,0.6110325817293663,0.6101471560059897,0.6092203084677481,0.6082466911588882,0.607227412084872,0.6063235604930536,0.6050399060635193,0.6038670862021205,0.60263967363482,0.6013505514362069,0.6000015225667888,0.5985883559080025,0.5971076438754896,0.5955567915801256,0.5939309348762286,0.5922283109644014,0.5904448229718018,0.5885765356680245,0.5866189775124595,0.5845688249821952,0.5824210594311121,0.580171331664661,0.5778149995786875,0.5753462476769954,0.5727606500642151,0.5700525473286914,0.5672156735343722,0.5642440724270222,0.5611319032320691,0.5578718910835769,0.5544573733526248,0.5508807831479915,0.5471344317870251,0.5432107238796391,0.5391008153589627,0.5348038296107349,0.5302874969264927,0.5255651771084464,0.5206194573517644,0.5154489963251838,0.51001196747391,0.5043288669579037,0.49837968491502876,0.49214213976386323,0.48561125182562725,0.47877292008282213,0.4716077029563357,0.4641137760476213,0.45624619031577296,0.44801495997988566,0.4393939195154566,0.4303644356828469,0.4209073714195172,0.4110179071700434,0.4006284374806812,0.38982487292691,0.3783803757388699,0.36646041097484044,0.35397661141687753,0.34089906537016684,0.32720392306768237,0.3128589442893977,0.2978382478487278
0.022608479567277774,0.4544758779077221,0.4643555011220772,0.4739804256777417,0.4830523125452038,0.49157451458782164,0.49993991844268537,0.5074736726250013,0.5149911621508761,0.5216498143512136,0.5283512349519105,0.5342631903769015,0.5399948199217746,0.5455241569075207,0.5503151965436279,0.5550309369259562,0.5596525851082205,0.563718960853727,0.5673411493514148,0.5709705475531138,0.5745759065152389,0.5778114325730348,0.5807224351958143,0.583354639648336,0.5857751104189673,0.5882495205725512,0.5907324502173089,0.5930077088069576,0.5950912162595722,0.5970046078669679,0.5987670952375769,0.6003935846980815,0.6018988612608283,0.6032941393693981,0.604589648390909,0.6058003938020896,0.6070276554266292,0.6083029977631789,0.609522376233013,0.6106600552497424,0.6117227124727977,0.6127162172606101,0.6136464587917383,0.614518112092964,0.6153353152487385,0.6161022476215089,0.6168225851280034,0.6174999765199543,0.6181362877557385,0.6187357538142064,0.6192986886619214,0.6198297302631036,0.6203291300110251,0.6207999702109805,0.6212437556264122,0.6216615429161712,0.6220553947957631,0.6224260033927964,0.6227753345155846,0.6231047178497062,0.6234145668268398,0.6237060739282013,0.6239802731528032,0.6242385117871734,0.6244804515518032,0.6247076676337424,0.6249206073677217,0.6251201059025444,0.6253065859425861,0.6254807536204072,0.625642731216961,0.6257935235276929,0.6259327253129485,0.6260616723244314,0.6261802599438133,0.6262889932818351,0.6263879207698302,0.6264778788930053,0.6265579884920874,0.6266298812246253,0.6266926329877511,0.6267468972408811,0.6267931438720641,0.6268306397310393,0.6268603822114548,0.6268820880004298,0.6268959527804666,0.6269014959316939,0.6268994915870073,0.6268895292881089,0.6268719144393226,0.6268465434306578,0.6268128173401896,0.6267715564641897,0.6267217864312932,0.6266645087281968,0.6265984129407172,0.6265240406062406,0.6264414718927567,0.6263498192925019,0.626249594710695,0.6261403540217905,0.6260212104398734,0.6258928381308834,0.6257546956383095,0.6256062691359351,0.6254474259309846,0.6252778335267065,0.625097893659023,0.624904976924793,0.6247006206179241,0.6244840722030037,0.6242545654973235,0.6240118642853144,0.6237553970836397,0.6234842555741555,0.6231983019066278,0.6228967441459518,0.6225791074172963,0.6222442318131964,0.6218922883440144,0.6215216027945525,0.6211315237902194,0.6207216175143557,0.6202917026379073,0.6198382476599866,0.6193632038009736,0.6188641031337646,0.618340022929308,0.6177903036140383,0.6172130412791638,0.6166072235524007,0.615972158892984,0.6153057433891352,0.6146070064698173,0.6138744480086034,0.6131061090810599,0.6123008213242594,0.6114561439481903,0.6105709630155776,0.6096432010706709,0.6086709418970573,0.6076519596624628,0.6065838609513948,0.6054647037621569,0.6042920807919989,0.6030636936805199,0.6017760199267038,0.6004272626409802,0.5990139496437306,0.5975332220204976,0.5959818674029844,0.5943566866551014,0.5926543311565154,0.590871373502363,0.5890023784986839,0.5870454027663567,0.5849954505330752,0.5828477440660811,0.5805978683359189,0.5782419711339287,0.5757740144676643,0.5731875646027367,0.5704793898692847,0.5676426129541009,0.564671254699806,0.5615587995974726,0.5582996252527341,0.5548843043427334,0.5513079682263208,0.547562176990542,0.5436386202649388,0.5395282228484988,0.535223931607687,0.530715135433342,0.5259928743990245,0.5210464613589063,0.5158665067190051,0.5104399581993123,0.5047563946148986,0.49880399400480807,0.4925693796139734,0.48604151565631315,0.4791995727623597,0.4720356230913434,0.46453254706563163,0.45667404582383286,0.4484436259740558,0.43982230286446367,0.43079476453517684,0.42133547228945323,0.41143459671356875,0.4010553359515112,0.39019006232834136,0.3788085869066115,0.36688825957796395,0.3544034925081573,0.34132723173821694,0.32763532140273405,0.3132869295882211,0.29826297729877793
0.02196385372416546,0.44825894365330055,0.4586243715534686,0.46833585934994054,0.47763928111975207,0.4867209959715651,0.49501937225977716,0.5031466847519206,0.510649552667806,0.5178796489719649,0.5244990637660223,0.5310199606563911,0.5367274654790248,0.5425115981153361,0.5477494605831265,0.5524154394228562,0.557188081266268,0.5616011106399705,0.5654875930754812,0.5690519273938128,0.5727323978323602,0.5762031765366822,0.5793147552608153,0.5821195239790926,0.5846599020170977,0.5870715940333611,0.5895825873283673,0.5919931190642227,0.594195778310248,0.5962154377491606,0.5980718792077087,0.5997827919804047,0.6013635884536261,0.6028273797793617,0.6041851555702097,0.605446999430902,0.6066491631754423,0.6078964453935445,0.6091645917582726,0.6103534537278231,0.6114628242296851,0.6124996745353155,0.6134694660939689,0.61437758712364,0.6152286797266215,0.6160270376460331,0.6167763231016621,0.6174805813587059,0.6181422622412741,0.618765343087334,0.6193496205231271,0.6199009565697277,0.6204197585884677,0.6209081526520843,0.6213683370898371,0.6218021638110193,0.6222106099171474,0.622595010479492,0.6229575738997494,0.6232987627464246,0.6236201107096659,0.623922492025558,0.6242072880749238,0.6244746524111447,0.6247257813625076,0.6249616520383657,0.6251829599617637,0.625390023164945,0.6255840181464105,0.6257648530420326,0.6259333190876931,0.6260901559293119,0.6262354812908809,0.6263698541942793,0.6264937834163476,0.6266071945601596,0.626710957717073,0.6268050674654683,0.6268900609119241,0.6269656847883351,0.6270322089244423,0.62709056668034,0.6271396343044383,0.627180677928204,0.6272134661798259,0.6272383671200646,0.6272559058456079,0.6272632862819056,0.6272643639702267,0.6272562417264456,0.6272408434830888,0.6272175596032881,0.627186021767083,0.6271466569152252,0.6270989649759736,0.627043330237962,0.6269790231224323,0.6269065424125013,0.6268252293989638,0.6267353622962318,0.6266364057615511,0.6265281132244545,0.6264106859580472,0.6262836939708643,0.6261464412337683,0.6259993365012638,0.6258434113461947,0.6256732434561497,0.6254941442842092,0.6253017659726973,0.625099602177128,0.6248830159599407,0.624654484726427,0.6244120734533171,0.6241562390590711,0.6238862614751883,0.6236007272428584,0.6232999932687202,0.6229830265035359,0.622648457219146,0.6222970078276693,0.6219266932254814,0.6215373048362535,0.6211282634632324,0.6206976739569053,0.620245637030193,0.6197705747441569,0.6192717622923953,0.6187482142083719,0.618198509147922,0.617622095246869,0.6170165415691424,0.6163817371482085,0.6157157402520093,0.6150175432843417,0.6142848216522426,0.6135167933647637,0.6127115499118545,0.6118673329266686,0.6109825712082554,0.6100551916229141,0.6090827921260196,0.6080640875056356,0.6069963175950437,0.6058775286533737,0.6047050296910359,0.6034763346250983,0.6021889672879553,0.6008402741798351,0.5994268834164268,0.5979464048828407,0.5963953586199838,0.5947702913404836,0.5930681243332419,0.5912847003434872,0.5894164653646532,0.5874623469726887,0.5854096452984331,0.583261930626848,0.5810124164300527,0.5786558473249714,0.5761878963940689,0.5736023470523766,0.5708940176438364,0.5680576227161958,0.5650861051730047,0.5619738971050586,0.5587138635995725,0.555380436177478,0.5517231628481307,0.5479777026364077,0.5440532204099372,0.5399450386626806,0.5356389435153334,0.531130399084792,0.5264105669468394,0.5214617893208903,0.5162814353590104,0.5108551194010553,0.5051722273836163,0.4992194180937121,0.4929845681790197,0.4864546101343312,0.47961493837312297,0.4724512611900694,0.4649481287695324,0.4570896743310181,0.44885852461896253,0.4402375993567659,0.43120875530692193,0.4217509754988469,0.41185547182556026,0.4014713451784402,0.3906055036411878,0.3792244358824118,0.367304206517361,0.35481978250281243,0.3417431815904875,0.3280481410753808,0.31370297679885933,0.2986788661315106
0.021337607820153946,0.44200449832176913,0.45241551656201906,0.46251595199272216,0.4722974133025408,0.48134369432908103,0.4901369510620753,0.49850444875061745,0.5062368952344355,0.5138262145321365,0.5206559218551771,0.5273716696397661,0.533545595828748,0.539215966785414,0.5449076353062481,0.549872512094318,0.5545334126010327,0.5592600119185824,0.5634693784247489,0.5671881364698809,0.5707736826447812,0.5744390239530339,0.5777723249156346,0.5807669249677959,0.583470775613156,0.5859282776881263,0.5883711597173643,0.590883133796363,0.5932150475829044,0.5953486733311664,0.5973063505710717,0.5991078922057251,0.6007701395256525,0.6023067012183959,0.6037306208840215,0.605052117436736,0.6062810132829968,0.6074932630615871,0.6087604234125006,0.6100032927814854,0.611162156288424,0.6122444566401545,0.6132559535848912,0.6142026792303534,0.6150891404821406,0.6159205745989814,0.6167006949801219,0.6174327883013656,0.6181205086090126,0.618767283514097,0.6193753328382543,0.6199475235657289,0.6204863687948889,0.6209936004907778,0.6214711391820995,0.6219207585983675,0.6223446577093038,0.6227436248402825,0.6231195974900966,0.6234737883733418,0.6238068851579752,0.6241211434743938,0.6244157733954342,0.6246933029116701,0.6249539072357599,0.625198964376899,0.6254282895968214,0.6256433039075344,0.625844694839132,0.6260325928981413,0.6262078538463733,0.6263709691253427,0.6265228834777179,0.6266627064916733,0.626791997487909,0.6269112149908223,0.627019887906256,0.6271179997760722,0.6272069523050507,0.6272884621741088,0.6273577271715464,0.6274196013612098,0.6274726309064914,0.6275172156600218,0.6275528333946255,0.6275806862426809,0.6276000661253374,0.6276113069055014,0.627614415990811,0.6276094670107014,0.6275966988381586,0.6275753925273808,0.6275464834651924,0.6275088408281885,0.6274632833948116,0.6274093279587699,0.6273470609053987,0.6272759396534977,0.6271963690045841,0.6271078958476638,0.6270105778667718,0.6269036388611814,0.6267875482569597,0.6266616780654313,0.6265259007083536,0.6263797808967341,0.6262231070629317,0.6260556739764547,0.6258767567290915,0.6256876288356275,0.625484165537349,0.6252690572562453,0.6250413158731222,0.6248003881856701,0.6245449474494513,0.6242753677753786,0.6239910933226509,0.6236908116184502,0.6233741459068609,0.6230405975339555,0.6226896590491118,0.6223196281000162,0.6219307252893224,0.6215219137076184,0.6210920831991781,0.6206403575192202,0.6201659728987088,0.6196677333857503,0.6191443782219539,0.6185951486642012,0.6180189439695194,0.6174140249397058,0.6167794314308638,0.6161140953214068,0.6154156472781463,0.6146833204687439,0.6139161204211869,0.6131113868791455,0.6122668064402286,0.6113819109027074,0.6104546465485967,0.6094828008943083,0.6084640548581941,0.6073975701215283,0.6062777778193913,0.6051053692130723,0.6038770182845056,0.6025899130065263,0.6012413052808536,0.5998285223540409,0.59834779542519,0.5967969145052455,0.5951721277676789,0.5934698163230753,0.5916870997624352,0.5898184859986778,0.5878614656510563,0.5858117012955771,0.5836641764832768,0.5814153172379402,0.5790599275206608,0.5765912923270513,0.5740051462251984,0.5712974972134112,0.5684602355544325,0.5654889320096556,0.5623766842863932,0.5591182226432387,0.5557025027145291,0.5521261566562409,0.5483800315149225,0.5444564027399514,0.5403467143956929,0.5360424550334992,0.5315344800196204,0.52681344531644,0.5218654380456001,0.5166847598814126,0.511260732172042,0.5055754970253218,0.4996242311451899,0.49338829320125566,0.4868581683518073,0.48001882503997473,0.472855166146533,0.4653521031370398,0.4574941941475288,0.4492624266035313,0.4406440897973264,0.43161217621193226,0.42215498440975086,0.4122500266457211,0.40187510239810786,0.3910090804570075,0.37962828329681614,0.36770847974278714,0.35522345909761843,0.3421474292897089,0.32845147049534756,0.3141070762959674,0.29908290566550577
0.02072921779595371,0.4353951582261645,0.44626194050716994,0.4566275180431319,0.46643635444789777,0.475983936152132,0.48509047353696394,0.4935273002743699,0.5018588444053261,0.5093611354328266,0.5168272870137767,0.5234570794716502,0.5301301605644319,0.5359736331156175,0.5417296213370721,0.5471870548420142,0.5519343701999163,0.5566695984272133,0.561243093895679,0.5652628669063668,0.5688621543371613,0.5725065546988006,0.5760825075449322,0.5792861156964446,0.5821695856770617,0.5847782649594936,0.5871916215175083,0.5896749473548027,0.5921433818208652,0.5944002910815275,0.5964668028767182,0.5983660302447734,0.6001147123294837,0.6017294488817941,0.6032236757431473,0.6046088970308126,0.6058955265137299,0.6071016656652994,0.6083334358925577,0.6096078946313961,0.6108193805395055,0.6119494542595864,0.6130051201213388,0.6139922992114302,0.6149163486531205,0.6157820976540685,0.6165939249917792,0.6173556969456142,0.6180710581201945,0.6187433652015625,0.619375210867343,0.6199696796889703,0.620529193320414,0.6210558007206589,0.6215520085417737,0.622018195126721,0.6224581304303687,0.6228719338405873,0.623261773361801,0.6236289689895893,0.6239749053076359,0.624300410346341,0.6246062337791497,0.6248948096742093,0.6251644867574255,0.62541867835318,0.6256569311993221,0.6258801479243776,0.6260892305979124,0.6262846221456441,0.6264668398379448,0.6266365891659884,0.6267943465125081,0.6269406278303048,0.6270751005676555,0.627199168625929,0.6273130566171502,0.6274164433283997,0.6275101198867926,0.6275941131811514,0.6276689294430267,0.6277349610558183,0.6277915695854906,0.6278393800517443,0.6278795921409213,0.6279096961971049,0.6279319933742611,0.6279461413366881,0.6279524599661981,0.6279499031994039,0.6279391298146707,0.6279212842678507,0.6278934874899942,0.6278581314263582,0.6278146003421813,0.6277625769184088,0.627702477698256,0.6276333916765172,0.6275551079067097,0.6274683847061411,0.6273722833039744,0.6272672108443713,0.627152022244591,0.6270273744433659,0.6268927855917316,0.6267479483654849,0.6265924444674386,0.6264260333081408,0.6262483816315794,0.6260595122017343,0.6258573306110738,0.6256433300733454,0.6254166909143338,0.6251760548909029,0.6249217617270171,0.6246529945682492,0.624369894855049,0.6240692892819554,0.6237534196979617,0.6234208974313054,0.6230700737870442,0.6227009306368738,0.6223125410264139,0.6219042114261693,0.6214747508188189,0.6210237757629901,0.6205496167825905,0.6200518186426374,0.6195288293518955,0.6189801274431657,0.6184039396209104,0.6177995086013911,0.6171651604096555,0.6164997880800615,0.6158018896434165,0.615070173883438,0.6143026573769006,0.6134980075172746,0.612654311203878,0.6117697855476043,0.6108426775952014,0.6098711118138741,0.6088527661897064,0.6077853759325331,0.6066699501856787,0.6054956767399875,0.604266424469431,0.602979442318573,0.601631083406372,0.6002179456343046,0.5987381639080692,0.5971872340482887,0.5955631934411896,0.593860083624778,0.5920772656922735,0.5902093227069007,0.5882542367958805,0.5862024678494522,0.5840551326471041,0.5818056255174263,0.5794550561819907,0.5769825569843359,0.5743962595770231,0.5716880462806316,0.5688514838362164,0.5658802019703997,0.562768591193805,0.5595084858145105,0.5560939796696501,0.5525177616788604,0.5487735798070559,0.544848648636331,0.5407787725654903,0.5364342687495822,0.5319255291416363,0.5272033073129435,0.5222574445040388,0.5170767424858768,0.5116509931687548,0.5059676117034326,0.500015311878369,0.49378155540454993,0.4872503931138299,0.480411254898904,0.4733183637395071,0.4657448251085847,0.45788570699033115,0.44966200639081905,0.4410337987204933,0.43200449002812813,0.42254779803979703,0.412642645379791,0.4022675180778301,0.391402489031398,0.38002065579598326,0.3681056053192014,2.0,0.3425399964658387,0.328844019613393,0.3145000768532083,0.299480731176904
0.020138174534552102,0.428806374812923,0.43974808262631954,0.4503574366178704,0.4606739359274928,0.4704081439767318,0.4796313481111728,0.4886658226290851,0.4969598370767127,0.5049884568459673,0.5125224402889087,0.5196461473099034,0.5262886781358953,0.5327353153064442,0.5384179316720055,0.544192624458599,0.5493585101654542,0.5540117898276868,0.5587834085944993,0.5631432531675608,0.5669854515929849,0.5705475401918383,0.5742311601037379,0.5776662156906027,0.5807474359659849,0.5835256732026669,0.5860430704066276,0.588458977501394,0.590974207502058,0.5933644296565087,0.5955493781926894,0.5975526649748393,0.599394608056963,0.6010929496824965,0.6026622307351239,0.6041153178753759,0.6054634373010117,0.6067160337817266,0.6079181199379918,0.6091697515545703,0.6104328976548163,0.6116137119834232,0.6127157321589332,0.6137456333630485,0.6147090182277491,0.6156111171004622,0.6164563994366501,0.6172493929677365,0.617993642842441,0.618692357170032,0.6193494702098803,0.6199669352755405,0.6205485124093536,0.6210953489117388,0.6216093395253496,0.6220941495433252,0.622550299821404,0.6229801299280773,0.6233842843831423,0.6237651009083518,0.6241239311506475,0.6244614155413225,0.6247787752132647,0.6250772566219218,0.6253579010180099,0.6256214904031134,0.6258688662653632,0.6261011179347815,0.6263177962261484,0.6265208089159715,0.6267103003923362,0.6268870553567546,0.6270510247639123,0.6272032968953591,0.6273438671068523,0.627473542388615,0.6275928467504039,0.6277009447751062,0.6277989908818523,0.6278876230636153,0.6279669602601068,0.6280362911584915,0.6280972312382781,0.6281484462369187,0.6281913093167893,0.6282254734859916,0.6282511338123137,0.6282681271139536,0.6282768109670925,0.628277299263412,0.6282691716852159,0.6282527555961577,0.6282284183973365,0.628195352448545,0.6281536504792641,0.6281037047567204,0.6280450658540357,0.6279774886923438,0.6279012556908086,0.6278160170841407,0.6277216893218551,0.6276178341433982,0.6275043872419465,0.6273813469771753,0.6272480460720311,0.6271049851505338,0.6269498974820829,0.6267846716184212,0.6266080486378716,0.626419562478451,0.6262189142782763,0.6260061573833567,0.625780225369091,0.6255404208806866,0.6252867847505729,0.6250187776449334,0.6247355760172044,0.6244366563872045,0.6241213482764255,0.6237915347773808,0.6234391255229054,0.6230709392478122,0.622682796234073,0.6222748497969566,0.6218459866376138,0.6213960102279035,0.6209216570678738,0.6204242652376247,0.6199018799924939,0.619353410246939,0.6187777866994003,0.6181737067433188,0.617539644759861,0.6168746978177865,0.6161771732402903,0.6154454508131184,0.6146784762191817,0.613873854617908,0.6130305794364974,0.6121461861876221,0.6112196209942642,0.6102478605303472,0.609229821407876,0.6081626723673891,0.6070442995152966,0.6058722486726029,0.6046442527078847,0.6033573422072048,0.6020093869613133,0.6005964917453095,0.5991161819184083,0.5975654861573092,0.5959409613804351,0.5942392809900364,0.5924559601347803,0.5905881986821558,0.58863142537868,0.5865848572381165,0.58443434140242,0.5821919495807185,0.5798291482230883,0.5773611433460447,0.5747759806836095,0.5720679025127836,0.5692319889685186,0.5662605547259522,0.5631484166861321,0.5598885734503489,0.556474388584858,0.5528979866291309,0.5491526743779812,0.5452286013686161,0.5411190202148843,0.5368272140148482,0.5323079763711073,0.5275842572716456,0.5226380316855268,0.5174575459631723,0.5120317154876252,0.5063485637083237,0.5003961673937987,0.49416133593375733,0.48763351301716007,0.4807919790783419,0.4736290277744879,0.46612573393837575,0.4582671157287933,0.450043856097674,0.44178807129188136,0.43238585652372774,0.42292910250519855,0.4130231861008805,0.402648790652923,0.39178267101446423,0.38040375621724104,0.36848200640576684,0.3559971774261673,0.34292114396978207,0.3292253623426857,0.3148810175327557,0.2998578205602962
0.01956398343517064,0.4218597406450523,0.43320745395308724,0.444149808988583,0.45450760055899353,0.4645368156831677,0.47429006803419843,0.48332558396650666,0.4920281147916554,0.5004154146665338,0.5080623962302511,0.5156430398128309,0.5223999209918462,0.5291237633518848,0.5352004839218212,0.5408877526492967,0.5465324570713659,0.5514302481066132,0.5561078703387599,0.5608053886580835,0.5649644900775291,0.5686441537473768,0.5722443242897542,0.5758938881114306,0.5791931018562176,0.5821583972442602,0.5848370232039967,0.5872777911233493,0.5897309442687932,0.5922360398828312,0.5945481637341428,0.5966640784806959,0.5986062636034057,0.6003942136312925,0.602043774295149,0.6035688252445758,0.6049823161396423,0.606294295477148,0.6075151430325205,0.6087310901841447,0.6100012184805976,0.611235758897822,0.6123868996719407,0.6134617525782537,0.6144664706386758,0.6154067375678246,0.6162871235214172,0.6171129520923372,0.617887043829155,0.6186140576639303,0.619297171363174,0.6199393202171862,0.6205430527518172,0.6211105999181997,0.6216451120779951,0.622147606081535,0.6226212356160362,0.6230669900092705,0.6234867260110746,0.623881828359276,0.6242539608260638,0.6246037966981595,0.6249332626612342,0.6252430124662508,0.6255343186843353,0.6258083320398448,0.6260644135703077,0.626305099910468,0.6265310774100507,0.6267422030202199,0.6269384801835854,0.6271221405495796,0.6272931177630017,0.6274513617769544,0.6275980759899099,0.6277332778423714,0.6278577532295735,0.6279713366274992,0.6280742633175117,0.6281685603929232,0.6282510637485954,0.6283246020316543,0.6283891226103181,0.6284445853535073,0.6284926791939379,0.6285285504132362,0.6285573253711176,0.6285775216073631,0.6285889507102795,0.6285920003040572,0.6285876461034499,0.6285729831634269,0.6285505229039613,0.6285196296428631,0.6284802902830142,0.6284323914582083,0.6283756508021996,0.628310103484067,0.6282357980190566,0.6281520865919683,0.6280593612614082,0.6279571590069623,0.6278457130096768,0.6277232717278678,0.6275913350137644,0.6274490712649899,0.6272957905318041,0.6271316510382032,0.6269561623678984,0.6267688126050485,0.6265691865414352,0.6263571329007198,0.6261318086279093,0.6258933778956796,0.6256403497592516,0.6253732200513628,0.6250913234356262,0.6247924817251542,0.6244780944705998,0.6241462322291094,0.6237969978041928,0.6234290417790417,0.6230417801997248,0.6226344093301169,0.6222069768781413,0.6217558927447346,0.6212831290261644,0.6207858532171318,0.6202640109957357,0.6197160523207873,0.619140567182593,0.6185365318817073,0.6179030937046103,0.6172385163760593,0.6165413047626599,0.6158098502011314,0.6150428538464925,0.6142387947064979,0.6133955561592654,0.6125116747921172,0.6115852087263834,0.6106138700255727,0.6095958940925732,0.6085288300115463,0.607410668110054,0.6062389695706281,0.6050111632403116,0.603724530789826,0.6023762330929432,0.6009637947531776,0.5994840694476078,0.597933388142608,0.5963430354113652,0.5946071140788639,0.5928242076807958,0.5909565165356998,0.5889998602158013,0.5869500120569379,0.5848030320526824,0.5825539185800326,0.5801978509317866,0.5777308216589823,0.5751452302634172,0.5724394283710194,0.5696037293832095,0.5666573255299951,0.5635186997845613,0.5602598477406924,0.5568439875813211,0.5532679255468302,0.5495216285948881,0.5456008352490858,0.5414890362044191,0.5371846281211974,0.5326761184650822,0.5279541582137749,0.5230084765100882,0.5178274878506471,0.5124014950255883,0.5067195655790843,0.5007721161494378,0.4945315301523884,0.4880015907004235,0.48116193306624,0.47399842479989307,0.4664954945839923,0.4586383889067953,0.4504064289183684,0.4417852399972927,0.4327560950160594,0.4232987792005527,0.4133935461558984,0.4030191809743735,0.39215316624470425,0.3807730178206508,0.36885292225289906,0.3564810002421863,0.3432915957471376,0.32959578622403646,0.31525188904274054,0.30022755892965425
0.019006163999369864,0.4149308162718245,0.4263791648015596,0.43749760424267775,0.4483022874807545,0.45869874406696026,0.4684499331697854,0.47791578061704193,0.48703760316257794,0.4954071547383312,0.5036861960102469,0.5111732139273276,0.5185714507039516,0.5251848394868499,0.5318171321268994,0.5376021043798226,0.5433781461046486,0.5487574008141203,0.5534681814888912,0.558222930378054,0.5627405601776483,0.5667126537081641,0.5702943989899301,0.5739539472908268,0.5774948378824211,0.5806658931627422,0.5835214995381114,0.5861055180861361,0.5885149378598138,0.5910081206178618,0.5934581467109865,0.5956957123456048,0.5977459675813642,0.5996296166896788,0.6013650434025453,0.6029675354429925,0.6044504437568867,0.605825466954592,0.6071027255343151,0.6083052221372488,0.6095416230319729,0.6108140054444939,0.612017163784914,0.6131393395598392,0.6141878156436477,0.615168075510304,0.6160860284032099,0.6169453296103186,0.6177514750072889,0.618507881790176,0.6192181088420116,0.6198855173559505,0.6205126780492541,0.6211027902647822,0.6216575607343551,0.6221798914186093,0.6226710560608499,0.6231338256433163,0.6235691607821633,0.6239790914985908,0.6243651808830396,0.6247284994373963,0.625069869154071,0.6253913848185046,0.6256935248613882,0.6259774742967015,0.6262435853588745,0.6264935774274113,0.6267278521215149,0.6269466791352832,0.6271514889215701,0.627342591023077,0.6275199913393298,0.6276850491131277,0.6278381516903437,0.6279792824622611,0.6281089063466418,0.628228115953345,0.6283359555268665,0.6284338500758054,0.6285218446579134,0.6285998572792538,0.6286686045627958,0.6287281590328746,0.6287789555212244,0.628820039860131,0.6288507548684584,0.6288740533084363,0.628889511191632,0.6288946092314757,0.6288919445174076,0.6288807683714512,0.6288611672966385,0.6288329863744366,0.6287952185896004,0.6287495069309138,0.6286947100827759,0.6286313301983736,0.628558381426899,0.6284766727742722,0.6283854579615545,0.6282847725989903,0.6281745549687384,0.6280541095564672,0.6279234571579,0.6277822984278234,0.6276304111960758,0.6274674272129976,0.6272928304708131,0.6271066666641173,0.6269080645771946,0.6266972205346096,0.6264727514771345,0.6262352159798642,0.6259834199697786,0.6257165468715365,0.6254348579481331,0.6251376487552568,0.6248235748219502,0.6244926087995966,0.6241440200308678,0.6237771051045781,0.623390199232,0.6229833279520849,0.6225555486615142,0.6221058167564103,0.6216331429991505,0.6211365614388691,0.6206149718659234,0.6200673034079333,0.6194923175438559,0.6188891839364956,0.6182556109399246,0.6175913191049095,0.6168944962105731,0.616163357577845,0.6153967844130881,0.6145932777765454,0.6137502191071245,0.6128663572231626,0.6119401030244345,0.6109690697605682,0.6099513099759526,0.6088845432944503,0.6077667206781618,0.6065949856721276,0.6053672841275588,0.6040807934310319,0.6027331540494778,0.6013208598072777,0.5998407369858428,0.5982903924600422,0.596665965071783,0.5949644047200632,0.5931816596285192,0.5913143033804439,0.5893575534112945,0.587307966883956,0.5851610208871187,0.5829118695954542,0.5805560939278848,0.5780882786449416,0.575503441848289,0.57279608888411,0.5699623342455172,0.566988565259818,0.5638767093997111,0.5606165879810594,0.5572024511401762,0.553626770267313,0.5498806994827753,0.5459673709041483,0.5418477069845227,0.5375438192836298,0.5330351441884669,0.5283131246285669,0.5233672174626559,0.5181868920731605,0.5127607252358981,0.5070791592791982,0.5011256794445524,0.494892568173944,0.48836073591996587,0.48152222408292156,0.47436349269488276,0.4668553760484051,0.4590010403877234,0.45076576843308674,0.4421453984441259,0.4331157399419914,0.4236588164134779,0.41375605277266425,0.403378773820512,0.39251302231133206,0.3811320608153535,0.36921272801242916,0.35672880531518314,0.3436512275195584,0.32995595188893506,0.31561141443429336,0.3005871944149394
0.018464249428955436,0.4076982410061054,0.4195061943988868,0.4309474597139092,0.441847459069056,0.4523925822696426,0.46263854976691193,0.4724131044797593,0.48155499085047715,0.4905203356052561,0.4988296766853567,0.5067549354906281,0.5143217369014562,0.5213303155661242,0.5280021290104775,0.5343605937957451,0.540029175252946,0.5457839006030742,0.5508771420447524,0.5555254421997496,0.5602884094403086,0.5645938333415035,0.5683916467101403,0.5719566585980213,0.575638605468556,0.5790371697832193,0.582087429926487,0.584838818468492,0.5873327843939498,0.5897561790404857,0.5922727598942906,0.5946422311878311,0.5968088312266107,0.5987956756818081,0.6006229515112895,0.6023080755344816,0.6038653532736336,0.6053074079234483,0.6066454692308817,0.6078890333990173,0.6090924693025019,0.610348498963579,0.6116049136102525,0.6127776590343725,0.6138719136972763,0.6148944164038129,0.6158512670731212,0.61674676197937,0.6175861843392602,0.6183732082414428,0.6191120137187544,0.6198057269230653,0.620458113494526,0.621070935924569,0.6216471487446917,0.6221894735403345,0.622699532209968,0.6231799837504461,0.6236315263468964,0.6240569780159042,0.6244575482942966,0.6248341114620474,0.6251885676302733,0.6255221124525746,0.6258357044203934,0.6261301793753941,0.6264064578364408,0.6266660543433925,0.6269089263954336,0.6271373264151522,0.6273497499933465,0.6275478133067753,0.62773272177963,0.6279048823270619,0.6280640084055469,0.6282110833048945,0.6283467818352767,0.6284713511291676,0.6285845067546901,0.6286875309904884,0.6287796062354686,0.6288622374398077,0.6289349168681243,0.6289980902151671,0.6290520464078766,0.6290969861335669,0.6291321471062018,0.6291591269592115,0.6291762798127439,0.6291851244596917,0.6291854639341808,0.6291766560586654,0.6291593554151695,0.6291333606648993,0.6290986338310738,0.6290549211833768,0.6290022411481995,0.6289405528280341,0.6288699665991428,0.6287898771844656,0.6287002956023611,0.6286012194680309,0.6284923260273458,0.6283734629334153,0.6282443016444705,0.6281117662499015,0.627954013129369,0.6277922226705036,0.6276187320542264,0.6274337638038875,0.6272363641798252,0.6270259477726429,0.6268026779151653,0.6265658642156604,0.6263149899487414,0.6260491347595516,0.6257682408013536,0.6254718248050475,0.6251589039235997,0.6248283580138325,0.6244802549442959,0.6241136148981763,0.6237276366933232,0.6233213329127513,0.6228940238938324,0.6224447983688983,0.6219730797145688,0.6214763710657113,0.6209553144106909,0.620408063045673,0.6198335619317242,0.6192306894025512,0.6185978707081073,0.6179340383527849,0.6172372848835833,0.616506692237644,0.6157402135235923,0.6149370824818655,0.6140942017872714,0.6132107389435891,0.6122848241676817,0.611313819306287,0.6102963750692261,0.6092298634931934,0.6081120535076738,0.6069409924594011,0.6057131108960065,0.6044274592913265,0.6030791026219643,0.6016672055163453,0.6001878592291369,0.5986371582096338,0.5970129661369405,0.5953115518433645,0.5935286544312783,0.5916613828929166,0.5897048958177087,0.5876555547813908,0.5855148897586437,0.5832596783284483,0.5809037282237884,0.5784361874254825,0.5758511569350746,0.5731439544396507,0.570307437832066,0.5673364938166546,0.5642247050941661,0.5609652211006855,0.5575509185928719,0.5539748840460081,0.5502294518011255,0.5463060041199094,0.5421964763408873,0.5378923452389575,0.5333838869950005,0.5286618280987124,0.5237166055843114,0.5185358153667048,0.5131098769800237,0.5074268751638713,0.5014746604036495,0.49524000780800814,0.4887101727696428,0.4818706591465204,0.4747072291082777,0.46720435994540577,0.45934584155265734,0.45112541697988867,0.4424944439735069,0.4334651474287824,0.42400792797516174,0.4141027673133336,0.403728244805311,0.39286242417933676,0.3814947322313094,0.3695615779114236,0.35707778534599266,0.3440008131893448,0.3303053022376246,0.3159624209226504,0.30093691991382043
0.01793778623534893,0.4004416056023824,0.4123580306860385,0.4239627963402643,0.4352551421463564,0.4462043880460754,0.4565389610417873,0.4664941165352315,0.4761937497268426,0.4852424446762351,0.4938507773106997,0.5022379633707892,0.5098171816840156,0.5173720799715567,0.5240695902972384,0.5307884561721902,0.5367703323263902,0.5424818319353764,0.5480685719397115,0.5529043090629272,0.5576027384041468,0.5622624560098077,0.5663708183992808,0.5700159914756802,0.573631728858713,0.577259405556248,0.5805240997955223,0.583459523814813,0.5861125783120723,0.5885404030776177,0.591003230646512,0.5934978873304193,0.5957899899442813,0.5978882396931345,0.5998147863461128,0.6015879491694769,0.6032244865655324,0.6047380328174681,0.6061408376695486,0.6074429859207643,0.6086566571680936,0.6098769111718274,0.6111487254631552,0.6123744248393567,0.6135173915528558,0.6145845700783774,0.6155823783694696,0.616516102181253,0.6173900568021433,0.6182094676479113,0.6189781465334446,0.6196997444925484,0.6203776555992563,0.6210146439101965,0.6216136186076892,0.62217638351312,0.6227068233645726,0.6232047440658838,0.6236737455622844,0.6241151837849073,0.6245306646898767,0.6249218983964399,0.6252896278679355,0.6256357594240926,0.6259608909799239,0.6262664443980643,0.6265533099480478,0.6268226986679251,0.6270750559591889,0.6273111960947079,0.6275323342093605,0.6277385678779827,0.6279307695302858,0.6281097898825753,0.6282759387167193,0.6284296238804307,0.6285711944014659,0.6287010090207968,0.628819761447401,0.6289273291850739,0.6290246213974361,0.6291123127895936,0.6291888196719319,0.6292561386541029,0.6293141099081042,0.6293621749581335,0.6294013163213353,0.629432340263961,0.6294521146427817,0.6294639047092955,0.6294669985040156,0.6294612965758967,0.6294467410052067,0.629422913986414,0.6293905085391004,0.6293491311330328,0.6292988008250563,0.6292388201555387,0.629170735596465,0.6290921126810244,0.6290044837075209,0.6289069145269403,0.6287998368908019,0.6286820531435583,0.6285544490737509,0.6284159997610809,0.6282668328572467,0.6281060878610719,0.6279339626859652,0.6277499095745689,0.6275536069681215,0.627344500740141,0.6271222050238969,0.6268861682070861,0.6266362306762348,0.6263714447152912,0.6260912526020885,0.6257954226165978,0.6254829971616025,0.6251534059636971,0.6248059576962685,0.6244399160113676,0.6240544295386394,0.6236487829152935,0.62322207870025,0.6227735339787323,0.6223018411168268,0.6218062246768116,0.6212856344231816,0.6207394228862508,0.6201647526882972,0.6195620782392144,0.6189297650723415,0.6182660335696213,0.6175699210821923,0.6168395747823261,0.6160736418298476,0.6152703090769581,0.6144282601494321,0.6135452601674742,0.6126189604853239,0.6116484904147689,0.6106312970810444,0.6095648408501572,0.6084475664251018,0.6072761778330975,0.6060488962903022,0.6047628601496478,0.6034301155643146,0.6020033402074638,0.6005237704552014,0.5989738553170213,0.5973497026641187,0.5956483704833311,0.5938658941867339,0.5919983469428765,0.5900426166246187,0.587992868107242,0.5858464010635142,0.5835974270107941,0.5812418784217288,0.5787741662861544,0.5761891544170786,0.5734816102795639,0.570645420391215,0.5676748816008184,0.5645630906055267,0.5613034831566945,0.5578902659630742,0.5543134376215532,0.5505680918963981,0.546644702421372,0.542535227978726,0.5382309899305567,0.5337227215182623,0.5290007954737367,0.5240550911749522,0.518874839224309,0.5134495303904398,0.5077665194455574,0.5018182603818562,0.49558526757372023,0.48905043684101224,0.48220985239044434,0.47504682208009763,0.4675480159362323,0.4596868725424811,0.4514542800565074,0.4428336053191031,0.43380598593762665,0.4243473517387025,0.4144446206049799,0.40406875752084415,0.3932018654773088,0.38182165151094755,0.3699035531217901,0.3574176023879725,0.3443405783996664,0.3306456203608748,0.3163005131333168,0.30127658879285224
0.0174263338600965,0.392970944419995,0.4052026849399444,0.41707828115840756,0.4284821394389602,0.4395429613862483,0.4502828829950329,0.46068104397294146,0.47040234536254477,0.47978404280208675,0.488897179836423,0.4972211799348551,0.5054262555762356,0.5129165437475619,0.5202296991307013,0.5268413304490687,0.5334185465742096,0.5391554991126085,0.5449413325970308,0.5502418021650645,0.5549242246492477,0.5596920080457122,0.5641514339306153,0.5680757284062756,0.5716448046410941,0.5753178033503621,0.5788199662315194,0.5819580174299951,0.584785105879804,0.5873444548070824,0.5897524565282378,0.5922558268498304,0.5946843386987671,0.5969025173337354,0.5989352911355172,0.6008035695438483,0.6025252587447216,0.604115087906178,0.605586916503178,0.6069511436825259,0.6082187155039701,0.6094187130740398,0.6106593118128518,0.6119288964368048,0.6131233932343451,0.6142376483266097,0.6152784439478044,0.6162517101192726,0.6171628903152344,0.6180162497164254,0.6188161296331294,0.6195668977456041,0.620271905625165,0.6209339139532043,0.6215564205700836,0.6221413817470295,0.6226913920775647,0.623208950928034,0.6236959105408039,0.6241539995100176,0.6245851213452541,0.6249911515998946,0.6253724064787037,0.6257313011098369,0.6260687796816776,0.6263859535636538,0.626683652419561,0.6269632256867804,0.6272252230946508,0.6274706343842235,0.6277003815000745,0.627914951677287,0.6281147261280884,0.6283014208160638,0.6284736642838297,0.6286343938422696,0.6287814329424831,0.6289171475355644,0.6290414853514399,0.6291551925785515,0.6292573419406762,0.6293490097084483,0.6294309978381113,0.629501981223063,0.6295645149822804,0.6296158784446172,0.6296585879713562,0.6296922653581826,0.629716068662356,0.6297311192103393,0.6297386184737975,0.6297342437183513,0.6297220384985764,0.6297011183253598,0.6296712126953473,0.6296319231167231,0.6295838242254586,0.629526119344745,0.6294594676008368,0.6293833152096351,0.6292973040216958,0.62920164585254,0.6290960033116558,0.6289800376231545,0.6288540719684234,0.6287169152316874,0.6285688810263927,0.6284097147647202,0.6282387461077085,0.6280559402393706,0.6278607895663048,0.6276525873132851,0.6274312863741991,0.6271964328038112,0.6269471161217838,0.6266835162814374,0.6264039617721364,0.626108982542933,0.6257973159973431,0.6254684520990402,0.6251218535225267,0.6247565942497365,0.6243714874670608,0.6239666433737675,0.6235404962681433,0.6230923459166363,0.6226213462281123,0.6221262015643497,0.6216061191259122,0.6210596172791764,0.620486062565294,0.6198836816572744,0.61925187068982,0.6185885156483593,0.6178925376507706,0.6171629263662588,0.6163972031345882,0.6155940056271823,0.6147520476443382,0.613869178151004,0.6129435753607356,0.611973325274299,0.6109562026057829,0.6098902197148658,0.6087728944070258,0.6076020598104266,0.6063750291538047,0.6050890447784125,0.6037418499484591,0.6023299674772186,0.6008504621227495,0.5993010488759614,0.5976769942622739,0.5959756422009641,0.5941931761855408,0.5923259284343616,0.5903697179885574,0.5883206297484562,0.5861739845093379,0.5839258568779214,0.5815704923827894,0.5791023364781681,0.5765173807735261,0.5738099215616922,0.5709737262091605,0.5680030720295526,0.564891507695764,0.5616321033339513,0.5582181886913179,0.5546422406440156,0.5508969452154744,0.5469735144599556,0.5428715457712675,0.5385608515333701,0.5340519273834011,0.5293300711748408,0.5243840846939397,0.5192043430293788,0.5137782383606484,0.5080981417618442,0.5021430836572682,0.4959087736920781,0.4893790073840427,0.4825394317109505,0.4753759366977245,0.46787349354012886,0.46001494185870406,0.4517877263976903,0.4431634068642887,0.43413469646741165,0.42467694413532664,0.41477194012191265,0.40439780061548736,0.3935317318125489,0.38215094609073924,0.37023120394695547,0.3577464088873106,0.34467125724170594,0.3309747919669321,0.31663047099816694,0.30160649285517793
0.01692946430619779,0.3854098834697762,0.39774440950324075,0.4097978461481146,0.4215565701990316,0.4329987601076211,0.4438920479447059,0.45437026061981994,0.46454199910314053,0.47433556657683595,0.4834169416081705,0.4922913649600256,0.5006350159379583,0.5084538303366091,0.516042186198761,0.522944365209957,0.5296461368064641,0.5359020845392646,0.5415672866287297,0.5472913260857849,0.5523117068424278,0.556963508713777,0.5617092803782409,0.5659604003482962,0.5697132323600023,0.5732867317456576,0.5769612824221688,0.5803233954226334,0.5833416685548987,0.5860660605517168,0.5885374723893135,0.5909705125545306,0.5934854332266616,0.5958337481680336,0.5979813786471078,0.5999515097797277,0.6017639879314547,0.6034356449887441,0.6049804135956682,0.6064114184946378,0.607739318255997,0.6089734717342966,0.6101795933823406,0.6114395981670959,0.6126879692193867,0.613851939434391,0.6149384214796951,0.6159536231013751,0.6169033948076397,0.6177922392170673,0.6186255585723772,0.6194067644441408,0.6201398369178219,0.6208282473263302,0.621475265667126,0.622082877529061,0.6226543775957942,0.6231917397757124,0.6236972637197935,0.6241731771542031,0.6246205508754906,0.625041235215677,0.6254373079549389,0.6258101584607384,0.6261599640256946,0.6264892426047296,0.6267979902588817,0.627088237402379,0.6273602346442937,0.627615052883795,0.627854227189648,0.6280765061594913,0.6282844916771243,0.6284784628581799,0.6286583068664737,0.6288251467681947,0.6289788838982467,0.6291207305561293,0.6292513968014013,0.6293693434256317,0.629477702623802,0.6295744036279677,0.6296602812693459,0.6297364989736152,0.6298019678602217,0.6298577658519976,0.6299041929479533,0.6299411790061983,0.6299687518113709,0.6299870001896815,0.629996071344398,0.6299959699863888,0.6299873071285237,0.6299682978425666,0.6299409676892872,0.6299042179743594,0.6298580547195881,0.6298027876289367,0.6297380037055558,0.6296637402240008,0.6295799147206252,0.6294858601958362,0.6293818773932633,0.6292680413219287,0.6291430768732656,0.629007665199196,0.6288610232156089,0.6287029364652805,0.6285333862490242,0.6283520303115264,0.6281578556086623,0.6279506551025577,0.6277307130805059,0.6274965810748543,0.6272483594421417,0.6269851779038809,0.6267071249223477,0.6264127508503836,0.6261016790977411,0.6257735721603114,0.6254275577009374,0.6250629932569389,0.6246787660080636,0.6242744163812828,0.6238488131112429,0.6234013252493518,0.6229306355280849,0.6224361153611458,0.6219164406793273,0.6213708058213371,0.6207975284336387,0.6201956987403029,0.6195641084900247,0.6189012171913493,0.6182058276951737,0.6174777068524671,0.6167112592858649,0.6159081454284285,0.6150664250645119,0.6141840740717686,0.6132586376114834,0.6123090811313741,0.6112718620696687,0.6102061657526998,0.6090889279439629,0.6079181813289019,0.606691425498721,0.6054056059102993,0.6040584570092876,0.6026468307029577,0.6011677277394439,0.5996180040807245,0.597994498696798,0.5962932750672851,0.5945108337395398,0.5926438839814243,0.5906881563447008,0.5886387377601171,0.5864922607716,0.5842439772921112,0.5818882982941971,0.5794208519992802,0.5768360966026185,0.5741287485989114,0.5712928858452566,0.5683222214345923,0.5652116569797345,0.561951264810701,0.5585373822526288,0.5549615506218427,0.5512162083489925,0.5472933042785048,0.5431837734646056,0.5388796323373651,0.5343716220436804,0.5296495791152804,0.5247044948568697,0.519523934098818,0.5140980259389,0.5084151049765665,0.5024634566087747,0.49622847354743194,0.48969883992595387,0.4828593983137289,0.47569638995240215,0.4681932807271122,0.46033504859010965,0.45210467800088167,0.4434841113136042,0.4344543761806612,0.4249973423476563,0.415092324024674,0.4047181654343466,0.3938838306616344,0.3824717049442827,0.37055301157900905,0.35807167652179417,0.3449910199879514,0.3312955795320773,0.31696342061150057,0.30192747979368806
0.016446761779946636,0.37774581997197965,0.39035060162426694,0.40258795567642663,0.4144597681808706,0.4260138765308355,0.4372484463072744,0.4481715892484271,0.4585154494611061,0.46839381410815517,0.47801411778209923,0.4870992346707635,0.49561103728070993,0.5039767205313916,0.5115058375314971,0.5190184343924631,0.5256718862222602,0.532370994143641,0.5382689394960368,0.544006368942504,0.5495232918153676,0.5543047907650059,0.5590236407282264,0.5636377389214933,0.5676950095851051,0.5713107312780521,0.5749419674751342,0.5785424771406472,0.5817722855879331,0.5846774784066348,0.5873043903814141,0.5897215228685082,0.5921951353381375,0.5946758984618685,0.5969475079860592,0.5990275949014439,0.6009378712836821,0.602696644145712,0.6043202224391949,0.605821682956828,0.6072133653135008,0.6085056164629725,0.6097130556366422,0.6109373479845571,0.6122099445842588,0.6134266421679567,0.614561094990871,0.6156207938354805,0.6166106773363733,0.6175372449593298,0.6184049807979591,0.6192183077303663,0.6199811952290607,0.6206971665552307,0.621369390267266,0.6220011161517052,0.6225948362285487,0.6231531487248975,0.6236780764995727,0.6241717638544738,0.6246364041716633,0.6250732587195768,0.6254843753349293,0.6258708173224682,0.6262341278261249,0.6265755694442688,0.6268965194197045,0.6271975022789716,0.6274799767887455,0.6277445003530459,0.6279925539663826,0.6282238736243269,0.6284401288808792,0.6286418786146231,0.6288289792294568,0.6290028423607484,0.6291632914215192,0.6293114146662108,0.6294477436680751,0.6295716965320399,0.6296844826870401,0.6297862917178599,0.6298770572166388,0.6299578222948601,0.6300278227921918,0.6300887340612286,0.6301384196241845,0.6301791568858729,0.6302100671309593,0.6302322509067654,0.630243882475293,0.6302470584029626,0.6302407059800379,0.630224759683765,0.6302000018527598,0.6301660228562299,0.6301219298393523,0.6300696704183614,0.6300062678110664,0.629934511595413,0.6298518990171994,0.629759924887404,0.6296578505611796,0.6295452135773016,0.6294220750061534,0.6292879996819549,0.629142903888481,0.6289865424744142,0.628818554168077,0.6286377228034568,0.6284446877250688,0.6282389440440017,0.6280200564240369,0.6277868746626488,0.6275395597938722,0.6272776094516228,0.6270001779532557,0.6267065334536942,0.6263966648392666,0.6260692991047069,0.625724011241653,0.6253599087979353,0.6249765742079175,0.6245728268083581,0.6241480897075978,0.6237009717075052,0.6232307512678315,0.6227369576686632,0.6222177628931411,0.6216722111607357,0.6210994645690369,0.6204983117518692,0.6198669538216325,0.6192045627577863,0.6185094249120251,0.6177801038105238,0.6170152726408111,0.6162128451403662,0.6153714489863434,0.6144892176822379,0.6135689988774558,0.6125944946633012,0.6115779356310289,0.610512593532134,0.6093957091836272,0.608225395748196,0.6069985260537996,0.6057129733293268,0.6043661884003774,0.6029550822638254,0.6014755626212269,0.5999262115038462,0.5983025879510271,0.5966016307600955,0.5948193929277092,0.5929524312789818,0.5909966131923277,0.5889522097365044,0.586802479678614,0.5845530916707509,0.5821975076508172,0.5797301963302247,0.5771457236095964,0.5744383116989544,0.5716026189730173,0.5686319358290711,0.5655205326349267,0.5622612623370968,0.5588474158248938,0.5552716807497275,0.5515263146202167,0.5476034199129854,0.543494216801262,0.5391901109949511,0.534682091008603,0.5299605615740459,0.5250147442601713,0.5198343146576005,0.5144106379294664,0.5087259385480248,0.502773961054223,0.496539461191973,0.4900096765755898,0.48317031531107624,0.4760073787996172,0.46850433655193013,0.4606482500470864,0.45241534506234077,0.44379483830500144,0.43476550974329775,0.42530880428833295,0.4154045229669876,0.405029083895332,0.3941633931741492,0.3827825419967669,0.37086277912373916,0.35837814528602363,0.34530207616375236,0.33160680235765133,0.3172623811982091,0.3022385162283808
0.01597782234298378,0.3699113347818336,0.38260918713782777,0.3950634112052,0.4072520540010188,0.41914060533465397,0.4305356737773412,0.44153672505158476,0.4522091957699904,0.4625779221140406,0.47229914064898815,0.48159397890776506,0.4906743398193855,0.49897417369010044,0.5070854540646993,0.5145972456067722,0.5218074678690227,0.5284323350806239,0.5349393771338695,0.5406403599318089,0.546424418137311,0.5516463971003702,0.5563077721495762,0.5610812164258274,0.5654824725086135,0.5693584950627293,0.5729204255882675,0.5766013805956262,0.5800644836761936,0.5831693503853602,0.5859677511762846,0.5885020342617997,0.5909120124963099,0.5934225375242247,0.5958286490768822,0.5980274658170266,0.6000425939150269,0.6018953720585573,0.6036023217567702,0.6051793879366973,0.606639390596194,0.6079932986962001,0.609250916747583,0.6104496233170928,0.6116947820217835,0.6129597227458531,0.614145361809533,0.6152512353152737,0.6162842081383373,0.6172501707657669,0.6181545971863692,0.6190012808761958,0.6197952789560932,0.6205401290854398,0.6212393519247027,0.6218960312381147,0.6225131785196097,0.6230928381057924,0.6236378936981628,0.6241506584923279,0.6246328596054488,0.625086505496545,0.6255130121072215,0.6259143394721912,0.6262913504114375,0.6266454948938506,0.6269785051584565,0.627290952228951,0.6275842622833235,0.6278593132822183,0.6281163356205461,0.6283573857785804,0.6285818595229391,0.6287914304864662,0.6289862490026378,0.6291672157240952,0.6293350431842372,0.6294892982468591,0.6296313271570116,0.6297613208140872,0.6298795935338399,0.6299866316692094,0.6300828575071947,0.6301685687051561,0.6302424247093711,0.6303079330029964,0.6303614256419577,0.6304057004772515,0.6304415773189037,0.6304654609902048,0.630481271962025,0.6304879631959094,0.6304836686700889,0.630471971192225,0.630448532195211,0.6304169691971042,0.6303755734803326,0.6303247710901226,0.6302644508764838,0.6301943154051316,0.6301139969017399,0.6300240305758861,0.6299234509156408,0.6298129431191501,0.6296911665186037,0.6295588877870354,0.6294171056999651,0.6292599900483636,0.6290930809695923,0.6289138958709964,0.6287233114554951,0.6285176334905485,0.6283001880181626,0.6280675797831791,0.6278214007013415,0.6275603092847183,0.6272837631942202,0.6269913506026789,0.6266821723472239,0.6263555812204662,0.6260109812287569,0.6256477280150406,0.625265012496676,0.6248619547036394,0.6244376132243904,0.6239911216253151,0.6235216083857301,0.6230280897421537,0.6225097670951351,0.6219647475352177,0.6213924978328518,0.6207916676025956,0.6201609031465022,0.6194988210974702,0.618804010621591,0.6180751914394567,0.6173108763109987,0.6165084920975347,0.6156676715234372,0.6147861702833112,0.6138609429350116,0.6128914493236629,0.6118752780285823,0.6108099486231595,0.6096935375626219,0.6085235372880982,0.6072973791238494,0.6060113375632348,0.6046647765882401,0.6032533667876108,0.601774596512773,0.6002251777163435,0.5986072191966101,0.5969009778668938,0.595120985222036,0.5932523165874436,0.59129663500724,0.5892477024300159,0.5871016985356701,0.5848534458159365,0.5824979659601234,0.5800308891535121,0.5774461866198697,0.574740382743304,0.5719033290156265,0.5689331625842238,0.5658215219256094,0.5625646439415628,0.5591488584995346,0.5555733234655043,0.5518276366032605,0.5479048123806338,0.5437954623603,0.5394915449314929,0.5349836065721097,0.5302631317059631,0.5253161651023934,0.5201362422104734,0.5147104558943687,0.50902921779913,0.5030755939400089,0.496841544141682,0.4903119767258678,0.4834753615453702,0.47630907053103955,0.468806376272768,0.46094795035888736,0.4527199813198968,0.4440967597935639,0.4350678376856937,0.42561866928915837,0.4157057917602386,0.40533154596384247,0.39446585153017505,0.38308521426681946,0.3711652472375229,0.3586806087775203,0.3456044562700215,0.33192330784951435,0.31756588173958394,0.3025421858656574
0.015522253574270471,0.3620952302450158,0.3749800760588745,0.38754550334819465,0.39984181931618556,0.41185074019591866,0.4235583415744693,0.434963615205103,0.44588748437399517,0.4562961443321769,0.46639035967679543,0.47617506766568213,0.48522292420168184,0.49400049831615334,0.502378862904237,0.5100913708400726,0.51768330871296,0.5244946144101632,0.5312156519451582,0.5373654072805255,0.5430393424206308,0.5487209429065455,0.5536681818877472,0.5583319873613508,0.5630524954168398,0.567248891163977,0.5709564604348334,0.5745440929792952,0.5782058212065596,0.581530625820909,0.5845173948602069,0.587214194579672,0.5896655871215871,0.5921089559362062,0.5946186192135505,0.5969455291236186,0.5990742376289876,0.6010274001694815,0.6028248016979564,0.6044821381593642,0.6060146247809823,0.607434152966733,0.6087515262328956,0.6099760939524445,0.6111852618484929,0.6124499460896904,0.6136892570173632,0.6148445454700567,0.6159227997917108,0.6169301777843261,0.6178730589676207,0.6187548169509101,0.6195816966248299,0.6203565399154014,0.6210838792565158,0.6217666602111269,0.6224077904282908,0.6230106219982203,0.6235766764112903,0.6241093161142681,0.624609931379044,0.6250807930990853,0.6255234489629873,0.625939826140687,0.6263312846728207,0.6266995015782727,0.6270443506458225,0.627369310910291,0.6276736586161751,0.6279586999593242,0.6282261171875834,0.6284758838387011,0.6287094891660262,0.6289276138175849,0.6291304103923883,0.629319025883402,0.6294932216201728,0.6296547650208222,0.62980305082876,0.629939064298805,0.6300631890904249,0.6301754239487302,0.6302764430184346,0.6303663588413755,0.6304459679301231,0.6305144719156298,0.6305732843355817,0.6306213923290065,0.6306605067712938,0.6306884591366383,0.6307075136159351,0.6307165267889053,0.6307163684294226,0.6307063533317889,0.6306868563712344,0.6306577204478978,0.6306188995674588,0.630570513781667,0.6305126836405083,0.6304444518363951,0.6303663639105783,0.6302781958655318,0.6301795625791257,0.6300704970764254,0.6299508329014184,0.6298199377624721,0.6296779672608991,0.6295243454019367,0.6293587340159983,0.6291808935437336,0.6289902923524553,0.6287870697133694,0.6285700581853934,0.6283392171396927,0.6280940504325996,0.6278338103527439,0.6275582026442602,0.6272665300812338,0.6269582268831202,0.6266325321973533,0.6262888607959445,0.6259262832911212,0.6255442556582066,0.6251420565450899,0.6247183059796252,0.6242725763881075,0.6238038188897479,0.6233105974191171,0.6227925789229749,0.622248370856498,0.6216765312384778,0.6210761074471011,0.6204458479987317,0.6197840357575666,0.6190897916827611,0.6183612133449939,0.6175970953006574,0.6167953725936403,0.6159547964059721,0.615073299790489,0.6141487665658324,0.6131794713637723,0.6121637776717812,0.6110987901879094,0.6099825673309159,0.608812112052675,0.6075860074473132,0.6063008921078054,0.6049542694546598,0.6035432983564496,0.602064998643324,0.6005155838286156,0.5988922354309881,0.5971916489025623,0.5954101067263318,0.5935480397279683,0.5915877785220609,0.5895391665829957,0.587392928850332,0.585144786897037,0.5827895809612913,0.5803224620837375,0.5777381607998135,0.5750321187241508,0.5721957505397847,0.5692251182353137,0.566113813915713,0.5628548437920031,0.5594411085174045,0.5558655489525005,0.5521203231914952,0.548197214349172,0.5440882597895795,0.5397845293730698,0.5352766679490716,0.5305996081441644,0.5256092035060457,0.5204292673502194,0.5150038463131377,0.5093208514772571,0.5033687479286155,0.49713458804392896,0.4906051824208699,0.483765624124915,0.47660284797322006,0.46909983870327276,0.4612415108356037,0.4530107809848512,0.44439044647426373,0.4353610827121266,0.4259050234380377,0.4159993566303781,0.4056251118412789,0.39475912902093685,0.38337852915525256,0.37145926691950365,0.35897423781606363,0.34589856996404506,0.3322027644697734,0.31785838712423226,0.30283459675613245
0.015079674241700076,0.3540236557988815,0.3670263479191527,0.379827434279102,0.3923996062027787,0.4046763172286762,0.4165175304104722,0.4280185302157656,0.4391931125967632,0.45005650487722415,0.4604406022496146,0.47024073156344776,0.47977409357667217,0.4888929176090423,0.4973145560512265,0.5056372069326034,0.5131359557644399,0.5205874445429249,0.5272120329764569,0.5338769767166246,0.539702806987195,0.5454662625686473,0.5509020720761175,0.5556374532107521,0.5603779310324972,0.5649364630494151,0.5689422920221886,0.5725354257091442,0.5761822471159118,0.5797491295700807,0.58294352089246,0.5858185790039837,0.5884192029183059,0.5908292182036338,0.5933130926110011,0.5957764786001122,0.598027450838176,0.6000894626098615,0.6019830974748007,0.6037268194934909,0.605336887492752,0.6068262433841289,0.6082071111100719,0.6094888168504997,0.6106913748331358,0.6119202985027662,0.6131916698843726,0.6143988700172136,0.6155249126841212,0.6165761791864267,0.6175587566311496,0.6184781356469721,0.6193394472670978,0.6201462592451512,0.6209027570319444,0.6216129528435925,0.622279481022803,0.6229058110766575,0.6234940085932108,0.6240470841854651,0.6245671280238174,0.625056020841378,0.6255156129490212,0.6259479247109608,0.6263540098399377,0.6267355214861148,0.6270942898825506,0.6274309457636925,0.6277471003392516,0.6280435807985342,0.628320779758796,0.6285805954320868,0.6288233627394432,0.6290503337432694,0.6292609657298849,0.6294571570802516,0.6296402635626968,0.6298072469637578,0.629962232940812,0.6301047433802274,0.6302343404800027,0.6303522162634511,0.6304589207799853,0.6305535886823561,0.6306381107839352,0.6307112871857325,0.6307739083435739,0.6308264686396009,0.6308685672765157,0.6309008468930214,0.6309232269301935,0.6309357154478509,0.630938515544598,0.6309316021008651,0.6309149867412187,0.6308886632107694,0.630852728451836,0.6308064805866541,0.6307506782837331,0.63068484558614,0.6306094195042501,0.6305227074837668,0.6304261415408049,0.6303190900579285,0.6302010590708624,0.6300739900281842,0.6299310784835022,0.629778935778183,0.6296148560894113,0.6294383848514176,0.6292493020863641,0.6290470610758272,0.6288315720230413,0.6286016966873752,0.6283575645755585,0.6280988132385558,0.6278238160433789,0.6275331103616173,0.6272256215495265,0.6269008797793231,0.6265581790976286,0.626196316868789,0.6258147495316702,0.6254131276506496,0.624990281461027,0.6245450843390792,0.6240766427230804,0.6235845377009753,0.623067224288669,0.6225232703494675,0.6219517556916745,0.6213517245247835,0.6207218902525974,0.6200606777389407,0.6193668508415031,0.6186389859788987,0.6178749513239563,0.617073733777507,0.6162333465365767,0.6153520766406101,0.6144280327691961,0.6134590826188389,0.6124434383808042,0.611378515437043,0.610262552977463,0.6090927510856441,0.6078668701081975,0.6065819731803257,0.6052355868970497,0.6038247653930148,0.6023464205541814,0.6007973163094105,0.5991746176412072,0.5974739410292554,0.5956925243910705,0.5938260092716144,0.5918705294859046,0.589822717974021,0.5876763521278384,0.5854279234049368,0.5830727766463175,0.5806058585146187,0.5780217160589434,0.5753147459276851,0.5724791866136051,0.5695090353204865,0.5663976225539805,0.5631392478190402,0.5597251838018327,0.5561505258293357,0.5524043390164984,0.5484816459735741,0.5443726692463627,0.5400688545841039,0.5355608814504371,0.5308395755790124,0.5258937695280925,0.5207140286091987,0.5152883509800688,0.5096056091996467,0.5036537228231399,0.4974194079197093,0.49088999272852973,0.4840506996958954,0.476887415163575,0.4693846492443028,0.46152673531040755,0.45329590821574367,0.44467536775210836,0.43564632266406755,0.4261920550069621,0.4162846329264589,0.40591065325533005,0.395044535555713,0.38366397700121174,0.3717441744826781,0.359259696207328,0.3461838144004516,0.3324885040175783,0.31814378133355575,0.30312009683707763
0.014649713983072856,0.3460648319246053,0.3591453951771681,0.3720321910696144,0.38469791078037346,0.3971138287899293,0.4092579189793021,0.42111657946140024,0.43254422860859004,0.4434837351830015,0.4540867482689808,0.464393770462741,0.4741458499196435,0.48335107579405606,0.4923732547586118,0.5006728125699972,0.5086742890200252,0.5162209849502712,0.5233112121587947,0.5299640216321487,0.5363857529256761,0.5420626777923672,0.547833295480406,0.5529763714934457,0.5576263752055152,0.5623963490565685,0.5667391709694184,0.5705669222412821,0.5741274947911249,0.5778108614751526,0.58123463343463,0.584305816923063,0.5870751456324421,0.5895841835179335,0.5919997152559615,0.5945140303251498,0.5968976382653388,0.5990765586666533,0.6010737331376749,0.6029106673956713,0.6046032764117943,0.6061673755186386,0.6076154336742421,0.6089582849924818,0.6102057543642324,0.6114045935716003,0.6126537440398674,0.6139131007665843,0.6150893120090665,0.6161867714032456,0.6172118311191381,0.6181705021389895,0.6190673056821295,0.6199078471235957,0.6206951321222135,0.6214339015105623,0.6221270261723538,0.6227781697468742,0.6233896504617906,0.6239642606140579,0.6245044450694877,0.6250116505901416,0.6254888854063152,0.6259380241996835,0.6263592911366229,0.6267554204974888,0.6271276868152315,0.6274772735071215,0.6278056876612506,0.6281130308993919,0.6284016557117731,0.628671161048269,0.6289234222518387,0.6291591325725749,0.6293785231133331,0.6295829459374597,0.6297721600983719,0.6299476725191587,0.6301093661827591,0.6302580775554502,0.6303940328367046,0.6305176181350277,0.6306297939441289,0.6307296307704482,0.6308186241002839,0.6308968361768159,0.6309638406746624,0.6310205606162318,0.6310672464969654,0.6311029309046032,0.6311288968817873,0.6311447922078726,0.6311509767877049,0.6311471080109462,0.6311331876314364,0.6311096074916693,0.631076172599262,0.6310327455459285,0.6309795961064286,0.63091592638322,0.6308422049595459,0.6307581640851374,0.6306636806699454,0.63055801285897,0.6304419042688951,0.6303142466006352,0.6301754546949341,0.630042182966747,0.629862620361155,0.6296872187420977,0.6294994235082968,0.6292990922867204,0.6290839294794146,0.628855393160311,0.6286122855382353,0.6283544932078713,0.6280807308730869,0.6277908586937931,0.6274846159183155,0.6271603556682701,0.6268182616536796,0.6264573178748374,0.6260767057999178,0.6256758843010084,0.6252535822410425,0.6248089196503375,0.624341330135337,0.6238500171916116,0.6233326383319057,0.6227906253801433,0.6222186498677688,0.6216190937297683,0.6209896724532405,0.6203291723139374,0.6196357407684374,0.6189078194632482,0.6181444077420082,0.6173434347786674,0.6165034964333116,0.6156226994836456,0.6146987541770725,0.6137302261382038,0.6127151271815323,0.6116516989007686,0.6105348397922113,0.6093650666975992,0.6081392669115425,0.6068549821433914,0.6055088315819642,0.6040981466097877,0.6026197157481537,0.6010708946504657,0.5994501033133351,0.5977477890206974,0.5959665659664186,0.5941002019590561,0.5921449517317792,0.590096598870365,0.5879509218676875,0.5857027832273082,0.583347895471278,0.5808824563881773,0.5782969446420028,0.5755900165459163,0.5727547280767905,0.5697848467999437,0.5666733116628101,0.5634147665938796,0.5600013170272795,0.5564256738108971,0.5526803157598558,0.548758332127701,0.5446486885985311,0.5403459931227512,0.5358402180272982,0.531115882336131,0.5261702348374486,0.5209903993115146,0.5155648439655892,0.5098827190406686,0.5039303593516085,0.4976960520335785,0.49116648642836,0.4843297532449926,0.4771655220603226,0.46966174608583855,0.4618034839771651,0.45357296415943965,2.0,0.43592345880127037,0.4264664290350978,0.41656216770160504,0.40618729409536636,0.3953215346533629,0.3839433411265882,0.37202183292161634,0.3595367382118603,0.3464610068897766,0.33276537505977405,0.3184212723157583,0.3033971884421094
0.014232012996167009,0.33782395351998623,0.3510714286018077,0.36416240456505355,0.37706143147412113,0.3896422925421982,0.40189915564037093,0.41386189357381464,0.42551619270345614,0.43686153346095385,0.447818656058881,0.45817481681549543,0.4681898287834414,0.4779360062552554,0.48697801284718834,0.4956550237218597,0.5040481045413633,0.511673083654369,0.5192500740284182,0.5259863613681571,0.5327116831420287,0.538755923527146,0.5444509973913844,0.5500778936114485,0.554953553153268,0.5596375612284509,0.5643232869885236,0.5684649027316155,0.5721315105948709,0.5757351536409204,0.579378015341189,0.5826652924355142,0.5856201079501255,0.5882891665696722,0.5907237223404578,0.5931778748773732,0.5956786902334885,0.5979836022884479,0.6000931490794262,0.6020290100455196,0.6038105892966334,0.6054546226551017,0.6069739607323075,0.6083818396100599,0.6096885173394951,0.6109039448071315,0.6121177637454114,0.6133853257884823,0.6146148354137134,0.6157612221155291,0.6168310037632032,0.6178306676488953,0.6187653984525602,0.6196406501884639,0.6204605863582745,0.6212293634257677,0.6219504987345473,0.6226273927257009,0.6232629240087195,0.6238600773470315,0.6244211305382974,0.62494815444893,0.6254435396360105,0.625909750261862,0.626347132073173,0.6267584189843767,0.6271449716509508,0.6275079476786676,0.6278483583681704,0.6281680547146054,0.6284674938802548,0.628747461741051,0.6290096646755297,0.6292545264551297,0.6294832180155578,0.6296954470047839,0.6298930426808362,0.630075493060123,0.6302442729395729,0.6303995386513211,0.6305423919645565,0.630671719204628,0.6307889629208027,0.6308946152780515,0.6309886622682309,0.6310713921960813,0.6311431661961938,0.6312082799100946,0.6312553814023315,0.6312956544057753,0.6313242924020127,0.6313438983654578,0.6313531272258185,0.6313524833349157,0.6313418604493742,0.6313210744066915,0.6312903590806551,0.6312496166923135,0.6311988966940079,0.6311376898325618,0.6310660978541118,0.6309839517992415,0.6308914090595831,0.6307881740006002,0.6306736764850898,0.6305478816275986,0.6304108773515875,0.6302617785393246,0.6301007749296885,0.6299268392047959,0.6297406190171538,0.6295408183204699,0.6293278093342878,0.6291002973982377,0.6288586432153286,0.6286016560674832,0.6283290192847122,0.6280401871470339,0.6277345234342416,0.627411664870017,0.6270708959550922,0.6267102697571114,0.6263303691748477,0.6259300692562415,0.6255083897033646,0.6250645920172171,0.6245977684451752,0.6241066531594074,0.6235901596622858,0.6230473777711479,0.6224772490871314,0.6218782575483501,0.6212494363056446,0.6205891001346245,0.6198959818827916,0.6191688862923277,0.6184056695869578,0.6176052808927647,0.6167655761462434,0.6158849017040386,0.6149623368451609,0.6139938687685325,0.6129782827292325,0.6119141034174745,0.610798484633072,0.6096293117508176,0.6084038971816571,0.6071195325489468,0.6057736576860887,0.6043630528086716,0.6028889794958194,0.6013365034921119,0.5997141207580831,0.5980138098719888,0.5962353447584137,0.5943664281073792,0.592411667881048,0.5903633387098397,0.5882175019488329,0.5859702014923661,0.5836167994926406,0.5811480589731336,0.5785709066894458,0.5758574055350049,0.5730220518973567,0.5700579602338217,0.5669413058655574,0.5636822370886354,0.56026947267403,0.5566937580925916,0.5529537526791731,0.5490297375830009,0.5449169103983234,0.5406132237126828,0.536140980146404,0.5313839793426407,0.5264396526434729,0.5212589331725579,0.5158336043223978,0.5101541752347335,0.5041999585028503,0.4979649594634661,0.4914355882257664,0.48460999879113054,0.4774330668675466,0.4699324154402822,0.4620741250549335,0.45384291741885935,0.4452213321462375,0.4361922886683902,0.4267366156084934,0.41683105754272154,0.4064565151221511,0.39559099024120686,0.3842103618247065,0.37229084598227097,0.3598077631918003,0.3467300522292133,0.3330350394502856,0.31869038451983395,0.303669332116665
0.013826221737646556,0.3296849489704168,0.34297548584559145,0.35612644482606165,0.3691027381742582,0.3818709860143577,0.3944046305732379,0.4066776146399705,0.41853519637594117,0.42998201704670314,0.4410934657504786,0.451887470938557,0.46229581281099147,0.47204039808184683,0.4814840262644477,0.49061065348668775,0.4989652076494784,0.5072237450306718,0.5147121883678863,0.5220840623139745,0.5286960436174017,0.535311314136356,0.5410775689203892,0.5468589877299831,0.5522096654250291,0.5569082829846754,0.5616686073741451,0.5661650602541626,0.5701192998424826,0.5736941367085887,0.5773581125601257,0.580885068997542,0.5840438118129267,0.5868885233921532,0.5894624115222628,0.5918689441160999,0.5943636153587343,0.5968056289804133,0.5990357191507028,0.601078928267632,0.6029558684749166,0.6046846524383448,0.6062811297969994,0.6077580518794612,0.6091273540556054,0.6103986930255387,0.611596816479261,0.6128304737217827,0.6141000107341174,0.6152979281941398,0.6164146419571074,0.6174575697826519,0.6184323228061491,0.6193444859428148,0.6201983055748711,0.6209988538587843,0.6217487673955069,0.6224528292379179,0.6231134991882618,0.6237340205029532,0.6243168579376736,0.6248646918505183,0.6253792444358157,0.6258629015574139,0.6263176804708944,0.6267443486522952,0.6271455332945864,0.6275224348646956,0.6278761101743622,0.628207780904185,0.6285185720848709,0.6288099027954823,0.6290820870172456,0.6293368460160037,0.6295740546091726,0.6297953440971197,0.6300009522907417,0.6301916608120582,0.6303673267833848,0.630529566148525,0.6306785543916389,0.6308144840777801,0.6309374585377502,0.6310484886660519,0.6311479016615171,0.6312355016804034,0.6313131034129755,0.6313775414682486,0.6314324638390343,0.631476456158418,0.6315097102036121,0.6315328656425401,0.631545882700842,0.6315486216579916,0.6315407496107206,0.6315230437655242,0.6314954151047266,0.6314571516998716,0.6314086327636044,0.6313500633150232,0.6312807667090342,0.6312010719234541,0.6311106945543732,0.631009208051449,0.630896890229185,0.630772629777181,0.6306372957072517,0.6304901987542266,0.6303306001011045,0.6301581832182569,0.6299733462769689,0.6297750699680118,0.629562995774748,0.6293372253281689,0.6290962299674363,0.6288408154161756,0.6285696781661787,0.6282811254609146,0.6279764349662773,0.6276543347993178,0.6273138954600919,0.6269546552877185,0.6265756872979839,0.6261760970199584,0.6257554969928082,0.62531230334345,0.6248460274947383,0.6243556278668192,0.6238396463563625,0.6232974099727812,0.6227276856107627,0.6221293108156388,0.6215011380447658,0.6208413441406436,0.6201486082384854,0.6194217087093191,0.6186590784997392,0.6178591583202727,0.6170198640680924,0.6161395547613552,0.6152172561941783,0.61424862853261,0.61323369779862,0.6121698272501307,0.6110545822890995,0.6098856858795381,0.6086604485568156,0.6073763329045806,0.6060306844425087,0.6046206959142962,0.6031428442887314,0.6015942390641016,0.5999720876927883,0.5982721305761899,0.5964912826962847,0.5946258771842825,0.5926700542302505,0.5906218426642159,0.588476455905991,0.5862288083825806,0.5838739742818752,0.5814074171445514,0.5788236076817806,0.5761169916872628,0.573282075232055,0.5703117573658508,0.5672009400935791,0.5639422707213602,0.560529019264834,0.556954076423541,0.5532087017782031,0.5492865708710272,0.5451774264564664,0.5408738365946147,0.5363663196631159,0.5316448252921293,0.5266996025004385,0.5215197042210419,0.5160941861975439,0.5104122009108822,0.5044600163183424,0.49822570731393323,0.49169637931635124,0.48485806707784085,0.47769449731535096,0.47019170759929385,0.46233376473447596,0.4541031951346755,0.445482599574862,0.4364536403140612,0.4269989231090161,0.4170920913424475,0.40671925714611923,0.39585248705634907,0.384471783968313,0.37255199041086323,0.3600710249401564,0.34699174968671714,0.3332962708115667,0.31895212269093826,0.303928375448727
0.013432000630554154,0.32138853642801557,0.33482060427516847,0.34814209295906956,0.36125901842045594,0.37411852159353437,0.3867504148866831,0.39912643226529226,0.41122380195494257,0.42302994855771103,0.4344857168330457,0.445388569094095,0.45592000063348886,0.466147482645751,0.4759381014735124,0.4850600320421745,0.4939982558670776,0.5023215568030321,0.5102098070492204,0.5177894107676051,0.5247562948842487,0.5314410212094077,0.5377622458077942,0.5434276749707145,0.5491728150298396,0.5542376042977506,0.5588851300116819,0.5636427367595588,0.5679267041415188,0.5717063221556079,0.5752719904873821,0.5789514630150977,0.5823357630451136,0.5853729887838288,0.5881134120504975,0.5905969531177223,0.5930213047171881,0.5955361750905878,0.5978969112047134,0.6000553061842993,0.6020347294532936,0.6038553607166324,0.6055334801677246,0.6070844236439094,0.6085200116036693,0.6098517293165396,0.6110892264171229,0.6122893676871523,0.6135433698047177,0.6147947627105553,0.6159618273754449,0.6170504346048038,0.6180671794029361,0.6190180565312192,0.6199076777852189,0.6207407190286,0.6215216101074278,0.6222539981563178,0.622941134811322,0.6235867163320162,0.6241921680548802,0.6247611431304474,0.6252955326395209,0.625798913395158,0.6262700279468828,0.6267134703803349,0.6271299792089026,0.6275209015945804,0.6278882684536118,0.6282326650138954,0.6285553851980711,0.6288578605790492,0.6291408363815338,0.6294055605720452,0.6296522509660133,0.6298822084462383,0.6300964578498569,0.63029495147464,0.6304782919835262,0.6306474295093941,0.6308029167207965,0.6309451747978745,0.6310746131335827,0.6311915472002847,0.6312961633106345,0.6313892739091727,0.631470872593247,0.631540726375674,0.6315996418654821,0.6316478221449171,0.6316853529582476,0.6317121994150086,0.6317286286963326,0.631734913136101,0.6317303386948647,0.6317158664634601,0.6316908244034469,0.6316556123652526,0.631609657227783,0.6315536116299836,0.6314869171529027,0.6314101792599944,0.6313210123828771,0.6312215290268494,0.6311109796259278,0.6309893654974627,0.6308551845955798,0.6307095376584116,0.6305515667686927,0.630381075562089,0.630197587425587,0.6300007686233215,0.6297903310192399,0.6295656671520111,0.629325724339593,0.6290710179356857,0.6288005854467303,0.6285140530286342,0.6282102526700045,0.6278901039238682,0.627549575291696,0.6271915885471605,0.6268130560498932,0.6264144346535773,0.6259944834725316,0.6255896013513768,0.6250862726796705,0.6245963880726233,0.6240811663169832,0.6235405425848956,0.6229705171421576,0.6223737329313601,0.6217447064592688,0.6210855225312932,0.620393452077605,0.6196670858147741,0.6189052870639036,0.6181052792711806,0.6172662111004008,0.6163868362772872,0.6154647522509382,0.6144963054339494,0.613481564771635,0.6124179482995474,0.6113030703963435,0.6101346203184062,0.608910180300446,0.6076255540266148,0.6062803751474642,0.6048701075041465,0.6034228032535551,0.60184470315778,0.600222393215439,0.5985225745713253,0.5967490872142489,0.5948759900435183,0.5929212882654649,0.5908731720798192,0.5887280328496068,0.5864802143425226,0.5841260213784361,0.5816592288258408,0.5790758047868689,0.5763690084282463,0.5735342425486571,0.5705641430270716,0.5674532477076584,0.5641949844257368,0.5607840949038202,0.5572063575192632,0.5534628530319263,0.5495390778858097,0.5454306673829374,0.5411271309698424,0.5366192543822773,0.5318978065194354,0.5269563162135242,0.5217730756808517,0.5163475668220692,0.5106650834996583,0.5047136766947387,0.4984793718736844,0.4919497697783305,0.485110999759538,0.47794787013652607,0.4704455002182836,0.46258740498744755,0.4543572969741117,0.4457364819103852,0.4367077510389793,0.4272508689949117,0.4173463593606651,0.406974084961256,0.3961077647045283,0.3847293053302346,0.37280630137603016,0.36032163877150003,0.3472465805500596,0.3335504133992831,0.31920763257964174,0.30418761500335323
0.013049019780144023,0.31310699868758096,0.32655192810608424,0.3399053818984344,0.3531312563685557,0.3661950269267336,0.3790651141963161,0.39168517919968887,0.403920654161384,0.4158354648618249,0.42743468289580233,0.438717260078264,0.4496700130508124,0.4600115504202449,0.46994452141998594,0.47962226626163795,0.488686924022673,0.4972611372188825,0.5056454565762551,0.5132039870876197,0.520746517502542,0.527424883174835,0.5341388815779761,0.5400851800910691,0.5458073356310302,0.5513675209669913,0.5561789141599367,0.5608851268250411,0.5655269916230131,0.5696139823361982,0.5732453981333482,0.5768655192768862,0.580482752493959,0.5837326694920133,0.5866552867212355,0.5892964659766546,0.5917174511875944,0.5941826277964053,0.5966708890455927,0.5989538396732281,0.6010437849798417,0.6029621493611154,0.6047281278985436,0.6063577040504454,0.6078644727089744,0.6092604937498493,0.6105563040478813,0.6117638058594563,0.6129823725156281,0.6142511318916386,0.6154706707492373,0.6166076533045343,0.6176687726610233,0.6186603710085891,0.6195877740001257,0.6204554504101002,0.6212684532373592,0.6220306880486863,0.622745435394236,0.623416019965128,0.6240458345098748,0.6246372940684686,0.6251924240576389,0.6257143530703652,0.6262041648508628,0.6266647099709063,0.6270970631569928,0.6275035754362747,0.6278844930468517,0.6282420512211718,0.6285775329640896,0.6288915053668351,0.6291855220745199,0.6294604947536232,0.629717789062624,0.6299567576293773,0.6301790669437012,0.6303858135149101,0.630577206404922,0.6307539103741977,0.6309165460761229,0.6310655569113887,0.6312008281549479,0.6313237117771757,0.6314343667089106,0.631532398631271,0.6316189046416418,0.6316937374297115,0.6317572757643187,0.6318097885342442,0.6318512670331398,0.6318824687043968,0.6319023953079962,0.6319117754724373,0.631910754858484,0.6319001370642787,0.6318773720332963,0.6318448706768326,0.6318020580887664,0.6317481469569801,0.6316840535361385,0.6316087396419712,0.6315226432597946,0.6314254306806434,0.6313171407774023,0.6311968472958591,0.6310650419509709,0.630921090525132,0.6307648111690274,0.6305957327265224,0.6304137426051946,0.630218612416746,0.6300092773054198,0.6297860556144874,0.6295473962465015,0.6292938523459368,0.6290246333549934,0.6287390641135162,0.6284365273364608,0.6281159962640874,0.6277775969189218,0.6274207114523837,0.6270427144723305,0.6266458554681992,0.6262254719792293,0.6257841048505444,0.6253192114805932,0.6248296738228398,0.6243151157872396,0.6237741584593086,0.6232077202072478,0.6226100006506687,0.6219811473026086,0.6213223421748895,0.6206310854500378,0.6199048747893898,0.6191428892728087,0.6183436690631541,0.6175052250412607,0.6166256222679083,0.6157044795123964,0.6147360608726538,0.613722284461246,0.6126588863743244,0.6115441769385519,0.6103756960355131,0.6091510471117259,0.6078679236638631,0.6065223484597855,0.6051125338612034,0.6036352894470609,0.6020872833933556,0.6004654649827629,0.5987656771821692,0.5969849702073795,0.5951195619667989,0.5931647227285182,0.5911177546405458,0.588971941034593,0.5867245671612548,0.5843706518792833,0.5819061851063427,0.5793204829482153,0.5766137571103572,0.5737790030263109,0.57080904902488,0.5676984030666831,0.5644400146054831,0.5610294387271716,0.5574519090494731,0.5537086052006884,0.5497846546185107,0.545675988180435,0.5413725771557875,0.5368660914785004,0.5321437551633038,0.5271986719024113,0.5220189378617541,0.5165936846264625,0.5109112296978585,0.504959507024455,0.49872564151928334,0.492196158866955,0.48535732739042536,0.47819417434417555,0.47069193946124643,0.4628338284556146,0.4546035119093031,0.445983039859824,0.4369541449286245,0.4274975618464505,0.41759351384185395,0.407218580858988,0.39645396888612466,0.3849729870442142,0.37305327094688207,0.3605738677364827,0.34749279419453244,0.33379735409347405,0.3194536086604853,0.3044292745829569
0.012676958697817228,0.3047901874454251,0.31834815535396743,0.3317960071660429,0.34506961248567825,0.35819806850027763,0.3711457983095529,0.3838806560375991,0.39637386739607605,0.40860426148979456,0.4205003981506841,0.43190651748966696,0.44295446183067516,0.45367644553751063,0.4640737552421024,0.47379765922080075,0.48314885676273334,0.49225607919284925,0.5005694866041925,0.508740776440742,0.516239540333556,0.523512536654176,0.5301286370797444,0.5366784021288281,0.5423981800214324,0.5481850317350612,0.5534515649763523,0.5581227116158177,0.5628936914836393,0.5673279041711294,0.571230875078157,0.5747947661303374,0.5784703897165494,0.5819556087551092,0.5850788257849618,0.5878925678165638,0.5904398233452505,0.5928461290488716,0.5953505442802525,0.5977689664109657,0.5999778065964273,0.6020021369461296,0.6038621004657779,0.6055757717719316,0.6071583393491692,0.6086224996053196,0.6099803703106446,0.6112409988863964,0.6124365747035758,0.6136752528307261,0.6149401741433518,0.6161281323631587,0.6172360130179534,0.6182708479808554,0.6192372031785622,0.6201416160778355,0.6209883529267967,0.6217817384622494,0.6225256571762438,0.623222858954426,0.6238776698649174,0.6244921001577632,0.6250695228286605,0.6256111910912446,0.6261205342543343,0.6265983851292006,0.6270480889948448,0.6274691885508246,0.6278652592145718,0.6282363645116857,0.6285846183156174,0.628911228760034,0.6292168719036733,0.6295021492814447,0.6297693158769644,0.6300183510547483,0.6302495938289681,0.630464817514837,0.6306646748588307,0.6308492966236892,0.6310184801090162,0.6311742032024974,0.6313160831025452,0.6314450319286637,0.6315626396985362,0.6316649226576634,0.631756662919173,0.6318364570122346,0.6319055970958506,0.6319620021626896,0.6320075299200447,0.6320428947184615,0.63206630144599,0.6320798993645711,0.6320821145259327,0.6320736997155947,0.6320548021376031,0.6320255814437726,0.6319851470572855,0.6319341745798743,0.6318726873114321,0.6317998286440426,0.6317161447719744,0.6316209461857785,0.6315164928410747,0.6313964250730402,0.6312666948398894,0.6311243299950953,0.6309698932939616,0.6308026086602992,0.6306220712141016,0.6304281504450713,0.6302204147612938,0.6299987959690571,0.6297616787842878,0.6295090442348832,0.6292413297111038,0.6289563009171323,0.6286547107279149,0.6283353307958579,0.6279979700563308,0.6276411949118212,0.6272651416490613,0.6268676631292897,0.6264492019926122,0.6260084390009037,0.6255444394091728,0.6250559314116109,0.6245419925906347,0.6240015760796094,0.6234335291628121,0.6228371615198168,0.6222100267175344,0.6215518373823702,0.6208606498243316,0.620135190192642,0.6193738506627748,0.6185754874487374,0.6177369223356171,0.6168577938223304,0.6159358999924655,0.6149689521513215,0.6139554251401333,0.6128924911731192,0.6117779381360664,0.6106098660287349,0.6093856669024738,0.6081023056897449,0.606759997922894,0.605350005521105,0.6038705895216345,0.6023228277338147,0.6007010445480117,0.5990017175868055,0.5972214676429978,0.5953557575818962,0.5934021199326822,0.5913542662944984,0.589209656939509,0.586962001009178,0.5846080594857781,0.5821414794167894,0.5795576479559388,0.5768515573095976,0.5740164701436299,0.5710481983412227,0.567936326753865,0.5646781004471768,0.5612651013567159,0.557690088657941,0.5539455807044742,0.5500240079609614,0.5459145120011077,0.5416112169518513,0.5371045673059551,0.5323825325842256,0.5274374675525394,0.5222612174479088,0.5168327252883177,0.511154374588904,0.5051990083504074,0.4989765408114326,0.4924356882861899,0.48559646875818274,0.478433504352451,0.47093137193521084,0.46307361597260455,0.45484286914212607,0.44622250609083314,0.43719423840155436,0.4277371675665774,0.41783370013573684,0.407477552163483,0.39659268597129577,0.3852127884219834,0.3732931355692641,0.36081742947635354,0.3477335631523258,0.3340370291866123,0.31969616749514546,0.3046700833941557
0.012315506032928256,0.2964103095333184,0.3099496629376731,0.32344580008409746,0.33686074086061646,0.35016078354066443,0.3633052852352879,0.37617359119138877,0.3887705467504049,0.40110520689661666,0.41315449818814853,0.42490503764239934,0.436346357021637,0.4472554339768844,0.4577129563612035,0.4678585957912156,0.47765748042358513,0.48672520374141465,0.495561487638904,0.5039250459108527,0.5116971801100183,0.5192914738822909,0.5261515733597473,0.5328650894932372,0.5390733537136533,0.544740632808564,0.550447581660192,0.5554343777829257,0.5600892674340688,0.5648247393055984,0.5690508781971416,0.5727818858519071,0.5763594286120692,0.5800282449601003,0.5833729383904727,0.5863762793639433,0.5890871777502353,0.5915478287101257,0.5939825784196766,0.5964941641193622,0.5988319060328373,0.6009698604273912,0.6029314448699734,0.6047349692059338,0.6063985170232143,0.6079357528504095,0.6093593762344667,0.6106797164219946,0.6119068057136955,0.6131100794458213,0.6143683819378536,0.6156105357584161,0.616767500956902,0.617847310136059,0.6188556218117289,0.6197983416419557,0.6206805031578145,0.6215069581568597,0.6222809395929945,0.6230062103240561,0.6236869762681224,0.6243258927562381,0.6249256770060884,0.6254891074342912,0.6260178928262998,0.6265144002271674,0.62698089807632,0.6274188604352846,0.6278297937274913,0.6282154084661234,0.6285772054996409,0.6289162763033621,0.6292335429114212,0.6295303582326226,0.6298078147755871,0.6300666194856337,0.6303076668309023,0.6305317642993361,0.630739591645154,0.6309318083485456,0.6311091317190936,0.6312719351154561,0.6314205856150801,0.6315560101511255,0.6316779839582687,0.63178766543118,0.6318844861112671,0.6319696457900111,0.6320427589472444,0.6321047886982832,0.6321546182838277,0.6321933968107694,0.6322213430364328,0.6322385138753268,0.632244350561361,0.632239844228413,0.6322239105609851,0.6321974310278575,0.6321599141511439,0.6321117549705343,0.632052845355214,0.6319826688391724,0.6319010946407619,0.6318093104929019,0.6317039622393648,0.6315879280455637,0.6314600102329826,0.6313196263164295,0.6311668858343734,0.6310011074252637,0.6308223809217692,0.63063019014296,0.6304235120083957,0.6302033961886598,0.6299674921020805,0.6297166308849033,0.6294492114532263,0.6291657972925008,0.6288653415834243,0.6285476088715369,0.6282107997411341,0.627855234524115,0.6274794332079316,0.6270835703671482,0.6266655683718597,0.6262254346147245,0.6257619917403454,0.6252741663307121,0.6247611132047366,0.6242218542339174,0.6236540883194388,0.6230580168200173,0.6224318177442802,0.621774045597071,0.62108343959344,0.6203587489258098,0.6195978904541183,0.6187993896947511,0.6179617758377318,0.6170828373912458,0.6161611099854417,0.6151949428625401,0.614181324214326,0.6131186971530408,0.61200456921457,0.610836790327052,0.6096128405222034,0.6083297654715111,0.6069850114110581,0.6055757585698914,0.60409896750794,0.6025514878490933,0.6009298074822034,0.5992306719358388,0.5974506265879286,0.5955852179388921,0.5936310234834077,0.5915838088034626,0.589438753424687,0.5871917110771706,0.5848376232779994,0.5823718238436949,0.5797881913676338,0.5770821555753395,0.5742473409616069,0.5712882923624097,0.5681673882844742,0.5649095608701498,0.5614962876226824,0.5579214626973871,0.5541771674674133,0.5502546697630395,0.5461464368408254,0.5418432098056034,0.5373356181882752,0.532614369023329,0.5276694161436389,0.5224901057955738,0.5170648627319717,0.5113824498773573,0.5054307005867045,0.499196913843559,0.49266760852909997,0.4858323526624784,0.47866596807051887,0.4711648626553059,0.463305741956753,0.4550754288315962,0.44645654291309933,0.43742624350944204,0.4279696170868875,0.4180651400881231,0.4076910011446756,0.3968255309507332,0.3854452412288985,0.3735254726958562,0.3610521605818937,0.3479653047257946,0.3342818795476495,0.3199263536893076,0.30490216112540725
0.01196435931223849,0.2880997823737758,0.301698841391567,0.31519091459721993,0.3286226469476348,0.3419585852973973,0.3551618266687785,0.3681972122371362,0.3810330832607471,0.3936419689049602,0.4059089192241085,0.41777483275561955,0.42931743916751497,0.440535997743601,0.4514449397421535,0.46180934077633157,0.47165897118302497,0.48124560780020476,0.4903527841975446,0.49882293251908044,0.5071746354805027,0.5146887381283214,0.5221768304270386,0.5288155084136377,0.5355013392892439,0.5413636300157155,0.5471133478861735,0.5525933815255581,0.5573513236675717,0.5620794187895976,0.5666680657310273,0.570700531503741,0.5743031604812312,0.5779405641882162,0.581525780954383,0.5847379212655855,0.5876280996617065,0.5902413899406951,0.5926523992339255,0.5951283179864927,0.5976002951369475,0.5998614024621108,0.6019313518413596,0.6038325202628098,0.6055824862893487,0.6071975609619099,0.6086910277947513,0.6100750357098654,0.6113598893007818,0.6125608325383616,0.6137834585118958,0.6150524086992847,0.6162619382623423,0.6173894031521681,0.6184415981697945,0.6194247559153316,0.620344019935673,0.6212046461470682,0.622010327795604,0.6227656213076931,0.6234738240077209,0.6241383303501561,0.6247615931165673,0.6253468649242777,0.6258965439029085,0.6264123070794569,0.6268968597923564,0.6273518895134444,0.6277787108993715,0.6281789810301399,0.6285548409817194,0.6289072349705974,0.6292365622409077,0.6295449702213984,0.6298333006766892,0.6301024421101417,0.6303535608304962,0.6305865448671285,0.6308030971678052,0.6310038738694551,0.6311886244812006,0.631358572192192,0.6315143587594924,0.631656175249004,0.6317845051475516,0.6318998825130806,0.632002446562116,0.6320926646802811,0.6321714140310152,0.6322373180963563,0.6322918881583827,0.6323355270007878,0.6323670921027317,0.6323878162012148,0.6323975470474953,0.6323965526878785,0.6323840850235289,0.632360567996275,0.6323268830146771,0.632281802867871,0.632224530568307,0.6321568886376117,0.6320780793813593,0.6319875054768661,0.6318858968653094,0.6317715508340381,0.6316456508096027,0.6315071687923638,0.6313563375564268,0.6311923248945255,0.6310150594973788,0.6308243522711029,0.630619441523248,0.6304000838718758,0.6301660092345559,0.6299160116386304,0.6296506665044601,0.6293684144549451,0.6290688354902557,0.6287518589007601,0.6284163178161944,0.6280614899369994,0.627687282006767,0.6272917813739303,0.6268747904357543,0.6264354506218408,0.6259729516895435,0.6254857936823918,0.6249732053828182,0.6244344596623276,0.6238675666995149,0.623272091492705,0.6226462547321095,0.6219891489221904,0.621299089099351,0.6205746727898638,0.6198143711914073,0.6190163658451694,0.6181790100192757,0.6173009278113601,0.6163795647868355,0.6154134882981017,0.6144003747647206,0.6133383739223411,0.6122245990527914,0.6110569930163774,0.6098333572543898,0.6085504774448932,0.6072060834302683,0.6057972152305036,0.6043206374827945,0.6027732154451024,0.6011519389425751,0.5994532036800352,0.5976729784262513,0.5958078465620479,0.5938540391108769,0.5918073326742388,0.5896619649715136,0.587415002588005,0.585061185856183,0.5825951532231689,0.5800125976979114,0.5773065377659371,0.5744713434646237,0.5715020580971665,0.5683918405859759,0.5651335838534,0.5617209510915457,0.5581460821446692,0.5544015563607968,0.5504796065240549,0.5463711178373165,0.5420679935755115,0.5375607197621425,0.5328396580581127,0.5278945859151019,0.5227152950042806,0.5172902019824649,0.5116078468090793,0.5056563678168748,0.4994225440978539,0.49289322107962596,0.48605472940928696,0.4788930200173924,0.47138936862086855,0.4635378258388333,0.45530127674901294,0.4466826022183894,0.43765219336498973,0.42819582624008523,0.41829200644064,0.40791703076554064,0.39705158308914895,0.3856711772558445,0.37375153752165474,0.36126740556221215,0.34819175450814827,0.33449619268151526,0.3201525976905713,0.30512839520789115
0.011623224686798524,0.2796645829789792,0.29324120087779315,0.3068200196533076,0.32036562783971234,0.3338410344563795,0.3471368366838489,0.36024159009673334,0.3731602012266395,0.3858597834939884,0.39831147442051607,0.41049329442916843,0.42238455796369506,0.4337974739259248,0.4447797283646971,0.45542789174054055,0.4657786412344491,0.475515323314944,0.4847726939321569,0.4938320273575961,0.5021313479911212,0.5101924925621374,0.5177223064140126,0.5248770608992309,0.5315147999068379,0.5379827058939161,0.5436697357065392,0.5494489678542592,0.5546318705898923,0.5592854985808369,0.564057725569523,0.5684299481978686,0.5722816044328767,0.5758401235277273,0.5795220072474473,0.5829652524350006,0.5860527417750944,0.5888357507796743,0.5913563238047401,0.5937660530738432,0.5962766589573202,0.5986709607870663,0.6008584205661043,0.6028635288783816,0.6047066958648272,0.606404869864725,0.607973277476084,0.6094249881277022,0.6107707361820329,0.6120206731078275,0.6132152506323287,0.6144585637307375,0.6157176565942422,0.6168956001409203,0.6179941633793551,0.6190199099855277,0.6199782328827282,0.6208751264232197,0.6217144047754786,0.6225002124025645,0.6232370398351283,0.6239283018511358,0.6245763915233138,0.6251849081452265,0.6257560017761858,0.6262918713113433,0.6267951292920296,0.6272676921187155,0.6277109242572334,0.6281270706166389,0.6285175057965012,0.6288832872129818,0.6292253096013176,0.6295459441654776,0.6298457924400401,0.630125645304638,0.6303868991493519,0.6306292004104728,0.630854898299234,0.6310636309742842,0.6312569086816567,0.631434832039113,0.6315971200065986,0.6317457126925481,0.6318806124830614,0.6320021244167995,0.6321104169947179,0.6322061846569574,0.632289694324061,0.6323607646921817,0.6324207099896382,0.6324688565328865,0.6325039439663614,0.6325286645273539,0.6325421876540523,0.6325444869482069,0.6325356194560736,0.6325155386592909,0.6324843483102905,0.6324419425631306,0.632388272183074,0.6323237286657822,0.6322471548628237,0.6321589762256434,0.6320591103825367,0.6319474154461191,0.6318234011116498,0.6316869300409627,0.6315379497854473,0.6313757274913802,0.6312002501789858,0.6310111729264846,0.630808034503709,0.6305899676200319,0.630357136765671,0.6301088240156275,0.6298444278410221,0.6295634546041533,0.6292651613546533,0.6289493245627256,0.6286146508916336,0.6282611133868539,0.6278873916933556,0.6274929210792425,0.6270772220702533,0.6266385367974332,0.6261766504248284,0.6256902264482921,0.6251787384314503,0.6246402550274284,0.6240742681537933,0.6234793106530117,0.6228541527349039,0.6221976859901945,0.6215080319147034,0.6207844635565555,0.6200244153206428,0.6192269851808925,0.6183902576340938,0.6175122861025771,0.6165914816913701,0.6156255970742723,0.6146129761935454,0.6135511064323163,0.6124376905475442,0.6112705060405683,0.610047450584049,0.6087647379725749,0.6074205709366056,0.6060119887988826,0.604535634689824,0.60298842256485,0.6013673215001414,0.599668854433568,0.5978887645694031,0.5960240205970224,0.5940700500419378,0.5920231409209628,0.5898785261074081,0.5876318411801544,0.5852780517204983,0.582812344560618,0.5802293628970799,0.5775235517548145,0.5746893318247159,0.571719889901459,0.56860949123069,0.5653515911698754,0.5619387986813241,0.5583649198707961,0.5546198724036465,0.550697880367181,0.5465895140175014,0.5422864170291807,0.5377797521728351,0.5330582389417776,0.5281136956430379,0.5229343604818014,0.5175091649952045,0.5118269383235181,0.5058751907588221,0.4996415181385755,0.49311244219950967,0.4862736915799851,0.47911117486840216,0.47160887302781906,0.4637510973827782,0.4555213074700844,0.446900865795018,0.43787286442217777,0.4284152018499463,0.4185104899218778,0.40813699459054587,0.3972712218444275,0.3858926098615793,0.37397117321872725,0.36148701027136887,0.34841133521289375,0.33471609278636966,0.32037196851522604,0.3053484449499786
0.011291816686047524,0.27138341667697186,0.2849221617891161,0.2984637451842909,0.31199447505444144,0.3254771034183696,0.33887449628350946,0.35215113668911296,0.36527272985193715,0.3781839569284604,0.39076216449160317,0.40305362578495857,0.41505347384667185,0.4267467053538957,0.43813292142666255,0.4490842165205119,0.4594700296102652,0.46953182390123743,0.4793063929763253,0.48835133024969235,0.49708222311223216,0.505473905605371,0.51314110852021,0.5207297821013971,0.5275011865643879,0.5342274619192056,0.5403234013242929,0.5460060783287174,0.5516616476321125,0.5565711618299894,0.5612435461111558,0.565947200384263,0.5701151866276938,0.5737999175869614,0.5773936259298426,0.5810459433636878,0.5843509909778422,0.5873203432622548,0.5900019190778483,0.5924421655824119,0.5948883929624436,0.597392492423982,0.5997073282087713,0.6018248087821645,0.6037673923762987,0.6055549998686951,0.6072032182538528,0.6087268628644085,0.6101377071367059,0.6114467334951359,0.6126635429830419,0.6138705858890833,0.615133091107324,0.616364400942852,0.6175118205255146,0.6185823561961595,0.6195821055722003,0.6205169074142246,0.6213909267821104,0.6222098108047625,0.6229763990816092,0.6236955339457547,0.6243696694100811,0.6250021798765651,0.6255962758531242,0.6261528061523183,0.6266754813056687,0.6271668983664815,0.627627097949989,0.6280588931487674,0.628464666245523,0.6288440837239015,0.6292004417594017,0.6295333689704614,0.6298450649031867,0.6301356012951717,0.6304070284986166,0.630659700141314,0.6308949150915582,0.6311122564650495,0.6313135984938337,0.6314991444797886,0.6316695538938426,0.6318250449713284,0.6319669718864772,0.6320943539690345,0.6322085308572939,0.6323109325596576,0.6323988584238367,0.6324750591200777,0.6325393141518615,0.6325914141109795,0.6326319102182296,0.6326610352459479,0.632678206370498,0.6326841277341518,0.6326788527544566,0.63266227082802,0.632634372998514,0.6325949662569462,0.6325441026490669,0.6324819930017294,0.6324079702779813,0.6323223982956832,0.6322250736012165,0.6321154717076941,0.6319940307874119,0.6318595174591235,0.6317122858850885,0.6315520919975629,0.6313782578625416,0.6311909186953477,0.630989166003148,0.6307725898980929,0.6305413758056113,0.6302942437219251,0.6300311501586441,0.629751422233347,0.6294545159578901,0.629139591743907,0.628806428672881,0.6284535094971248,0.6280811731679907,0.627687688532743,0.6272723848547818,0.6268347265493562,0.6263737576606744,0.6258881007484302,0.625377163952137,0.6248396532765205,0.6242742390665114,0.6236799977754529,0.6230554735469674,0.6223994516526373,0.6217103876394783,0.6209872233495889,0.6202277049724053,0.6194308921415876,0.6185947809472234,0.6177170258391939,0.6167965530204225,0.6158315547035571,0.614819082328701,0.6137579117482096,0.6126445565375878,0.6114776573193879,0.6102544889724593,0.6089723951773236,0.6076285160547981,0.6062200939714035,0.6047440862465575,0.6031972461200648,0.6015764147866819,0.5998780600817721,0.5980986568284488,0.5962338330967998,0.5942800770317327,0.592233275167612,0.5900887061783078,0.5878422036898147,0.5854892081676453,0.5830231103158681,0.5804402845923452,0.5777344468683422,0.5749001325855665,0.571931002219778,0.5688208759489616,0.5655630489624937,0.5621506251139516,0.5585758721266948,0.5548316002069209,0.5509096019129628,0.546801511861788,0.5424986262692953,0.5379917486110489,0.5332705157989868,0.5283256943564418,0.5231466258151116,0.5177215812967897,0.5120396130841717,0.5060886944749765,0.4998549642179876,0.4933263106740974,0.4864867094010863,0.47938635481448855,0.4718277139567917,0.46396393397205815,0.45573366612446337,0.44711368932771156,0.43808647105099363,0.4286352050717467,0.41876319913746074,0.4083502302450418,0.3974845555969248,0.38610443832378544,0.3741848847868448,0.3617005533100669,0.348624773700633,0.33492960875750627,0.3205904434641354,0.3055617035935404
0.010969857978923836,0.26293516638028747,0.2764936561966256,0.2900997083080474,0.3037180398404329,0.317251489592633,0.33066948756187725,0.3439868296749314,0.35716655648264073,0.3701721463726716,0.3829727665971723,0.39553977473180707,0.4078314774539438,0.41968412613054906,0.4311682322704969,0.4423209234495934,0.45315770623901674,0.4635633664542245,0.473336526140618,0.48282897257942725,0.4919588710877467,0.5003444940363874,0.5086396337522988,0.5161315741500715,0.5235452924705885,0.5301612203236536,0.5368031215139534,0.5425954936790267,0.5483699455575932,0.5537605160599055,0.5584742450346314,0.5632254102011045,0.5677512194828958,0.5717290659986995,0.5753097097759593,0.5789642660319856,0.5825103621117107,0.5856852460014627,0.5885429043347428,0.5911280163151785,0.5935331680684462,0.5960205979739356,0.5984718196374417,0.6007104345540145,0.6027608091127495,0.6046438263777203,0.6063778949102225,0.6079782635498403,0.6094587224933374,0.6108304462722999,0.6121038640944928,0.6133000438566985,0.6145272511258594,0.6157941332742481,0.6169932420709222,0.6181110100488847,0.6191542438643654,0.6201289945515523,0.6210399607882532,0.6218925715356239,0.6226910084772481,0.6234393732336725,0.6241405681119561,0.6247984397258822,0.6254155705241936,0.6259944896550917,0.6265382492232052,0.6270477075798071,0.6275260384560776,0.6279749595921267,0.6283961315801102,0.6287905575304326,0.6291603004677362,0.6295064553189985,0.6298307709990313,0.630133133145164,0.6304152647589342,0.6306782555771805,0.630922651486236,0.6311492098933607,0.6313595499319017,0.6315533480720894,0.6317307686141754,0.6318941873377024,0.6320421722245985,0.632176501577149,0.6322973805489628,0.632404283852748,0.6324986489913992,0.6325799777136905,0.6326491434971968,0.6327065072290123,0.6327515148809314,0.6327843355565765,0.6328063649450079,0.632815587726699,0.6328138165040897,0.6328009311365629,0.632775804774905,0.6327397253518977,0.6326920287871729,0.6326325700724399,0.6325619934595762,0.6324783394998374,0.6323833378124674,0.632276323705917,0.6321573534884224,0.6320243329254119,0.631879337844808,0.6317208681121343,0.6315490930960338,0.631363107693307,0.6311630766116595,0.6309483170683895,0.6307183634022765,0.6304730821919744,0.6302113216715638,0.6299327284985483,0.6296370796006983,0.6293232897967599,0.6289911299042396,0.6286395282178562,0.6282677226098919,0.6278755208232859,0.6274611312415413,0.6270244233421611,0.6265640438511891,0.6260793236224164,0.6255696851970436,0.6250327670283367,0.6244676298253516,0.6238742264144425,0.6232501443229216,0.6225948082137834,0.6219064666907426,0.6211834602945516,0.6204247745278048,0.6196281674305495,0.6187929769041501,0.617915644235476,0.6169954118061046,0.6160305331661512,0.6150186830803179,0.613957546772095,0.6128451654396222,0.6116783323570261,0.6104556730956947,0.6091736854044875,0.6078304222472938,0.6064221621640735,0.6049465204352109,0.6033999618448549,0.6017792151658893,0.6000808356600045,0.5983015193061834,0.5964370015727514,0.5944837234831826,0.5924371406794093,0.590292811874812,0.5880469649081944,0.5856931116096205,0.5832275226322,0.5806449996006551,0.5779392861725072,0.5751050495919091,0.5721365966835734,0.5690262565532413,0.5657688683890083,0.562355999019017,0.5587814561112692,0.555037599507049,0.551115825612228,0.5470077447173005,0.5427046052255994,0.5381977303044999,0.5334767918611422,0.5285324110306032,0.5233719448183111,0.51792806124275,0.5122459790159861,0.5062945669223815,0.5000609175361193,0.49353190203672026,0.4866935637816514,0.47953071636732936,0.47202863687937313,0.4641712788555372,0.45594088011743433,0.44732056984613044,0.43829218087788724,0.4288358543027485,0.418930892455874,0.4085577446531453,0.39769172283744975,0.3863114785011043,0.3743920378894314,0.3619080383432657,0.3488321439350392,0.33513688179120066,0.3207933148190228,0.30576908593195273
0.010657079141786952,0.2546817873968168,0.2681481514523497,0.2816851078863896,0.29525664388427575,0.3088268111549139,0.32235937243560114,0.3358172095999346,0.3491571877288727,0.3622606551958152,0.3751488782916521,0.387811873479554,0.4002206730186297,0.41235275048178344,0.42419482571478767,0.43564988048067377,0.446572631974132,0.45714561598534403,0.46741748069448924,0.47719736611462815,0.4863589388319176,0.49534320113090907,0.503654395663,0.5115979649767598,0.5191647958685177,0.5261877808989709,0.5328583692594974,0.5392280224117713,0.5448963012219307,0.5506548001672857,0.5557547489488152,0.5604011388560562,0.5651648798519191,0.5694749872491903,0.5732757655322867,0.5768362119541781,0.5805170563245893,0.5839186476273021,0.5869705542125568,0.5897225249976017,0.5922161288299098,0.5946333862470009,0.5971461845689817,0.599516266889255,0.601682268014008,0.6036683382234339,0.6054941885197314,0.6071766926867274,0.6087309460401228,0.6101696739049934,0.6115035125169704,0.6127425108732278,0.6139377330819529,0.6151849026820049,0.616436865968346,0.6176049077324072,0.6186938637106922,0.6197102903910924,0.6206605077152582,0.6215491530722292,0.6223805249341772,0.6231596499328882,0.6238890235812317,0.6245730314305765,0.6252150295914664,0.6258169501732856,0.6263815594259302,0.6269113227928543,0.6274082524303786,0.6278748328501201,0.6283122856757755,0.6287219620288567,0.6291065985811679,0.6294658205292311,0.6298023368878355,0.6301168182230816,0.6304103533044845,0.630683887385682,0.6309386160314431,0.6311750849500544,0.6313936118040722,0.6315956189810779,0.6317817876281863,0.6319523627483974,0.632107539034598,0.6322487796650071,0.6323755310247624,0.632489207630503,0.6325889308998515,0.6326759880622101,0.6327503051645519,0.6328119615240986,0.6328619899821476,0.6328991904276956,0.6329248850122495,0.6329388758593079,0.6329405595025338,0.6329311866971423,0.6329098081617315,0.6328766691302977,0.6328320989784691,0.6327754477125518,0.6327085314777627,0.6326279918008383,0.6325343943988496,0.6324294848147566,0.6323129069345818,0.6321822601265964,0.6320390321946592,0.6318826653311617,0.6317127682908625,0.6315286562614217,0.6313304573716855,0.6311170752028801,0.6308886696449003,0.6306446155236641,0.6303843507748604,0.6301076040624354,0.6298130423596511,0.6295001681773562,0.6291693129840031,0.628818855504431,0.6284480458274727,0.6280567037210742,0.6276432978866463,0.6272076868491442,0.6267510520361824,0.6262644266739099,0.6257548793434802,0.6252196290195354,0.6246547478874717,0.6240617760905951,0.6234387844091435,0.6227839273494488,0.6220960618008844,0.6213737827870992,0.6206153464029804,0.6198196218517064,0.6189842825290532,0.6181077079596387,0.6171882760955472,0.6162236856195287,0.615212308473759,0.6141514381297052,0.6130393791379948,0.6118730514301349,0.6106505357759153,0.6093700203277505,0.6080258589519664,0.6066182557895762,0.6051425959929804,0.6035964991045998,0.601975746086313,0.6002778857740769,0.598498648079962,0.5966344989836652,0.5946812246968525,0.5926347228443695,0.590490697974319,0.5882445858981944,0.5858913833012142,0.583427633367761,0.5808436887822701,0.5781383133864523,0.5753040159088725,0.5723373021891991,0.5692253901033254,0.5659678131287826,0.5625559233588755,0.5589813822937982,0.5552371534483943,0.5513158243532135,0.5472075060299005,0.5429083167606499,0.538397824018601,0.5336770296607067,0.5287323851764688,0.5235537473651858,0.5181503550292375,0.5124464380304936,0.5064965321791017,0.5002644948463659,0.4939608301968481,0.4868948190663278,0.4797315058786862,0.47222972722982315,0.4643718252690504,0.45614178548631806,0.44752170428767724,0.4384929451971281,0.42903674761068666,0.419132228753029,0.4087595460766609,0.39789350813210606,0.38651264099234245,0.37460710340143183,0.3621093696872929,0.34903350049783627,0.33533823999134665,0.3209941962521428,0.3059716525523114
0.010353218432956621,0.24628382923564418,0.25977276999889154,0.2733520027997964,0.2869594176507324,0.3004962086061444,0.3140174788809588,0.3274860760130948,0.34086520397337283,0.35411758062214005,0.36720947855455544,0.38010962067981463,0.3927245752972807,0.4049750014084461,0.4169236577219137,0.42855896268911153,0.43987936811222794,0.4508455514388607,0.46119438788604566,0.4711708201458813,0.480888290035123,0.4899416080196854,0.4985652871094779,0.5069587809377262,0.5145455783771115,0.522107124986364,0.5288092403019453,0.535531289217222,0.5415188504850771,0.5472283583172431,0.5528193365555127,0.5576568906273575,0.5623521723345118,0.5670144377758164,0.5711243510510019,0.5747690095647375,0.5783801931740913,0.5820084065839863,0.585273801294387,0.588209447212039,0.5908613100416267,0.5932855747588364,0.5957430824550354,0.5982357170952411,0.6005271849965171,0.6026238988676696,0.6045480705831868,0.6063190170071361,0.6079522991871373,0.6094619777942069,0.610860124073789,0.6121575548905286,0.6133650516566727,0.6145766389514563,0.6158411452797603,0.6170616897808957,0.6181992131551918,0.6192601152766803,0.6202511018043129,0.6211774490289145,0.6220436211482899,0.6228542890228731,0.6236138609542627,0.6243258345834618,0.6249930356724284,0.6256191171220514,0.6262062999698215,0.6267566134795595,0.6272732419888087,0.6277578152443433,0.6282122508690811,0.6286383027387081,0.6290375030291607,0.6294110476918592,0.6297607590036737,0.6300880072823364,0.6303929281334353,0.6306775258361548,0.6309426705991131,0.6311889266597799,0.6314169897800136,0.6316277871034033,0.6318217761501598,0.6320001214058257,0.6321630553315062,0.6323108496342533,0.6324447725262701,0.6325641046361259,0.6326699947244074,0.632762909596231,0.6328421609160084,0.6329094692521241,0.6329635681134597,0.6330057029977711,0.6330357409584492,0.6330533546267287,0.6330592449473674,0.6330533073829184,0.6330357190017565,0.6330058543480415,0.6329652475761353,0.6329124165801111,0.6328459980000626,0.6327679702637579,0.6326779829780041,0.6325756746000274,0.6324618319411646,0.63233288655472,0.6321918561496879,0.6320375224594676,0.6318693414174863,0.6316871951822256,0.6314907900878582,0.6312795062465117,0.6310524456668426,0.6308097963864586,0.6305510812996696,0.6302754824255276,0.6299819976834672,0.629670735468804,0.6293407958579659,0.6289916733077888,0.6286219865329022,0.6282315423344899,0.6278192038768119,0.6274170021158637,0.6269258530809929,0.6264427520007105,0.6259341866537972,0.6253987607272409,0.6248357108129615,0.6242434741830629,0.6236209647839916,0.6229670500728746,0.6222798253909094,0.6215579678798686,0.6208000052086935,0.620004760850582,0.619169968424805,0.6182941857833645,0.6173749375501081,0.6164107510060363,0.6153997147119902,0.6143392772735672,0.6132282134797336,0.6120616128391911,0.6108745281627617,0.6095586022863445,0.6082157394582751,0.606807939994031,0.6053329335253911,0.6037867582261381,0.6021666712905237,0.6004688350670283,0.5986906295338305,0.5968259757279963,0.5948729506760928,0.5928268865000167,0.5906829608445793,0.5884368493570095,0.5860839316017458,0.5836187970580599,0.5810364687556269,0.5783748305534584,0.5754973160047105,0.5725285284633669,0.569418900838151,0.566161764210384,0.5627496583982373,0.559174987913494,0.5554675611924024,0.5515096021942087,0.5474016295214028,0.5430989431694947,0.5385924494241788,0.5338713890699806,0.5289267695623788,0.5237482337530842,0.5183233673581978,0.5126414476046872,0.5066899210436493,0.5004564148824134,0.4939275913074168,0.4870896918506954,0.4799356895343476,0.47245218093591845,0.4645688737511403,0.45653326846834136,0.44771708692294265,0.4386884496639779,0.42923744855581514,0.41932756387039904,0.4089538250075859,0.3980888082318507,0.3867083313707101,0.3747889703318747,0.36230495292429765,0.3492289629884823,0.33553384887876087,0.32118982717537164,0.30617255523970877
0.010058021573680418,0.23807595126038497,0.2514418597649994,0.26492101270353596,0.2784785465467178,0.29207931240767865,0.305688406883599,0.31926606508719024,0.3326952280862689,0.3459930108907974,0.35914741575654024,0.37212313331877367,0.3848868347771649,0.39741090396325035,0.4096738058898982,0.4215633089705952,0.43299050409004175,0.4440758724082903,0.45483722469866283,0.4652484159314097,0.4749815838304596,0.4843774153770577,0.493499444054678,0.501829984852739,0.5100435478712636,0.5175362124878068,0.5248553050283186,0.5314673618777992,0.538047624659386,0.5437850483926107,0.5495709368289131,0.5548728585261531,0.5595530949220096,0.5643198901792866,0.5687798961986055,0.5727035736986802,0.5762694588715309,0.5799392391952449,0.5834415294008083,0.58657862050136,0.5894043450551116,0.5919612141870348,0.5943640758238886,0.596862435907526,0.5992894521212825,0.6015058798730969,0.6035364066400781,0.6054014853584715,0.6071192073286459,0.6087048321958148,0.6101718267265166,0.6115310223119802,0.6127929806916278,0.6139857294755935,0.6152172257590446,0.616480594260022,0.6176692564748002,0.6187769202531528,0.6198110397957977,0.6207765904924161,0.6216793468215909,0.6225241194769265,0.6233149440962102,0.624055801949607,0.6247499382771324,0.6254010126931673,0.6260111828105587,0.6265837327482711,0.6271204621580069,0.6276241128041367,0.6280961346545528,0.6285391475234293,0.6289538267688195,0.6293422906882606,0.6297058162583364,0.6300452915665099,0.6303627239497784,0.6306592433404473,0.6309345375606307,0.6311910199505767,0.6314284303775002,0.631648596292885,0.6318512283598353,0.6320377075128234,0.6322079825818846,0.6323635972038206,0.6325036024910079,0.6326296842593369,0.6327417709121653,0.6328405901792606,0.6329252834038309,0.6329975176640121,0.6330572616591253,0.6331037603703379,0.633138438465639,0.6331600035985419,0.633170060779171,0.6331681707900348,0.6331536796582518,0.6331274762264774,0.6330897361210321,0.6330393349893462,0.6329763619997725,0.6329015947706654,0.6328158961806034,0.6327146309736057,0.6326023314215301,0.6324764722884916,0.6323379634238386,0.6321857092063226,0.6320193668528945,0.6318391240418945,0.631644328201959,0.6314345401159424,0.6312092938121215,0.6309683082819404,0.6307115614611079,0.6304365790951906,0.6301450686179574,0.6298351620280422,0.6295062542596414,0.6291584597603823,0.6287901372067329,0.6284002699842055,0.6279890368901935,0.6275552779792466,0.6270975274487002,0.6266155636356942,0.626107447818054,0.6255730790739508,0.6250106733353383,0.6244198675783728,0.6237973026400553,0.6231435995746807,0.6224571344351773,0.6217362420185151,0.6209812318873675,0.6201841982297854,0.6193496807757815,0.6184742609660678,0.6175556846876167,0.6165931718346693,0.6155848957145502,0.6145213695171973,0.6134099964992646,0.6122446946889724,0.6110227075996005,0.6097419017500524,0.6083993564289852,0.6069922333637201,0.6055174436146291,0.6039714277811523,0.602351611194116,0.600654262022913,0.5988757381023813,0.5970121735859867,0.5950590297554441,0.5930135021379324,0.5908696141113892,0.5886237456432332,0.5862706686319156,0.5838058339347981,0.581224155199509,0.578518445678022,0.5756848664646875,0.5727161123732357,0.56960682335522,0.5663495637225595,0.5629375071888447,0.5593640384775472,0.5556217475137518,0.5517090156284075,0.5475899855740354,0.543287371991052,0.5387829480734124,0.5340605701556489,0.5291156062697184,0.5239367206176748,0.5185128392441497,0.5128305536678622,0.5068896480776133,0.5006462827507006,0.4941181130730772,0.48728266426120315,0.4801159415630676,0.47261684216016064,0.46475673882705715,0.45653235913112006,0.44790712315858694,0.4388802215365333,0.4294222761446992,0.4195193684666437,0.4091436954865444,0.3982782128046138,0.38689824441423254,0.3749790052616018,0.36249463839191776,0.34942052276372587,0.33572403926040656,0.32138138268630684,0.30635646785894743
0.009771241535346491,0.2297682437382629,0.24313870014774186,0.2566401620825445,0.27015187306024213,0.28368707835979645,0.29725340411284873,0.31081359618051096,0.3243316372187011,0.33777085843965066,0.35109562067309047,0.3642466649496823,0.37711459495889876,0.3897399891914844,0.40210445705989306,0.4141860300499181,0.425969356109893,0.43743008397983296,0.4483370845969715,0.45883262523388907,0.46901882593861616,0.47882202655446016,0.4879118270344452,0.4967946362568688,0.5051425778024535,0.5129649443031937,0.520556798621063,0.5274596210475391,0.5341627092485498,0.540417970126836,0.5460822170163403,0.5518059971301361,0.5568240456749374,0.5614739189153221,0.5662183986434561,0.570467587747859,0.574217402161675,0.5777871686523446,0.5814596843683223,0.584819969354263,0.5878356245395642,0.5905570478560734,0.5930246247102791,0.5954521804047063,0.5979634018176322,0.6003090347120471,0.6024536904682161,0.6044205722260232,0.6062288884667596,0.6078957667227023,0.6094354311899535,0.6108609140136582,0.6121829013075738,0.6134105800620302,0.6146076547777667,0.615859838276223,0.6171021477977484,0.6182596851865754,0.6193389216264347,0.6203460734372259,0.6212873881563445,0.6221675932381286,0.6229914592126038,0.6237623371487997,0.6244850086361131,0.6251618971963648,0.6257965515687586,0.6263917942806063,0.6269497688905981,0.62747379497087,0.6279637902991433,0.6284237562978469,0.6288549584281589,0.6292592241328894,0.6296363941569136,0.6299897726667366,0.6303196979464463,0.6306276527915827,0.6309143918354162,0.6311815590384354,0.631429245129814,0.6316583344585506,0.6318698038291283,0.6320645940920471,0.6322434031004652,0.6324056748122577,0.6325531423386727,0.6326858286542967,0.6328043103297035,0.6329087282728849,0.6329995476083966,0.6330782664481085,0.6331419687755225,0.6331931754309085,0.6332321691026671,0.6332587218275436,0.6332728799150971,0.633274553622747,0.6332641800906591,0.6332428873719387,0.6332066581128355,0.6331598963795029,0.6331001629502958,0.6330281576810758,0.6329436850811558,0.6328465214320936,0.6327369894303903,0.6326133882829491,0.6324773666574828,0.632326680584794,0.6321626812042466,0.6319843673418041,0.6317914605386383,0.6315834558634189,0.6313600103883595,0.6311206683900545,0.6308650456970375,0.630591827501603,0.6303015327471903,0.6299928771356365,0.62966543142971,0.6293185008018063,0.6289513179684089,0.6285630607394823,0.6281529803828574,0.6277196464189352,0.6272629889742162,0.6267823518920325,0.6262749736236574,0.6257411963240956,0.6251793764432924,0.6245887078986865,0.6239677253048194,0.6233147663172282,0.6226289919250703,0.6219085313403363,0.6211522499554876,0.6203573659486893,0.6195236257052397,0.6186487233469238,0.6177306692535411,0.6167675566497046,0.6157572844991277,0.6146979813250398,0.6135868972964399,0.6124219684266785,0.6112002068418122,0.6099208509039166,0.6085778516190682,0.6071705404099954,0.6056959731997127,0.6041507498212741,0.6025319782756712,0.600833777984784,0.599055411517692,0.5971920316266829,0.5952395894370726,0.5931938481577621,0.591050129893735,0.5888045230880316,0.5864519464663979,0.5839891960093556,0.5814050449251134,0.5787002490009047,0.5758672763509679,0.5728981955364735,0.5697902451102793,0.5665315426762036,0.5631198493042675,0.5595459769796624,0.5558019758216158,0.5518805934344575,0.5477734096591842,0.5434704693670065,0.5389641799424677,0.534243421752236,0.5292991056013858,0.5241201670521547,0.5186962959594091,0.5130163666292263,0.5070630534062881,0.5008295460175503,0.4943037398420025,0.4874647778036616,0.48030051185589384,0.47279806518396494,0.4649451354717494,0.4567105141829237,0.44809066568985156,0.4390636884280965,0.42960610864818694,0.419740669307049,0.4093290061867523,0.39846428865439226,0.3870824861877277,0.37516317336808674,0.3626791276254161,0.34960396619201844,0.33591338734961934,0.3215645412057329,0.30654103988367387
0.009492638332763457,0.22164387611179334,0.23486236887861262,0.24823325160400683,0.2617238955949297,0.27530139158319394,0.28893116061987273,0.3025108883231478,0.3160218179177162,0.3294755493826602,0.3428346078017471,0.3560625514537122,0.3691238414248707,0.38198682478888224,0.39461768897045163,0.4068724102085698,0.41876903124692244,0.4303441867847008,0.4415970975141426,0.45253548727921067,0.462889870883303,0.472778725254513,0.48240758597865663,0.4914998327858288,0.5000145409591013,0.5083838584445078,0.5159140371122504,0.5234272838938372,0.5300793836005665,0.5367791527462437,0.5426728784295971,0.5484107016748131,0.5539238279647608,0.5587008702633157,0.5634186278871469,0.5680291098362874,0.5720819439055177,0.5756940575789711,0.5793221119618815,0.5829197034798118,0.5861457604935529,0.5890473708490799,0.5916698059683053,0.5940818574919173,0.5965510507004144,0.5990279173993538,0.6012957482333114,0.6033717246264392,0.6052773032760258,0.6070311535204691,0.6086491128175114,0.610144935755156,0.6115304561516841,0.6128159993216972,0.614015518052161,0.6152315996786271,0.6164966781677139,0.6177062064119824,0.6188333782323268,0.6198848234258846,0.6208663931846042,0.6217842930691655,0.6226420620339428,0.6234449514787128,0.62419739972716,0.6249015621251136,0.6255615550422629,0.6261804449170234,0.62676127926248,0.6273048218129946,0.6278147024780073,0.6282929196512569,0.6287406044161806,0.6291602297349486,0.6295532146698382,0.6299201834062013,0.6302633640256274,0.6305838816665493,0.6308821329466759,0.6311598638384672,0.6314178206909731,0.6316568539110688,0.6318777062599139,0.6320813707519168,0.6322677999469571,0.6324382959620889,0.6325929964015965,0.6327329120284698,0.632857989088064,0.632968774779722,0.6330654019048526,0.633148704239812,0.6332187196498512,0.6332748197604189,0.6333185126857801,0.6333492882071985,0.6333685947419082,0.6333735682133138,0.6333671053562919,0.6333494626294665,0.6333166742731368,0.6332730757277457,0.6332170949241234,0.633147616131515,0.6330660848848345,0.632971615560048,0.6328642271928989,0.6327434377672276,0.6326093865385822,0.6324617651979416,0.6322995450887863,0.6321231138009852,0.631932027718761,0.6317260781805746,0.6315042800876806,0.6312666671295772,0.631012340005694,0.6307408749235828,0.6304516923336967,0.6301447114051557,0.6298185041740414,0.6294726768309594,0.6291067467300813,0.6287194267128785,0.6283105076736306,0.6278785080945677,0.6274228783430253,0.6269424933333482,0.6264363653508845,0.6259034416352693,0.6253426045342517,0.6247526998533743,0.6241332043910836,0.6234801554275484,0.622794894288041,0.6220754988222971,0.6213190042284306,0.6205252082401329,0.6196921839878543,0.6188177944680702,0.6179001195407003,0.6169374353243496,0.6159278378027704,0.6148687142244357,0.6137580160246379,0.612593750441232,0.6113822968734673,0.6100923247354131,0.608750395828386,0.6073438139970202,0.6058696420498969,0.6043241911486278,0.602705028233241,0.6010082765653889,0.5992298265500791,0.5973668853520746,0.5954145402806343,0.5933687404287441,0.5912255799960381,0.5889817989698792,0.586627766795543,0.5841644449713566,0.5815813268857006,0.5788773776426203,0.576043662919366,0.5730749935885163,0.5699658274743566,0.5667116633565852,0.56329693107094,0.5597229470039313,0.555979836816635,0.5520580172280045,0.5479506670318516,0.543649325267341,0.5391416960253634,0.5344224933675065,0.5294771632151453,0.5242982557125676,0.5188738215788103,0.5131959794564764,0.5072411977167919,0.5010080023418023,0.4944797772589432,0.48764096252385136,0.48047869503700347,0.472977869432776,0.46512158670803916,0.4568901991550501,0.44826976606867375,0.43924111986512415,0.4298059680082357,0.4198835090881825,0.40950765021692725,0.3986418386382404,0.38726169829434215,0.37534312093432415,0.36285828143591603,0.34978273976116786,0.3360877988871936,0.32174397011121086,0.30672079845066735
0.009221978823334321,0.21344214531961753,0.2266482488258653,0.2400227905666895,0.25340949454492057,0.2668899012508719,0.2804453841525269,0.2940405929007,0.3076397629922907,0.32120663871666966,0.33469059656998423,0.34797989704652005,0.36110833122443103,0.3740525416651983,0.38677859822134336,0.3992584986844563,0.41147011222438035,0.4233770331914983,0.4347874166819315,0.44580344871163935,0.45648751715077085,0.4668660787063838,0.4765962958853024,0.4858945131819237,0.4949787061872605,0.503282261573228,0.5113900510434195,0.5189063782465552,0.5261098818176863,0.5327370173528089,0.539238625838741,0.5449356979919627,0.5507191688923508,0.5559333119137387,0.5605911553056917,0.5653630262458095,0.5697580444724283,0.5736280881383072,0.577185817583278,0.5808645039572243,0.5843227329127451,0.5874225150862591,0.5902156340458907,0.592744553684006,0.5951491745610078,0.5976556321337005,0.6000571952356523,0.6022510086354806,0.6042615528868893,0.6061082462720598,0.6078098683481992,0.6093805555069426,0.6108338570956111,0.6121808729435525,0.6134313245827253,0.6146215387074364,0.6158577684791092,0.6171157853488305,0.6182932945035101,0.619391302449373,0.6204156092518481,0.6213720870374855,0.6222665434632124,0.6231031838741266,0.623886154321735,0.6246190399242274,0.6253059360315644,0.6259501151570607,0.6265527663789379,0.6271184842247978,0.627648659163293,0.6281453708975965,0.6286112390500123,0.629047392369063,0.6294550610794982,0.6298371220746234,0.6301940195089417,0.6305268215944336,0.6308377721222098,0.6311266889345183,0.6313959976460669,0.6316450807917743,0.6318749526799672,0.6320872224961761,0.6322825047426599,0.632460828277637,0.6326232265680146,0.63277005845862,0.6329018261761928,0.6330188950998388,0.6331217545827902,0.6332110657030727,0.6332861036974486,0.6333480578625871,0.6333967392831744,0.6334320162414724,0.6334550325938434,0.6334654882465498,0.6334627505415067,0.6334473447020891,0.6334194145857721,0.6333789574792513,0.6333260117022942,0.6332604227873088,0.6331816050384506,0.6330899515467189,0.6329851498558933,0.632868118819858,0.6327352126629641,0.6325895014459787,0.6324297704390478,0.6322556881500616,0.632066849883306,0.6318625430278945,0.6316422836810153,0.6314061582132012,0.6311534375080387,0.6308836641909942,0.6305963152075872,0.6302902973273474,0.6299656954303605,0.6296211566153467,0.6292563748272246,0.628870141437648,0.628462429955306,0.6280313350196688,0.6275766722391326,0.6270972563922356,0.6265922297089661,0.6260603472323227,0.6255001161215373,0.6249109742503655,0.6242915993622555,0.623639895449467,0.6229554046746045,0.6222361217653165,0.621480986422848,0.62068780965209,0.6198550946384896,0.6189814291968959,0.6180640987851511,0.617102026322562,0.6160926040428134,0.6150341460216103,0.6139240354472992,0.6127595198584015,0.6115390979657754,0.6102591399774907,0.6089177367204209,0.6075113365430203,0.6060376331646917,0.6044925844470891,0.6028748303439696,0.6011772346997948,0.5993990787946785,0.5975361436140519,0.5955841572670908,0.5935391202486668,0.5913957012414864,0.5891504567059369,0.5867984862595458,0.5843344993727002,0.5817522597059169,0.5790476989522112,0.5762155556777411,0.573246514589999,0.5701373373260271,0.5668804486276711,0.5634712011330715,0.5598952050589037,0.556152268270238,0.5522333670768635,0.5481233019221152,0.5438211370861634,0.5393142908764696,0.5345943693328261,0.529833443432456,0.5244773277817805,0.519300168936196,0.5133666008996939,0.5074386431936628,0.5011810990254287,0.49466075148065125,0.4878143804420866,0.48065222129132,0.4731502904068666,0.46529312199842954,0.45706298397252826,0.44844316850703647,0.43941504369720275,0.42997512568811436,0.4200543858534216,0.4096810161704052,0.39881575837261324,0.3874357045774794,0.3755163862472461,0.36303279607852734,0.34995716921046477,0.33626218701429594,0.321918433230541,0.30689464212560646
0.008959036511956614,0.20543786963089997,0.21846362676035108,0.23167945171131,0.24505432945823102,0.2585572619917411,0.27213809525639254,0.2856729459170531,0.29923282665604917,0.3127828321083361,0.3262859282040457,0.33970522013739846,0.35300487692086124,0.36615104155933903,0.3790573853623901,0.39164658864325,0.4039658473602365,0.4159945976746191,0.42771912437815196,0.43913763289864954,0.45007547487161453,0.4604920691726567,0.4705912573989101,0.48038238807100964,0.4894345655171943,0.49820855630473415,0.5065936627831439,0.5142985937518312,0.5218927188255819,0.5286951713979712,0.5354185444514338,0.5415558678373726,0.5472303435655033,0.5529063247710077,0.5578434128141385,0.5625063828620834,0.5672222748764648,0.5714106239837233,0.5751102731851746,0.5786956704450258,0.5823534714482987,0.5856719045372062,0.588652433479645,0.591342807643937,0.5937877455898152,0.5962267497168131,0.5987318496463243,0.6010531121696747,0.6031760539332015,0.6051233538734024,0.6069141734239851,0.6085651625941425,0.6100906473143227,0.611503012198978,0.612812522119501,0.6140289298877153,0.615229626706797,0.6164858957163746,0.6177170708891584,0.6188638144091556,0.6199330594230232,0.6209311831350611,0.6218635586249206,0.6227351040981264,0.6235503977832091,0.624313838824688,0.6250287262798208,0.6256984807160533,0.6263258921449719,0.6269138846601514,0.6274649518942619,0.6279818799605253,0.6284656784390164,0.6289185206414998,0.6293428408778572,0.6297396998083674,0.6301111624865845,0.6304572724226468,0.6307805837598252,0.6310817951910056,0.6313611947150819,0.6316207387241642,0.6318610299926876,0.6320830097178856,0.6322868878768769,0.6324735299771356,0.6326438005910552,0.6327981100286724,0.6329368806600818,0.6330606804491175,0.6331697491929639,0.6332648595056092,0.6333457396943568,0.6334126773434475,0.6334664091584353,0.6335071096835196,0.6335343693872675,0.6335492224205553,0.6335503411280199,0.6335390379315364,0.6335149116941547,0.6334781768608815,0.6334283583266157,0.633365825802222,0.6332902082288279,0.6332014209651947,0.6330993471988429,0.632983818503115,0.6328545392921798,0.6327113085668377,0.6325537335687065,0.6323817079817161,0.6321947341546788,0.6319924697549076,0.6317743244000068,0.6315398692902476,0.6312891299681862,0.6310207989565281,0.6307348373751976,0.6304305857446539,0.6301072224168017,0.629763972112062,0.6294004793477798,0.6290152379515022,0.6286088450777061,0.6281787290065983,0.6277251143461916,0.6272467911586318,0.6267424480544307,0.6262113504410031,0.6256522239863697,0.6250637901818339,0.6244451658790972,0.6237945573720126,0.6231107061798042,0.6223921112421431,0.6216372939364316,0.6208448996448425,0.6200132851411191,0.6191394392324379,0.6182227948977677,0.6172613912572562,0.6162530387973966,0.6151943100682146,0.6140844634637949,0.6129209416802937,0.6117003191598166,0.610421590839665,0.6090798941385017,0.6076741378844712,0.6062005021670307,0.6046559981584856,0.6030372906987121,0.6013410200699961,0.5995633099380802,0.5977003532695412,0.5957485338668109,0.5937035845662986,0.5915608164757291,0.5893163296224747,0.5869640401717674,0.5844996328762361,0.5819181240031901,0.5792136893190644,0.5763817777904422,0.5734137168646224,0.5703040153603108,0.5670471881396024,0.5636359758253193,0.5600620684592491,0.5563187187122841,0.5523975223934978,0.5482903757603084,0.5439883395742027,0.5394820308759395,0.5347621010762065,0.5298177141336353,0.5246389703749093,0.5192160946359489,0.5135332727063132,0.5075823657437384,0.5013493868361867,0.49482075588269936,0.4879826003394705,0.4808204562399492,0.4733187195074451,0.4654614820110231,0.457231645868966,0.4486120066147927,0.4395837395440034,0.43012780290257424,0.420223571055263,0.40985125514912135,0.3989844819293024,0.3876048974649002,0.3756855129135888,0.36320151672284384,0.35012919928644587,0.33643189081758934,0.3220873758838692,0.3070637884560321
0.008703591361485156,0.19735543167758526,0.210354498093495,0.2235564378197093,0.2367916827166049,0.250167454433373,0.2636596510495088,0.2772347472648581,0.2908589109214569,0.304491097791992,0.31800963926214565,0.33144779437683086,0.3447865699238259,0.35798783469835527,0.3710177478235001,0.383843287758028,0.39643674614779045,0.40873273681819494,0.4205910235986337,0.43210540251425844,0.44328980342955315,0.4541600881153461,0.4645572970054146,0.4743589998432482,0.48388967660921045,0.4930168928734307,0.5014321041544219,0.5097521363082481,0.5172498864441217,0.5246935323926594,0.5313154763255824,0.537975014876536,0.5437900958104726,0.5495564024379375,0.5549786589014557,0.5597059133670608,0.56444739746632,0.5689956260889449,0.5729915900740855,0.5765775327402908,0.5802239455872452,0.5837834741668242,0.5869700427972425,0.5898377800453994,0.5924308236263425,0.5948347870597432,0.597315225284933,0.5997724169461762,0.6020171719491828,0.6040719990799833,0.6059587336283263,0.6076956487964451,0.609298293959084,0.6107798606310136,0.6121523654646099,0.6134260344497983,0.6146197647594644,0.6158398208968276,0.6171031889812751,0.6183016983084112,0.6194182052349229,0.6204598859282113,0.6214323124907366,0.6223405649466935,0.6231902160595758,0.6239851168544509,0.624729344119869,0.6254260527209692,0.6260789477447295,0.6266905293187083,0.6272635407884871,0.6278005128455237,0.6283037086393082,0.6287749845398833,0.6292159959608498,0.6296289889149769,0.6300144624305812,0.6303748720268564,0.630711065204751,0.631024271104688,0.6313152656666833,0.6315857720764356,0.631836288529305,0.6320677022573512,0.6322811692678534,0.6324762632917992,0.6326545861549626,0.6328166073499621,0.6329626011185142,0.6330934565427329,0.6332088951188842,0.6333099299335497,0.6333971217694208,0.633469413632973,0.6335286147978684,0.6335739553443029,0.6336070581869667,0.6336259513216723,0.6336307549660541,0.6336240638402459,0.6336034606424928,0.6335700825425651,0.6335240875719386,0.6334645106159074,0.6333920372110831,0.633306264396277,0.6332071687371259,0.6330942042079564,0.6329674940468902,0.6328266583545296,0.6326715167122616,0.6325017138204891,0.6323168079461433,0.6321164851907474,0.6319006458726968,0.6316677620271725,0.6314184733512064,0.6311518848637716,0.630867505536107,0.6305648077346526,0.6302426441419764,0.6299006642876726,0.6295388935176319,0.6291554443516378,0.6287491357606492,0.6283216957571452,0.6278679733396944,0.6273906128169651,0.6268872880100886,0.6263572440227724,0.6257988311023263,0.6252113754843017,0.6245932474335957,0.6239434520642675,0.623260539719812,0.6225426324298063,0.6217884768605028,0.620996678826922,0.6201651107984971,0.6192924024211132,0.6183763301989607,0.617415235072006,0.6164070471027037,0.6153496837937953,0.6142398473221663,0.6130770976196582,0.6118568064929245,0.6105778633245592,0.6092370526440881,0.6078314529976243,0.6063581756005403,0.6048140072448299,0.6031956440772097,0.601500004278312,0.5997222287153263,0.5978637461298412,0.5959083301891088,0.5938656663740525,0.5917217682612897,0.5894761006689406,0.5871243587683328,0.5846607154431986,0.582080643807909,0.5793749555392543,0.5765419020150017,0.5735741895284627,0.5704665468390757,0.5672089341059947,0.5637974356917463,0.5602257450155426,0.5564807796966295,0.5525599677661369,0.5484626384988396,0.5441510367528585,0.5396447691941777,0.5349246318087351,0.529980922959892,0.5248019234828045,0.5193787058888661,0.5136964301522694,0.5077473874237424,0.5015127194453666,0.4949842968184225,0.4881463624013572,0.4809840160350133,0.4734822837132371,0.46562524849710496,0.45739559092490806,0.44877567060622603,0.4397477088920939,0.4302914753432048,0.42038712029677205,0.4100137917656914,0.39914915673899803,0.38776953825096133,0.37585017170293583,0.363366337296562,0.3502902398986181,0.33659581797990873,0.32225147255189374,0.30722813250451697
0.008455429608599185,0.1895007072026154,0.2022967733725865,0.2153136902777501,0.22852725392793888,0.24190661056531063,0.25536329582316886,0.26884477628324654,0.2823979354079997,0.29598634474065383,0.3095751034322291,0.3231262710762224,0.3366051719295805,0.3499450429967846,0.36305138883485644,0.37596269902286233,0.3886501142647754,0.4010851697380009,0.41324413460771237,0.4251155164135862,0.43656047609884713,0.4475070791395789,0.45811251499599753,0.46841931559169225,0.4781852742759131,0.48738297919354723,0.4963995051796892,0.5047047424223599,0.5126905533600093,0.5202453785101327,0.5273147932498178,0.5339736004649136,0.5403790416591447,0.5460515875057911,0.5518180295226327,0.5569456882463172,0.5615920766740776,0.5663584348107447,0.5706891860967279,0.5745058761914698,0.5780627286902147,0.5817429130596702,0.5851576490879338,0.5882200351672618,0.5909807213913928,0.5934815286543714,0.5958921303064388,0.5984023149967614,0.6007785716464517,0.6029496943069383,0.6049397504421268,0.6067687471759166,0.6084536841750067,0.6100095652506059,0.6114489915524269,0.6127832473366723,0.6140219676287678,0.6152118423876134,0.6164523885314477,0.6177028157507045,0.618869584146656,0.6199568702042985,0.620971600701264,0.621918962253017,0.6228044591862092,0.6236322290879743,0.6244070718708051,0.625132376289683,0.6258118465751339,0.6264479675908734,0.6270439344932259,0.6276022579422956,0.6281254745590592,0.6286151589056883,0.6290735200323738,0.6295029158975712,0.6299037473474742,0.6302786679244284,0.6306285079248571,0.6309542233707878,0.631258147735674,0.6315393375193917,0.631801130744264,0.63204194594526,0.6322644615443648,0.6324688164068979,0.6326560732777072,0.632826016021687,0.6329792524565377,0.6331172440363246,0.6332394277061787,0.6333467733190261,0.6334396686512288,0.6335182972081356,0.6335827168852152,0.633633180700125,0.6336702157351259,0.6336938214296784,0.6337039129198883,0.6337009339822113,0.6336846736357462,0.6336551564644948,0.633612556172472,0.63355694296836,0.6334873126329481,0.6334051038742184,0.6333083775043693,0.6331982648798523,0.6330743563133021,0.6329360991317594,0.6327831225529447,0.6326157206618462,0.6324327543251338,0.632234532293043,0.6320203872707161,0.6317899984306785,0.6315425004849968,0.6312775391449986,0.6309945097104893,0.6306933683321736,0.6303729192272921,0.6300321371633739,0.6296711978153039,0.6292891196676595,0.6288848880225144,0.6284572581289911,0.6280056613966721,0.6275290790778326,0.6270270129750984,0.6264979359857731,0.6259406663624719,0.625353642940291,0.6247363672314284,0.6240873587693098,0.6234050365193857,0.6226878988759952,0.6219344430241789,0.6211431667379258,0.6203124174024994,0.619440427770996,0.6185252633246274,0.6175642388887168,0.6165566549988031,0.6154995756118288,0.6143905670311353,0.6132277311641141,0.6120080552090666,0.6107298170792962,0.6093891332505187,0.6079839610806725,0.6065110300488574,0.6049673929916688,0.6033491943295249,0.6016535494417558,0.5998766865878844,0.5980143341518439,0.5960629615138007,0.5940248203010494,0.5918760598986768,0.5896316456775995,0.5872868642603147,0.5848163452118299,0.5822353762991821,0.579531255991988,0.5766984358465644,0.5737309654967163,0.5706223280413544,0.5673657750271792,0.5639547525339152,0.5603813802613299,0.556638588069737,0.552717552705035,0.5486103728547238,0.5443084676226957,0.5398024641814704,0.5350831709857444,0.5301388255584714,0.5249601543934639,0.5195369957069854,0.5138550245564396,0.5079041491679828,0.5016716890107045,0.49514327611066267,0.4883050051050908,0.4811427839658058,0.473641132036861,0.4657841316065806,0.45755434883445995,0.4489349302642245,0.43990661709356704,0.43045050353243675,0.42054642849012314,0.4101728749274627,0.39930818540191043,0.3879280828385642,0.37600902641116135,0.3635251833707668,0.350449659389719,0.3367550912473431,0.3224111516840798,0.30738803766853207
0.008214343584919423,0.18155433537033888,0.1943058609370175,0.20729669291793731,0.22035358995861906,0.23357653438627618,0.24695621050005614,0.26046016301287783,0.2740550619794817,0.28764506213402474,0.3011979811312302,0.31473706719202005,0.3282243144952965,0.3416232166914319,0.3548964340510004,0.368011031960921,0.3809315562081239,0.3935349217172112,0.405807216401638,0.41778239430029396,0.4294459711258177,0.440796055965146,0.4517665185019186,0.4621272177520522,0.47213753583017626,0.4818814718089602,0.4909301945231725,0.49959268414608926,0.5079898732032746,0.5156017456883386,0.5231751481694191,0.5298984128871956,0.5366233829024751,0.5426457269685827,0.5483448944889817,0.5539583982770054,0.5588175588821442,0.5635033334575595,0.5681795845797347,0.5723076261629895,0.575963105640544,0.579566006389003,0.58320160413119,0.5864789076030918,0.5894237169912101,0.5920834512067825,0.5945101717546891,0.5969602596516181,0.5994550046646859,0.6017518706613055,0.603852944636979,0.6057806899527357,0.6075540029031473,0.6091890800195412,0.6106997819325118,0.6120988084668441,0.6133960801286259,0.6146017122742562,0.615806686330572,0.6170654866077503,0.6182851420919501,0.6194211101360069,0.6204800606628719,0.6214685129896577,0.6223917371940056,0.6232546922905519,0.624061257535486,0.6248164373301548,0.6255235776755543,0.6261854211326027,0.6268052850915798,0.62738606970827,0.6279299497991123,0.6284391976883105,0.6289159645872041,0.6293620995363964,0.629779735501954,0.6301689989485617,0.6305329549017223,0.6308722300222465,0.6311878729267449,0.6314813502720595,0.6317543285229797,0.6320057231665791,0.6322378650870843,0.6324515440841901,0.6326472627064343,0.6328251971920998,0.6329866183100697,0.6331317055567536,0.6332613711195195,0.6333752564646892,0.6334743241925802,0.6335586207781742,0.633628750805356,0.6336848771037306,0.6337268101411679,0.6337550214461244,0.6337698769715616,0.6337716494045975,0.6337589703219888,0.6337336313627866,0.6336944616375225,0.6336420490713907,0.6335761505496863,0.6334975405275194,0.6334032973437888,0.6332961386105971,0.6331748488679938,0.633038983971983,0.6328886989490714,0.6327234820713495,0.6325440871109836,0.6323470223026959,0.6321346071652634,0.6319058487945195,0.6316601884125252,0.6313972663861522,0.6311163054483565,0.6308164913593465,0.6304974992225191,0.6301584176898574,0.6297988682631223,0.6294175395582282,0.6290145059780158,0.6285883836010209,0.6281378800399354,0.6276624484170831,0.6271613807899928,0.6266332011438468,0.6260765429923393,0.6254908778298418,0.624874412182436,0.6242263700947782,0.6235446213791372,0.6228283598433813,0.6220756584267585,0.6212850597499844,0.6204547468461441,0.6195833992918667,0.6186684998316156,0.6177083429022846,0.6167010789541653,0.61564437091667,0.6145361051080793,0.6133736775141783,0.6121546007766175,0.6108764959192287,0.6095367699395821,0.608131861325396,0.6066591672026754,0.6051157982681874,0.6034981449755097,0.6018025039648988,0.600025838485142,0.5981641332377423,0.5962128977988448,0.5941690308585407,0.5920265858090548,0.5897822647729152,0.5874317723466673,0.5849675974962779,0.5823865748018742,0.5796828276652701,0.5768501031781924,0.5738828724605668,0.5707746055970153,0.5675180864921585,0.5641073175755528,0.5605338445421294,0.5567910876309523,0.5528703989139968,0.5487635603347262,0.5444616973068536,0.5399557444670775,0.5352358271037103,0.5302920008071607,0.5251144428554901,0.5196898291363178,0.5140086132862981,0.5080589386331704,0.5018251885582075,0.4952972868860135,0.4884590274309163,0.4812969605813183,0.4737956527884142,0.4659383918828707,0.45770872176668237,0.4490893458252371,0.440061059472879,0.43060514874933675,0.4207012165239613,0.4103278892161051,0.39946276726324687,0.38808291165653735,0.37617689647086466,0.36367989993343286,0.350604813461082,0.33690971550945653,0.3225680536777867,0.30754275240446427
0.007980131543225704,0.17383051258888962,0.18640885822229047,0.1991860837394372,0.21219462367716518,0.22540550755775726,0.23870921656353633,0.2520884995109309,0.2655815706759476,0.2791544080246874,0.2927716350854068,0.3063975332382482,0.3199775975698353,0.3334051736481499,0.34672209446522123,0.35989718420065875,0.37289414181615066,0.38568080267108323,0.39822925656381797,0.4105157388503682,0.42239352273669295,0.43384541240569013,0.44495937986039236,0.45575149470197734,0.4661690328421426,0.47591392880445843,0.48534523955426984,0.4944749647269169,0.5028217460292851,0.5110662732004841,0.518556404238083,0.5259088333927547,0.5325198177298911,0.5391216509362725,0.5448743153591435,0.550657160041844,0.5559868518085862,0.5606753113555536,0.5654366911119955,0.5699168047382178,0.5738564086345657,0.5774243308171488,0.5810874857157224,0.5846027144878402,0.5877501462783298,0.5905839635510498,0.5931477128639376,0.5955477362643136,0.5980395787564289,0.6004726014413807,0.6026937256921535,0.6047276243207856,0.6065956530234184,0.6083153669252556,0.6099026943321288,0.6113698514806383,0.6127292440177763,0.6139907307199922,0.6151794050312547,0.6164042482527796,0.6176638690748443,0.6188510499394543,0.6199570697112249,0.6209885814928158,0.6219512880488471,0.6228505092877917,0.6236914741301007,0.6244778171355694,0.6252145323548227,0.6259025900784962,0.6265478958746356,0.6271516836238653,0.6277174857737281,0.6282469793782759,0.6287427864763354,0.6292065863749803,0.6296404578721444,0.6300458032092526,0.6304245224280328,0.63077779101359,0.6311065940320836,0.6314117228696973,0.6316958398452877,0.6319580212230002,0.6322005289914927,0.6324237504460479,0.632628902926813,0.6328152293581957,0.6329847176438128,0.6331375283878852,0.6332743475218939,0.6333950090537972,0.6335004792171703,0.6335910315511917,0.6336668631321111,0.6337283859362305,0.6337757668961421,0.6338089503184156,0.633828872591526,0.6338341082777573,0.6338263170796523,0.6338046688083173,0.6337695264550625,0.6337211701268042,0.6336585098973525,0.6335820823905194,0.6334918592041497,0.6333878695449879,0.6332691635998271,0.6331361945881111,0.6329882833923166,0.6328257845412258,0.632647502764399,0.6324532716994292,0.6322433466407026,0.6320165780748159,0.6317729629292459,0.6315117879281652,0.6312321671736393,0.6309339669509856,0.6306164269878687,0.6302793628908194,0.6299208268072777,0.6295411362955214,0.6291393949601929,0.6287142332613148,0.6282650000631363,0.6277907152485769,0.627290568367483,0.626763447647047,0.6262082279815856,0.6256230005155865,0.6250075883391277,0.6243601581963568,0.6236793022853724,0.6229639001188049,0.6222118142825772,0.6214219691178321,0.620592365098432,0.6197213773247758,0.6188071608641872,0.6178478390353958,0.6168410408011848,0.6157848193510977,0.6146770913817062,0.6135150830799043,0.6122967815801154,0.6110191038192225,0.6096793050494742,0.6082747725362486,0.6068027122964472,0.6052596167666805,0.6036437686436695,0.6019474333727768,0.6001708396826263,0.5983094820457185,0.5963585879566675,0.594314568374205,0.592172451330335,0.5899284058923737,0.5875773364873725,0.5851140565610797,0.5825341224086239,0.5798298491867122,0.5769974735757176,0.5740360116900609,0.5709219147495282,0.5676657985216955,0.5642605746843782,0.5606819353346066,0.5569393763444939,0.5530186320070523,0.5489121586532933,0.5446103302683403,0.5401043912212721,0.5353848038669631,0.5304414088623325,0.5252629014488102,0.5198393479453457,0.5141578625079679,0.508207454990858,0.5019748809918085,0.49544647812593257,0.4886086105038875,0.4814467350350633,0.4739454089782621,0.46608843842629066,0.45785870919075516,0.4492391612451584,0.4402113074507096,0.430755699277222,0.4208514355720171,0.4104783133051214,0.3996129132549789,0.38823682125875675,0.37631414705784033,0.3638306448446281,0.350755151234245,0.33706338309005973,0.32271678045141755,0.30769387103792245
0.007752597488629456,0.16608135377950722,0.17854794015885725,0.19128581659040358,0.20414632004444946,0.217173089444672,0.23039323233682,0.24377684303656652,0.25729064529268464,0.27078715058030844,0.28433733496565194,0.2979188846622676,0.31149610291121904,0.32503183805404734,0.33848927011292057,0.3518342064051675,0.3649778418533708,0.37785672636162987,0.3905043208428031,0.40289250878927485,0.41499879756664226,0.4268089036091253,0.43827792974745305,0.4491889454863089,0.45971450569192374,0.46993275737327683,0.47973457746942955,0.48884586487407866,0.49776484460713316,0.5061004149022703,0.5139618213745184,0.521548741938451,0.5284874055946124,0.5351800325164683,0.5414720554125888,0.5471349746797444,0.5528704378835114,0.5579128030752651,0.5625581842450669,0.5673089074868735,0.5715758802316918,0.5753397518317608,0.5789033032490107,0.5825775060211016,0.5859490224801465,0.5889739312508098,0.5917029253521211,0.5941758745205792,0.5965963065989776,0.5991058098399755,0.6014566435109003,0.6036054511315192,0.6055750931508997,0.6073854435304957,0.609053823896419,0.6105949528826496,0.6120204610130379,0.613341644115299,0.6145683339343198,0.6157592331011115,0.6170044548172358,0.6182451051112448,0.6194007118763604,0.6204774676262902,0.621482079126286,0.6224198464971928,0.6232963404355881,0.6241154144022419,0.6248820409761048,0.6255988971021467,0.6262708106759395,0.6268986430481057,0.627487092870282,0.6280382726135751,0.6285534240155127,0.6290358878370879,0.6294872720042953,0.6299092084418791,0.6303024106756447,0.6306698712534217,0.6310118619220637,0.631330209400592,0.631625982345916,0.63189959759562,0.6321527939663434,0.6323861851793279,0.6326002793971204,0.6327958611834152,0.6329735503653998,0.6331343458848245,0.6332787144231894,0.6334065187686998,0.6335185684809218,0.6336153587235783,0.633697273410801,0.6337643742624341,0.6338171758243517,0.6338556422634163,0.6338799514467088,0.6338905324546209,0.6338865581295369,0.6338692129641385,0.6338384180345383,0.6337932928163966,0.6337343161303309,0.6336613142797611,0.633574326458602,0.633473128631052,0.6333575549341051,0.6332271890524832,0.6330820357602668,0.632921880159579,0.6327458038305899,0.6325544902886912,0.6323461059635805,0.6321217711996654,0.6318796885537795,0.6316202502942995,0.6313425903992662,0.6310461641831214,0.6307302895232696,0.6303943439665926,0.6300377172763488,0.6296593362936095,0.6292590590737628,0.6288349954660198,0.6283869615376769,0.6279143536096007,0.627415135883022,0.6268887687989123,0.6263342479958318,0.625750440301495,0.6251371158362571,0.6244892705792778,0.6238093091130266,0.6230943215036738,0.6223431278743585,0.6215540231760928,0.620725323077732,0.6198548166380033,0.6189413367698782,0.6179826029313306,0.6169762036890277,0.6159205953014387,0.6148135033423584,0.6136520792731348,0.6124337043234576,0.6111564885340531,0.6098173234964844,0.6084135877134155,0.6069417291008277,0.6053989394469533,0.6037817508598785,0.6020869893823059,0.6003108318031388,0.5984499531289602,0.5964992613601985,0.594455313310316,0.5923140151701703,0.5900703065143487,0.5877194020579591,0.5852564398222825,0.5826758146970868,0.5799726849505665,0.5771402941849744,0.5741732121560497,0.5710651924692285,0.5678093507040951,0.564398385358231,0.5608256058412224,0.5570831279928851,0.5531626221710735,0.549057911111641,0.5447545280778485,0.5402487393065121,0.535529254198336,0.5305856692832449,0.5254076323910647,0.5199838671899134,0.5143031344216713,0.5083523063004713,0.5021198162903906,0.4955915400500083,0.48875439000984366,0.4815920329637863,0.47409068074536775,0.46623364171005643,0.45800633673617236,0.44938483788930617,0.44035686567850874,0.43090092482707354,0.4211030526972792,0.4106240342756037,0.3997595912186231,0.3883790590640012,0.3764603216338411,0.3639763389218893,0.35090131173263034,0.33720638491789184,0.32286276910486195,0.30784214204236215
0.007531551014560001,0.15849499330580005,0.1708438634720415,0.18334301173740403,0.19610645626688894,0.2091061168481271,0.22223314034115177,0.2354628496905085,0.24884623275926598,0.26235070867523846,0.27594256683110924,0.2895853139699182,0.3031506314586761,0.31667778481723263,0.3301484998383873,0.3435258132260083,0.35677236600503115,0.36985411031257903,0.3827388499199595,0.395378463625386,0.4076313361668278,0.41955172201083996,0.4311527969305401,0.4424330870119188,0.45338945976190004,0.4637405188438806,0.4736602083733373,0.48332194047909127,0.49240104232471066,0.5009508434658294,0.5093317158055218,0.5168766769918751,0.5244073914549754,0.5310722256202647,0.5377800588162216,0.5436997085658216,0.5494282009419362,0.5549652206288073,0.5597581646166577,0.5644670756923998,0.5690931191639418,0.5731617607227981,0.5767806748842474,0.580401203531261,0.5840075483518173,0.5872434639323642,0.5901530419724962,0.5927820331964373,0.5951942695880522,0.5976560795519807,0.6001359118451741,0.602408262290839,0.604487888523243,0.6063956560331825,0.6081513455219809,0.6097701719824272,0.6112665331660758,0.6126515173065563,0.6139360868564061,0.6151329723906013,0.6163420584440844,0.617601611709629,0.6188096466367542,0.6199346037387242,0.6209828621495477,0.6219614783281497,0.6228750439919891,0.6237289029892695,0.6245271406012641,0.625273664487362,0.6259727599512067,0.6266263034342993,0.6272389527980569,0.6278116643168404,0.6283480402699839,0.6288497689063811,0.6293189881052841,0.6297577348876727,0.6301675657458655,0.63054936705258,0.630905189038678,0.6312366800568256,0.6315445603903581,0.6318300486086048,0.6320941535470608,0.632337608922475,0.6325617148815781,0.6327662584433791,0.6329529149420778,0.6331222168212746,0.6332737576075209,0.633409176192429,0.633528466701444,0.6336316228110025,0.6337197274697292,0.6337928372107394,0.6338509488197651,0.6338948009520173,0.6339244809912696,0.6339390937406129,0.6339408937823175,0.6339271803089637,0.6339000294978873,0.6338591262898131,0.6338037461473154,0.6337342764164194,0.6336504574753593,0.6335524656406685,0.6334398246566788,0.633313007406239,0.6331700183023753,0.6330124184571642,0.6328388702511236,0.632649493451145,0.6324436711225109,0.6322211360267095,0.6319821867785439,0.6317238010173908,0.6314479608375443,0.6311536482145129,0.6308390728724462,0.6305048860459723,0.6301502084436534,0.6297725977499069,0.6293734885733149,0.6289511679774288,0.6285040980859916,0.6280324231343236,0.6275345228933309,0.6270092971887335,0.6264557925131428,0.625873035271273,0.6252594532901533,0.6246137717056444,0.623934607762579,0.6232205699337368,0.6224700967421283,0.62168150267612,0.6208533205267003,0.6199839053700205,0.6190707759395286,0.6181127086557837,0.6171070240895619,0.6160519412183629,0.6149450671115353,0.6137843230580295,0.6125665997142907,0.6112897491477493,0.6099511993346124,0.6085475458430193,0.6070760436346372,0.6055337914793127,0.6039169630923741,0.6022225704625794,0.6004467974281367,0.5985957613446329,0.5966356257795582,0.5945922496529068,0.5924509317657395,0.5902074251372512,0.5878569644565778,0.5853941462282124,0.5828137670187753,0.5801106075574733,0.5772786550036249,0.5743121630152298,0.5712039553925025,0.5679490122185353,0.5645378679134134,0.560965037518807,0.5572227073748818,0.553302583378835,0.5491961230095794,0.5448946510754824,0.5403953530567953,0.5356697208461281,0.530726716827042,0.5255480091893984,0.5201246426665351,0.5144436556387915,0.5084930852436278,0.5022605603437238,0.4957326785376823,0.4888949438092802,0.48173323906560017,0.47423183353311527,0.46637496971559256,0.4581456415573843,0.44952637782481253,0.4404985250947254,0.43104263972442725,0.4211387911243357,0.41076529709427756,0.39990049829039637,0.38852140929798934,0.3766020413504558,0.36411826457955754,0.3510443852858381,0.3373486152005842,0.323007051075147,0.30798151853749234
0.007316807143427192,0.1509749834423814,0.16312281808784823,0.17557122255505908,0.18821718871667747,0.20100577057283905,0.2140239221749506,0.2272412146709129,0.2406149756461205,0.25399905795913286,0.26749267494797796,0.2810620236028575,0.29467193970586203,0.3082862817980662,0.32186985578921734,0.33534861084077044,0.348644497440409,0.3617915522768771,0.3747554296520731,0.3875023832870305,0.40000459005420147,0.41223965249087113,0.42415215732177564,0.4355665735365789,0.4466090348139999,0.45732138851430104,0.4677173548457608,0.47744657304698607,0.48677668553328024,0.4958775216070354,0.5041862095188924,0.5123290591853558,0.5198362132427112,0.5270758070130533,0.5336958559765941,0.5402219262220417,0.545928076636087,0.5517127066476302,0.5569514206616378,0.5616131518889275,0.566382782328871,0.5707953482442775,0.5746794380088247,0.578236576000927,0.5819107900613129,0.5853802228097128,0.5884890599006636,0.5912892476087157,0.5938236101873585,0.596224123470863,0.598725461827945,0.6011315739858615,0.6033292505515117,0.6053420284570248,0.6071912473847466,0.6088937328210988,0.6104651342808055,0.6119181709356158,0.613264216288129,0.614513214760936,0.6156987230784514,0.616928326060545,0.618182017019256,0.619357793287205,0.6204525497068298,0.6214736584556628,0.6224268077174123,0.6233165256831028,0.6241483467674411,0.6249261217533755,0.6256540286484615,0.626334222793166,0.6269711700550595,0.6275676520543427,0.6281252887180988,0.6286472957152812,0.6291352504569017,0.6295913859126595,0.630017768329184,0.6304151021100611,0.6307858619585038,0.6311312270807056,0.6314517162321117,0.6317497306374162,0.6320247070017081,0.6322795648434645,0.6325137295951887,0.6327273454207909,0.6329228163445694,0.6331002351275088,0.6332600781789309,0.6334030548338645,0.6335295022596327,0.6336396184853833,0.6337341320542501,0.6338142071581998,0.6338773693812336,0.6339268098878937,0.6339612360067353,0.6339829625660784,0.6339868182643948,0.6339780049118342,0.6339550633094467,0.6339192808543422,0.6338667981377049,0.6338007451094257,0.6337209811826312,0.6336258032517638,0.6335161080848857,0.6333923639661259,0.6332520200727138,0.6330970980901623,0.6329260991718964,0.6327392607667478,0.632535722718163,0.6323154362579297,0.6320779453977361,0.6318222597386659,0.6315482071835948,0.6312554229814356,0.6309428863031473,0.6306102176152348,0.6302564926801492,0.6298810792683569,0.6294831492738069,0.6290620074674018,0.6286167356217279,0.62814587529237,0.6276495973127779,0.6271250998970891,0.6265728465662771,0.6259910568084777,0.6253780971558162,0.6247333890164825,0.6240552632497749,0.6233418544646558,0.6225922966487714,0.6218048802521224,0.6209771015500432,0.6201081469086485,0.6191961068892282,0.6182382472429901,0.6172333081399912,0.6161788347521274,0.6150728008796872,0.6139120858448381,0.6126953240988672,0.6114187703733022,0.6100804778422672,0.608677422357955,0.6072063939486123,0.6056642427944117,0.6040490609671098,0.6023538956837605,0.6005794812317835,0.5987178232431828,0.5967680383526388,0.5947718447158841,0.5925838038666056,0.590340809097987,0.5879901363893408,0.5855279574419209,0.5829476792896453,0.5802448854382799,0.5774132429311106,0.5744465864566747,0.5713390102580552,0.5680838170314009,0.5646727773115234,0.5611002217127151,0.5573580656155005,0.5534378461872342,0.5495001146642657,0.5450303268501699,0.5405250323493921,0.535805760873207,0.5308624696445687,0.5256843396625088,0.5202608726173675,0.5145812249564722,0.5086309956609683,0.5024030657261642,0.4958697146935782,0.4890318092177066,0.48187587279662303,0.474374579918152,0.466514856638362,0.45828675008821523,0.4496636725431087,0.44063926652753316,0.4312326118210107,0.42128121442698363,0.4109029162244682,0.40003825179490166,0.388658477393585,0.37673957479392245,0.364256283409642,0.35118160195416176,0.3374880887314701,0.3231426686237287,0.3081193870983563
0.007108186171827296,0.14353420530889147,0.15562234195370517,0.16782727027468508,0.18030763231625846,0.19305689836603032,0.20598659859999058,0.21902229121020028,0.23224904270990232,0.24563631249604856,0.2591521607466874,0.2727194066841395,0.28626533216209177,0.29983952118890966,0.31340482549643284,0.3269237481848837,0.34036004673742415,0.3536777365193606,0.3668414762356101,0.3797364948683499,0.39234322244077624,0.4046840264758082,0.41673559982469277,0.4284838468713588,0.43992529873964514,0.45085192899434895,0.46129593135570784,0.4714241627259814,0.4812246958832223,0.4902857083445229,0.49909292648996567,0.5074700717709865,0.5152069854321881,0.5228027433448231,0.5296312324315292,0.5363504198422123,0.5425203024513734,0.5481889150881011,0.5538789677791607,0.5588374445283211,0.5634935068426323,0.56821747950314,0.5724211520248627,0.5761330320358282,0.5797107235752391,0.5833714597880617,0.586699606608499,0.589687913003237,0.5923846389607165,0.5948328403256564,0.5972645898200721,0.5997688278272862,0.6020948536522054,0.604220103847137,0.6061697724702096,0.6079617300160719,0.6096135745137561,0.6111388997837096,0.6125505762898112,0.6138588672916534,0.6150736053917986,0.6162674700972409,0.6175165815941269,0.6187456318800548,0.6198897747679827,0.6209558856771582,0.6219502363098107,0.6228780995547498,0.6237450347604213,0.6245553054323273,0.6253129351855474,0.6260215471318589,0.626684566228072,0.6273049357847639,0.6278852516416152,0.6284283280772629,0.6289359108325121,0.6294104863483487,0.6298544402243494,0.6302683561773129,0.6306535487320258,0.6310129272824956,0.631346993428514,0.6316573853615574,0.6319445750366899,0.6322097675070699,0.6324542472727521,0.632678389816837,0.6328834900224796,0.6330695460784506,0.6332376874563918,0.6333884015429255,0.633522210157572,0.6336394665717014,0.6337406789760353,0.6338261076762319,0.6338961706703008,0.6339512270140927,0.6339908635488496,0.6340160125773285,0.6340266896524529,0.6340223662735334,0.6340037670730317,0.6339709471419281,0.6339231720362689,0.633861666152571,0.6337844526945261,0.6336930120375095,0.6335867012003962,0.6334652759269631,0.6333284526342111,0.6331762696205869,0.633007984145287,0.6328239335625735,0.6326225160596208,0.6324042684487843,0.6321687341068831,0.6319151749969505,0.6316433916359419,0.6313522134030767,0.6310416941404973,0.630710263379269,0.630358514405493,0.6299844790311377,0.6295881754708404,0.6291681189784518,0.6287248004436464,0.6282549177874235,0.6277592005161735,0.6272362309347457,0.6266851755448994,0.6261040475031545,0.625492424763802,0.6248485259479779,0.6241712325697347,0.6234587903130051,0.6227127162958239,0.6219254104525518,0.621096428354356,0.620228163197733,0.6193170285867066,0.6183595531667555,0.6173651937882267,0.6163013233693083,0.615195730733334,0.6140356505817557,0.6128191328726543,0.6115433960319109,0.6102054988607065,0.6088027362445124,0.6073328335057037,0.6057905283106643,0.6041752915384003,0.6024813987480568,0.6007059272371975,0.5988456640147161,0.5968959936770135,0.5948532697129917,0.5927124830970953,0.590469649169445,0.5881195837339716,0.5856571478665165,0.5830811578511472,0.5803746349874926,0.5775431778348931,0.5745768625040718,0.5714694104775986,0.5682161190519079,0.564804584576162,0.5612317687810989,0.5574891687946444,0.5535692792521313,0.5494633039831354,0.5451622215284785,0.5406568695079655,0.5359375645892068,0.530994814045535,0.5258167436540023,0.520393331187075,0.5147124666224818,0.5087626231310745,0.5025305457478312,0.49600270286810655,0.4891648505585289,0.48200311347218505,0.47450200791529906,0.4666474472617631,0.45841717168455925,0.44979676869395824,0.4407715715306517,0.4313133931959475,0.42140964590084395,0.4110364082291774,0.4001718107351156,0.38879221624803045,0.37687327083216865,0.3643897405668388,0.35131496767269227,0.33762005327631833,0.3232767567928199,0.3082533411789734
0.006905513520162323,0.1362717795693323,0.1480686323584483,0.16019379958389957,0.17260985891422015,0.18512268559380082,0.1978970937359531,0.2109057203337545,0.22410338014611225,0.23733951094729072,0.2507262482626566,0.2642307623252418,0.27781925676685015,0.29145676994424996,0.3050890556504492,0.3186072236761986,0.3320609857590722,0.3454158888040003,0.35863528218896124,0.37168340277931783,0.38452840470175415,0.3971427569687861,0.4094347988529701,0.421304466927226,0.43284223042829256,0.4440513561639501,0.454948112031892,0.46533429141737054,0.475161929578543,0.4847228819432737,0.4938445863032187,0.5022854781738917,0.5106225175287458,0.5181267676104816,0.5255919127622861,0.5322197404207539,0.538891126805495,0.5447250699621857,0.5504830934012978,0.5559300441054064,0.5606674243060388,0.5654008741872824,0.5699658592111674,0.573975543353025,0.5775655006088399,0.5812040692721122,0.5847730499264525,0.5879681498804477,0.5908427261602566,0.5934411098335668,0.5958437051435037,0.5983171456470392,0.6007773430022177,0.6030252878426552,0.6050826706025211,0.6069711519361991,0.6087087285176297,0.6103116692929591,0.6117929119654713,0.6131642939004096,0.6144361874141433,0.6156254705892913,0.6168388784579051,0.6180970041113263,0.6192927244675053,0.6204062350063331,0.6214442758121727,0.6224126395830081,0.623316417670339,0.624161165075227,0.624949856603904,0.6256878197022783,0.6263781577663776,0.6270236558318933,0.6276275900073047,0.6281924944242788,0.6287208459285869,0.6292145011141713,0.6296757566132952,0.6301064520057645,0.6305080243909154,0.6308821914447277,0.6312302526598815,0.6315532137979432,0.6318529108744676,0.632129703212035,0.6323856047373874,0.6326194765898119,0.6328341373659608,0.633029390495949,0.6332062726605135,0.6333651141720471,0.6335066035905815,0.6336312614891765,0.6337396065398612,0.6338314400823866,0.6339079124989899,0.6339683654155975,0.6340136085734973,0.634043996222128,0.6340597485140447,0.634060003727094,0.6340460489187122,0.6340171726663936,0.6339736993601734,0.6339154360328806,0.6338426346650856,0.6337546621045024,0.6336514632393422,0.6335331306002054,0.6333994885553426,0.6332500170031504,0.6330842333329372,0.6329023769908996,0.6327036581341695,0.6324879310533653,0.6322549418045413,0.6320033503898855,0.6317334666785425,0.6314444989845254,0.6311351776094333,0.6308059062428455,0.6304559295181767,0.630082992970721,0.6296882232866035,0.6292697171016102,0.628827011700586,0.6283592538576966,0.6278647346349936,0.6273429615431872,0.6267930998117429,0.6262131065019261,0.6256025512735289,0.6249594685969718,0.6242847062343022,0.6235714429465642,0.6228234180407748,0.6220374057371943,0.6212115311678248,0.6203441185083476,0.6194329966607972,0.6184770835213749,0.6174730871233167,0.6164196935065785,0.6153146245310558,0.614155120986331,0.6129391572867305,0.6116645803126425,0.6103265458362744,0.6089242149825831,0.6074541314435038,0.605912984111334,0.6042976484587469,0.602604194158045,0.6008296937361368,0.5989698747033702,0.5970201231710379,0.5949775738437517,0.5928373923617887,0.5905946514965782,0.5882528274568412,0.5857827016342355,0.5832033577784843,0.5808569314213633,0.577669385075254,0.5747033223676564,0.5715965572620189,0.5683407496287027,0.5649311540698818,0.5613589797553308,0.5576167845677286,0.5536968256292516,0.5495909383083046,0.545289916442655,0.540784777013369,0.5360657877927015,0.5311226519976755,0.5259570987444888,0.5205222274819644,0.5148425530465118,0.5088911742232094,0.5026591526991766,0.49613115943191755,0.489295818863009,0.4821327910855553,0.4746321768913164,0.4667746660538158,0.45854562153819084,0.44992838978269156,0.4408996808186645,0.431442883578672,0.4215393083140172,0.4111664380474389,0.4003016363532032,0.3889223251992237,0.37700355358688437,0.36451984299727547,0.35144851420942386,0.33775000572456076,0.3234067168172204,0.3083836974205294
0.006708619586547219,0.12898412207736534,0.14071246515399116,0.1526781310972148,0.16484101245958238,0.17730292423187224,0.19001713698580958,0.20281707221590467,0.21584361912360694,0.22906733784175543,0.24245856504829746,0.25590046989266724,0.26939372750658197,0.2829593265362043,0.29656146401865435,0.310164028437849,0.32373066956768465,0.33722554708361974,0.35055504367119616,0.36367374196391705,0.37660326727298216,0.3893098436147745,0.4017643162356315,0.41394501408429885,0.42583704781034765,0.43727124732639766,0.4482408200662249,0.45887217424062615,0.4692055878308645,0.47895946787279337,0.48818660835894634,0.497225791421729,0.5055279283347933,0.513547406225212,0.5210914288123298,0.5281973878045055,0.5348461293092208,0.5412783572379154,0.5469542383924072,0.5527256542057181,0.5578747493053688,0.5625207403014995,0.5672882776593238,0.5716341888117736,0.5754629710142921,0.5790168930944878,0.5826947094118629,0.5861189312629143,0.5891888201969685,0.591955719959802,0.5944608733024175,0.5968659433549525,0.5993718184953153,0.6017520246173387,0.6039258683417256,0.6059180196386222,0.6077477651208717,0.6094329581486753,0.6109884115007709,0.6124269698273317,0.6137597700586872,0.6149963737488396,0.6161806168218411,0.6174134663222539,0.6186601093492852,0.6198238949595674,0.6209078342709046,0.6219184608988437,0.6228612407648451,0.6237417697649157,0.6245635967955225,0.6253322622430951,0.6260510213628854,0.6267234198403902,0.6273516952118099,0.6279395367370401,0.6284892319385087,0.6290029341707367,0.6294828865510081,0.6299312012322952,0.6303490544338894,0.6307386561311853,0.6311008486501622,0.6314376177145882,0.6317503331238862,0.6320392193471411,0.632305301182099,0.6325505274691996,0.632775341294154,0.6329800011411433,0.6331658812459312,0.6333332123331779,0.6334825211942724,0.6336147724456117,0.6337298596091071,0.6338289320379762,0.6339114298820114,0.6339782155521542,0.634029136424326,0.6340650463855535,0.6340855207875349,0.6340910703148357,0.6340816221168247,0.6340574101152398,0.6340179329138655,0.6339644256162226,0.6338943572613309,0.6338101906652199,0.6337105841454349,0.6335954853412722,0.6334646165008958,0.6333181205172994,0.6331552393699695,0.6329760250851196,0.6327798556520171,0.6325665316012647,0.6323354701171628,0.6320877346702779,0.6318183788871868,0.6315309380461547,0.6312239461015939,0.6308966216056189,0.6305477418122986,0.6301773498281831,0.6297836669135255,0.6293668941144743,0.6289260729820255,0.6284586589772044,0.6279656443781038,0.6274452638194082,0.6268961439811159,0.6263174758543009,0.62570787173005,0.6250657606898761,0.6243903166687765,0.6236798585800576,0.6229329492624962,0.6221477927951776,0.6213224146962217,0.620455497293334,0.6195454668673437,0.6185896471604511,0.6175866506647891,0.6165341361618305,0.6154293646084882,0.6142705515489588,0.6130550285437252,0.6117801484972952,0.6104436127621445,0.609041699842052,0.6075719547687826,0.6060312349745358,0.6044161644745355,0.6027231866951727,0.6009488014489701,0.5990893141528494,0.597140293842024,0.5950979916837718,0.5929584893414068,0.590715699824481,0.5883661259922456,0.5859042365492809,0.5833251252617837,0.5806235357367554,0.5777917580240083,0.5748265848889255,0.5717188463373558,0.5684642535517925,0.5650539606770915,0.5614830708601576,0.5577401209242,0.5538212538199594,0.5497149474084673,0.5454142751526148,0.5409092825316929,0.5361899687807974,0.5312483003011674,0.5260716634823142,0.5206465607861598,0.5149676403047904,0.5090160039708171,0.5027839796380316,0.49625865604973085,0.4894197216023852,0.48225778659498464,0.4747620792349476,0.46690000376897023,0.45867089015635004,0.45006617969600726,0.44102689536006223,0.4315689699695925,0.42166511649253746,0.411291956859265,0.40042745874271785,0.3890479694357806,0.37712947001434555,0.36464605578094555,0.35157164341813657,0.3378763460370359,0.32353304252282183,0.30850983408407195
0.00651733960488242,0.12190463428408613,0.13342089529101792,0.14519141364004706,0.15729424412916593,0.1695654092529805,0.18205893373688253,0.194819324586596,0.2078143196494247,0.22086287608628158,0.23409608653580863,0.24748664521963887,0.26100196064710074,0.27460944985378316,0.2881844698572821,0.3017507530926055,0.3153031048169774,0.3288050480263466,0.3422194869748538,0.3555092179978067,0.36864089814887263,0.3815713627570765,0.3941690261878998,0.406461229488597,0.4184573289817017,0.4301426874731644,0.4415162740616436,0.4524849310450572,0.46285910167909816,0.4728960577187617,0.482657672730224,0.49170513466244364,0.5003978422279383,0.5087948892602149,0.5164283043173894,0.5240093223618335,0.5307505594486794,0.5374759955385511,0.543526248182502,0.5492165548912081,0.5548462094955806,0.5597230302297492,0.5644002824295418,0.5690862900108363,0.5732279742240484,0.5768918090553786,0.5804873256779013,0.5841268490290084,0.5874123195861188,0.5903638119100527,0.5930288594693767,0.5954562530293029,0.5978998050666305,0.6003941191802842,0.6026940917870723,0.6047972821011396,0.6067263750272033,0.6085000832200806,0.610135134820065,0.6116451356167698,0.613042482948811,0.6143375643751751,0.615540536767744,0.6167380771589801,0.6179901442695488,0.6192069073202291,0.6203393182334941,0.6213942993496644,0.6223782423514466,0.6232959986107252,0.6241532255083448,0.6249544723357784,0.625702753276161,0.6264025482181081,0.6270569509358261,0.6276691624939695,0.6282409011532901,0.6287753780340696,0.6292747998735461,0.6297411363148541,0.6301762844674292,0.630581849575922,0.6309591158981857,0.6313100996447407,0.631635563814584,0.6319368557661578,0.6322156148411314,0.6324716949389548,0.6327066936908833,0.6329211454927905,0.633116114635731,0.6332922100694578,0.6334500183287196,0.6335898120074573,0.6337124658667189,0.6338184521515908,0.6339073417135017,0.6339806069110542,0.6340383563428027,0.634079037833363,0.6341059825900472,0.6341154761124119,0.6341110965525377,0.6340910960424987,0.6340559065541005,0.6340057844985055,0.633940342430078,0.6338597089343919,0.6337635697614741,0.6336521503035204,0.6335244906468934,0.6333808256197796,0.6332212051949015,0.6330443290956641,0.6328510215886664,0.6326398232985728,0.6324111992720955,0.6321643497387156,0.6318986557727487,0.6316131216840013,0.6313080420662122,0.6309822672773184,0.6306361154143719,0.630266281197023,0.6298745378813384,0.629459173767851,0.6290192359156953,0.6285621861530427,0.6280624695691325,0.6275432743678323,0.6269951741225789,0.6264174848361268,0.625809026466703,0.6251680964543819,0.6244937030312576,0.6237844463323887,0.6230377107824963,0.6222533880100621,0.6214289648933113,0.6205631671600054,0.619653624046056,0.618698725113519,0.6176961211311884,0.6166443586790497,0.6155402739644448,0.6143821642089551,0.6131675285072707,0.6118928732747629,0.6105564547377239,0.6091551751217008,0.6076858266381278,0.6061456973662991,0.6045309680880927,0.6028394527383777,0.6010643706226377,0.5992052399172553,0.5972566375692019,0.5952147113327975,0.5930750184206273,0.5908328866516205,0.5884835866685253,0.5860220492129548,0.5834434466141849,0.5807411561311565,0.5779103595975629,0.5749445774863701,0.5718377932813369,0.5685830063094384,0.5651733231215783,0.561601643539995,0.5578599954805824,0.5539406399819382,0.5498351730551931,0.5455343201561316,0.5410293815338784,0.5363114611289714,0.5313678962474631,0.5261905529940725,0.5207703596886414,0.5150870369774642,0.5091373619790627,0.5029092515166258,0.4963780511299043,0.4895405462272655,0.4823793287243461,0.47487834375777704,0.46702177313047855,0.4587927746331106,0.4501739363477397,0.44114624972129235,0.43169092778843166,0.42178727391713744,0.41141436705011336,0.40054997909690465,0.38917042497599036,0.3772522394405445,0.3647682248343088,0.3516938043526527,0.3379988886101479,0.32365539075793875,0.30863327251778894
0.006331513506973245,0.11487535206664248,0.12621580197637122,0.1379190740899932,0.14974499888542964,0.16188475436769098,0.1743279356047831,0.1868940990012592,0.19967953698048385,0.2126968789698575,0.2259179646789328,0.23920803923124995,0.2525980378132231,0.2661020302943414,0.2796865445784089,0.29331621541129854,0.3069557541093559,0.3205273869763893,0.33396337743462823,0.3472953876603358,0.3604864133537235,0.3735003533947353,0.3863048547465007,0.3988720675535392,0.4111722866877468,0.42304332263137057,0.43451618536370695,0.44565292032047116,0.456469059308377,0.46688764057903026,0.4766447991323318,0.48610385999631495,0.49523664780007726,0.5035983554657936,0.5118647759310289,0.519354020251284,0.5267311253275682,0.5333418790301618,0.5399591281598798,0.5457245094379221,0.5515031881128272,0.5568545557659433,0.5615491860715351,0.5663047301744847,0.5708000981069633,0.5747516181401028,0.5783203083278654,0.581977038829915,0.5855014145031548,0.5886561556721697,0.5914957553838112,0.5940635255368968,0.5964607139978929,0.5989456668684598,0.6013820660289054,0.6036053631399179,0.6056409494360774,0.6075095933677714,0.6092292424991632,0.6108160126131517,0.6122817679840447,0.6136396186576366,0.6148982880974887,0.6160820185131883,0.6172992554697208,0.6185537621137422,0.6197374562277441,0.6208393534023415,0.6218662407623166,0.6228239940076983,0.6237182375326855,0.6245527519312289,0.6253325317638505,0.6260615731483163,0.626742863274655,0.6273800826377857,0.627974977485007,0.628531690114179,0.6290512769775455,0.6295366601315112,0.6299899258620203,0.6304117295922881,0.6308046735986018,0.6311703392925909,0.6315093829926707,0.6318237217124847,0.6321144798208821,0.632381867706105,0.6326281079568495,0.6328526405566934,0.6330577671352541,0.633242424643528,0.6334086093982035,0.6335567946378752,0.6336876098557417,0.63379993245656,0.6338962675940638,0.6339759844834786,0.634039676161062,0.634086082746139,0.6341179115155735,0.6341330935007061,0.6341335704880738,0.6341183602928805,0.6340878819853037,0.6340418461859082,0.633980894248998,0.6339041929183501,0.6338110797037226,0.6337028420316937,0.6335785423390826,0.633438572430176,0.6332811173795647,0.6331076819586433,0.6329165312020099,0.6327082263829402,0.6324819139500868,0.6322373961310602,0.6319737471786641,0.6316904975209121,0.6313875162948347,0.6310635428975366,0.630718392118972,0.630351252040446,0.6299611716310491,0.6295470798359206,0.6291089542097114,0.6286453155928035,0.6281543529922365,0.6276364270383131,0.6270898025141792,0.6265134003878965,0.6259060463324596,0.6252661560354528,0.6245927019018991,0.623884340592346,0.6231387457491953,0.6223550806376353,0.6215316648044313,0.6206666609509175,0.619757855326218,0.6188035171092328,0.6178018890220014,0.6167505423156977,0.6156472495661282,0.6144895693871346,0.6132751711469094,0.6120017403741521,0.6106656240957645,0.6092647037327434,0.6077959578178891,0.6062562867990033,0.6046419197728828,0.6029501937145928,0.6011762033416044,0.5993173218517404,0.5973691714776275,0.5953277185097035,0.5931881656624034,0.5909467116793087,0.5885976998004289,0.5861366779820835,0.5835612983595804,0.5808558839393073,0.5780253185481908,0.5750606623771725,0.5719530955404223,0.5686987333208742,0.5652892218514283,0.5617176261905407,0.5579764533827044,0.5540595781681461,0.5499533300708475,0.5456508606439472,0.5411476779993164,0.5364277121110059,0.5314849650342548,0.526307691867685,0.5208850381600473,0.5152044868204485,0.509254850687958,0.5030234757733609,0.4964956318429672,0.4896587308167204,0.4824975780904406,0.4749980252762138,0.46714004540408804,0.4589115202239779,0.45029252998498137,0.44175598309697817,0.43180961685893215,0.421907322217694,0.41153425677869016,0.4006726763877539,0.38928989587041113,0.3773707716995545,0.364887252195749,0.35181270550012783,0.33811804507330273,0.32377482653592266,0.30875175803150956
0.006150985788580498,0.10795016343848343,0.1192112958263673,0.13059872579016635,0.1423434228984231,0.15437390749200594,0.16655160325997026,0.1790263012037029,0.1917726936547134,0.2046203109008069,0.2176559661411522,0.23088541088228298,0.24427940927139405,0.25779211761558535,0.27128699802895473,0.28484831134214866,0.2984424829166475,0.3120322047756946,0.32558161524788465,0.3390540490497061,0.3524124472052604,0.36554529187952156,0.3784399948471108,0.3911045883186697,0.40351097827724175,0.4156365075138849,0.427467586725761,0.4389384862037253,0.44985678724185696,0.4604057003853265,0.4706492260367554,0.4804463020031639,0.4895770073244764,0.4985237408134059,0.5068490262751049,0.514741196005256,0.5223219092664935,0.52928951546933,0.5359732548587192,0.542293377542722,0.5479552896305682,0.5536985236671988,0.5587594222533616,0.563401698988021,0.5681553325017245,0.5724355632739787,0.5762099465230963,0.5797685223322389,0.5834419515857058,0.5868211921713846,0.5898525677323094,0.5925861591743383,0.5950622710124948,0.59747677218058,0.5999825158965107,0.6023364618919385,0.6044867476830132,0.6064572034538052,0.6082681550870184,0.609935910612371,0.6114753809783089,0.6128994308600689,0.6142184178697347,0.6154423704989549,0.6166267761627569,0.6178636497351886,0.6191006453572826,0.62025220730846,0.6213249202289206,0.6223242349886413,0.6232564948222343,0.6241268664119529,0.6249399986051807,0.6256991036843524,0.626408478653641,0.6270716498013026,0.6276916420495231,0.6282707560126609,0.6288117054266332,0.6293167858487513,0.6297883681238994,0.6302277651207665,0.6306370048696542,0.6310182303480476,0.6313714245948804,0.6316992732420268,0.6320022443130703,0.632282238900626,0.6325388525332519,0.632774672715934,0.6329892461346028,0.6331836637243302,0.6333594591105612,0.6335150656067529,0.6336532945286241,0.6337738201557352,0.6338767996779338,0.6339630144438372,0.6340327253392994,0.6340858641122149,0.6341233232201189,0.6341445061383093,0.634149555226795,0.6341393200021402,0.6341133986513718,0.6340718185359283,0.6340146799017541,0.6339416847244949,0.6338531396001053,0.6337483374144317,0.6336275225039268,0.633490458292412,0.6333362193750598,0.6331654510683612,0.6329772799423415,0.6327717054167521,0.6325479689335525,0.6323054471970068,0.6320450519955961,0.6317638998318464,0.6314621336283041,0.631140178126105,0.6307969419934217,0.6304313909163148,0.6300429153487215,0.6296308670194464,0.6291938710289783,0.628731605178371,0.6282423230321627,0.6277258395418556,0.6271803310019356,0.6266051134700705,0.6259988106082538,0.6253601331017972,0.6246877034621758,0.6239800302294922,0.6232359010032695,0.6224530333753836,0.6216303871952833,0.6207660738397847,0.6198589056055956,0.6189046938346667,0.6179036980740069,0.6168528965586965,0.6157641421244225,0.6145932707023944,0.6133798516224053,0.6121069558655375,0.6107714326465835,0.609371763601724,0.6079455090947405,0.6063630577029879,0.6047493908171778,0.6030605515770694,0.6012849591140939,0.5994264191420894,0.5974781266689375,0.5954370119609569,0.5932979069038096,0.5910575344478767,0.588707836565438,0.5862479002524089,0.5836685167693081,0.5809670726838406,0.5781365557010826,0.5751719641158198,0.5720679396780769,0.5688105665348979,0.5654013571036536,0.5618299699468307,0.5580888359054709,0.5541886467185257,0.5500646420065651,0.5457640716539165,0.541260444257894,0.5365410333967766,0.5316016853993812,0.5264215292578227,0.5209986396921681,0.5153191197365646,0.5093693526544407,0.5031374182630417,0.49660986164675136,0.4897730024438036,0.4826118056284443,0.47511120000855955,0.4672548510539146,0.4590262352105147,0.4504072988605725,0.44138109594524844,0.431925084837267,0.4220211363135128,0.41164819929073504,0.4007841109851666,0.38940441082061,0.3774861981844542,0.3650027861637729,0.3519280340808945,0.33823397049286247,0.3238906224123797,0.30886748002986075
0.005975605379290422,0.10122316740551435,0.112163741353445,0.12347557348610758,0.13505453677189952,0.1468412475233069,0.15895842049437223,0.17129613000946056,0.1838028105347311,0.19657393466054654,0.2095826508122417,0.2226968793907336,0.23593566795764714,0.2493288227639772,0.26284420736428865,0.27644695377628803,0.2900907430508691,0.3036533630395594,0.31719294532151604,0.330677387679421,0.3440684779500379,0.3573302945927889,0.3704276377177361,0.3833291365183325,0.3959697644689055,0.4082261600041835,0.42016545161898283,0.4317870387998518,0.4430881539166856,0.4540550662213414,0.46440605970024745,0.4743503077136272,0.4840362543472954,0.4931056848218553,0.5016829372689094,0.5100702977892099,0.5176285090859889,0.525170763499208,0.5318462208984854,0.5385590316201085,0.544499674356461,0.5502195885034037,0.5557743872526448,0.5605799518661011,0.5652811819598335,0.5699178427412973,0.5739981115943792,0.5776220027338724,0.5812360537610436,0.5848465006779682,0.588089713516077,0.5910046353605037,0.5936375318250713,0.596049285242305,0.598504004026059,0.6009841533003079,0.6032591027621639,0.6053393617004098,0.6072476631768177,0.6090028232014661,0.6106210393404177,0.6121152247185448,0.6134981955144854,0.6147801256532264,0.6159730191638746,0.6171741888159608,0.6184270827338252,0.6196310537268654,0.6207514688259946,0.6217951335742384,0.6227683229827173,0.6236757687411336,0.6245230500810413,0.6253146086561099,0.6260534458104656,0.6267441645871051,0.6273897421201744,0.6279923184994775,0.6285556086634517,0.6290816433887143,0.6295726257833837,0.630029975637108,0.6304561544712932,0.6308531086157494,0.631221345511457,0.6315632165272633,0.6318791807890742,0.6321712297183396,0.6324400063714652,0.6326871214140999,0.6329111332176568,0.6331160065875872,0.6332998705928448,0.6334650731243221,0.6336115953128284,0.6337397580939751,0.6338504214705676,0.6339435608768591,0.6340193172141826,0.6340792249956997,0.6341219023316594,0.634148848979538,0.6341594078290135,0.6341539775658437,0.6341328457016528,0.6340962594010343,0.6340429955592018,0.6339740829434583,0.6338892392601804,0.6337880976614999,0.6336709309367907,0.6335368608651278,0.633386077025116,0.6332188074769015,0.6330330162394022,0.6328299478316192,0.632608699298074,0.6323707894062665,0.6321098989072401,0.631831319327108,0.6315321602522179,0.6312125372325679,0.6308710353338817,0.6305072336606868,0.630120884393315,0.6297101927065505,0.6292747994776198,0.6288137788960723,0.6283261379176596,0.6278109240839714,0.6272667846932855,0.6266927608978181,0.6260876928587179,0.6254502009489165,0.6247786600861157,0.6240721764964079,0.6233287341841987,0.6225472273270953,0.6217254206436139,0.6208617697847633,0.6199549984592152,0.6190024682794044,0.6180021554220556,0.6169516456498106,0.6158498104660646,0.6146933974021536,0.613480223153001,0.612207614911302,0.6108728521209614,0.6094729620615572,0.6080052090362578,0.6064662853609424,0.6048532378277639,0.6031617613153084,0.6013889474057739,0.5995308764750124,0.5975834868616428,0.5955426446796019,0.5934039849912525,0.5911629874432179,0.5888143728255404,0.5863538209629734,0.5837756663310627,0.5810745585282238,0.5782444452083696,0.5752798033533616,0.5721745455240059,0.5689191195719621,0.5655103159018772,0.5619398802300746,0.5581979881109301,0.554283082775544,0.5501739535221288,0.545873938491329,0.5413694080431432,0.5366515350495451,0.5317087646934879,0.5265318529553433,0.521109354728097,0.515429656539615,0.509479754015101,0.5032486205257563,0.4967210788032237,0.48988415159191656,0.4827326127914445,0.47522259140683787,0.46736870999153857,0.4591391405635126,0.45051865943178515,0.4414916804298622,0.4320369716380523,0.4221332472244562,0.4117600028924734,0.40089566581663033,0.3895167414888689,0.3775979596725954,0.3651149066875716,0.3520399854453537,0.3383456706851889,0.32400242772608584,0.3089852741743603
0.005805225516094896,0.09447111558989099,0.10531714910293133,0.11644763630401933,0.12780511285391183,0.13952371533008665,0.1514141625824697,0.16356873891254753,0.17602452466532553,0.1886587436519906,0.20145534536646806,0.21448104759307957,0.22770786918411015,0.2410706478784606,0.2544625630306126,0.2679663689166289,0.28154643371365523,0.2951675817329454,0.30879438240409296,0.32239064362119557,0.33585756852251153,0.34916593528291795,0.36232780399598946,0.3753067310285375,0.38806994111254406,0.4005892032110978,0.412842324794805,0.42475478328447397,0.4361765876578446,0.44723974000754024,0.4579742894927439,0.4683808021675034,0.47811103167319613,0.48746608217440257,0.4965769005996021,0.5048918106882733,0.5130604682458251,0.5205607186154151,0.5278272759287178,0.5344423623545792,0.5409861473372304,0.5467001096248875,0.5524838015396565,0.5577412654086017,0.5624052515325196,0.5671723873665392,0.5715981373445576,0.5754920439220945,0.579047955108046,0.5827174761766196,0.5861947041994846,0.5893092936435266,0.5921138814558092,0.5946515983194134,0.5970472784399371,0.5995426957110239,0.6019515503690255,0.60415085523038,0.6061641293911777,0.6080130857694339,0.60971468834223,0.6112845312886667,0.6127357049574458,0.6140791596781185,0.6153250308800728,0.6165044083695186,0.6177259194895209,0.6189744117658103,0.6201457831969694,0.6212357644992232,0.6222516954713231,0.6231984571476091,0.6240819592451963,0.624906809277963,0.6256770922349395,0.626396653785194,0.6270684725969704,0.6276963010801185,0.6282825628374139,0.6288301495258318,0.6293411264373423,0.6298173904131509,0.6302615408763822,0.6306745273803609,0.6310590108625355,0.6314147894945159,0.6317450110544528,0.6320495076090047,0.6323304264806054,0.6325883665571295,0.6328241577227806,0.6330381675320553,0.6332323773085761,0.6334061857220957,0.633561614676387,0.6336974205569341,0.6338154859350928,0.6339157353113555,0.6339986659005226,0.63406476829809,0.6341144738581539,0.6341469250510967,0.6341640227532516,0.6341624383006382,0.634148293437333,0.634113741990549,0.6340654697313455,0.6340006718529899,0.6339199739771215,0.6338225363734291,0.6337086772921722,0.6335783823077027,0.6334307284996661,0.6332661546289643,0.6330837019388721,0.6328840078315519,0.6326649234520356,0.6324276141901183,0.6321709651513131,0.6318947995220581,0.6315979057456865,0.6312801314711058,0.6309407885610799,0.6305787713846909,0.6301938849075155,0.6297849352716489,0.6293514919822031,0.6288920360727134,0.6284058597114069,0.6278918832318093,0.6273495298097448,0.6267764695316826,0.6261725810123041,0.6255365938487191,0.624866302353456,0.6241606422678772,0.6234181017567677,0.6226374097306423,0.6218163615133889,0.6209541483701584,0.6200474199937938,0.6190959290768092,0.6180963665132342,0.617046722774356,0.6159454682644129,0.6147897716473809,0.6135771858294295,0.6123054165805212,0.6109709877784842,0.6095718673202506,0.6081045362196833,0.6065709009152673,0.6049532665981902,0.6032623976368662,0.6014900648437107,0.5996327330451104,0.5976854475271489,0.5956449900913576,0.5935065090835838,0.5912658271638228,0.5889179451924568,0.5864574575892,0.5838795432941606,0.5811786412981989,0.5783489320077478,0.5753847103074913,0.5722782039081443,0.5690243960483019,0.5656155692377296,0.5620445951518843,0.5583037674774655,0.5543850935089538,0.5502801628909375,0.5459801597997431,0.5414760115362797,0.5367578322609377,0.5318155659163861,0.5266388286787591,0.521216246177204,0.5155365147664853,0.5095871162627776,0.5033556823602567,0.4968286910293567,0.48999176214463214,0.48283602507747037,0.475330322945285,0.46747415847953644,0.4592456155192572,0.45062708390727213,0.44159981290485506,0.4321447771356782,0.4222413093114449,0.411868634968541,0.40100441717734764,0.3896252784961742,0.37770684511143654,0.36522353876756297,0.3521488121411535,0.33861388904725426,0.3241115960204098,0.30908862856200114
0.005639703620576279,0.08789827017584101,0.09858499609120766,0.10947948220234646,0.1207627289007229,0.13220695214671824,0.14396709081144568,0.15605968647046584,0.1682559747724233,0.18074344467310446,0.19350006534086645,0.2064179910958043,0.2194618534644529,0.23269737276165628,0.24609352054248668,0.2596189980314213,0.2731739533764106,0.2867303943317229,0.3003158039032388,0.3138927566669173,0.3274243269210938,0.34087369424503805,0.3542057302701255,0.3673771030160154,0.3802665089851003,0.392889218377999,0.40524638457319734,0.4173155231887008,0.42908293503872424,0.440538434450636,0.4514590824069102,0.4619241115818855,0.47207542380925643,0.48188053671279124,0.49095025877539233,0.49978284619644553,0.5081517048378982,0.5159147824196518,0.5235102564896497,0.5303600173483201,0.5370737043711128,0.5432688778945731,0.5489330211846165,0.5546325480399353,0.5596074073909518,0.5642578723647644,0.5689863143296616,0.5732017123522682,0.5769220730031112,0.5804929685947003,0.5841543054528895,0.5874891951747023,0.5904825126013289,0.593182758155135,0.5956321745664426,0.5980574370698529,0.600559185804991,0.6028863501168608,0.6050133890967047,0.6069626152875868,0.6087542447957309,0.6104044891334685,0.6119280229130712,0.6133369484435776,0.6146423515435334,0.6158535645348496,0.6170395363614719,0.6182805026060046,0.619505312109117,0.6206446334575494,0.6217053888657377,0.6226937349440661,0.6236154238142074,0.6244756037239981,0.6252786112481167,0.6260278837812507,0.6267277617087037,0.6273821020290602,0.6279925248635537,0.6285623086366177,0.6290942357524069,0.6295904382599435,0.630052705703024,0.63048301579202,0.6308831387640665,0.631254706072558,0.6315989083674953,0.6319169421341514,0.6322102608595209,0.6324798907214105,0.6327267340843112,0.6329518528352279,0.6331554440137134,0.6333387442557271,0.6335025010165322,0.63364705314242,0.6337731244472343,0.6338808044349146,0.6339707794701632,0.6340438173802685,0.6340989170531733,0.6341372789640044,0.6341591382654391,0.63416445338733,0.6341537518955106,0.634126024034351,0.6340817915965337,0.634021754143124,0.6339449167974915,0.6338516379937938,0.6337413826022311,0.6336145649503575,0.6334702789847525,0.6333088969457217,0.6331295285584596,0.6329322531045057,0.6327162441327853,0.6324817417267381,0.6322274851915873,0.6319534424046488,0.6316588163700603,0.6313433063206628,0.631006138830955,0.6306459740078565,0.6302629258016581,0.6298560906463433,0.629423753400286,0.6289660235378975,0.6284813488721138,0.627968988908247,0.6274276776882857,0.6268562286920435,0.6262536113532925,0.6256184723011626,0.624949318797404,0.6242447148021786,0.6235037252157739,0.6227238980942498,0.621903781103657,0.6210420160554698,0.6201365535133969,0.619185474104856,0.6181870017001198,0.6171383885399625,0.6160379187339593,0.614882681395641,0.6136707848365075,0.6123993440385065,0.6110657329072605,0.60966707125854,0.6082003550093388,0.6066623981802605,0.6050500883039219,0.6033597143479027,0.6015879483557873,0.5997306724379824,0.5977839361717956,0.5957441058809099,0.5936060505844406,0.5913653663412503,0.5890177195422185,0.5865579295788852,0.5839802738511911,0.5812796010031825,0.5784501132686832,0.5754857072225368,0.5723800085895095,0.5691262838984681,0.5657180068884682,0.5621471768925657,0.5584065234904715,0.5544878878764735,0.550383389990041,0.5460834878633263,0.5415793077418728,0.5368614021446079,0.5319192260973195,0.5267426263585748,0.5213205984785633,0.5156409787445665,0.5096915749001527,0.5034601199959224,0.49693298097512417,0.4901114582340398,0.4829359570133661,0.47543521056532334,0.46757913327501455,0.4593507778086809,0.4507320278232949,0.44170483249995296,0.43225017133102595,0.4223465566031237,0.4119743029812931,0.4011099517171532,0.38973091322888526,0.37781256400030166,0.3653292362696957,0.352254518582842,0.3385603141890518,0.32421756610521574,0.3091944947927179
0.005478901179593939,0.0814927104131318,0.09189552153846375,0.10271060542625282,0.11371135009301558,0.12503985016249228,0.13668236344189966,0.14848494030580783,0.1606167936254595,0.17302157728260564,0.1855409389956911,0.19832238283663767,0.21133932725284657,0.22452550707961422,0.23776963346243682,0.2511652610594501,0.2646792919575807,0.2782779036149363,0.291926541882634,0.30554972026441823,0.3190757151458448,0.33254172629703216,0.34590953229204285,0.3591420718090693,0.37220471850226217,0.38506548255444106,0.3976955274422037,0.4099797279685015,0.42186241332068586,0.43341855624208586,0.44464655174046364,0.45556314111146173,0.4659386641272004,0.47578861433042896,0.4853731607759227,0.49448766324074117,0.5029499397329231,0.5112989482695711,0.5188090884819468,0.5262893533373832,0.5329215422858202,0.5396015657149246,0.5454506835881654,0.5512003195064638,0.556665846728681,0.561411626882074,0.5661373794296203,0.5707140771705108,0.574733995176261,0.5783261517878284,0.5819577082597189,0.5855324354562389,0.5887332363781913,0.5916119284233183,0.5942134556219604,0.5966133074837969,0.5990798150949038,0.6015410283182443,0.6037897602981483,0.6058476196957554,0.607735417654973,0.6094719330402895,0.6110730439834162,0.6125517931320794,0.61392026375127,0.615188665416168,0.6163729108095554,0.6175780024135318,0.6188289403030407,0.6200203696433286,0.6211285028819393,0.6221606930528157,0.6231224300235321,0.6240193699747252,0.6248564378392538,0.625637568497169,0.6263668151796122,0.6270478539127023,0.6276840247542003,0.6282778841321438,0.6288313491155464,0.6293484335805354,0.6298295926772023,0.6302778890459557,0.6306950519599485,0.6310822719586013,0.63144107381024,0.6317729090668973,0.6320793654704918,0.632362019489727,0.6326195073283408,0.6328554930343402,0.6330705802278321,0.6332626038177464,0.6334354293868522,0.6335885512910393,0.6337226444600752,0.633838065420797,0.6339353440353415,0.6340148030524733,0.6340767532891691,0.6341215518621295,0.6341492068386726,0.63416010714267,0.6341544122659979,0.6341316855445432,0.6340929037226539,0.6340367034994493,0.633964160398083,0.6338748810430337,0.6337691092540062,0.633645551822212,0.6335046858301081,0.6333466011301524,0.6331705401388558,0.632975902595855,0.632762862078935,0.6325309646777765,0.6322793314482676,0.632007991311345,0.6317155040320391,0.6314021405385211,0.6310670763705873,0.6307092180521983,0.6303278093276894,0.6299226631870174,0.6294923651145851,0.6290359954461219,0.6285532394927934,0.6280423628616668,0.6275021219264126,0.6269321860626764,0.6263308064315701,0.6256971353862814,0.6250288278182348,0.6243255472326006,0.6235852731385232,0.6228066080533915,0.6219875993296866,0.6211267661336664,0.6202223761088048,0.6192720245360048,0.6182739832420538,0.6172261661186095,0.6161264984337848,0.6149721003096091,0.6137609793205309,0.612490234917035,0.611157035800019,0.6097591221899494,0.6082930565477407,0.6067553895609719,0.6051435270706328,0.6034542493775329,0.6016822653684517,0.5998255237121711,0.5978794501566085,0.595840034727686,0.593702137628082,0.5914620520375405,0.5891148009400428,0.5866548258696024,0.5840776341428133,0.581377197015997,0.5785482606477615,0.5755837908798175,0.5724790209822378,0.5692250705753148,0.5658166902460651,0.5622464848801002,0.558505789720631,0.5545880140891042,0.5504829316428512,0.5461834328531707,0.541679773685723,0.5369616377489081,0.5320199354394402,0.5268435614869151,0.5214210900471351,0.515741581003497,0.5097923967967453,0.5035611817802235,0.49703441442934304,0.4901982161444032,0.4830372375295888,0.47553673360087645,0.4676816893242389,0.45945244959178616,0.45083411441181265,0.4418068558218169,0.43235200207257585,0.42244877196764363,0.4120765945038556,0.4012122669603017,0.3898332299880313,0.3779151097336931,0.3654319378945573,0.35235776630580257,0.33866338649185773,0.324319986580101,0.3092972509998113
0.005322683629372804,0.07507782924313625,0.0853969181857821,0.0959588067530705,0.10682252029228628,0.11801379372961178,0.12938840251701772,0.14112250898399337,0.1530784071292996,0.16524726102882153,0.17771531869853532,0.19041876399771623,0.2032257925176247,0.21626005305337836,0.229491826882144,0.24289173053348678,0.25632200634800356,0.2698244956212968,0.2833999340424032,0.29701239202146834,0.31062592760541496,0.3242042734623946,0.337709557410923,0.35102874525982536,0.36416071186873766,0.3771040642275015,0.3898252326923633,0.4022957656629693,0.4144933730664547,0.426397638340796,0.4378252458347293,0.4488135825686459,0.459464755642711,0.4698166247987356,0.47956226996442397,0.4888126582584349,0.4978674678080103,0.5061682113167998,0.5142138435445957,0.5217486200367273,0.5288827345549613,0.5355228623371145,0.5419744291882614,0.5476536002262871,0.553427197691002,0.5585924059654158,0.5632379496423985,0.5680044949379867,0.5723616488908807,0.576199043041566,0.5797494900358651,0.5834242967408004,0.5868548567231603,0.589929580650295,0.5926995587250694,0.5952071054236849,0.5976062067426312,0.6001074417069074,0.602488775663934,0.6046632254584554,0.6066547233606527,0.6084838012747308,0.610167218687414,0.6117206690147241,0.6131562574137002,0.6144854192258768,0.6157180636748824,0.6168950511347109,0.6181202955014378,0.6193607684496223,0.620519265590594,0.6215976844958006,0.6226015539162354,0.6235374168150485,0.6244105327045565,0.6252247582908927,0.6259849137196845,0.6266944551434818,0.6273568117790631,0.6279750240029999,0.6285521397269297,0.6290900461038378,0.6295916324874828,0.6300586118059577,0.6304931639125013,0.6308971779183791,0.6312718047369519,0.6316174199117975,0.6319376276814369,0.6322320729656665,0.6325023738906979,0.6327494457254912,0.6329745761664554,0.633177303834145,0.6333597119338915,0.6335234376770422,0.6336655171669698,0.6337877591816822,0.6338927991816848,0.633979148950467,0.6340479594632084,0.6340991898500427,0.6341326871228035,0.6341492856688627,0.6341488793061365,0.6341317209814901,0.6340972628293694,0.6340459543221514,0.6339779413678073,0.6338929903297239,0.6337905855945741,0.6336713639194117,0.633534142969092,0.6333790937958133,0.6332063130424924,0.6330149111206442,0.6328050625435507,0.632575568792042,0.6323266145223013,0.6320577780406185,0.6317678324923485,0.6314567628184372,0.6311234444343966,0.6307677960083967,0.6303885879408876,0.6299851803950726,0.6295566364351945,0.6291021940209045,0.6286206537179058,0.6281115362714685,0.6275729843920091,0.6270043199175471,0.6264043684638354,0.6257715095158126,0.6251049164299965,0.6244024774988017,0.6236635161308174,0.6228856955046828,0.6220680980974057,0.6212078971652482,0.6203042973604282,0.6193549311326743,0.6183578685373905,0.6173108745418651,0.6162115965987296,0.6150582107399682,0.6138475959754007,0.6125773522565761,0.6112449423504192,0.6098477081845339,0.6083819958586872,0.606845043524453,0.6052337266579493,0.6035444720781701,0.6017745233134058,0.5999171096827147,0.5979713653184695,0.5959666062386495,0.5937946739828456,0.5915549259573109,0.5892081005511132,0.5867489670589257,0.5841718494901333,0.5814719087694932,0.5786431202495003,0.5756789877329246,0.5725739021553837,0.5693205965535084,0.5659126688837656,0.5623429266201729,0.5586022164876304,0.5546841525315644,0.5505799615327172,0.546281199722026,0.5417766808992185,0.5370590852277589,0.5321172848859389,0.5269410953086561,0.5215195584254102,0.5158395054935999,0.5098904399095177,0.5036617235182393,0.4971325561609291,0.49030031393320694,0.4831358475797134,0.47563564476924747,0.46778000364300876,0.4595514181658395,0.45093303286819775,0.4419063630391422,0.43245119841094704,0.4225479582207894,0.41217558702308454,0.40131157845664805,0.38993265733247623,0.3780145872089817,0.36553134305527046,0.3524568383423711,0.3387628986217945,0.324420590140772,0.30939720365575085
0.0051709202428967555,0.06884629122927849,0.07897570559552705,0.08934523991877832,0.10009035336035163,0.11100300143597448,0.12230277983148327,0.1338100191514006,0.14558566174205415,0.15769451872861437,0.16995567002084033,0.1824553750859951,0.19522228132872638,0.20821115606474103,0.2212626787666182,0.23450364622665223,0.24790214040640032,0.2614266403280892,0.27504055667875477,0.2886070653402443,0.30218303323451556,0.3157466243044385,0.3292597662552178,0.3426860745434784,0.3559885607880118,0.3691341579359923,0.382066622136419,0.39466435911503706,0.40697215793141533,0.4189838138238995,0.43068604575596,0.4420777942501376,0.45304236947836546,0.4634292826281688,0.47348670973675977,0.4832601372655314,0.4923074452971181,0.5010235970351025,0.5094188167767797,0.5170703026250469,0.5246551979382721,0.5314103323740014,0.5381351190042796,0.5442074681180183,0.5498903347532056,0.5555309132146733,0.5604211076325221,0.5650910361758679,0.5697832002990958,0.5739345660381124,0.5776043330594264,0.5811924660729089,0.5848343383744111,0.5881251957358087,0.5910804817983133,0.5937479655461421,0.5961747771861399,0.5986114246745945,0.6011038714977948,0.6034045477133886,0.6055077004241572,0.6074360012682506,0.6092080870281247,0.610840816299514,0.6123481569019691,0.6137421202553234,0.6150335754567917,0.6162319978030136,0.6174209862590444,0.6186647261476594,0.6198763346083573,0.6210030655652278,0.6220517327604337,0.6230287088467941,0.623939610175545,0.6247887059628143,0.6255812609233345,0.6263204366770486,0.6270105775205809,0.627654668838342,0.6282557779220485,0.6288162097108019,0.6293383338759401,0.6298249470801025,0.6302775735698357,0.6306983870302656,0.6310889436049908,0.6314501307371934,0.6317854926216488,0.6320925565091388,0.6323750295368841,0.6326340646800483,0.6328696635841438,0.6330830931674584,0.6332761901867962,0.633446877773698,0.6335978910466971,0.6337295854739523,0.6338422139926144,0.6339362020773849,0.634011889337359,0.6340704577760987,0.6341097250473086,0.6341321898249151,0.6341372682633565,0.6341252291945726,0.6340959938519825,0.6340496276089512,0.6339860541132358,0.6339053856998608,0.6338071296509296,0.6336914824173463,0.6335580928448771,0.6334067324440549,0.6332373398741674,0.6330491352163083,0.632842039785975,0.6326158005609421,0.6323694190796442,0.632103319454931,0.6318158747322432,0.6315073717975289,0.6311759962535145,0.6308225687208817,0.6304451137676179,0.630043670251406,0.6296170649190903,0.629164323005737,0.6286846928999735,0.6281770418481855,0.6276400037473367,0.627072563039912,0.6264738935791923,0.6258427066101833,0.6251771136682371,0.6244759918336,0.6237381319393909,0.6229613643617318,0.6221447384698565,0.6212856540520831,0.6203828526610843,0.6194345149816817,0.6184381239696892,0.6173920746868707,0.6162936864341917,0.6151407069551491,0.6139312168547836,0.6126614346891108,0.6113298849335108,0.6099329144942834,0.6084685213645259,0.6069315447223854,0.6053207109125583,0.6036323510770629,0.6018617607356254,0.6000062575688054,0.5980604196394774,0.5960214210656826,0.5938844841402082,0.5916450676063094,0.5892984463806895,0.5868395040067625,0.5842630653179077,0.5815631648141488,0.5787349441999032,0.5757711020037293,0.5726665695549092,0.5694132017055211,0.5660054941756641,0.5624355672021988,0.5586961120894219,0.5547777656433087,0.5506734396408579,0.5463743809284107,0.541870598100667,0.5371533756076267,0.5322116319428012,0.5270354989350233,0.5216135543622986,0.5159381348078417,0.5099856412914299,0.5037546760279135,0.4972279434456721,0.4904014972705102,0.483236211693832,0.47573111779569666,0.4678765489680944,0.459647194201871,0.4510294046646479,0.4420029503467696,0.43254727166046114,0.42264432033200705,0.41227230610743637,0.4014156528121196,0.390029109701623,0.3781109302762458,0.36562815429271955,0.35255382185675826,0.3388602052382154,0.3245168512226682,0.30949421184318504
0.005023484020512821,0.06278414507058785,0.07263357759481998,0.08292069661607565,0.09335966989407313,0.10419274168393892,0.11525360491340153,0.12659896796927922,0.13830345914885017,0.15012377373549018,0.1622694591817533,0.1747189180065285,0.18727477711984283,0.20006675381859446,0.21309120323464967,0.22632014420086582,0.23959906904537093,0.25299713596090734,0.26650991071550445,0.2801036260506373,0.2937427966347224,0.3073926429131494,0.3209527614685966,0.33439969119987223,0.34774374059025265,0.36094651211168893,0.37397353728304994,0.38679226804528205,0.39937383377758806,0.4116812164839974,0.4235493496218601,0.43503872868432064,0.4461929814244421,0.4570276923482556,0.46744412934139373,0.4772130190941289,0.4866931905157665,0.4958266375734282,0.5042008208168628,0.5124829397859721,0.5199720567404662,0.5273671520357147,0.5339775111834977,0.5406057645740906,0.5463806809822939,0.5521545774297215,0.5575219773881737,0.5622219027697362,0.5669708742951501,0.5714772376296291,0.5754371918003642,0.5790060441129888,0.5826559705720117,0.5861865146674752,0.5893452877780317,0.592187931218811,0.5947578633817713,0.5971509811760416,0.5996292664889853,0.6020660784033334,0.6042897489347758,0.6063243920037299,0.6081919353153935,0.6099098221649155,0.6114931627542615,0.6129561922845812,0.6143100237660971,0.615564589850429,0.6167420842339824,0.6179503255323835,0.6191980351784492,0.6203758960870464,0.6214716329461536,0.622491929417428,0.6234422629259282,0.6243281288832939,0.6251548302425303,0.6259256061398412,0.6266447626148065,0.627315425905833,0.6279418805342056,0.6285253150066584,0.6290696023308401,0.6295766568846275,0.6300483754398182,0.630486561411308,0.6308936266075774,0.6312707238819775,0.6316194283056239,0.6319415836739279,0.6322368893187714,0.6325079870165775,0.6327552643741586,0.6329796003667519,0.6331820761799941,0.6333629904095897,0.6335234969558197,0.6336636556521088,0.6337841944551141,0.633885973924051,0.6339688072868435,0.634033432185817,0.6340799130930775,0.6341087870528718,0.6341198028552766,0.6341129128881576,0.6340889523396065,0.6340477824929313,0.6339887238961561,0.6339125302116426,0.6338184510269719,0.6337073463548809,0.6335771898745755,0.6334295456535689,0.6332637508303803,0.6330788107567726,0.6328749856282321,0.6326527438686816,0.6324079623217153,0.6321442711099317,0.631859278076844,0.6315528009479323,0.6312243087736921,0.6308728440473002,0.6304978683090328,0.6300981877940073,0.6296737116958929,0.6292226415830334,0.6287444366225435,0.6282388697056361,0.6277030497329973,0.6271374241668788,0.6265405120282194,0.6259109647710218,0.6252459259108605,0.6245459280565526,0.6238096615106568,0.6230337484561809,0.6222178474433044,0.6213605905154029,0.6204582308677702,0.6195105396551674,0.6185152639385478,0.6174699603127854,0.6163728082441186,0.6152208479419308,0.6140110180068977,0.6127423805816353,0.6114114552374837,0.610015201062464,0.6085505305625456,0.6070149552836774,0.6054046669016536,0.6037163665655866,0.6019462090643402,0.6000907476592555,0.5981485027756277,0.5961075373705591,0.5939710848016826,0.5917378957085583,0.5893859789738186,0.5869271910918833,0.5843510245353316,0.5816515586414642,0.5788260076597019,0.5758600528098622,0.5727554078371416,0.5695054395238117,0.5660953138341707,0.5625257615096687,0.5587862296894327,0.5548684200653402,0.5507641559746068,0.5464656142933062,0.5419621902274018,0.5372445576561289,0.532303490639038,0.5271277390062323,0.5217056561368575,0.51603459154955,0.5100778132497421,0.5038474298705966,0.4973244872158309,0.49048446776054866,0.4833240038391433,0.4758240489328214,0.4679684202206077,0.45974035227074456,0.4511221370132572,0.44209586859343686,0.43264093136880144,0.4227382004089498,0.41236550075453016,0.4015017567108327,0.39012296605011904,0.3782065324079365,0.3657223127546073,0.35264742327712323,0.33895361189811596,0.3246106022571185,0.3095881400678946
0.004880251583654429,0.05670839357981384,0.06647268729632816,0.07648422954286133,0.08682144069780823,0.0974413209125866,0.10832249716740056,0.11957573927808801,0.13096703772637386,0.1427166509415022,0.15473791830262393,0.16692122396182768,0.17940171455001416,0.19215459199433432,0.2049919750444101,0.21803435782619457,0.23127155097902247,0.24467307684664016,0.2581772484538704,0.271678040291755,0.2852483718177503,0.2988515319079115,0.31245165140984066,0.3260114892510971,0.33949537674809527,0.35285965159230165,0.36598709394775714,0.37889406959845673,0.3915721622036458,0.4039928684874756,0.4161335315984977,0.42798016566434494,0.43944982987100706,0.4503760210780516,0.4609430442914405,0.47120545489544974,0.4809968778684538,0.4901438306888771,0.4991109808069856,0.5074287140054453,0.5153446372206408,0.5229186731067431,0.5299095935923505,0.5365849469693971,0.5429259380588878,0.5485869253686064,0.5543345243418508,0.55940974847004,0.5640488119052949,0.5688034122468754,0.5730930014573092,0.5768745343376693,0.5804276111977726,0.5840993851601249,0.5874839159835975,0.5905189213247833,0.593254729051791,0.5957320532731345,0.598139489882469,0.6006410032226015,0.602995006628463,0.6051450300145147,0.6071145271855087,0.6089234885567719,0.610589300199784,0.6121251683065668,0.6135453451282145,0.6148603800991936,0.6160794208627877,0.6172553600700255,0.6184837409375183,0.6197145126051005,0.6208599987179774,0.6219258349085934,0.62291813010838,0.6238425345074833,0.6247043887710312,0.6255083170991318,0.6262577202309053,0.6269574130164767,0.627609550022672,0.628217602384597,0.6287844655090397,0.6293131299990948,0.6298041766189746,0.6302614173768495,0.6306858134080234,0.6310789527022311,0.6314429303304625,0.631779217423606,0.6320881657447429,0.6323723138035916,0.6326310824499454,0.6328665986346075,0.6330799190618193,0.6332704617268743,0.633440432031925,0.6335897485107652,0.6337190273356996,0.6338279893387788,0.6339184435782826,0.6339904532584054,0.6340433209389211,0.6340786164421723,0.6340953074305463,0.634094618036148,0.6340760211293284,0.6340398596979309,0.6339858207851407,0.6339140046543877,0.6338267598625489,0.6337168025172817,0.6335917649881618,0.6334473707096963,0.6332846667148392,0.6331033629428416,0.6329027535486235,0.6326822576986466,0.6324416907197529,0.6321818900270205,0.6318984701830747,0.6315946998577432,0.6312692304418417,0.6309194444036987,0.6305465802573185,0.6301490450501167,0.6297260979561471,0.6292770477318366,0.6288008481243699,0.6282964650037128,0.6277627786984338,0.6271985552160726,0.626602580216008,0.6259740798373811,0.6253112477975491,0.624612419636852,0.6238770104090686,0.623102695322683,0.6222876668601709,0.6214307886546346,0.6205300602069264,0.6195836893293216,0.6185890008627161,0.6175444832470837,0.6164479881119029,0.6152968465261921,0.6140885795423807,0.6128202796456875,0.6114896953940625,0.6100941222865356,0.6086302194114254,0.6070955289150763,0.6054855242920673,0.6037977567165573,0.6020282044070376,0.600173372440325,0.5982287040834875,0.5961907700350927,0.5940548647983597,0.5918164598893839,0.589470291168979,0.5870122153966364,0.5844364539959116,0.5817371506537988,0.5789093716610566,0.5759461481284555,0.5728425045622465,0.5695898460202182,0.5661822395027394,0.5626151472091413,0.5588745061330155,0.5549557964876497,0.5508522266828382,0.5465533510939252,0.5420584065642977,0.5373332012270625,0.5323928958516494,0.5272162699830012,0.5217950203215769,0.5161192471237382,0.5101686154409542,0.5039365215234533,0.49741155448084895,0.4905768963919861,0.48341422129091516,0.4760913288019831,0.4680585574579573,0.45983074301807997,0.4512125432795209,0.442194102028053,0.43273158619241414,0.42282862958857825,0.4124612694001064,0.4015936873508454,0.39021840703769145,0.3782956998951506,0.36581289046108667,0.35273883103096865,0.33904470637868694,0.32470209476485684,0.3096793864473565
0.0047411030715949695,0.05080659230594673,0.060398173936205835,0.07021405910145023,0.08039936762380051,0.09078709949749623,0.10158847530795734,0.11252182177934555,0.12383806297886217,0.13540851334345116,0.14720004095563363,0.15932258592658377,0.17165087426433132,0.1841632408037044,0.19694057108986954,0.2099558886267468,0.22305993522592138,0.23630611681676875,0.24970681129007036,0.2632295470944266,0.2768412865893756,0.2904793771827207,0.3040458763797482,0.31759546557444734,0.33108967867060035,0.3444917722297946,0.35776513555926687,0.37087490861826977,0.3837895607347092,0.39642653983218845,0.4086888658491938,0.42064287998358785,0.4322794432202102,0.44359722844191957,0.4545697698346959,0.46492243548109435,0.47488503776250746,0.4845887429967475,0.49365110617575786,0.502249573528132,0.5106403547397336,0.5182088179225423,0.5257590450622789,0.532443037623691,0.5391579644515802,0.5451152090161993,0.5508273404652074,0.5563948367679453,0.5612091835384992,0.5659036375796906,0.5705473321239226,0.5746356506125371,0.5782634339657491,0.5818697180064778,0.585482990951729,0.5887301727799165,0.5916479780396379,0.5942825518151086,0.5966918694696822,0.5991399976041493,0.6016182384309213,0.6038924997406238,0.6059719490349919,0.6078788435509355,0.6096315193987999,0.6112464652691783,0.6127375405640536,0.6141161762164234,0.615393441984501,0.6165805358866161,0.6177726620878966,0.619017045646815,0.6202153211675483,0.6213289163641451,0.6223652720311413,0.6233312464913164,0.6242296047229184,0.6250679668235665,0.6258495852516661,0.6265786574073422,0.6272582989117579,0.6278924176857391,0.6284831110458083,0.6290329776175149,0.6295452866609251,0.6300218526556814,0.6304649274676237,0.6308746862731387,0.6312546179588997,0.6316053111146416,0.6319286339386786,0.6322257738001513,0.6324974804646301,0.6327445014031523,0.6329679658627264,0.6331698048860526,0.6333488590457994,0.6335077091553187,0.6336449577671454,0.6337626641749131,0.633860848522222,0.6339401064540331,0.6340000423802459,0.6340417395932162,0.6340650007165146,0.6340703975724721,0.6340568679968377,0.6340258845609273,0.6339771316869564,0.6339100485772127,0.6338252141643963,0.6337218049272219,0.6336002833978563,0.6334601684018913,0.6333012396840855,0.6331235244081223,0.6329259106363088,0.6327088137386665,0.6324714439488274,0.6322134859341564,0.6319336141195225,0.631632274783784,0.6313085155733594,0.6309619178825939,0.6305911520454048,0.6301959757918748,0.6297747538255813,0.6293280786548627,0.6288532511064371,0.6283506467169272,0.6278182896261228,0.6272558324627308,0.6266614235747638,0.6260344493468378,0.6253730924868568,0.6246756571581377,0.6239410175061868,0.6231682218107852,0.6223545823188747,0.6214986417081767,0.6205987795715469,0.6196532216851375,0.6186596063983512,0.6176165968975095,0.6165205484980971,0.6153695495489295,0.6141620324848552,0.6128946630365568,0.6115652810600803,0.6101702116631137,0.6087069550753281,0.6071723784170191,0.6055631969029676,0.6038767341000013,0.6021070145476317,0.6002526319108246,0.5983087211078282,0.5962710448890185,0.5941356093167679,0.5918974263775438,0.5895520813662544,0.5870940894132608,0.5845186418276551,0.5818200961901099,0.5789923020115144,0.5760296431703144,0.5729256342221962,0.5696761906104837,0.5662665210699126,0.5626972887303923,0.5589583198826109,0.5550412773668651,0.5509375473741865,0.5466397485374714,0.5421358592822009,0.5374189430449956,0.5324823684118356,0.5273023153928909,0.5218808818275302,0.5162021006972632,0.5102537999694619,0.5040231973046609,0.49749741706480644,0.4906615682930019,0.48350608933713,0.47600173517279554,0.4681461383891308,0.4599182350463777,0.4513005036024643,0.44227401844296854,0.4328198686174688,0.42291653102754834,0.4125444538794817,0.4017094506878253,0.39030193089664383,0.37838424885430627,0.3659041590834571,0.3528293806090476,0.3391350264375302,0.3247912987789348,0.30976902800122486
0.004605922041145104,0.045073527978192425,0.054391649101077744,0.0641230430672386,0.0740181568721821,0.08432290763970617,0.09481947470452767,0.10566964542933022,0.11679195514524242,0.12815363539023766,0.13987716081796367,0.1517589720338282,0.16391860429186325,0.17637989180547542,0.1890046964493863,0.20180718638400075,0.21483955297403906,0.22807297832346998,0.24142525863878003,0.25482479192889507,0.26833620455028623,0.28192451799140594,0.2955546961849607,0.3091907358338456,0.3227953043507627,0.33625281415968966,0.3495718466660981,0.3627448542952197,0.37573550070334805,0.38851139557049813,0.4010438977484653,0.4133114879591034,0.4252199586000983,0.4366498991333361,0.44772890920866276,0.45847972785880625,0.46889314395240406,0.4786250847746108,0.4879993860512768,0.49711650242869865,0.5054366495007776,0.5136240429114541,0.5211188501081716,0.5284056097801034,0.5350167684502808,0.5415728593966759,0.5472922955945181,0.553073846765896,0.5583451773051077,0.5630109442309164,0.5677739162736932,0.5722088279569942,0.5761099605677052,0.5796635290018664,0.5833279674172881,0.5868098801796529,0.58992784022247,0.5927343568327967,0.5952729532330652,0.5976639300627231,0.6001525085829951,0.6025613705549285,0.6047597872338581,0.6067715611266657,0.608618468313578,0.610317187470218,0.6118836769540369,0.6133303292562062,0.6146692783159513,0.6159099898453828,0.6170819046350036,0.6182937807020196,0.6195352127250151,0.6206997696278105,0.6217829520239426,0.622790675403546,0.6237292011789126,0.6246040461541257,0.6254195317682413,0.6261790431303292,0.6268876991877557,0.6275480434192663,0.6281638552387617,0.6287373726943861,0.6292712824405017,0.6297678163418388,0.6302289975762762,0.6306570262845437,0.6310534375377438,0.631420162256505,0.6317580096756908,0.6320686838957414,0.6323530332935944,0.6326118070908963,0.6328470529964864,0.6330591027770407,0.6332493351504005,0.6334174199259558,0.6335634608294298,0.6336900007688657,0.6337962498550969,0.6338829919397577,0.6339499907460081,0.6339986840825179,0.6340279945096292,0.6340391758676501,0.6340318225489727,0.6340062736823041,0.6339625371963313,0.6339005123408574,0.6338200790082725,0.6337213976490331,0.633604021759957,0.6334679280779801,0.6333129919951662,0.633138573093083,0.6329445342783255,0.6327310164614869,0.6324961450969643,0.6322408645094715,0.6319643632816817,0.631665634411626,0.6313492883642818,0.6309999341733037,0.6306315537259499,0.6302387130343152,0.6298200476762782,0.6293745870198207,0.6289019546640978,0.6284010553036109,0.6278706100522261,0.6273099995880675,0.6267170791177071,0.6260912742937331,0.6254314082408301,0.6247352078255402,0.6240026475832618,0.6232300789261948,0.6224175915244659,0.6215632720996604,0.6206642487069503,0.6197256731294003,0.6187273226133352,0.6176844198642958,0.6165893866763766,0.6154399417802057,0.6142328226295072,0.612966598663858,0.61163750291239,0.6102432947611236,0.6087808200359195,0.6072466821629894,0.6056381257403708,0.6039518046830222,0.6021834107049138,0.6003290906311486,0.5983888774637618,0.5963486419113073,0.5942136093854364,0.5919759796516507,0.5896307979714578,0.5871735074075944,0.5845981581267372,0.5818998650921555,0.5790725215942546,0.5761988408572764,0.5730064190811556,0.5697546630544377,0.5663479498677366,0.5627790903005573,0.5590399220169183,0.5551232643705957,0.5510197750804617,0.546721564396905,0.5422194043856402,0.5375022172985526,0.5325970105714908,0.5274023544904018,0.5219645678746719,0.5162859808230068,0.5103390332920805,0.5041079710298031,0.49758131053178567,0.49074576037324746,0.48358639162604566,0.4760860294222051,0.4682308591348331,0.4600031118915739,0.45138518817557327,0.4423588196353929,0.432904294184138,0.42300171316171464,0.4126303329808114,0.4017661407807153,0.39038781419506957,0.37846971980449245,0.3659879029636325,0.35291338836369807,0.33921933390612774,0.32487666673782006,0.3098541249015263
0.00447459536921003,0.03937067007756049,0.04855672900053634,0.05803680230264774,0.06781919882255394,0.07788608532270357,0.08824094894511764,0.09891973561827022,0.10981841046892908,0.12110597281685494,0.1325421313725099,0.1443069363428089,0.1563947455888868,0.16859181073018664,0.18108458966779908,0.19384704293344768,0.20675544577342275,0.2198054048879319,0.23304747508953397,0.24645077792553824,0.25998402759847344,0.2735287695900758,0.28709295860226247,0.3006867770905232,0.3142727066925238,0.3278139176502794,0.3412737739552762,0.354616028097683,0.36779018612796593,0.38067785355326844,0.3933127093853866,0.40568272854157195,0.4177656297098528,0.4295469141921891,0.4410110676933392,0.4519287241326516,0.46241008921220816,0.4725781243362177,0.482385084260703,0.4914625160178328,0.500315045773044,0.5086754042109758,0.516459855570499,0.5240529489983742,0.5309200824502681,0.537627687656081,0.5438421731766434,0.5495025136537303,0.5552080398115062,0.5601947963273554,0.5648398739400756,0.5695706806467459,0.5737937472054966,0.5775199645503785,0.5810839829331031,0.5847445852275889,0.5880833496852712,0.5910791037873427,0.593780743327036,0.5962297213647708,0.5986480735960912,0.6011456198193218,0.6034722009524947,0.6055976086730643,0.6075452585801101,0.6093337288386944,0.6109806392428528,0.6125004193298342,0.6139047428985696,0.6152052665597978,0.616410357969493,0.6175874301301388,0.6188203235304889,0.6200371643788248,0.6211693360292204,0.6222221519678599,0.6232021646570238,0.6241149421106998,0.6249652984203506,0.6257579547930993,0.6264968515982985,0.6271854866420307,0.627827174123285,0.6284246174032225,0.6289810397875786,0.62949907049631,0.6299798997454675,0.6304272203494335,0.6308398671893252,0.6312228657052656,0.6315752200664452,0.6318999590527987,0.632197882923929,0.6324695954872147,0.6327173443582536,0.6329398597061939,0.6331399776127543,0.6333178061255245,0.6334739688145251,0.6336090464482703,0.6337235245145859,0.6338183353691117,0.6338929138879422,0.6339483269491547,0.6339845185864352,0.6340020249891778,0.6340008105341098,0.6339808184090139,0.6339428097497695,0.6338856760671352,0.6338100891812116,0.6337158162848628,0.6336029967418432,0.6334708877387549,0.6333198398021114,0.6331491079597712,0.6329586468408683,0.6327480584496589,0.6325169509530144,0.6322646049235934,0.6319907575735185,0.6316948856396053,0.6313764944737613,0.6310344412117393,0.6306683226342252,0.6302775515736023,0.6298612822238748,0.6294176622784879,0.6289470968769316,0.6284480949231479,0.627919653943442,0.6273601596253334,0.6267690153942342,0.6261457398092786,0.625486067302732,0.6247915835244163,0.6240654460334362,0.6232891329659688,0.6224776713793737,0.6216261640125469,0.6207265973551923,0.6197831454826462,0.6187916702309574,0.6177496376468257,0.6166556021934595,0.6155067157507221,0.6143011187308394,0.6130349855163116,0.6117231778353384,0.6103141931435547,0.6088514823372824,0.6073181599668818,0.6057102088464645,0.6040241925962524,0.6022564024743641,0.6004031430946106,0.598460162030312,0.5964254827824662,0.5942886702982387,0.592051525776335,0.5897069413079605,0.5872498037903244,0.5846755291186567,0.5819769408223472,0.5791499889548736,0.5761880331110828,0.5730845702088971,0.5698331223943149,0.5664268286347443,0.5628580900505944,0.55911927149137,0.5552027309754798,0.5510998733395851,0.54680159808336,0.5422989608104375,0.537582556918061,0.5326461708902703,0.5274667255637763,0.5220460242922109,0.5163691241657657,0.5104193749458221,0.5041891333477566,0.49766323888383823,0.4908276659854771,0.4836676724221658,0.4761682349734957,0.4683131695145817,0.46008567590062827,0.4514676932147673,0.44244144537455454,0.43298713855960047,0.4230845417214544,0.4127136162955749,0.4018497825448128,0.39047065195096525,0.3785532471021316,0.3660703311675728,0.35299861587403375,0.3393031713760181,0.3249598721979145,0.3099378495891113
0.004347013158125022,0.03378662969694136,0.042860172716085276,0.05209839939882524,0.06174310552446497,0.07157734732735756,0.0818190653325179,0.09222480975798039,0.10304416496918802,0.11403720726161774,0.12536978587602277,0.13700403628022703,0.14881117501691132,0.1609473211370834,0.17334396981734612,0.1858683078498348,0.1986556411051216,0.21167822695746613,0.22485474374810266,0.23810581267410308,0.25150797706283035,0.2650292961829111,0.27863546590601274,0.29229242422320784,0.30590521443942087,0.31943999468441936,0.3329150876033869,0.34629264647052094,0.3595356679588149,0.3726093523738917,0.38548178589734367,0.3981222135401925,0.4103990938073608,0.4222940670100271,0.4338638560150323,0.44510699412087684,0.45603723620412395,0.46640533342757773,0.47627194578026105,0.4858743761917736,0.4949816095950057,0.5034618515188511,0.5118180643886135,0.5193325694621379,0.5268236293962333,0.53345993891865,0.5401443012352556,0.5460050549137507,0.5517474087077768,0.5572258628220279,0.5619778130954526,0.5666966813971436,0.5712809177827334,0.5753072737753899,0.5789003924028824,0.582525274570416,0.5861024893187626,0.5893065623528695,0.5921865839212944,0.5947886750668411,0.5971852805288735,0.5996444312066435,0.6021037405314762,0.604351826824758,0.6064074445901821,0.6082929179185373,0.6100261665762184,0.6116231173315787,0.613097664880055,0.6144608997375742,0.6157236987096252,0.6169007683313299,0.6180962463996814,0.6193387708454413,0.6205229188561526,0.6216234889764732,0.6226473967220348,0.6236002624955769,0.6244878443126586,0.6253142726331292,0.6260851199017138,0.6268028880888269,0.627471655359318,0.628094567531328,0.6286745591845432,0.6292142332680595,0.6297157633640796,0.6301815745202817,0.6306136452744494,0.6310123610613915,0.6313814169683925,0.6317205994064976,0.6320327659516485,0.6323176849914574,0.6325772207216305,0.632811845871376,0.6330223105855751,0.6332103743861148,0.6333762549263597,0.6335208451503325,0.6336435944953318,0.633746669813244,0.6338287429864433,0.6338915341282875,0.6339346171062031,0.6339585857381502,0.6339635468226962,0.633949475978538,0.6339166269468532,0.6338653305445878,0.6337944703415679,0.6337060398617043,0.6335965761298757,0.6334689095082917,0.6333217927389616,0.6331549249190491,0.6329685068303206,0.6327611401754036,0.632533134901701,0.6322840081715504,0.632013079030024,0.6317201780378241,0.6314041903619696,0.6310649027733255,0.6307011543865836,0.6303126030655937,0.6298986098888139,0.6294573388145055,0.6289885544437597,0.6284915439503012,0.6279646487689095,0.6274077954797357,0.6268179982486408,0.626194830941063,0.6255493795581392,0.6248447024478683,0.6241142160907799,0.6233446582327429,0.622534777794773,0.621683107204749,0.620785970990682,0.6198435972372452,0.6188530640276105,0.6178121734540969,0.6167197639888281,0.6155710690933256,0.614365744583687,0.6131006831533565,0.6117733360063783,0.610380507909109,0.6089193675849996,0.6073867678871444,0.6057814397289857,0.6040940139047943,0.6023267433996015,0.6004741620838726,0.598531581756429,0.5964954951399926,0.5943615500255601,0.5921243664964706,0.5897801354237464,0.5873235318064063,0.5847491568234988,0.5820519599411196,0.579224921520438,0.5762632789516163,0.5731602059372429,0.5699092196012745,0.5665033917226054,0.5629345980818455,0.559196059352564,0.5552796657646432,0.5511769722854357,0.546879042644957,0.5423785256734446,0.5376604765962485,0.5327200476147688,0.5275453503331334,0.5221242846691098,0.5164470102598064,0.510498575949474,0.5042736334005531,0.4977422401773226,0.4909095582001415,0.4837471880288521,0.47624835022260703,0.46839331133809603,0.4601654221594235,0.4515476578493657,0.44252146307068174,0.43306730030992024,0.4231652042480005,0.4127930600332792,0.40192972331160287,0.390553613561251,0.37863388146493343,0.3661511638514171,0.35307721754131166,0.33938371161367137,0.32504087439149726,0.310018729775707
0.004223068643690165,0.028362115088677368,0.037177029497934444,0.046329612346712484,0.05569951776580002,0.0654487330913557,0.07539864749241046,0.0857210391299976,0.09627577174104159,0.10714301004051556,0.11832684005038918,0.12970547728281098,0.1414438038458936,0.15339157288484137,0.165564904493966,0.17803803694435713,0.19073289166169508,0.20354500156570415,0.2165849455164171,0.2298229852674853,0.24322929117504052,0.256650149756443,0.27015973860977793,0.2837422584154256,0.29736283616710113,0.31098508982482104,0.32457214976958765,0.33808142496039095,0.3513961635064498,0.3645381327000675,0.3774920083847109,0.3902244174902063,0.4027068978442369,0.41491673302595194,0.4268292245693106,0.4382526665639147,0.44925535235145364,0.45992170854424697,0.4702862196874315,0.48002637924599373,0.4892937951111753,0.4983598726637392,0.5066594652645544,0.5147249683084468,0.522251655567665,0.529406988421365,0.5360397467020767,0.5425052983911796,0.5481858123601846,0.5539596920838386,0.5591369147205394,0.563781713060403,0.5685458303036651,0.5729105767340759,0.5767534477259656,0.5803000827137408,0.5839706545682902,0.5874047692826373,0.5904818771979843,0.5932527095787423,0.5957602881289642,0.5981534175646419,0.6006480849226017,0.6030286059026967,0.6052016259188663,0.6071905238389641,0.6090162502924038,0.6106960629540131,0.6122449810148061,0.6136756394002151,0.6149994187489182,0.6162259961112013,0.6173947285227634,0.6186092728324559,0.6198422716058922,0.6209930246293833,0.622062843719777,0.6230582076571807,0.6239850415914462,0.6248474003568593,0.6256511195404262,0.6263996839718904,0.6270975301651697,0.6277466539895106,0.6283512768982926,0.6289138884078309,0.6294369175242981,0.6299226685567093,0.6303730307604729,0.6307897087966694,0.6311753085655253,0.6315301275461438,0.6318565207795414,0.6321544051365976,0.632426631145608,0.6326736228462926,0.6328955167076359,0.6330942787197654,0.6332712270816612,0.6334237902603624,0.633555965860058,0.6336681051539604,0.6337574535090029,0.6338277083482527,0.6338780792017712,0.6339088202029267,0.6339201429707313,0.6339123574984189,0.6338852556231305,0.6338387651361669,0.6337734411421702,0.6336891164107339,0.6335851373667638,0.6334617961024845,0.6333188144708732,0.6331559151622602,0.6329728935083712,0.6327694578353784,0.632545432728156,0.632299130502032,0.6320314148895563,0.6317411738980893,0.6314280046532191,0.6310912777856406,0.6307309231214906,0.6303468318719525,0.6299321291249795,0.6294930731018886,0.6290267262497318,0.6285316089395558,0.6280063180550628,0.6274508773442762,0.6268627975899201,0.6262417271711521,0.6255861113646073,0.6248945459337547,0.6241655142170305,0.623399189145865,0.6225887254818274,0.6217374020712797,0.6208422246141241,0.6199009447764287,0.6189112582557273,0.6178716231526595,0.6167791608935022,0.6156325258676205,0.6144280653432896,0.6131637588561858,0.611837771771714,0.6104454817340774,0.6089844607078556,0.6074525782565477,0.6058461097465364,0.6041611291408939,0.6023944204254792,0.6005421858779384,0.5986006253498788,0.5965647360122557,0.5944311194382295,0.59219485822985,0.5898511019403007,0.5873947808857235,0.5848206871481049,0.5821237335824893,0.5792974392215856,0.5763360461009605,0.573233590411237,0.5699855831301568,0.5665769443510656,0.5630087872774769,0.5592704029114088,0.5553541729999959,0.5512522730241498,0.5469551370700042,0.542452338492354,0.5377367607787545,0.53279576168546,0.5276209095437454,0.5222004668310323,0.5165222079139729,0.5105749519701313,0.504344958457997,0.4978190688054829,0.4909856450262007,0.48382418137403527,0.47632522189712134,0.4684712590964153,0.4602429552664355,0.45162539785887246,0.4425996539048159,0.43314963832987907,0.42324280256938374,0.4128710906633365,0.40200780649941065,0.390629752004443,0.3787217623590922,0.3662296355547924,0.3531557814233753,0.3394620323017719,0.3251198648778116,0.31009777872852784
0.00410265810582719,0.0230682979832694,0.03165623954175903,0.04062437981584538,0.049828518715312305,0.059361263060902156,0.06916162963039704,0.0792845490502109,0.0896570472777173,0.10039520614362406,0.11131109363056063,0.1226148817345636,0.13411419490296733,0.14589428325707368,0.158007589692451,0.170260350952767,0.18276485300422093,0.19553707898154926,0.20851728032272482,0.2215744219335838,0.2348209665809635,0.24822603619264713,0.2617572039459096,0.275371101802992,0.2889352125281194,0.30251892911873796,0.3160903377412447,0.329612350342831,0.3430476939779104,0.3563601229601676,0.36951544234632233,0.3824468438733958,0.3950469018485568,0.40736595909779544,0.4193903451678601,0.4311054512320728,0.44251080633046636,0.4534699849520337,0.4638677465830869,0.4739405841673526,0.48372192382617574,0.49276949634617934,0.5015035724399023,0.5098954376843543,0.5175611098354032,0.5251475762817419,0.5319143248996389,0.5386362382423978,0.5447252119840768,0.550401183447615,0.5560493745789087,0.5609496592740197,0.5656128749136143,0.5703075825960393,0.5744654537295788,0.578138710786803,0.5817201112706637,0.5853612699099621,0.5886546256252663,0.5916114210181747,0.5942792150346434,0.5967042098627487,0.5991335247789144,0.6016222231995983,0.6039213862714327,0.6060224485381691,0.6079475517683908,0.6097160352011007,0.611344613162677,0.6128469752812696,0.6142354542486506,0.6155207857992154,0.6167124852965283,0.6178918238263981,0.6191256569572882,0.6203294899133329,0.6214478812354262,0.6224878602642077,0.6234552561100578,0.6243557653502007,0.6251944769930924,0.62597546981259,0.6267029237576557,0.6273801603028304,0.6280106171778718,0.6285971428335334,0.6291425120516433,0.6296494545466204,0.6301193501556646,0.6305539419475801,0.6309566340207413,0.6313270889018061,0.6316681935573214,0.6319809683331961,0.6322662237297534,0.6325254272167067,0.632759563680466,0.6329695210025298,0.6331555641207248,0.6333191220808746,0.6334604805432917,0.6335804326294586,0.633679049054201,0.6337573236467879,0.6338148699352375,0.6338526539018133,0.633870580499731,0.6338688347747538,0.6338477749147703,0.6338070364125354,0.6337469335670735,0.6336674054691489,0.6335683499178864,0.6334496058845747,0.6333109453143896,0.6331524687542937,0.632973142391975,0.6327733234894498,0.632552617534461,0.6323098669212885,0.6320453395851854,0.6317583627789656,0.6314480699931282,0.6311154350531633,0.6307553836551578,0.630371702754674,0.6299620681669997,0.6295253840087728,0.6290612381620911,0.6285677806711834,0.6280447985157084,0.6274907755100723,0.6269047925338859,0.6262852543076102,0.6256312489627404,0.6249413833606482,0.6242134509479079,0.6234467723165177,0.6226393607794651,0.6217997474057148,0.6208954647726206,0.6199559194975296,0.6189665590474729,0.617927858966774,0.6168366232188098,0.6156906003154212,0.6144872655056937,0.613224029785176,0.6118980530615532,0.6105066845541288,0.6090469507333016,0.6075158639014643,0.6059098090775104,0.6042256859216336,0.6024595280848933,0.6006078325104552,0.5986664638585406,0.5966315301131903,0.5944983975884531,0.5922631227129174,0.5899191296565354,0.587463331998604,0.5848901237189499,0.5821933300282643,0.5793671900887876,0.5764064166951222,0.5733040708701943,0.570053356954257,0.5666478695605663,0.5630800346489641,0.5593420540671761,0.5554262468610258,0.5513241589665466,0.5470268245289618,0.5425249180288749,0.5378091273345181,0.5328691068802803,0.5276944925613415,0.522276590217712,0.516597051106823,0.51064859346064,0.5044201371283082,0.49789432532744393,0.4910582590900211,0.4838990441189436,0.4764000191645953,0.46854559233046034,0.460318061788288,0.4517006109754247,0.44267464701885095,0.4332207350136099,0.4233184180794941,0.4129468285384609,0.402084017796104,0.39070587177827615,0.3787879447466949,0.36630568449104417,0.35323182812570036,0.3395382959293512,0.3251957320304711,0.3101737650836611
0.003985680781783775,0.017790052724029868,0.026293142683254583,0.03500567508753216,0.04412516502004855,0.05338619076571503,0.063084651269954,0.07293699911023127,0.08322766965984273,0.09365944393473642,0.10449567636574328,0.11554976518780906,0.12689882479144562,0.13859770950831696,0.15041993592088224,0.16256987737252798,0.17502387001230607,0.18757154389272265,0.20036846522791404,0.2133984306891358,0.2266326336871694,0.23990306920731047,0.25330705915566043,0.26682640037291333,0.28042699342680033,0.29407377779773386,0.3077309208140982,0.3212820412330344,0.33473723406671413,0.3480896364492395,0.36130221326909245,0.3743390733944185,0.38716814814585526,0.39976092803774194,0.41207118244582386,0.4239384895386513,0.4354407909532888,0.44660841531490447,0.4574572173173425,0.4678700541381759,0.4776485876553138,0.4871446633414646,0.49627695811020534,0.50466116967868,0.5129543267009504,0.5204429994632668,0.5278506368689471,0.5344607713465125,0.5410957116390492,0.5468784822840882,0.5526467591504609,0.5580260703958448,0.5627284858131457,0.5674712821537713,0.5719851075848174,0.5759503367204439,0.579517883667857,0.5831607509899706,0.586694052300405,0.5898553360222961,0.5926982375523296,0.5952679234199898,0.5976562203160656,0.6001267034299614,0.6025619308490711,0.6047835295564622,0.6068155817007539,0.6086794573185677,0.6103930730523528,0.6119720311241803,0.6134294075105275,0.6147772944061775,0.6160254504488579,0.6171947531981969,0.6183929144148164,0.619630975504181,0.620800964174546,0.6218879147987887,0.6228984613483132,0.623839188980556,0.6247143859833555,0.6255293931083973,0.6262881026618897,0.6269942367410426,0.6276515997119649,0.628264029716856,0.6288322947909312,0.6293605897083936,0.6298506455156629,0.6303049979339411,0.6307248356965884,0.6311127711089499,0.6314694177089418,0.6317964213549591,0.632096031589198,0.6323683282776184,0.6326140922416,0.632835694724335,0.6330323430734298,0.6332061310080076,0.6333571020711921,0.6334860562133469,0.6335933497445074,0.6336795362129405,0.6337449998267559,0.6337900041665271,0.6338148382802484,0.6338195295983657,0.6338043430184404,0.6337695332420852,0.6337149709011718,0.6336407464601428,0.633547246482588,0.6334327481577622,0.6332985017233146,0.6331438212376406,0.6329687382319193,0.6327727190955441,0.6325555815394608,0.6323163171497074,0.632055089937238,0.6317710550755509,0.6314638100008713,0.6311325135299979,0.630778210583781,0.6303955495393506,0.6299882668725207,0.6295539969964001,0.6290916658523652,0.6286029162406137,0.6280797322648215,0.6275275601073887,0.6269432480466118,0.6263255473671318,0.6256735057994007,0.6249849385609136,0.6242586229591798,0.6234934076530037,0.6226872093451049,0.6218386827302842,0.6209456490696317,0.6200076342519556,0.6190193763443282,0.6179827391629614,0.6168912989175384,0.6157473957294592,0.6145442033339651,0.6132815433561698,0.6119563279887155,0.6105657588655321,0.6091068337775395,0.6075762845698712,0.6059710202130503,0.6042873535843286,0.602522033616929,0.6006709262191764,0.5987302596487201,0.596695713979078,0.5945631604764247,0.5923277648185044,0.5899860830024785,0.5875294423937343,0.5849564837993384,0.5822615724455118,0.5794346995097885,0.5764739970807158,0.5733725288443001,0.5701260504707579,0.5667166274861847,0.5631494623302914,0.559411657742011,0.5554976498647911,0.5513940863422234,0.5471030520769655,0.5425953378979271,0.5378806742231437,0.5329400978469689,0.527765848050899,0.522345283388716,0.5166675400466323,0.5107203060859198,0.50449076350932,0.4979656192201253,0.4911306176166249,0.4839723929502562,0.4764723475019539,0.4686177755284523,0.46039081104322405,0.451773451589623,0.44274767498561796,0.43329371090567836,0.42339163456238615,0.41302026632284816,0.40215722377045277,0.3907791381859042,0.3788615416256044,0.366379364122714,0.35330639296096716,0.33961206589900855,0.3252697531111514,0.31024786742422283
0.003872038781812553,0.012662121082547637,0.020993507955662488,0.029547377593134055,0.038411355751975136,0.047581768773015384,0.05700375048802122,0.06677126123067614,0.07677604642894599,0.08711611532763396,0.09772963880198954,0.1086138775862422,0.11985989744221975,0.13125480929115926,0.14300852357217897,0.1550219647008221,0.1672092559459177,0.17969435483783092,0.1924509522222132,0.20528162290533175,0.21832858028454213,0.2315713711266099,0.2449788742562342,0.25847437424638636,0.2719811453154919,0.2855580453657121,0.29916838221787784,0.3127760308421572,0.3263439662653536,0.3398363889370315,0.353201837155476,0.3663276331682723,0.3792438780562161,0.391932380253279,0.4043638403843308,0.4165156657161708,0.4283748639932359,0.4398409381542814,0.45077414524800424,0.4613546484105873,0.4716312651700816,0.4814167100509556,0.49057703707392064,0.49955844306620134,0.507870514229498,0.5158044187599884,0.5233710978962208,0.5303805035459852,0.5370484489745194,0.5434041974136747,0.5490643146147648,0.5548133685200538,0.5598988515741476,0.5645344142295552,0.5692880343425731,0.5735841672525317,0.577369373608337,0.5809177560948758,0.584585603653804,0.5879725961516872,0.5910084220645463,0.5937443463039747,0.5962207781230868,0.5986205760641672,0.6011166282173056,0.6034691415794561,0.6056160613850959,0.6075824557908216,0.6093869883195485,0.6110480787355231,0.6125792504696483,0.6139931729049819,0.6153016512948816,0.6165139073140133,0.6176800432262158,0.6188978889694445,0.6201200383515464,0.6212567939001886,0.6223131962854777,0.6232954525741221,0.624208949163177,0.6250597277927988,0.6258513203684792,0.6265880608575184,0.6272737843568129,0.6279121668017766,0.628505062049179,0.6290562268839578,0.6295675533000072,0.6300416371142173,0.6304804642064832,0.6308853030477327,0.6312583088595576,0.6316008175339898,0.6319145392173371,0.632200139614495,0.6324590909562711,0.6326919624071337,0.6329002524882892,0.633084863709327,0.6332455489497443,0.633383993682247,0.6335000395400633,0.6335945574196844,0.6336683811097689,0.6337203294944663,0.6337522357081793,0.6337637378325951,0.6337551361712082,0.633726239643186,0.6336776193765401,0.6336085438696172,0.6335195858468123,0.6334106300671805,0.6332810546721881,0.6331307575543226,0.6329599487017676,0.6327679798789522,0.632554139736037,0.632318507062993,0.6320607742887978,0.6317799835777962,0.6314756395778772,0.631147327466155,0.6307948220922034,0.630415747634513,0.6300109078319154,0.6295792156345665,0.629119061129064,0.6286301109661913,0.6281113318778595,0.627561195315597,0.6269787049554151,0.6263627416291588,0.6257120217691927,0.6250250820042335,0.6243003927126514,0.6235367257925952,0.6227319794636388,0.6218846732095279,0.6209929336609172,0.6200551006661594,0.6190689311111793,0.6180323298172191,0.6169431408718151,0.615798954961672,0.6145974304804692,0.6133359421742907,0.6120116645039594,0.6106220603898772,0.6091638802996513,0.607634145590892,0.6060298932008311,0.6043468264371179,0.6025820639398896,0.6007315121532752,0.5987913869091603,0.5967575263603978,0.5946253163447112,0.5923905662051802,0.5900483772372492,0.5875931970306637,0.5850217213510452,0.5823245343656906,0.5794995089370324,0.5765395104339659,0.5734377939881009,0.5701881712609949,0.5667830972989145,0.563215782888855,0.5594785925814627,0.5555633011992572,0.5514617893161542,0.5471647434276765,0.54266349373408,0.5379480684894118,0.5330085441985135,0.5278343512474342,0.522414606807272,0.5167370000843983,0.5107898897514831,0.504560423854149,0.4980352742617483,0.49120049049055103,0.484042093502594,0.47654281795315934,0.4686884798459353,0.4604612821893718,0.4518445985455969,0.4428183433660502,0.43336463316460605,0.4234626703916854,0.41309192063517475,0.40222841423830163,0.3908509300207437,0.3789330165848675,0.3664508481044648,0.35337914706298185,0.33968397075957507,0.3253419524296601,0.3103197663118219
0.0037616370072543893,0.00768068923625118,0.01577441222714196,0.02424512944511975,0.03285637264508149,0.04187464794771552,0.05109663247281961,0.06068243245565008,0.07050087623305128,0.08067999840732505,0.0910704993500587,0.10186839259552787,0.11280175813791007,0.12412150140363594,0.13568485817444528,0.14747990295151586,0.15960653243182982,0.17192707790827275,0.18444369628214172,0.19722579757059241,0.21024618008076618,0.2233417496137382,0.23659315237713038,0.24999951577536503,0.2635288502893715,0.2771470344340901,0.2907758602138313,0.3043490626750351,0.3179060471756404,0.3314077920884651,0.3448181305375003,0.3581002752725319,0.37121905388326115,0.38414307331362996,0.3967751799671279,0.4090440991671132,0.4210089666685675,0.43265705213368116,0.4439873438496459,0.4549625186210172,0.46531689661371284,0.47529338456611125,0.4850095151409309,0.49406598916127836,0.5026811303178743,0.5110726296769018,0.5186494948579305,0.5262039849207694,0.532894394092967,0.5396096677388549,0.5455795048945922,0.5512843682102139,0.5568599423570119,0.5616810154789198,0.566368040552525,0.5710160132979891,0.5751093035022602,0.5787378323589345,0.5823371581027328,0.5859506013763407,0.589199455282851,0.5921172983195843,0.5947514341004321,0.5971573804755226,0.5995974967096847,0.6020724303578024,0.6043440123245244,0.6064205314050444,0.6083232026085725,0.6100718130894105,0.6116812120971504,0.6131662294741157,0.6145386847674716,0.6158092415532721,0.6169877823742471,0.6181696833403022,0.6194036583536631,0.620592830593152,0.6216972518192466,0.6227236287423877,0.6236782278369419,0.6245659170267609,0.6253924085438124,0.6261611014636721,0.6268767992682492,0.6275425204937899,0.6281614547815061,0.6287357163567424,0.6292694607716943,0.6297645893119803,0.6302220160938713,0.6306452401402256,0.6310351183067274,0.6313935546923687,0.631722083629778,0.6320216588146128,0.6322936446808154,0.6325393168757588,0.6327593381945578,0.632954526107687,0.6331257319136256,0.633273795104417,0.6333991700413341,0.6335025728313429,0.6335841253020928,0.6336443510903721,0.6336835041050435,0.6337023727375636,0.6337002396154405,0.6336774952566386,0.6336345412891328,0.6335710655351067,0.6334872815060251,0.6333834798046422,0.6332585728889627,0.6331128475270349,0.6329459687120513,0.6327580706803212,0.6325492084327952,0.6323163929716429,0.6320619769991648,0.6317845151016535,0.6314834653526044,0.6311581304873815,0.6308079575922132,0.630432161249203,0.6300301786573349,0.6296004712059325,0.6291427780221427,0.6286561545471469,0.6281393761417139,0.6275912653880715,0.6270107206297789,0.6263966707716412,0.6257475658540255,0.6250624098759583,0.6243393156345947,0.6235770768598311,0.6227737981548069,0.6219279860364402,0.6210374497469933,0.6201009001420306,0.6191159088930225,0.6180805408107491,0.616992356746019,0.6158491086444231,0.6146483978441629,0.6133880619251643,0.6120646496401733,0.6106757583925733,0.6092184132731273,0.6076894729523765,0.6060859527403323,0.604403445794072,0.6026394839737401,0.6007895131992566,0.5988499847280762,0.5968166506540609,0.5946852827867688,0.59245077249275,0.5901096627891248,0.5876545099374674,0.5850822678610734,0.5823868223786502,0.5795621855901888,0.5766026872199407,0.5735012519921846,0.5702547964090687,0.5668521334800367,0.5632803387833506,0.5595434547815638,0.5556283498293604,0.5515271236376227,0.5474321580166488,0.5427305792781046,0.5380146122939669,0.5330757712362106,0.5279010351485025,0.5224815800495924,0.5168038119276673,0.5108578009034548,0.5046281415198677,0.49810311998519397,0.49126826302867177,0.48410935627133633,0.4766121968510524,0.4687571546707153,0.4605310992305724,0.4519132484900694,0.4428870812021426,0.43343370826163496,0.4235388449225027,0.41316080414498924,0.40229731850843725,0.3909195036336696,0.37900292100949945,0.36652207775414836,0.353465715748481,0.3397537952695843,0.32541154447304926,0.3103897558182953
0.0036543830709572546,0.002815572150539462,0.010704747523286068,0.018939275273052558,0.027460034104980192,0.03622111419335995,0.045358205735477296,0.05467084299220218,0.06440497320193862,0.07429397980600337,0.08460163187707931,0.095091921115826,0.10594513586355303,0.11706047232770365,0.12842571610403825,0.14015284505105977,0.15202728486420933,0.16419083313966454,0.17665638863870659,0.18927334744654284,0.2020802429460287,0.21511741231438294,0.22835610683451557,0.24170034026447584,0.25510534789017225,0.2686220050653864,0.28221668256561877,0.2958536561293321,0.3094965964620388,0.3231039877346046,0.3365571555760109,0.34988398950251065,0.3630653260869386,0.37606497716572956,0.38885014407970175,0.40139253545300657,0.4136706200007333,0.42557440619755693,0.43701158962216174,0.44810215603335674,0.4588662839149058,0.4692823225281713,0.47901664592578774,0.48840513605563085,0.4975258097613978,0.5058496340117794,0.5140503843714709,0.5215407338818818,0.5288416849196483,0.5354491290076955,0.542013506650642,0.5477362364264005,0.5535151946329105,0.5587963872598024,0.5634623723224763,0.5682202809019195,0.5726614666716082,0.576566245493073,0.5801168235887946,0.5837750533343027,0.5872591684259418,0.59037763785265,0.593184154879702,0.5957214272376314,0.598106250444537,0.6005871616872924,0.6029940354755279,0.6051891827732689,0.607197361230832,0.6090393920598347,0.6107334618658153,0.6122938114749745,0.6137345809597423,0.6150665304496739,0.6162998435956749,0.6174625546337744,0.6186634768198263,0.6198945903496911,0.6210499800111945,0.6221228622579427,0.6231201001302149,0.6240473786168673,0.6249103073206561,0.6257126501026635,0.6264588746475703,0.6271532615943441,0.6277991781598155,0.6283985965494171,0.6289557933156977,0.6294720257984617,0.6299499329172764,0.6303919083412255,0.6307994881982887,0.6311746430398572,0.6315185582044069,0.6318326254272846,0.6321185604473001,0.632376797779381,0.6326091015625066,0.6328158363136044,0.6329978586279288,0.6331560443561997,0.6332908162624286,0.633403084515412,0.633493003691689,0.633561269976875,0.6336080748468207,0.6336343836283921,0.6336383752599812,0.6336221820423065,0.63358560559466,0.6335279538793357,0.6334496985301041,0.6333507267168748,0.6332308164217314,0.633089919901893,0.6329278351062263,0.6327438805215052,0.6325385385263983,0.6323104846640357,0.6320592564225179,0.6317852915153158,0.6314873680731642,0.6311652482762429,0.6308178917240719,0.6304449578145305,0.6300472079020532,0.6296188444838463,0.6291631614869507,0.6286801163952545,0.6281640529811757,0.6276180684481297,0.6270395979149879,0.6264275106760604,0.6257801838872806,0.625096534634599,0.6243751086612691,0.6236391315710945,0.6228126938335681,0.6219680861345259,0.6210790813638999,0.6201452855681591,0.6191598579655864,0.6181257997737992,0.6170385198517578,0.6158964347721692,0.6146969249005168,0.6134373018556967,0.6121154127320299,0.6107269839524304,0.6092704988948731,0.6077428999152616,0.6061393115153957,0.6044578190514687,0.6026943870319704,0.6008460068023321,0.5989063120593419,0.5968735955527402,0.5947426548310163,0.5925096027757069,0.5901683006155373,0.5877135929118505,0.5851417714205956,0.5824469178234036,0.5796224529489579,0.5766631358943707,0.5735625735991422,0.5703133720582294,0.5669090872473068,0.563342473393003,0.5596060402123264,0.5556912465189864,0.5515900833783185,0.5472937836432933,0.5427930998352061,0.5380784080610713,0.533139419456848,0.5279655505594953,0.5225457420464515,0.5168688364618852,0.5109221300340656,0.5046930718389585,0.4981682424028857,0.4913339751594833,0.48417513163137815,0.47667684189859194,0.4688415972127058,0.46059605731969405,0.45198273831764213,0.4429536275466599,0.43350090425317356,0.42359860648990855,0.4132273553569311,0.4023645579475829,0.3909871462325291,0.3791190103925082,0.36658765772662605,0.3535144531545947,0.33982086767032543,0.3254788106472835,0.31045707624427077
0.00355018721996422,-0.002027394907488263,0.005779695146895775,0.013779597568797207,0.022157258771263434,0.030729152069036463,0.03964265932611182,0.04883119895102514,0.05830546796683924,0.0680903350793206,0.07815134338849056,0.08850893262705546,0.09918140184653079,0.11008286055018461,0.12137387788441367,0.13280290402450426,0.14457127788381333,0.1566519004112507,0.16885271871507762,0.18134941944699612,0.19411633454572721,0.2070168982814425,0.22007138394648718,0.23331835425497516,0.24672710656056876,0.26026624023879114,0.2738019548009845,0.28737290668234905,0.30097244022196107,0.31456517047167953,0.32811359431039105,0.34158076005210813,0.354931648556113,0.3681042519868912,0.38099262045068494,0.3936366169030644,0.40601623756462346,0.418109320497835,0.4299014006553605,0.4413705211202274,0.452286030849979,0.4627797126016184,0.4729607157400644,0.4827675334521807,0.49185121272139376,0.5007183452484704,0.5090707525401513,0.5168711634678044,0.5244611307223962,0.5313404951821691,0.5380425550270359,0.5442712556601496,0.5499275043141009,0.5556363125302036,0.5606314333002801,0.5652709412441448,0.5700017844146771,0.5742299171651807,0.5779588622674338,0.5815164665122632,0.5851739700041514,0.5885138712676042,0.5915095998731744,0.5942104035898971,0.5966572558858765,0.5990673253137088,0.6015593768772983,0.6038833583714013,0.6060050728026436,0.60794800124587,0.6097320030575399,0.6113731110045996,0.6128866621253377,0.6142840279536568,0.6155768233016436,0.6167743975243595,0.6179402432665343,0.6191606087562312,0.6203692230926892,0.6214916758627965,0.6225337659063662,0.6235025413735186,0.6244033937325137,0.625240951157085,0.6260203907454077,0.6267447114400267,0.6274182089897589,0.6280442005891711,0.6286252090423912,0.6291643409134742,0.6296647172135895,0.6301253503214063,0.6305510286116216,0.6309432876993508,0.6313035326439865,0.6316330687040519,0.6319326796232183,0.6322044095871917,0.6324491110355193,0.6326679221056816,0.6328612692889555,0.6330293960836165,0.6331742310019636,0.6332959950094896,0.633394842039338,0.6334713154999564,0.6335260041342653,0.6335592190076196,0.6335707435594536,0.6335612805455084,0.6335307825453766,0.6334792103291575,0.6334066394785816,0.6333130965239882,0.6331982894103574,0.6330623702459006,0.6329048458352354,0.6327250128726167,0.6325235139506971,0.6322993446292948,0.6320523181479452,0.6317821224545572,0.6314872607426908,0.6311682833967597,0.630824083873215,0.630453882654748,0.630057322941143,0.6296332471081733,0.6291799684537444,0.6286980553831198,0.6281855030959438,0.6276415986868659,0.6270653147721683,0.6264553569038647,0.6258097754415844,0.625127908672285,0.6244083396679369,0.6236492272732643,0.6228486470130357,0.6220055839497218,0.6211180925748343,0.620183869515566,0.6192015553752945,0.6181684740473337,0.6170824258713634,0.6159414135392083,0.6147427843977188,0.6134841626116093,0.6121627745994457,0.6107759553588527,0.6093201291231357,0.6077928268349015,0.6061906228248899,0.6045100049459278,0.6027469227419789,0.6008985024027406,0.5989603754402542,0.5969282407867319,0.5947977453118523,0.5925644030455725,0.5902236109228456,0.5877702542550538,0.5851992346699604,0.5825058583330067,0.5796805669756573,0.5767234440469836,0.5736217671988668,0.57037370409456,0.5669686895328238,0.5634041680203122,0.5596671233519508,0.5557523271967058,0.5516513613749152,0.5473623514225364,0.5428545466577216,0.5381399711444067,0.5332014214992635,0.5280278662507222,0.5226083563595019,0.5169319510170836,0.5109849922458789,0.5047564558427464,0.4982319208903676,0.4913973867636082,0.4842393173599635,0.476740770112433,0.4688868830731283,0.4606602724209435,0.45204353200743363,0.44301801919940464,0.43356466941119287,0.4236631635090937,0.41329215629208693,0.4024299898576262,0.3910518597239477,0.37913468165990555,0.3666539076586316,0.3535795859105731,0.339886373141898,0.3255443581576501,0.3105250717413185
0.0034489622604057563,-0.006732138815489753,0.0009108914271131472,0.00876763625325233,0.016906096000501088,0.025394002656404634,0.0340534389048194,0.04312204172184486,0.052362175806792775,0.062001507133707896,0.0718379328563373,0.08207391121999134,0.09248204653520961,0.10330432746705427,0.11429105461287012,0.12562695076235092,0.13725431755612144,0.14906457170204349,0.16120441687023654,0.17359369828422735,0.18612193309121078,0.19891337603462844,0.2119405354084445,0.22510944720444995,0.23836477176626936,0.251772088899917,0.265298836057417,0.278911156342539,0.2925737611515733,0.30617857919685804,0.3197194678118508,0.33320165687216424,0.3465863356757768,0.3598372281767064,0.3729190922684807,0.38579994923629296,0.3984461507768536,0.41071795734201105,0.42262270614530406,0.43420282896206086,0.4454569922738206,0.45639611748093345,0.466758801156762,0.47663789123751504,0.4862534215592113,0.49535351582859727,0.5038476926481268,0.5122081933854643,0.5197260896233263,0.5272238143962344,0.5338619747588038,0.5405491542783037,0.5464184331383227,0.5521531093496002,0.5576410599654423,0.5623963679666861,0.5671077054038988,0.57169649579021,0.5757265853627029,0.5793191118590413,0.5829363103437282,0.5865139442178932,0.5897182517157948,0.5925978913249568,0.5951984646756938,0.59759020027214,0.6000414386455665,0.6024966626455646,0.6047411834100276,0.6067929594156118,0.60867324209203,0.6104011329306062,0.6119919382830918,0.6134594043718564,0.6148154289450634,0.6160704134669123,0.6172381991577636,0.6184225225394949,0.619653630579779,0.6208277856282208,0.621917846931255,0.6229304723746095,0.6238711625040928,0.6247459971652016,0.6255594461352431,0.6263155555333144,0.6270186933498546,0.6276716837287166,0.6282781116254924,0.6288406324613329,0.629361764865935,0.6298440843895847,0.6302893228221443,0.6306994518416057,0.6310769065052141,0.6314216939002597,0.6317364947821162,0.6320221673592595,0.6322800043334809,0.6325106759304875,0.6327152066294466,0.6328949246457638,0.6330498344473886,0.6331810610762977,0.6332892705136721,0.6333745660173568,0.6334371031107211,0.6334780049087528,0.6334969592962072,0.6334944248678651,0.6334704790491549,0.6334249914005347,0.6333582447811594,0.6332702018257542,0.6331607611209759,0.6330298030051744,0.6328770386526528,0.6327016423981094,0.6325046175860284,0.6322843140882068,0.6320427795485472,0.6317742961563435,0.6314832925648627,0.6311675444366658,0.6308265350322853,0.630459182585883,0.6300653106523425,0.629643621033874,0.6291935226028741,0.6287137594210425,0.6282039345380198,0.6276619821583167,0.6270877060393495,0.6264794168225271,0.6258359466951375,0.6251559909402067,0.6244380575867501,0.6236805435937963,0.6228818665964537,0.6220406821407802,0.6211540012493237,0.6202215819134052,0.6192404514534322,0.6182083451685548,0.617123518574826,0.6159836226414805,0.6147862555598044,0.6135284491617353,0.6122080266223896,0.6108222376475041,0.6093674023197728,0.6078407200039877,0.6062391866938696,0.6045592067588835,0.6027972579295089,0.6009494127537854,0.5990117587747279,0.596980580946499,0.5948504851012133,0.5926182203606963,0.590277726160296,0.5878248504023608,0.5852539824661289,0.582559890350928,0.5797366185792129,0.576778170131646,0.5736779688585093,0.5704297652692722,0.5670264544272154,0.5634604112998535,0.5597246598530526,0.5558105700641207,0.5517103379365051,0.5474143716292041,0.54291406721613,0.5382000245794305,0.5332619639647542,0.5280879811498354,0.5226689650266826,0.5169922740358389,0.511046086110946,0.5048174897735911,0.49829311807624754,0.4914588999900835,0.4843006054552279,0.47680256492677664,0.4689487917323806,0.46072254022449627,0.4521062180920661,0.4431324051494867,0.4336272916404179,0.4237261031216192,0.41335501201770075,0.4024924459059091,0.3911147359331319,0.3791979224381981,0.3667162060666972,0.3536429196172987,0.3399500471852665,0.3256081430268199,0.31058650209445426
0.0033506234845336077,-0.011302282127292531,-0.0038773467383793063,0.0038973229621977177,0.011804916182016269,0.02008552440014467,0.028623827643217907,0.03743417070637153,0.04658854140855947,0.05595322404652973,0.06570478889314024,0.0756491261576437,0.08597403456210789,0.09652283543396249,0.10739291916777799,0.11857041205411702,0.12995183545784691,0.1416934516187442,0.15363438828767695,0.16581107697328756,0.17828802833747412,0.19097544103805045,0.2037916656258929,0.2168358032239352,0.23007853539686304,0.24348697062873895,0.25690278390498106,0.27041717278938493,0.2840054450545178,0.29763185843366946,0.31126004144644465,0.3248541452711622,0.3383636291441576,0.3516765009132103,0.36482626498473514,0.37778763921102143,0.3905284647202234,0.40301981851815727,0.4152389830893181,0.42715585388702965,0.4385767663125322,0.44958997923533933,0.4602676055723165,0.47064051592501277,0.48037625560467434,0.4896565406830323,0.4987298347026894,0.5070280878060673,0.515108417048557,0.5226275494626952,0.5297983333439125,0.5364240240743757,0.5428993386050281,0.5485803850463112,0.5543527547070334,0.5595380556244841,0.5641804826686353,0.5689413228171486,0.5733105358460481,0.5771562999971961,0.5806982961220523,0.5843634068490674,0.587798362604706,0.5908748534598453,0.593644618134546,0.5961499373577727,0.5985363273041099,0.6010234144447464,0.603400702683941,0.6055693139687099,0.607554020854591,0.6093742407182328,0.6110477562974663,0.6125902307117967,0.6140133344408103,0.6153293618477698,0.6165473439788958,0.6177049497016627,0.6189085928858371,0.6201303918725266,0.6212705765411495,0.6223293106932691,0.623312493877855,0.6242262375259687,0.6250759575945676,0.6258650552130248,0.6265990395303546,0.6272805575007517,0.6279136825323951,0.6285009471311908,0.6290449007171046,0.6295486196929432,0.6300139917156198,0.6304427081631608,0.6308371613396964,0.6311987725808987,0.6315289425347456,0.6318289904858488,0.6321005512107721,0.6323437207034431,0.6325609939507607,0.6327513412047258,0.6329172007325249,0.6330584140692227,0.6331763996733066,0.6332703396383563,0.6333413386273335,0.6333907028931411,0.6334180107064025,0.6334212237478494,0.6334039352390903,0.6333650142092825,0.6333043935734147,0.6332221161285931,0.6331183462717624,0.6329920547251451,0.6328442282231376,0.6326737085476222,0.6324822327524585,0.632264998787186,0.6320256348004121,0.6317626098101855,0.6314753251896487,0.6311627935860761,0.6308251864744316,0.6304608505152035,0.630070169610883,0.6296509728087416,0.6292036519734431,0.6287262156730167,0.6282185070107642,0.6276792959534052,0.627107144511579,0.6265007689408609,0.6258593414658568,0.6251811695218813,0.6244656221747971,0.6237093909426649,0.6229121999648167,0.622072069087467,0.621187516850677,0.6202562081292662,0.6192761136913277,0.6182455446477766,0.6171621523425472,0.616023502828428,0.6148270708851603,0.6135705277529264,0.6122508664220689,0.6108658854556858,0.6094118767145574,0.6078863026682073,0.606285506610858,0.604606333075602,0.6028450651436711,0.6009981587688171,0.5990611599379136,0.5970303725387558,0.5949010777796403,0.5926692410387681,0.5903296977314375,0.5878771870317738,0.5853068011182968,0.5826132778515588,0.5797904968050523,0.576832198735328,0.5737327389097965,0.5704848672371217,0.5670818141826622,0.5635162610667664,0.5597812673885917,0.5558669358638079,0.5517668606347529,0.5474714619510482,0.542971496587159,0.5382576596709285,0.533319365268323,0.5281464576046958,0.5227274318623314,0.5170512468932766,0.5111050817392391,0.5048767918885172,0.4983526002073715,0.4915363008655689,0.4843616306275086,0.47686263169592025,0.46900877275263364,0.46093093606256114,0.45216629565525124,0.4431411711426304,0.433688101171268,0.42378670426251186,0.4134187759637902,0.4025535012520029,0.3911769782835151,0.3792592219258208,0.36677752054230295,0.353704300851226,0.34001154831704933,0.32566972209115824,0.31064844464097674
0.0032550885998350564,-0.015742226786538024,-0.008528735553904987,-0.0009743482033239283,0.006849457982741925,0.014893934667759939,0.023318659913385907,0.0319082254564467,0.040871593741643085,0.05007758125062143,0.05960540572861931,0.06940770782102511,0.07952497890901158,0.0899000346370203,0.1006323075036771,0.11155082845992202,0.12285744018571383,0.1343503631540547,0.14613346169565458,0.1582502547044263,0.17049604083830688,0.18300408541748292,0.19578022108301849,0.20875286947570412,0.2218141450542495,0.23506513891695757,0.24847494694316385,0.2620111307896419,0.2756214988964701,0.2891865678487718,0.3027760400152394,0.3163532036793905,0.3298815115895094,0.343323701396148,0.3566430205731936,0.369806114500181,0.38273400383353656,0.3953373879561511,0.407665031839865,0.4196982678322324,0.43142315877484655,0.44283841825631753,0.4537911707397792,0.46419815965656946,0.4742826751434563,0.4840681707312508,0.49311624232271506,0.5018635022433924,0.5102508456799314,0.5179271802556558,0.5255135651621885,0.5322884749788449,0.5390068466129182,0.5451079424371652,0.5507771429526759,0.5564298387193276,0.561336769524937,0.5659926280886558,0.570688287490829,0.5748496277349393,0.5785241147198263,0.5820979880726668,0.5857367539863134,0.5890302590496532,0.5919863198333168,0.594651820535131,0.5970735600210962,0.599493932993558,0.601976999530428,0.6042723473046026,0.6063687983844794,0.6082885483975121,0.6100513128185225,0.6116731723568256,0.6131685277612733,0.6145489816906949,0.6158257470429511,0.617008254012484,0.6181755808817754,0.6193973416905539,0.6205906562402395,0.621697915811077,0.622726932721071,0.6236806873865344,0.6245681590682991,0.6253924144660279,0.6261582907023598,0.6268700852940456,0.627531019248199,0.6281437296262844,0.6287118921551914,0.6292379132550614,0.6297241498301395,0.6301725302979196,0.6305856411307632,0.6309642214483231,0.6313103853483226,0.6316251858579814,0.6319109336865689,0.6321673465435733,0.6323970758218196,0.6325993706214392,0.632776232881839,0.6329277730922173,0.6330556500658184,0.633158560059304,0.6332385973462884,0.6332957948403918,0.6333299073030347,0.6333419780842573,0.6333316125044167,0.6332993702545023,0.6332452747991868,0.6331702361758985,0.6330719138385997,0.6329496645818,0.6328068220364929,0.6326412016223081,0.6324525660930375,0.6322411004509676,0.6320059223012976,0.6317466199644557,0.6314630680341827,0.6311541659065087,0.6308198115257189,0.6304587145975438,0.6300706488619617,0.629654752607164,0.6292099388242623,0.6287353837777955,0.6282301657193851,0.6276931719330014,0.6271232445872185,0.626519339442056,0.6258798898442357,0.6252039235395499,0.6244891992321617,0.6237350767610738,0.6229396122659889,0.6221012147905756,0.6212180949446893,0.6202883974273106,0.6193097671678025,0.6182803926055539,0.6171979396570341,0.6160604930636164,0.6148652533089619,0.6136096984279577,0.6122912163488791,0.6109070797724072,0.6094544600041172,0.6079294086630642,0.6063296240543984,0.6046512383745016,0.6028907571639144,0.6010443665765818,0.5991083145651934,0.5970780530080002,0.5949496292716687,0.592718185627135,0.5903790879193423,0.5879273450444028,0.5853574466974139,0.5826643466562181,0.5798419321945386,0.5768845878242747,0.5737853041595352,0.5705377185091556,0.5671356210171592,0.5635701649698733,0.5598348958114107,0.5559216833636857,0.5518215873059937,0.5475266304344719,0.5430269519372778,0.5383133155070139,0.533375722917268,0.5282027947022407,0.5228237005171757,0.5171084854910305,0.5111619205388604,0.5049336665185165,0.49840982803032263,0.4915763278356584,0.48441882791406554,0.4769205322480228,0.46907261019779767,0.46084531246841526,0.45222477888147994,0.4431997103705967,0.4337480806458899,0.4238458508702475,0.41347486532173217,0.4026126341944873,0.391235173407588,0.37931887555179894,0.3668405840459802,0.3537650695126093,0.34007114889553763,0.3257295471195432,0.3107086019105165
0.0031622776601683794,-0.020148988953639226,-0.013047516923083369,-0.005708487730450879,0.0019773591906402164,0.00985059662700664,0.0180351581619558,0.026540263325745658,0.03524822014985048,0.0443671546565406,0.05362577300896507,0.06331933725917628,0.07317346205755834,0.08346466745542848,0.09389260428619303,0.10473149077610132,0.11577968089511771,0.12713134175153837,0.13882412019031629,0.15064900730190436,0.1628021447199018,0.1752567175957468,0.18780031040491205,0.20060095660585622,0.21363484986273196,0.22687016288907785,0.24013643617801422,0.2535447277126932,0.2670688552130064,0.28067471660932863,0.29432681805704614,0.30798715350953304,0.32153272883468936,0.33499419211696585,0.3483531149742697,0.36157241370989834,0.37461647156235756,0.38745334276411125,0.40005474416932413,0.41236452408060736,0.4242323286610453,0.4357438259042102,0.44692098989125306,0.45778034662761025,0.46818859959371095,0.47797508171795844,0.487483189253209,0.49661251705153825,0.5050045883369128,0.5133044247611138,0.5207922030464833,0.5282086135824495,0.5348175133640498,0.5414562867705345,0.547243802945477,0.5530061470735429,0.558393630558896,0.5630967734299409,0.5678326570836892,0.5723509964961309,0.5763184605097332,0.5798833884674292,0.5835188139570431,0.5870521890081487,0.5902125047912362,0.5930541969122638,0.5956212417273883,0.5980033076099511,0.6004654470445698,0.6028964340600174,0.6051135298582982,0.6071405097808563,0.6089985036837348,0.6107053769853258,0.6122770867705517,0.6137270591632863,0.6150664515034592,0.6163054963418289,0.6174639202605583,0.6186501357491943,0.6198762737248346,0.6210349885689959,0.622110048678593,0.6231083545835514,0.6240350614183434,0.6248961927195871,0.6256963383592977,0.6264391227385689,0.6271290327676886,0.6277690665628882,0.628362435564755,0.6289120626748531,0.6294197891618101,0.6298886632381769,0.630320304399644,0.6307169630072808,0.6310796455791498,0.6314104732912406,0.6317104923201543,0.6319812872677748,0.6322237788703073,0.632438463199627,0.6326269110469284,0.6327889318787165,0.6329266595624596,0.6330404017161724,0.6331320569028718,0.6331941499929113,0.6332366888996438,0.6332562411210224,0.6332532209517492,0.6332278239153327,0.6331805752459628,0.633109709800057,0.6330169499556603,0.6329018231686099,0.6327642347787832,0.6326037161352239,0.632419805129072,0.6322127157704704,0.6319819221629831,0.631726672178854,0.6314469113250238,0.6311417006283189,0.6308107871963907,0.630452967006368,0.6300679359139801,0.6296551198729401,0.6292130732310065,0.6287411133104692,0.6282384461500242,0.6277038206349009,0.6271361116387278,0.6265343634799357,0.6258969037950581,0.6252230732262132,0.6245102642365931,0.6237582166361165,0.6229644895935664,0.6221275590967059,0.6212460239559892,0.6203177252805638,0.6193402555763924,0.6183140809042165,0.6172314941364263,0.6160953015085677,0.6149010582267893,0.6136474965958447,0.6123293445181138,0.6109461698672857,0.6094943108284313,0.60797041861606,0.606371606211803,0.6046941557612376,0.60293433781013,0.6010885867009002,0.5991532939706377,0.5971237452592956,0.5949959100773146,0.5927650505928145,0.5904265185673152,0.5879752077915312,0.5854060427449025,0.582713567128333,0.5798916321044303,0.5769346514377449,0.5738356596635045,0.5705886760563283,0.5671867114168836,0.5636218129378088,0.559886929599592,0.5559741358663286,0.5518757593309428,0.5475796626488987,0.5430808916544699,0.5383670700465367,0.5334313170372164,0.5282568812146647,0.522838679312397,0.51716265360442,0.5112169433918281,0.5049890652634275,0.4984653092011331,0.49163177174605577,0.4844739513744528,0.47697651427360976,0.46912330142611847,0.46089771131944796,0.4522811638003519,0.4432564658809277,0.4338037478985547,0.4239026346388661,0.41353209902260146,0.40266984224422847,0.39129269387463456,0.3793785152453067,0.36689479804529435,0.3538216927715297,0.3401291853681951,0.32578757938728914,0.3107661554703527
