gamma,0.03162277660168379,0.030192529373589783,0.02882696992289234,0.027523172525659015,0.026278343783736315,0.025089816639867833,0.023955044663499153,0.02287159659502647,0.021837151136800032,0.020849491979722256,0.01990650305478458,0.019006163999369864,0.01814654582860648,0.017325806802500104,0.01654218847998859,0.015794011951465393,0.015079674241700076,0.014397644875448803,0.013746462598396758,0.013124732246407115,0.01253112175636873,0.01196435931223849,0.011423230620163463,0.010906576306844966,0.010413289435570352,0.009942313134590756,0.009492638332763457,0.009063301597607475,0.00865338307114046,0.008262004499074297,0.007888327349147113,0.007531551014560001,0.007190911098669456,0.006865677777260399,0.006555154234890926,0.006258675171958728,0.005975605379290422,0.005705338377199951,0.005447295116100166,0.0052009227358836355,0.004965693381414728,0.0047411030715949695,0.0045266706195788604,0.004321936601826529,0.004126462373784472,0.003939829130085527,0.0037616370072543893,0.00359150422699641,0.0034290662782340007,0.003273975136138218,0.003125898516482341,0.0029845191637197506,0.0028495341712609814,0.0027206543324935,0.002597603521153813,0.002480118099724387,0.0023679463545877594,0.002260847956727777,0.002158593446822418,0.002060963743625029,0.001967749674580727,0.0018787515276722066,0.001793778623534893,0.0017126489069246062,0.001635188556662486,0.0015612316132215046,0.0014906196231566,0.0014232012996167008,0.0013588321982112236,0.0012973744075366043,0.001238696253699838,0.0011826720182059093,0.0011291816686047524,0.0010781106013205946,0.0010293493961127168,0.0009827935816415728,0.0009383434116379495,0.0008959036511956614,0.000855383372729865,0.0008166957611638569,0.0007797579279269578,0.0007444907333649699,0.0007108186171827296,0.0006786694365554636,0.0006479743115621101,0.0006186674776094437,0.0005906861445308137,0.0005639703620576279,0.0005384628913753366,0.0005141090824887363,0.0004908567571338432,0.00046865609698547046,0.000447459536921003,0.0004272216631116735,0.00040789911572300906,0.00038945049601597944,0.0003718362776498087,0.000355018721996422,0.0003389617972850788,0.00032363110140396715,0.00030899378819335615,0.0002950184970723898,0.00028167528584874984,0.00026893556656722693,0.00025677204425975856,0.00024515865846570437,0.00023407052739706348,0.00022348389462901214,0.00021337607820153944,0.00020372542202313565,0.0001945112494724129,0.0001857138190982502,0.00017731428232354833,0.0001692946430619779,0.00016163771916119475,0.00015432710558991753,0.00014734713928999453,0.000140682865618154,0.00013432000630554154,0.00012824492886639468,0.00012244461739031423,0.00011690664465555442,0.00011161914550358321,0.00010657079141786952,0.00010175076625242984,9.714874305813427e-05,9.275486195712075e-05,8.855970901791447e-05,8.455429608599176e-05,8.073004152657436e-05,7.707875183839603e-05,7.359260409904985e-05,7.026412920430313e-05,6.708619586547212e-05,6.405199533056867e-05,6.115502679648503e-05,5.8389083480962614e-05,5.574823932450256e-05,5.322683629372798e-05,5.081947225899414e-05,4.852098942027481e-05,4.632646325652769e-05,4.4231191974861643e-05,4.223068643690161e-05,4.0320660540767354e-05,3.849702203805977e-05,3.6755863766180634e-05,3.5093455277199856e-05,3.350623484533604e-05,3.1990801835925474e-05,3.0543909419530264e-05,2.9162457615576004e-05,2.7843486650614474e-05,2.6584170616980845e-05,2.538181141826046e-05,2.4233832988591566e-05,2.3137775773420223e-05,2.2091291459881728e-05,2.1092137945517938e-05,2.0138174534552104e-05,1.9227357351427763e-05,1.835773496178634e-05,1.7527444191500822e-05,1.6734706134807463e-05,1.5977822342983778e-05,1.525517118540599e-05,1.4565204375190305e-05,1.3906443651973828e-05,1.3277477614727671e-05,1.2676958697817227e-05,1.2103600283829963e-05,1.1556173946985643e-05,1.1033506821222625e-05,1.0534479087321167e-05,1.0058021573680418e-05,9.603113465608089e-06,9.168780118215463e-06,8.754090968231631e-06,8.358157540262826e-06,7.980131543225704e-06,7.619203052875614e-06,7.2745987765363645e-06,6.945580396313453e-06,6.631442987240946e-06,6.331513506973246e-06,6.045149353785448e-06,5.771736989793168e-06,5.510690626441899e-06,5.261450969449455e-06,5.023484020512821e-06,4.796279933211698e-06,4.579351920657803e-06,4.372235212549416e-06,4.17448605939659e-06,3.985680781783775e-06,3.8054148626326353e-06,3.633302080520441e-06,3.4689736821970637e-06,3.3120775925276596e-06,3.162277660168379e-06
1.0,-0.00011214161109799805,-1.0,-1.0,-1.0,-1.0,-1.0,-1.0,-1.0,-1.0,-1.0,-1.0,-1.0,-1.0,-1.0,-1.0,-1.0,-1.0,-1.0,-1.0,-1.0,-1.0,-1.0,-1.0,-1.0,-1.0,-1.0,-1.0,-1.0,-1.0,-1.0,-0.0004284077502977492,-1.0,-1.0,-1.0,-1.0,-1.0,-1.0,-1.0,-1.0,-1.0,-1.0,-1.0,-1.0,-1.0,-1.0,-1.0,-1.0,-1.0,-1.0,-1.0,-1.0,-1.0,-1.0,-1.0,-1.0,-1.0,-0.0014103337714161804,-1.0,-1.0,-1.0,-1.0,-1.0,-1.0,-1.0,-1.0,-1.0,-1.0,-1.0,-1.0,-1.0,-1.0,-1.0,-1.0,-1.0,-1.0,-1.0,-1.0,-1.0,-1.0,-1.0,-1.0,-1.0,-1.0,-1.0,-1.0,-1.0,-1.0,-1.0,-1.0,-1.0,-1.0,-1.0,-1.0,-1.0,-1.0,-1.0,-1.0,-1.0,-1.0,-1.0,-1.0,-1.0,-1.0,-1.0,-1.0,-1.0,-1.0,-1.0,-1.0,-1.0,-1.0,-1.0,-1.0,-1.0,-1.0,-1.0,-1.0,-1.0,-1.0,-1.0,-1.0,-1.0,-1.0,-1.0,-1.0,-1.0,-1.0,-1.0,-1.0,-1.0,-1.0,-1.0,-1.0,-1.0,-1.0,-1.0,-1.0,-1.0,-1.0,-1.0,-1.0,-1.0,-1.0,-1.0,-1.0,-1.0,-1.0,-1.0,-1.0,-1.0,-1.0,-1.0,-1.0,-1.0,-1.0,-1.0,-1.0,-1.0,-1.0,-1.0,-1.0,-1.0,-1.0,-1.0,-1.0,-1.0,-1.0,-1.0,-1.0,-1.0,-1.0,-1.0,-1.0,-1.0,-1.0,-1.0,-1.0,-1.0,-1.0,-1.0,-1.0,-1.0,-1.0,-1.0,-1.0,-1.0,-1.0,-1.0,-1.0,-1.0,-1.0,-1.0,-1.0,-1.0,-1.0,-1.0,-1.0,-1.0,-1.002982505841046,-1.0
0.9714874305813421,0.0179514470408923,0.017957129673275663,0.01796206479307118,0.017966273430475795,0.01796973750046176,0.017972527522949724,0.01797455895769836,0.017975930725412904,0.017976601630205084,0.01797662545022132,0.01797591584049165,0.017974534416678355,0.0179725003264143,0.017969719666504368,0.01796632133172511,0.01796216525925735,0.01795734707932474,0.017951769030550287,0.017945538146133276,0.017938575496557425,0.017930753322851704,0.017922253726402777,0.017912917170579908,0.01790286915884574,0.0178919099897843,0.017880109772174205,0.017867489746636746,0.017854064922756912,-2.0,0.017824031385140767,0.017807646205368965,0.017790257629138325,-2.0,0.017752101286971952,-2.0,0.017709436282286148,0.017686344221632545,0.017661836830907923,0.01763604315639285,-2.0,0.01758026427784766,0.017550205052623974,0.017518476006080655,-2.0,0.017450075095093512,-2.0,-2.0,-2.0,-2.0,0.017246390158018283,0.017199336713256717,0.01715000013469806,0.017098270125399717,0.017043966726711955,0.016986915887725332,0.01692713559793796,0.01686443432576998,0.016798709871476525,-2.0,-2.0,-2.0,-2.0,-2.0,0.01633216980180223,-2.0,0.01614519094287632,0.016044829308564396,0.015939676354496078,-2.0,-2.0,-2.0,-2.0,-2.0,-2.0,0.015049280362534837,0.014896720728834061,-2.0,0.014569503045190139,-2.0,-2.0,-2.0,0.013816409029513107,0.01360526652351363,-2.0,-2.0,-2.0,-2.0,-2.0,-2.0,0.011818445143272531,0.01151251239168042,-2.0,0.010856437056503094,0.010504917283303758,0.010136678070150935,-2.0,0.009347063212263513,-2.0,-2.0,-2.0,0.0075305270005286105,0.00702134143354673,-2.0,0.00592944256233666,-2.0,-2.0,0.004089803736802894,-2.0,0.00271350963750047,-2.0,-2.0,-2.0,-2.0,-0.0013399684514480321,-0.0022694398674493674,-2.0,-0.004262577591955762,-2.0,-2.0,-2.0,-2.0,-2.0,-2.0,-2.0,-2.0,-2.0,-2.0,-2.0,-2.0,-2.0,-2.0,-2.0,-2.0,-2.0,-2.0,-2.0,-2.0,-2.0,-2.0,-2.0,-2.0,-2.0,-2.0,-2.0,-0.06410481677656993,-2.0,-2.0,-2.0,-2.0,-2.0,-2.0,-0.09562818099434302,-2.0,-2.0,-2.0,-2.0,-0.12528869745388216,-2.0,-2.0,-2.0,-0.154487893942544,-2.0,-0.17124431248671235,-2.0,-2.0,-2.0,-2.0,-2.0,-0.23190979375097584,-2.0,-0.25617493824811965,-2.0,-0.2827934511412292,-2.0,-2.0,-2.0,-2.0,-2.0,-0.3791645291963059,-0.3979919656471682,-2.0,-2.0,-0.4599965421102421,-2.0,-0.5063828493574551,-0.5312367460216277,-0.5572679962263581,-0.5845323450592826,-0.6130882612966081,-0.6429968824030502,-2.0,-0.707131634892721,-2.0,-2.0,-2.0,-0.8546648494968287,-2.0,-2.0,-2.0,-2.0
0.9437878277775381,0.03554690112989396,0.035563565874350736,0.035578969717140606,0.03559318269451755,0.03560604779699614,0.03561781701399075,0.03562850543155515,-2.0,0.03564642852532308,0.035653894262335575,0.03566019802667755,0.03566562412605363,0.03566987331338619,0.035673251893196915,0.03567561487514355,0.03567703137397478,0.035677545744406736,0.03567696298994427,0.035675474108696974,0.03567312898133427,0.03566963694946415,0.03566527117374187,0.035659981801323536,0.0356536219720153,0.035646293082079984,0.035638009719892234,0.03562860970206139,-2.0,0.03560675030195657,0.035594118552062626,0.035580374065248443,0.03556558949704992,0.03554956801698784,0.03553239341682373,0.03551375122203096,-2.0,-2.0,0.0354503900362832,-2.0,0.03540113973013216,-2.0,-2.0,-2.0,0.03528365345691611,-2.0,0.035214469518904896,0.03517721898624848,-2.0,0.03509618520338873,0.03505246648095344,-2.0,-2.0,-2.0,-2.0,-2.0,-2.0,-2.0,0.03461212898003514,0.03454401234182894,-2.0,-2.0,0.03431851387918879,0.03423604496919606,-2.0,-2.0,0.03396335998891055,-2.0,-2.0,-2.0,-2.0,0.03341383760649389,-2.0,-2.0,0.03301662254687628,-2.0,-2.0,-2.0,-2.0,-2.0,0.03203398884215791,-2.0,0.031640877644863216,-2.0,-2.0,-2.0,-2.0,-2.0,-2.0,-2.0,-2.0,-2.0,-2.0,-2.0,-2.0,-2.0,-2.0,-2.0,-2.0,-2.0,-2.0,-2.0,-2.0,-2.0,-2.0,-2.0,-2.0,-2.0,-2.0,0.020541379684335476,-2.0,0.01903171588884222,-2.0,-2.0,-2.0,-2.0,-2.0,-2.0,-2.0,-2.0,-2.0,-2.0,-2.0,-2.0,-2.0,-2.0,-2.0,-2.0,-2.0,-2.0,-0.005037077465308522,-2.0,-2.0,-2.0,-2.0,-2.0,-0.018208030209750106,-0.020781175805547877,-2.0,-0.026298926055051713,-2.0,-2.0,-2.0,-0.0389917863793772,-2.0,-2.0,-2.0,-2.0,-2.0,-0.0630315134965385,-2.0,-2.0,-2.0,-2.0,-2.0,-2.0,-2.0,-0.1074594695163489,-2.0,-2.0,-0.12884459182702937,-2.0,-0.1448430438310004,-2.0,-2.0,-2.0,-2.0,-0.19196066928880487,-0.2027646888759163,-2.0,-0.22593234891014913,-2.0,-0.25134693679052783,-0.2649641083671034,-2.0,-2.0,-2.0,-2.0,-2.0,-0.3613351968262015,-2.0,-2.0,-2.0,-2.0,-2.0,-2.0,-2.0,-2.0,-2.0,-2.0,-0.6251675208751621,-2.0,-2.0,-2.0,-2.0,-2.0,-0.8368355186229254,-2.0,-2.0,-2.0,-1.014373749668505
0.9168780118215468,0.052637818502648426,0.05266581096814535,0.05269194061472642,0.052716323445410725,0.05273899098833347,0.05276003238187049,0.052779481572286284,0.05279738679433606,0.05281388650633185,0.05282905001566063,0.05284243788522541,0.052854702096898645,0.052865602242716477,0.05287525120742264,0.052883566386133105,0.05289065205276214,0.052896606000216326,0.052901202644220116,0.0529046267351917,0.052906889352614846,0.05290794158869057,0.052907832196939474,0.05290660940843898,0.05290410227607148,0.05290046298248765,0.052895709212229906,0.05288964989508896,0.052882494835344636,0.05287405084386317,0.05286431223832365,0.0528535149658584,0.052841186070008726,-2.0,0.05281287896612972,-2.0,-2.0,0.052760121512335924,-2.0,-2.0,-2.0,-2.0,0.052641957537944435,0.05261335985025469,0.05258302191992973,0.05255081677018204,0.05251673738097153,0.05248056274322627,0.05244248111813098,-2.0,-2.0,0.052314668235024,-2.0,0.05221745695228813,-2.0,0.05210980568065836,-2.0,0.051990670257822,-2.0,0.05185924238228218,-2.0,-2.0,-2.0,-2.0,-2.0,-2.0,0.05128316872313911,0.05118371512400165,-2.0,-2.0,-2.0,-2.0,-2.0,-2.0,-2.0,0.05019487007340452,-2.0,-2.0,-2.0,-2.0,-2.0,-2.0,0.04896640103138174,-2.0,-2.0,0.04830352637274696,-2.0,-2.0,-2.0,-2.0,-2.0,-2.0,-2.0,-2.0,-2.0,-2.0,-2.0,0.044502130785344124,-2.0,-2.0,-2.0,-2.0,0.042177515342424005,0.04164439304794702,0.04108599090029461,-2.0,-2.0,0.03924685285462993,0.03857478371776743,-2.0,0.03713358213451742,-2.0,-2.0,-2.0,-2.0,-2.0,-2.0,0.03089572084001557,-2.0,-2.0,-2.0,0.026311089901570005,-2.0,-2.0,-2.0,-2.0,-2.0,-2.0,-2.0,-2.0,-2.0,-2.0,-2.0,-2.0,-2.0,-2.0,-0.0008774448998805223,-2.0,-2.0,-2.0,-0.011924689578346817,-2.0,-2.0,-2.0,-2.0,-2.0,-2.0,-0.03693538773214114,-2.0,-0.04570060568354957,-2.0,-2.0,-0.06046818572892619,-2.0,-0.07151591697084296,-2.0,-2.0,-2.0,-2.0,-0.10405298146266077,-2.0,-0.11932784226392923,-0.127512138726121,-2.0,-2.0,-2.0,-0.1643143869354498,-0.1746297488967387,-2.0,-2.0,-2.0,-2.0,-2.0,-0.24763319734259448,-2.0,-2.0,-2.0,-0.30886544441029706,-0.3260283041286514,-2.0,-2.0,-2.0,-0.40320439277402265,-2.0,-2.0,-2.0,-2.0,-2.0,-0.5493720164447069,-2.0,-2.0,-0.6391619529500554,-2.0,-2.0,-2.0,-2.0,-2.0,-2.0,-2.0,-2.0,-2.0
0.890735463861044,0.06923333868317452,0.06927294432763637,0.06931015454378643,0.06934506463455788,0.06937773737746834,0.06940831104276433,0.06943682851290925,0.06946334411372525,0.06948801684549087,0.06951082778711053,0.06953196484133035,0.06955120349152982,0.06956887312748777,0.06958493535784108,0.06959940107336025,0.06961231619203938,0.06962385459383179,0.06963369931908762,0.06964220360804683,0.0696492671529762,0.0696549415376493,0.0696591667605647,0.06966205544717909,0.0696635936040221,0.06966374159195166,0.06966252407990739,0.06966002649389239,0.06965602679539747,-2.0,0.06964410931075886,0.06963598748834203,0.06962656913863066,-2.0,-2.0,-2.0,0.06957403950590656,0.0695572260667527,0.06953872995484568,0.06951866055596102,0.06949695311712441,0.06947358968096529,-2.0,-2.0,0.06939262846605938,-2.0,0.06932918227118708,0.06929442721868048,0.06925756088109844,-2.0,-2.0,-2.0,-2.0,-2.0,-2.0,0.06893258216085658,-2.0,0.06881499811491992,-2.0,-2.0,0.0686149845151664,-2.0,0.06846392583499335,-2.0,0.06829724606324462,-2.0,0.0681134239637163,-2.0,-2.0,-2.0,0.06768823247859967,-2.0,-2.0,0.06731167776452818,-2.0,-2.0,-2.0,-2.0,-2.0,-2.0,-2.0,-2.0,-2.0,-2.0,-2.0,-2.0,0.0648989317075356,-2.0,-2.0,-2.0,-2.0,-2.0,-2.0,-2.0,0.062498010760256906,-2.0,-2.0,-2.0,-2.0,-2.0,-2.0,-2.0,-2.0,-2.0,0.057926022865811604,-2.0,-2.0,-2.0,-2.0,-2.0,-2.0,0.05320191841259397,-2.0,-2.0,-2.0,-2.0,-2.0,0.047736660205703996,0.04666887200021715,-2.0,-2.0,-2.0,0.04186719199573814,-2.0,0.03911160322354354,-2.0,-2.0,-2.0,0.03277258520847761,-2.0,0.029134801852824528,-2.0,0.02514416530453925,-2.0,-2.0,-2.0,-2.0,-2.0,-2.0,-2.0,-2.0,-2.0,-2.0,-2.0,-2.0,-2.0,-0.016006012223315547,-2.0,-2.0,-2.0,-2.0,-2.0,-2.0,-2.0,-2.0,-2.0,-2.0,-0.07328674858360329,-0.08008784205131511,-2.0,-0.0946718172893149,-0.10248594962843402,-0.11067024338762455,-0.11924223803113612,-0.12822029843545185,-2.0,-2.0,-2.0,-2.0,-2.0,-2.0,-2.0,-0.21717404331421475,-2.0,-2.0,-0.2599913596096229,-2.0,-0.29202347397818984,-0.30918634668362693,-2.0,-2.0,-2.0,-2.0,-2.0,-2.0,-2.0,-2.0,-2.0,-0.532530020454901,-0.5610859190138092,-0.5909945268635662,-2.0,-2.0,-0.6894928036783923,-2.0,-0.7631804887535476,-2.0,-2.0,-0.8873260405870019,-0.9326889417124202,-0.9802007348620547
0.8653383071140456,0.08534529023046113,0.08539684595957572,0.08544545942996831,0.08549128545479234,0.08553415751180411,0.08557451351288839,0.08561237152351227,0.08564781119747422,0.0856808818258588,0.08571173480204383,0.08574053682416825,0.085767093767373,0.08579166739789025,0.08581436191126843,0.08583508165466941,0.08585400119713174,0.08587113525103793,0.0858865795989432,0.08590020326625741,0.08591225812006172,0.08592260102118797,0.08593142567812893,0.08593853196789175,0.08594414487656309,0.08594818852520311,0.08595065038364011,0.08595164449826927,0.08595105832293083,0.08594909341362736,0.08594536665221716,0.08594024090504208,-2.0,0.08592531065441322,0.08591542931142716,0.0859040399688215,-2.0,-2.0,0.08585996824136981,0.085842072261232,0.08582230324680186,0.08580052835982385,-2.0,0.0857518215737548,-2.0,0.08569548040684612,-2.0,-2.0,0.0855952997369126,0.08555744500023849,0.08551714548552752,-2.0,0.08542942591864215,-2.0,0.08533099409814203,0.08527775399340096,-2.0,0.08516218883845804,0.08509949462653557,-2.0,-2.0,-2.0,0.08481462752035765,-2.0,0.08464920448394837,-2.0,-2.0,-2.0,-2.0,-2.0,0.08404348724197513,0.08392433088257915,0.08379933162706411,-2.0,-2.0,-2.0,-2.0,-2.0,-2.0,-2.0,-2.0,-2.0,-2.0,-2.0,-2.0,-2.0,-2.0,0.08100601540932818,-2.0,0.08046240963282826,-2.0,-2.0,-2.0,-2.0,-2.0,-2.0,-2.0,0.07770373365533341,-2.0,-2.0,-2.0,-2.0,0.0753802788305118,-2.0,0.0742891488261119,-2.0,-2.0,0.07245053640862319,-2.0,-2.0,-2.0,-2.0,0.06875691119023583,-2.0,0.06702267688546121,-2.0,-2.0,-2.0,-2.0,0.06191469210181537,-2.0,0.0595164594106601,-2.0,-2.0,-2.0,-2.0,-2.0,-2.0,-2.0,0.04736034202225647,0.04549936769936835,-2.0,-2.0,-2.0,-2.0,-2.0,-2.0,-2.0,-2.0,-2.0,0.02128175856767993,0.01818535172804056,-2.0,-2.0,0.00798779853350895,-2.0,-2.0,-2.0,-2.0,-2.0,-2.0,-2.0,-2.0,-2.0,-2.0,-0.04422847652844378,-2.0,-2.0,-0.0637228288798975,-2.0,-2.0,-0.08612090131506664,-2.0,-2.0,-2.0,-2.0,-0.13110739484561262,-2.0,-2.0,-2.0,-0.17539438245828678,-0.18780765632607266,-2.0,-2.0,-2.0,-0.24362624772570046,-2.0,-0.27565836224874063,-0.2928212398160731,-0.3107971236737902,-2.0,-0.3493438712230905,-2.0,-2.0,-2.0,-2.0,-2.0,-0.4889005289361368,-2.0,-2.0,-0.5746293895652494,-0.6059548076717601,-2.0,-2.0,-2.0,-2.0,-2.0,-2.0,-2.0,-2.0,-2.0
0.8406652885618325,0.10098595524249823,0.10104987065986565,0.10111020781913373,0.10116719164452843,0.10122080814880859,-2.0,0.10131859063395052,0.10136316603779473,0.10140492901875255,0.10144408773825055,0.10148065759771506,0.10151476391064473,0.10154658122863103,0.10157597577223784,0.10160318148189594,0.10162827184521743,0.10165126758613686,0.10167224773307114,0.10169145855364535,0.1017084219108074,0.10172361226414987,0.10173701305656217,0.10174857314388326,0.10175835124630078,-2.0,-2.0,0.10177732060052119,0.10178015118230486,0.10178135609541418,0.1017808468283982,-2.0,0.1017749857467333,0.1017695652893038,-2.0,0.10175324875742055,-2.0,0.10173018408661637,0.1017160250904144,0.10169990781536732,-2.0,0.10166244956983658,-2.0,0.10161731671779882,-2.0,-2.0,-2.0,-2.0,-2.0,0.10143128682170396,-2.0,-2.0,-2.0,0.10126028065205885,0.10121060781035782,-2.0,-2.0,-2.0,0.10098273426687264,-2.0,0.1008491935665719,-2.0,-2.0,0.10062088820370557,-2.0,-2.0,-2.0,-2.0,-2.0,0.10004739389673127,-2.0,-2.0,-2.0,0.09956036349485797,-2.0,0.09927946205638116,-2.0,-2.0,-2.0,-2.0,-2.0,-2.0,-2.0,-2.0,-2.0,0.09739687517546634,-2.0,-2.0,-2.0,0.09635905631870513,-2.0,-2.0,-2.0,-2.0,-2.0,-2.0,-2.0,-2.0,-2.0,-2.0,-2.0,-2.0,0.09127896246516766,0.09074614675635899,0.09018803726800276,0.08960343699584607,-2.0,-2.0,-2.0,-2.0,-2.0,-2.0,-2.0,-2.0,0.08292234506199836,-2.0,0.08101992229818353,-2.0,0.0789328715167088,-2.0,-2.0,-2.0,-2.0,-2.0,-2.0,-2.0,0.06835337993618971,-2.0,-2.0,-2.0,-2.0,0.05945063618398157,-2.0,-2.0,0.05303159115468384,-2.0,-2.0,0.045656302559693954,0.042961342691326676,-2.0,0.0371823545836332,-2.0,0.03084284902657415,-2.0,-2.0,0.0201622752656464,-2.0,-2.0,-2.0,-2.0,-2.0,-2.0,-0.01136065356733254,-2.0,-2.0,-2.0,-0.034527459567823354,-2.0,-2.0,-0.05494526299756153,-2.0,-2.0,-0.07840435500191714,-0.08697633643886174,-0.09595437179812699,-0.10535773026839554,-0.11520652770055623,-2.0,-0.1363258677582723,-0.14764163669318525,-2.0,-0.17190675945367798,-2.0,-2.0,-2.0,-2.0,-2.0,-2.0,-0.2769203164832206,-0.2948962115263759,-2.0,-2.0,-2.0,-2.0,-0.39838468816276307,-2.0,-0.4469683470759661,-2.0,-2.0,-2.0,-0.5587284310739657,-2.0,-2.0,-2.0,-2.0,-2.0,-2.0,-2.0,-0.8550599152597916,-2.0,-2.0
0.8166957611638572,0.11616775643239237,0.11624436007753901,0.11631674635873485,0.11638513051834001,0.11644973513873419,0.1165105353700415,0.11656791720027744,0.11662198704978918,0.11667261677683069,0.11672029396531677,0.11676493620696346,0.11680673043666386,0.11684581566836182,0.11688231574646289,0.11691618600980308,0.11694757817822296,0.11697664648236417,0.11700341094049163,0.11702783277197112,0.11705023218741643,0.11707031311746646,-2.0,-2.0,-2.0,0.11713087482114877,0.11714095597359385,0.11714934666983838,0.1171558419407715,0.11716031443267774,0.11716315896736162,-2.0,0.11716319969338178,0.11716043542201501,-2.0,0.11714951241760785,-2.0,0.11713130689526527,0.11711915581666132,-2.0,-2.0,-2.0,0.11705204251375034,0.11703010224025776,-2.0,0.11698002946371368,0.11695180586539403,0.1169213447062487,-2.0,-2.0,0.11681543302094537,-2.0,-2.0,-2.0,-2.0,0.11658697758140527,-2.0,-2.0,-2.0,-2.0,0.11628194562957324,-2.0,-2.0,-2.0,0.1159727347064132,-2.0,-2.0,-2.0,-2.0,-2.0,-2.0,-2.0,-2.0,0.11500071146753539,-2.0,-2.0,0.11457028483967885,-2.0,-2.0,-2.0,-2.0,-2.0,-2.0,0.11329110433079811,-2.0,-2.0,-2.0,0.11234688344913529,-2.0,-2.0,0.11151317839222132,-2.0,-2.0,-2.0,-2.0,0.10983623163149496,-2.0,-2.0,0.10862592160653643,-2.0,-2.0,-2.0,-2.0,-2.0,-2.0,-2.0,-2.0,0.10379724074785711,0.10312549992316024,0.10242189425298445,-2.0,-2.0,-2.0,-2.0,-2.0,-2.0,-2.0,-2.0,-2.0,0.09326292504556002,-2.0,0.09086493437730535,-2.0,0.08823425709243968,-2.0,0.0853483393757589,0.0838023523399741,-2.0,-2.0,-2.0,-2.0,-2.0,-2.0,-2.0,-2.0,-2.0,-2.0,-2.0,-2.0,-2.0,0.052631368063190256,0.04953497655707749,0.046291900139147024,0.04289517696562642,0.0393375568851517,-2.0,-2.0,0.027621104047734088,-2.0,-2.0,-2.0,0.009240485504729848,-2.0,-2.0,-2.0,-2.0,-0.019078224023619986,-0.025571694413805204,-2.0,-2.0,-2.0,-2.0,-2.0,-2.0,-2.0,-0.08990843605272165,-2.0,-2.0,-2.0,-2.0,-0.14404417195305025,-0.156457412653993,-2.0,-2.0,-0.19733814147269557,-2.0,-2.0,-2.0,-2.0,-2.0,-2.0,-2.0,-2.0,-2.0,-2.0,-2.0,-2.0,-2.0,-2.0,-0.5133704458934519,-2.0,-2.0,-2.0,-2.0,-2.0,-2.0,-2.0,-2.0,-2.0,-2.0,-2.0
0.7934096665797492,0.13090247956723133,0.13099234231623297,0.13107730618272848,0.1311576005986185,0.1312333862722853,0.13130497220085968,0.131372539524619,0.1314361752587766,0.13149614177798197,0.13155262486485683,0.13160563532908257,0.13165554544527305,0.13170208673186495,0.13174569147170082,0.1317864319955954,0.13182442465984112,0.1318596276283361,-2.0,0.13192251868653507,-2.0,0.13197531940545332,0.13199842206947965,0.1320190555456987,0.13203782707826556,0.1320540440474928,-2.0,0.13208031962813901,0.13209048404952906,0.13209851697491182,-2.0,-2.0,-2.0,-2.0,-2.0,0.13210533277904202,-2.0,-2.0,0.13208216776466894,-2.0,-2.0,-2.0,0.13202299070725382,-2.0,0.13198063465943763,0.13195621199875904,-2.0,0.13190048517857578,-2.0,-2.0,-2.0,0.13175966633801586,-2.0,-2.0,-2.0,-2.0,-2.0,-2.0,-2.0,-2.0,-2.0,-2.0,0.13113008834390472,-2.0,-2.0,-2.0,0.13078996866307147,-2.0,-2.0,-2.0,-2.0,-2.0,-2.0,-2.0,0.1298655467947053,-2.0,-2.0,0.1294150494777978,0.12924991352460688,0.1290767166809377,0.12889508833072474,0.12870463837139443,-2.0,-2.0,-2.0,0.1278461668591515,-2.0,0.1273524136639789,0.1270876188789863,-2.0,0.12651935476634452,-2.0,0.12589541795369763,-2.0,-2.0,-2.0,-2.0,-2.0,-2.0,-2.0,-2.0,-2.0,0.12173399699952094,0.12120140897322258,-2.0,0.12005909345637607,-2.0,-2.0,-2.0,-2.0,-2.0,-2.0,-2.0,-2.0,-2.0,-2.0,-2.0,-2.0,-2.0,-2.0,-2.0,-2.0,-2.0,-2.0,-2.0,-2.0,-2.0,-2.0,-2.0,-2.0,-2.0,-2.0,-2.0,-2.0,-2.0,0.08114482956340081,0.07868820415073044,0.07611518343762243,-2.0,-2.0,-2.0,-2.0,0.061301924140577876,-2.0,0.05434760406397242,-2.0,-2.0,0.042631209952514515,-2.0,0.03386604686876603,0.02916955705269232,0.024250639062560142,-2.0,-2.0,-2.0,-2.0,-2.0,-0.010561476960347954,-0.017362539234359375,-2.0,-0.03194645417730424,-0.039760550456761856,-2.0,-2.0,-2.0,-0.07489815734906771,-2.0,-2.0,-2.0,-0.117182042143364,-0.12903386917721402,-2.0,-0.15444841500858966,-2.0,-2.0,-2.0,-0.21291112627573214,-2.0,-2.0,-0.2644365159279467,-0.2832633112644587,-0.30298324261618337,-0.32363665822763243,-2.0,-0.3679249636798878,-2.0,-2.0,-2.0,-0.4698041898690757,-2.0,-2.0,-0.5595940922571229,-2.0,-0.6267669334738086,-2.0,-2.0,-2.0,-2.0,-2.0,-2.0,-2.0
0.7707875183839599,0.1452024392323178,0.1453058925754016,0.1454037586106716,0.1454964446863568,0.14558389072764427,0.14566654614292274,0.14574452646369784,0.14581822833222902,0.1458877376543491,0.1459531477059168,0.14601479867197353,0.14607272716175884,0.14612716780299945,0.1461782105672881,0.14622600006888484,0.14627066341161618,0.14631239053529208,0.14635114593464404,0.14638698652186902,0.14642015165943245,0.14645071990634118,0.14647871501190216,0.14650446409811557,0.14652747028210902,0.1465479278907678,-2.0,0.14658255537554246,0.14659629123950466,0.14660789213693312,0.14661747198172448,0.14662490227810313,0.14662994810287466,0.14663314567180427,-2.0,0.1466332037786983,0.1466299231619164,-2.0,0.14661732745383305,0.14660768859355644,-2.0,0.14658221719183964,-2.0,-2.0,-2.0,0.14650478984752205,0.14647963471880368,-2.0,0.14642240740418744,-2.0,-2.0,-2.0,-2.0,0.14623294874058612,0.1461867159766818,0.14613737997176193,-2.0,-2.0,-2.0,-2.0,0.14584153735298153,-2.0,-2.0,-2.0,-2.0,-2.0,0.14536035004579578,-2.0,-2.0,-2.0,-2.0,-2.0,-2.0,0.14457591528618471,0.14444007985235136,-2.0,0.14414781859168485,-2.0,0.1438259886818654,-2.0,-2.0,-2.0,-2.0,0.14287326477551884,-2.0,-2.0,-2.0,0.1419310702283734,-2.0,-2.0,-2.0,0.14079416830355798,-2.0,-2.0,-2.0,0.13942348351750694,-2.0,-2.0,-2.0,-2.0,-2.0,-2.0,-2.0,0.1357826651469883,-2.0,-2.0,-2.0,-2.0,-2.0,-2.0,-2.0,0.1305037554253074,-2.0,-2.0,-2.0,-2.0,-2.0,-2.0,-2.0,-2.0,0.12168360038866724,0.12045694483387881,-2.0,-2.0,-2.0,-2.0,-2.0,-2.0,0.1100786765452158,-2.0,-2.0,-2.0,-2.0,-2.0,-2.0,-2.0,-2.0,-2.0,-2.0,-2.0,-2.0,-2.0,-2.0,-2.0,-2.0,-2.0,-2.0,-2.0,-2.0,-2.0,-2.0,-2.0,-2.0,-2.0,-2.0,0.016715223971205867,0.010515414844533971,-2.0,-2.0,-2.0,-2.0,-2.0,-2.0,-2.0,-2.0,-2.0,-2.0,-0.08047875697520665,-2.0,-0.10259851049358235,-2.0,-2.0,-2.0,-2.0,-0.16774426457183306,-2.0,-2.0,-2.0,-2.0,-2.0,-2.0,-0.2883996562033354,-2.0,-0.33068486862743146,-2.0,-2.0,-0.4019250241670006,-2.0,-0.4552205849963411,-2.0,-0.5136850512513896,-2.0,-0.5778198122461804,-0.6121833438034373,-0.6481746766213927,-2.0,-2.0,-0.766705315913192,-2.0,-0.8553794208904193,-2.0
0.7488103857590023,0.1590790602853424,0.15919659285338442,0.15930783421088315,0.15941304264217532,0.1595125280463362,0.15960670008182612,0.15969556945617905,0.1597795413271594,0.1598589451782441,0.1599336474222155,-2.0,0.16007079291315643,0.16013306382821849,0.16019177907444662,0.16024690798331923,0.16029833118723485,0.16034658119992412,0.16039156225648346,0.1604335187709073,0.16047232485326668,0.1605083193820854,0.16054160595300523,0.16057183343124454,0.16059978200716737,0.16062477149206578,0.16064735985913733,0.16066746850508323,0.16068528570091606,0.16070057214136502,-2.0,-2.0,-2.0,0.16073886977634103,-2.0,0.1607443649329168,-2.0,0.16074105393219618,0.16073616924833586,0.16072893704259694,-2.0,-2.0,0.16069376553569234,-2.0,0.16065867994171268,0.1606376828134717,0.1606141637061272,0.16058813403023012,-2.0,0.1605286944871005,0.16049482193623776,0.16045853668577092,-2.0,-2.0,0.16033205460532424,-2.0,-2.0,-2.0,-2.0,-2.0,0.15999255387930847,-2.0,-2.0,-2.0,-2.0,-2.0,-2.0,-2.0,-2.0,-2.0,-2.0,0.1589865243902199,-2.0,-2.0,-2.0,-2.0,-2.0,-2.0,-2.0,-2.0,-2.0,-2.0,-2.0,-2.0,0.15681703308000716,-2.0,-2.0,-2.0,-2.0,0.15555338165612217,-2.0,-2.0,-2.0,-2.0,-2.0,0.15358876846780933,-2.0,-2.0,-2.0,-2.0,0.15147481001532045,0.15098961129158522,-2.0,0.149949043616631,0.14939135844539989,0.14880716436967764,0.1481952093220196,0.1475541828445061,0.1468827095374948,-2.0,-2.0,-2.0,-2.0,0.14301585416150966,0.14212899028075332,-2.0,-2.0,-2.0,0.13814046943455424,0.1370223927915377,-2.0,-2.0,-2.0,-2.0,-2.0,-2.0,-2.0,0.1259429524607346,-2.0,-2.0,-2.0,-2.0,-2.0,-2.0,-2.0,-2.0,0.10743961498278978,-2.0,-2.0,-2.0,-2.0,-2.0,-2.0,-2.0,-2.0,-2.0,0.07547057275109748,-2.0,-2.0,-2.0,0.05792147095349985,-2.0,-2.0,0.04245468638480428,-2.0,-2.0,-2.0,-2.0,-2.0,-2.0,-2.0,-2.0,-2.0,-0.027764564578736273,-2.0,-2.0,-2.0,-0.06631006763902852,-0.0771140402423609,-2.0,-2.0,-2.0,-2.0,-2.0,-0.15357554161125056,-0.16851338312468567,-2.0,-2.0,-0.2177082902864595,-2.0,-0.25451162016202844,-0.2742309113945064,-0.29488430861583237,-2.0,-2.0,-0.36290236686677857,-0.38775625971749417,-2.0,-2.0,-2.0,-2.0,-2.0,-2.0,-2.0,-0.6340057770100889,-2.0,-2.0,-2.0,-2.0,-2.0,-2.0
0.7274598776536367,0.1725435677718788,0.1726756344848896,0.17280072001672123,0.17291897910472612,0.17303097594975256,0.17313693868672994,0.17323703412900338,0.1733321171283708,0.1734211821535563,0.17350556930138547,0.1735852330831319,0.17366035950652922,0.1737310576490472,0.17379763388259184,0.17386017632092238,0.17391889032821709,0.1739739976015227,0.17402540320694646,-2.0,0.17411828776101496,0.17415966076404232,0.17419824187512023,0.17423357881465462,0.1742661222855364,0.1742959425774852,0.17432287162120771,-2.0,0.17436899760453892,0.17438809553848486,0.17440452815608326,0.1744186465747848,0.17443032382718024,0.17443962501097843,0.1744465563609484,-2.0,0.17445314667497702,0.1744529636569626,0.17445050101616214,-2.0,0.17443835529522253,0.17442886794391205,0.1744168719621481,0.17440240704764928,0.17438559314675667,0.1743664369127683,-2.0,0.1743202412631789,-2.0,-2.0,0.17423150499468434,0.17419629683620663,-2.0,-2.0,-2.0,-2.0,-2.0,0.17392218391487324,-2.0,-2.0,-2.0,-2.0,0.17359948107601725,0.17352298239149055,-2.0,-2.0,-2.0,0.1731727866066473,-2.0,-2.0,-2.0,-2.0,-2.0,-2.0,-2.0,0.17221391288280455,-2.0,-2.0,-2.0,-2.0,-2.0,-2.0,-2.0,-2.0,-2.0,-2.0,-2.0,-2.0,-2.0,-2.0,-2.0,-2.0,0.16840139430407366,-2.0,-2.0,-2.0,-2.0,-2.0,-2.0,-2.0,0.16523754156705,0.1647525602671263,-2.0,-2.0,-2.0,-2.0,-2.0,-2.0,-2.0,-2.0,-2.0,-2.0,-2.0,-2.0,-2.0,0.15496431784514636,0.15399139148074464,0.15297231799735989,-2.0,-2.0,0.14961586300952795,-2.0,-2.0,-2.0,-2.0,-2.0,-2.0,-2.0,-2.0,-2.0,0.13437593103640233,-2.0,-2.0,-2.0,-2.0,-2.0,-2.0,-2.0,0.11593697366015776,-2.0,-2.0,-2.0,-2.0,-2.0,-2.0,-2.0,-2.0,0.08514841075227522,-2.0,-2.0,-2.0,0.06676800200797184,-2.0,-2.0,0.05056854688470484,-2.0,-2.0,-2.0,-2.0,-2.0,-2.0,0.002757112004978135,-0.005427140321325741,-0.013999089381925539,-2.0,-2.0,-2.0,-0.052544498746023266,-2.0,-2.0,-2.0,-2.0,-2.0,-0.1255477137645131,-0.1398099338436445,-0.1547477700181837,-2.0,-0.18677983414386445,-2.0,-2.0,-2.0,-2.0,-2.0,-2.0,-0.32540697937133006,-2.0,-2.0,-2.0,-0.42728618287040476,-0.4558420629820693,-2.0,-0.5170760565598252,-2.0,-2.0,-2.0,-2.0,-2.0,-2.0,-0.7820820803408384,-2.0,-0.8749567585533616
0.7067181273927491,0.1856070261158472,0.18575406670912017,0.18589339405248909,0.18602547481083867,0.18615019055080193,0.1862683266195585,0.18638006009769306,0.18648584833134485,0.1865856808571446,0.18668013136828326,0.18676923232606152,0.18685335065405614,0.18693253614157432,0.18700732225374023,0.18707749020947056,0.18714357459566827,0.18720576669222488,0.18726368452898146,0.18731804436025518,0.18736888243008384,0.18741613218954065,0.1874600624781702,0.18750067250748256,0.1875381726186312,0.1875726547285383,0.18760412219810962,0.187632712799204,0.18765851112508436,0.1876814639492575,0.1877018019304204,-2.0,-2.0,-2.0,-2.0,0.1877644337312267,0.18776951261626937,0.18777201922626646,-2.0,0.187769392422644,0.18776449558047648,0.18775695779357265,0.18774709770293052,-2.0,0.18771983682964188,-2.0,-2.0,0.1876595604613291,0.18763418225305356,0.18760618549050928,-2.0,0.18754141037570662,-2.0,-2.0,0.1874224594962649,0.18737629193530686,-2.0,0.18727438804875343,-2.0,-2.0,-2.0,0.18702747121487845,-2.0,-2.0,-2.0,0.18671626091410148,-2.0,-2.0,-2.0,-2.0,-2.0,-2.0,-2.0,-2.0,-2.0,-2.0,-2.0,-2.0,-2.0,-2.0,-2.0,-2.0,-2.0,0.18416277224972225,0.18394446186185953,-2.0,0.1834754713680867,-2.0,-2.0,0.18268333910561096,-2.0,-2.0,-2.0,-2.0,-2.0,0.18072107913258573,0.18033704977004186,-2.0,-2.0,-2.0,-2.0,-2.0,0.17761575788235262,-2.0,0.17652617351689873,0.17594219742101866,-2.0,-2.0,0.1740183421430864,-2.0,-2.0,-2.0,-2.0,0.17015231802546474,-2.0,0.16833680415839616,0.16736394803118554,-2.0,-2.0,-2.0,-2.0,-2.0,-2.0,0.1591319462038654,-2.0,0.15624645665223277,-2.0,-2.0,-2.0,0.1496082567854406,-2.0,-2.0,0.14375736636480646,-2.0,-2.0,-2.0,-2.0,-2.0,0.1293104250852483,0.12648792197464842,-2.0,-2.0,-2.0,-2.0,-2.0,0.10651216784614245,0.10260953781791465,0.09852203493529887,-2.0,-2.0,0.08506055048098098,0.08014168172716679,-2.0,0.06959387534040619,-2.0,0.05802296109817892,0.05182323978537037,-2.0,0.038528802736400386,-2.0,0.023944953505564,-2.0,0.007946645813960068,-2.0,-2.0,-2.0,-2.0,-2.0,-0.049974450921367014,-0.06129039378165846,-2.0,-2.0,-2.0,-0.11217385771732413,-2.0,-2.0,-0.15701937007651573,-2.0,-2.0,-2.0,-2.0,-0.2470913646509685,-2.0,-0.28937655905391213,-0.31203308851505723,-0.3357628488840759,-2.0,-2.0,-0.41391226975415285,-2.0,-2.0,-0.5037021162826583,-0.536511461718227,-2.0,-0.6068662575132862,-2.0,-2.0,-2.0,-0.7687081446608078,-2.0,-2.0
0.6865677777260395,0.1982796973864387,0.19844261564564047,0.19859672171425272,0.1987427644956585,0.19888085641673423,0.19901196956348355,0.19913555971794744,0.19925275882689802,0.1993634455761616,0.1994680362780591,0.1995667720592753,0.1996601694214769,0.1997483541782969,0.19983145140121333,0.199909577127491,0.19998323110029717,0.2000525154026938,0.20011752428393725,0.20017833094220466,-2.0,0.20028852723153415,0.2003380396762696,-2.0,0.20042674493395346,0.20046602501813057,-2.0,0.20053511361904322,0.2005653273599067,0.20059211124529708,0.20061620771509037,0.20063767047181774,-2.0,0.20067188755606957,0.2006850365726089,0.20069561523862142,-2.0,0.20070857521081698,0.20071101321927975,0.2007110377603136,0.20070849864780965,0.20070331499804456,-2.0,0.20068529311360173,-2.0,-2.0,-2.0,-2.0,-2.0,-2.0,-2.0,0.20050526618377465,-2.0,-2.0,0.2003900088212461,-2.0,-2.0,-2.0,-2.0,-2.0,-2.0,-2.0,-2.0,0.19985690041042875,-2.0,0.19969401538812198,-2.0,-2.0,-2.0,-2.0,-2.0,-2.0,-2.0,-2.0,0.19870294804134384,-2.0,-2.0,-2.0,-2.0,-2.0,-2.0,-2.0,-2.0,-2.0,-2.0,-2.0,0.19646296817588818,-2.0,-2.0,-2.0,-2.0,-2.0,-2.0,-2.0,0.1940768681610021,0.19371055193123482,-2.0,-2.0,-2.0,-2.0,-2.0,0.19111410214266228,0.1906062885352972,0.19007428294120596,-2.0,-2.0,0.1883214482986034,0.1876807242237661,-2.0,-2.0,0.18556997814399578,-2.0,-2.0,-2.0,-2.0,-2.0,-2.0,-2.0,0.17826956850453557,0.17715166406740843,-2.0,-2.0,-2.0,0.17212419289751024,-2.0,-2.0,-2.0,-2.0,-2.0,-2.0,-2.0,-2.0,0.15674996952190132,-2.0,-2.0,-2.0,-2.0,-2.0,-2.0,-2.0,0.13652450358672366,-2.0,-2.0,-2.0,-2.0,0.11950506324495144,-2.0,-2.0,-2.0,-2.0,0.0980535412498016,-2.0,0.08798280907183614,0.08258686881809722,-2.0,0.07101601054768608,0.06481630566426924,-2.0,0.05152189658126924,-2.0,-2.0,-2.0,0.020939780437096267,0.012367842309723598,0.003389842718313746,-2.0,-2.0,-0.026177522100558043,-2.0,-2.0,-2.0,-2.0,-0.08556352512728055,-0.09918067351307835,-0.11344287975243927,-0.12838071184346317,-0.14402616494955722,-0.1604127647522426,-2.0,-0.19555148167977693,-0.214378891234639,-0.23409817553184092,-2.0,-0.27638335547253656,-2.0,-2.0,-2.0,-0.37365469286301634,-2.0,-2.0,-2.0,-0.49070890386017973,-2.0,-2.0,-0.5938730722878586,-2.0,-0.6710513909055791,-2.0,-2.0,-2.0,-0.8485888609621528
0.6669919663030122,0.21057243333651116,0.21075157658928745,0.21092104713989432,0.21108163369032532,0.21123370894072815,0.21137748563306014,0.2115140336948746,0.21164270413341918,0.21176447938049803,0.21187993936174232,0.21198869894556255,0.21209178489166874,0.21218888002606018,0.21228061789522845,0.2123671136613949,0.2124486178278365,0.21252526376060965,0.2125973338154189,0.21266498289900349,0.2127283335070944,0.21278769627926056,0.21284293664263573,0.21289454026833385,0.21294236702407954,0.21298671611124445,0.2130277302901176,0.2130653456542205,0.213099521038237,0.2131306283904501,-2.0,0.21318367838516766,-2.0,-2.0,-2.0,0.21325487994600414,0.21326560141110215,-2.0,0.21327929411922525,-2.0,-2.0,-2.0,0.21327287950773272,0.21326465765536595,0.21325375341569,-2.0,-2.0,0.21320441013502908,-2.0,0.21315725133771546,0.21312934209615236,-2.0,-2.0,-2.0,-2.0,-2.0,-2.0,-2.0,0.21279180822640398,0.21273409726871165,-2.0,-2.0,0.21253723153679477,-2.0,-2.0,-2.0,-2.0,-2.0,-2.0,0.21192031943025677,-2.0,-2.0,-2.0,-2.0,-2.0,-2.0,-2.0,0.21087335973467905,-2.0,-2.0,-2.0,0.2101712924803546,-2.0,-2.0,-2.0,-2.0,-2.0,-2.0,-2.0,-2.0,-2.0,-2.0,-2.0,-2.0,-2.0,-2.0,-2.0,-2.0,-2.0,-2.0,0.20421935700706498,0.20373458002062228,-2.0,-2.0,-2.0,-2.0,-2.0,0.20030192301110275,-2.0,0.19892785916591094,-2.0,0.19742009232612612,-2.0,-2.0,0.1948791264128076,-2.0,0.19297775611812776,0.19195887848954601,-2.0,-2.0,0.18860295987280046,0.18737656966628966,-2.0,-2.0,-2.0,0.1818612631639968,-2.0,0.17869591714164149,-2.0,-2.0,0.17336273476349354,0.17141390048401545,-2.0,-2.0,-2.0,0.16265021887559444,-2.0,-2.0,-2.0,0.15210364806462845,-2.0,-2.0,0.14280827140681696,0.1394116872955316,0.13585417433019414,0.13212812169013124,-2.0,0.12413807575579197,0.1198569650115795,-2.0,-2.0,0.10575784463500615,-2.0,-2.0,0.08955849755321939,-2.0,0.07743951766323118,0.07094612191293498,0.06414512542219467,-2.0,-2.0,0.04174725761877296,-2.0,-2.0,0.016013125311933635,-2.0,-2.0,-2.0,-0.02435814396361255,-2.0,-2.0,-0.05993892082030222,-0.07294018758705173,-2.0,-0.10081953704620877,-0.11575736590204894,-2.0,-2.0,-2.0,-2.0,-2.0,-0.22147478979533997,-0.24212820128195772,-0.2637599596077837,-2.0,-2.0,-2.0,-2.0,-2.0,-2.0,-2.0,-2.0,-2.0,-2.0,-2.0,-0.6189459631466407,-2.0,-2.0,-2.0,-2.0,-2.0
0.6479743115621104,0.2224948658526668,0.22269080435109262,0.2228761878765774,0.22305189668679268,0.22321826506051798,0.22337586078185362,0.22352479380854445,0.2236658749459971,0.22379942958769788,0.22392572402196176,0.22404517636101823,0.22415789894345567,0.2242646033865588,0.22436542661397546,-2.0,0.2245498774351529,0.22463414369125573,0.22471360267701507,0.22478813550257143,0.2248580555066117,0.2249236895968956,0.2249850184358946,-2.0,-2.0,-2.0,0.22519081602305455,0.22523329099002862,0.22527182157583583,0.2253072205227828,0.22533927874323356,0.22536827881574967,-2.0,0.22541661258299195,-2.0,0.22545303611826414,0.2254669649188624,-2.0,0.22548584412953704,-2.0,-2.0,0.22549282551593575,-2.0,-2.0,-2.0,-2.0,-2.0,0.2254309062929641,-2.0,-2.0,0.22536080930861985,0.22533147510704463,-2.0,0.22526303638153006,-2.0,0.22518161689088922,-2.0,0.22508661211442116,-2.0,-2.0,-2.0,0.22485124836669762,0.22478246995444856,-2.0,-2.0,0.2245500057443654,-2.0,0.22437067493854262,-2.0,0.22417114582008255,0.2240627637346864,0.22394879581217086,-2.0,0.223702745412289,-2.0,-2.0,-2.0,0.22312784974780295,-2.0,-2.0,-2.0,-2.0,0.2222301921589753,-2.0,-2.0,-2.0,-2.0,-2.0,-2.0,-2.0,-2.0,-2.0,-2.0,-2.0,0.21895601362802772,0.21859077499803975,-2.0,-2.0,-2.0,-2.0,-2.0,-2.0,-2.0,-2.0,-2.0,-2.0,-2.0,-2.0,0.21189265800684526,0.21118992923524738,-2.0,-2.0,-2.0,-2.0,-2.0,-2.0,-2.0,-2.0,-2.0,-2.0,-2.0,-2.0,-2.0,0.1970094874324253,-2.0,-2.0,-2.0,-2.0,-2.0,0.18748657722068976,0.18562595892190534,-2.0,0.1816360039719512,-2.0,0.17725891653210785,0.17491361891294938,-2.0,-2.0,-2.0,-2.0,0.16141098278124424,-2.0,-2.0,-2.0,-2.0,-2.0,-2.0,-2.0,0.1321206407681254,-2.0,-2.0,-2.0,-2.0,-2.0,-2.0,-2.0,-2.0,-2.0,-2.0,0.0692857482696351,-2.0,-2.0,0.04582687532940655,0.037254994409257725,-2.0,-2.0,-2.0,-0.001290333478165956,-2.0,-2.0,-0.03526180579585231,-0.04767502067777296,-2.0,-2.0,-2.0,-2.0,-2.0,-0.13552547786796793,-2.0,-2.0,-0.18949157524452775,-0.20921084984584776,-0.22986425030104574,-0.2514960190922574,-2.0,-2.0,-2.0,-2.0,-2.0,-0.40458755079304665,-0.43449613989826025,-2.0,-2.0,-2.0,-2.0,-2.0,-2.0,-2.0,-2.0,-2.0,-2.0
0.6294988990221887,0.23405659114161542,0.2342700697081107,0.2344721640628505,0.23466351945990724,0.23484464173210093,0.2350163400202761,0.23517860668488988,0.23533242939737842,0.2354782770734018,0.23561565581492655,-2.0,0.23586912849295066,0.23598541457196132,0.23609526869493758,0.23619894252332355,0.23629701348576596,0.23638914157193108,0.2364760394305117,0.23655780460856407,0.23663461551159065,0.23670694920795202,0.23677444149595797,-2.0,0.2368962267336221,-2.0,-2.0,0.2370489725154599,-2.0,0.2371321313638981,0.2371683640580166,0.23720116158782073,-2.0,-2.0,0.2372801121281799,0.23730004033297467,0.23731712822208087,-2.0,0.23734169993542287,0.2373495589168779,0.2373546490728481,0.2373565414638496,0.2373557330835096,-2.0,-2.0,-2.0,-2.0,-2.0,0.2372885105192837,0.23726688708649235,-2.0,0.23721417819542054,-2.0,0.23714871017193717,-2.0,-2.0,0.23702525485247933,-2.0,-2.0,0.23686949981329272,-2.0,0.2367459897623771,0.2366783326444446,-2.0,0.2365290572583174,-2.0,-2.0,-2.0,0.23617383862071312,-2.0,-2.0,-2.0,0.23573150345181917,-2.0,0.23547329592695762,-2.0,-2.0,-2.0,-2.0,-2.0,-2.0,-2.0,0.2341374029941741,-2.0,0.23371351490041017,-2.0,0.2332468679949168,-2.0,-2.0,-2.0,-2.0,-2.0,-2.0,-2.0,-2.0,-2.0,0.23011739432881814,-2.0,-2.0,0.22885368014391208,-2.0,-2.0,-2.0,-2.0,0.22631121788987515,0.22572771726620336,-2.0,0.22447602886011478,-2.0,-2.0,-2.0,-2.0,-2.0,0.219940933776204,0.21905452778490578,-2.0,0.2171534561819349,-2.0,-2.0,-2.0,-2.0,-2.0,-2.0,-2.0,0.2075139770385571,-2.0,0.2044920767555934,-2.0,-2.0,-2.0,0.19753990770931587,-2.0,0.19355002567687526,-2.0,-2.0,0.18682786534850776,-2.0,-2.0,-2.0,-2.0,-2.0,-2.0,-2.0,-2.0,0.1600321169821987,-2.0,-2.0,-2.0,-2.0,0.13955115573376875,-2.0,-2.0,-2.0,-2.0,-2.0,0.10781755317629482,-2.0,-2.0,-2.0,0.08120030009308651,-2.0,0.06592566558167301,-2.0,-2.0,-2.0,-2.0,-2.0,-2.0,-0.0001796537066855175,-0.011495390355375501,-2.0,-2.0,-2.0,-0.0623787649813794,-2.0,-2.0,-2.0,-2.0,-2.0,-2.0,-2.0,-0.19729616471392558,-0.21794956175876418,-2.0,-2.0,-2.0,-0.3108214172895289,-2.0,-2.0,-0.3926728307734429,-2.0,-2.0,-2.0,-2.0,-0.5570709595504336,-2.0,-0.6342492687888514,-2.0,-2.0,-0.7642749565643869,-2.0
0.6115502679648499,0.24526737004018792,0.24549904180896562,0.24571837707440736,0.24592620520870928,0.2461225641674375,0.2463087470557819,0.24648509400284332,0.24665184989462244,0.24680982026435447,0.2469596395888838,0.24710063612076685,0.24723462127219079,0.24736087126277514,0.24748033402937517,-2.0,-2.0,0.24780019295363406,-2.0,0.2479841760013868,0.24806790971510076,0.2481466727106733,0.24822061959979747,0.24828975923616853,0.2483544941095576,0.24841494405567255,0.2484709724894722,0.24852283630100613,-2.0,0.24861515798514963,0.24865589391761087,-2.0,0.24872615903033957,-2.0,-2.0,-2.0,0.24882616417845838,-2.0,0.24885720135442355,0.2488675300016066,-2.0,-2.0,-2.0,-2.0,0.24887513345837858,-2.0,0.2488568612810116,0.24884319272483668,-2.0,-2.0,-2.0,-2.0,0.24872735958161662,-2.0,0.24865806712250543,0.24861840275954342,-2.0,-2.0,-2.0,0.2484223648773723,-2.0,-2.0,0.24823421166606296,-2.0,-2.0,-2.0,0.24792112114571377,-2.0,-2.0,0.2476332542901223,-2.0,-2.0,-2.0,-2.0,-2.0,-2.0,-2.0,-2.0,-2.0,-2.0,-2.0,-2.0,-2.0,-2.0,-2.0,-2.0,-2.0,-2.0,-2.0,-2.0,-2.0,-2.0,-2.0,0.24278634773104718,-2.0,-2.0,-2.0,-2.0,-2.0,-2.0,-2.0,-2.0,-2.0,-2.0,-2.0,-2.0,-2.0,-2.0,0.23537843199158454,-2.0,-2.0,-2.0,-2.0,-2.0,-2.0,-2.0,-2.0,-2.0,-2.0,0.22552412355594706,-2.0,-2.0,-2.0,-2.0,-2.0,-2.0,-2.0,-2.0,-2.0,0.210975210084517,-2.0,-2.0,-2.0,-2.0,-2.0,-2.0,-2.0,0.193373494025191,-2.0,-2.0,0.1849003082180297,-2.0,-2.0,-2.0,0.1716072812752067,0.16788128399488353,-2.0,-2.0,-2.0,0.151126404614442,-2.0,-2.0,0.13635947841203094,-2.0,-2.0,-2.0,-2.0,-2.0,-2.0,0.09277571261490555,-2.0,-2.0,-2.0,-2.0,-2.0,0.04236372649992576,0.032515001787812886,-2.0,-2.0,-2.0,-0.011771700876329505,-2.0,-0.03718615536703346,-2.0,-2.0,-2.0,-2.0,-2.0,-2.0,-2.0,-2.0,-2.0,-2.0,-2.0,-0.2506622885839732,-0.27439203328913553,-2.0,-2.0,-2.0,-2.0,-2.0,-2.0,-2.0,-2.0,-2.0,-2.0,-2.0,-0.6640260088704192,-2.0,-2.0,-2.0
0.5941133984965034,0.25613599170911827,0.2563866657503277,0.2566239082053384,0.2568484678809987,0.2570611007877702,0.25726241500420016,-2.0,0.25763345699081514,0.2578043623444359,0.25796593054625017,0.25811897441130843,0.2582638809180109,0.2584008377106307,0.25853019469219335,0.2586522213255478,0.2587676301358904,0.2588767613342973,0.2589795401441932,0.25907635537467477,0.2591673594107762,0.2592530778742465,0.2593335068868612,0.2594089838694532,0.25947961920246965,0.2595455165260333,0.2596069895050624,0.259664073982321,0.25971719145502375,0.25976608798623413,0.2598109675580374,-2.0,0.25988960585774307,-2.0,0.25995374983192293,-2.0,-2.0,0.2600239100453311,-2.0,-2.0,-2.0,-2.0,0.26007584778671694,-2.0,-2.0,0.2600687770313049,0.2600603790389723,0.26004843009560713,0.26003361508715145,0.26001527628265575,0.2599938580250927,0.25996940124819634,-2.0,-2.0,0.25987478915796414,0.259836249863251,-2.0,-2.0,0.25969886730926367,0.2596451629848731,-2.0,0.25952585871644246,-2.0,0.25938930323022225,-2.0,-2.0,0.2591498773080779,-2.0,-2.0,-2.0,-2.0,0.2586462921671456,-2.0,0.2584033042791097,-2.0,-2.0,0.25798796347891045,-2.0,0.25767370151767727,-2.0,-2.0,-2.0,-2.0,-2.0,-2.0,-2.0,0.25605533576564493,-2.0,-2.0,-2.0,-2.0,-2.0,-2.0,-2.0,-2.0,-2.0,-2.0,-2.0,0.25210879423642013,-2.0,0.25120616996176226,-2.0,0.2502150978566422,0.24968376985319027,-2.0,-2.0,0.24793278886594936,-2.0,-2.0,-2.0,-2.0,0.24441242255731083,-2.0,-2.0,0.24187249340387176,-2.0,-2.0,-2.0,-2.0,-2.0,-2.0,-2.0,-2.0,-2.0,0.23033326608061164,-2.0,-2.0,-2.0,-2.0,-2.0,0.22035974125931942,-2.0,-2.0,-2.0,0.2119931244930387,-2.0,-2.0,-2.0,-2.0,0.19910178490370178,-2.0,-2.0,0.18980669175691528,-2.0,-2.0,0.1791267879400356,-2.0,0.17113689151321257,0.16685584693656264,-2.0,-2.0,-2.0,-2.0,-2.0,-2.0,-2.0,-2.0,-2.0,-2.0,-2.0,-2.0,-2.0,-2.0,-2.0,-2.0,0.05360949390392289,-2.0,0.03344551171580876,0.022641592617725997,-2.0,-2.0,-0.01293909945879268,-2.0,-2.0,-2.0,-2.0,-0.08440288358794434,-2.0,-0.11795227497926047,-2.0,-0.1547555254711192,-0.17447478984002496,-2.0,-0.216759940269801,-2.0,-0.26314599415261314,-0.28800001184396506,-2.0,-0.34129553608509067,-0.369851386220732,-0.39975999440010024,-0.43108534742666615,-2.0,-0.49825819184225495,-2.0,-2.0,-2.0,-2.0,-2.0,-2.0,-0.7889659416284562
0.577173698979317,0.2666711147016272,0.2669416218751102,0.2671974103647561,0.2674397235141086,0.26766912490827305,0.26788605447566627,0.268091669358344,0.26828661297760026,0.2684704365492651,0.2686447212952536,0.2688096446041526,0.26896576871399364,0.26911347271609004,0.26925315684809953,0.2693851238283702,0.269509755873465,0.2696275365072876,0.26973865033223693,-2.0,0.2699420110093332,0.2700348154440635,0.27012211783387285,0.2702039957640594,0.27028067158291047,0.2703526646008816,0.27041959617028516,0.27048193897237593,0.2705400210158969,-2.0,0.2706433741379092,0.2706886980635061,-2.0,0.270768198505565,0.27080198791052984,0.2708323716473239,-2.0,0.2708826046145069,0.27090251653121317,0.2709188762245485,0.27093220229629955,-2.0,-2.0,0.27095165989858944,0.27095163994587257,0.27094840417020255,0.2709420777981394,0.27093218507285005,-2.0,0.27090279314858023,-2.0,0.27086013231734385,0.2708335887524014,-2.0,0.27077025423150225,0.270733030745847,0.27069229760149865,-2.0,0.2705994553650449,-2.0,0.2704905407415057,-2.0,0.27036460043292737,-2.0,-2.0,-2.0,-2.0,0.2699693593677395,-2.0,0.26977525324991763,-2.0,-2.0,-2.0,-2.0,-2.0,0.2690478473337875,-2.0,-2.0,-2.0,-2.0,-2.0,-2.0,-2.0,-2.0,-2.0,-2.0,-2.0,-2.0,-2.0,-2.0,-2.0,-2.0,-2.0,-2.0,-2.0,-2.0,-2.0,-2.0,-2.0,-2.0,0.2621282281038269,-2.0,-2.0,0.26060629021804305,0.2600497790221759,0.25946663050247537,-2.0,0.25821567065089557,-2.0,-2.0,0.25610679717748824,0.25533590151692664,0.25452834466293217,-2.0,-2.0,-2.0,-2.0,-2.0,0.24881027765383856,-2.0,0.24652222309737198,-2.0,-2.0,-2.0,-2.0,-2.0,0.23823611395890165,-2.0,-2.0,-2.0,-2.0,-2.0,-2.0,-2.0,-2.0,0.22057282490599373,0.21811650456994477,-2.0,-2.0,-2.0,-2.0,-2.0,-2.0,-2.0,-2.0,-2.0,-2.0,0.1820621011280162,-2.0,0.1732972287474182,-2.0,-2.0,-2.0,-2.0,0.1474830522835338,0.1415638382531646,0.135364195123403,-2.0,0.12206995292254716,-2.0,-2.0,-2.0,0.09148801795572048,-2.0,-2.0,-2.0,-2.0,0.044370966066403866,-2.0,0.022251336818661482,-2.0,-0.002013619452395976,-0.015014848548164206,-2.0,-0.042894148748911065,-2.0,-2.0,-0.08986394304866341,-0.10702676962460123,-2.0,-2.0,-2.0,-2.0,-2.0,-0.22849088124322858,-0.25222060828576076,-2.0,-2.0,-2.0,-2.0,-2.0,-2.0,-2.0,-2.0,-2.0,-2.0,-2.0,-2.0,-2.0,-2.0,-2.0
0.5607169938205457,0.27688152090314,0.27717255328693796,0.2774477754638285,0.2777084924515583,0.27795513903969915,0.27818862358598334,-2.0,0.27861880265234196,0.27881680511471146,0.279004282479873,0.2791818986550512,0.27934972337869285,-2.0,0.2796586832884561,0.2798007932555904,0.2799350921258053,0.28006173873540086,0.28018140589318213,0.28029445981149725,-2.0,0.28050105952405896,0.28059533351516697,0.2806838841186859,0.2807669482604044,0.28084490795403944,0.2809175044155006,0.28098552056285236,0.28104859807250204,0.28110720176975934,0.2811615183036624,0.2812116017558795,0.28125741889191974,0.2812993807045788,0.2813371728471003,-2.0,0.2814015136114217,0.2814280954419824,-2.0,-2.0,-2.0,-2.0,-2.0,-2.0,0.28151679324465373,-2.0,0.281511272474995,0.2815040517376643,0.2814927086787424,-2.0,-2.0,0.28143904206197173,-2.0,-2.0,-2.0,-2.0,-2.0,-2.0,-2.0,0.2811367797744686,-2.0,-2.0,-2.0,-2.0,-2.0,-2.0,0.28065512043028035,-2.0,-2.0,-2.0,-2.0,0.2801588431731033,-2.0,-2.0,-2.0,-2.0,-2.0,-2.0,-2.0,-2.0,-2.0,-2.0,-2.0,0.27826129421277346,0.27804564101602214,-2.0,-2.0,-2.0,-2.0,-2.0,0.2765081881055309,-2.0,-2.0,-2.0,-2.0,-2.0,-2.0,0.2740611691836414,-2.0,0.2732005548596242,-2.0,-2.0,0.27174859600633966,0.2712175655660611,-2.0,-2.0,-2.0,-2.0,0.26815707474656986,-2.0,-2.0,-2.0,-2.0,-2.0,0.2634087946954569,0.2624806317237319,-2.0,0.26048993924233316,-2.0,-2.0,0.25713523029544477,-2.0,-2.0,-2.0,0.25187096432415323,0.250395212213297,-2.0,-2.0,-2.0,-2.0,-2.0,-2.0,-2.0,-2.0,-2.0,-2.0,0.22873026838353241,-2.0,0.22346296836022259,-2.0,-2.0,-2.0,-2.0,-2.0,0.20439189410664793,-2.0,-2.0,-2.0,-2.0,0.18391131741307215,-2.0,0.17429630376528393,0.16914452346653408,-2.0,-2.0,-2.0,-2.0,0.13948505271193384,0.13268414806053544,0.12556100309037352,-2.0,0.11028643529429794,-2.0,-2.0,-2.0,-2.0,0.06530051053555422,-2.0,-2.0,0.032865646711474794,-2.0,-2.0,-2.0,-2.0,-0.03227980766968663,-2.0,-2.0,-2.0,-2.0,-0.11438825226834032,-2.0,-2.0,-2.0,-2.0,-2.0,-0.24160620860417337,-2.0,-2.0,-2.0,-2.0,-2.0,-0.4095454069601268,-2.0,-2.0,-2.0,-2.0,-2.0,-0.6312401010027355,-2.0,-0.71991414786252,-2.0
0.5447295116100163,0.28677513652171593,0.2870876024714918,0.2873832739869381,0.2876628058312792,0.2879275015728794,0.28817809788109255,0.2884151139852248,0.288639623076887,0.28885239944476954,-2.0,-2.0,0.28942367428961613,0.28959409849870904,0.2897553171807513,0.28990779900812574,0.290051942782473,0.2901880502056603,0.2903166636547742,0.29043801572991507,0.2905525265943543,0.29066038261273874,0.2907618904255533,0.2908573655191329,0.2909469046667799,0.2910310633063154,0.29110978968839724,0.29118328506231317,0.29125203361663304,0.29131561606344897,-2.0,0.2914293905547534,0.2914795812152079,0.2915255753628985,0.29156731260568153,-2.0,0.29163946363279725,0.2916698627583804,0.29169556191504314,-2.0,0.29173724535997364,0.29175263056573914,0.29176454600667107,0.2917728504355788,0.2917777096383318,-2.0,-2.0,0.29177145224050666,-2.0,0.2917499015034566,-2.0,-2.0,-2.0,-2.0,-2.0,-2.0,-2.0,-2.0,0.29147364343080756,-2.0,-2.0,-2.0,-2.0,-2.0,-2.0,-2.0,-2.0,-2.0,-2.0,-2.0,0.2905664762406698,-2.0,-2.0,0.2902171138902811,-2.0,-2.0,0.28980687595156523,-2.0,-2.0,0.2893275224699599,0.2891509053545715,0.28896523997263657,0.28877012839628774,-2.0,-2.0,-2.0,-2.0,-2.0,-2.0,-2.0,-2.0,-2.0,-2.0,-2.0,-2.0,-2.0,-2.0,-2.0,-2.0,-2.0,-2.0,-2.0,-2.0,-2.0,-2.0,-2.0,-2.0,-2.0,-2.0,-2.0,0.277028736368993,0.27625802631371715,-2.0,0.2746049245402862,0.2737189518711442,-2.0,-2.0,-2.0,-2.0,0.2686162706060921,-2.0,-2.0,0.26493577689948317,0.2635907175694707,-2.0,-2.0,-2.0,0.2575414819631071,-2.0,0.25406956819367965,0.2522092009021434,-2.0,-2.0,-2.0,-2.0,-2.0,-2.0,-2.0,-2.0,-2.0,0.2279961708054263,-2.0,-2.0,0.21826090569603002,-2.0,-2.0,-2.0,0.20298798469250398,0.19870685986307252,-2.0,-2.0,-2.0,-2.0,0.17406048849129097,-2.0,0.16248983053893767,-2.0,-2.0,-2.0,-2.0,-2.0,-2.0,-2.0,-2.0,-2.0,-2.0,-2.0,0.06529721255260865,-2.0,-2.0,-2.0,-2.0,-2.0,-2.0,-2.0,-2.0,-2.0,-2.0,-2.0,-2.0,-2.0,-2.0,-2.0,-2.0,-2.0,-2.0,-2.0,-2.0,-2.0,-2.0,-2.0,-2.0,-2.0,-0.46640605021877235,-2.0,-2.0,-2.0,-2.0,-2.0,-2.0,-2.0
0.5291978735958441,0.29636001958134134,0.2966948099051029,0.29701155704041143,0.2973111253051734,0.29759460127372594,0.297862880030392,0.2981167921862364,0.29835735739403574,0.29858467428106644,0.2987997597645638,0.2990035272752204,0.2991962744410439,0.2993788028692998,-2.0,0.2997146857902027,0.2998689720656289,0.3000149957843556,0.30015267166220133,0.300282821482895,0.30040556345426167,0.30052129356510693,0.3006303055826995,0.3007329471761432,0.3008296041584897,0.3009198305509174,0.3010046699828402,0.30108390415768094,0.3011579875857701,0.30122717039152863,-2.0,0.3013506053154833,0.3014052608370332,0.3014555874001607,0.3015015624370576,0.30154346199125337,-2.0,0.30161465278708116,0.301644375438989,0.3016704018609873,-2.0,-2.0,0.3017253142838179,-2.0,-2.0,-2.0,-2.0,0.301744359104191,-2.0,-2.0,-2.0,-2.0,-2.0,0.3016485578057299,-2.0,0.30158674939245883,0.30155012355466276,-2.0,-2.0,0.3014162428366024,-2.0,-2.0,-2.0,-2.0,-2.0,0.3010302328266521,0.3009486269669076,0.3008621532799592,-2.0,-2.0,-2.0,-2.0,-2.0,-2.0,-2.0,-2.0,-2.0,-2.0,-2.0,-2.0,-2.0,-2.0,-2.0,-2.0,-2.0,-2.0,0.29789758400848554,-2.0,-2.0,-2.0,-2.0,-2.0,0.29620911741687034,-2.0,-2.0,-2.0,-2.0,0.29438297193618357,-2.0,-2.0,-2.0,0.2925786728622154,-2.0,-2.0,-2.0,0.29040270157701575,-2.0,-2.0,-2.0,-2.0,-2.0,-2.0,-2.0,-2.0,-2.0,-2.0,-2.0,-2.0,-2.0,-2.0,-2.0,-2.0,-2.0,-2.0,-2.0,0.2707233767676633,-2.0,-2.0,0.26586310662117074,-2.0,0.2622266736881984,0.2602781564236058,0.25823726893163124,-2.0,0.2538606826316223,-2.0,-2.0,-2.0,0.2437922172296754,-2.0,-2.0,0.23491795303399785,0.23167520377615164,-2.0,-2.0,-2.0,-2.0,-2.0,-2.0,-2.0,0.19954485462563948,-2.0,-2.0,-2.0,-2.0,-2.0,-2.0,-2.0,-2.0,0.14589115222141644,-2.0,-2.0,0.12243239510737974,-2.0,-2.0,0.09547939081034801,0.085630709590195,-2.0,-2.0,-2.0,-2.0,-2.0,-2.0,-2.0,-2.0,-2.0,-2.0,-2.0,-2.0,-2.0,-2.0,-0.13260447722361185,-2.0,-2.0,-0.19754563429008348,-2.0,-0.24612960344306106,-2.0,-0.29942516985115414,-2.0,-0.357889581065826,-2.0,-2.0,-2.0,-0.492379094012538,-2.0,-2.0,-2.0,-2.0,-2.0,-2.0
0.5141090824887365,0.3056436229499366,0.306001866020226,0.30634066115095987,0.3066609747538292,0.3069641266226106,0.3072508512126841,0.30752211157584775,0.30777903691468056,0.3080218771594319,0.30825214821300556,0.30846997840245005,0.30867554084498167,0.30887040599022747,0.30905491068682006,0.3092292877604883,-2.0,0.309550343336856,0.3096975788868892,0.30983670890753634,0.3099681179745142,0.31009206570767806,-2.0,0.3103186430097867,0.3104220440636577,0.3105192180877443,-2.0,0.31069583299121156,0.31077570831651874,0.31085019131201347,0.31091942145670226,0.31098365475934014,0.31104302064538875,0.31109768793040615,0.31114808166650737,0.3111937328151724,0.3112356171958175,0.3112726328549326,0.3113057672736917,0.31133505228590413,-2.0,0.311381604220319,0.31139916620789027,-2.0,0.31142297256658974,0.3114290921589369,-2.0,-2.0,0.31142581906201194,-2.0,-2.0,-2.0,0.3113695642874206,-2.0,0.31131883893590123,-2.0,0.31125256901250015,0.31121327791650993,0.31117005137408094,0.31112245789309395,-2.0,0.3110144167677878,-2.0,-2.0,-2.0,-2.0,0.31066242643974745,-2.0,-2.0,-2.0,0.31028644133658523,-2.0,0.31006275466577715,-2.0,-2.0,-2.0,-2.0,-2.0,-2.0,0.3090582648316853,-2.0,-2.0,-2.0,0.30829995848196695,-2.0,-2.0,-2.0,-2.0,0.3071139788854133,-2.0,-2.0,-2.0,-2.0,-2.0,-2.0,-2.0,-2.0,-2.0,-2.0,-2.0,-2.0,0.30230793514449594,-2.0,-2.0,0.30071514227447954,-2.0,-2.0,0.29888271801907196,-2.0,-2.0,0.296775272911719,-2.0,-2.0,-2.0,-2.0,-2.0,-2.0,0.2905482765958441,-2.0,-2.0,-2.0,-2.0,-2.0,-2.0,-2.0,0.2804551861117833,0.27890960711121104,0.277290728922577,0.27559507332091715,0.27381903420114495,0.2719587370184377,-2.0,0.2679694227055561,-2.0,0.26359291775769833,-2.0,-2.0,-2.0,-2.0,0.25070237705917775,-2.0,0.2446504149959415,-2.0,-2.0,0.23445399506681225,-2.0,-2.0,-2.0,0.21845749042061763,-2.0,-2.0,-2.0,-2.0,-2.0,-2.0,-2.0,-2.0,-2.0,-2.0,-2.0,0.14816331696436763,-2.0,-2.0,-2.0,0.1146154675013917,-2.0,-2.0,-2.0,-2.0,-2.0,-2.0,-2.0,-2.0,-2.0,-0.0022165805614500766,-2.0,-2.0,-2.0,-0.06634909186763466,-0.0843249408889965,-0.10315230270128994,-0.12287154492500374,-2.0,-2.0,-2.0,-0.21154285677659312,-2.0,-2.0,-2.0,-2.0,-2.0,-2.0,-0.4122912575371791,-2.0,-2.0,-2.0,-2.0,-2.0,-2.0,-0.6898506944790693,-2.0
0.49945051158551396,0.314633399625197,0.31501626486170353,0.3153778851441239,0.3157200229886474,0.3160435324300407,0.31634953871589394,0.3166390371756653,0.3169129639660439,0.3171722780461608,0.3174175906539001,0.31764980850096597,0.3178692060386632,-2.0,0.3182737571993335,0.31845970950568947,0.3186358953617736,0.3188020499245459,0.3189594466158767,0.31910797411326863,0.3192480537815814,0.31938066904116214,0.31950532106043955,0.31962283453140894,0.3197335766648131,0.31983742645860325,0.31993502737390883,0.3200266502284765,0.32011225567072676,0.32019238677447215,0.32026700643704065,0.3203364445154651,0.3204006528220188,0.32046009283113464,0.3205146432300269,-2.0,-2.0,-2.0,-2.0,0.32072055463075394,0.32074907146116166,-2.0,0.32079409444627505,0.3208106444181852,0.3208231656719302,-2.0,-2.0,-2.0,0.3208359395223412,-2.0,-2.0,-2.0,-2.0,0.3207656301143878,-2.0,0.32071051622624946,-2.0,0.3206394700816151,0.32059708116461105,-2.0,-2.0,0.32044534415906223,0.32038563560824307,-2.0,-2.0,-2.0,0.3200985016452819,-2.0,-2.0,-2.0,0.3197260478158675,-2.0,0.31950365748760334,-2.0,-2.0,-2.0,-2.0,-2.0,-2.0,-2.0,-2.0,-2.0,-2.0,-2.0,-2.0,-2.0,-2.0,-2.0,-2.0,-2.0,-2.0,-2.0,-2.0,-2.0,-2.0,-2.0,-2.0,-2.0,-2.0,-2.0,-2.0,-2.0,-2.0,-2.0,0.31016762805456993,-2.0,-2.0,-2.0,0.30766574380850364,-2.0,-2.0,-2.0,-2.0,-2.0,-2.0,-2.0,-2.0,-2.0,-2.0,0.2978187366810437,0.29664851155918714,-2.0,0.2941388525586756,-2.0,-2.0,-2.0,-2.0,0.2867454347431567,0.2850498335623017,-2.0,-2.0,-2.0,-2.0,-2.0,0.273047944249013,-2.0,0.2682467959103686,-2.0,-2.0,-2.0,-2.0,-2.0,-2.0,-2.0,-2.0,0.24018350346050218,0.23628112138779425,-2.0,-2.0,-2.0,0.21873299220392334,-2.0,-2.0,-2.0,-2.0,-2.0,-2.0,-2.0,-2.0,0.16507946188508618,0.1576189434967692,0.14980500347583975,-2.0,0.13304919817414673,0.12407114300919389,-2.0,0.10481926527887417,0.09450405421211691,-2.0,0.07238448389450519,-2.0,0.048119597467354225,-2.0,-2.0,-2.0,-0.007698606197655944,-2.0,-0.03973054665133813,-0.05689334758380504,-0.07486916862516124,-2.0,-2.0,-2.0,-0.15570087043958053,-2.0,-0.20208706087065947,-2.0,-0.2529720690863731,-0.2802363705067224,-0.30879214441233466,-0.33870079142650705,-0.3700261636935004,-0.4028354435524221,-0.4371989228954855,-2.0,-2.0,-2.0,-0.5917208126793656,-2.0,-0.6803948531002656,-2.0
0.4852098942027478,0.32333602933661804,0.32374453787351515,0.32413051536378273,0.324495114992903,0.32484005246632225,0.3251661905864091,0.32547451351389584,0.32576618289727843,0.3260421900451297,0.32630339018759325,0.3265505676437561,-2.0,0.32700577740405545,0.32721528812030093,0.3274133590889264,0.32760073467509937,0.3277780616616877,0.3279454868844305,0.3281036517307019,0.3282530174323843,0.32839411852462574,0.32852719735040353,0.3286525916472196,0.32877097751381024,0.3288817706620647,0.32898622896092283,0.3290842532879766,-2.0,-2.0,0.32934211869275015,0.3294166049598508,0.3294857655359295,-2.0,0.32960919171764047,0.32966361566675306,0.32971300405637377,0.3297580271145787,-2.0,0.32983475550306574,0.32986643190398557,-2.0,0.32991752678252223,0.32993695997361944,-2.0,-2.0,0.329971635762744,0.3299751495903598,-2.0,0.3299707191097,0.3299624749863085,-2.0,0.3299345302462628,-2.0,-2.0,-2.0,-2.0,-2.0,-2.0,0.3297090328482219,-2.0,0.3296059628097562,0.32954748155119884,-2.0,-2.0,0.3293429224414958,-2.0,-2.0,-2.0,-2.0,-2.0,-2.0,-2.0,-2.0,0.32842755770200865,-2.0,-2.0,-2.0,-2.0,-2.0,-2.0,-2.0,0.3271267563735934,0.32692346522379967,-2.0,-2.0,-2.0,0.326001807944548,-2.0,-2.0,-2.0,-2.0,0.3245666891495241,-2.0,-2.0,0.323525438484461,-2.0,-2.0,0.32232503448264554,-2.0,-2.0,-2.0,-2.0,-2.0,0.3193505308858743,-2.0,-2.0,-2.0,0.3168492376662875,-2.0,-2.0,0.3146421039935685,-2.0,-2.0,-2.0,-2.0,-2.0,0.30918677620089985,-2.0,-2.0,0.3058332458119451,-2.0,-2.0,0.30197892004108795,0.300570310178619,-2.0,0.2975493910087214,-2.0,-2.0,-2.0,-2.0,0.2886505602189581,-2.0,-2.0,-2.0,-2.0,-2.0,-2.0,-2.0,-2.0,-2.0,-2.0,-2.0,-2.0,-2.0,-2.0,-2.0,-2.0,-2.0,-2.0,0.22791896563461217,-2.0,-2.0,-2.0,-2.0,-2.0,0.19468277186675434,-2.0,-2.0,0.1742655749374409,-2.0,-2.0,-2.0,0.14223520169099796,-2.0,-2.0,-2.0,-2.0,0.09288638002580765,-2.0,-2.0,-2.0,-2.0,-2.0,-2.0,-2.0,-0.014157743128991762,-0.030544277001028852,-2.0,-2.0,-2.0,-2.0,-2.0,-2.0,-0.1691710285534918,-2.0,-2.0,-2.0,-0.27105005607624366,-0.29960589869077303,-2.0,-2.0,-2.0,-2.0,-0.4640039210304396,-2.0,-2.0,-2.0,-2.0,-2.0,-2.0
0.4713753134116723,0.33175886025841234,0.33219421564376156,0.3326053251574233,0.3329937038614888,0.33336087842280954,0.33370786575903516,0.334035942139041,0.3343464737211206,0.3346399961512119,0.33491770082683475,0.3351804697274653,0.3354293745428368,0.33566441274734843,-2.0,-2.0,0.3362968273432722,0.33648524733294666,0.3366633353170594,-2.0,0.3369906126523259,0.33714077183681895,-2.0,0.3374160042093635,0.3375418434416463,0.33766021847161465,0.3377716370972913,0.33787625448784414,0.3379743848244952,0.3380664394650023,0.33815204141529154,0.3382320591411874,0.3383063311872904,0.3383753436060005,-2.0,0.3384978132045746,-2.0,0.33860081083768295,0.33864508018509304,0.33868488396897584,0.33872006185268877,-2.0,0.338777651751442,0.33880011252904546,-2.0,0.3388326934670767,-2.0,-2.0,0.3388511013609593,0.3388489382000275,-2.0,0.3388331689164821,0.3388191662124045,-2.0,0.33877880533525856,0.338752620289545,0.3387220424382275,0.338687314562586,0.33864826418549465,0.33860480896655715,-2.0,-2.0,-2.0,-2.0,-2.0,-2.0,0.3381684668790866,-2.0,-2.0,0.33790299915742367,-2.0,-2.0,-2.0,-2.0,-2.0,-2.0,-2.0,0.33691429903287023,-2.0,0.3365919894665177,-2.0,-2.0,-2.0,-2.0,0.3356255564190179,-2.0,-2.0,-2.0,-2.0,-2.0,0.3341004450554723,-2.0,-2.0,-2.0,-2.0,-2.0,-2.0,-2.0,0.3312451276751283,-2.0,-2.0,0.3298630057033093,-2.0,-2.0,-2.0,0.3276897105133472,-2.0,-2.0,-2.0,-2.0,-2.0,0.32356433957034614,0.32275754210497115,-2.0,-2.0,-2.0,-2.0,-2.0,-2.0,-2.0,-2.0,-2.0,0.3122469877952837,-2.0,-2.0,0.30801831856743306,0.30647292473452403,0.30485421574484173,-2.0,-2.0,0.29952269280105664,0.2975743606657552,-2.0,0.2933961907623895,-2.0,0.28881247714634123,-2.0,-2.0,-2.0,-2.0,-2.0,-2.0,-2.0,-2.0,-2.0,0.2582936542801768,-2.0,-2.0,0.246023218460187,-2.0,-2.0,-2.0,0.22677304932719194,-2.0,-2.0,-2.0,-2.0,-2.0,-2.0,0.18319012526228837,0.17572962941430909,-2.0,-2.0,-2.0,-2.0,-2.0,-2.0,-2.0,-2.0,0.09049535352593513,0.07864366040281501,0.06623049598575043,0.053229315298450264,-2.0,-2.0,-2.0,-2.0,-2.0,-0.03878235859088558,-2.0,-2.0,-2.0,-2.0,-0.13758984118502005,-0.16024629405766044,-2.0,-2.0,-0.23486100059256,-2.0,-2.0,-0.32058970351347327,-2.0,-2.0,-2.0,-2.0,-2.0,-2.0,-0.5736096858255706,-2.0,-2.0,-2.0
0.4579351920657804,0.3399080848431076,0.34037142458074116,0.34080899023422834,0.34122213184827327,0.3416126694321298,0.3419814143760688,0.3423302161824966,0.34265993911744996,0.3429718133775534,0.34326694770953053,0.34354590659928863,-2.0,0.344059937964234,0.3442962581578986,0.3445196626356175,0.3447313396281165,0.34493119144819323,0.34512026253388384,0.34529907250920877,0.3454678529648495,0.34562770773890766,0.34577787402403287,0.3459202108329113,0.34605373239286397,0.3461800066592138,0.34629841654267657,0.34640984075234277,-2.0,-2.0,0.346704281060057,0.34678988738343747,0.346869620932341,0.34694360730590157,0.34701205364672144,0.3470753287699687,0.3471335345505274,0.3471867756360469,-2.0,0.3472785171397021,-2.0,0.3473517830756764,-2.0,0.3474072712585135,0.3474286264560626,0.3474454257092702,0.3474583881973928,-2.0,-2.0,-2.0,-2.0,0.347460128997218,-2.0,0.3474320898936329,0.34741164637208094,0.3473871302208832,0.3473581425288496,-2.0,-2.0,-2.0,-2.0,-2.0,-2.0,-2.0,-2.0,0.3468937256572245,0.346817360996069,0.34673571323384067,-2.0,-2.0,-2.0,-2.0,0.3462381491082227,-2.0,-2.0,0.34586096031953356,-2.0,-2.0,-2.0,-2.0,-2.0,-2.0,-2.0,-2.0,-2.0,-2.0,0.3438280306549856,-2.0,-2.0,-2.0,-2.0,-2.0,-2.0,0.341819493776166,0.3414729231480481,-2.0,-2.0,0.34032948622041975,-2.0,-2.0,-2.0,-2.0,-2.0,-2.0,-2.0,0.33635669262217455,0.3357469315643242,-2.0,-2.0,-2.0,0.333002152735846,-2.0,-2.0,-2.0,-2.0,-2.0,-2.0,0.3267781229775156,0.3257119185555572,0.3245950435350479,-2.0,-2.0,-2.0,-2.0,-2.0,-2.0,-2.0,-2.0,-2.0,0.31005216520517753,-2.0,0.30624384090658235,-2.0,-2.0,-2.0,-2.0,0.2950260706642793,-2.0,-2.0,-2.0,0.2839813602461443,-2.0,-2.0,-2.0,-2.0,-2.0,-2.0,0.2589741811792592,-2.0,0.25020956766067776,0.24551343796695768,-2.0,0.23544317377210217,0.23004742383323873,-2.0,-2.0,-2.0,-2.0,0.1989833661043733,-2.0,-2.0,0.17658593966444686,-2.0,-2.0,0.15085218289225552,0.14144900425615442,-2.0,0.12128517317484003,-2.0,-2.0,-2.0,0.07490083330905478,-2.0,-2.0,-2.0,0.019082713520318817,-2.0,-2.0,-0.030111978211784962,-2.0,-0.06691513376061597,-2.0,-2.0,-2.0,-2.0,-0.17530559589752526,-2.0,-2.0,-0.2534548679934062,-2.0,-0.3119192756938207,-2.0,-2.0,-0.41041738691351637,-2.0,-0.48410492329912846,-2.0,-0.5649392400017306,-0.6082504098024512,-2.0,-0.7011249890399028
0.44487828311275845,0.34778976646961374,0.3482829497548717,0.34874790524381494,0.3491870398224462,0.34960211799895685,0.34999358010199955,0.3503638272984497,0.3507141000873281,0.35104483101464834,0.3513578096680121,0.3516539435394384,0.35193386816736816,0.35219869914885077,0.35244942732085965,0.35268638818285625,-2.0,0.35312275047306774,0.3533232153317342,0.3535127216724883,0.3536918412570194,0.35386138770522507,0.354020776092229,0.35417154086958147,0.35431378722493184,0.35444769168390916,-2.0,0.35469211952591184,0.35480346733421353,0.3549079741546929,0.3550056590675825,0.35509699905077363,0.3551822139205839,0.35526147186829465,0.3553353224112423,0.35540315046655996,0.35546581240979913,0.3555233541793836,0.3555753744235842,0.35562291233954096,0.35566545351830725,-2.0,0.35573648752162723,0.3557653364465691,-2.0,0.3558096925713127,0.3558251387094112,-2.0,-2.0,0.35584592903232315,0.3558444093538799,0.35583908450707474,0.3558288896304171,-2.0,-2.0,0.3557733831704552,-2.0,0.355714688876303,0.35567887490511374,0.3556383288045467,-2.0,-2.0,0.3554886099638311,-2.0,-2.0,-2.0,-2.0,-2.0,0.3550513425060311,-2.0,-2.0,0.3547557949945197,0.35464457264082105,-2.0,-2.0,-2.0,-2.0,-2.0,-2.0,-2.0,0.35348903350049254,-2.0,-2.0,-2.0,-2.0,-2.0,-2.0,-2.0,0.35173737571631003,-2.0,-2.0,-2.0,0.35056619630494446,-2.0,0.34989037257006705,-2.0,-2.0,0.34874771873762034,-2.0,-2.0,-2.0,-2.0,-2.0,-2.0,-2.0,-2.0,-2.0,-2.0,-2.0,-2.0,-2.0,-2.0,0.3398463564063549,-2.0,-2.0,-2.0,-2.0,-2.0,-2.0,0.3330166277297413,0.33184677428116016,0.33062134604562754,-2.0,-2.0,-2.0,-2.0,-2.0,-2.0,-2.0,0.3184744475872066,-2.0,-2.0,-2.0,0.31048821634050633,-2.0,-2.0,0.3034486885409856,0.300876279308505,-2.0,0.2953599418776915,-2.0,0.2893082481548528,-2.0,0.2826694262574763,-2.0,0.27538660287540273,-2.0,0.26739707227846043,0.2631162219287407,-2.0,-2.0,0.24901785328077364,-2.0,0.2384705074423195,0.2328191704003056,-2.0,-2.0,-2.0,-2.0,0.20028351533221503,-2.0,0.18500914270912733,0.17682510726221856,-2.0,-2.0,-2.0,0.1400236791590286,-2.0,0.11890460657034244,-2.0,-2.0,-2.0,-2.0,-2.0,-2.0,-2.0,-2.0,-0.004525850299852585,-2.0,-2.0,-0.0584916943660867,-2.0,-0.09886433648665349,-2.0,-2.0,-2.0,-0.1917360186052915,-2.0,-0.24503148213045306,-2.0,-2.0,-0.3348212215108529,-2.0,-0.4019939746769634,-2.0,-2.0,-2.0,-0.5565157879131701,-2.0,-2.0,-0.6927015846110457
0.43219366018265265,0.35541010169622916,0.3559340924182021,0.35642831981593487,0.35689466650735363,0.35733491643627463,0.35775074339837615,-2.0,0.3585145221807299,0.358865339464394,0.35919704328020036,0.3595110708089917,0.3598074622895016,0.3600881041006149,0.36035352736192366,0.36060458870767453,-2.0,0.3610666037918177,0.36127894303177666,0.36147968318276813,-2.0,0.3618490263386133,0.3620181777588343,0.3621778475704411,0.36232842458376946,0.3624705041051639,0.36260437068354323,0.3627301721136215,0.3628485976489921,0.36295956558632864,0.3630634571175423,0.36316076283600524,0.36325181550975266,-2.0,0.3634151977229407,0.36348795177854776,0.3635551127454071,0.36361708922511143,-2.0,0.3637248613036029,-2.0,0.3638127371927087,-2.0,0.36388145190294846,0.36390891558750765,0.36393176083588086,0.3639503481814467,-2.0,0.36397361414951324,-2.0,-2.0,0.3639761595788369,-2.0,-2.0,-2.0,0.36391902658740616,0.36389334483403574,0.3638636754923468,-2.0,-2.0,-2.0,-2.0,-2.0,-2.0,0.3635225907371824,-2.0,-2.0,-2.0,-2.0,-2.0,-2.0,-2.0,0.36281089071682804,-2.0,0.36256950587307246,-2.0,0.3622989368664747,-2.0,-2.0,-2.0,0.3616607153107199,-2.0,0.3612875972591935,-2.0,-2.0,-2.0,-2.0,-2.0,-2.0,-2.0,-2.0,-2.0,-2.0,-2.0,-2.0,-2.0,-2.0,0.356925900255563,-2.0,-2.0,-2.0,0.3551274700121877,-2.0,-2.0,-2.0,0.35295638762026055,0.35234695845181785,0.3517083431287672,-2.0,0.350338165839669,0.3496033661419874,-2.0,-2.0,0.3471823564388029,0.3462972368525544,-2.0,-2.0,-2.0,-2.0,-2.0,-2.0,-2.0,-2.0,0.33617508064891966,-2.0,-2.0,-2.0,0.33012783283214386,-2.0,0.3266567818652769,-2.0,-2.0,-2.0,0.3186707585193636,-2.0,-2.0,-2.0,-2.0,-2.0,0.303542690192691,-2.0,-2.0,-2.0,0.29085234632890106,-2.0,-2.0,-2.0,-2.0,-2.0,-2.0,-2.0,0.2572009724198584,-2.0,-2.0,-2.0,-2.0,0.22888378735597617,-2.0,-2.0,-2.0,-2.0,-2.0,0.18500836112945568,-2.0,-2.0,-2.0,0.1482069711154357,-2.0,-2.0,-2.0,0.10392072551164888,-2.0,0.0785063658121245,-2.0,-2.0,-2.0,-2.0,-2.0,-0.013505194737297,-2.0,-0.05030832047494782,-0.07002753501607284,-0.09068041423678225,-0.1123125961140995,-2.0,-2.0,-2.0,-2.0,-0.23684799482864927,-2.0,-0.29531237918914977,-0.3266377349477564,-2.0,-2.0,-0.4298017554271437,-2.0,-0.5069800073167174,-0.5483322986204641,-2.0,-0.637006323615463,-2.0
0.41987070844439095,0.3627746275764522,0.3633313597945309,0.36385602473649586,0.3643507769969818,0.36481779998711283,0.365258605229843,0.365674820259245,0.36606810782805976,0.3664397165035592,0.3667910541106213,0.36712295120148614,0.3674371820896789,0.36773399744356033,0.3680148383177166,0.3682804103080521,0.36853169666774654,0.36876966402316036,0.36899424911110806,0.3692064615418418,0.3694070899976941,0.3695968862918551,0.3697760139878015,0.36994514490526487,0.37010482848849974,0.37025517253559986,0.37039691482238646,0.3705303937580389,0.3706558633030439,0.3707736453503029,0.3708842859878744,-2.0,0.37108460305788943,0.3711750092421093,0.37125861737475374,0.3713367205916742,-2.0,0.3714750063358351,0.3715361409949929,-2.0,0.37164163309898124,0.37168685837049603,0.3717272288542961,-2.0,-2.0,0.3718191085798275,-2.0,-2.0,0.37186930600333884,-2.0,-2.0,-2.0,-2.0,-2.0,-2.0,-2.0,0.371806468942268,-2.0,-2.0,0.37170814699531746,-2.0,-2.0,0.3715664956462469,0.3715096307260788,-2.0,0.3713794384953659,0.37130634723333017,-2.0,0.3711432730707088,-2.0,-2.0,-2.0,0.370743837890545,0.3706273717763095,-2.0,-2.0,0.3702347963232488,-2.0,-2.0,-2.0,-2.0,-2.0,-2.0,0.3690259589963419,-2.0,-2.0,-2.0,-2.0,-2.0,-2.0,-2.0,-2.0,-2.0,-2.0,-2.0,0.36564940262539086,-2.0,0.3648707618162319,-2.0,-2.0,0.36355496587939906,0.3630733010409464,-2.0,-2.0,-2.0,-2.0,0.3602936987152804,-2.0,-2.0,-2.0,-2.0,-2.0,0.35597485240303406,-2.0,-2.0,-2.0,-2.0,-2.0,-2.0,-2.0,0.34797696096382763,-2.0,0.3454682380397957,-2.0,-2.0,-2.0,-2.0,0.33807684689608086,0.33638159680122065,-2.0,-2.0,0.3307978908320516,0.32875737887046985,0.32662011158222737,-2.0,-2.0,-2.0,-2.0,-2.0,0.3114922953712212,-2.0,0.3054407786557728,0.3021982623569431,0.2988020829039347,0.2952449632836348,0.2915192841720887,0.28761706017580624,-2.0,-2.0,0.27476552626928774,0.2700694685510447,-2.0,-2.0,0.25460365041395955,-2.0,0.2430332924017637,0.23683383363274038,-2.0,-2.0,-2.0,-2.0,-2.0,-2.0,-2.0,-2.0,0.16600573851558836,0.15615713592108285,-2.0,0.13503815145108852,0.12372253128252736,-2.0,0.09945815699357641,-2.0,0.0728395505505059,0.05857743572717661,-2.0,-2.0,-2.0,-2.0,-2.0,-0.04235803850462738,-2.0,-2.0,-2.0,-2.0,-0.15074843520258652,-2.0,-2.0,-0.22889767942205397,-0.2574535141407685,-2.0,-0.31868732462872407,-0.351496675698306,-0.3858601372081194,-0.42185147073947826,-0.45954772677754857,-2.0,-0.5403819410671908,-2.0,-2.0,-0.6765677350594553
0.40789911572300924,0.36988888966473604,0.3704798821230295,0.3710366209179807,0.37156139723744275,0.37205628898486764,0.37252324802501957,0.37296415418172546,0.3733804115398649,0.3737737632936874,0.37414545843482816,0.37449682023183617,0.37482905006749107,0.37514269065457667,0.3754396578168374,0.3757206203555484,0.3759862128113168,0.37623710416264367,0.37647463142509097,0.376699062054075,0.3769112450352343,0.377111895034122,0.3773013777478636,0.3774800120437736,0.3776488185247274,0.37780804178301586,0.37795798545675224,0.3780992713940501,0.3782323509904585,0.37835710972273284,0.3784747239010801,0.37858463949083043,0.37868763153831114,0.37878318898719093,0.3788725943028123,0.37895571065379385,-2.0,0.37910377356951636,0.3791692272843088,0.37922886491912,-2.0,-2.0,0.37937616506846555,0.379415066404499,0.37944906731726447,0.37947815682972036,-2.0,0.37952194178271875,0.3795371042234239,-2.0,-2.0,-2.0,-2.0,0.3795428636344656,-2.0,-2.0,0.37949159319908626,0.3794651554924762,-2.0,0.37939823029635567,-2.0,0.3793119029398844,-2.0,-2.0,0.379144421249656,-2.0,0.3790060706087384,0.3789285466534442,0.3788453157889649,-2.0,-2.0,-2.0,0.37844917501552,0.37833363549104604,-2.0,0.37808098823590597,-2.0,-2.0,-2.0,-2.0,0.37731019244655617,-2.0,-2.0,0.3767388981902743,-2.0,-2.0,-2.0,0.3758276198928286,0.3755706629241066,-2.0,-2.0,-2.0,0.3744030283797348,-2.0,-2.0,-2.0,-2.0,0.3725888973873892,-2.0,-2.0,0.3712738714009716,-2.0,-2.0,0.36975859581890974,-2.0,-2.0,-2.0,-2.0,-2.0,-2.0,0.36527147430496154,-2.0,-2.0,-2.0,-2.0,0.3610393516847881,-2.0,-2.0,-2.0,-2.0,-2.0,-2.0,-2.0,-2.0,-2.0,-2.0,-2.0,0.3457992988639158,-2.0,0.3423284966925238,-2.0,-2.0,-2.0,-2.0,0.3321043794940417,-2.0,0.32730378261663473,-2.0,-2.0,-2.0,-2.0,-2.0,-2.0,-2.0,-2.0,-2.0,0.29534035365278777,-2.0,0.28697248274745885,-2.0,0.27779285443340046,0.27287431658058264,0.26772274437856297,0.26232709215046723,-2.0,-2.0,-2.0,0.23806415666417108,0.2312633734777559,0.22414040059270204,0.21667997533050415,-2.0,-2.0,-2.0,0.1831325027939,-2.0,0.16388077305755946,0.15356562531576815,0.14276181762975612,-2.0,-2.0,0.10718143089442045,0.09418028821118157,0.08056324839887125,0.06630114392481429,-2.0,-2.0,-2.0,-2.0,-2.0,-0.034634288356684084,-2.0,-0.07500682346744203,-2.0,-2.0,-2.0,-0.16787845260451822,-2.0,-0.2211738988702413,-0.24972969733022726,-0.2796382649866292,-0.3109636149593173,-0.3437728745205152,-2.0,-2.0,-2.0,-0.49130572381345805,-2.0,-2.0,-2.0,-0.6688439142487506
0.39626886387014776,0.37675793844553984,0.37738495455904036,0.3779754383894295,0.37853166585656617,0.3790559938693931,0.3795503722385555,0.38001702075302274,0.3804576524877194,0.3808735361140561,0.38126649525410916,0.3816377653740123,0.3819887651649229,0.3823203977560113,0.3826340928312861,0.3829307476500123,0.3832112550983763,0.3834765216181085,0.3837271168756598,0.3839639993970314,0.38418817797297866,-2.0,0.38459994718706964,0.3847888256359358,0.3849671848274997,0.3851354060715248,0.38529388481638416,0.3854432946338991,0.3855845554185005,0.38571621846589066,0.38584041571448274,0.38595684870062985,0.3860659769109657,0.386167993422315,-2.0,-2.0,0.3864336142975257,-2.0,0.38657940471621954,0.386643503854306,0.38670231678247496,0.3867550953341732,0.3868028041545798,-2.0,-2.0,0.3869151643823724,-2.0,0.3869651216566924,0.38698279596372404,-2.0,-2.0,-2.0,-2.0,-2.0,-2.0,-2.0,0.3869556776206063,-2.0,-2.0,-2.0,-2.0,0.38678437246448544,-2.0,-2.0,-2.0,-2.0,-2.0,-2.0,0.38632637142281656,-2.0,-2.0,0.3860420661950874,-2.0,-2.0,0.38569777036549957,0.3855685439894568,-2.0,0.38528676659739364,-2.0,-2.0,-2.0,0.38462110989631887,-2.0,0.38423153158561224,-2.0,-2.0,-2.0,-2.0,-2.0,-2.0,-2.0,-2.0,-2.0,-2.0,-2.0,0.38086445474891023,-2.0,0.3800869080356442,0.37966944086398585,-2.0,-2.0,-2.0,-2.0,-2.0,-2.0,0.37612272011101605,0.37551382666125555,0.37487572278005066,0.37420704002579513,0.3735063474195745,-2.0,-2.0,-2.0,0.3703523505582369,0.3694676000612477,-2.0,-2.0,-2.0,-2.0,-2.0,0.3632007287746402,0.36197565294794826,-2.0,0.35934810132422357,-2.0,-2.0,-2.0,-2.0,-2.0,0.3498310452329456,-2.0,0.34602326547130574,-2.0,0.34184567872630184,-2.0,-2.0,0.33480670112017485,-2.0,-2.0,-2.0,-2.0,0.32066702530992586,-2.0,-2.0,-2.0,0.3067457865999814,-2.0,-2.0,0.2944758132630752,0.28999224016497066,-2.0,-2.0,-2.0,-2.0,0.26417927132594515,-2.0,-2.0,0.24556767967308885,-2.0,0.23164394864520474,-2.0,-2.0,0.20818567236473778,-2.0,0.19063612393011595,0.1812329977771257,-2.0,-2.0,-2.0,0.13894987257235464,0.12709822171945961,-2.0,0.10168398266668272,-2.0,-2.0,-2.0,-2.0,0.02683530834614345,-2.0,-0.008303224238665419,-2.0,-2.0,-2.0,-2.0,-2.0,-2.0,-2.0,-0.1864058115378484,-0.21367008506864615,-0.24222591026037998,-2.0,-0.3034598101649354,-0.33626906318381833,-2.0,-0.4066238189414567,-2.0,-2.0,-2.0,-2.0,-2.0,-2.0
0.3849702203805975,0.383386530339123,0.38405176915824263,0.38467758320260964,0.38526697553443473,0.38582205102653694,0.3863453279363381,0.3868390617652341,0.38730491004883505,0.38774465831683297,0.388159680373343,0.38855184447269053,0.3889226028693568,0.38927282984729755,0.3896037911941023,0.38991703385624776,0.39021288254125436,0.3904925340777294,0.39075714002432216,0.3910071735687515,0.3912434914602062,0.3914668868089119,0.3916780817694924,0.391877454866355,0.3920657120677329,0.39224330434980736,-2.0,0.39256851735255877,-2.0,0.3928570038290808,0.39298838385281587,-2.0,-2.0,0.39333519930112193,0.3934359755379813,-2.0,0.3936175177703545,0.3936985327848557,0.3937732483665423,0.3938418175219885,0.39390478599564327,0.3939620277875956,-2.0,0.3940597614300248,0.39410055173398134,0.39413637152089787,0.3941669416178421,-2.0,0.39421311137308734,-2.0,0.39424010816174115,-2.0,-2.0,-2.0,-2.0,-2.0,0.39420482358908276,-2.0,-2.0,-2.0,-2.0,0.3940420986792868,0.3939943637288308,0.3939413610677971,-2.0,0.3938190975831353,-2.0,-2.0,-2.0,-2.0,-2.0,0.3933118783458882,-2.0,-2.0,-2.0,-2.0,-2.0,-2.0,0.39240906412171894,-2.0,-2.0,-2.0,-2.0,0.3915100779880251,-2.0,-2.0,-2.0,0.39060260942228037,-2.0,-2.0,0.3897923544533285,-2.0,0.38918194650702853,0.388853755125154,-2.0,-2.0,-2.0,-2.0,0.386953733249428,-2.0,-2.0,-2.0,-2.0,-2.0,-2.0,0.38340861161222245,-2.0,-2.0,0.38149347192024724,0.3807929442542611,0.38005889841345053,-2.0,-2.0,-2.0,-2.0,-2.0,-2.0,-2.0,0.37277439383328864,-2.0,-2.0,0.3692637250830008,-2.0,-2.0,0.3652283621001241,-2.0,-2.0,-2.0,-2.0,-2.0,-2.0,0.3533120573640161,-2.0,-2.0,-2.0,-2.0,-2.0,-2.0,-2.0,-2.0,0.3310519870133355,0.327956296562706,-2.0,-2.0,-2.0,0.31403519099976074,-2.0,-2.0,0.30176529953582015,-2.0,-2.0,0.28766728121680474,-2.0,-2.0,0.2714689021312852,-2.0,-2.0,-2.0,-2.0,0.2389337618873155,0.23147326993365697,-2.0,-2.0,-2.0,-2.0,-2.0,0.17867422549467774,-2.0,-2.0,0.14623971260190166,-2.0,-2.0,-2.0,-2.0,-2.0,-2.0,-2.0,0.03412521358524767,-2.0,-2.0,-2.0,-2.0,-2.0,-2.0,-2.0,-2.0,-2.0,-2.0,-2.0,-2.0,-0.2648444841010531,-2.0,-2.0,-0.36334254389068343,-2.0,-2.0,-2.0,-0.5178643130221607,-0.5611754692038654,-0.6065383354018008,-0.6540500687645466
0.37399373024787974,0.3897794494775662,0.3904848522555819,0.3911480291300496,0.3917721880658335,0.3923596795875037,0.39291331101255306,0.39343541268696325,0.39392752806325415,0.39439208879675963,0.39483053721520883,0.3952445373712755,0.395635770157226,0.3960054116486796,0.39635449100130454,0.39668497710722406,0.39699708906108583,0.39729193330244733,0.3975706419907379,0.3978341737773644,0.39808334356347186,0.3983188613604047,0.3985413779342663,0.3987515581218,0.39895023743013647,0.3991373286938382,0.3993140575109062,0.3994804643208661,0.3996375637779526,0.39978508830298004,0.3999237627300847,0.4000542233127607,0.4001764699495864,0.4002909323206133,0.4003977375111257,0.40049766246384233,-2.0,0.400676482283237,0.4007561902285702,0.4008297205195373,0.4008969617361299,0.4009582357005764,0.40101382104055444,0.4010638515513449,0.40110857939830596,0.4011478488967174,-2.0,-2.0,0.4012340955300875,0.4012529981736884,-2.0,-2.0,-2.0,-2.0,-2.0,-2.0,-2.0,-2.0,0.4011986746067364,-2.0,-2.0,-2.0,-2.0,-2.0,-2.0,0.4008741275256507,0.40080562627479416,0.4007315612745407,0.4006514379523852,-2.0,-2.0,-2.0,-2.0,-2.0,0.4000347810227637,-2.0,-2.0,-2.0,-2.0,0.39931614577127805,-2.0,0.3989677645921979,0.3987792018796246,0.3985804779270972,-2.0,-2.0,-2.0,-2.0,-2.0,0.39714924105778165,-2.0,-2.0,0.39625647994928415,-2.0,-2.0,-2.0,0.3948445548690154,-2.0,0.3940301731176496,-2.0,-2.0,-2.0,-2.0,-2.0,0.3910672807615842,-2.0,-2.0,-2.0,0.388572114116925,0.38787175323179884,-2.0,0.3863688817663339,-2.0,-2.0,-2.0,0.3829077950163423,-2.0,-2.0,-2.0,-2.0,-2.0,-2.0,-2.0,0.37371685756845496,-2.0,0.37083411160558105,-2.0,-2.0,-2.0,-2.0,0.36234103326451567,-2.0,-2.0,-2.0,0.35397739121536986,-2.0,-2.0,-2.0,-2.0,-2.0,-2.0,0.3350378601893629,0.3317955232748432,-2.0,0.32484244852200334,-2.0,-2.0,-2.0,-2.0,-2.0,-2.0,-2.0,-2.0,-2.0,0.2785508260615778,0.2726318554829121,0.26643245522513703,0.25993934276527514,-2.0,-2.0,0.23855531872223573,-2.0,-2.0,0.21398578631025117,-2.0,-2.0,-2.0,0.1754412253816782,0.16463745632069962,0.15332187251810298,-2.0,-2.0,-2.0,-2.0,0.08817695010934617,-2.0,-2.0,-2.0,-2.0,0.006068934820950667,-0.01275837803498081,-2.0,-2.0,-2.0,-0.0974189761143267,-0.12114841623860795,-2.0,-2.0,-2.0,-2.0,-0.25776218218975544,-2.0,-2.0,-0.35626024742024576,-2.0,-2.0,-0.4694297543035282,-0.5107819946322792,-0.5540931704636598,-0.599456019674543,-0.6469677477023332
0.36333020805204425,0.39594083758357423,0.3966885424442611,0.3973912016446859,0.3980519150796068,0.398673666651726,0.3992591241285419,0.39981082528184436,0.4003308531726985,0.40082160046115534,0.40128427821151735,0.40172117003735924,0.4021337699498937,0.40252350355531163,0.40289159226403104,0.4032398788536183,0.4035684247393707,0.4038795973933347,0.40417302460121934,0.4044507795357672,0.40471334321342894,0.4049614183344813,0.40519576154268044,0.40541717263602417,0.4056261768341653,0.40582373603919647,-2.0,-2.0,0.40635089680905,0.4065066294503493,0.4066531561521584,0.40679080467081763,0.406919891348692,0.4070408061788025,-2.0,-2.0,0.40735811944210515,0.40744969485326443,0.40753433440227194,0.4076125550153342,0.4076845980569184,0.4077504095747378,0.4078100233300672,0.4078640978365883,0.4079123844849538,-2.0,-2.0,-2.0,0.40805124712346613,-2.0,0.4080895864011613,-2.0,0.4081070260016552,-2.0,-2.0,-2.0,-2.0,0.4080638130256222,-2.0,-2.0,-2.0,-2.0,-2.0,-2.0,0.4077873015332601,0.4077261069226539,0.40765915188958535,-2.0,0.4075077289474727,-2.0,-2.0,-2.0,0.4071279085729278,0.40701594014546244,-2.0,-2.0,-2.0,-2.0,0.4063415590043981,-2.0,-2.0,-2.0,-2.0,-2.0,-2.0,0.40502026979515027,0.40478891971694514,-2.0,0.4042896151414491,-2.0,-2.0,-2.0,-2.0,-2.0,-2.0,-2.0,-2.0,-2.0,-2.0,-2.0,-2.0,-2.0,-2.0,0.3984969676474939,-2.0,-2.0,-2.0,-2.0,-2.0,-2.0,0.3940149906900747,0.39324616889334946,0.3924405835575189,-2.0,0.3907121739825789,0.3897856428321172,0.38881494410268386,-2.0,-2.0,-2.0,0.38444735956569087,-2.0,-2.0,-2.0,-2.0,-2.0,-2.0,-2.0,-2.0,0.371079866039745,-2.0,0.36727244394749137,-2.0,-2.0,-2.0,-2.0,-2.0,-2.0,-2.0,-2.0,-2.0,0.3419176488364224,0.33867531140518775,0.3352793026477757,-2.0,-2.0,-2.0,-2.0,-2.0,-2.0,-2.0,-2.0,0.2964777584356868,-2.0,-2.0,-2.0,0.2733126581697629,-2.0,-2.0,-2.0,-2.0,-2.0,-2.0,0.2208663471955865,-2.0,-2.0,-2.0,0.18232159811513224,-2.0,0.16020229511233464,-2.0,-2.0,-2.0,-2.0,0.0950574241947596,-2.0,0.06447437294950509,-2.0,-2.0,-2.0,-0.00587788451787824,-0.025597068233945974,-2.0,-2.0,-0.0905384361164479,-2.0,-0.13912192264516327,-2.0,-2.0,-0.22097312691658028,-2.0,-2.0,-0.3150162492829471,-2.0,-2.0,-0.4230672418485784,-0.46254920040233666,-2.0,-2.0,-0.5925754524780726,-2.0
0.35297073027306497,0.4018746142226722,0.4026673375339009,0.4034116339984272,0.40411105949687137,0.4047685693309759,0.405387470677859,0.4059704389886425,0.40651954728099027,0.4070373913562045,0.40752596636890687,0.40798673771521865,0.40842164003832765,0.4088323443089947,0.409220331928101,0.4095869495621751,0.4099331186622049,0.4102606147351913,0.4105702888073577,0.41086220462184697,0.41113854588407384,0.4113996523161683,0.41164647300406493,0.4118795819412275,0.41209982516545385,0.412307627095728,0.41250345745694994,0.41268835870106363,0.41286281846725187,0.41302691850741274,0.4131813192866406,0.4133263990732035,0.41346272131877687,0.4135908225716387,-2.0,0.4138222929987406,0.41392648255136244,-2.0,0.41411331006233393,-2.0,0.41427317302409794,-2.0,0.4144076056772909,0.41446581063092053,-2.0,0.41456474626518514,-2.0,-2.0,0.4146707372273919,0.4146956190722215,0.4147147455743311,-2.0,-2.0,0.414741444410665,-2.0,-2.0,0.414722223106427,-2.0,-2.0,-2.0,0.4146244156791294,0.41458680048343716,-2.0,0.41449528295314875,-2.0,0.41438160099556237,-2.0,0.4142443774307668,-2.0,-2.0,0.41399212165691235,-2.0,-2.0,0.41368012175158053,-2.0,0.4134363026835935,0.4133022308828003,0.41316040884688215,-2.0,-2.0,0.41268312356076414,-2.0,0.4123183013349217,0.4121207602568913,-2.0,-2.0,-2.0,-2.0,-2.0,-2.0,-2.0,0.41011745504493613,-2.0,-2.0,-2.0,0.40877435213741925,-2.0,-2.0,0.4075829370821044,-2.0,0.40668827633155846,-2.0,-2.0,-2.0,-2.0,-2.0,-2.0,-2.0,-2.0,-2.0,-2.0,-2.0,-2.0,-2.0,-2.0,-2.0,-2.0,-2.0,-2.0,-2.0,-2.0,-2.0,-2.0,-2.0,-2.0,-2.0,-2.0,-2.0,-2.0,-2.0,-2.0,-2.0,0.3719154427914936,-2.0,-2.0,-2.0,-2.0,0.36016808294014135,-2.0,-2.0,-2.0,-2.0,0.3453590197607018,0.34196304832368524,0.3384061267287825,0.33468105631694756,-2.0,-2.0,-2.0,-2.0,-2.0,0.3083132276633239,-2.0,0.29776622813967846,-2.0,0.28619611766671965,-2.0,-2.0,-2.0,0.25958012184201074,-2.0,-2.0,0.23612204264727904,-2.0,-2.0,0.20916949640149235,-2.0,-2.0,0.1782021171059829,0.16688655107648404,-2.0,-2.0,-2.0,-2.0,-2.0,-2.0,-2.0,-2.0,0.03760954613052009,-2.0,0.0008064926292223884,-0.018912667437066433,-0.03956597469410367,-0.06119764597952382,-0.08385403537682812,-2.0,-2.0,-2.0,-0.1857328755347576,-2.0,-2.0,-0.27552251138498607,-2.0,-0.3426952606939164,-2.0,-2.0,-0.45586474023004775,-2.0,-2.0,-0.5858909854452793,-2.0
0.34290662782339987,0.40758452908837,0.40842474012424407,0.4092130507347452,0.40995331790303885,0.4106489270755809,0.41130312347792924,0.4119188247726513,0.4124983091688471,0.4130450085393335,0.413559785347622,0.4140456428731526,0.4145041217974496,0.4149370044300363,0.41534557818953804,0.4157315266951366,0.41609599402361847,0.4164406368019053,0.4167660402741653,0.41707384246827295,0.41736470418092486,0.4176391809857561,-2.0,-2.0,-2.0,0.41859410662411556,0.4188004135991972,0.4189949681388076,-2.0,0.4193514290867821,0.4195144393800321,0.4196672192095165,0.4198107124369776,0.41994566708546976,0.42007195006780446,0.4201900925398734,0.4203003806156199,0.4204031025744485,0.4204989903856074,-2.0,-2.0,-2.0,-2.0,0.42087443288493426,0.42093054468572316,0.42098108613536367,0.42102528144576085,-2.0,0.42109759304031025,0.4211252339936906,0.42114769111926775,-2.0,-2.0,-2.0,-2.0,-2.0,-2.0,-2.0,-2.0,-2.0,-2.0,-2.0,0.4210036339580222,-2.0,-2.0,-2.0,-2.0,-2.0,-2.0,-2.0,0.4204623640563042,-2.0,-2.0,-2.0,-2.0,-2.0,-2.0,-2.0,0.4194878358206561,0.41932959974335704,-2.0,-2.0,-2.0,-2.0,0.41839423942138854,0.4181755317903156,-2.0,0.41770307041011895,-2.0,-2.0,-2.0,-2.0,-2.0,-2.0,-2.0,0.41526097275536883,0.41488307442228267,-2.0,-2.0,-2.0,-2.0,-2.0,-2.0,-2.0,-2.0,-2.0,-2.0,0.4092872295150679,-2.0,-2.0,-2.0,0.4064177664233838,-2.0,-2.0,-2.0,-2.0,-2.0,0.40097129153813243,-2.0,-2.0,-2.0,0.3963967610477603,-2.0,-2.0,-2.0,0.3908879171424173,-2.0,-2.0,-2.0,-2.0,-2.0,-2.0,-2.0,-2.0,-2.0,-2.0,-2.0,-2.0,-2.0,-2.0,0.35819001678845086,0.3550944870593612,-2.0,-2.0,-2.0,-2.0,0.33727204416623524,-2.0,-2.0,-2.0,-2.0,0.3148067213352701,-2.0,0.30425979718930507,-2.0,-2.0,-2.0,-2.0,-2.0,0.2660737635045449,0.25861343552586685,-2.0,-2.0,-2.0,-2.0,-2.0,-2.0,0.19549965325329446,-2.0,-2.0,-2.0,-2.0,0.13611461729930113,-2.0,-2.0,0.0932980143503655,0.07765259653872086,0.06126632302433044,0.044103445564693755,-2.0,-2.0,-0.012418766716610352,-0.03307206378550914,-2.0,-2.0,-2.0,-0.12594355794625134,-2.0,-2.0,-0.2077947531782829,-2.0,-0.2690285593220012,-0.3018378241042846,-0.3362012874002349,-2.0,-0.4098888124172355,-0.4493707597001696,-2.0,-2.0,-0.5793969507978155,-0.6269086892092309
0.3331294787934673,0.4130741215776451,0.4139647948577456,0.41479954038518585,0.4155827965447535,0.41631829731380665,0.4170098696891139,0.4176597909926933,0.4182717456295694,0.41884840454777905,0.4193915364110442,0.41990360843786995,0.420386292914267,0.42084214364029315,0.421272420047887,0.4216786040895966,0.42206220123894167,0.4224245165756657,0.4227671007980423,0.4230904433091977,0.42339618061350276,0.4236848793487903,0.4239578510967824,0.4242155921580445,0.4244589761066278,0.42468884036179205,0.4249058111045138,0.4251104804558119,0.42530367352397724,0.42548538973037986,0.4256566842426049,0.42581771599613594,0.4259693325176436,0.42611128611262666,0.42624453050102595,0.4263693576996774,0.42648583446867144,0.4265947879400809,-2.0,0.42678922907003936,0.4268759770369232,-2.0,0.42702886913791416,0.4270956143373552,-2.0,0.427210101954883,0.42725818825607265,-2.0,0.42733740915821833,0.42736819391709485,0.42739361935897774,-2.0,0.4274279845479793,0.4274370619062773,-2.0,-2.0,0.42743209748148836,0.42741988730085567,-2.0,-2.0,0.42735045871249144,0.4273162925971393,-2.0,-2.0,-2.0,-2.0,-2.0,-2.0,-2.0,-2.0,-2.0,-2.0,0.426550328482558,-2.0,-2.0,0.42620089789560134,-2.0,-2.0,-2.0,-2.0,-2.0,-2.0,-2.0,-2.0,-2.0,-2.0,0.42424292810231806,-2.0,-2.0,-2.0,-2.0,0.42290180982440156,-2.0,-2.0,-2.0,-2.0,0.4211849589587274,-2.0,-2.0,-2.0,0.4194795733501054,-2.0,-2.0,-2.0,-2.0,-2.0,-2.0,0.4155920016665294,0.4149244306618419,-2.0,-2.0,-2.0,-2.0,-2.0,-2.0,-2.0,-2.0,-2.0,-2.0,-2.0,-2.0,-2.0,-2.0,0.40007720444685074,-2.0,-2.0,-2.0,-2.0,-2.0,0.3905629854568487,-2.0,-2.0,-2.0,-2.0,-2.0,0.3779965965230495,-2.0,0.37296913201400744,-2.0,-2.0,-2.0,0.3614027750503327,-2.0,-2.0,-2.0,0.34748234819288704,-2.0,-2.0,0.3352129223725945,-2.0,-2.0,-2.0,-2.0,-2.0,-2.0,0.29899843385257374,-2.0,-2.0,-2.0,0.2723825292694596,-2.0,-2.0,0.24892453486240518,-2.0,0.2313751494846206,-2.0,-2.0,-2.0,-2.0,-2.0,-2.0,-2.0,0.14242363367129585,-2.0,-2.0,-2.0,-2.0,0.0675751253317825,-2.0,0.032436677042880224,0.013609408273120571,-0.006109760997746683,-2.0,-2.0,-2.0,-2.0,-0.11963452459458895,-2.0,-0.17292988102032808,-2.0,-2.0,-2.0,-2.0,-0.32989221553565756,-0.36588350524802277,-2.0,-2.0,-2.0,-2.0,-2.0,-2.0
0.3236311014039673,0.41834626679706577,0.4192903859023466,0.4201745502859273,0.4210034362155073,0.421781040312991,0.4225114935418599,0.4231980128510315,0.42384410684901536,0.42445171711933105,0.4250242659130239,0.425563764448787,0.42607245526938475,0.42655260108460524,0.4270050710599711,0.4274325777207481,0.4278359846689078,0.4282170066600207,0.4285770129599888,0.4289170716685731,0.4292383044590365,0.42954177025124196,-2.0,0.4300993464022135,0.430355400216028,0.4305967472517949,-2.0,0.431039791048354,0.43124276287099383,-2.0,0.43161403352198463,0.431783494809855,0.4319428979831692,0.4320926337809546,0.4322329509874143,0.43236447775042613,0.4324874570054396,0.43260239821733526,0.4327094871332373,-2.0,-2.0,0.43298510759361836,0.4330630612920061,-2.0,0.43319850193737486,0.43325688228612386,0.4333090213342625,-2.0,0.4333951375309411,0.4334296470610179,0.433458246517246,-2.0,-2.0,-2.0,-2.0,-2.0,-2.0,0.4335026677006443,-2.0,-2.0,0.433439289281903,-2.0,-2.0,-2.0,-2.0,-2.0,0.43315972010795956,-2.0,-2.0,-2.0,-2.0,-2.0,0.4326566900886484,0.43254871617551766,0.4324333234200716,0.4323102330856571,-2.0,-2.0,-2.0,-2.0,-2.0,-2.0,-2.0,0.43101318250303533,-2.0,-2.0,-2.0,0.43011882995120454,-2.0,0.42959776614131484,-2.0,-2.0,0.4287113977489175,-2.0,-2.0,-2.0,-2.0,0.4269108572177003,-2.0,0.42605981887062067,-2.0,-2.0,-2.0,-2.0,0.4235404490678947,-2.0,-2.0,0.4217167950623753,0.42104942558418745,0.4203499886800288,0.41961698075604864,-2.0,-2.0,-2.0,-2.0,-2.0,0.41442058376853513,0.4134041519095576,-2.0,-2.0,-2.0,-2.0,-2.0,-2.0,-2.0,-2.0,0.4017781007389111,-2.0,-2.0,-2.0,-2.0,-2.0,-2.0,-2.0,0.3864689403200933,-2.0,-2.0,0.37909730728759433,-2.0,0.3735818827906939,0.37062653871539786,-2.0,-2.0,-2.0,-2.0,-2.0,-2.0,0.3456220757668488,0.3413415436386674,0.3368581700955203,0.33216234837107944,-2.0,-2.0,-2.0,-2.0,-2.0,0.2989278994856994,0.2924348920516,-2.0,-2.0,-2.0,-2.0,-2.0,-2.0,0.2375041255622701,-2.0,-2.0,-2.0,0.19713383098278878,0.18581830602478866,-2.0,-2.0,-2.0,0.13493566344430408,0.12067363173287415,0.10573598757369873,-2.0,-2.0,0.05654154799382749,-2.0,-2.0,-2.0,-2.0,-2.0,-0.06492192245275802,-0.08865156177310668,-0.11350534723114608,-2.0,-0.16680055059476667,-2.0,-2.0,-0.25659032113732755,-2.0,-2.0,-0.3597542856017368,-0.3974505101183065,-0.4369324512490714,-0.47828468548231623,-2.0,-0.5669586720646558,-0.6144703865962566
0.3144035471591499,0.4234037788698115,0.42440474840793685,0.4253412018535967,0.426218345251799,0.42704062239364826,0.4278125407583091,0.4285374758836387,0.4292187229899565,0.42985974125197424,0.4304630933734308,0.4310315803197005,0.43156717184813054,0.43207212121576055,0.4325484671579085,0.43299823552809064,0.4334223614839777,0.43382277266764,0.43420134515777437,0.43455832627949004,0.4348958061378822,0.4352146613582264,0.43551592547823315,0.4358005427581101,0.43606896864407124,0.4363225505999026,0.4365620759434387,0.43678791121436666,0.43700106472654154,0.43720208828255025,0.43739117795471977,0.437569597107753,0.4377370339052282,-2.0,-2.0,0.43818094838813576,0.4383107104802119,0.4384315863829801,0.4385444713361579,0.43864930008553005,0.43874655215928077,0.4388364410532442,0.43891928079061626,0.4389952759120067,0.4390644110091384,0.43912667573127334,-2.0,0.43923282597883534,0.43927629024517995,0.43931422483342303,0.4393461761716007,-2.0,-2.0,-2.0,0.4394160231626968,-2.0,-2.0,0.4394093367470149,0.4393960768195962,0.4393770229130993,-2.0,-2.0,0.4392861137392638,-2.0,0.43919653810758236,-2.0,-2.0,0.439017059068423,0.43894443390774635,0.4388656130828408,-2.0,0.4386874270390552,0.4385877104239152,-2.0,0.4383666770254027,-2.0,-2.0,0.4379758780602474,-2.0,-2.0,-2.0,0.4373332996521825,-2.0,-2.0,-2.0,-2.0,-2.0,-2.0,-2.0,-2.0,-2.0,-2.0,-2.0,-2.0,-2.0,-2.0,-2.0,-2.0,-2.0,-2.0,-2.0,-2.0,0.4305693014011069,-2.0,0.42948981836104827,-2.0,-2.0,-2.0,0.42699969783052216,0.42630045949002204,0.425567645082575,0.4247996816153226,-2.0,-2.0,0.4222680547491549,-2.0,-2.0,-2.0,0.4182911857829995,-2.0,-2.0,0.4147828421988098,-2.0,-2.0,-2.0,0.4092751943431766,-2.0,-2.0,0.40441865785076675,-2.0,0.40078444135132285,-2.0,-2.0,-2.0,-2.0,-2.0,0.3876226958402149,-2.0,-2.0,-2.0,0.376580236142499,0.37348503692454915,-2.0,-2.0,0.36329011930866895,-2.0,0.3556628693147932,0.3515760439772908,-2.0,-2.0,0.33811642499293976,-2.0,0.3280467519969761,0.3226513172459656,-2.0,0.31108138814007225,-2.0,-2.0,-2.0,-2.0,0.27700542015949003,-2.0,-2.0,-2.0,0.24345849610716333,-2.0,0.2242070324598334,-2.0,-2.0,-2.0,-2.0,0.16750815784832884,0.15450709710649413,-2.0,-2.0,-2.0,-2.0,-2.0,-2.0,-2.0,-2.0,0.005973935967124644,-2.0,-2.0,-2.0,-0.08269701289911618,-2.0,-2.0,-2.0,-0.18940190672798435,-2.0,-0.25063572210877444,-0.28344494913040424,-0.3178083668542097,-2.0,-2.0,-0.430977832608945,-0.47233006405992445,-2.0,-0.5610040335177355,-2.0
0.3054390941953024,0.4282489622529578,0.4293104320132342,0.4303024350584726,0.4312306885229617,0.43210033533706677,0.43291563926708715,0.4336810837691486,0.4343999251259619,0.4350759808274611,0.435711912012996,0.4363103232805151,0.4368744087959247,0.4374057440453218,0.437906938173973,0.4383792584909154,0.43882523397697676,0.4392463476189839,0.43964353726735717,0.4400189740077777,0.4403733201753388,-2.0,0.44102405039181797,0.4413229003272376,0.44160455094496476,0.44187083231380364,0.44212216736085885,0.4423593877060324,0.4425833008055085,0.4427944435149505,-2.0,-2.0,0.4433563004827557,-2.0,0.44367721361787543,0.443823080696347,-2.0,0.44408714126091636,0.4442066512217983,0.44431744019978886,0.4444199771150147,0.444515095741823,0.44460288291881395,0.44468380644112754,0.44475711055299655,0.4448242809234413,0.4448843110200232,0.4449379901499778,0.44498547807805455,0.44502678642243,-2.0,-2.0,-2.0,0.44513221380321616,-2.0,0.44515035376592393,0.4451505485502801,0.44514509523223195,-2.0,0.44511712457692326,0.44509460007935514,-2.0,-2.0,-2.0,0.4449460690103345,0.4448942159514491,0.44483582960794027,0.4447711227483342,-2.0,0.4446224295872117,-2.0,0.4444467647773277,0.4443483475578559,0.444242881361232,-2.0,-2.0,-2.0,0.44374159184696277,0.4435955003842763,-2.0,0.4432761927794367,-2.0,0.44291849667061894,0.44272415364957957,-2.0,-2.0,0.44207484024529253,0.4418346811476503,-2.0,-2.0,-2.0,-2.0,-2.0,0.44010715627756286,-2.0,0.43940746549759596,-2.0,0.43863590365744093,-2.0,0.43778604414080935,0.4373292470574096,-2.0,0.43634819708706163,-2.0,0.43526941498025157,-2.0,-2.0,-2.0,-2.0,-2.0,-2.0,-2.0,-2.0,-2.0,0.42804958423079775,0.427123927062271,0.42615406126982336,-2.0,-2.0,-2.0,-2.0,-2.0,0.419282943724704,0.41793955133460425,0.41653227535029513,0.4150581000624652,-2.0,-2.0,-2.0,0.4084269395013712,0.40656777647815273,-2.0,-2.0,-2.0,-2.0,-2.0,0.3934064272240082,-2.0,-2.0,-2.0,-2.0,0.37926882608872126,-2.0,-2.0,-2.0,-2.0,-2.0,-2.0,-2.0,-2.0,0.34390074184070085,-2.0,0.3338311385788762,-2.0,-2.0,0.3168658508902506,0.3106666003796241,0.3041736384812466,-2.0,-2.0,0.28278998879324097,-2.0,0.2667927155821355,-2.0,0.24924313189176403,-2.0,-2.0,0.21967663796397544,0.20887295442422252,-2.0,0.18570588931536092,-2.0,-2.0,-2.0,-2.0,-2.0,0.10182997329454774,-2.0,-2.0,-2.0,0.03147789904960341,0.011758769432569594,-2.0,-2.0,-2.0,-2.0,-0.10176591105076771,-0.1277970203574189,-2.0,-2.0,-2.0,-2.0,-0.2776600628309359,-2.0,-2.0,-0.38571099874390524,-0.4251929206009919,-2.0,-0.509856303127704,-0.5552191326754662,-2.0
0.2967302408188869,0.4328839123212371,0.4340098799797873,0.4350610337417066,0.4360435919838202,0.43696318288918584,0.4378247677602714,0.4386328160785501,0.4393913499006562,0.4401040421833799,0.44077406308187644,0.44140453569564,0.4419980632365312,0.4425570091353552,0.44308390112115786,0.44358109595273887,0.44404933705494215,0.4444915132579576,0.44490886087025316,0.4453029286444543,0.4456750045315794,0.44602613145942277,-2.0,0.44667125500609234,0.4469671249198841,0.447246695115865,0.4475102612420083,0.44775920682705345,0.44799370090899343,0.4482151315574216,-2.0,-2.0,0.4488052748797268,0.4489793347269827,0.44914263179265473,0.44929610410249543,0.44943975191205143,0.44957412215391374,-2.0,0.4498164405168447,-2.0,-2.0,-2.0,-2.0,0.4502830161592635,0.45035394341471024,-2.0,-2.0,0.45052800425044515,0.4505727493486763,-2.0,-2.0,0.4506704470273356,-2.0,0.45070618997680073,0.4507146129770182,0.45071757516985095,-2.0,0.450705818342252,-2.0,0.4506711221989412,0.45064450623231306,-2.0,0.45057427892240476,0.45052992117774515,-2.0,-2.0,0.45035965294230973,-2.0,-2.0,0.4501311589074777,0.4500410923799867,-2.0,-2.0,-2.0,-2.0,-2.0,-2.0,-2.0,-2.0,0.4488792176542545,-2.0,0.4485230413146753,-2.0,-2.0,0.44790943146073386,-2.0,0.4474425063261473,0.4471903710850636,-2.0,-2.0,-2.0,-2.0,0.44571801130115035,0.4453770069413775,-2.0,-2.0,-2.0,0.44383367782008415,-2.0,-2.0,-2.0,-2.0,-2.0,0.4408839309454971,-2.0,0.4396984615167441,-2.0,-2.0,0.43769687797553164,-2.0,0.4361968795199769,-2.0,-2.0,-2.0,-2.0,-2.0,-2.0,-2.0,0.42857539123260674,-2.0,-2.0,-2.0,0.4235574746869637,-2.0,-2.0,-2.0,-2.0,-2.0,-2.0,-2.0,-2.0,-2.0,-2.0,-2.0,0.40148068923892594,-2.0,-2.0,-2.0,-2.0,-2.0,-2.0,0.3816460296154961,-2.0,-2.0,0.3709683514741542,0.3670665175237334,-2.0,-2.0,0.35421606251615795,-2.0,-2.0,-2.0,-2.0,-2.0,0.3224855798674518,0.3162863558963007,-2.0,-2.0,0.29587006494339163,-2.0,0.280596157619944,-2.0,0.2638407053607554,-2.0,0.24546005837299273,0.23561162423618456,-2.0,-2.0,0.20317743536019667,-2.0,0.178912892950917,-2.0,-2.0,-2.0,-2.0,-2.0,-2.0,0.07390095107363187,-2.0,-2.0,0.017378872808250012,-0.003274399336692213,-0.024906036644849916,-2.0,-2.0,-2.0,-2.0,-2.0,-2.0,-2.0,-0.2392304791872798,-2.0,-2.0,-0.3423946043654975,-0.38009081918158893,-2.0,-0.4609249799829498,-2.0,-2.0,-2.0
0.2882696992289233,0.4373101143435078,0.4385048909953681,0.4396189898486627,0.4406592891491497,0.4416319516692641,0.4425425069747761,0.44339585760578804,0.4441959921879256,0.4449473590326612,0.4456533288975503,0.44631717457634923,0.44694178442277005,0.44753008128770294,0.4480841247665976,0.44860606028314676,0.44909841216712415,0.4495628346949136,0.45000105526753165,0.45041460890896123,0.45080488243262873,0.4511739307705552,-2.0,0.4518500659682833,0.4521604153095734,0.4524535466754571,0.4527303007322756,0.45299096128355637,-2.0,0.4534698420036492,-2.0,0.4538944089930293,0.4540885582637531,0.45427111345377025,0.4544429918281469,0.4546040490020917,0.454755179445249,0.4548965736563055,-2.0,-2.0,-2.0,0.4553728888878902,0.4554711578793123,-2.0,0.45564508698546696,-2.0,0.4557899488262766,0.4558520992563103,0.45590713071402966,0.4559558878145773,-2.0,0.456034510557335,-2.0,-2.0,0.4561052600790017,0.4561172949443829,0.4561225500598493,-2.0,0.4561163153166129,0.45610365308440487,-2.0,0.45606127574882077,-2.0,-2.0,-2.0,0.45590356547020466,-2.0,0.4557872921688938,-2.0,0.4556442240381516,0.45556259434028035,-2.0,0.4553777621254007,-2.0,-2.0,-2.0,0.45491716257049836,-2.0,0.45463736495886964,-2.0,-2.0,0.45414932222381327,0.4539669931731107,-2.0,-2.0,-2.0,0.45312866854858913,0.45288986472471787,-2.0,0.45237301100515664,-2.0,-2.0,-2.0,-2.0,0.4508277730965152,-2.0,-2.0,0.44969998809211015,0.4492860122365669,-2.0,-2.0,-2.0,-2.0,-2.0,0.4463381314479999,-2.0,-2.0,-2.0,-2.0,-2.0,-2.0,-2.0,-2.0,-2.0,-2.0,-2.0,-2.0,-2.0,-2.0,-2.0,-2.0,-2.0,-2.0,0.42901507632800506,0.4276080154428644,-2.0,-2.0,0.42297259299244294,0.42127838423833674,-2.0,-2.0,-2.0,0.41365767855075697,-2.0,0.40928334226859986,-2.0,-2.0,-2.0,-2.0,-2.0,-2.0,-2.0,-2.0,-2.0,-2.0,0.3764274868599059,-2.0,0.368438983065433,-2.0,-2.0,-2.0,0.3500614344742625,0.34491020296426117,0.3395148135159969,-2.0,-2.0,-2.0,-2.0,-2.0,0.3013296176042457,0.2938694023545014,0.28605574564501984,-2.0,-2.0,-2.0,0.25091972037525684,-2.0,-2.0,-2.0,0.20863714873766542,-2.0,-2.0,-2.0,0.15775473035826265,-2.0,-2.0,0.11290983682838068,-2.0,-2.0,-2.0,0.042557856590813015,0.022838713074312067,-2.0,-2.0,-0.042102506634629,-2.0,-2.0,-0.1167169260674964,-2.0,-2.0,-2.0,-2.0,-2.0,-0.3009434148637211,-2.0,-2.0,-2.0,-0.4554650530111177,-2.0,-0.544138836134465,-2.0
0.280050389418363,0.4415388816687836,0.4427973002142838,0.44397854926268127,0.4450803357274871,0.4461093800693416,0.4470717326057609,0.447972727643562,0.4488171964328257,0.44960945189563967,0.45035328525496515,0.4510522735300837,0.4517096790481859,0.4523283615863915,0.45291076349569453,0.45345944872908184,0.4539768110614339,0.4544641604832242,0.45492408908690996,0.4553581011060843,0.45576772377291885,0.45615432196425104,0.45651912426991054,0.4568638438984554,0.4571891682207746,0.4574960478084287,0.45778609241168455,0.4580597027289766,0.4583177801986951,0.45856131211302203,-2.0,0.4590068487895747,0.45921055271977446,0.45940236712958193,-2.0,0.4597514330939696,0.4599101166710454,0.4600589844381337,0.46019804462271546,-2.0,0.4604484461565733,0.46056062753695903,0.4606645800421188,0.460760705884186,-2.0,-2.0,0.4610034800959319,0.46106934541492806,0.4611289659464737,0.4611814454017681,-2.0,-2.0,-2.0,0.46132729337901285,0.4613476304483228,0.46136275467258303,-2.0,0.46137274865252625,-2.0,-2.0,-2.0,-2.0,-2.0,-2.0,-2.0,-2.0,-2.0,-2.0,-2.0,-2.0,0.4608382434955529,0.4607506491241571,-2.0,0.4605537470272214,-2.0,-2.0,-2.0,-2.0,-2.0,-2.0,-2.0,-2.0,-2.0,-2.0,-2.0,-2.0,-2.0,-2.0,-2.0,-2.0,-2.0,-2.0,-2.0,0.45646298010638514,0.45612284923949553,-2.0,-2.0,-2.0,-2.0,0.45414861683732566,0.45369311918250554,-2.0,-2.0,-2.0,-2.0,-2.0,-2.0,-2.0,0.44915050165998277,0.44845212657779937,-2.0,0.4469529579259619,-2.0,-2.0,0.4444234829881242,-2.0,0.44252907405253383,-2.0,-2.0,-2.0,0.4381660111157715,-2.0,-2.0,0.4343171871120547,-2.0,-2.0,-2.0,-2.0,-2.0,-2.0,-2.0,0.4210002392045375,-2.0,0.4168242266644691,-2.0,0.4122424843341049,-2.0,-2.0,-2.0,-2.0,-2.0,-2.0,-2.0,-2.0,0.38545636339574857,-2.0,-2.0,0.37374276037021625,-2.0,-2.0,-2.0,0.35536534430110933,0.3502141087765103,0.34481878051717607,-2.0,-2.0,-2.0,-2.0,-2.0,0.30663373644211234,-2.0,-2.0,0.28317608117651355,0.27460453493650666,-2.0,0.25622395161337014,0.24637553713287155,-2.0,-2.0,-2.0,-2.0,-2.0,-2.0,-2.0,-2.0,0.13385945266859184,0.11821420778903696,0.10182781489554449,0.08466516510874483,0.06668947176140155,0.04786223772718423,0.028143177590057245,0.0074899685277983186,-0.014141745197669309,-2.0,-0.060526832087854365,-2.0,-2.0,-0.13867674666965057,-0.16723251506079173,-0.19714100602828688,-0.22846629581077538,-0.26127550382282916,-2.0,-2.0,-2.0,-2.0,-0.45016054725214394,-2.0,-2.0,-0.5863461849981858
0.2720654332493498,0.4456361660185613,0.4468912462154035,0.4481410139043737,0.4493084294063569,0.45039732171147034,0.45141483901180884,0.45236631863136856,0.45325751232396116,0.4540929006107098,0.4548766763117808,0.4556133041336937,0.45630497466068404,0.4569551428126622,0.4575674177278725,0.4581439501599306,0.4586871041074397,0.4591990742480407,0.45968195699317416,0.4601371592666199,0.46056675232903754,0.46097197125271266,0.4613545738446346,0.46171589273990604,0.4620571514374653,0.4623784597151296,0.46268221420542655,0.4629690104625411,0.4632395729049024,0.4634946898132564,0.4637351654051679,0.46396204016473847,0.4641752901382023,0.46437637103493523,0.4645653830220637,-2.0,-2.0,0.465065504562393,0.4652117025763666,0.46534825288013154,0.46547528821057427,-2.0,-2.0,0.4658049196065747,0.46589837336159673,0.46598397591503327,0.4660622840021041,-2.0,0.4661969015300931,0.4662537832653977,-2.0,0.46634657526633694,0.46638299473270795,0.466413729978905,0.466436812983092,0.46645526217053,-2.0,-2.0,-2.0,-2.0,0.46644832341846293,-2.0,0.46640281880013523,-2.0,-2.0,-2.0,0.46623521663341677,-2.0,-2.0,-2.0,-2.0,-2.0,-2.0,0.46568077851908063,-2.0,0.4654555179697795,-2.0,0.46519684340262074,-2.0,-2.0,-2.0,0.46457168081794736,-2.0,-2.0,0.46399746920707574,0.4637839092671188,0.46355853024106897,-2.0,-2.0,-2.0,-2.0,-2.0,-2.0,-2.0,-2.0,-2.0,-2.0,-2.0,-2.0,-2.0,-2.0,0.45836144911347665,-2.0,-2.0,-2.0,-2.0,0.455600000050852,0.45496469320587973,-2.0,-2.0,-2.0,-2.0,-2.0,0.45045563312355497,-2.0,-2.0,0.4476786939989785,0.4466631558835918,0.445599126472539,-2.0,-2.0,-2.0,0.4408108550072236,-2.0,0.4380611316165177,-2.0,0.4350435096548886,-2.0,-2.0,-2.0,-2.0,0.4261517687354736,-2.0,0.42197591314491584,0.4197382009757531,-2.0,-2.0,-2.0,-2.0,0.40685291112061206,-2.0,-2.0,0.3975608303603483,0.3941652419917117,-2.0,-2.0,-2.0,0.37889529993057036,-2.0,-2.0,-2.0,-2.0,-2.0,-2.0,-2.0,-2.0,0.33220262998608274,-2.0,-2.0,-2.0,-2.0,-2.0,-2.0,0.27975742394333764,0.27077981455105804,-2.0,-2.0,-2.0,0.2304098744245612,0.21909442701104703,-2.0,0.1948299797360457,-2.0,-2.0,-2.0,-2.0,0.12336728552569382,-2.0,0.08981825273735305,-2.0,0.05301534383688644,-2.0,-2.0,-0.008988619429541878,-0.03164489698827477,-2.0,-2.0,-0.10625938081209596,-2.0,-0.16207934184691342,-0.1919878350880314,-0.22331311915537622,-0.256122298771965,-0.2904857343488574,-0.326476769755247,-2.0,-2.0,-2.0,-0.4883184491387512,-0.5336812795242476,-2.0
0.2643081486974105,0.4496167495306041,0.45084771548900643,0.45210797864311,0.4533449190824144,0.4544978282949815,0.45557372670160895,0.4565791976428699,0.45751994355065106,0.4584007994338936,0.45922681144920513,0.46000190616017855,0.46072996534864824,0.46141422550606376,0.4620578303384186,0.4626637861003504,0.46323431819584676,0.46377173073382877,-2.0,0.46475568643266896,0.4652060882599125,0.4656311409295933,0.4660323162531134,0.4664104609791649,0.46676772226443464,0.4671048600539405,0.4674230612891317,0.467723164064408,0.46800663859101305,0.46827370720882394,0.46852591855101144,0.46876318475713813,0.46898690779223057,0.4691979315644672,0.46939574270389367,-2.0,0.46975673104780147,0.46992054423000235,-2.0,-2.0,0.4703516179066849,-2.0,0.4705917363487367,0.47069886716089976,0.4707979329551066,0.4708888213535435,0.4709716125389946,0.4710468063594062,-2.0,-2.0,-2.0,-2.0,-2.0,0.4713502973661076,0.4713773192746696,0.4713983214573807,-2.0,-2.0,0.47142165644585887,-2.0,-2.0,0.4713877884850985,0.47136396248278434,-2.0,-2.0,-2.0,-2.0,-2.0,-2.0,-2.0,0.47093675477084884,0.47085215804294367,-2.0,-2.0,-2.0,-2.0,-2.0,-2.0,-2.0,-2.0,-2.0,-2.0,-2.0,-2.0,0.46898797691777394,0.46877530770407877,0.4685504686698463,-2.0,-2.0,-2.0,-2.0,-2.0,-2.0,-2.0,-2.0,-2.0,-2.0,0.46513887619362965,0.46472606149334134,-2.0,-2.0,-2.0,0.4628600875885348,-2.0,-2.0,-2.0,-2.0,-2.0,-2.0,-2.0,-2.0,-2.0,-2.0,-2.0,-2.0,-2.0,0.45268163077430457,-2.0,0.45060238525263735,-2.0,0.4483199228589458,0.44709644253602326,0.4458146734202163,-2.0,0.4430651559412162,-2.0,-2.0,-2.0,0.4367367180092414,0.43496320069240124,-2.0,-2.0,-2.0,-2.0,-2.0,0.4223993715413013,-2.0,-2.0,0.4146794207240829,0.41185822896965696,-2.0,-2.0,-2.0,-2.0,-2.0,-2.0,-2.0,0.3839009084152919,-2.0,-2.0,0.37044189926283544,-2.0,-2.0,-2.0,-2.0,-2.0,-2.0,-2.0,0.3239152970174215,-2.0,-2.0,-2.0,-2.0,0.28476357780850786,0.275785983265865,-2.0,-2.0,0.24621973456968096,-2.0,-2.0,-2.0,-2.0,0.18683527365934144,-2.0,-2.0,0.14401884356679145,-2.0,0.11198724337468413,0.0948246079170661,-2.0,-2.0,-2.0,-2.0,-0.003982209687494742,-2.0,-2.0,-0.07522088686433503,-2.0,-2.0,-2.0,-0.18698122397675587,-2.0,-2.0,-0.2854792293915557,-2.0,-0.3591667311396801,-2.0,-2.0,-2.0,-0.5286747881532706,-2.0
0.25677204425975864,0.45343830585341943,0.45469174973252485,0.45592672382032556,0.4571915277803374,0.45841244240966356,0.45955061640796685,0.46061309574177856,0.46160620078209913,0.46253551803782605,0.4634060628540479,0.4642225156768911,0.4649886762613346,0.4657083399653377,0.4663848845157747,0.4670213722661949,0.4676202512603382,0.46818437671682095,0.46871591476384755,0.4692168803778498,0.4696890999875529,0.4701344161151571,0.47055464531749,0.47095116942964693,0.4713253194657522,0.47167848115599365,0.4720119341039706,0.47232619714263807,0.4726228686134714,0.4729025321910589,0.47316659067482036,0.47341511886365056,0.47364960485713153,-2.0,0.47407803455111025,-2.0,-2.0,0.4746282715455293,0.4747892244093686,0.47494009736054205,0.47508082012653763,-2.0,-2.0,-2.0,0.4755510611520009,-2.0,0.4757350667111358,-2.0,0.47588800151711463,0.4759530163797334,-2.0,0.4760620303494083,-2.0,-2.0,0.47617325609026423,0.47619702437349976,-2.0,0.4762248591708174,0.4762292100327753,0.47622668449873845,-2.0,-2.0,-2.0,-2.0,-2.0,-2.0,-2.0,-2.0,0.47591329648836056,0.47584522116230726,0.4757687686311465,-2.0,-2.0,0.47549688416463376,0.47539072083031764,-2.0,-2.0,-2.0,0.47488183694584873,-2.0,-2.0,0.4744046263655864,-2.0,-2.0,-2.0,0.47362324311776854,-2.0,-2.0,0.4729137566456317,-2.0,0.4723746030151187,-2.0,-2.0,-2.0,-2.0,-2.0,-2.0,-2.0,-2.0,-2.0,-2.0,-2.0,-2.0,-2.0,-2.0,0.4660641343928991,-2.0,0.4648239523159281,0.46415844760324526,0.46346078840364496,0.4627294795106959,-2.0,-2.0,-2.0,-2.0,-2.0,-2.0,-2.0,-2.0,-2.0,-2.0,0.45195740287260205,-2.0,-2.0,-2.0,-2.0,-2.0,0.44329230956048515,-2.0,-2.0,0.4379654460916759,-2.0,0.4339791724603619,-2.0,-2.0,-2.0,-2.0,-2.0,-2.0,-2.0,0.4137658899697869,-2.0,0.4074290578626797,0.4040335720083153,-2.0,-2.0,-2.0,-2.0,-2.0,-2.0,-2.0,-2.0,-2.0,-2.0,-2.0,-2.0,-2.0,-2.0,-2.0,0.3216559739719418,-2.0,-2.0,-2.0,0.2896270229572125,-2.0,-2.0,0.26139818574552864,-2.0,-2.0,0.22896423108197878,0.21711275443283762,0.20469983556716126,0.19169886305710643,-2.0,0.1638200399096899,-2.0,0.13323730891459024,-2.0,-2.0,-2.0,0.06288540749427407,-2.0,-2.0,-2.0,-0.021774841243348386,-2.0,-2.0,-0.09638922356138102,-2.0,-2.0,-2.0,-2.0,-0.24625208006211552,-2.0,-2.0,-2.0,-2.0,-0.4351370717647888,-2.0,-0.5238109956069349,-0.5713226932859711
0.24945081352303158,0.4570714252522627,0.458397680405311,0.45963708389819874,0.4608770138269745,0.46214239634981885,0.46334695534566733,0.46447018496906045,0.46551891493856035,0.4664993863836668,0.4674172123060965,0.46827716145849674,0.4690835938996059,0.46984067649861677,0.47055192818930364,0.4712203338590839,0.4718492969921762,0.47244135476328714,0.47299887220123604,-2.0,0.47401940842222823,0.4744861810495841,0.47492643008127694,0.47534175762199543,-2.0,0.47610350710855676,0.47645282678513623,0.47678143305983683,-2.0,0.47738494855175234,-2.0,-2.0,0.4781667046850024,0.4783979676514548,0.47861526010191285,0.47881985801089455,0.4790120437690252,0.47919216753794996,0.4793610884159359,0.4795192572694867,0.47966706489032906,0.47980514086863346,0.47993324564562606,0.4800522243307637,0.48016255328561025,0.4802641553976892,-2.0,-2.0,0.48051948596647265,0.48058942505731983,0.48065114279925125,0.4807060081490694,-2.0,-2.0,0.48082835367734117,0.48085532102713713,0.4808756142253607,-2.0,-2.0,-2.0,0.4808907770178881,0.480878171785779,-2.0,-2.0,0.48080053301600567,0.48076123028705436,-2.0,-2.0,0.4806024834840319,0.4805355071751641,0.48046128460106463,-2.0,0.480290466050766,0.4801935143045589,-2.0,0.4799755015559441,-2.0,0.47972378239349805,-2.0,0.4794364188914412,-2.0,0.47911036875817664,-2.0,0.4787434474558529,-2.0,-2.0,-2.0,-2.0,-2.0,-2.0,0.47708704377614675,-2.0,0.47649122707422664,0.47616914290967244,-2.0,-2.0,-2.0,0.47470976187424924,-2.0,-2.0,0.47341121172507294,-2.0,0.4724351289609897,-2.0,0.4713600831825527,-2.0,0.4701779373160857,0.46954343910029883,-2.0,-2.0,-2.0,0.46668342940817553,0.46588026559937673,-2.0,0.4641563663603173,-2.0,0.46226324889402093,0.4612482154014517,-2.0,0.4590703361338388,0.4579028256518824,-2.0,-2.0,-2.0,0.4526491181792893,-2.0,-2.0,0.44801532326244853,0.4463215606714871,-2.0,-2.0,0.44074193428234004,0.43870266131354074,-2.0,-2.0,0.4319854244822328,0.42953054401072543,-2.0,0.42426587811296024,0.4214448076832821,-2.0,0.4153949632249715,0.41215322793918385,0.4087577908551922,0.4052013858694829,0.40147638092887594,-2.0,-2.0,-2.0,-2.0,-2.0,-2.0,-2.0,0.3645651714460846,0.3589143165167849,0.3529956918760185,-2.0,-2.0,-2.0,-2.0,0.3189206681576467,-2.0,0.3029233773885455,0.2943519101383823,0.28537435373016173,-2.0,-2.0,0.2558082111942731,0.24500464584907236,-2.0,-2.0,-2.0,-2.0,0.18280703277590932,0.16854509902506626,-2.0,0.13796233764159388,-2.0,0.10441362847056274,0.08643805074323013,0.06761055378200831,-2.0,-2.0,-2.0,-2.0,-2.0,-2.0,-2.0,-2.0,-0.14748397913237055,-0.17739244088291628,-2.0,-2.0,-2.0,-2.0,-2.0,-2.0,-0.4304118467059611,-0.4737229607588562,-0.5190857382312206,-0.5665974552419785
0.2423383298859155,0.4605162510951743,0.46192125349525787,0.4632270481499026,0.4644568100171625,0.4657026039315037,0.46696392987341134,0.46815177921963436,0.4692600258692289,0.47029449750844515,0.47126215989752956,0.4721681225462834,0.47301711657106343,0.47381358166701987,0.47456112325158867,0.4752636008032253,0.47592406142415783,0.47654542799356653,0.4771303488735582,0.4776811961331737,0.4782002733867914,0.4786897262721173,0.47915074245220707,0.47958560667960476,-2.0,0.48038303012024186,0.480748087636824,0.48109257468125616,0.481417654933094,0.48172442758558925,0.48201314556442487,0.4822856484318239,0.4825423508906413,0.48278422835045043,-2.0,-2.0,-2.0,0.483616331307049,0.48379359466468513,0.48395943189744345,0.48411466017082116,0.4842594468391961,0.4843943457956728,0.48451957377042704,0.48463583654652925,0.4847427341348818,0.4848412138061687,0.4849314545008707,0.48501345329146883,0.4850876142794013,0.4851543063292635,0.48521314669096627,-2.0,-2.0,0.48534667472247667,0.4853770952936113,0.4854006307248648,-2.0,0.48542732181073533,0.48543064206216885,0.48542716334371866,0.4854169867114872,-2.0,0.4853765972743216,-2.0,-2.0,0.4852651245606418,-2.0,-2.0,-2.0,-2.0,0.4849381332137519,-2.0,-2.0,0.4846515038390815,0.48453950025464837,-2.0,-2.0,-2.0,0.4840048167089235,-2.0,-2.0,-2.0,-2.0,0.48311690741837743,-2.0,-2.0,-2.0,0.48220112577488466,-2.0,-2.0,-2.0,-2.0,0.480748331601309,-2.0,0.48005575627519,-2.0,0.47929090788530754,0.4788793577562927,-2.0,-2.0,-2.0,0.4770178962508762,0.4764937328712894,-2.0,0.4753671658301513,-2.0,-2.0,0.47346316841698216,0.47276602176441934,-2.0,-2.0,-2.0,0.4696246692250823,-2.0,0.4678184967187301,-2.0,0.46583514099614437,-2.0,-2.0,0.46249023717441023,0.46126719067984195,0.4599858363838848,-2.0,0.4572370899256738,-2.0,-2.0,0.45260364884199333,-2.0,-2.0,0.44727739385161874,0.4453306645296797,-2.0,0.44115547618881007,0.43891807526637017,-2.0,-2.0,-2.0,-2.0,-2.0,-2.0,-2.0,0.4167427424033123,-2.0,-2.0,-2.0,0.40216452146011106,0.39807805672329677,0.39379790270268694,0.38931488560417155,0.38461940704148967,-2.0,-2.0,-2.0,0.36350433425556544,-2.0,0.35138670761839086,-2.0,0.338093541692143,0.3309709338254364,-2.0,0.3156973256581039,0.30751360635108965,0.2989421611551522,-2.0,0.2805617796838254,0.2707134419740693,0.2603985373018979,0.24959496794862848,-2.0,-2.0,0.21401548503322904,-2.0,-2.0,-2.0,0.15819798085261677,0.14255279432288587,-2.0,-2.0,0.09102821089811836,-2.0,0.0524819474033178,0.03182875693748005,0.010197324908393868,-0.012459136969996787,-2.0,-0.061042396289124,-2.0,-2.0,-0.14289340486578417,-0.17280186762520422,-2.0,-0.23693631977388707,-0.2712997150940486,-0.3072909531821567,-2.0,-0.3844690159175229,-0.42582123151405527,-0.46913234551519356,-2.0,-0.5620068346758061
0.2354286414322417,0.4637724401493338,0.46526196952253346,0.46664439423102216,0.46792950024923846,0.4691547259344127,0.47040690862491724,0.4716591438213221,0.4728301087640471,0.47392253806835366,0.47494329378555195,0.47589778826320217,0.4767916927324654,0.4776296417281432,0.47841574660440717,0.47915379782509737,0.479847488500079,0.4804999057586505,-2.0,0.48169081558885485,0.4822348396338231,0.4827474382221046,0.483230480500267,0.48368597839252786,0.4841158091103641,0.4845206856922839,0.48490296296385726,0.4852634892887305,0.4856034983321201,0.4859238752302016,0.48622626670506497,0.4865112738177478,-2.0,0.4870329628421429,0.4872713821806542,-2.0,0.4877063952340115,-2.0,0.48808960325829526,-2.0,-2.0,0.4885783389047026,0.4887203572307302,0.488851799119338,0.4889740636928142,0.48908703731885717,0.489191241183581,-2.0,0.48937366696340845,0.4894527487536674,0.48952386595276687,-2.0,0.48964261196184844,0.4896911909829155,0.48973208988897793,-2.0,-2.0,0.4898127112551845,-2.0,0.48983181568402007,-2.0,0.48982361826126636,-2.0,0.489788015803456,-2.0,-2.0,-2.0,0.48963391860156247,0.48957769908207505,-2.0,0.4894432885455723,-2.0,-2.0,0.48918455245369796,-2.0,-2.0,-2.0,-2.0,0.4885882420581542,0.48844189147999173,-2.0,-2.0,-2.0,-2.0,0.487558749458338,-2.0,-2.0,-2.0,-2.0,-2.0,-2.0,-2.0,-2.0,0.48519635777842923,0.4848592588247068,0.484504837045395,-2.0,-2.0,-2.0,-2.0,-2.0,-2.0,0.4814699785488826,-2.0,-2.0,-2.0,-2.0,0.478581834434468,-2.0,-2.0,0.47648970384464706,-2.0,-2.0,-2.0,-2.0,-2.0,-2.0,0.4702911343888631,-2.0,0.4681139340196569,-2.0,-2.0,-2.0,-2.0,-2.0,-2.0,-2.0,-2.0,-2.0,-2.0,-2.0,0.4497887192761046,-2.0,-2.0,-2.0,-2.0,-2.0,-2.0,-2.0,0.4304926235181691,-2.0,0.42444302839018166,-2.0,-2.0,0.41424977655054335,-2.0,-2.0,-2.0,-2.0,-2.0,-2.0,0.38416047353625404,-2.0,-2.0,-2.0,-2.0,-2.0,-2.0,-2.0,-2.0,-2.0,-2.0,-2.0,-2.0,0.294424074624713,-2.0,-2.0,0.2648580320905646,-2.0,0.24273911155690292,0.2308876810358227,-2.0,-2.0,0.19185703968591533,-2.0,-2.0,-2.0,-2.0,-2.0,0.09548786347328625,-2.0,0.056941646096064114,0.03628901176325777,-2.0,-2.0,-2.0,-0.05658265225150305,-2.0,-2.0,-2.0,-0.16834211770903362,-2.0,-2.0,-0.2668399520867859,-2.0,-0.3405273668514488,-2.0,-0.4213614585008457,-0.46467255798327667,-2.0,-2.0
0.22871596595026464,0.4668392310556179,0.4684196407606765,0.4698841489894738,0.4712437407836983,0.472508308897085,0.4737343304021005,0.47499326870302494,0.4762311422692739,0.47738499811918395,0.4784617801760436,0.4794680677406903,0.4804096025312357,0.48129123010285785,0.4821178845476087,0.482893561190718,0.48362204427326255,0.4843066724919081,0.4849502055716747,0.4855559791091141,0.48612605514026497,0.48666319177896517,0.4871691412906913,0.4876460418671877,0.48809574548821355,0.488519774899532,0.4889195913692366,0.48929648697322764,0.4896522549397903,0.48998759787742147,0.4903037447565983,0.4906018802435032,0.4908829839691327,0.49114757983623347,0.49139684905690467,0.4916313457945377,0.49185196597416947,0.49205919573632134,0.49225373551980695,-2.0,0.4926065115499041,0.49276589664248294,-2.0,0.4930530768837103,-2.0,0.4933010301213898,0.4934107607649442,0.49351146826952885,0.4936038942056691,0.4936876983915729,0.4937634996675566,0.49383095378371233,-2.0,0.4939432324355318,0.49398802292106486,0.49402564917717073,-2.0,0.4940793430913744,-2.0,-2.0,0.4941063040805574,-2.0,-2.0,-2.0,0.4940451439450444,-2.0,0.49397247667920324,-2.0,-2.0,0.49380965774487456,-2.0,-2.0,-2.0,-2.0,0.49338552241281564,-2.0,-2.0,-2.0,-2.0,-2.0,0.49259636596617257,-2.0,0.492256181024513,-2.0,0.4918728796198334,0.4916640641220626,-2.0,-2.0,0.49096344006771303,-2.0,-2.0,-2.0,-2.0,-2.0,-2.0,0.4888265228414073,-2.0,-2.0,-2.0,-2.0,-2.0,-2.0,-2.0,-2.0,-2.0,-2.0,-2.0,0.4829082737219518,-2.0,-2.0,-2.0,-2.0,-2.0,-2.0,-2.0,-2.0,0.4756344131144209,-2.0,0.4735569199200705,-2.0,-2.0,-2.0,-2.0,0.46743013679827083,0.46602406960609966,-2.0,-2.0,-2.0,0.4596979403185043,0.4579240020364028,-2.0,-2.0,-2.0,-2.0,-2.0,-2.0,-2.0,0.44033796572179484,0.43764485140631504,-2.0,0.43186931066140577,-2.0,0.4255329461953766,-2.0,0.41858143181297697,-2.0,-2.0,-2.0,0.40258870600467517,-2.0,-2.0,-2.0,0.3833414504165103,-2.0,0.37229559367879345,0.3663770666992941,-2.0,-2.0,-2.0,0.33976248531462483,0.33230245698641775,-2.0,0.3163053110288719,0.3077339046354564,-2.0,-2.0,-2.0,-2.0,-2.0,0.2470715574432058,-2.0,0.22280727244538562,-2.0,0.19618954534198213,-2.0,0.1669901221032219,0.15134501908355086,0.13495866187506822,-2.0,0.09982043857703154,-2.0,0.061274224476686956,0.04062103577102022,-2.0,-0.003666817903575148,-2.0,-0.0522500778300653,-2.0,-2.0,-2.0,-2.0,-2.0,-2.0,-0.26250727146755837,-2.0,-2.0,-0.3756765589150243,-2.0,-2.0,-2.0,-2.0
0.22219468609395232,0.46971463708302297,0.4713935032524761,0.47294631494745254,0.4743857014213436,0.47572249427540814,0.47696723602943647,0.47819913214928816,0.47946390924533294,0.4806829985273082,0.48181954132759053,0.4828807651971729,0.48387243209859165,0.4848005949041969,0.48566996310854715,0.4864851745620729,0.48725019730998187,0.4879688823475796,0.48864409303643247,0.4892792031124727,0.4898768781980914,0.49043977350934,0.4909695149149751,0.49146881112708307,0.4919394173246457,0.4923830969955509,0.49280149443134896,0.493195638386662,0.49356756746237085,-2.0,0.4942490481425504,0.49456071616704067,-2.0,-2.0,0.49539189589817423,-2.0,0.49586841013763855,0.4960847148907367,-2.0,0.49647916770674194,0.4966582361604385,-2.0,0.4969813477125967,0.4971266748605596,0.4972619849438109,0.49738725916227294,0.4975031441651444,-2.0,-2.0,0.4977960701133696,0.4978762972984809,-2.0,0.4980130198531029,0.4980693503475777,0.4981181509111089,0.498159420967289,0.4981933992471653,0.49822006177800515,0.4982394866156485,-2.0,0.4982563075737956,-2.0,-2.0,-2.0,-2.0,0.49817499429590445,-2.0,-2.0,-2.0,-2.0,-2.0,-2.0,-2.0,-2.0,-2.0,-2.0,-2.0,-2.0,-2.0,0.496936378759664,-2.0,0.49661880507369033,-2.0,-2.0,0.49606309405878524,-2.0,-2.0,-2.0,-2.0,-2.0,-2.0,-2.0,-2.0,-2.0,-2.0,0.49302441453897833,-2.0,-2.0,-2.0,-2.0,-2.0,0.4904942787536769,-2.0,-2.0,-2.0,0.4883482288119683,-2.0,-2.0,-2.0,-2.0,-2.0,-2.0,-2.0,-2.0,-2.0,0.48080733981977786,0.47983943257750317,-2.0,-2.0,-2.0,0.47548180502337983,-2.0,-2.0,-2.0,0.4702304270133981,-2.0,-2.0,0.4655981126056582,-2.0,-2.0,-2.0,-2.0,-2.0,-2.0,-2.0,-2.0,-2.0,-2.0,-2.0,-2.0,-2.0,-2.0,-2.0,-2.0,-2.0,-2.0,0.41516340348547887,-2.0,-2.0,-2.0,-2.0,0.39270096859188397,-2.0,-2.0,-2.0,-2.0,-2.0,-2.0,-2.0,-2.0,-2.0,-2.0,-2.0,-2.0,-2.0,-2.0,-2.0,0.2733993669308664,0.2625958513730404,0.2512805139999928,-2.0,-2.0,-2.0,-2.0,-2.0,-2.0,-2.0,-2.0,0.12200514619460529,0.10402954032979722,0.0852023869243771,-2.0,0.04483016406569579,0.023198609857132735,0.00054231125448434,-2.0,-2.0,-2.0,-2.0,-2.0,-2.0,-2.0,-2.0,-2.0,-2.0,-2.0,-2.0,-0.4128195125770854,-2.0,-2.0,-2.0
0.21585934468224163,-2.0,0.47418233148527017,0.4758303149910417,0.47735548539986145,0.47876963680169043,0.4800836431699534,0.48131405474117694,0.4825528165354437,0.4838176181702298,0.4850179686772363,-2.0,0.48718211213123624,0.48815925399172194,0.4890738930672263,0.489930956774149,0.49073460042841094,0.4914889575003148,0.4921975913715977,0.49286360969066045,0.49349024486251714,0.49407969872270513,0.49463468928491433,-2.0,0.4956498872818602,0.4961139057245241,0.4965516639234602,0.496963870054778,-2.0,0.4977198136835656,-2.0,0.4983911279302768,0.4986983079800528,0.4989875761165028,0.4992601602459174,0.49951669478538374,-2.0,0.49998479507408394,0.500197674196898,-2.0,-2.0,-2.0,-2.0,0.5010761529105435,0.5012183545534897,-2.0,0.5014717198799044,0.5015840952626172,0.5016871413025388,0.5017811687462611,0.5018668349668152,0.5019436867235466,-2.0,0.5020731620334778,0.5021263294281909,0.5021711410783422,0.5022089631971092,-2.0,0.5022613171586057,-2.0,-2.0,0.5022856312305353,-2.0,-2.0,0.5022444025559405,0.502216240584217,0.5021807650601706,0.5021379461878867,0.5020879744943771,0.5020299810851204,-2.0,-2.0,-2.0,-2.0,0.5016222943200304,-2.0,0.5014012132743119,0.5012774636338243,-2.0,0.5010010005150763,-2.0,0.5006856547202738,0.5005124097651769,0.5003283863321046,-2.0,-2.0,0.499706687581017,-2.0,-2.0,-2.0,0.4986990430769246,0.4984117018165445,-2.0,-2.0,0.4974549232045108,-2.0,-2.0,-2.0,-2.0,-2.0,-2.0,0.4945748728441973,-2.0,0.4935541410025023,0.4930057028994261,0.4924303348998406,0.4918268586222395,0.4911938216696391,0.4905300260999608,-2.0,-2.0,-2.0,-2.0,0.48669663704960586,-2.0,-2.0,-2.0,-2.0,-2.0,-2.0,-2.0,-2.0,-2.0,-2.0,-2.0,-2.0,-2.0,-2.0,-2.0,-2.0,0.4643600179393626,-2.0,-2.0,-2.0,-2.0,-2.0,-2.0,-2.0,-2.0,0.4431198019254441,-2.0,0.43707059638739254,0.43382915824169976,0.43043400819858285,-2.0,0.42315312817592043,0.419251798055285,-2.0,0.4108855537645352,-2.0,-2.0,0.3967895506437529,-2.0,-2.0,0.38059292366170755,-2.0,-2.0,-2.0,-2.0,-2.0,-2.0,-2.0,-2.0,-2.0,-2.0,-2.0,-2.0,-2.0,0.26668495078832755,-2.0,-2.0,-2.0,-2.0,-2.0,0.1902258887165214,-2.0,-2.0,0.143256954921398,-2.0,-2.0,-2.0,0.0695726211300427,-2.0,0.027288090260324527,0.004631632687978726,-0.019097927053148722,-0.043951586600857295,-2.0,-2.0,-2.0,-2.0,-0.18703614418257286,-2.0,-2.0,-2.0,-0.32789603879656815,-0.3673778886741904,-2.0,-2.0,-0.49740393585458864,-2.0
0.20970464013232323,0.4748838779379753,0.4767839527857117,0.4785347893879282,0.48015203882121377,0.48164945475386384,0.4830386675921307,0.48432986007562284,0.4855520439407329,0.4867984384732171,0.488057052437788,0.4892381084009835,0.4903398770420316,0.4913690423602917,0.4923315739190323,0.49323258914719104,-2.0,0.4948694164505985,0.4956127815959813,0.49631120462720046,-2.0,0.4975855513972793,0.49816678000294373,0.49871392692069666,0.4992293149985878,0.49971520971055705,0.5001725318408349,0.500604413627179,0.5010105296097805,0.5013940083843379,-2.0,-2.0,0.5024166372797452,0.5027192448225583,0.503003968879399,0.503272456701749,-2.0,0.5037613516794524,0.5039845215494062,0.5041932366789078,0.504389247026566,0.5045727483801072,0.5047444217081937,0.5049044736339581,0.5050535149824197,0.5051918418643038,0.5053199184071087,0.5054382441624015,0.5055472865001001,-2.0,-2.0,0.5058192798562211,0.5058926900191466,0.5059576692818792,0.5060148970124652,0.5060637993469659,-2.0,0.5061387322097222,-2.0,0.5061835534345774,-2.0,-2.0,0.5061945848760313,-2.0,-2.0,-2.0,0.5061069929259335,-2.0,0.5060175488254963,0.5059616239676548,0.5058981008609513,-2.0,0.5057467156801153,0.505658913421871,-2.0,-2.0,-2.0,-2.0,-2.0,-2.0,-2.0,0.5046351713535747,0.5044631243727805,-2.0,-2.0,-2.0,-2.0,-2.0,-2.0,-2.0,-2.0,0.5023699327033274,-2.0,0.5017498379437856,-2.0,0.5010628552098977,0.5006924642579408,-2.0,-2.0,-2.0,-2.0,0.4985385449228046,-2.0,-2.0,-2.0,0.4963955635445411,-2.0,0.49515972460205326,-2.0,-2.0,0.4930710527828803,-2.0,0.4915045831166858,-2.0,0.4897834084821847,-2.0,-2.0,0.4868788969506798,-2.0,-2.0,-2.0,0.48231443569119264,-2.0,-2.0,0.4782865566201826,-2.0,0.4752712185855664,0.47365504607755904,0.47196197967940934,-2.0,0.4683304725879646,-2.0,-2.0,-2.0,-2.0,-2.0,-2.0,-2.0,-2.0,-2.0,0.44413661016604145,-2.0,-2.0,-2.0,0.43084946295700927,-2.0,0.42322350620002136,0.4191372811915872,-2.0,0.41037456300937164,0.405679293943369,-2.0,-2.0,-2.0,0.38456498055541793,-2.0,-2.0,0.36595506647154136,-2.0,-2.0,-2.0,-2.0,-2.0,-2.0,-2.0,-2.0,-2.0,-2.0,-2.0,-2.0,-2.0,-2.0,-2.0,-2.0,-2.0,-2.0,-2.0,-2.0,0.13006698696651137,-2.0,-2.0,-2.0,0.052892080908745365,-2.0,-2.0,-2.0,-2.0,-2.0,-2.0,-2.0,-2.0,-2.0,-2.0,-0.25023596685907845,-2.0,-0.32392334067225836,-2.0,-0.4047573910068337,-2.0,-0.49343125890352024,-2.0
0.2037254220231357,0.47717083304876073,0.4791959995751669,0.48105800994806036,0.48277472917815056,0.48436150447196047,0.4858313412198665,0.48719570428338915,0.48846412868133543,0.48968494672554996,0.4909395158070431,0.49218520859569653,0.49334724291251,0.4944314024980536,0.4954444960963531,0.4963922629766268,0.4972797324237995,0.4981115104778169,0.49889207330733903,0.4996245279686376,0.5003128961609609,0.5009599940162153,0.5015687354216155,0.5021418758718957,0.5026812472366678,0.5031893828911632,0.5036677437934152,0.5041191163750136,0.5045441715413735,0.5049446372176029,0.5053219418611533,-2.0,0.5060133566950413,0.5063292424085369,0.506627445719686,0.5069071241294671,0.5071708792421606,0.5074186888636848,-2.0,-2.0,-2.0,0.5082674330730885,0.5084471058112052,0.5086150825900227,0.508771205737363,0.5089166117586982,0.5090516235459518,0.5091757905458284,0.509290392650729,-2.0,-2.0,-2.0,-2.0,-2.0,0.509787715190392,0.5098408445730557,-2.0,-2.0,0.5099530705817948,-2.0,-2.0,0.5099967295156466,0.5099952284207152,0.5099872334539444,-2.0,0.5099481326144039,-2.0,0.5098789359503865,0.5098327628178064,-2.0,0.509717239351847,0.509647553983613,-2.0,-2.0,-2.0,0.5092858063554194,-2.0,-2.0,0.508921816777886,0.5087815975073945,-2.0,-2.0,-2.0,0.508117736792145,-2.0,0.5077191606728737,0.5075017831480073,-2.0,0.5070285294435448,0.5067716411631239,-2.0,-2.0,0.5059132561468316,-2.0,-2.0,-2.0,-2.0,-2.0,-2.0,-2.0,0.5028630606819351,0.5023888170056628,-2.0,0.501369738265841,-2.0,0.5002474372065311,0.499644612149432,0.4990122942019013,0.4983491387911791,-2.0,-2.0,-2.0,0.49535866988342886,0.49451853034260906,-2.0,-2.0,-2.0,-2.0,0.48967188367007836,0.4885587970806849,-2.0,0.4861704155604704,-2.0,-2.0,-2.0,-2.0,-2.0,0.4775119393458528,-2.0,-2.0,-2.0,-2.0,0.4682030552589841,-2.0,-2.0,-2.0,-2.0,0.45646254254808716,-2.0,0.45094916363325566,-2.0,-2.0,-2.0,-2.0,-2.0,-2.0,-2.0,0.4229958748488576,0.41871599991797753,0.41423325414212525,-2.0,-2.0,-2.0,0.39407449360426394,-2.0,-2.0,-2.0,-2.0,-2.0,0.35589141322278073,-2.0,0.34061812342952685,0.3324345513253863,-2.0,-2.0,-2.0,0.2956349150543902,0.28532012678753815,-2.0,0.2632013905663147,0.2513500464097217,-2.0,-2.0,0.21231967815305314,-2.0,-2.0,-2.0,-2.0,-2.0,0.11595084797534744,0.09712372599237529,-2.0,0.05675157438554129,0.03512004469124619,0.012464077433786858,-2.0,-2.0,-2.0,-0.08941455310763458,-2.0,-2.0,-2.0,-2.0,-2.0,-2.0,-0.3200637386929399,-2.0,-2.0,-2.0,-0.4895716454334693,-2.0
0.19791668678535568,0.47925357608351776,0.4814148260909656,0.48339783987870916,0.4852219160581362,0.48690497961263396,0.48846138384321264,0.4899038685021895,0.491243434365895,0.49248947294135154,0.49371578270516775,0.49497878290319575,0.4962046905401036,0.49734748555095604,0.49841438342070804,0.4994113263636507,0.5003442598836034,0.5012182654917547,0.5020372860113506,0.5028056969739215,0.5035274045286663,0.5042055272901802,0.5048433115729859,0.5054430420007651,0.5060075346108277,0.5065388205627139,0.5070396722331344,0.5075112926569508,0.5079552365031371,0.5083743974666307,0.5087691013463442,0.5091403587970035,-2.0,0.5098211790567436,0.5101316780543973,-2.0,0.5106999679431125,0.510958934607327,0.5112025566409636,0.5114312281137421,0.5116459659786489,0.5118466032951636,0.5120350288841612,0.5122109153226566,-2.0,0.5125268037796482,0.5126684952206572,0.5127995335161567,-2.0,0.5130312227920782,0.5131325467434943,0.513224719693984,-2.0,0.5133821257481359,-2.0,0.5135054217931061,0.5135546818124253,-2.0,0.5136292561941119,0.5136546697213725,-2.0,0.513682053573003,-2.0,0.5136793454242178,-2.0,0.5136451306190437,0.5136167907733588,0.5135807313716968,0.5135368951244527,0.5134852833934596,-2.0,-2.0,0.5132817506606238,-2.0,-2.0,-2.0,0.5128921968483897,0.5127724686614821,-2.0,0.512504187517279,-2.0,0.5121959380404012,0.512025992083983,0.5118450250207375,0.5116526519285975,0.5114485876027995,-2.0,0.5110028710755575,0.5107605165208742,0.5105050069153648,-2.0,-2.0,-2.0,0.5093315450769859,-2.0,-2.0,0.5082778017529581,-2.0,-2.0,0.5070525485297797,-2.0,-2.0,-2.0,-2.0,-2.0,-2.0,-2.0,0.5027547478839546,0.5020919257506131,-2.0,0.5006679609720714,0.4999037678072725,0.4991026129651252,0.49826277238248085,-2.0,-2.0,-2.0,-2.0,0.49341727670856245,-2.0,-2.0,0.4899163827202145,0.4886361461577925,0.48729480617198817,0.48588948939752774,0.484417180313304,-2.0,-2.0,0.4795660269229237,-2.0,-2.0,-2.0,0.4719505346389732,0.469815195248314,-2.0,-2.0,-2.0,-2.0,-2.0,-2.0,-2.0,-2.0,0.44540728700575594,0.44201235078138273,0.4384563787716506,0.43473180326083527,0.4308306543220929,-2.0,0.4224647078849962,0.4179820133132594,0.413286835795425,-2.0,-2.0,-2.0,0.3921728527430341,0.3862545070106899,-2.0,0.37356315588803485,0.3667629639159026,-2.0,-2.0,-2.0,-2.0,-2.0,0.3186351281442271,-2.0,0.299384237137198,-2.0,-2.0,-2.0,-2.0,-2.0,-2.0,-2.0,0.2018072846443681,0.18686982351657305,0.17122472667970062,0.15483847183712451,-2.0,-2.0,-2.0,-2.0,-2.0,-2.0,-2.0,-2.0,-2.0,-0.058400782457020295,-0.0856649219403024,-0.1142206055710514,-0.14412900535823825,-2.0,-0.20826335620853742,-2.0,-0.2786179192966619,-0.3163140617380781,-0.355795738634619,-2.0,-2.0,-2.0,-0.5333336026847033
0.19227357351427748,0.48112619822044284,0.48343622125995117,0.4855502318769446,0.4874911121944773,0.4892781589749498,0.4909278740466932,0.492454233787735,0.49386954615823786,0.4951843651277738,0.4964131206114037,0.4976476595588939,0.49891294923687496,0.5001180848587834,0.5012418581105896,0.5022912063964333,0.5032723484979812,0.5041904247831568,0.5050502223115177,0.5058567254420262,0.5066135338040592,0.5073243244235046,0.5079919303666498,0.5086201050882697,0.5092106390399309,0.5097668007746557,0.5102903526084274,0.5107833882426218,0.5112474797361553,0.5116850152726028,0.5120972707919308,0.5124859514666614,-2.0,0.513196559129507,-2.0,0.513827124042932,-2.0,0.5143857378680362,0.514639844986217,0.5148789810322224,0.5151033882315783,-2.0,0.5155104407885224,0.5156944626891864,0.5158661054848913,0.5160258688314927,0.5161743676570506,0.5163120753441331,0.5164390425909201,-2.0,0.5166634110230215,0.5167608965001736,-2.0,0.5169283279133814,0.5169989529862296,0.517060652643556,0.5171138608165399,-2.0,0.5171959945640874,0.517224996261338,0.5172460628671969,-2.0,0.5172644460548375,-2.0,0.5172519600748882,-2.0,-2.0,-2.0,-2.0,-2.0,-2.0,-2.0,-2.0,-2.0,-2.0,0.5166119316570661,-2.0,0.5163847260086797,0.5162567251582824,0.516119252016964,0.5159714503800656,-2.0,0.5156445935192158,0.5154647415807903,-2.0,-2.0,0.5148548555044534,0.5146265489912155,-2.0,-2.0,-2.0,0.5135758751634949,0.513275964615384,-2.0,0.5126270758407178,-2.0,0.5119082861763365,-2.0,-2.0,0.5106844727221569,0.5102344569781874,-2.0,-2.0,-2.0,-2.0,-2.0,0.5070216874038472,0.5063900823821212,-2.0,-2.0,0.5043042815181629,0.5035403862304655,0.5027395131292295,-2.0,-2.0,-2.0,-2.0,0.4981174480655221,0.49705563972999084,-2.0,-2.0,0.49355533397431156,0.4922752762609881,0.4909341062430519,-2.0,-2.0,-2.0,-2.0,0.48320607207189326,0.48143285785560974,-2.0,-2.0,-2.0,-2.0,-2.0,0.4688762921926582,-2.0,-2.0,-2.0,-2.0,-2.0,0.4522903962401771,-2.0,-2.0,0.44209791068975096,0.43837340491533094,-2.0,0.43038624310423645,-2.0,-2.0,-2.0,-2.0,-2.0,0.4014654271563265,-2.0,0.3898965843599835,0.38369782163183164,-2.0,0.3704051532474224,-2.0,0.35582292551027345,-2.0,0.33982608942208875,0.3312548394819698,-2.0,0.3128748041202099,0.30302666602468853,-2.0,0.2819085090665324,-2.0,-2.0,-2.0,0.2333283681562895,0.219711643994087,0.2054498422445033,0.19051239914802892,0.1748673187916187,-2.0,-2.0,0.12334303387524609,0.10451592236575336,-2.0,-2.0,-2.0,-2.0,-0.003873452085400464,-0.028727082048593422,-0.05475807321457238,-0.08202219870406835,-0.11057786947490078,-2.0,-2.0,-0.20462061788092023,-0.23898395825439522,-0.2749751565116395,-2.0,-0.35215315726388896,-0.3935053183917061,-0.43681637743321844,-0.48217912979515454,-2.0
0.18679135990207824,0.48279011452398535,0.485254826597564,0.4875120558871552,0.48957961672198325,0.49147923889658585,0.4932296576431945,0.4948460424258117,0.4963426599609338,0.497731044884547,0.4990212968724441,0.5002403199495025,0.5014836971458408,0.5027438738674189,0.5039283107314012,0.5050330240556533,0.5060649623649919,0.5070296538249602,0.507932877646565,0.5087791998316149,0.5095729706740337,0.5103178864385236,0.511017399998606,0.5116751839522052,0.5122934515319427,0.5128749794816211,0.513422551199282,0.51393820608352,0.5144231017730764,0.5148803758471344,0.5153116605591462,0.5157168365981145,0.5160993970259624,0.5164590893761983,0.5167984035582298,0.5171175114320101,0.5174180331668364,0.5177011202536878,-2.0,0.5182166807021524,0.518450843739049,0.5186706993767212,0.5188766121719388,0.5190691461775893,0.5192487264495194,0.5194164753218288,0.5195721182880334,0.5197169385506483,-2.0,0.5199735407021592,-2.0,0.5201897692198741,0.5202833307913999,-2.0,-2.0,0.5205089367241883,-2.0,-2.0,0.5206567733323922,-2.0,-2.0,0.5207305513877284,0.5207389635249242,0.5207395962762136,-2.0,0.52071690610969,-2.0,0.5206627227142006,-2.0,0.5205761718412076,0.5205206274178877,0.5204568885655855,-2.0,-2.0,-2.0,0.520116249218579,-2.0,0.5198922791022001,-2.0,-2.0,0.5194830715528883,0.5193265469949433,-2.0,-2.0,-2.0,-2.0,-2.0,0.5181458634895775,0.5179054013662232,-2.0,0.517382203274315,-2.0,-2.0,-2.0,-2.0,-2.0,0.5154341855487634,-2.0,0.514640074248893,-2.0,-2.0,-2.0,-2.0,0.5122742029703581,-2.0,-2.0,-2.0,-2.0,0.5092592758805651,-2.0,-2.0,-2.0,-2.0,-2.0,-2.0,-2.0,0.5026646435837795,-2.0,-2.0,-2.0,0.4983118690129021,-2.0,-2.0,-2.0,-2.0,-2.0,-2.0,-2.0,-2.0,-2.0,0.4831117293973252,-2.0,-2.0,-2.0,-2.0,-2.0,-2.0,0.4673887104973794,-2.0,0.46187583114596786,0.45892170309867464,0.45582735943162633,0.4525862649861391,-2.0,0.4456356193728139,-2.0,-2.0,-2.0,0.42964463995655616,-2.0,-2.0,-2.0,-2.0,-2.0,-2.0,-2.0,-2.0,0.38074636196890216,0.37394352800803554,0.3668211855041553,-2.0,-2.0,-2.0,-2.0,0.3258160446255831,-2.0,0.306565244700729,-2.0,-2.0,-2.0,-2.0,-2.0,-2.0,-2.0,-2.0,0.19405117809541755,0.17840611114866906,-2.0,-2.0,-2.0,-2.0,0.08833579280944448,-2.0,-2.0,-2.0,-0.00033455497313317206,-2.0,-0.0512191487136785,-2.0,-0.1070389421819854,-2.0,-0.1682725363080776,-0.20108120663726703,-2.0,-0.27143618656370094,-0.30913232052384854,-0.3486141801355864,-2.0,-0.4332773978005027,-2.0,-0.5261518008372525
0.18146545828606472,0.48436657264732635,0.4868640845696716,0.4892780829811953,0.49148348991217267,0.4935052206580976,0.4953641693838439,0.49707834423237396,0.49866205711924727,0.5001294564418045,0.5014909305824491,0.5027568943462736,0.5039740421695243,0.5052268660438739,0.5064740266257542,0.5076376313320902,0.5087234272418908,0.509737756561261,0.5106865693157393,0.5115749447301788,0.5124075185524466,0.5131884291246288,0.5139216279507699,0.5146102794047465,0.5152574264128589,0.5158659778179872,0.5164384336904456,0.5169773684161657,0.5174845031328932,0.5179622272586409,0.5184121670246076,0.5188359567123988,0.519235357086587,0.519611347575,0.5199653213680709,0.5202986216657621,0.5206124171593683,-2.0,0.5211852560817292,0.521446246685773,0.5216910248972856,0.521920979517215,0.522136089460883,0.522337671082697,0.5225258478886463,0.5227011926307071,0.5228647601914934,0.5230163165132887,0.523156758359025,0.5232863448504509,0.5234053192523525,0.5235142956315161,0.523613106216327,-2.0,0.5237828799267443,0.5238538908586223,0.5239161787077078,0.523969519421235,0.5240143042329818,-2.0,-2.0,0.5240995924395779,-2.0,-2.0,0.5241099854272394,-2.0,0.5240771161825187,-2.0,-2.0,-2.0,-2.0,-2.0,0.5237817166962372,0.5237029174910414,0.5236153036951462,0.5235186954170221,-2.0,0.523297676654219,-2.0,0.5230380167738462,-2.0,-2.0,0.5225711948817418,-2.0,-2.0,-2.0,-2.0,-2.0,-2.0,-2.0,-2.0,-2.0,-2.0,-2.0,-2.0,-2.0,0.518859087248537,0.5184725984392385,0.5180661677382791,-2.0,-2.0,0.5167182982731686,-2.0,-2.0,-2.0,-2.0,-2.0,0.5133516679936336,0.5126899063621807,-2.0,-2.0,-2.0,0.5097043752346011,-2.0,-2.0,-2.0,-2.0,-2.0,-2.0,-2.0,-2.0,-2.0,0.4992447900485706,-2.0,0.49649918941762006,-2.0,-2.0,0.491869887443665,0.4901774985991676,0.4884045560642136,0.4865472568589884,-2.0,-2.0,0.4804284915452273,0.4781920491449235,-2.0,0.4733954411194875,0.4708249995645667,0.4681325418867096,0.4653122942054899,-2.0,0.45926398749588404,-2.0,-2.0,0.4490724613730926,0.4453480867474162,0.4414471065083231,0.43736116080120335,-2.0,-2.0,0.4239039428381528,0.4189863711423776,0.4138357168343078,0.40844094564021305,0.4027904980351608,-2.0,-2.0,-2.0,-2.0,0.3702591442782103,-2.0,0.35498570233199506,-2.0,0.3382310483824534,-2.0,-2.0,0.31000300749909937,-2.0,0.2888849456830449,0.27756975145949897,-2.0,0.25330575737884703,-2.0,0.22668829260892104,0.212426522696406,-2.0,0.18184406529714742,-2.0,0.1482953698171517,-2.0,0.11149277905428656,-2.0,-2.0,-2.0,0.026833010062937035,-2.0,-2.0,-2.0,-2.0,-2.0,-2.0,-0.16483441839710877,-2.0,-0.23200687098051676,-0.2679980028844069,-0.30569417791369247,-2.0,-0.3865281763415993,-0.42983922286143716,-0.47520197914844564,-2.0
0.17629141180959476,-2.0,0.4883370676843696,0.49084218799175616,0.4931982873186541,0.495352842570409,0.49732956864383093,0.4991484205220092,0.5008264850424455,0.5023783034730703,0.503816265911599,0.5051515275480725,0.5063936192696797,0.5076172692973887,0.5088794695456382,0.5101056264939527,0.5112486498539791,0.512315705900248,0.5133126119557829,0.5142453861453748,0.5151189590472718,0.5159379324335396,0.5167061619739831,0.5174271124619011,0.5181047963208728,0.5187413382189988,0.5193404358667384,0.5199037075836348,0.5204338145309556,0.52093303197658,0.5214030871447483,0.5218456318841477,0.5222624647774561,0.522655054554885,0.5230248793537069,0.5233729123733379,0.5237004306745049,0.5240087733563922,0.5242989846051538,0.5245708976503536,0.5248267395675571,0.5250667866186216,0.5252917911618078,0.5255024495161696,0.5256994602383773,0.5258831965195524,0.5260543689941025,0.5262134938131217,0.5263608045122427,0.5264969859841026,0.5266221755964369,0.5267370250419948,0.5268417607810985,0.5269365565009803,-2.0,0.527097912587935,0.5271644645891378,0.5272223744543724,0.5272715637808562,-2.0,-2.0,0.5273673560098372,0.527382353332458,-2.0,0.5273884267698111,-2.0,0.5273606955870848,-2.0,0.5273009276016641,0.527257950671016,0.5272069917697126,0.5271475323020863,0.5270799808939207,0.5270026273252673,-2.0,0.5268220718824789,-2.0,0.5266047363006937,-2.0,-2.0,0.5262041606489379,-2.0,-2.0,-2.0,0.525520715126044,0.5253207651261951,0.5251083676677799,-2.0,-2.0,-2.0,0.5241248299024579,-2.0,-2.0,-2.0,0.522900669312259,-2.0,0.522185598334785,-2.0,0.5213939055868859,0.5209672342654319,-2.0,-2.0,-2.0,-2.0,-2.0,-2.0,-2.0,-2.0,0.5160223193623351,0.515328589536664,-2.0,-2.0,-2.0,-2.0,-2.0,-2.0,0.509432504214777,-2.0,-2.0,0.506246855739738,-2.0,-2.0,-2.0,-2.0,-2.0,0.4983640480701406,-2.0,-2.0,0.4935146846815236,-2.0,-2.0,0.4879392077719494,0.4859011958394285,-2.0,0.4815299785283562,0.47918740742763394,0.47673358083320916,-2.0,-2.0,0.4686507115556886,0.4656967216593909,0.46260257552441286,-2.0,0.4559669498000474,-2.0,-2.0,-2.0,0.4407001587115711,-2.0,0.43193807903077414,-2.0,0.4223255868766954,-2.0,0.41178025496153103,-2.0,0.40021166866502195,0.394013023826835,0.38752061709250646,-2.0,0.37359829616923046,0.36613853872375074,0.3583253176752918,-2.0,0.34157072069167166,0.3325934527937846,-2.0,0.31334277341028915,0.3030281557034399,-2.0,-2.0,-2.0,-2.0,0.24364486183494777,0.23002819265723112,0.21576643870657247,0.20082904927354123,0.18518401353140296,0.16879787899311727,0.15163535463438477,0.13365984552416726,0.1148327878774481,0.09511384473079854,-2.0,0.05282928202264692,-2.0,0.006443583117255014,-0.01841001966467093,-0.0444409761718475,-2.0,-2.0,-2.0,-0.16149428506815522,-2.0,-0.22866674140232257,-0.2646578813512861,-2.0,-0.341835862663586,-0.3831879853351524,-2.0,-0.47186181586594045,-2.0
0.17126489069246048,0.48730032605649537,0.4897684363138503,0.49222764331526064,0.4947183554923607,0.49701801438034493,0.49912250114476714,0.5010550449667077,0.50283442673508,0.5044773801241005,0.5059970820544955,0.5074063827673944,0.5087154977939671,0.5099397500275561,0.5111725809619858,0.5124375640498159,0.5136414072193497,0.5147639439401708,0.5158121162610093,0.5167918097018422,0.517708659442368,0.5185674667967383,0.5193725973500533,0.5201282452358759,0.5208373102678696,0.5215038196210632,0.5221300961965138,0.5227196668852542,0.5232733137811987,0.523794905688155,0.524285860138295,0.5247481301455483,0.5251834076623928,0.5255933439004826,0.5259792020493028,0.5263425184540161,0.5266844771772152,0.5270062905725441,0.527308906706037,0.5275932617502482,0.5278604906632641,0.5281111883371289,-2.0,0.5285667102912205,0.528772529354174,0.5289650596585352,0.5291439063391178,0.5293107787684528,0.5294652578560266,0.5296082781546605,0.5297401519386695,0.5298613473477413,0.529971712206939,0.5300723731515985,0.530162830945857,0.5302435321023828,-2.0,-2.0,-2.0,0.5304751285327071,0.530511226546353,0.5305384779890987,0.5305568660523314,-2.0,0.5305688648758586,0.530562517318267,-2.0,-2.0,-2.0,-2.0,-2.0,0.5303467093727079,-2.0,-2.0,0.5301224309115411,-2.0,0.5299268541173309,0.5298150219639359,-2.0,0.5295614788678368,0.5294192797372049,-2.0,0.5291027654722041,0.5289277154809824,-2.0,0.5285424120959148,0.5283308654097951,0.5281066059635793,-2.0,-2.0,0.5273512006998984,-2.0,-2.0,-2.0,-2.0,-2.0,-2.0,0.5250313438416487,0.5246261306281725,-2.0,-2.0,-2.0,-2.0,0.5222680833359417,-2.0,-2.0,-2.0,-2.0,0.5192593488539802,0.5185661706750926,-2.0,0.5170761761434156,-2.0,-2.0,-2.0,0.5136379189583947,-2.0,0.5116598126425033,-2.0,-2.0,-2.0,-2.0,0.5058218756048252,-2.0,0.5030769887414025,0.5016055077724986,0.5000638463222332,-2.0,0.49675661164723395,-2.0,-2.0,-2.0,-2.0,-2.0,0.4847726960120684,-2.0,-2.0,-2.0,-2.0,0.47189431363852674,0.46894002776547894,0.46584595880816615,0.46260509524744464,0.45921049389676877,-2.0,-2.0,-2.0,-2.0,-2.0,-2.0,0.4304870936545798,-2.0,-2.0,0.4150243921306396,0.4093740346898907,-2.0,0.397257280499415,0.3907649273464064,0.3839649131577606,-2.0,0.36938295333719334,0.36156976466289076,0.3533863683497855,0.3448152356056526,0.33583798932027564,0.3264354154201013,0.3165873607570403,0.306272709085351,0.29546938394002187,0.28415425007883294,0.2723030100011312,0.259890328376203,0.246889586008111,0.2332729351696537,0.21901120466143403,-2.0,0.18842881377666015,-2.0,-2.0,-2.0,0.11807763910238978,-2.0,0.07770562496208583,-2.0,0.03341796669811081,0.009688490659210625,-0.015165096264958655,-0.04119605075078314,-0.06846012805669155,-0.09701577634231484,-0.12692414873876146,-0.1582492841249774,-0.19105839762733268,-0.22542175242425944,-0.26141290673048345,-2.0,-0.33859086334349586,-0.37994300083340926,-0.423254046488605,-0.46861678490320946,-0.5161284257111468
0.16638168860761288,0.4884894694581231,0.49112408013031816,0.49355993473183235,0.49604106623545163,0.4984949134321388,0.5007389473306233,0.5027948020512141,0.504683785363303,0.5064244642511152,0.5080324001352974,0.5095209576372708,0.5109018685783172,0.5121857395821282,0.5134000479528649,0.5146431023420712,-2.0,0.5170836998557536,0.5181858849502197,0.5192153368918515,0.5201782985360917,0.521078863741967,0.521922905629764,0.5227143953971568,0.5234571295653924,0.5241544898499263,0.5248097802478002,0.5254260682165399,0.5260050203967409,0.5265500297116675,0.527062922349765,0.5275457280475851,0.5280002301557283,0.5284282743928602,0.5288309368805015,0.5292101781000456,0.5295670917875793,0.529902831964434,0.5302186688667518,0.5305156170281868,0.5307948579389342,0.5310564695455067,0.531302295911888,0.5315325331659245,0.5317473153651255,0.5319484579616821,0.5321361832131096,0.5323108302296268,0.532473064846526,-2.0,0.5327615040871962,0.5328889057799614,-2.0,-2.0,0.5332077068412231,-2.0,-2.0,0.533437328329423,0.5334948975282535,-2.0,0.5335833039219043,0.5336145140373395,0.5336368852836528,0.5336503504906167,-2.0,-2.0,-2.0,0.533619783764299,0.5335907296738615,-2.0,-2.0,0.5334520589641164,-2.0,-2.0,0.5332342204074699,0.5331434487383374,-2.0,-2.0,-2.0,0.5326817055089702,0.5325410640053382,0.5323898979020947,-2.0,0.532053572983467,0.5318680750441779,0.5316706222560985,0.531460253411375,0.5312370625592666,-2.0,-2.0,0.5304845731420058,-2.0,-2.0,-2.0,-2.0,-2.0,-2.0,0.5281701132963847,-2.0,-2.0,-2.0,0.5264227239954545,-2.0,-2.0,0.524865666281609,-2.0,-2.0,-2.0,0.5224037069226714,-2.0,0.5209838833181456,-2.0,0.5194223075554966,-2.0,-2.0,-2.0,-2.0,0.5148070275686706,-2.0,-2.0,0.5114699710990469,-2.0,-2.0,0.5076299891663907,-2.0,-2.0,-2.0,-2.0,-2.0,0.4981335125058528,0.4962766309566015,-2.0,0.4922936427951735,0.49015900279485275,-2.0,-2.0,0.48312694097855857,-2.0,-2.0,-2.0,-2.0,-2.0,-2.0,-2.0,-2.0,-2.0,0.4511810628024776,-2.0,-2.0,-2.0,0.4336386103419305,0.42872119830692024,0.4235706975941009,0.4181760647771102,-2.0,-2.0,0.40040908809900533,-2.0,0.38711679747846073,0.37999459720260587,0.3725349147306937,0.3647217566955047,0.3565383907066397,0.3479672850682414,-2.0,0.32958752572837285,0.31973949075058306,0.3094248738690716,0.2986215750763783,0.28730644631114416,0.27545524588889314,-2.0,0.25004195582012717,0.23642523331170956,-2.0,0.2072261708626018,-2.0,-2.0,-2.0,-2.0,-2.0,-2.0,0.08085806664638134,-2.0,0.03657042511990671,-2.0,-2.0,-0.038043553782335926,-2.0,-0.09386325913204285,-0.12377161639805223,-2.0,-2.0,-2.0,-2.0,-0.2959564247618953,-2.0,-2.0,-2.0,-2.0,-0.5129758072679784
0.1616377191611948,0.4894555001058411,0.49228405068399556,0.4948483594656435,0.49727599381038395,0.49977778515337695,0.5021740802358701,0.5043639708809998,0.506371763185588,0.5082181883666147,0.5099207837974291,0.5114944505322757,0.5129520989648385,0.5143050406891232,0.5155627296248896,0.5167777544038901,0.5180317934569376,0.5192749731892463,0.5204346079591996,0.5215166525474019,0.522527610263738,0.5234730821236836,0.5243582611470597,0.5251880750600926,0.5259657117278432,0.5266955011621839,-2.0,0.5280253825240997,-2.0,0.529200331254944,0.5297361623569935,0.530240318706381,-2.0,0.5311615435444912,0.5315820134452526,0.5319781967395522,0.532350267165664,0.5327006645248039,0.5330304011500379,-2.0,0.533631299289729,0.5339049498796136,0.5341617008631342,-2.0,-2.0,0.5348369553339932,0.5350332076643528,0.5352162905079366,0.5353857992487199,-2.0,0.5356888245359962,-2.0,0.535945777166464,-2.0,0.536159365314155,-2.0,0.5363322420254305,0.5364040513263943,-2.0,0.536519427946503,0.5365633352354083,0.5365982438335715,0.5366243901399669,0.5366417954262208,0.5366502030213439,0.5366497779888664,-2.0,-2.0,-2.0,0.53656230524516,0.5365190143690315,0.5364664177895292,0.5364047473064656,-2.0,0.5362543413549816,0.536165227374762,0.5360667774826205,0.5359583845649912,0.5358398945240603,0.5357111524988268,0.5355720507005681,-2.0,0.5352613776937876,-2.0,0.5349047940457945,0.5347081087142104,-2.0,0.5342769851417309,-2.0,-2.0,0.5335275025751728,0.5332485547402259,-2.0,-2.0,-2.0,-2.0,-2.0,0.5312189081076925,-2.0,-2.0,0.5299431340196289,-2.0,-2.0,-2.0,0.5279181476859072,0.5273469244235668,-2.0,-2.0,-2.0,-2.0,-2.0,-2.0,-2.0,-2.0,-2.0,0.5198411319765526,-2.0,-2.0,0.5168038259873702,-2.0,-2.0,0.5133074453495621,0.5120285760660872,0.5106885433964241,-2.0,-2.0,0.5062720485508433,-2.0,-2.0,0.5011931157747631,0.49933637459881003,-2.0,-2.0,-2.0,-2.0,-2.0,-2.0,-2.0,-2.0,-2.0,-2.0,0.4720578363884781,-2.0,0.4654226956742025,0.46186723608585195,0.4581431699221127,0.45424242566306317,0.45015673906919285,-2.0,-2.0,-2.0,-2.0,-2.0,0.4212378315374651,-2.0,0.4096695180933175,0.4034709923430466,0.39697876627075973,0.3901787892584232,-2.0,0.37559697493002103,0.36778385950566034,-2.0,-2.0,-2.0,0.3326497539081357,0.3228017447754812,-2.0,0.30168387714894807,-2.0,-2.0,-2.0,-2.0,0.2394876462664544,0.225225949234848,-2.0,-2.0,-2.0,-2.0,0.14311960053918743,0.12429261266748426,0.10457369106123626,-2.0,0.06228918455727961,0.039633006563644324,-2.0,-0.008950006296171487,-2.0,-2.0,-0.09080063759171031,-2.0,-0.15203414952893812,-0.1848432349093454,-0.21920654503872583,-0.25519768855927805,-0.29289379399566073,-0.3323756088184603,-2.0,-2.0,-0.4624015004831037,-2.0
0.1570290124729377,0.4901860366621663,0.49323007769099203,0.4959795831813538,0.49847638325996046,0.5009192241192827,-2.0,0.5057580836841196,0.5078949223390672,0.5098558450359333,0.5116605164914767,0.513325672073137,0.5148656570800277,0.5162929675930698,0.5176180776150352,0.5188515585187876,0.520074983356657,0.5213382344651843,0.5225587834995824,0.523696648717205,-2.0,0.5257512432520037,0.5266797643528484,-2.0,0.528364081134511,0.5291284664353538,0.5298457517634085,0.5305194677573706,0.5311526142922097,0.5317477657944224,0.5323075047785234,0.5328340811111042,0.533329564709135,0.5337958522313985,-2.0,0.5346479377411497,0.5350364759225058,0.5354020286506999,0.5357465280438329,0.5360694845334522,0.536373171572378,0.5366586932528594,0.5369264342286182,0.5371773670675045,0.5374125544121715,0.5376321807290895,0.5378374445520892,-2.0,0.538206881575514,-2.0,0.5385245862802377,-2.0,0.5387949096228677,0.5389129500305765,0.5390207151936763,0.539117374906538,-2.0,-2.0,0.5393482037129961,0.5394056228452329,0.5394536565681528,0.5394925516481034,0.5395224219780743,0.5395434366762082,0.5395553551120943,0.5395583891714878,-2.0,-2.0,0.5395152080137128,-2.0,0.5394416762358913,-2.0,-2.0,0.5392640167756277,-2.0,-2.0,0.5390025621749763,-2.0,-2.0,0.5386523951499417,0.5385148805051295,0.5383665070630241,0.5382069637051136,0.5380361186342049,-2.0,-2.0,0.5374499781763475,0.5372291642707463,0.5369944857702591,0.5367458671219213,-2.0,0.5362042373087624,-2.0,0.5356002753849756,-2.0,-2.0,-2.0,-2.0,-2.0,-2.0,-2.0,-2.0,-2.0,0.5314267073309836,-2.0,-2.0,0.5297132717013078,-2.0,-2.0,-2.0,-2.0,-2.0,0.5254462918272477,-2.0,0.523730857252723,0.5228103745027763,-2.0,-2.0,-2.0,-2.0,-2.0,0.5162782394850953,0.5149995921754329,-2.0,-2.0,0.5107849717698774,-2.0,-2.0,-2.0,-2.0,-2.0,0.5003638679088653,0.49832638710038346,-2.0,-2.0,0.49161404331235287,-2.0,-2.0,-2.0,0.48107898603597254,-2.0,0.4750315552747718,0.47179094469396265,-2.0,-2.0,0.4611171838803525,-2.0,-2.0,-2.0,-2.0,-2.0,0.4347572890874122,0.42960689196599894,-2.0,-2.0,0.41264415468562327,-2.0,-2.0,0.39315354792756374,0.3860314278216209,0.37857181363233855,-2.0,0.36257543521293106,-2.0,-2.0,-2.0,-2.0,0.31546222773841415,-2.0,-2.0,0.28149272636918166,-2.0,-2.0,-2.0,-2.0,0.21326384599508158,0.1976188841952527,-2.0,-2.0,0.14609489714963825,0.12726789452175657,0.1075490074204698,0.08689596785837578,0.06526453674172183,0.04260837775576831,0.018878935438026656,-0.005974620435516775,-0.03200541982528449,-0.05926959817648758,-0.08782521482427275,-0.11773355320892165,-0.14905846126986255,-0.18186776867562038,-2.0,-2.0,-0.28991831110854704,-0.32940012380520867,-2.0,-0.41406325300492575,-0.4594259962428551,-2.0
0.15255171185405977,0.49066605164100746,0.49395001920200005,0.4969051931146156,0.49957827669253424,0.5020265592777435,0.50449257384722,-2.0,0.5092490857950197,0.5113342219243214,0.5132491802270283,0.5150128574909928,0.5166415547926171,0.518148140036527,0.5195454214305163,0.5208434079874654,0.5220607569672915,0.5232946603624142,-2.0,0.525755608355793,0.5268719137764823,0.5279142196664378,0.5288884586407188,0.5298001001480326,0.5306540376018292,0.5314543510638449,0.5322051431626312,0.5329099402561431,0.5335719115433718,0.5341939487527423,0.5347787582899521,0.5353289740607032,0.5358462136778946,0.5363329109251219,0.5367909957650752,-2.0,0.5376275211775677,0.5380091480169026,0.5383681905324771,0.5387051301892152,0.5390221801113241,0.5393199680560681,0.539599682083504,0.5398615367024369,0.5401072684760557,0.5403367315537199,0.5405513209550636,-2.0,-2.0,-2.0,0.5412709642973923,0.5414188714698188,0.541555075176509,0.5416794673420352,0.5417929081331283,0.5418959009784865,0.5419877165491465,0.5420697941111132,-2.0,-2.0,-2.0,0.5422994865755616,0.5423335317641648,0.5423583528433811,0.5423736393295098,-2.0,0.5423776356922297,0.5423665591808802,0.5423458055610402,0.5423164119729112,-2.0,-2.0,0.5421738810432725,-2.0,-2.0,0.5419473979343608,-2.0,0.541748056406086,-2.0,0.5415077600668357,-2.0,-2.0,-2.0,0.5408976122813588,-2.0,-2.0,0.5403152992151998,-2.0,0.5398624800229651,-2.0,0.5393523188015102,-2.0,-2.0,-2.0,-2.0,0.5378005791802488,-2.0,0.5370550335016266,0.5366524802018691,-2.0,-2.0,-2.0,-2.0,0.5343059977051933,-2.0,-2.0,-2.0,-2.0,0.5313064105433406,-2.0,-2.0,-2.0,0.5283295164793337,-2.0,-2.0,-2.0,-2.0,-2.0,-2.0,-2.0,0.5203840229325651,-2.0,-2.0,-2.0,0.5151423525398214,-2.0,0.51213068011607,-2.0,-2.0,-2.0,-2.0,-2.0,-2.0,-2.0,0.496844217687216,0.49450224139520277,0.4920489629467186,0.48947914452600305,-2.0,-2.0,-2.0,-2.0,-2.0,0.47128559558345756,-2.0,-2.0,0.4601057640074766,-2.0,-2.0,-2.0,-2.0,-2.0,-2.0,0.4271020236589945,-2.0,-2.0,0.409335635937606,-2.0,-2.0,-2.0,0.38146178500661826,0.3736487355277462,0.3654654875054439,-2.0,0.34791735819316827,0.3385149003956757,0.3286669406831645,0.31835240464282144,0.30754918774710716,0.2962341298120707,0.2843830033496606,0.2719704240728978,-2.0,-2.0,0.2310915237765922,0.2161542238871273,-2.0,-2.0,0.16696077575845142,-2.0,-2.0,-2.0,-2.0,0.06815504087921742,-2.0,0.021769467025725242,-2.0,-2.0,-2.0,-2.0,-0.11484280891808774,-0.14616804768795633,-2.0,-0.21334046143482555,-2.0,-2.0,-2.0,-2.0,-0.4111726133340958,-2.0,-2.0
0.14820207057988583,0.49088022128506337,0.4944307058096965,0.4976142861397279,0.5004834918460455,0.5030824809967379,0.5055081180227162,0.5079986353704753,0.5104292188733601,0.5126493352031695,0.5146839895739412,0.5165541176855413,0.5182777309494523,0.5198698615401255,0.5213441338203124,0.5227119404512892,0.5239830990318707,0.5251940010340562,0.5264393932406886,0.5276939075468803,0.5288677054268851,0.5299626725152649,0.530985434002666,0.5319415927451835,0.5328365062973394,0.533674820657951,0.5344610058497965,0.5351981517561024,0.5358905217932056,0.5365406471464093,0.5371522569060675,0.5377263143835397,0.5382664302979632,0.5387745227557185,0.5392526153303889,0.5397023025744145,0.5401254404183798,0.5405234485977822,0.5408981694401576,0.5412500728880536,0.541580677321042,0.541891565304909,0.5421831680402385,-2.0,0.5427130837758403,0.5429528042792889,0.5431770322040795,0.5433866873901053,-2.0,0.5437626274432089,-2.0,0.5440855989921175,0.5442285746827213,0.5443597079311819,-2.0,-2.0,-2.0,0.5447729569169203,0.5448501677105512,0.5449169139187973,0.5449740427606328,-2.0,0.5450598314082715,0.5450881027835068,-2.0,0.5451173720278027,-2.0,0.5451100887081047,0.5450926641818928,-2.0,0.5450306644970182,0.544985603905863,-2.0,0.544867688240031,0.5447945065825136,-2.0,0.5446189893341618,-2.0,0.5444032198726039,-2.0,0.5441459357583877,0.54400035616331,0.5438438286350901,0.5436756533464078,-2.0,0.5433029132594387,-2.0,-2.0,-2.0,0.5424002419074044,-2.0,-2.0,0.5415703300385801,-2.0,-2.0,0.5405918689784047,0.5402295369664778,0.5398478579971493,0.5394460160780103,0.5390231527781271,-2.0,-2.0,-2.0,0.537102833311922,-2.0,-2.0,-2.0,-2.0,-2.0,-2.0,-2.0,0.5319282344831362,-2.0,0.5302934926749802,-2.0,0.5284962977627201,-2.0,-2.0,0.5254615603145271,-2.0,-2.0,-2.0,-2.0,0.5193498334145397,-2.0,0.5164758543202819,-2.0,0.5133208278483788,-2.0,-2.0,-2.0,0.5060567875821278,0.5040195932084462,-2.0,0.49964993462911034,0.4973080395739747,0.49485489837418717,-2.0,-2.0,0.48677387677330386,0.4838204485621106,-2.0,-2.0,-2.0,0.4705369965450014,-2.0,0.46291264044596747,-2.0,-2.0,0.4500658482708611,0.4453712313228322,0.44045404735512184,0.43530376593339176,0.42990934649939017,0.4242592363741659,0.41834133026133885,0.41214294935502804,-2.0,-2.0,0.3917289652567496,0.38426942966831595,-2.0,0.36827319718492085,0.35970222137776325,0.35072513591727494,0.341322707089821,0.33147478960913057,0.3211602866935942,0.3103571182904208,-2.0,0.2871909607361799,0.274778388209409,0.2617777536087091,0.24816156908375814,-2.0,0.21896229312789656,-2.0,0.18693126782634284,0.16976889712287174,-2.0,0.13296651195338327,-2.0,-2.0,0.07096323976141694,0.04830710031446006,0.024577688559983657,-0.0002758468028306593,-2.0,-0.05357078408998028,-2.0,-0.11203469924811715,-0.14335983234795335,-2.0,-0.21053217368791988,-2.0,-2.0,-2.0,-0.36505327053965264,-0.4083642842397972,-0.45372700028672375,-2.0
0.143976448754488,0.49098769984283,0.4946553755372221,0.49809437459454436,0.5011812497337761,0.5039674013298358,0.5064943465477973,0.5089239732408151,0.5114291460992266,0.5137965451508213,0.5159608816203725,0.5179461992701133,0.5197721726257029,0.5214564337129233,0.5230133460407178,0.5244559638301188,0.5257944554230253,0.5270392060452993,0.5282541859125678,0.5295112818012219,0.5307462315517757,0.5318970466941507,0.5329709345034661,0.5339744149153852,0.5349127691508049,0.5357910722950836,0.536613783907484,0.5373854444614082,0.5381096398837509,0.5387894515704497,0.5394278879056582,0.5400281194517962,0.5405920530499436,0.5411228562781959,0.5416215362026958,0.5420908603432112,0.5425323461089797,0.5429476882592704,0.5433382526440588,0.5437054987291431,0.5440501818257739,0.5443745464483073,0.5446787013450073,0.5449641751311032,0.545232208695462,0.5454824412876589,-2.0,0.5459358584532228,-2.0,0.5463293685933902,0.5465050181606911,-2.0,0.5468179767786748,0.5469559517579856,0.5470820166707813,0.5471970257808504,-2.0,0.5473930621310786,0.5474750880550008,0.5475470041175107,0.5476089492829326,-2.0,0.5477029747973527,-2.0,0.5477588422588986,0.5477723841077227,0.5477767433842167,-2.0,0.5477578154875198,0.5477342141318782,0.547701481521948,-2.0,0.5476073143818476,0.5475463445736976,-2.0,0.5473946200963717,0.5473040257340088,-2.0,0.5470922282540875,-2.0,-2.0,-2.0,-2.0,0.5463729601052367,-2.0,-2.0,0.5457989688768373,-2.0,0.5453505401366543,-2.0,0.5448451055066997,-2.0,-2.0,0.5439705217894417,0.5436454895480747,0.5433025791916317,-2.0,-2.0,0.5421590432752204,-2.0,-2.0,-2.0,-2.0,-2.0,0.5392769102021752,-2.0,-2.0,0.5374827136901009,-2.0,0.5361333750194703,-2.0,0.5346481345397075,-2.0,-2.0,-2.0,-2.0,-2.0,0.5292431893501303,-2.0,-2.0,0.5259100323782724,0.5246905514453677,-2.0,0.5220734431198472,-2.0,-2.0,0.5176593376630351,-2.0,-2.0,0.5125824833782338,0.510726378011513,-2.0,-2.0,-2.0,0.5023754312835491,-2.0,-2.0,0.4950110960281774,-2.0,-2.0,-2.0,-2.0,-2.0,0.47681872954349686,0.4732635963588157,-2.0,-2.0,0.46155400417402026,0.45727486876353113,0.4527928321954669,-2.0,0.4431811524611874,0.4380309414877908,0.4326365672730832,-2.0,-2.0,-2.0,-2.0,-2.0,-2.0,-2.0,0.3791840077004958,-2.0,-2.0,-2.0,0.34405043694055265,-2.0,-2.0,-2.0,-2.0,0.28991882782959344,-2.0,-2.0,0.25088915178456445,0.23662753187244284,0.22169027245661127,0.20604536753719133,-2.0,-2.0,-2.0,0.1356945872629024,0.11597574407035538,-2.0,-2.0,-2.0,-2.0,0.0024523180932974897,-0.023578577871207096,-0.05084259439867256,-2.0,-2.0,-0.1406316205035545,-0.1734406594781438,-2.0,-2.0,-0.28149112264081844,-2.0,-2.0,-0.4056360205086058,-0.4509987182176244,-0.4985103167102293
0.13987131026472382,0.49109287396324364,0.49467897893820423,0.4983302445060891,0.5016596318435012,0.504653098369977,0.5073589602806786,0.5098233709346607,0.5122763851752627,0.5147702868495089,0.517075994848917,0.5191863570919562,0.5211230146753018,0.5229061644422927,0.5245518229623412,0.5260740344217447,0.5274850203208264,0.5287952467106581,0.5300174403735796,0.53124338876512,0.53250749767609,0.5337177331519425,0.5348458808911388,0.5358989495451484,0.536883003884752,0.5378035316821995,0.5386654802013295,0.5394731699860871,0.5402305872544039,0.5409413813580645,0.5416087647133426,0.5422357835816468,0.5428250888043671,0.5433787821615582,0.5438994606415077,0.5443892657360971,0.5448497933192119,0.5452830724394556,0.545690267550732,0.5460734615707676,0.5464331561799846,0.5467715511405613,0.5470889703506836,0.5473868667080625,0.5476659547184612,0.5479277087424633,0.5481725034235291,0.5484010443044188,0.5486140454436997,-2.0,-2.0,0.5491673340637494,0.5493251067145961,-2.0,-2.0,0.54972373072881,-2.0,0.5499320362780847,0.5500196356163919,0.5500965272022771,0.5501633794138997,0.5502198054426263,-2.0,0.5503031020852054,0.5503300331696849,0.5503474752953633,-2.0,0.5503538669974729,0.550342866547962,-2.0,-2.0,-2.0,-2.0,-2.0,-2.0,0.5499985672110278,0.5499101464249612,-2.0,-2.0,-2.0,0.5494519745515271,-2.0,-2.0,0.5489916825429757,-2.0,0.5486246290659342,-2.0,-2.0,-2.0,-2.0,-2.0,0.5471984641005109,0.5469082270969683,0.5466012663150834,-2.0,-2.0,-2.0,0.5451943106933999,0.5447939630562724,0.5443725237196058,-2.0,-2.0,0.5429724015127901,-2.0,0.5419156992512854,-2.0,-2.0,0.5401230657820373,0.5394653683719611,-2.0,-2.0,-2.0,-2.0,-2.0,0.5347805076314566,0.5338613328290613,-2.0,-2.0,0.5308284361926464,-2.0,-2.0,-2.0,0.5260581819304659,0.5247192614146696,0.5233162482904441,0.5218461436208384,-2.0,-2.0,-2.0,0.515229499660002,-2.0,-2.0,-2.0,-2.0,0.5050232245048394,-2.0,-2.0,0.4976592749611627,0.4949677570666988,0.49214840960357,0.4891951961317157,0.4861017801825195,0.4828615402356956,-2.0,0.4759124929601423,-2.0,-2.0,0.4642031423208217,-2.0,-2.0,-2.0,-2.0,0.44068040224541266,-2.0,-2.0,0.42371831439297863,-2.0,-2.0,0.4042282576605568,0.3971063100984221,0.389646851663413,-2.0,0.37365079941303686,-2.0,0.3561028580797163,0.3467004953983858,-2.0,-2.0,-2.0,0.3044200871771779,0.2925690306842973,-2.0,-2.0,-2.0,-2.0,0.224340592327903,0.20869570500173779,-2.0,-2.0,-2.0,0.13834499692914803,-2.0,0.0979731901032394,0.07634181098242132,-2.0,0.02995631456393688,0.00510281035323501,-2.0,-0.04819208427585375,-0.07674764013481317,-0.10665595468469902,-2.0,-0.17079010926048432,-0.20515337269410716,-0.24114446975871573,-0.27884052837999085,-2.0,-2.0,-0.4029854063266505,-0.44834810763999666,-0.4958596772739552
0.13588321982112225,0.4910538248531527,0.4946919926642855,0.49831621772038953,0.5019047896051905,0.5051288303805253,0.5080324199161385,0.5106604162425845,0.5130895025219117,0.5155679552005383,0.5180237331713724,0.5202694487129708,0.5223266386101377,0.5242164455932719,0.5259575604618342,0.5275657231948954,0.5290537430878367,0.5304339186789992,0.5317161383324589,0.5329263308197747,0.5341641113021338,0.5354244156791227,-2.0,0.5377159239508649,0.5387485102825413,0.539713483560983,0.5406164709281097,0.5414621191730106,0.5422546953253277,-2.0,0.5436961599012945,0.5443508341372272,0.5449662043444138,0.5455443726694085,0.5460879396132626,0.5465990451950299,0.547079610220974,0.5475315026948389,0.5479564430097624,0.5483558667525951,0.5487312215961545,0.5490837749693499,0.5494149453128762,0.5497257284436651,0.5500171536043733,-2.0,0.5505456601659378,0.5507845347167724,0.5510072316491998,0.5512151013706922,0.5514076939731197,0.5515864470600219,-2.0,0.551904107481109,0.5520443078005509,0.552171362769999,0.5522870472240354,0.5523915622599577,0.5524846925528618,0.552566891676031,0.5526386798269403,-2.0,-2.0,0.5527920935425411,0.5528232495641906,0.5528446743853735,-2.0,0.5528581938291306,0.5528506923404125,0.5528333207700252,0.5528065474667075,-2.0,0.5527235087962652,-2.0,-2.0,-2.0,-2.0,-2.0,0.5522358422973623,0.5521178904402553,0.5519890731266726,-2.0,0.5516974975311598,0.5515338138021723,-2.0,-2.0,0.5509687923191098,-2.0,0.5505256416735281,-2.0,0.5500242230255781,0.5497509537430081,0.5494616767374678,-2.0,-2.0,0.5484914711606934,0.5481316411293898,0.5477523479512737,-2.0,-2.0,0.546489719310156,0.5460236685281522,0.5455340011349501,0.5450193132167033,-2.0,0.5439104178843233,-2.0,-2.0,-2.0,0.541340240249496,0.5406160316472706,-2.0,0.5390597756547107,-2.0,0.5373479025416318,-2.0,0.5354657456185348,-2.0,-2.0,0.5322874610060224,-2.0,-2.0,0.5286279794571977,-2.0,-2.0,0.5244166357828652,0.5228764984230009,0.5212628083381533,0.5195721770080797,-2.0,0.515945172344181,0.5140008600959176,-2.0,-2.0,-2.0,-2.0,0.5028010765131741,-2.0,-2.0,-2.0,0.49176801073094434,-2.0,-2.0,0.48204065543553193,-2.0,0.47476209231877087,-2.0,0.4667766063254084,-2.0,-2.0,-2.0,-2.0,0.4432542068846104,0.43785996497043367,-2.0,0.42629227492728855,0.4200940451835411,0.4136020516629367,0.4068023859958879,-2.0,0.39222112104752344,0.38440818119565473,0.37622507502297803,-2.0,-2.0,-2.0,-2.0,0.32911266575607767,0.31830955706709596,-2.0,-2.0,0.28273109188571727,-2.0,-2.0,-2.0,-2.0,-2.0,-2.0,-2.0,-2.0,-2.0,0.12120094694495032,0.10054800657244939,-2.0,0.05626053356342464,-2.0,-2.0,-0.01835319712038741,-0.04561720393824398,-0.07417275714311433,-2.0,-0.1354061497598552,-2.0,-0.20257839002007338,-0.23856953622224575,-0.27626558171326854,-2.0,-2.0,-0.40041043248862696,-2.0,-0.4932846983490794
0.1320088400831418,0.4907264386813474,0.494657169687261,0.49823801739393686,0.5018999739915183,0.5053817461995681,0.5085045291095458,0.5113212462329152,0.5138741687925318,0.5162961170391084,0.5187980873727422,0.5211917915009783,0.5233792285018075,0.5253847901003975,0.5272286822803282,0.5289287469446231,0.5304997875672928,0.5319549995716712,0.5333046185141154,0.5345593131780886,0.535768494905763,0.5370186344510425,0.5382640877065145,0.5394258391179262,0.5405094634248417,0.541521605948587,0.5424679492898293,0.5433535539465255,0.5441836397903913,0.5449609021278077,0.5456901688186212,0.54637465586495,0.547017397506086,0.5476213293618765,0.548188755119018,0.5487220301655862,0.5492234565519514,0.5496948978756218,0.5501380698810561,0.5505546148599956,0.5509460640255304,0.5513139849985843,0.5516592444575213,0.5519837055532616,0.5522874493387285,0.5525723695112924,0.5528392651920342,0.5530884671310871,-2.0,0.5535382205616269,-2.0,-2.0,0.5541004775908407,0.5542603052529338,0.5544074439793265,0.5545414775845837,0.5546639136276565,0.5547740651251923,0.554873097081683,0.554961017182852,0.5550377402987264,-2.0,0.5551598621660565,0.5552058087172439,0.5552408357794273,-2.0,0.5552816472220903,0.5552875541494043,0.5552830013167077,-2.0,0.5552454502634038,-2.0,0.555168007384894,-2.0,0.5550516301283288,0.5549776278330456,0.554893768796806,-2.0,0.5546944949885328,0.5545786765662841,0.5544518516087402,-2.0,0.554163569675045,0.5540016913419229,-2.0,-2.0,0.553440767966095,-2.0,0.5530000611997632,-2.0,-2.0,0.5522295046426969,0.5519413001766107,0.5516364255495467,-2.0,-2.0,0.5506150677622265,-2.0,0.5498378558999919,-2.0,-2.0,0.5485109410740787,0.5480223445048807,-2.0,-2.0,-2.0,-2.0,-2.0,-2.0,0.5438318429731653,-2.0,0.5423495182019182,-2.0,-2.0,-2.0,0.5389233471532343,-2.0,-2.0,-2.0,-2.0,-2.0,-2.0,-2.0,0.5297859277422415,0.5283833855591933,0.526913728617814,-2.0,-2.0,-2.0,0.520298681100722,-2.0,-2.0,-2.0,-2.0,-2.0,-2.0,-2.0,-2.0,0.5000400930567389,-2.0,-2.0,-2.0,-2.0,-2.0,-2.0,0.47726207291383604,-2.0,-2.0,-2.0,0.46051601501808065,0.45582167091069736,0.45090474674604164,0.44575471190729227,-2.0,0.43471064860273206,-2.0,0.4225947814990013,-2.0,0.4093032228505681,-2.0,0.3947220020427364,0.38690916916877854,-2.0,0.37015526010883554,-2.0,-2.0,-2.0,0.33161412999736717,0.32081080125729466,0.3094958635671719,0.29764486503886955,0.285232398238825,0.27223186312773634,-2.0,-2.0,0.22941666978158043,-2.0,-2.0,0.18022351291668465,-2.0,0.14342126894971985,0.12370246428597576,0.10304951843510896,-2.0,0.05876210014287708,-2.0,0.010179253847494185,-2.0,-0.043115581559688865,-0.07167096028899689,-0.10157940931079024,-0.1329045057741236,-0.16571352043975085,-0.20007675470717157,-0.2360678555986766,-0.2737638768535484,-0.3132456699829198,-2.0,-2.0,-0.4432714118583825,-0.49078298317471614
0.1282449288663947,0.49008209758488025,0.4943690214010759,0.49815872858437577,0.5017337270939606,0.505396325926061,0.5087641085514543,0.5117889665457297,0.5145224502412691,0.5170039063247982,0.5194454988299464,0.5219470196500408,0.5242763875560134,0.5264070537959475,0.5283622650185834,0.5301615206709566,0.5318215866960152,0.5333563810704328,0.5347786608387209,0.5360988648010787,0.5373272165929411,0.5385460512178841,0.5398072676196738,0.5410282883988279,0.5421662735565631,0.5432281808126493,0.544220263366109,0.5451481846657698,0.5460165443270252,0.5468300701653431,0.5475928950345896,0.5483083076770827,0.5489798990602671,0.5496105055853123,0.5502029454776571,0.5507596143055076,0.5512828289916434,0.5517745972317668,0.552236700433725,0.5526711738869445,0.5530794096043679,0.5534629739643746,0.5538232428026647,0.5541612868699204,0.5544785354483364,0.5547757731594813,0.5550540353736767,0.5553148502712476,-2.0,0.5557842616854248,-2.0,0.5561913260261336,-2.0,0.5565408827271496,0.5566947505082933,-2.0,0.556964970163063,0.5570816080994649,0.5571868066884257,0.5572802668246253,0.5573624999692849,0.5574338239779774,-2.0,-2.0,0.5575843900294672,0.557613911412323,0.5576333886760455,0.5576423107115448,0.5576420110948227,-2.0,-2.0,0.5575799298714285,-2.0,-2.0,-2.0,-2.0,0.5572754455907373,0.5571834043578667,0.5570806088211505,0.5569670862378933,0.5568419004712516,-2.0,-2.0,-2.0,-2.0,0.556039317085868,0.5558408819934871,0.5556288964147911,-2.0,-2.0,-2.0,0.5546359920523855,0.5543488893589977,0.554045062336781,0.5537238645485099,-2.0,-2.0,0.5526489955186057,0.5522510621746373,0.5518322565427496,0.551390689969486,-2.0,-2.0,-2.0,0.5493851191328732,0.5488182062031306,0.5482227438285198,0.5475974582297285,0.5469410090580035,0.5462519922618195,-2.0,0.5447702770113149,0.5439744066986616,0.5431396152030917,0.5422641104186943,-2.0,-2.0,0.5393741266345078,-2.0,0.5372070214429132,-2.0,-2.0,0.5335492101603123,-2.0,-2.0,-2.0,0.5277996165384253,-2.0,-2.0,0.5227250983672139,0.5208697045595846,-2.0,0.5168894937300552,-2.0,-2.0,0.5101801218772932,-2.0,-2.0,-2.0,0.49964842643506624,-2.0,0.4936024609950247,-2.0,-2.0,-2.0,-2.0,-2.0,0.47170547955282094,-2.0,0.4629449008704483,-2.0,-2.0,-2.0,-2.0,0.4371398680837622,-2.0,-2.0,-2.0,-2.0,0.4046108461093526,-2.0,-2.0,-2.0,-2.0,0.3636080268412887,-2.0,0.3443580098331471,0.33404365262652047,0.3232406132609853,0.31192572515285316,0.30007478952231803,0.2876623189994357,-2.0,-2.0,0.2467838671474129,0.2318466908759756,0.21620186268212177,0.1998159208572473,-2.0,-2.0,0.14585138114970475,0.126132597380891,0.10547966720777052,0.08384834310587419,0.061192278700559544,0.037462930293354346,-2.0,-0.013421368191850247,-2.0,-2.0,-0.09914902772148926,-0.1304742385371067,-2.0,-0.19764645079997212,-2.0,-2.0,-2.0,-2.0,-0.3954783813911783,-2.0,-2.0
0.12458833642950079,0.48912348235506625,0.4937815221054704,0.49790629648466905,0.50157045885209,0.5051811553213926,0.5087955135896901,0.5120530416350106,0.5149847493835951,0.5176367201069948,-2.0,0.5225401103808068,0.5250127596292145,0.5272796874458759,0.529355215062079,0.5312615014232601,0.5330171045415736,0.5346378428063003,0.5361373903617327,0.5375276495804403,0.5388187922601193,0.5400300075817295,0.5412609080762157,0.542523570641733,0.5437191099509565,0.5448337777330213,0.5458742828652198,0.5468465623870452,0.5477559377996881,0.5486073707563773,0.549405206477149,0.5501534111754303,0.5508551658609965,0.5515136291741091,0.5521321463896447,0.5527131667439101,0.5532591833290683,0.5537721718428747,0.5542542298171087,0.5547074766600487,0.5551332336911079,0.555533047446268,0.5559088903074327,0.5562614873463574,0.5565920895370173,0.5569023008032692,0.5571927057593731,0.5574642979493648,0.5577182059347953,0.5579553056925387,0.55817604717706,-2.0,-2.0,0.5587466520946683,-2.0,0.559057492523779,0.5591931001679804,0.5593165292961115,0.5594272225037439,-2.0,-2.0,0.5596909546092922,0.5597566619159969,0.5598114350303811,-2.0,-2.0,0.5599136121790019,-2.0,0.5599291152893603,0.5599219896885618,0.5599047414612167,0.5598773634221587,-2.0,-2.0,0.5597342546883207,-2.0,0.5595865077161674,-2.0,0.5593962479903904,-2.0,-2.0,0.5590272976366881,0.5588810609785989,-2.0,0.5585517826942793,0.5583681270715435,-2.0,0.5579605005188393,-2.0,-2.0,-2.0,-2.0,-2.0,-2.0,-2.0,0.5557254852362637,-2.0,0.5549917043789919,-2.0,0.5541763028601091,-2.0,-2.0,-2.0,0.5522719777293672,-2.0,-2.0,-2.0,-2.0,-2.0,0.5486031001866428,-2.0,-2.0,-2.0,-2.0,-2.0,-2.0,-2.0,-2.0,-2.0,0.5395617253157281,-2.0,0.5371814022803063,0.5359047588376182,-2.0,-2.0,0.5316956203360079,-2.0,-2.0,-2.0,-2.0,-2.0,-2.0,-2.0,-2.0,0.5148793242888666,-2.0,-2.0,-2.0,-2.0,-2.0,-2.0,-2.0,-2.0,-2.0,-2.0,-2.0,-2.0,-2.0,-2.0,0.46530460883401853,-2.0,-2.0,-2.0,-2.0,-2.0,0.4335823480541933,-2.0,-2.0,0.4140929501673778,0.4069711696902861,-2.0,-2.0,-2.0,0.374945417389093,-2.0,0.3565663351310066,-2.0,0.3364043015386676,0.3256012945782333,-2.0,0.30243554404151485,-2.0,-2.0,0.26340620781867413,-2.0,0.23420756746393484,-2.0,-2.0,-2.0,0.16703922308335367,-2.0,-2.0,-2.0,-2.0,-2.0,-2.0,-2.0,-0.011060285440509743,-0.038324247422599544,-0.06687977044647764,-2.0,-0.12811309437717566,-2.0,-2.0,-2.0,-0.2689724204544387,-0.3084531875328168,-2.0,-2.0,-2.0,-0.48599060996628396
0.12103600283829954,0.48812983337748167,-2.0,0.4973706085281881,0.5013414173332309,0.5049309592945522,0.5085831893746607,0.512099995293239,0.5152521834993271,0.5180941577647316,0.5206677646222655,0.5230862614563667,0.5255818308447746,0.5279970853387186,0.5302034244884793,0.5322254471503588,0.5340841030826617,0.5357970400684612,0.5373794958252097,0.5388444862145165,0.5402033674926222,0.5414660150841922,0.542671707165416,0.5439155314916767,0.5451676121863972,0.546338137295955,0.5474297356012324,0.5484490360769837,0.5494018365997715,0.5502932068603895,0.5511278323201922,0.5519099627245282,0.5526434244914972,0.553331547377617,0.5539775096138435,0.5545839965984972,0.5551540918062526,0.5556893296312301,0.5561918137625015,0.5566643564489481,0.5571083335749547,0.5575254628156339,-2.0,0.558284833990097,0.5586297613192522,0.5589531282445538,0.5592564652479156,0.5595398401849971,0.5598049335573964,0.5600522026740498,-2.0,0.5604974629007371,0.5606966939727217,0.5608804698418558,0.5610506623568282,-2.0,0.5613491620716741,0.5614793099243603,0.5615966097459816,0.561701984470146,0.5617956119824209,0.5618779325279922,-2.0,-2.0,-2.0,-2.0,0.5621229259568746,0.562140276658162,-2.0,-2.0,0.5621297470426744,0.5621055504729802,0.562071014001484,0.5620262001772476,0.5619709384442702,0.5619051361330055,-2.0,0.5617417049493187,0.5616431291448069,0.5615338775994242,0.5614128504635677,-2.0,0.5611361456761423,-2.0,-2.0,-2.0,0.5604327161822793,-2.0,-2.0,-2.0,0.5595097366147035,0.559241162556956,-2.0,-2.0,-2.0,-2.0,0.557642248541937,-2.0,0.5568702853567199,-2.0,-2.0,-2.0,0.5550634854167383,0.5545514564811526,-2.0,0.5534475178279787,-2.0,-2.0,-2.0,-2.0,0.5501636605501422,0.5494059462062236,0.5486109715751498,-2.0,0.5469023474830778,-2.0,0.545023140352657,-2.0,-2.0,0.5418488141853691,-2.0,-2.0,-2.0,-2.0,-2.0,-2.0,-2.0,0.5308323519694895,0.5291424789947277,-2.0,-2.0,0.5235734850070415,-2.0,-2.0,-2.0,-2.0,-2.0,0.5098080476156681,-2.0,-2.0,0.5013457964411938,-2.0,-2.0,0.49161973208229387,0.48806517269025745,-2.0,0.4804420528638148,-2.0,0.4720784858225943,0.4675969003954122,-2.0,-2.0,-2.0,0.44744225996650466,0.4417925613535288,0.43587504960620876,-2.0,0.4231853012260319,-2.0,0.4092640913499649,-2.0,0.3939921602336008,-2.0,0.3772385207715177,0.36826170005880654,0.35885951939115696,-2.0,0.3386975574232802,-2.0,-2.0,-2.0,0.2923164808322107,-2.0,-2.0,-2.0,-2.0,0.22085628349290726,0.20447031186905162,-2.0,-2.0,-2.0,0.13078720769611518,-2.0,0.08850301464918198,0.06584698075978568,0.04211767289081436,0.017264227457315484,-0.008766583342675993,-2.0,-0.06458603953908282,-0.09449428335347121,-0.1258193418334509,-0.15862833389920528,-0.19299155117308686,-0.2289826083757147,-2.0,-0.30616035520519147,-0.3475124121943771,-0.3908233668654354,-0.4361860323755983,-0.4836975760759823
0.11758495540521567,0.487124341508167,0.49177622334384524,0.4965231357685415,0.5008530504322772,0.5046774280146056,0.5082467170092353,0.5119145608076597,0.5153125807343122,0.5183638209404089,0.5211184247704131,-2.0,0.526049094407968,0.528553723341867,0.5309022169020547,0.5330497496627616,0.5350197544190345,0.5368320806905709,0.5385033740353979,0.5400484018807643,0.5414797024809527,0.5428079687808338,0.5440426264938785,0.545254591963224,0.5465115947895025,0.547741383788929,0.5488872486179815,0.549956184044461,0.5509546683288762,0.5518883411208804,0.5527619412520778,0.5535799021191044,0.5543464164075224,0.5550653853303175,0.5557400992989656,0.5563732868986222,0.556967946819233,-2.0,0.5580515483319916,0.5585437539132457,0.5590068624810958,-2.0,0.5598500024186882,0.5602334801289547,0.5605930852014489,0.5609306672450043,0.561246612063198,0.561542626048671,-2.0,0.5620773449046648,0.5623182407840578,0.562542434580744,0.5627506325594054,0.5629437244536468,0.5631219359253457,0.5632854716522311,-2.0,0.5635727956991261,0.5636968058788843,-2.0,0.563908071693396,0.5639958937655412,0.5640718422209525,-2.0,-2.0,-2.0,0.5642651023028054,-2.0,-2.0,-2.0,0.5642869445040729,-2.0,0.564234933424672,0.564193219141162,-2.0,-2.0,-2.0,-2.0,-2.0,-2.0,-2.0,-2.0,0.5633247462903596,-2.0,-2.0,0.5628221853972886,0.5626283612517914,-2.0,0.5621989019998986,-2.0,0.5617109027126801,-2.0,0.5611600113372521,-2.0,0.560541691557142,-2.0,-2.0,-2.0,-2.0,-2.0,0.5582245980457665,-2.0,-2.0,-2.0,-2.0,-2.0,0.5550689012633148,-2.0,-2.0,0.5531030924208865,-2.0,-2.0,-2.0,-2.0,-2.0,-2.0,-2.0,0.5462354655669585,-2.0,-2.0,-2.0,-2.0,-2.0,-2.0,-2.0,0.5362076926748884,-2.0,-2.0,-2.0,-2.0,-2.0,-2.0,-2.0,-2.0,-2.0,0.5170543067990179,0.5146022637027461,-2.0,-2.0,-2.0,-2.0,-2.0,-2.0,-2.0,0.49029160115061227,-2.0,-2.0,-2.0,0.4743052901404929,-2.0,-2.0,0.4602131203251357,0.4550633568967229,-2.0,-2.0,-2.0,0.4319044193155519,-2.0,-2.0,-2.0,0.40403246673871723,-2.0,0.3880369057948692,0.3794662495281807,-2.0,0.36108733572260193,0.35123968503803926,-2.0,0.330122497173304,-2.0,0.30695683898187964,-2.0,-2.0,-2.0,-2.0,0.23872917211260275,0.2230844094412318,-2.0,0.18953627010455104,-2.0,-2.0,-2.0,-2.0,-2.0,-2.0,-2.0,0.019492570109949314,-0.006538233919025194,-0.03380217615232217,-2.0,-0.09226589376919914,-2.0,-2.0,-2.0,-2.0,-2.0,-2.0,-2.0,-0.3885948894482616,-2.0,-0.48146909906828195
0.11423230620163467,0.48580414887551043,0.49072114861893074,0.49538653153150886,0.5000705902841046,0.5042322776923395,0.5079204731527613,0.5115199670643801,0.5151514178068413,0.518435681761428,0.5213898653946482,0.5240610472215378,0.5265032659792033,0.5289628832631211,0.5314461744835491,0.5337300719606307,0.5358205845519479,0.5377399512809575,0.5395071148807815,0.5411378935940298,0.5426463960215054,0.54404449155664,0.5453426090814515,0.5465555649042381,0.5477806172913485,-2.0,0.5502465173439872,0.5513682973694961,0.5524148651100823,-2.0,0.5543072217067373,0.5551631988105276,0.5559648014195381,0.5567161814420297,0.5574208759354391,0.5580821875389124,0.5587028736608192,0.5592855192615388,0.5598334403795217,0.5603468524401032,0.5608300969147385,-2.0,0.5617089326979298,0.5621086410957989,0.5624837021926455,0.5628354400754815,0.5631650739356978,0.5634737276835509,0.56376262322967,0.5640321536035876,0.5642839122636105,-2.0,0.5647358204975259,-2.0,0.5651246445400286,0.5652962534216857,0.5654544782674756,0.5655985632468675,0.5657291765995955,-2.0,-2.0,0.5660466224673157,-2.0,0.5661986999007658,0.5662569083019365,0.5663045621595815,0.5663409981818672,0.5663666792349538,-2.0,0.5663852419599354,0.5663790010481368,0.5663613296511423,-2.0,0.5662948112537075,0.5662456847883635,0.566185170849443,-2.0,-2.0,0.565938734841091,0.5658335362796924,0.5657170698239907,0.5655890457755598,0.5654483042919459,0.5652956281745811,0.5651298781745338,-2.0,0.5647591330326939,-2.0,-2.0,0.5640979775913588,-2.0,0.5635817429117633,0.5632993921314928,0.5630000972059784,-2.0,-2.0,-2.0,-2.0,-2.0,0.5608100544561148,-2.0,-2.0,0.5594255261508954,-2.0,-2.0,-2.0,0.5572206996972773,0.5565977512434517,0.5559435294612964,-2.0,0.5545356061540991,0.5537788874562327,0.5529848637808273,-2.0,0.551278011719904,-2.0,-2.0,-2.0,-2.0,-2.0,-2.0,-2.0,0.5425740735053466,0.5412370025783394,0.5398357726193926,-2.0,-2.0,0.535216257401989,-2.0,-2.0,0.5299021191573662,0.5279590672391385,0.5259233958856543,0.5237907447134893,-2.0,-2.0,0.5167641218417321,-2.0,-2.0,-2.0,-2.0,0.5026415911134002,0.49940210691954046,0.49600883339013696,-2.0,0.4887314552609541,0.4848317593842233,0.4807470465228286,-2.0,0.47198714416532955,-2.0,-2.0,0.4572269523855756,-2.0,-2.0,-2.0,0.4340682855463025,0.4275766200081061,-2.0,-2.0,0.40619654593492277,0.3983839344983969,0.3902010860585699,-2.0,-2.0,-2.0,-2.0,0.343089830265774,-2.0,0.32097216770703,0.30912132451516916,0.2967090178172756,-2.0,-2.0,-2.0,0.2408938695538338,-2.0,-2.0,0.19170104638700208,0.17372573195457636,0.15489892411726847,0.1351802119532165,-2.0,-2.0,0.07024010687638138,0.046510813974574794,0.021657410848439973,-0.004373373237167022,-2.0,-2.0,-0.09010097278215712,-0.12142603453095624,-0.15423499752435443,-0.18859818563386987,-2.0,-0.2622852173420869,-2.0,-0.34311896572290823,-0.3864299060754257,-0.43179254867063543,-0.4793040898494778
0.11097524964120718,0.4840659619413874,0.4894985937268852,0.4942413727088617,0.49896351983576215,0.5035093535320715,0.5075116530797906,0.5111108846873509,-2.0,0.5182965073007996,0.5214719125514478,0.5243329487547255,0.5269235502887292,0.5293408732809338,0.5318289746054763,0.5342612851930806,0.5364827020369184,0.5385178662917093,0.5403880038492419,0.5421110545902628,0.5437024960881791,0.5451753348700146,0.5465410796823343,0.5478096731049781,0.5490132714522732,0.5502515263984399,0.5515074220495504,0.552684803402008,0.5537826086791647,0.5548073859819279,0.5557650434935549,0.5566607809482983,0.5574992275419222,0.5582846941809382,0.5590209950326912,0.5597115915733661,0.5603595740750619,0.5609678109013055,0.5615390899442574,0.5620748955460659,0.5625784298658992,0.5630514211776336,0.5634954092290068,0.5639122302740266,0.5643030128116662,0.5646698729449652,0.5650138608670158,0.5653355237721552,0.5656366885037621,0.5659182517971665,0.5661811013835734,-2.0,-2.0,0.566865046187234,0.5670600060636535,0.5672403983270248,0.5674062132136075,0.5675579901367368,0.5676957132393113,-2.0,-2.0,0.568032153426863,0.5681194852122866,-2.0,0.5682589828737049,0.5683114638728851,0.5683524165322277,-2.0,-2.0,-2.0,-2.0,0.5683926501999995,-2.0,0.5683327270222396,-2.0,-2.0,-2.0,-2.0,0.5679906165760489,-2.0,-2.0,0.5676479018946938,-2.0,0.5673583397072866,-2.0,-2.0,-2.0,-2.0,0.5664044086772462,0.566170907112343,-2.0,0.5656574241060145,-2.0,-2.0,0.5647625639614452,-2.0,0.5640754892281028,0.5637026620444687,0.5633092629243144,-2.0,-2.0,-2.0,-2.0,-2.0,-2.0,-2.0,0.5593104315178161,-2.0,-2.0,-2.0,0.5566276820053461,-2.0,-2.0,-2.0,0.5533720310642315,-2.0,-2.0,-2.0,0.5494316204065147,-2.0,-2.0,-2.0,-2.0,0.5433342682209805,0.5419333068780061,-2.0,-2.0,0.5373148493657728,-2.0,0.5338554966383695,0.5320011149875227,0.5300582664672155,0.5280227911339187,0.5258903282413863,-2.0,0.5213159374001579,0.5188642135992794,-2.0,0.5136054302259947,0.5107873019574618,0.5078348606128203,-2.0,0.5015030278355884,-2.0,0.4945556388600764,0.4908327104279506,-2.0,0.48284850183138994,0.4785701090469517,0.47408877756181617,-2.0,0.4644784331468256,-2.0,-2.0,-2.0,0.4423682532445428,0.4361704342635374,0.42967883351126884,0.42287954256361926,-2.0,-2.0,-2.0,0.39230356596091437,-2.0,-2.0,0.36535424946987377,-2.0,0.3451925216594661,0.3343896506776447,-2.0,-2.0,-2.0,-2.0,-2.0,0.25793378435138486,0.24299674037392066,-2.0,-2.0,0.19380403125387896,0.17582877216759302,-2.0,-2.0,-2.0,-2.0,0.07234324379798085,0.04861396476248314,-2.0,-2.0,-0.02953410305194193,-2.0,-2.0,-0.11932279958224223,-2.0,-2.0,-0.22248595505204416,-2.0,-0.29966359880151705,-2.0,-2.0,-2.0,-2.0
0.10781106013205938,0.4821378146401151,0.48788658967808446,0.4930715408629312,0.4977283893878562,0.5024798609716616,0.5068431971113695,0.5106945563139966,0.5142612890310692,0.5179306060371524,0.5213524541204535,0.5244236453059701,0.527195182804887,0.5297083379463685,0.5321323582116875,0.5346373495604677,0.5370009923363406,0.5391617641361443,0.5411432647370973,0.5429657465449033,0.5446457988318346,0.5461986662078987,0.5476365672533158,0.5489707090441351,0.5502106225624458,0.5514173559942562,0.5526695533269765,0.5539059573520783,0.5550578600456099,0.5561322462377241,0.5571354558406075,0.5580733965739102,0.5589504754116762,0.5597717044147437,0.5605412288251705,0.5612624955028642,0.5619390573950439,0.5625740503067355,0.5631696773453498,0.5637290122830749,0.5642542063568927,0.5647472473471082,0.5652103014821536,0.565644768419521,0.5660523633007412,0.5664346843941741,0.5667931260736414,0.5671291859470334,0.5674431028574667,0.5677369152394326,-2.0,0.5682667921232414,0.5685049694596301,0.5687257121560687,0.568930253161199,-2.0,0.5692931415885225,-2.0,0.5695979171680677,0.5697296669842077,0.5698483390970962,-2.0,0.5700473297075367,0.5701284182618692,0.5701975730603666,0.5702549824871418,0.5703012815432378,0.5703356450466772,0.5703589423669766,0.570370761511867,0.5703718508785044,-2.0,0.5703407921308928,0.5703087481806037,0.5702658613098764,0.5702113875785302,-2.0,0.570069230178949,0.5699810109088534,-2.0,0.5697690206785481,0.5696451259679254,0.5695089007199831,-2.0,0.5691985202281006,-2.0,-2.0,-2.0,-2.0,-2.0,-2.0,-2.0,-2.0,0.5670957694761446,-2.0,-2.0,-2.0,-2.0,0.5653322143636342,-2.0,-2.0,0.5640226505325641,-2.0,0.5630298639186802,-2.0,0.5619314986568619,0.5613398225845254,0.5607181464589565,-2.0,-2.0,0.5586594881495577,-2.0,-2.0,-2.0,-2.0,-2.0,-2.0,-2.0,-2.0,-2.0,-2.0,-2.0,-2.0,-2.0,0.5439707445062449,-2.0,-2.0,-2.0,0.5376638629502364,-2.0,-2.0,-2.0,-2.0,-2.0,-2.0,-2.0,-2.0,-2.0,-2.0,-2.0,-2.0,-2.0,-2.0,-2.0,-2.0,-2.0,-2.0,0.4848899625581249,-2.0,0.4761304277352953,-2.0,-2.0,-2.0,0.455977032835971,0.45032761496823565,-2.0,-2.0,-2.0,0.42492184579028447,-2.0,0.41034134071706,-2.0,-2.0,-2.0,-2.0,0.3673970023571899,-2.0,-2.0,-2.0,-2.0,-2.0,0.3008547105102051,0.28785437243554696,-2.0,-2.0,-2.0,-2.0,-2.0,-2.0,-2.0,-2.0,-2.0,-2.0,0.09704238493557205,-2.0,-2.0,0.02580382801593295,-2.0,-2.0,-2.0,-2.0,-2.0,-0.1500884442071201,-0.18445159853102622,-0.22044263178652068,-2.0,-2.0,-2.0,-2.0,-2.0,-2.0
0.10473708979594494,-2.0,0.48591331986646513,0.49157495969012655,0.49652795345638934,0.5011849359940491,0.5058860053102702,0.5100758134233374,0.5137841853291123,0.5173747334619737,0.5210171481923309,0.5243220155859507,0.5272932950671952,0.5299788114208782,0.5324275467528932,0.5348797520909228,0.5373701432826817,0.5396672446649485,0.5417692490647792,0.5436986498512351,0.5454746132166735,0.5471130902476316,0.5486282478521948,0.5500321932925448,0.5513353761383125,-2.0,0.5537699354386039,0.5550313095728743,0.5562405846820845,0.5573673747210529,0.5584191145054757,-2.0,0.560318728699186,0.5611777391954885,0.56198208417951,0.5627357781348308,0.5634423207173821,0.56410505205371,0.5647268341496552,0.5653104000551401,0.5658583384448893,0.5663722587531972,0.5668549456517951,0.5673078994864807,0.567733009053274,0.5681316862521174,0.5685054328071152,0.5688554774425046,0.5691832277605563,0.5694897933119615,0.5697759921990877,0.570042954924579,0.5702916224936261,0.5705226587562195,0.5707372149389434,0.5709347311797609,0.571116936131828,0.5712845056766328,-2.0,0.5715762713321779,-2.0,0.5718139035979838,-2.0,0.5720003646875358,0.5720748300431461,-2.0,0.5721884358706121,0.5722277186954506,0.5722552310299495,0.5722717754204247,0.5722769081135595,0.5722704760287652,0.5722531163735564,0.5722246126733368,0.5721850183683207,0.5721335542141922,0.5720712382952258,-2.0,0.5719115633899583,0.5718140488328426,0.5717051144540607,-2.0,-2.0,-2.0,0.5711425925233754,0.570969492777512,-2.0,0.5705819213521606,0.5703664742983447,-2.0,-2.0,0.5696282128267643,-2.0,0.5690542979928563,0.5687410178167763,-2.0,0.5680584738679655,-2.0,0.5672963672977458,0.5668834720125893,-2.0,-2.0,0.5655066859895421,-2.0,-2.0,-2.0,-2.0,0.5626896149394014,-2.0,-2.0,0.5606327606708131,-2.0,-2.0,0.5582535954522961,0.5573811713630751,-2.0,0.5555061860910054,-2.0,0.5534441281297809,-2.0,0.5511773249568745,-2.0,-2.0,-2.0,-2.0,-2.0,-2.0,0.5413327061730274,-2.0,0.5378745872585482,0.5360206541421578,0.5340782322525379,-2.0,-2.0,-2.0,0.5253374257431496,-2.0,0.5203180297151716,-2.0,0.514809867903977,-2.0,-2.0,-2.0,-2.0,0.4985796725392139,0.49485697118906247,0.4909575894582451,-2.0,-2.0,-2.0,-2.0,-2.0,-2.0,0.4579607737790845,-2.0,0.4463942555712131,-2.0,-2.0,-2.0,-2.0,-2.0,0.40451308168110817,-2.0,-2.0,-2.0,0.36938135126445876,-2.0,0.34921978117920116,0.3384169909654984,0.3271023417324937,0.3152516037538896,-2.0,-2.0,-2.0,-2.0,-2.0,-2.0,-2.0,0.19783192226609964,0.17985675190059086,-2.0,-2.0,-2.0,-2.0,-2.0,-2.0,0.027788824389568867,-2.0,-2.0,-2.0,-2.0,-2.0,-2.0,-2.0,-0.21845748649947394,-2.0,-2.0,-2.0,-2.0,-2.0,-0.4731721799774289
0.10175076625242988,0.47808668892816825,-2.0,0.4896667144473548,0.49513675625061243,0.49989881456908075,0.5046123425412178,0.5091848523935106,0.5132106374753898,0.5168179554988154,0.5204528319436342,0.5240145637417803,0.5272074673927112,0.5300830455311635,0.5326859312256093,0.5351030565905809,0.5375848923515826,0.5400291920341508,0.5422618840827371,0.5443070137594216,0.5461858838052212,0.5479164700537323,0.5495144179051455,0.5509930423648525,0.5523636292029839,0.5536365912859458,0.554838986146821,-2.0,0.557329896205118,0.5585124478816715,0.5596147949605477,0.5606435460039493,0.5616046297473036,0.562503392223787,0.5633444021254793,0.5641320184222639,0.5648700449655348,-2.0,0.5662110582149377,0.5668199692321404,0.5673917242925357,-2.0,0.5684306745439085,0.568902983479102,0.569346142177935,0.5697617105579226,0.5701514480230622,0.5705165208331352,0.5708582398874708,0.571178118975479,0.5714766467598816,0.5717555264372837,0.5720150861661756,0.572256656955853,0.5724803896316202,-2.0,0.5728791370850616,0.573054811422471,-2.0,0.5733624113239056,-2.0,0.573613159476722,-2.0,0.5738122059935076,0.5738922705434409,-2.0,-2.0,0.5740601260980032,-2.0,-2.0,-2.0,0.5741201839753568,0.5741067591584779,-2.0,0.5740452358003132,-2.0,-2.0,0.5738667351257402,-2.0,-2.0,0.573582223088563,-2.0,-2.0,-2.0,0.5730290742869816,-2.0,-2.0,-2.0,0.5722601190161746,-2.0,-2.0,0.5715266189345266,0.5712496275312183,-2.0,-2.0,-2.0,-2.0,-2.0,-2.0,-2.0,-2.0,0.5678993995640437,0.5674173632277207,0.5669099674272282,0.5663761006958482,-2.0,-2.0,-2.0,-2.0,-2.0,0.5625490934399567,-2.0,-2.0,0.5601715562254764,-2.0,-2.0,-2.0,0.5564194101574041,-2.0,-2.0,0.5530983005887335,-2.0,0.5506080122075311,-2.0,0.5478721234331392,0.5464048374111765,0.5448671796180448,-2.0,0.54156741553237,0.5397982394074265,-2.0,-2.0,-2.0,-2.0,-2.0,-2.0,0.5248111211703416,0.5222432789473942,-2.0,-2.0,-2.0,0.5106916741552794,-2.0,-2.0,-2.0,0.4967833213523114,0.4928840560132698,-2.0,0.4845216478296092,-2.0,0.4753469946374207,0.470430778960125,-2.0,-2.0,-2.0,-2.0,0.4421239017070583,0.43563249571247237,-2.0,0.4217120174346757,-2.0,0.40644071891529815,0.3982580770668294,-2.0,-2.0,-2.0,0.3614621498534891,0.3511476981743815,-2.0,0.3290303421633614,0.3171796368892448,-2.0,-2.0,-2.0,-2.0,-2.0,-2.0,-2.0,-2.0,-2.0,0.16295832808206567,0.14323971123184953,0.12258692520840081,0.10095574719325706,-2.0,-2.0,-2.0,-2.0,-2.0,-2.0,-2.0,-0.11336589127032926,-2.0,-2.0,-2.0,-0.25422488741456284,-0.2937065689267685,-0.33505855315377175,-2.0,-0.4237320651200107,-2.0
0.09884959046625581,0.4754302714717632,0.48191220363226805,0.4876063363575216,0.49336098483691204,0.4985776607673499,0.5032397788735198,0.5079927182835089,0.5123804770609484,0.5162509837245216,0.5198171209062361,0.5234858646001272,0.5269254943566791,0.5300114814330846,0.5327951808706131,0.5353184959442505,0.5377372620449069,0.5402414061409614,0.542616230239257,0.5447867155610582,0.546776768730159,0.5486065508411655,0.5502934518349755,0.5518514942851377,0.5532942736102365,0.5546325787460403,0.5558760229468915,0.5570786939618466,0.5583265390491804,0.5595671395129175,0.5607235128663745,0.5618016585701816,0.5628082447074845,0.5637487777230942,0.5646286397345952,-2.0,-2.0,0.5669454180115968,0.5676230045816322,0.5682585195967271,0.5688550084012362,0.5694136932586951,0.5699386593508109,0.5704312286871566,0.5708929367877513,0.5713268207285601,0.5717325217243386,0.5721131840734038,0.5724697612116202,0.5728029827395843,0.5731148027171813,0.5734057706995316,-2.0,-2.0,0.5741633456202506,0.5743799705740872,0.5745803506856475,-2.0,0.5749336469163951,0.5750877507565844,0.5752274687702675,-2.0,0.5754655514067388,-2.0,0.5756508821679455,0.5757245653069482,0.5757859889559852,-2.0,0.5758719673308831,0.5758977124954829,0.5759106095112327,0.5759124653058946,-2.0,-2.0,-2.0,0.5758038630617354,0.5757476643009556,0.5756797436299298,0.5755995545365362,-2.0,0.5754034466645187,-2.0,-2.0,-2.0,-2.0,-2.0,-2.0,-2.0,0.5740978757717117,-2.0,-2.0,-2.0,-2.0,0.5728008042441264,-2.0,-2.0,-2.0,0.5714438768347294,0.571054622697001,0.5706437625079905,-2.0,-2.0,-2.0,0.568765982065304,0.5682329365317945,0.5676722532721727,0.5670827350227985,0.5664631201196575,0.5658120803654801,0.5651282240260985,0.5644100866887599,-2.0,0.5628647426354897,-2.0,-2.0,-2.0,-2.0,0.5582839768869844,-2.0,0.5561234859666039,0.5549640765055286,-2.0,-2.0,-2.0,-2.0,-2.0,0.5467349175548314,-2.0,-2.0,-2.0,0.5398133110851874,-2.0,0.535836705878244,0.5337050433444948,-2.0,0.5291321499068002,0.5266811221625995,-2.0,-2.0,-2.0,-2.0,0.5125623251927239,0.5093235051173463,-2.0,-2.0,0.49865462980092334,-2.0,0.4906712811760139,0.486393284210994,-2.0,-2.0,0.4723027009311963,0.46715342917927843,-2.0,0.4561107889392661,-2.0,-2.0,-2.0,-2.0,-2.0,-2.0,0.4083133567010146,-2.0,0.3915603936822681,0.382583887505497,-2.0,0.3633346246829694,0.3530206246830697,0.3422179104731451,-2.0,-2.0,-2.0,-2.0,-2.0,-2.0,-2.0,-2.0,0.2187956028787632,0.2016334901727324,0.1836583542580072,-2.0,0.1451130634092982,-2.0,-2.0,-2.0,-2.0,-2.0,-2.0,-0.02170382945866589,-2.0,-0.08016737229486237,-2.0,-2.0,-2.0,-0.21465536871645607,-2.0,-2.0,-2.0,-2.0,-2.0,-0.4693698343850512
0.09603113465608079,0.4727339724877824,0.4794054199537383,0.48559326459738017,0.4912459280648427,0.4969246221001118,0.5019030221620827,0.5065545580465001,0.5112670182928478,0.5154767191368327,0.5192004085170381,0.5227838475868858,-2.0,0.5297526966589995,0.5327361931283745,0.5354318898274137,0.537885796629665,0.5403320873322163,0.5428265701885608,0.5451333584215297,0.5472436094760387,0.5491802567349082,0.5509622905239678,0.552606298869278,0.5541260400645146,0.5555340199841942,0.5568405167445323,-2.0,0.5592720365271059,0.560531059043415,0.5617444803058423,0.5628750407783697,0.5639295917643674,0.5649142864887501,0.5658346550732687,0.5666954988476307,0.5675014832777573,-2.0,0.5689635321259154,0.569626784485439,-2.0,0.5708323173938241,0.5713794279212019,0.5718928415510324,0.5723748025858673,0.5728264698921836,0.5732498345031934,0.5736465497960678,0.5740182097147272,0.5743659506459954,0.5746911584548746,0.5749946189731444,0.5752776777419548,0.575541178357994,0.575786139167882,0.5760131055857419,-2.0,0.5764159615447019,-2.0,0.5767554782415427,0.576902781581423,0.5770360205856379,0.5771549109652674,0.5772606725436222,-2.0,-2.0,0.5774990929485041,0.5775529087234651,0.577595090939447,0.5776249457721392,0.5776427955390788,0.5776489353034989,0.5776431143744641,-2.0,-2.0,0.5775551169438097,0.5775021130501321,-2.0,-2.0,-2.0,0.5771693113974942,0.5770551394284176,0.5769283752226159,-2.0,0.5766348392763619,-2.0,0.5762867910088676,-2.0,0.5758814566758723,0.5756558042690655,-2.0,0.5751577731847534,-2.0,0.5745919300180502,-2.0,0.5739546749789955,-2.0,-2.0,0.5728519231042031,-2.0,0.5720097989000001,-2.0,-2.0,-2.0,0.5700359240336151,-2.0,0.5688889692395298,0.568268398614542,0.5676180546380488,-2.0,-2.0,-2.0,-2.0,-2.0,-2.0,0.5620586289497145,-2.0,0.5600949274774519,-2.0,-2.0,-2.0,0.5555611872662303,-2.0,-2.0,-2.0,-2.0,-2.0,-2.0,-2.0,-2.0,-2.0,-2.0,0.5376524449132615,0.5355209976500557,-2.0,-2.0,-2.0,-2.0,0.5232405353074498,-2.0,-2.0,-2.0,-2.0,-2.0,0.5041948637809709,-2.0,-2.0,0.4924894163445144,0.4882115150698663,-2.0,-2.0,-2.0,-2.0,-2.0,-2.0,-2.0,-2.0,-2.0,-2.0,0.42540365845657757,-2.0,-2.0,-2.0,-2.0,-2.0,-2.0,0.3651541362167241,-2.0,-2.0,-2.0,-2.0,0.3084602324398615,-2.0,0.28184390299205536,-2.0,-2.0,-2.0,-2.0,0.20345340707405574,-2.0,-2.0,-2.0,-2.0,-2.0,-2.0,-2.0,0.03341082088692715,0.007380240685815553,-2.0,-0.04843908754348536,-2.0,-2.0,-2.0,-2.0,-2.0,-2.0,-2.0,-2.0,-2.0,-0.4200381585153956,-0.46754964225536355
0.09329304026284682,0.46998451589061585,0.47661153588937377,0.48327044659798457,0.48915378377833885,0.4948676390763952,0.5003619380213623,0.5051377157096721,0.5098455373541555,0.5144353359862398,0.5184772676099803,0.5220904780626665,0.5257200198055524,0.5292935185799409,0.5324984628535985,-2.0,0.5379952204200856,0.5404123426028867,0.5428894187409503,0.5453413426117313,0.5475821598842809,-2.0,0.5515190879545452,0.5532548681906505,-2.0,0.5563394916266594,0.5577133747387728,0.5589890423572208,0.5601900161961654,0.5614192346217514,0.5626772667363699,0.5638632979903179,0.5649686062527319,0.565999988652958,0.5669631714234002,0.5678638967363585,0.568706128294841,0.5694946374528586,0.5702333490133642,0.5709256636671982,0.5715746834420566,0.5721836547443024,0.5727541772055442,0.5732896702683884,0.5737918423542085,0.5742627440818094,0.5747042006098239,0.5751179252537576,0.5755055264786947,0.5758681273547609,0.5762072941846332,0.5765239160708303,0.5768196654506399,0.5770945079885739,0.5773503296711091,0.5775877714912104,0.5778072120787812,0.5780097705198187,0.5781961059786086,0.5783662969793686,0.5785214545018885,0.5786617973373941,0.5787878532943627,0.5789000407485647,0.5789988861944789,0.5790840263506506,0.5791563220409278,-2.0,0.5792630765399792,0.5792977352962663,0.5793205787959494,0.5793306888275341,0.5793294976954463,0.579315833288967,0.5792900408609419,-2.0,0.5792033750256413,0.5791409105499553,-2.0,-2.0,0.5788817628611477,-2.0,0.5786457460093745,0.5785083734454661,-2.0,-2.0,-2.0,-2.0,-2.0,-2.0,-2.0,0.5768926997817933,-2.0,-2.0,0.5760222905202691,-2.0,0.5753496684189439,0.5749835656101354,-2.0,-2.0,-2.0,-2.0,-2.0,-2.0,-2.0,-2.0,-2.0,0.5700212727561147,-2.0,0.5686893212010199,-2.0,0.5672195462072567,0.5664293246209432,-2.0,-2.0,-2.0,-2.0,-2.0,0.5607998761910938,-2.0,-2.0,-2.0,-2.0,-2.0,-2.0,-2.0,-2.0,-2.0,0.5470131108389237,-2.0,-2.0,-2.0,-2.0,-2.0,-2.0,-2.0,0.5302621423182083,0.5276949450547704,-2.0,-2.0,-2.0,-2.0,-2.0,-2.0,-2.0,0.5022385455112124,-2.0,-2.0,-2.0,-2.0,-2.0,0.4758877306047399,-2.0,-2.0,0.45969633561932327,-2.0,0.4475820723183851,-2.0,0.43429197626853877,0.427170794821469,0.4197120830189382,0.4118998605085697,-2.0,0.3951471252469186,-2.0,-2.0,-2.0,0.3566077432435911,-2.0,-2.0,-2.0,-2.0,-2.0,-2.0,-2.0,-2.0,-2.0,0.22238371111166022,-2.0,-2.0,0.16844988319970733,-2.0,0.12804838050884587,-2.0,-2.0,-2.0,-2.0,-2.0,-0.018115528569167094,-0.04667086586445557,-0.07657902061738886,-0.10790394563186034,-2.0,-2.0,-2.0,-0.248762799548653,-2.0,-2.0,-2.0,-2.0,-0.46578132213436585
0.09063301597607476,0.46668151109039163,0.47388922734390465,0.4804784050463469,0.4869811910555218,0.4926844235497028,0.4984420451719161,0.5036791417492359,0.5083448593103581,0.5130984477246822,0.5175022451684697,0.5213853091579456,0.5249508240250667,0.5286185820334828,0.5320699584760187,0.5351658830986055,0.5379574054233265,-2.0,0.5429022856477234,0.5454046827638355,0.5477874958989992,0.5499646209408382,0.5519603856760377,0.5537951063334251,0.555485894696759,0.5570477643760232,0.5584935926752579,0.5598342048419529,0.5610797438469426,0.5622790013865507,0.5635230236440641,-2.0,-2.0,0.5670057235009451,0.5680142417812902,0.5689563772471545,0.5698373178493155,0.5706614473256999,0.571433091827146,0.5721560783628433,0.572833358895486,0.5734685016463182,0.5740638189971881,0.5746227047910948,0.5751459114880272,0.5756368179817654,0.5760970850745967,-2.0,0.576932563553293,0.5773106475988907,0.5776641652791631,-2.0,0.5783029163162001,0.5785903166634178,0.5788574788951908,0.5791056717738793,0.5793356003576345,-2.0,0.5797429630056845,0.5799221037458033,0.580085279468124,0.5802333359509321,0.5803663927422755,0.5804854697869416,-2.0,-2.0,0.5807602362149311,-2.0,0.5808777331618371,0.5809175562567427,0.5809447895600321,0.5809597664493307,-2.0,0.5809526016126124,0.580930863980096,0.580897173292129,-2.0,-2.0,0.5807217480151173,0.5806382665522882,-2.0,0.5804333603163495,-2.0,-2.0,0.5800275128870424,0.5798650120719236,-2.0,-2.0,-2.0,-2.0,0.578830752833016,-2.0,-2.0,-2.0,-2.0,-2.0,0.577040881947189,0.5766760440502605,-2.0,-2.0,-2.0,-2.0,-2.0,-2.0,-2.0,-2.0,-2.0,-2.0,-2.0,-2.0,0.5696764938413484,-2.0,0.568134790423487,-2.0,-2.0,-2.0,-2.0,-2.0,0.5625084555938515,-2.0,-2.0,-2.0,-2.0,0.5564239727194934,-2.0,0.5535592284866324,-2.0,0.5504126178143038,-2.0,-2.0,-2.0,-2.0,0.5411292890688474,-2.0,0.5367656696818717,0.5344266402431339,-2.0,-2.0,-2.0,0.5239025766215799,0.5209513888258483,-2.0,-2.0,-2.0,-2.0,0.5039538585175802,-2.0,0.4959712141324285,0.49169355489940675,-2.0,-2.0,-2.0,-2.0,-2.0,-2.0,-2.0,-2.0,0.44280753049173677,-2.0,-2.0,-2.0,0.41361677721769646,-2.0,-2.0,-2.0,-2.0,0.3686388442184906,-2.0,-2.0,-2.0,0.3243574276960314,0.31194537059963195,-2.0,0.2853291841391746,-2.0,-2.0,-2.0,-2.0,0.20693899500385987,-2.0,0.17013732736930876,0.1504188104949895,0.12976611335700244,0.10813501401180547,-2.0,-2.0,-2.0,-2.0,-0.016397653763431497,-2.0,-0.07486099072054364,-2.0,-2.0,-2.0,-0.2093489434255863,-2.0,-2.0,-2.0,-0.37118924676146403,-0.41655143908061665,-0.4640630372879214
0.0880488358164346,0.46327608440339224,0.470815151804629,0.4776658279745352,0.48433574900581106,0.4905471647993253,0.4961988626191109,0.5018879149020916,-2.0,0.5115303755365538,0.5162495608452027,0.5204713273870913,0.5242042831692176,0.5277830114070471,0.5314362495870744,0.5347651498906096,-2.0,0.5404582365120133,0.5429151201622938,0.5453571315385135,0.5478537104992643,0.55016675180777,0.5522824921588793,0.5542237016176708,0.5560098179217212,0.5576568774787504,0.5591794743490872,0.5605897451748774,0.5618979772091638,-2.0,0.564325432457126,0.565582547285771,-2.0,0.5679313681771023,0.568987683936574,-2.0,0.5708951662972651,0.571756955679504,0.5725630322786779,0.573318052136651,0.574025126442817,0.5746881384396739,0.575309451346761,0.5758915011385695,0.5764374436103212,0.5769494265581958,0.5774293693387405,0.5778788639613384,-2.0,0.5786943659143648,0.5790631498600894,0.5794079598967857,0.5797295295590186,0.5800296860337664,0.5803085891242844,0.580568280290614,0.5808086279199979,0.5810301926600073,0.581234910579091,0.5814228885550544,0.5815948433339584,-2.0,0.5818911259589824,0.5820173430246525,0.582129227193466,0.5822270806719777,0.582311207408039,-2.0,0.582439964147677,-2.0,0.5825172437274686,0.5825365476491583,0.5825437712310797,-2.0,0.5825204892580884,0.5824903443877326,0.5824482201864095,0.5823931934092716,0.5823251885544463,0.582245368352834,0.5821519219728997,-2.0,-2.0,0.5817939551898477,0.581648169219995,-2.0,0.5813126820577817,0.5811233559403955,-2.0,-2.0,0.5804630563020998,0.5802107286354078,-2.0,-2.0,-2.0,-2.0,-2.0,-2.0,0.57793414941087,-2.0,0.5770990071317555,0.5766459415767623,-2.0,-2.0,-2.0,-2.0,0.5739926057290842,-2.0,0.5727279010411919,-2.0,-2.0,0.5705798885285032,-2.0,-2.0,0.5680934535030695,0.5671813584477792,0.5662244189219833,-2.0,-2.0,-2.0,-2.0,0.5606922620207702,-2.0,-2.0,0.5566869894529622,-2.0,-2.0,-2.0,-2.0,-2.0,-2.0,0.5448270601047608,0.542793366777342,-2.0,-2.0,-2.0,-2.0,0.5310742263575082,-2.0,-2.0,-2.0,-2.0,0.5162875352583277,-2.0,0.5093422345994442,0.5056202833763704,-2.0,-2.0,0.4933603471664963,0.48887983270714824,0.48418672460956635,0.4792709899819976,-2.0,-2.0,-2.0,-2.0,-2.0,-2.0,0.43767640666399754,0.4305553650163296,-2.0,-2.0,0.40710233245274147,0.39853221774864905,-2.0,-2.0,-2.0,0.35999321570657905,0.34919067962146455,-2.0,0.32602578235799107,-2.0,0.3006136955718805,0.2869976709932754,-2.0,-2.0,0.24215525364381368,-2.0,-2.0,-2.0,-2.0,-2.0,-2.0,-2.0,0.08714796414934423,-2.0,0.03856560296407319,-2.0,-2.0,-2.0,-2.0,-0.10451712960503023,-0.13732597381470213,-2.0,-2.0,-2.0,-0.2848574744471909,-2.0,-2.0,-2.0,-0.46239427386811216
0.0855383372729865,0.45982966848593754,0.467322119323779,0.4747923505538556,0.4814265049859233,0.48809246735642053,0.4939895163054805,0.4997007237362567,0.505208350484861,0.5099919166665453,0.514696388549015,0.519295941718193,0.5233466773738157,0.526963321519024,0.530589025318305,0.5341695542345852,0.5373817761739536,0.540273032775909,0.5428887851691642,0.5453053863067683,0.5477789097936918,0.5502353859132834,0.552481138550856,0.5545374952713421,0.5564258627880508,0.55816464696535,0.5597693831564052,0.56125363920727,0.5626291135235711,0.5639058802096361,0.5651052841886285,0.5663309091271015,0.5675886915396093,0.5687766294842213,0.5698836528521207,0.5709159755920583,0.5718800602653956,0.5727811232701531,0.5736237721021291,0.5744123290292202,-2.0,0.5758426254440845,0.5764905586855193,0.5770980603843671,0.5776677243691779,0.5782016860257092,-2.0,-2.0,0.5796094557652692,0.580020609746874,0.5804050926647297,0.5807645274254968,0.5811002518409205,0.5814131979065615,0.5817051167797984,0.581975652520539,0.582226837501727,-2.0,0.5826738243343709,0.5828711220615428,0.5830511556301124,0.5832153089449913,0.5833638591377264,0.5834975056654255,0.5836165595716866,-2.0,0.5838118315782111,0.5838882316660486,0.5839514431493177,-2.0,-2.0,0.5840634536136752,0.5840748586523715,-2.0,0.5840601765234853,0.5840339372616078,0.5839950917353012,0.5839435959813323,0.5838798405868852,-2.0,-2.0,-2.0,-2.0,-2.0,-2.0,0.5830607529580378,-2.0,-2.0,0.5824987717495489,-2.0,-2.0,0.5817962190241069,-2.0,-2.0,-2.0,-2.0,-2.0,0.579913185229284,0.579529859105584,-2.0,0.5786966997623875,0.578245086492173,-2.0,0.5772671268724542,0.5767383830465057,0.576181951094517,-2.0,0.5749807349548879,-2.0,0.5736530437909763,-2.0,0.5721875062394437,-2.0,-2.0,-2.0,0.5687913813701855,-2.0,0.5668316906497318,-2.0,-2.0,-2.0,-2.0,-2.0,-2.0,-2.0,-2.0,0.5552999434473803,-2.0,-2.0,-2.0,-2.0,-2.0,-2.0,0.5422793095493978,-2.0,-2.0,0.5352585150753253,0.5326917938814973,0.5300028873067262,-2.0,-2.0,-2.0,-2.0,-2.0,0.5109609736889139,-2.0,-2.0,0.49925702816764517,0.4949796049704949,0.4904991995623876,-2.0,-2.0,0.47574177805829815,-2.0,-2.0,0.4587834032950702,0.45258625318207646,0.4460952886954594,-2.0,0.43217563674254966,0.42471712708271897,0.4169050947501158,-2.0,-2.0,-2.0,0.3817749087983235,0.37192772802484564,0.3616139592134343,-2.0,0.33949712220234357,-2.0,0.3152347006922102,0.30223465445707126,-2.0,0.27435756691694485,-2.0,-2.0,-2.0,0.21022880455773968,-2.0,0.17342733860083503,0.1537087691875304,0.13305613010753298,0.11142508123586359,-2.0,0.06504018793278854,-2.0,-2.0,-2.0,-0.041662725211670026,-2.0,-0.10289562980877431,-0.13570451068826828,-0.17006756853988547,-0.20605848249787728,-0.2437543490276335,-0.2832359507529565,-0.3245878483112016,-0.36789871567454746,-0.4132612629175825,-2.0
0.08309941949353392,0.45581425387819363,0.4639096439259278,0.47136716293421665,0.4785912544208174,0.4851805393958538,0.4916944713198249,0.49740178885169023,0.5031616184156762,0.5084093138934024,0.5130766269185794,0.5178303556596955,0.5222424601520993,0.5261316096530552,0.5296964599338816,0.533363248916523,0.5368211401973398,0.5399219377115761,0.5427180666316314,0.5452509708111597,0.5476629571480085,0.5501639619794669,0.5525511980654477,0.5547322295008458,0.5567312279852984,0.5585683395210116,0.5602612738507393,0.5618248208532037,0.5632718095663586,0.5646133911770211,0.5658594378502783,0.5670560144698696,-2.0,0.5695406772488095,0.5707009278426523,0.5717826054394859,-2.0,0.5737342152878028,0.5746152148178658,0.5754393509361788,0.5762105004157859,0.5769325119579805,0.5776090143863446,0.5782430786616884,0.5788366029732928,0.5793932631242288,0.5799148645809468,0.5804036264189455,0.580861402862299,0.5812899081870796,0.5816913022094319,0.5820660575810873,0.5824160968369063,0.5827426949874752,0.5830467965708275,0.5833297998533485,0.5835923888313168,0.583835572202129,0.5840602084399803,0.5842671278555109,-2.0,-2.0,0.5847854657574771,0.5849266071449504,0.5850526040933944,0.5851639907775007,0.5852609135088883,-2.0,-2.0,0.5854688768672229,0.5855113858231797,-2.0,0.5855569968736595,-2.0,0.5855510335355386,0.5855288281434293,-2.0,-2.0,0.5853854825581803,-2.0,-2.0,0.5851243644702435,0.5850107063648632,-2.0,-2.0,-2.0,-2.0,-2.0,-2.0,0.5838151980632044,0.5835830861645019,-2.0,-2.0,0.5827848151044617,-2.0,-2.0,-2.0,0.5814606302735108,-2.0,-2.0,-2.0,-2.0,-2.0,-2.0,-2.0,-2.0,-2.0,0.5765386519643343,0.5758921054474418,0.5752125335261827,-2.0,0.573748427422246,-2.0,0.5721337906768792,-2.0,-2.0,-2.0,0.5683961793758973,0.5673443379910558,0.5662411718825612,0.565084315725032,-2.0,0.5625995064916094,-2.0,0.559868608748495,0.55840364741094,0.5568682096089516,-2.0,-2.0,0.5518053384096564,-2.0,-2.0,-2.0,-2.0,0.5416176638231258,-2.0,-2.0,-2.0,-2.0,-2.0,-2.0,-2.0,-2.0,0.5160862689972199,-2.0,0.5088116807150727,-2.0,-2.0,-2.0,0.49207222522693633,-2.0,-2.0,-2.0,-2.0,-2.0,-2.0,-2.0,-2.0,-2.0,-2.0,0.4262911493549399,-2.0,-2.0,-2.0,-2.0,-2.0,-2.0,-2.0,-2.0,-2.0,-2.0,-2.0,0.3038093173938918,0.2901933689955882,0.27593230791531614,-2.0,-2.0,-2.0,-2.0,0.19382871382474204,-2.0,-2.0,0.1346311096205836,0.1130000894353379,0.09034431187273284,-2.0,0.041762034743002885,0.015731462781903738,-0.011532284002689575,-2.0,-0.0699956451368382,-2.0,-0.13412932940341815,-0.16849236271377854,-0.20448322875398883,-2.0,-0.28166071630186207,-0.3230126322291468,-0.3663234474375965,-2.0,-0.45919741798574165
0.08073004152657436,0.45181144411523083,0.46010553759039113,0.46785591061388915,0.4753984471938751,0.48225933239461166,0.48892972470804147,0.4951511585423025,0.5008028268323514,0.506496756857894,0.5114966594072158,0.5161438094283236,0.5208657864659472,0.5250931123727954,0.5288296041023132,0.532405564205872,0.5360605426451284,0.5393937754633943,0.542388398704146,-2.0,0.547550715691986,0.5499895865016433,0.5524869320638657,0.5548032308896049,0.5569216458286865,0.5588652138782824,0.5606527009112813,0.562301189266166,0.5638247328474135,0.5652353744179779,-2.0,0.5677604238549081,0.5689677815961819,-2.0,0.5714397049082075,-2.0,0.573630006011361,0.5746163501085878,0.5755375610564257,0.5763989052176791,0.5772047416335965,0.5779585562957996,0.5786647043201908,0.5793261590325981,0.5799458918083883,0.5805264552645661,0.5810703926217878,0.5815797385008796,0.5820566757770058,0.5825035034843367,0.5829220103975896,0.5833124844742603,0.5836776364379542,0.5840184623247666,0.584336023586157,0.5846316679884065,0.5849060099012061,0.5851604724472521,0.5853952804522686,0.5856117927109622,0.5858110026192188,0.5859921390796069,-2.0,0.5863061854438019,0.5864397876643029,0.5865581108066803,0.5866618198470223,0.5867510694011515,-2.0,0.5868877695443323,0.5869357283253338,0.5869703612756161,-2.0,-2.0,0.5869943416722893,0.5869763028082869,0.5869455152789617,-2.0,0.5868439763531867,-2.0,-2.0,-2.0,0.586482572927248,-2.0,-2.0,-2.0,-2.0,-2.0,-2.0,0.585303440548399,-2.0,-2.0,0.5845623077234532,-2.0,-2.0,0.5836612819934197,0.5833219597512475,-2.0,-2.0,0.5821787643841141,-2.0,-2.0,-2.0,-2.0,-2.0,-2.0,-2.0,0.578051417034011,-2.0,-2.0,-2.0,-2.0,0.5744770288067825,-2.0,-2.0,-2.0,-2.0,0.5699154330369127,0.568864108987811,-2.0,-2.0,-2.0,0.5641211210904264,0.5627882539700291,0.5613910227478257,0.5599264348098476,0.5583914791903756,0.5567824867199007,-2.0,-2.0,-2.0,-2.0,-2.0,-2.0,0.5431431258644452,-2.0,-2.0,-2.0,0.5331005894880083,0.5302841164223278,-2.0,-2.0,-2.0,-2.0,-2.0,-2.0,-2.0,-2.0,-2.0,0.4936003570114467,-2.0,-2.0,-2.0,-2.0,-2.0,-2.0,0.4556888849869716,-2.0,-2.0,-2.0,-2.0,-2.0,0.41182617122246273,-2.0,-2.0,0.38487859138997366,-2.0,0.36471789657279463,-2.0,0.3426012558781833,-2.0,-2.0,-2.0,0.2917231445862592,-2.0,0.26252541458217854,-2.0,-2.0,0.21333367847691648,-2.0,-2.0,0.15681375326248548,0.1361611667753137,0.11453017105246066,-2.0,0.06814572934469176,-2.0,-2.0,-0.010002079508514838,-0.03855737494959266,-2.0,-2.0,-2.0,-2.0,-2.0,-2.0,-2.0,-2.0,-2.0,-2.0,-2.0
0.07842822061337677,0.4475395442696402,0.45599361493680585,0.46430162374764944,0.47179926849719417,0.4792750318865417,0.4859130632161191,0.49258281575523344,0.49848361979227385,0.5041947409825461,0.5097067352342414,0.5144920149729546,0.5191954038704409,0.5237982914900422,0.5278516375573435,0.531468429360589,0.5350923276220124,0.5386754348336528,0.5418900960442813,0.5447833227043597,-2.0,0.5498156934495917,-2.0,0.5547453119693282,0.5569931221897635,0.5590511422161344,0.5609409649343581,-2.0,0.5642858509262371,0.5657703383588849,0.5671460853192694,-2.0,-2.0,0.5708423548864618,0.5720990461639861,-2.0,0.5743946394558068,0.5754272776265784,0.5763911338456353,0.577291421746655,0.5781332574828026,0.5789207468368082,0.5796578553489112,0.5803480279564981,0.5809944288999331,0.5816000477193934,0.5821671581670408,0.5826984791692257,0.5831960672592973,0.5836619165863263,0.5840978777782634,0.5845055071505858,0.5848863350050598,0.5852422369303139,0.5855733054935447,0.5858819152146895,0.5861686942357913,0.5864344855151131,0.5866804068658058,0.586907439471778,0.5871155366706632,0.5873063639394919,-2.0,0.5876375665148976,-2.0,0.5879041493086727,0.5880149892146519,0.5881106671831197,0.5881921473825806,0.5882598936302521,0.588313283806889,0.5883531402628839,-2.0,0.5883917852578319,0.5883913059035397,-2.0,0.5883506054614843,0.5883104077237056,-2.0,0.5881902771620994,-2.0,-2.0,0.5879080984550307,0.5877863785932864,0.5876504141616362,-2.0,0.5873347652768631,-2.0,0.5869587048060723,0.586746812407911,-2.0,-2.0,-2.0,-2.0,0.5854326386800148,0.585114877099778,-2.0,-2.0,0.5840399632604639,-2.0,-2.0,-2.0,-2.0,-2.0,-2.0,-2.0,-2.0,-2.0,-2.0,-2.0,-2.0,-2.0,0.5759492516212374,-2.0,-2.0,-2.0,0.5723924049123218,-2.0,-2.0,0.5692377794546672,-2.0,-2.0,-2.0,0.5642665260182369,-2.0,-2.0,-2.0,0.558262143718411,-2.0,-2.0,0.5529585216746251,-2.0,0.5489860069970796,-2.0,-2.0,0.5422869278650845,-2.0,-2.0,-2.0,-2.0,-2.0,-2.0,-2.0,-2.0,-2.0,-2.0,-2.0,-2.0,-2.0,0.4950846338045389,-2.0,-2.0,-2.0,0.47493550993921485,0.46928704283896255,-2.0,0.45717381421583103,0.4506831055574931,0.4438846632651464,-2.0,0.4293056318583845,0.421493809606209,-2.0,-2.0,-2.0,-2.0,0.3765173540864465,-2.0,-2.0,-2.0,-2.0,-2.0,-2.0,-2.0,-2.0,-2.0,0.24836728654132373,0.2319817562832075,0.21481992497666086,-2.0,-2.0,-2.0,0.1376475915545014,0.11601662061903384,-2.0,-2.0,0.04477871490300578,-2.0,-2.0,-2.0,-2.0,-2.0,-0.13111242945176638,-0.1654754397618282,-0.20146627352525703,-2.0,-2.0,-2.0,-0.3633063829746557,-2.0,-2.0
0.07619203052875606,0.44291004970046505,0.4519294053342902,0.46018353391036376,0.46828531760130726,0.4757456873427764,0.4829736526539638,0.4895643922994186,0.49608080621510453,0.501788742809267,0.5075496337533365,0.5127984856220892,0.5174649662814726,0.5222190000430126,0.5266322574524507,0.5305217974492311,0.5340854204186208,0.5377514838782111,0.5412109411425419,0.544312690428693,0.547109023748066,0.5496421330434325,0.552052241141585,0.5545519568645141,0.5569405696497103,0.5591227442174377,0.5611223887561733,0.5629600807842966,0.5646536037040365,0.5662166387853516,0.5676634724499595,0.5690044461774153,0.5702494275631421,0.5714434561399656,0.5726811976437556,0.5739248382341016,0.5750852746121269,-2.0,0.5771752003875118,0.5781169439359077,0.578996890098994,0.5798197412461455,0.5805893986236078,0.5813100217199603,-2.0,0.5826163142117752,0.5832077156654046,0.5837617732470006,0.5842807527170386,0.5847663147763457,0.5852207554752783,0.5856457568768964,0.5860429110888962,0.5864138358805364,0.5867596465072988,0.5870817488661314,0.587381192044349,0.5876590793074599,-2.0,0.5881537650642945,0.588372190855547,0.5885724463203436,0.5887551120368494,0.5889208033911804,0.5890702445113862,0.5892034599349396,0.5893211781486899,0.5894238690720269,0.589512399305159,-2.0,0.5896448843356298,0.5896897294609408,0.5897214352342858,-2.0,0.5897434389760338,-2.0,-2.0,0.5896749119177276,0.5896252273023825,-2.0,0.5894853727165226,0.589394860281753,0.5892899582092183,0.5891710818708029,0.5890381585680746,0.5888907135980777,0.5887275997658272,0.5885498194858455,0.5883561180693437,0.5881464964955895,0.587920675906964,-2.0,-2.0,-2.0,-2.0,-2.0,-2.0,0.5858331946470207,-2.0,-2.0,0.5846323970104297,-2.0,-2.0,0.5832161095919518,0.5826915077570217,-2.0,-2.0,-2.0,-2.0,-2.0,-2.0,-2.0,-2.0,-2.0,-2.0,-2.0,-2.0,-2.0,0.5717731411747542,-2.0,0.5695160967391901,-2.0,-2.0,-2.0,-2.0,-2.0,-2.0,-2.0,-2.0,-2.0,0.5543966157186768,-2.0,-2.0,-2.0,-2.0,-2.0,-2.0,-2.0,-2.0,-2.0,-2.0,-2.0,0.5239293719294951,-2.0,-2.0,-2.0,-2.0,-2.0,-2.0,-2.0,-2.0,-2.0,-2.0,-2.0,-2.0,0.464813328046968,-2.0,-2.0,-2.0,0.4382068997408589,-2.0,0.4229369348903617,-2.0,-2.0,-2.0,-2.0,-2.0,-2.0,0.3568449675261499,-2.0,-2.0,0.32126875952505435,0.30826888511900613,0.29465305974878525,0.2803921142683647,0.2654554922674131,0.2498111945560894,0.23342570371135818,0.21626391439310105,-2.0,-2.0,0.15974422178029668,-2.0,-2.0,0.09480523114949024,0.07107604223125086,-2.0,-2.0,-2.0,-2.0,-0.06553453476896054,-2.0,-2.0,-2.0,-2.0,-0.23771777382621906,-2.0,-2.0,-0.36186193279786905,-2.0,-2.0
0.07401959996915641,0.43831193874056423,-2.0,0.45608361244000056,0.46438330028096014,0.4721347993199035,0.4796812898289388,0.4865409505728606,0.49321441457345716,0.4994336323893828,0.505085578781982,0.5107796912456024,0.5157773133199547,-2.0,0.5251462498351427,0.529372118696865,0.5331068908099303,0.5366816836731048,0.5403365882917368,0.5436697083526498,-2.0,0.549367566258589,-2.0,0.5542609889093792,0.5567580851697579,0.5590748471108838,0.5611934690768108,0.5631369372162457,0.5649243460398877,0.566572209500664,0.5680951069898337,0.5695048013044306,0.5708123095279708,0.5720274143128348,0.5732317006558241,0.5744842875846383,0.5757010479516893,0.5768340360468651,0.5778901418060948,0.5788753811704963,0.5797954341218221,0.5806552983372925,0.581459443191696,0.5822114343329273,0.5829155974355752,0.5835745450078416,0.5841915720790187,0.5847694818600951,0.5853103705431851,0.5858167890113105,0.5862908767600237,-2.0,0.5871482108901784,0.5875349166538988,0.5878958109455744,-2.0,0.5885452041951127,0.5888352365414413,-2.0,0.5893529406819485,0.5895816791296986,-2.0,0.5899837182419446,0.590157966123861,0.5903155331513932,0.5904567040282558,-2.0,0.5906916748411652,-2.0,0.5908662789508072,-2.0,0.5909821655398749,0.5910189821664084,-2.0,-2.0,0.5910465975231997,0.5910278264465224,-2.0,0.5909501755317121,0.5908908279408672,-2.0,0.590729906535885,0.5906285118779796,0.5905131807479386,0.5903826043942435,-2.0,-2.0,-2.0,0.5897113729344731,-2.0,0.5892798162283023,0.5890390575149442,-2.0,-2.0,-2.0,-2.0,0.5875600507821525,-2.0,0.5868285910970186,-2.0,0.5860084619156407,-2.0,-2.0,0.5845956149494207,-2.0,-2.0,-2.0,-2.0,-2.0,-2.0,-2.0,-2.0,-2.0,-2.0,-2.0,-2.0,-2.0,-2.0,-2.0,-2.0,0.5709088422969064,-2.0,-2.0,-2.0,-2.0,-2.0,-2.0,-2.0,-2.0,-2.0,-2.0,-2.0,-2.0,-2.0,-2.0,-2.0,-2.0,-2.0,0.5374221940032086,-2.0,0.5316564525346645,-2.0,-2.0,-2.0,-2.0,-2.0,-2.0,0.5066838569456186,-2.0,0.4979273156538803,-2.0,-2.0,-2.0,-2.0,-2.0,0.4662147292602518,0.4600180318903224,0.4535275018434766,-2.0,0.43960865932980875,-2.0,-2.0,-2.0,-2.0,-2.0,0.3892100266501138,-2.0,-2.0,-2.0,-2.0,0.3350830028684084,0.3226712746492733,0.309671443448475,0.296055661746129,0.28179475790369785,0.266858176390433,0.2512139146254188,-2.0,-2.0,0.1996918601774869,0.1808654467366051,0.1611471106051372,-2.0,0.1188636922949905,-2.0,-2.0,0.04762592270261812,0.02159542731091324,-0.005667783456436815,-0.034223452834891366,-2.0,-2.0,-2.0,-2.0,-2.0,-2.0,-2.0,-0.317147964563925,-2.0,-2.0,-2.0
0.07190911098669456,0.4331746818859287,0.4426997975952805,0.45172124224367577,0.46017577483643096,0.4684872197207119,0.4759849722901138,0.4834613159603075,0.49009773764518905,0.49676822005211246,0.502663885905028,0.508377334721079,0.5138854543340851,0.5186672638569162,0.5233711808924805,-2.0,0.5320216055713058,-2.0,0.5392593828117441,0.5428414271471784,0.5460544531789858,0.5489459962837102,0.5515610795342468,0.5539744323447735,0.5564442096700187,-2.0,0.561149780684621,0.5632073583098341,-2.0,0.5668351100877,0.5684390246825367,0.5699222815289647,0.5712962002269523,-2.0,0.573766550320101,-2.0,0.5762413621487837,-2.0,0.5785352564058645,0.5795664792221408,0.5805288462908068,0.5814276731881591,0.5822677094897503,0.5830531841195576,0.5837880782228542,-2.0,0.5851196123968228,0.5857222883869699,0.5862864788836182,0.5868145604800185,0.5873086620902551,-2.0,0.5882033858622936,0.5886065561859228,0.5889826041628996,0.5893334299669365,-2.0,-2.0,0.5902444743657437,0.5905047355246066,0.59074417555236,0.590964664604586,0.5911662207526823,0.5913497260740891,0.5915162154078333,0.5916652173814918,-2.0,-2.0,0.5920166938521927,0.5921029525542387,-2.0,0.5922311502956414,0.592273527175913,0.5923016715026377,-2.0,0.5923161257166933,0.5923019062567251,0.5922745340025389,0.5922325827024796,0.5921768134138993,0.5921071523222959,-2.0,0.5919252709503129,0.5918127352744579,0.5916857321437119,0.5915436874434011,-2.0,0.5912132798645167,0.5910244949452824,-2.0,0.5905978954601323,0.5903592876244411,-2.0,0.589828148442848,0.5895349327435687,-2.0,0.5888894224349089,-2.0,-2.0,-2.0,-2.0,-2.0,-2.0,-2.0,-2.0,-2.0,-2.0,-2.0,0.583029738034807,0.5823545540364287,0.5816443279660981,-2.0,-2.0,-2.0,-2.0,-2.0,-2.0,-2.0,-2.0,-2.0,-2.0,0.5710507066488892,-2.0,-2.0,-2.0,-2.0,0.5640580089508233,-2.0,-2.0,-2.0,-2.0,-2.0,-2.0,-2.0,-2.0,-2.0,-2.0,-2.0,0.538781170588726,-2.0,-2.0,-2.0,-2.0,-2.0,-2.0,-2.0,-2.0,-2.0,0.5037676728725575,-2.0,-2.0,-2.0,-2.0,-2.0,-2.0,-2.0,-2.0,0.4548891116656452,0.44809093363832386,0.44097044540504626,-2.0,-2.0,-2.0,0.408949242212894,0.39997339081080596,-2.0,0.38072534263681423,-2.0,0.35960973442420285,-2.0,-2.0,0.3240338502333368,-2.0,0.29741832531226925,-2.0,-2.0,-2.0,0.23619127659105343,0.2190295445449187,0.2010547426438301,-2.0,-2.0,-2.0,-2.0,-2.0,0.07384209515559359,-2.0,0.022958601108855836,-0.004305098141348496,-2.0,-0.06276826170027738,-2.0,-2.0,-2.0,-2.0,-0.23495132500306892,-2.0,-0.3157846841053412,-0.3590954393155089,-0.40445788892062207,-2.0
0.06985879746785245,0.42812208801305157,0.43776314511683995,0.44699985580639284,0.4560226306063028,0.46427923192466575,0.4723766980499858,0.47984183786220014,0.48706226542058195,0.49365569950017,0.5001667695731876,0.5058706573371319,0.5116327757728661,0.5168736495794443,0.5215372554179023,0.5262923893567989,0.5307002778811518,0.5345845369049186,0.5381458315424233,-2.0,0.5452687658335926,0.5483676232522874,0.5511611509139888,0.5536914522536845,0.5560994872412756,-2.0,0.5609862215700279,0.5631669309850017,0.5651653685020739,0.5670014590503125,0.5686929122341949,-2.0,0.5716994650073535,0.5730385397109907,0.5742816213728213,0.5754728392846763,0.5767087456310962,0.5779507037793316,0.5791098284383024,0.5801896807280372,0.5811967759374869,0.5821366846480431,0.5830145142185253,0.5838351094909532,0.5846024372516252,0.5853203611016531,0.5859920157237194,0.5866207927531283,0.5872091789606303,0.5877600302092763,0.5882750317550772,0.588756883993077,0.589207490868871,0.5896280920229805,0.5900212330413305,0.5903869239790347,0.5907278077346743,0.5910450352120462,0.5913382797390325,0.5916102806850007,0.5918612685232281,0.5920922042879756,0.5923038885160273,0.5924970593362126,0.5926719900404718,0.5928306465195591,0.5929707866985996,0.5930952151299068,0.5932038385910969,-2.0,0.5933748939662999,0.5934377533200587,0.5934857258097687,-2.0,-2.0,0.5935434807856396,0.5935345020887394,0.5935112285102764,0.5934737921591576,0.5934219766600723,0.5933559088862638,0.5932757106696488,0.5931812480963776,0.5930717647789886,0.5929478583920644,-2.0,0.5926539240691582,0.5924837409684364,0.5922976935633343,0.5920950135882596,-2.0,-2.0,0.5913847622838467,-2.0,0.5908207348793568,-2.0,-2.0,0.5898274820792231,0.5894541211006973,0.5890579527854601,-2.0,-2.0,-2.0,-2.0,-2.0,-2.0,-2.0,0.5849755700999962,-2.0,-2.0,-2.0,0.5822053665049801,-2.0,0.5805994072595626,0.5797354634303215,-2.0,-2.0,-2.0,-2.0,-2.0,0.5735745949261306,0.5723644793738789,-2.0,-2.0,-2.0,0.5669071875243179,-2.0,-2.0,-2.0,-2.0,-2.0,0.5565288920133058,-2.0,-2.0,-2.0,-2.0,-2.0,-2.0,-2.0,0.5372853092152831,-2.0,-2.0,-2.0,-2.0,-2.0,-2.0,-2.0,-2.0,0.5050892422433453,-2.0,-2.0,-2.0,-2.0,-2.0,-2.0,0.468898578611552,0.462702110535786,0.45621174288145233,0.4494136571458419,0.442293258460002,0.4348353036197244,0.4270237856619166,0.41884197873742796,0.41027236926569716,0.4012965908085927,0.39189540389603733,-2.0,0.3717353005529095,0.3609331825109354,-2.0,0.33776906907519166,-2.0,0.31235770906082533,-2.0,-2.0,-2.0,-2.0,-2.0,-2.0,-2.0,-2.0,-2.0,0.1431816184834543,-2.0,-2.0,0.07516621380625133,-2.0,-2.0,-0.002980912316847162,-2.0,-0.061444024351944515,-2.0,-2.0,-2.0,-2.0,-2.0,-2.0,-2.0,-2.0,-2.0,-2.0
0.06786694365554635,0.42257964986929947,0.43260763327269275,0.4423191856595505,0.4513171222438867,0.46008774717086637,0.4683962601383302,0.4761372862103568,0.4836878544585921,0.4905365437872507,0.4972148775520829,0.5034205564049459,0.5090733498531167,0.5147631153055372,0.5197506573721707,0.524397694983996,0.5291172773357358,0.5333366013278997,0.5370643862413929,0.5406392812286214,0.5442927933339426,0.547621602073127,0.5506118240695601,0.5533116313716925,0.5557648373124666,0.558200715877511,0.5606967388029789,0.5630114154507813,0.5651281073830287,0.5670693991630392,0.5688544705033437,0.570500315356136,-2.0,0.5734282625507445,0.5747335459267139,0.5759460843755697,0.5771477160849422,0.5783982345451378,0.5796134962772552,0.5807447332035593,0.5817989272497822,0.5827821105896054,0.5837001672015532,0.5845573240677845,0.5853587924531721,0.5861081832591158,0.5868092398115671,0.5874651529299686,-2.0,-2.0,0.5891905307793577,0.5896929924227698,0.5901627150690912,0.5906023007098299,0.5910112735349221,0.5913931499604695,0.5917488017419512,0.5920797326335173,0.5923867312555607,0.5926712249434535,0.592933679454669,0.5931756265138745,0.5933977214216475,0.5936004926410297,0.5937849314073838,0.5939513404628863,0.5941006522100399,-2.0,0.594348963361438,0.5944494062166803,0.5945335782911273,0.5946027717460035,0.5946570324546815,0.5946958608009001,0.5947206575882763,0.5947305984118244,0.5947262271583222,0.5947077358410233,0.5946745595147819,0.5946266091161245,0.5945646646209414,0.5944884004208147,0.5943970455392941,0.5942914805269838,0.5941705118722079,0.5940340391059326,0.5938823957711743,-2.0,0.5935313989398836,0.5933313717469957,0.5931143627598389,0.5928800305514629,-2.0,0.5923576076085788,-2.0,-2.0,-2.0,-2.0,-2.0,-2.0,-2.0,-2.0,-2.0,-2.0,-2.0,-2.0,-2.0,-2.0,-2.0,-2.0,-2.0,-2.0,-2.0,0.5818701144191473,0.5810068588223639,0.5801004660292957,-2.0,-2.0,-2.0,-2.0,-2.0,-2.0,0.5723717671101987,-2.0,-2.0,0.5681848862753716,-2.0,-2.0,-2.0,-2.0,-2.0,-2.0,-2.0,-2.0,-2.0,-2.0,-2.0,-2.0,0.541382650040603,-2.0,-2.0,0.5325286065296675,0.5292919986738327,-2.0,-2.0,0.5186291658115165,-2.0,-2.0,-2.0,-2.0,0.497201714383531,-2.0,-2.0,0.4817470285390111,-2.0,-2.0,0.4639868916376463,-2.0,0.4506986657525155,-2.0,0.43612047205178334,-2.0,-2.0,0.4115577907249099,-2.0,0.3931809699645065,0.3833342977517482,-2.0,-2.0,-2.0,-2.0,-2.0,0.3136436712086575,-2.0,-2.0,0.2708308022343007,0.2551866659480358,-2.0,-2.0,-2.0,-2.0,-2.0,-2.0,-2.0,-2.0,-2.0,-2.0,-2.0,-2.0,-0.03024955364981652,-2.0,-2.0,-0.12429088864804705,-2.0,-2.0,-0.23234034524386327,-0.27182181825090224,-0.3131736330185051,-0.3564843664397801,-2.0,-0.44935813807286895
0.06593188271333544,0.41706408952779095,0.42733401475228083,0.43710018016110663,0.44662107347743707,0.45565380510940723,0.4640981613130897,0.47240925712156107,0.4799028824443123,0.4873735573765453,0.49400471862410733,0.5006729526211782,0.5065554356757928,0.5122738105253458,0.5177700539990875,0.5225420908581158,0.5272496803150196,0.5318423485393574,0.535883537747067,0.5394923722395784,0.5431173971382466,0.5466948207346982,0.5499024160846023,0.5527889280810344,0.5553993532436331,0.5578099531268698,0.560279479180436,0.5627351186462981,0.5649800215667479,0.5670344768648451,0.5689205355985495,-2.0,0.5722579876968463,0.5737384703961858,-2.0,0.5763818196468331,0.5775745838548937,0.5787918587431328,0.5800451465327972,0.5812307475205951,0.5823346752063544,0.5833636157451618,0.5843236421353297,0.5852197116707806,0.5860570111093295,0.5868396075947643,0.5875713979618397,0.5882558132704437,0.5888962618363157,0.5894956608742102,0.590055784247016,0.5905794851975731,-2.0,0.591526961740241,0.5919541999791371,0.592352737428843,0.5927239095743917,0.5930692599404747,0.5933902373791767,0.5936873754097518,0.5939620832012883,-2.0,0.5944482610442263,0.5946612846650754,0.5948552650194138,-2.0,0.5951885180522166,0.5953289882185412,0.5954527456472657,-2.0,0.5956515244400358,-2.0,0.595787313043327,0.5958322218641694,0.5958622923756755,0.5958777059493566,0.5958782770294337,0.5958644587452321,0.5958355355957354,0.5957921535778844,0.5957345516565119,0.5956617308204701,0.5955741199354926,0.5954718739979699,0.5953541988072665,-2.0,0.5950723502373498,0.5949080057073091,0.5947268863462074,0.5945295234867983,0.5943148681340915,0.5940828524984941,-2.0,-2.0,0.5932769633908778,-2.0,-2.0,-2.0,0.5919239029616847,-2.0,0.5911155588250412,-2.0,-2.0,-2.0,-2.0,-2.0,-2.0,0.587469002959051,0.5868298363071348,-2.0,0.5854499630802762,-2.0,-2.0,0.58310359913569,0.5822411171477918,-2.0,-2.0,-2.0,-2.0,-2.0,-2.0,-2.0,0.5736110243072736,-2.0,-2.0,-2.0,-2.0,0.5662871172228124,0.5646035750705932,-2.0,-2.0,0.559051898306427,-2.0,-2.0,-2.0,-2.0,-2.0,-2.0,-2.0,-2.0,-2.0,-2.0,-2.0,-2.0,0.5235960271272043,-2.0,-2.0,-2.0,-2.0,-2.0,-2.0,-2.0,-2.0,-2.0,-2.0,-2.0,-2.0,0.4587447736054992,0.4519468811275863,0.44482669441427036,-2.0,0.4295575319588633,0.4213758958990816,-2.0,0.4038308066607754,-2.0,-2.0,0.3742699317359731,0.36346792470613565,0.3521540437348188,0.3403040418715403,-2.0,0.31489287981644914,0.30127729019180344,-2.0,0.27208015298300087,-2.0,0.240050752513294,-2.0,-2.0,0.18608816704008702,-2.0,-2.0,0.12408678310528132,-2.0,-2.0,0.052849344215112004,0.026818942684475933,-2.0,-2.0,-0.05890749496529035,-2.0,-2.0,-2.0,-2.0,-2.0,-0.2705718948153837,-2.0,-0.35523439577139193,-2.0,-2.0
0.06405199533056867,0.4111416130807935,0.42169558088721276,0.4319665455045099,0.4416171109161891,0.4508451747812036,0.459866320073075,0.4681234871901053,0.4762060453549065,0.4836783628186819,0.4908802880445989,0.49747769111128515,-2.0,0.5096726689962429,-2.0,0.52066123316904,0.52531942084118,0.5300751719331531,0.5344717406319922,0.538346214688206,0.5419050690317901,0.5455721282021312,0.5490214215974103,0.5521138324431931,-2.0,0.557426346837691,0.5598333453215717,0.5623318336475545,0.5647155476920523,0.5668930180210994,0.5688877634085456,0.5707205700488737,0.5724088553685874,0.5739673748275462,0.5754090042608012,0.5767448801017593,0.5779848180236817,0.5791735655644803,0.5804069836585859,0.5816472263617366,0.5828036198439301,0.5838808732915376,0.5848851807207351,0.5858222948654591,0.5866971290449167,0.5875146512678924,0.5882785799251026,0.5889929802191556,0.5896611460980361,0.5902861482494773,0.5908706438812518,0.5914174249652281,0.5919280277305883,0.5924053499493879,0.5928506322446433,0.5932663357764788,0.5936540113776528,0.5940142309824368,0.5943493059779213,0.5946599053432113,0.5949473037566075,0.595212851426572,0.5954570275542952,0.5956801089330575,0.5958840010368629,0.5960689494514353,-2.0,-2.0,0.5965160305730289,0.5966309987528359,-2.0,-2.0,-2.0,0.5969296421760066,0.5969651049369162,0.5969860242089398,0.5969915278193386,0.5969823457471619,0.5969584030413322,0.5969195363239999,0.5968656973672162,0.5967970232462603,0.5967133148378266,0.5966144348314403,0.5965003290951403,0.5963704783976739,-2.0,0.596063167598447,-2.0,-2.0,0.5954782613493236,-2.0,-2.0,-2.0,-2.0,-2.0,0.5938185556758482,-2.0,0.5931035281954532,-2.0,-2.0,-2.0,-2.0,-2.0,-2.0,-2.0,-2.0,-2.0,-2.0,-2.0,-2.0,-2.0,0.5851212930379197,0.5843009782221879,-2.0,-2.0,-2.0,0.5805870475571856,-2.0,-2.0,-2.0,-2.0,-2.0,-2.0,-2.0,-2.0,-2.0,-2.0,-2.0,-2.0,-2.0,-2.0,-2.0,-2.0,-2.0,-2.0,0.5490879919426657,-2.0,-2.0,-2.0,-2.0,-2.0,-2.0,-2.0,-2.0,-2.0,-2.0,-2.0,-2.0,-2.0,-2.0,-2.0,-2.0,-2.0,-2.0,-2.0,-2.0,0.45995722028311375,0.4531594295192456,0.44603933235616544,0.4385816481893317,0.4307703664632539,0.4225888023593612,0.41401943468403873,-2.0,-2.0,0.38579637179738,0.37548319054471135,-2.0,0.3533674419494142,0.3415174936623424,-2.0,-2.0,-2.0,0.28823022700754325,-2.0,-2.0,0.24126455088271592,-2.0,0.20612832652595198,0.1873020853141072,0.1675839080087973,-2.0,0.1253007963854359,0.10264526301066412,0.07891642233118146,0.05406344050160494,0.02803306799724581,0.0007695303457314617,-2.0,-0.05769344654430475,-2.0,-0.12182675653166031,-0.15618967280702234,-2.0,-2.0,-0.26935757586745035,-2.0,-0.35401757840316406,-2.0,-2.0
0.06222570836730228,0.4052094872550084,0.41603734251928237,0.4263554737189349,0.4363772286934069,0.4460928830182701,0.4550900205580999,0.4638451303790761,0.4721653880056473,0.47988495075651416,0.4874396094039877,0.49426820353531625,0.5009532763831778,0.5071351533350846,0.5127892518262118,0.5184706697531196,0.5234410976092624,0.5280900437578943,0.5328041053698067,0.5370105083028964,0.5407279336111344,0.5443042705629741,0.547954705578202,0.5512754044745339,0.5542585556130962,0.5569515810259572,0.5593995545090804,0.5618355238438271,0.5643295883572533,0.5666397915628484,0.5687522500944356,0.5706894062294771,0.5724709416452023,-2.0,0.5756297620156243,0.5770336828496041,0.5783351726261173,-2.0,0.5807436919190407,-2.0,0.5832049485831593,0.5843331971361716,-2.0,0.5863645699101895,0.5872791889835385,0.5881333010420265,0.5889310869598773,0.5896771665474944,0.5903740873431468,0.5910260613945654,0.5916360846577642,0.5922057577136223,-2.0,0.5932362190939655,-2.0,0.5941346577215746,0.5945388644864638,0.5949151582262494,0.5952649542566258,-2.0,0.595890175649675,0.5961681894217065,0.5964234279750527,0.5966577717999104,-2.0,0.5970670281372136,0.5972429113471937,0.5974000728103391,0.5975398870610059,0.5976628374684827,-2.0,-2.0,0.5979308652635672,-2.0,0.5980297864903458,0.5980560980712933,0.5980671324076472,0.5980629946374519,0.598043756126925,0.5980097441388049,0.5979599888241106,0.5978954109797372,0.5978155932771433,0.5977204103833236,0.5976096981021072,0.5974832570335973,-2.0,-2.0,0.5970070023662217,-2.0,0.5966054547149857,0.5963783191419335,-2.0,-2.0,-2.0,-2.0,-2.0,0.5946141823287949,0.5942475215911653,0.5938581931722662,-2.0,0.5930081802821575,-2.0,0.5920569155756955,-2.0,-2.0,-2.0,-2.0,-2.0,0.5885097244270131,0.5878043289093523,-2.0,-2.0,-2.0,-2.0,0.583698257231007,-2.0,-2.0,0.580706466793076,-2.0,0.5784574973914804,-2.0,-2.0,0.574654163965227,0.5732610128453477,0.5718003200857087,0.5702689544304363,-2.0,-2.0,0.5652172183732842,-2.0,-2.0,-2.0,-2.0,-2.0,0.5527092628414665,-2.0,-2.0,0.5450115353890386,-2.0,-2.0,-2.0,0.5329236204632445,0.5295336826288803,-2.0,0.5222625313960312,-2.0,-2.0,0.510007956857067,0.5055290619205957,-2.0,0.4959232643353789,-2.0,0.4853840327222876,-2.0,-2.0,-2.0,-2.0,0.45433733456734837,-2.0,-2.0,0.43194854930256027,-2.0,-2.0,-2.0,-2.0,-2.0,0.3766618441849371,-2.0,-2.0,-2.0,-2.0,-2.0,-2.0,-2.0,-2.0,-2.0,-2.0,-2.0,0.2073075992713333,-2.0,-2.0,-2.0,-2.0,-2.0,-2.0,-2.0,-2.0,-2.0,-2.0,-2.0,-2.0,-2.0,-2.0,-2.0,-2.0,-2.0,-2.0,-0.35284029578183196,-2.0,-2.0
0.060451493537854416,0.39890592462988717,0.40997754723694824,0.42075868621549595,0.4310465104079847,0.4408024249515359,0.45030980161158907,0.45935661490840934,0.4677819126018196,0.4760875897665009,0.4835739701862227,-2.0,0.4976565562023084,0.504319018466889,-2.0,0.5159071432327471,-2.0,0.5261425911746461,0.5308549950899422,0.5354343611973726,0.5394622191551874,0.5430635635973955,0.5466913594364545,0.5502607977413495,0.5534597039626364,0.5563379869052031,0.5589411774058777,0.5613484263663853,-2.0,0.5662698252690125,0.56850945116447,0.5705594169950888,0.5724408854090732,0.5741727525261039,0.5757699391837903,-2.0,0.5786134708991534,0.5798816041193168,0.5810710335258296,-2.0,0.5835376722751758,0.5847199448440616,0.585820543424532,0.586846120275962,0.5878024922107514,0.5886951030317001,-2.0,0.5903075216647843,0.5910354236365761,0.5917158412213651,0.5923516036814078,0.5929463907012892,0.5935019663628209,0.5940210892711848,0.5945057907647284,0.594958421062782,0.5953799022035211,0.5957727510516319,-2.0,0.5964769147756064,0.5967912523692421,0.5970816198884695,0.5973492115142032,0.5975950130664047,-2.0,0.5980251472140464,0.5982101203951605,0.5983767144542754,0.5985250920547934,0.598656135696612,0.5987690021621328,0.5988659667948922,0.5989455198522612,0.59900941768588,0.5990574531945224,-2.0,0.5991059739639686,0.5991068956159963,0.5990925961347144,0.5990630948381347,0.5990179908122691,-2.0,0.5988818428201831,0.598790476665495,0.5986835472660711,0.5985603983826109,0.5984212645881173,-2.0,0.5980934819229788,0.5979041852403503,0.5976974553013323,0.5974728732629365,0.5972300355016156,-2.0,-2.0,-2.0,-2.0,0.5957216644327827,0.5953568131748246,0.5949692123566848,0.594558028090175,-2.0,-2.0,0.5931740457551063,0.5926592992194305,0.5921160659644444,0.5915431805703077,-2.0,-2.0,0.5896340822632197,-2.0,0.5881888663111607,0.5874099927567563,0.5865914121967638,-2.0,0.5848280453473138,-2.0,0.5828836557520375,-2.0,-2.0,-2.0,0.578383496028668,0.577117196895768,0.5757891572344795,-2.0,-2.0,-2.0,-2.0,-2.0,-2.0,-2.0,0.5625700916282097,0.5605403500847,-2.0,-2.0,0.5538491802375765,0.5514022133001222,0.5488384198541177,0.5461523128758374,0.5433381224797058,-2.0,-2.0,0.5340653612732734,0.5306756641912738,-2.0,0.5234048959327657,-2.0,-2.0,0.5111508556435762,-2.0,0.501980727748679,0.49706662629390064,-2.0,-2.0,-2.0,0.4749648928555153,0.4687689522626367,-2.0,0.45548156754827807,-2.0,-2.0,-2.0,0.42491169772129583,0.4163424861635419,-2.0,0.3979662675805204,0.3881198879768639,-2.0,-2.0,0.3556913620181941,-2.0,-2.0,-2.0,-2.0,-2.0,-2.0,0.25997446688892684,-2.0,-2.0,0.20845323440468538,-2.0,0.1699089835398474,-2.0,-2.0,-2.0,-2.0,-2.0,-2.0,-2.0,-2.0,-2.0,-2.0,-0.11950111917354944,-0.15386395821000642,-2.0,-2.0,-2.0,-2.0,-2.0,-2.0,-2.0
0.0587278661318948,0.3926128969395357,0.4039184595674413,0.41478016109841354,0.42532712145830887,0.43559300508057497,0.4452553062411405,0.45446587933005517,0.4634795138983789,0.4717367275662644,0.479793620208816,0.4872763628585513,0.49444882728172046,0.5010526699021906,0.5075307181748099,0.5132178728326888,0.518979301307294,0.5241818683485667,0.5288348533369724,0.5335909866473425,0.5379709473270509,0.5418310445601353,0.5453872927585063,0.5490550319943485,0.5524933250322278,0.5555761665008442,0.5583553835358741,-2.0,0.5632780947490602,0.565776737957132,0.568154378469034,0.5703260479346518,-2.0,0.5741438970234348,0.5758277246841794,0.5773810722897688,0.5788182116139674,0.5801496805701113,0.5813852456400543,0.5825712287877831,0.5838032106453593,0.5850401483357561,0.5861931408668122,0.5872666645349719,0.5882671157080912,0.5892005082595827,0.5900713969322914,-2.0,-2.0,-2.0,-2.0,-2.0,0.5942184133173551,0.5947597833343385,0.5952656180315148,0.5957373325403065,0.5961773951783667,0.5965873663608346,0.5969684669154979,-2.0,0.5976509946335268,-2.0,0.5982348529103074,0.5984931523995127,0.5987286115105949,0.5989439931313137,0.5991392728258625,-2.0,0.5994723340376061,0.599611287788816,0.5997324120871166,0.5998363818572713,0.5999234478096124,0.5999944130391153,0.6000484522021557,0.6000862270636494,0.600108446677339,0.6001149128166278,0.600105726420042,0.6000809420614092,0.6000406306204192,0.5999845996066153,0.5999129628791885,0.5998255302399205,-2.0,-2.0,0.5994670066695333,-2.0,0.5991454988054199,0.5989592755720522,-2.0,0.5985331975864011,-2.0,-2.0,-2.0,0.5974558871682792,0.5971365169100962,-2.0,0.5964325831859945,0.5960466572940373,0.5956370227398247,0.5952030093359438,-2.0,-2.0,0.5937445241907348,-2.0,-2.0,-2.0,-2.0,-2.0,0.5900218020909268,-2.0,-2.0,0.5876863688677129,0.5868274543255926,-2.0,-2.0,-2.0,-2.0,-2.0,-2.0,-2.0,-2.0,-2.0,-2.0,-2.0,-2.0,-2.0,-2.0,-2.0,-2.0,-2.0,-2.0,-2.0,-2.0,0.5549562582062337,-2.0,-2.0,-2.0,-2.0,-2.0,-2.0,0.5351743193043447,-2.0,-2.0,0.5245144841735985,-2.0,-2.0,-2.0,-2.0,-2.0,-2.0,-2.0,-2.0,-2.0,0.4760760658736523,0.46988024580505094,0.463390553523187,0.45659308300380463,-2.0,0.4420158683890815,-2.0,0.4260236120896463,0.41745448749590436,0.40847917062805705,0.39907843071095733,-2.0,0.3789191568719513,-2.0,0.3568038112405381,-2.0,-2.0,-2.0,-2.0,0.29166743250887234,0.2767312157103268,0.26108730106883066,0.24470217601859123,-2.0,-2.0,0.1907400688458606,-2.0,-2.0,-2.0,-2.0,0.08235492090465601,0.05750202656687098,0.031471737390787013,-2.0,-2.0,-2.0,-2.0,-0.11838775099480203,-0.1527499137079792,-2.0,-2.0,-2.0,-0.3072700289677389,-0.35058067443103025,-2.0,-0.44345419577304135
0.057053383771999505,0.38593375341894215,0.3974955302413877,0.40877008122793895,0.41961772778134016,0.42992738554407023,0.4399348758389306,0.4496508103718021,0.4586456496497535,0.46737577862821994,0.4757089175940687,0.48339921039153344,0.4909562089582112,0.4977581545167163,0.5044500036621904,0.510598883553896,0.5162565366484921,0.5219241904791102,0.5268712392194442,0.5315233353425515,0.5362291317493777,0.5404180889656411,0.5441208445725699,0.5477005656021999,0.5513459948630234,0.5546553764698009,-2.0,0.5603119904859659,0.5627532724416953,0.565190130543709,0.5676812599686654,0.5699848554930773,0.572091119699018,0.5740230395803384,-2.0,0.5774358519452147,0.5789474600399105,0.580346512673738,-2.0,0.5828480055061,0.584045674393682,0.5852927378644218,0.5865011303950872,0.5876253671596307,0.5886724963315142,0.5896487752305675,0.5905589388075996,0.5914089467712882,0.5922024586914674,-2.0,0.5936360925579932,0.5942832883531005,0.5948882304179489,-2.0,0.5959804360107248,0.5964726556781134,0.5969316260515519,0.5973593220403083,0.5977574321500532,0.5981272193183111,-2.0,0.5987881973636431,-2.0,-2.0,0.5995986108756128,0.5998247470583261,0.6000304881737087,-2.0,0.6003821477195885,0.6005298485641055,0.6006592112293534,0.6007709304288841,0.600865313431751,0.6009429444690129,0.6010037311786093,0.6010478126754976,0.6010759048239883,-2.0,0.6010840604996113,0.6010641619594417,-2.0,0.6009771168955523,0.6009097346860938,0.6008263846269218,0.6007269157221368,-2.0,0.6004789010858472,0.6003298994085735,-2.0,-2.0,0.599779762067798,-2.0,-2.0,0.5990657478112151,-2.0,0.5984923473705641,-2.0,-2.0,-2.0,0.5970909633987654,0.5966832201893444,0.5962512766357677,-2.0,-2.0,0.594796824002457,-2.0,-2.0,-2.0,-2.0,-2.0,0.5910815458746983,0.5903426960923964,0.5895657525728962,0.5887490147135539,0.5878907356724123,-2.0,0.5860421100036881,-2.0,-2.0,-2.0,0.58175908389967,-2.0,0.5792879753938769,0.5779610828909558,-2.0,0.575110406448804,-2.0,-2.0,-2.0,-2.0,-2.0,-2.0,-2.0,-2.0,-2.0,-2.0,0.5535850473814047,-2.0,-2.0,-2.0,-2.0,-2.0,-2.0,0.5328621160390764,-2.0,-2.0,0.5216959906704792,0.5176146009790724,-2.0,0.5088608963674323,-2.0,-2.0,-2.0,-2.0,0.48307050205942886,0.4771554117578905,-2.0,0.46447058634524035,0.457672788497236,-2.0,0.4430957837274449,-2.0,-2.0,-2.0,-2.0,0.40015879969498463,-2.0,-2.0,-2.0,-2.0,-2.0,0.3336235357199783,-2.0,-2.0,0.2927483926971484,0.2778122225226804,0.2621683599823618,-2.0,0.2286218791627102,-2.0,-2.0,-2.0,-2.0,0.12982044841479357,-2.0,-2.0,-2.0,-2.0,-2.0,-0.023265229868286608,-2.0,-2.0,-2.0,-0.15166895013769044,-2.0,-0.22535524927026263,-2.0,-0.30618820797462976,-0.3494989444645067,-2.0,-2.0
0.05542664520663104,0.3793173217420341,0.391041037181381,0.4024169654322965,0.4134821298134595,0.4242530165950444,0.4345608998666886,0.44429982503414056,0.45378542894913565,0.46284648807866496,0.4712463434323593,0.47954123020898787,0.48701917479445717,0.49446065593951943,0.5010740728015605,0.5077265426004122,0.5135643603023877,0.519298686227753,0.5247481403170472,0.5294903634497982,-2.0,0.5387703695144733,-2.0,0.546372463308034,0.5500048933676756,0.5535624016048071,0.5567491536942336,0.5596168260492985,0.5622103623516842,0.5646137655654144,-2.0,0.5695304354484356,0.5717628919878766,-2.0,0.5756817866155605,0.5774075667832073,0.5789993535134119,0.580470492388641,0.5818324992665833,0.583095728329129,0.5842818175248408,0.5854953129250214,0.5867435248265753,0.5879215564342293,0.5890178180917103,-2.0,0.5909908568737956,-2.0,0.5927079792316504,-2.0,0.5942049986621585,0.5948804142866191,0.59551142829395,0.5961006228751533,0.5966508557753466,0.5971644525352708,0.5976432647163906,0.5980896769463879,0.598505502963454,0.5988917148755204,-2.0,0.5995821856658371,0.5998882866571659,0.6001710281951278,0.6004305764113211,0.6006684295378841,0.6008847482596268,0.6010799030955414,0.601255732699646,-2.0,0.6015500974529125,-2.0,0.6017718035877004,0.601856286189058,0.6019237996316177,0.6019745349267448,0.6020090500646574,-2.0,0.6020280901179242,0.6020137579014615,0.6019828861255552,0.6019361303182109,0.601873092985661,-2.0,-2.0,-2.0,-2.0,0.601312290092415,-2.0,-2.0,0.600771070455336,-2.0,0.6003194951969633,0.6000651585789016,0.5997911105511533,-2.0,-2.0,-2.0,-2.0,-2.0,0.5976975735895214,-2.0,-2.0,0.5963278576945266,0.5958174251203058,-2.0,-2.0,0.5941093163992882,-2.0,-2.0,0.5921098171798753,0.5913720284708558,0.5905960945857285,-2.0,0.588922957623604,-2.0,-2.0,-2.0,0.5850395339647444,0.5839447964568798,0.5827959835471421,-2.0,-2.0,-2.0,0.5776089161544604,-2.0,0.5746209427702114,0.5730175261312248,-2.0,0.56957465634217,-2.0,0.5657921882853323,0.5637635919258989,0.5616376944189199,-2.0,-2.0,-2.0,-2.0,-2.0,0.5465680403795388,-2.0,0.5405325739756132,-2.0,0.5339085043736984,0.5303582036698076,-2.0,-2.0,-2.0,-2.0,-2.0,0.5052175948532579,-2.0,-2.0,-2.0,0.48411886966922074,-2.0,-2.0,-2.0,-2.0,-2.0,0.44414507317619717,-2.0,-2.0,-2.0,-2.0,0.4012083522217315,-2.0,-2.0,-2.0,0.3589343554032884,0.3470846892325179,-2.0,0.32167423149308044,-2.0,-2.0,-2.0,-2.0,0.24683359594111154,-2.0,-2.0,0.19287175186813,-2.0,-2.0,0.13087101046399596,-2.0,0.08448696536282141,0.05963413063324785,-2.0,-2.0,-2.0,-2.0,-2.0,-2.0,-0.15061799186442515,-2.0,-0.22430435706442564,-2.0,-2.0,-0.34844795397220174,-0.3938103342910405,-2.0
0.05384628913753366,0.37230001378067995,0.3843092772040511,0.39605046177560327,0.40737967018841353,0.41823198831871716,0.4287649346259788,0.4390170808021763,0.44869549828371347,0.4578803270219178,0.4668791868343875,0.4751378117305223,0.4831587085382331,-2.0,0.4977870501528409,0.5044004922670396,-2.0,0.5165264684753503,0.5222849865827723,0.5274583409992136,0.5321055930631985,0.536860700435782,0.541219082206796,0.5450609674392105,0.5486150254550367,0.5522828486902762,0.5557069438580442,0.5587772736366862,0.5615452333689096,0.5640524140705214,0.5664580004090357,0.568956391384906,-2.0,-2.0,-2.0,0.577294558588607,0.5789714029123414,0.5805195277471488,0.5819510075831413,0.5832770182487127,-2.0,0.5856908905185169,-2.0,0.5881540528519484,0.5893023040545413,0.5903714423363216,-2.0,0.5922953354857484,0.5931616386800816,0.5939703810290973,0.5947248517131871,0.5954297874613373,-2.0,-2.0,-2.0,0.5978128282726093,0.5983127018450416,0.5987781836920493,0.5992117725861565,0.5996149649368074,0.5999893526941379,0.6003364207462609,0.6006577960068978,0.6009530249472522,-2.0,0.6014742944161007,0.6017015234252134,0.6019075853181984,0.6020932114456311,0.6022590578227017,0.6024057121508538,0.6025336984746917,0.6026434822557764,-2.0,0.6028099923130676,0.6028673711125296,0.6029078517535689,0.6029316167012265,0.6029388358372376,0.6029298445095957,0.6029040012047533,0.6028620327689742,-2.0,0.6027293303486111,0.6026377250273388,-2.0,0.6024051486777335,0.6022625344689247,0.6021031274578057,0.6019266181389834,0.6017309180460249,0.6015173782491459,-2.0,-2.0,0.6007620459013802,-2.0,0.6001567397489598,0.5998220792046066,0.5994650451436676,0.5990848833228641,-2.0,0.5982521378241898,0.5977973644020221,-2.0,-2.0,-2.0,0.5957019768328528,0.5951032789840427,-2.0,-2.0,0.5931073468446862,-2.0,-2.0,-2.0,-2.0,-2.0,-2.0,-2.0,0.586044546342922,-2.0,0.5838024402408462,0.5825977692408237,-2.0,-2.0,-2.0,0.5771599426179028,-2.0,-2.0,0.5723477200688093,0.570586210852266,0.568739826391845,0.5668046183780523,-2.0,0.5626509075411945,0.5604235196942483,0.5580894930024125,-2.0,-2.0,-2.0,-2.0,0.5446360009855143,0.5415483066153721,-2.0,0.5349247312881301,0.5313746624101461,-2.0,0.5237599123056658,-2.0,-2.0,0.510925954285633,-2.0,0.5013217677478262,0.49617503427555737,0.4907840074329233,-2.0,-2.0,0.47302687998207815,0.46653755645139955,0.459740439228877,-2.0,0.4451638765690146,-2.0,0.4291722120370635,0.42060337001881204,0.41162832132562843,0.4022278336207951,-2.0,0.38206903396747627,0.37126753151210723,0.3599541229944527,-2.0,-2.0,0.32269422246992846,0.3090790161740466,0.29481866420696695,0.279882601259758,0.2642388393369954,0.24785385780561064,0.23069255206882738,0.21271819468056535,0.19389215147585226,-2.0,-2.0,0.1318915388806362,0.10923619758632874,0.0855075805309109,0.06065476092332278,0.03462455627747152,0.0073612037824069,-0.021193764225082568,-2.0,-2.0,-0.11523453354088808,-2.0,-2.0,-2.0,-0.2627648318184391,-0.3041164950768964,-0.34742707961153274,-2.0,-0.44030061293870115
0.052310993080562605,0.3653561979334915,0.3774797340268319,0.38932623836295277,0.4008821245845803,0.41214638337146714,0.42301343533290103,0.4333120803434218,0.44329794924897586,0.45300757187981555,0.4620017994144473,0.47069862373643095,0.4790433859374039,0.4866988360645287,0.49425532010628426,0.501025984373985,0.5077235629844553,0.513831148862813,-2.0,0.5251434351711115,0.5300613397622964,0.5347194335081764,0.5394130570219243,0.5435802570880514,-2.0,0.5508495503795717,-2.0,0.5577826131640957,0.5607424183001687,0.5634151870223464,0.5658485081283225,0.5682871166624989,-2.0,0.5730692249386719,0.5751676125508216,0.5770918811564776,0.5788610467582028,0.5804914067355976,0.5819970868776501,0.5833903425078253,0.5846812318176192,0.5858805995501792,0.5870768753184852,0.5883220281191727,0.5895254461508839,0.5906444466300679,0.5916865787238149,0.5926573976826267,0.5935627762636634,0.5944073742675119,-2.0,0.5959318481870263,0.5966188358669748,0.5972605283254915,0.5978594861614619,0.598418313598437,0.598939758301777,0.5994257458119477,0.5998781351481256,0.6002991586532236,0.6006905582058776,0.6010526013394634,0.6013884991447285,-2.0,-2.0,0.6022444656512945,0.6024828856640311,0.6027002833790079,-2.0,0.6030710457197506,0.6032268853023013,0.6033633632492575,0.6034812644799624,0.6035809246303188,0.6036631560797275,-2.0,0.6037739647207128,0.603803903937559,-2.0,-2.0,0.6037933686673841,-2.0,-2.0,0.6036320205671373,0.6035453477975966,-2.0,0.6033201244082684,-2.0,0.6030255498171153,0.6028517601845019,-2.0,-2.0,0.6022196696420214,-2.0,0.601701740682664,0.6014121279032015,-2.0,0.600769019516751,0.6004140945345378,-2.0,-2.0,-2.0,-2.0,-2.0,-2.0,-2.0,-2.0,0.5960673216213024,0.5954375254597722,0.5947739256217556,-2.0,-2.0,-2.0,0.5917519866892459,0.590896542101789,0.5899975899558001,-2.0,-2.0,-2.0,-2.0,-2.0,-2.0,-2.0,0.5809871936366302,0.579597431002286,-2.0,0.576611686645036,0.5750093092350091,-2.0,0.5715683758688923,-2.0,-2.0,0.5657598962060436,0.5636347810362736,-2.0,-2.0,0.556628767542436,0.5540665305314944,-2.0,0.548569132345248,-2.0,0.5425347715943628,0.5393002537527226,0.5359117080478131,-2.0,0.5286431529885751,0.5247475719970559,-2.0,0.5163920473108594,-2.0,0.5072236642260961,0.5023104135159512,0.4971638069737045,0.49177292934908,-2.0,0.48021153213169604,0.4740162309374637,-2.0,-2.0,0.4536106844685285,0.44615371388490316,-2.0,0.43016225852951057,0.42159351672012574,0.41261856457081336,0.4032181695278733,-2.0,-2.0,-2.0,-2.0,-2.0,0.336684242710022,0.3236850758446321,0.3100699308608212,0.2958096363325768,0.28087363050771025,0.26522993417568747,0.2488450036326315,0.23168374171000733,0.21370938375890142,0.19488342826938088,-2.0,0.15451344401358774,-2.0,0.11022763376525468,0.08649902834904288,0.06164627032000014,-2.0,0.008352755150020319,-2.0,-2.0,-0.08143437635531392,-2.0,-2.0,-2.0,-2.0,-0.2617730625752277,-2.0,-0.34643527822675857,-2.0,-0.4393085115294788
0.050819472258994136,0.35808363372251556,0.37048967786643633,0.3826480891528083,0.39438977355702326,0.4057569620759915,0.416809320425874,0.42756246582498825,0.43788995409137266,0.4476091275824056,0.4570653081814036,0.46613858685093523,0.4745095387981702,0.48278659385530936,0.4902564801593418,-2.0,0.5042763132778444,0.510913661886509,0.5167229230449983,0.522468181653725,0.5278824747614597,0.5326060497886382,0.537333285213604,0.5418698747660602,0.545858037477874,0.5494405025600765,0.5530776721532119,0.556620552973514,0.5597921691489766,0.562646938785791,0.5652286094025148,-2.0,-2.0,-2.0,0.5747625772286149,0.5767972259452846,0.5786652051679788,0.58038381968344,0.5819687889038567,0.583433553463431,0.5847891786374834,0.5860461907174868,0.5872280209318523,0.5884412124803019,0.5896855646103862,0.5908580942073194,0.5919490130624692,0.5929647632222472,0.5939114383436984,0.5947940057275929,0.5956175010612625,0.5963864467600112,0.5971036169906702,0.5977730905056131,-2.0,0.5989811671065088,0.5995254006524394,0.6000322239188318,0.6005045281459279,0.6009439171698088,0.6013523591094221,0.6017309967793937,0.6020817201263643,-2.0,0.6027044753021048,-2.0,0.6032292795270621,0.6034570949919725,0.6036633888952141,0.6038492696183292,0.6040144297814862,-2.0,0.6042858231913835,0.6043934899475302,0.6044827570615166,-2.0,-2.0,0.6046441818091964,0.6046632923735007,-2.0,-2.0,0.6046185912081453,0.6045698595881147,0.6045041920518964,-2.0,0.6043216991362798,-2.0,-2.0,-2.0,-2.0,0.6035586460412132,-2.0,0.6031245015848206,0.6028782405826546,0.602611838745114,-2.0,0.6020165721592361,-2.0,-2.0,0.600957576610215,-2.0,0.6001321955669057,0.5996811528229579,0.5992032833280615,0.5986975766335243,-2.0,0.597598275483205,-2.0,0.5963738855449943,-2.0,-2.0,-2.0,-2.0,-2.0,-2.0,-2.0,-2.0,-2.0,-2.0,0.5868742560839835,-2.0,-2.0,0.583261925331636,-2.0,-2.0,-2.0,0.577563826465326,0.5759619896466529,0.5742826032602694,0.5725220681901111,0.5706766129017301,0.5687422840785674,0.5667149382120215,0.5645902330211374,0.5623636157391622,0.5600303173988436,0.5575853385472321,0.5550234417290315,0.5523391376864153,0.5495266765031981,-2.0,0.5434928930945531,-2.0,0.536870354618145,0.5333207679435402,0.5296022782708099,0.5257069191819842,-2.0,0.5173518131988804,0.5128741639115689,-2.0,0.5032706930663275,0.49812429469135217,0.49273357889047475,-2.0,-2.0,0.4749773208213409,0.468488263506407,0.4616913924768973,0.4545721588738252,-2.0,-2.0,-2.0,0.42255542348411795,0.4135805648502263,0.4041802630331574,0.3943343706632043,0.3840217998007299,0.37322045389594605,0.3619071921690497,-2.0,-2.0,0.32464771166666867,0.31103263788640284,0.2967724061532368,-2.0,0.26619279777203425,-2.0,-2.0,-2.0,0.19584649880772143,0.17612864631938518,-2.0,-2.0,0.11119087022908591,-2.0,-2.0,0.03657943392405072,0.009316124139525872,-0.019238762127392617,-2.0,-2.0,-0.11327937501271457,-2.0,-2.0,-2.0,-0.26080946686331075,-0.3021610983323073,-0.3454716535155291,-0.39083393145576784,-0.43834510960427353
0.049370478528390015,0.35081217518592334,0.3633156555196213,0.3755806506994168,0.3875854617412676,0.39931733611672704,0.4106709809608621,0.4215125612574025,0.43202498160239683,0.44225318290893756,0.45195374229404217,0.4611054715833844,0.470080864729577,0.47834417214822644,0.4863198062925369,0.4938331376983129,-2.0,0.5075399055743951,0.5139520421634409,0.5196183190345991,0.5253704761571658,0.5305094716129215,-2.0,0.5399035021823418,0.5442360956501086,0.5480562184847865,0.5516086964102447,0.5552759061934449,0.5586826934142196,0.5617381396151827,0.5644924550559137,0.5669874603072208,0.5693941762984529,0.5718918903312394,0.5742512082511724,0.5764060740022734,0.5783802332065476,-2.0,-2.0,0.5834050676338034,0.5848294065035481,0.5861490116894135,-2.0,0.5885538298112022,-2.0,0.591010906740742,0.5921534066266244,0.5932165636914785,0.594206631436739,0.595129379393155,0.5959898270154176,0.5967930734592778,0.597541645964814,0.5982407043428686,0.5988930376959065,0.5995013890273245,0.6000693234663643,0.6005981744678549,0.6010911568203808,0.6015500215738787,0.6019761087795003,0.6023718030485604,-2.0,0.6030773278465484,0.6033898907424539,0.6036769570243817,0.6039400471392372,0.6041797512314778,0.604397606294815,0.6045929606775071,0.6047679156583621,0.604922960172925,-2.0,0.6051735123647877,-2.0,0.6053493698970022,-2.0,-2.0,0.6054783666207018,0.6054867615719414,0.6054770414887877,-2.0,0.6054072444487067,0.6053462435701848,0.6052678602042544,0.6051725417532585,0.6050593618452904,-2.0,0.6047800067012508,0.6046131443142656,0.6044277475376998,-2.0,0.6039998506524649,0.6037564939062214,0.6034928836760186,0.6032084803953829,0.6029026945124909,-2.0,-2.0,0.6018506655962279,0.6014522616415077,0.6010290225735201,-2.0,0.6001038990269235,0.5995996746133526,-2.0,-2.0,-2.0,0.5972819218830981,0.5966209103765597,0.5959245565673515,0.5951913724986753,0.5944197931589091,-2.0,-2.0,-2.0,0.5909152228498978,-2.0,-2.0,-2.0,-2.0,0.5854454555003838,-2.0,-2.0,-2.0,0.5800152440454036,-2.0,-2.0,-2.0,-2.0,-2.0,-2.0,-2.0,-2.0,-2.0,-2.0,0.5585141949788848,-2.0,0.5532686819793167,0.5504565378951036,0.5475101952078617,-2.0,0.5411893859212552,-2.0,-2.0,-2.0,0.5266388434330601,0.5225582788517829,0.5182839556184029,0.5138065074173808,0.5091163408112636,0.5042034062768496,0.499057181818707,0.49366663510536757,-2.0,0.4821058479455676,-2.0,-2.0,0.4626251720585791,0.4555060628802089,0.4480493273389478,0.44023899287796414,0.4320583147342267,0.42348977514696134,0.4145150183929629,0.4051148064442786,0.3952690094549469,0.3849565226292554,0.37415525891721635,0.3628420742792398,0.3509927302915131,0.33858183975043227,0.32558281123066707,0.31196779844542694,-2.0,0.28277173818811124,0.2671281479750743,0.2507433202913998,-2.0,-2.0,0.19678205515350078,-2.0,0.15641223916351982,0.13478180386520633,0.11212658630029704,0.08839806454459309,0.06354535514626225,0.03751525645566367,0.0102519839562486,-2.0,-2.0,-0.07953497334777404,-0.11234339965110551,-2.0,-2.0,-0.22039213101733424,-2.0,-0.3012250119279415,-2.0,-2.0,-2.0
0.04796279933211694,0.3433673539456437,0.35611388898883095,-2.0,0.3807221291024105,-2.0,0.40410617654747766,0.41535446507249385,0.42623646916815805,0.4365250931562657,0.4464825138438852,0.4561782032815598,0.46517497344354747,0.4738304828532845,0.48218383903133116,0.4898015380210342,0.497353015695517,0.5040901812723362,0.5107904651450608,-2.0,0.5225215176259911,0.5281464602491902,-2.0,0.5376965527221675,0.542374763160108,0.5465162917423426,0.5501819148199425,0.5537716455640924,0.557400711285733,0.5606778807308351,0.5636224711594454,0.5662815808134651,0.5687062217862585,0.5711473673986182,0.5736292053295906,0.5759135803107926,-2.0,0.5799178808980676,0.5816789359122602,0.5833017672100619,0.5848001113506449,0.586185984739123,0.5874703524289193,-2.0,0.5898586266313393,0.591101737834884,0.5922989463549057,0.5934120984342436,0.5944480593745787,0.595413021660424,-2.0,0.5971510071642387,0.5979332103719968,0.5986632114867241,0.599344381190268,-2.0,0.600571521578095,0.6011236951837748,-2.0,0.6021172976153472,0.602562106104098,0.6029758265418717,0.6033584969972182,0.6037131579686618,0.6040399866304268,0.6043408043463487,0.6046167074096916,0.6048685069844026,0.6050973222206439,-2.0,0.6054889959643159,0.6056532788072919,0.6057973500307114,0.6059217433911065,0.6060269258759253,0.6061138066111281,0.606181369512692,-2.0,0.6062628328383233,0.6062770860402359,0.6062734515914692,0.6062524582585574,0.6062140044381482,0.6061580888850191,0.6060846608559957,0.605993631539902,0.6058848645996936,0.6057581805624668,0.6056133570342527,-2.0,-2.0,-2.0,0.6048466878555006,-2.0,0.6043455103998782,0.6040637913055155,0.6037605598351348,0.6034351858891934,0.6030869911572219,0.6027152473920836,-2.0,0.6018979272325443,0.6014506284334676,-2.0,0.6004740150622525,0.5999426281793628,0.5993810349231793,0.5987880409574386,-2.0,-2.0,-2.0,0.5960757073015308,0.5953053002108003,-2.0,-2.0,-2.0,-2.0,-2.0,-2.0,-2.0,-2.0,-2.0,-2.0,0.5837552970011287,0.5823674659994399,-2.0,-2.0,0.5777846225716532,0.5761063177725659,-2.0,-2.0,-2.0,0.5685425078740134,-2.0,-2.0,-2.0,0.5594161028465819,-2.0,-2.0,0.5513594741803841,0.5484134468478257,-2.0,-2.0,0.5387054558015095,-2.0,0.5314383800463001,-2.0,0.523463355831159,-2.0,-2.0,0.5100220344556281,-2.0,0.49996324203983583,0.4945728662596175,0.4889266174092219,0.4830123961254787,0.4768175290953184,0.4703287530957861,0.4635321469339747,0.45641316846434554,0.4489565595924541,0.4411463395590352,0.43296577255985974,-2.0,-2.0,-2.0,0.3961768652348091,0.3858644703762464,0.3750632928332359,0.36375019070479125,0.35190092436502374,-2.0,0.3264911508837342,-2.0,-2.0,0.28368026678125663,0.268036730981337,0.2516519640257817,0.2344908624893483,-2.0,-2.0,-2.0,0.15732112562254813,-2.0,-2.0,0.08930705908479486,-2.0,-2.0,0.011161100681029934,-0.017393729115285916,-0.04730132476992721,-0.07862576325937021,-0.11143416343757362,-0.14579681072171613,-0.18178722498581956,-0.21948282631247262,-0.2589640625463079,-0.3003147128876509,-2.0,-0.3889883969188699,-2.0
0.0465952566866468,0.3358109290574023,0.3486325932159523,0.3612585567651275,0.3736616990092716,0.38582032705314884,0.3975870827154807,0.408940751878991,0.41997386302611955,0.4307036214336729,0.4410457031169255,0.45074594158196374,-2.0,0.4692467850625581,0.47758820915237143,0.4858390586884325,0.49330318698171904,0.5006843323444164,0.5072810027507708,0.5138970178984361,0.519676026855352,0.5254310672206777,0.5308044238333666,0.5355085360598119,-2.0,0.5447517382348993,0.5487145751161782,0.5522869076043899,-2.0,0.5594541329550403,0.5626087133922016,0.5654479536658329,0.5680157994925712,-2.0,0.5728891446197797,0.5753146870401844,-2.0,-2.0,0.5814115041537979,-2.0,0.5846988903824982,0.5861559071036344,0.5875044051002869,0.5887543635755114,-2.0,0.5911434850947007,0.5923844200244529,0.5935504739704706,0.5946350320474737,0.5956445281077051,0.5965847873152526,0.5974611731492928,0.5982783305604009,-2.0,0.5997513321733645,0.6004142928160189,0.6010327207419321,0.6016090374468398,0.6021459270613018,0.6026458827365657,0.6031103869508495,0.6035425542823504,-2.0,-2.0,-2.0,0.6049703477439728,0.6052594623399868,0.6055241237413526,0.6057645521555509,0.6059822933034076,0.606178065797528,0.6063522804522762,0.606505631339704,0.6066388176101465,0.6067526556441464,0.6068466359967916,0.6069221259751927,0.6069788772599701,0.6070176779731555,0.6070381382645423,0.6070403911532597,0.6070253422321286,0.6069920421194873,0.6069416279779611,0.6068726856163887,-2.0,0.6066823787360729,0.6065593494406609,0.6064189955369073,0.6062591431176753,0.6060806150285438,-2.0,-2.0,0.6054284003905732,-2.0,-2.0,-2.0,0.6042681138014228,0.6039223048690026,0.603552831406823,0.603158917540705,-2.0,-2.0,-2.0,0.6013217425651106,0.6007917313901978,0.6002317535189066,0.5996402948365973,-2.0,0.5983578385358911,-2.0,-2.0,0.5961642211391661,0.5953548645866021,0.5945036235346365,0.5936088305259597,0.592668110932728,-2.0,-2.0,-2.0,-2.0,-2.0,-2.0,0.5846243119627736,-2.0,-2.0,0.580256293733801,0.5786561860806233,0.5769784479455741,0.575219484362598,0.5733755290154209,0.5714426313714425,-2.0,-2.0,0.5650678749264184,0.5627357626758978,0.5602919160772639,0.5577310994116506,0.5550478264534688,0.5522363491168352,0.5492906443316653,0.5462044010270001,0.5429710060642859,0.5395835344217679,0.5360347259629755,-2.0,-2.0,-2.0,0.5200685522307447,0.5155915158159576,0.5109017480031677,0.5059891966736928,0.5008433298103172,-2.0,0.48980718709627696,0.48389298819705845,0.4776983041459718,-2.0,-2.0,0.45729433568212785,-2.0,-2.0,-2.0,0.4252789845399301,0.4163044484848859,0.40690441764679036,-2.0,0.38674650317277204,0.37594541123712544,-2.0,-2.0,-2.0,-2.0,-2.0,-2.0,-2.0,0.26891942197366286,0.252534822729372,0.2353736653868062,-2.0,-2.0,-2.0,-2.0,-2.0,0.11391864382606987,-2.0,0.06533764512902007,0.039307930019282566,-2.0,-2.0,-2.0,-2.0,-2.0,-2.0,-2.0,-2.0,-2.0,-0.2994321733213058,-2.0,-2.0,-2.0
0.0452667061957886,0.3282339882313611,0.34123004264979806,0.3539545164815874,0.3664571470629713,0.3787173925363869,0.39071275424745444,0.40243045421955864,0.41380235655115866,0.42463618493656086,0.43512203337945077,-2.0,-2.0,0.464157059369951,-2.0,0.4813718553166307,0.4892943245790262,0.49682641189894794,0.5038452098782928,0.5104878498119532,0.516853427431281,0.5225108478241938,0.5282527162965179,0.5333517738556838,0.5379891917858094,0.5427371135867635,0.5470399117672458,0.5508351368597493,0.554387470769318,0.5580526997917746,0.5614394233693257,0.5644770370335356,0.5672161594051783,-2.0,0.5721061364961422,0.5746024673316332,0.5769499474997869,0.5790939253050208,-2.0,0.5828623926704206,0.584523587856958,0.5860563979858713,0.5874734450502941,0.588785572703357,0.5900021534643805,0.5911807822984235,0.5924096268871918,0.5936307233904962,-2.0,0.5958229926683122,0.5968064738782504,0.5977226349177368,0.5985764925960011,0.5993725414270648,0.6001150970019151,0.6008071224216253,-2.0,0.6020540905280162,0.6026144746089862,0.6031362485754685,0.6036213466344497,-2.0,0.6044904977975867,0.6048777539272172,0.6052356780155029,0.6055655881483292,0.6058687431521114,-2.0,0.606399657368936,0.6066285835315952,0.6068352814302009,0.6070197741360647,0.6071827895826526,0.6073254799015799,0.6074474182124606,0.6075498941277456,0.6076330408269328,-2.0,0.6077430767216387,0.6077698535825603,-2.0,-2.0,0.6077416291398635,-2.0,-2.0,0.6075508743336335,0.6074510664788686,0.6073327774419204,0.6071964782306518,0.6070403757967361,0.6068658666378017,0.6066717043723223,-2.0,0.6062234439487477,-2.0,-2.0,-2.0,0.6050743290947969,-2.0,0.6043638486232576,-2.0,0.6035551024816131,0.6031117935297381,-2.0,0.6021425740260139,0.6016147058611241,-2.0,-2.0,-2.0,-2.0,0.5984945644221512,0.5977651986043591,-2.0,0.5961890618446889,-2.0,-2.0,-2.0,-2.0,-2.0,0.5903923011262225,-2.0,-2.0,-2.0,-2.0,-2.0,-2.0,-2.0,-2.0,0.5778250675698372,-2.0,-2.0,-2.0,-2.0,-2.0,-2.0,-2.0,0.5611423291007811,-2.0,-2.0,-2.0,0.550142482286908,0.5470565563328514,0.543823467507421,-2.0,-2.0,-2.0,0.529275863472542,0.5251962056581279,-2.0,-2.0,-2.0,-2.0,-2.0,-2.0,-2.0,0.4847483214835105,0.47855376579282305,0.4720652809999126,-2.0,-2.0,-2.0,0.44288392310124775,-2.0,-2.0,-2.0,-2.0,-2.0,-2.0,-2.0,-2.0,-2.0,0.34122961541768276,-2.0,-2.0,-2.0,-2.0,-2.0,-2.0,-2.0,-2.0,-2.0,-2.0,-2.0,-2.0,-2.0,-2.0,-2.0,-2.0,-2.0,-2.0,-2.0,-2.0,-2.0,-2.0,-2.0,-2.0,-0.25722232755581076,-0.2985738638175507,-0.34188432979350125,-2.0,-2.0
0.04397603609302719,0.32043774134661945,0.3335149071474239,0.3464415509155318,0.35918707780053843,0.37169414741785095,0.38382553558659166,0.395653309399405,0.40718139556692245,0.41840859696578253,0.4292975136249218,0.4395809406632033,0.4495034446469453,0.459174849304905,0.4681802258874424,0.47678727821170463,0.4851440019988304,0.4927235674135793,-2.0,0.5069665127323746,-2.0,0.5196714898146827,0.525356128410758,0.5309497927523384,0.535797885968574,0.5404736647766775,-2.0,0.5492436527397233,0.5528887041882824,0.5564851751666852,0.5601017743551672,0.5633591491925036,0.5662860407954089,-2.0,0.5713458846456286,0.57378978754343,0.5762644844901021,0.5785369438376954,-2.0,-2.0,0.584271567911308,0.5858854094061207,0.5873753712974574,-2.0,0.5900301670621859,0.5912173907369117,-2.0,0.593651532492431,0.5948416718862616,0.5959477106307514,0.5969769167787501,0.5979351478528948,0.5988274332275613,0.5996591302435531,0.6004344230768046,0.6011571211624495,0.6018310898895842,0.6024588249126568,0.6030438039101725,0.6035887869030773,0.604095547666468,-2.0,-2.0,0.6054079165953704,0.6057822739963933,0.6061276191915946,0.6064449600167751,0.6067360963535323,0.607001961418379,0.6072432150285176,0.6074613463425955,-2.0,0.6078295246066828,0.6079814658970681,0.6081126488369148,0.6082236109584969,-2.0,0.6083865319777069,0.6084393749141178,0.6084732381719566,0.6084881692054542,-2.0,0.6084633706529947,0.6084231481024294,0.6083649760520522,0.6082884617066436,0.608193379793901,-2.0,0.6079465038671397,0.6077953958357999,0.6076242866945115,-2.0,0.6072233122247604,0.6069920742994218,0.6067403061863648,0.6064671649788712,-2.0,-2.0,-2.0,-2.0,-2.0,0.60434470394783,0.6039034702404468,0.6034349438052417,-2.0,-2.0,0.6018553832405976,-2.0,0.6006460140643699,0.5999906723356723,-2.0,-2.0,-2.0,0.5969980715933102,-2.0,0.5952563778243942,0.5943178918934428,-2.0,-2.0,-2.0,0.5900650526971629,-2.0,-2.0,-2.0,-2.0,-2.0,-2.0,-2.0,0.5786468784019808,-2.0,0.5750461593873822,-2.0,-2.0,-2.0,-2.0,-2.0,-2.0,0.5594079996221664,-2.0,-2.0,-2.0,0.5478840613260758,-2.0,-2.0,-2.0,-2.0,0.5301048788648065,-2.0,-2.0,-2.0,0.5125860202381508,0.5076738701915333,0.5025283911831051,0.4971385598008419,-2.0,-2.0,-2.0,0.4728963763526704,0.4661002194405717,-2.0,-2.0,0.4437155723398241,0.4355353660967051,0.4269672772190201,0.41799294605750126,-2.0,-2.0,-2.0,-2.0,0.3663218716577728,0.3544728492993807,-2.0,-2.0,0.31544883318939515,0.30118889637923013,-2.0,0.2706099208465845,-2.0,0.23706439922294303,0.21909035783946812,0.20026476825370298,0.18054713311868476,0.15989527143567966,-2.0,0.11560997189582356,0.0918815908128865,-2.0,-2.0,-2.0,-2.0,-0.044726257823386795,-2.0,-2.0,-2.0,-0.17921191618692844,-2.0,-2.0,-0.2977397756079563,-2.0,-2.0,-2.0
0.04272216631116735,0.3127363461997004,0.32586424798672436,0.33885505542772415,0.35167779718207776,0.3643008010182313,0.37669672158255246,0.3888446667375095,0.4006416759828414,0.4119799802440372,0.4229894405134705,0.43368971617929686,0.44403902405387424,0.45372467676042166,0.46310111134480086,0.4721832903649963,0.4804971195362105,0.4887117365723797,0.49617495911963894,0.5035121584430239,0.5101042366905244,0.516691797359843,0.5224403234493266,0.5282027242220664,0.5335303772622203,0.5382152748090645,0.5429601240438138,0.5474327508543061,0.551367127777031,0.554930057289053,0.5585803503542104,0.5620811782953277,0.5652160464355103,0.5680375591593513,0.5705902481074236,0.5729832223452295,-2.0,0.577876139313573,-2.0,0.5820911169809788,0.5839396763985756,0.5856402866694451,-2.0,-2.0,-2.0,-2.0,0.592412872263366,-2.0,0.5948589725661007,0.5960179384119125,0.5970948965935973,0.5980971014442312,-2.0,-2.0,0.6007095182102262,0.6014643782353521,0.6021678727571682,-2.0,0.6034342597864453,0.6040029294660199,0.6045317251753648,0.6050237134899457,0.6054800022758806,-2.0,0.6062947973372356,-2.0,-2.0,0.6072936964479295,0.6075726737399285,-2.0,0.6080566256433065,0.6082626285453193,-2.0,0.6086079695998073,0.6087485517994075,0.6088685408386872,-2.0,0.609047323830901,0.6091074075990595,0.6091482517103133,0.6091707480199878,0.6091730827708239,0.609157368261088,-2.0,-2.0,0.6089986461074484,0.6089080346461869,0.608799401696426,-2.0,0.6085235795555367,0.6083566322343079,0.6081696886827375,0.607962749230655,0.6077348597517316,0.6074862931890145,0.6072161959406095,0.6069240187754043,-2.0,-2.0,-2.0,-2.0,-2.0,-2.0,-2.0,-2.0,-2.0,0.6026296573785782,-2.0,-2.0,-2.0,0.6000801823882368,-2.0,0.5985881877489275,-2.0,0.5969347592970626,-2.0,-2.0,-2.0,-2.0,0.5919983839754056,0.5908568016281113,-2.0,-2.0,-2.0,0.5856954667057658,-2.0,0.5827186507576704,-2.0,-2.0,-2.0,-2.0,-2.0,0.5718891161247489,-2.0,0.5675431048336681,0.5652122879917761,0.5627696775409516,0.5602100407177608,-2.0,-2.0,-2.0,-2.0,-2.0,-2.0,-2.0,-2.0,-2.0,-2.0,0.5225573974187041,-2.0,-2.0,0.5084799728141655,-2.0,0.4979450545130264,0.49229950969979536,-2.0,-2.0,0.47370355515830503,-2.0,0.45978911630381947,-2.0,-2.0,-2.0,0.42777526912395786,0.41880105263759126,-2.0,0.39955605745608924,-2.0,0.37844323166011506,-2.0,-2.0,-2.0,-2.0,-2.0,-2.0,0.2870623432680098,0.27141906087416273,-2.0,-2.0,0.2198996789882423,-2.0,-2.0,-2.0,-2.0,-2.0,-2.0,-2.0,0.041808795588271,-2.0,-0.01400899209061468,-0.0439164563120239,-0.07524076983548145,-0.10804904417048955,-0.14241156414650957,-0.178401941538347,-0.21609738190039096,-0.2555785297877129,-2.0,-0.3402404303543032,-0.3856025783269976,-2.0
0.041504047578504746,0.30477510970390986,0.31804570749758626,0.331211730044104,0.3442301487744289,0.3569731919589747,0.3694708997790259,0.3817215418526955,0.3937029582587536,0.4054020054375015,0.41678239443486886,0.42761606745826347,0.43806989029812315,0.4482294502515036,0.4579733660490819,0.46704946173484746,0.47594475797048463,0.48423579432955255,0.4920975186390027,0.49964786644173204,0.5066007253102454,0.5132602520213654,0.519569040586295,0.5252204543452658,0.5309473864026867,0.5360023273891344,0.540637718654895,0.5453773052755464,0.5496470829856409,0.5534142757335313,0.5569688148309563,0.5606296676344394,0.5639938927728572,0.5670120937146587,0.5697338454185419,0.5722001448720919,0.5746120482741589,0.5771057050368557,0.5794396771137775,0.5815718132281955,0.583524440382918,0.5853181153169611,0.586970015076818,0.5884931582294156,-2.0,0.5912049357283043,0.592413575090239,0.5935902771717437,0.5948179203378706,0.5960318212574677,0.5971598857074965,0.5982088297316749,-2.0,0.6000937001506248,0.6009399623064497,0.6017286750858001,0.6024633135230764,0.6031479133373762,0.6037854549632214,0.6043791103193481,0.6049320303391822,0.6054448777812796,0.6059219578912387,-2.0,0.606773246731343,-2.0,0.6074993808005907,0.6078197848865005,-2.0,0.6083793645909259,0.608620951421694,-2.0,0.6090333036468741,0.6092053331468514,0.6093554970569922,0.6094844545435224,0.6095926602238952,-2.0,-2.0,-2.0,0.6098248479250971,0.609834369224455,0.6098248336895501,0.6097965585684351,0.6097491367485129,-2.0,0.6095971970534075,-2.0,-2.0,0.6092262339420013,0.6090628362085293,-2.0,-2.0,-2.0,-2.0,-2.0,-2.0,-2.0,0.6070036281724498,0.6066439784296178,-2.0,-2.0,0.6054122610674673,0.6049478911896106,0.6044550376412102,0.6039326584167286,-2.0,0.6027948246095904,-2.0,-2.0,0.6008367205506232,-2.0,-2.0,0.5985431307720018,-2.0,-2.0,-2.0,-2.0,-2.0,0.5927656238744764,-2.0,0.5904274055110386,0.5891703586339625,-2.0,0.5864669413526942,-2.0,-2.0,-2.0,-2.0,-2.0,0.5766203226258068,-2.0,-2.0,0.5705441053304314,-2.0,-2.0,-2.0,-2.0,-2.0,0.5554970377038979,0.552552719372358,0.5494677994945115,0.5462356678768562,0.5428494015372196,0.5393017454128143,0.5355850978126127,0.5316914940191692,0.5276125971734216,0.5233396678626347,-2.0,-2.0,0.5092629249568282,0.5041178528442272,-2.0,0.49308305731033103,-2.0,0.48097562388023263,0.47448761594280925,0.4676917543342757,0.46057347891917944,0.4531175395233515,-2.0,0.437128012718813,0.42856030459189004,-2.0,0.4101864918732047,-2.0,0.39002956154017154,0.37922869980621576,-2.0,0.3560671679883426,-2.0,0.33065818273597,0.3170436019628479,-2.0,-2.0,-2.0,0.2558206906005225,-2.0,-2.0,-2.0,0.1821428966958346,-2.0,-2.0,-2.0,-2.0,-2.0,-2.0,-2.0,-2.0,-2.0,-2.0,-2.0,-2.0,-0.17761508485901767,-2.0,-2.0,-2.0,-2.0,-2.0,-2.0
0.040320660540767356,0.29690041373783355,0.31018652562094323,0.3233874396152692,0.3364676929499642,0.34939357597559856,0.362134495366146,0.3746539015900209,0.38680205769897014,0.39861332023832746,0.4101204208073678,0.421320513538445,0.43220611821947036,0.4424922354346757,0.4523743272083333,0.46200911590337157,0.47103205792432495,0.4795834597283584,0.48793615409529234,0.4954796025175132,0.5030013600609402,0.509671259325951,0.5163648480352598,0.5223138594091626,0.5280131224701847,0.5335684539513876,0.5383790329444523,-2.0,0.547698159354948,0.5517785450823716,-2.0,0.5590071313398913,0.5626076257098098,-2.0,0.5687503896905509,0.5713769037598483,0.5737838931915556,0.576231768121836,-2.0,0.5809563499846367,0.5830218648846585,0.5849156929338378,0.5866566252397191,0.5882605896815662,0.5897410764669514,0.5911101580406517,-2.0,0.5935585499154208,0.594751205169359,0.5959889042324426,0.5971707926496452,0.5982690184362142,-2.0,0.6002407328317472,0.6011253040094071,0.6019493996518437,0.6027167977310471,0.6034319244069998,0.6040975250026932,0.6047173782906686,0.6052941905710801,0.6058303506252438,0.6063283635148815,0.6067905959576206,0.6072181416938414,-2.0,0.6079782010764367,0.6083136778008663,-2.0,0.608901070412867,0.6091556510947369,-2.0,0.6095912802852951,0.6097738768303024,0.6099341111478602,0.6100724107953592,-2.0,-2.0,0.6103613418856438,0.6104170074529578,0.6104528669661484,0.6104693386666792,0.6104661209510411,-2.0,-2.0,-2.0,-2.0,-2.0,0.6100420747454738,-2.0,-2.0,0.6095655884919323,-2.0,-2.0,0.6089037427254416,0.6086400310709533,-2.0,0.6080448413395667,0.6077121448128533,0.6073551479193438,-2.0,0.6065652235420143,-2.0,-2.0,-2.0,0.6046572631280311,-2.0,-2.0,-2.0,0.6022563139442081,-2.0,-2.0,-2.0,-2.0,-2.0,-2.0,-2.0,-2.0,0.5945951474286397,-2.0,0.5923701024900123,-2.0,-2.0,-2.0,-2.0,-2.0,-2.0,-2.0,0.5809700533949019,-2.0,-2.0,0.5754426848341132,0.5734192646644207,0.5712983054013827,-2.0,0.5667453756568586,0.5643036511083661,0.5617448612109464,0.5590635196871656,0.5562538871183214,0.5533099436571226,0.5502253776054474,0.5469936160115434,-2.0,-2.0,-2.0,0.5324506236179365,0.5283719951263386,-2.0,0.5196234463761032,0.5149348702034533,0.510023280312467,0.5048784225505982,-2.0,0.49384401769330405,-2.0,0.4817369518840996,-2.0,0.4684534158375535,0.46133529114826544,-2.0,0.4460700613760091,0.43789024559970097,-2.0,-2.0,0.41094909000743035,0.40110400513871514,-2.0,-2.0,-2.0,-2.0,-2.0,0.33142146166063485,-2.0,-2.0,-2.0,-2.0,0.256584323687691,0.2394235861331973,-2.0,-2.0,-2.0,-2.0,-2.0,-2.0,-2.0,0.06938944212369236,0.043359611481997296,-2.0,-2.0,-0.04236541033091079,-0.07368965536186489,-2.0,-2.0,-2.0,-0.21454602266637135,-0.2540271106728068,-0.29537855153464765,-0.33868891645911314,-2.0,-0.4315620353781169
0.039171014908092584,0.2889022471205018,0.30230529294064706,0.31564257758738073,0.3287928617597527,0.3417851807701689,0.35460545757696743,0.3672217301624606,0.37960638335228036,0.39173811671355613,0.4035561432429911,0.4148881673605237,0.4258685955174108,0.4365343376375164,0.4468798000104694,0.4565584745340713,0.4658857067618532,0.4749595967255,0.48325095321101375,0.4914174682001822,0.49888621777439457,0.5061675487678695,0.5127610396308269,0.5193117858620059,0.5250312866382589,0.5307975675452293,0.5360750740371815,0.5407422209500496,-2.0,0.5499282680768458,0.5538313729649027,-2.0,0.5610417988036874,-2.0,0.5676300731881124,0.5704327664675198,0.5729683311639582,-2.0,0.5778432797320787,0.5802404654656633,0.5824275588291075,0.5844293400431003,0.5862664222856491,0.587956293775638,0.5895140871132089,0.5909532241001244,0.5922841890550153,0.5935174883896615,0.594686730291594,0.5958958987762298,0.5971264714157601,0.5982766692663819,0.5993456996874722,0.6003398698353036,0.601265091181893,0.6021262543195639,0.6029281058761528,0.6036748870517025,0.6043704458010134,0.6050175496593816,0.6056198267618954,0.6061798512997061,0.6067000360788477,0.6071827464684678,0.6076298985059062,0.6080434732225758,0.6084254211482154,0.6087762688748823,0.6090990415115461,0.6093929244031789,0.6096606600484114,0.6099030745665693,0.6101203426643665,0.6103140425752236,0.6104849034962803,0.6106327121494138,-2.0,-2.0,0.6109479237533786,0.6110113979292657,-2.0,-2.0,0.6110813872738119,0.6110652101630539,-2.0,-2.0,0.6108992944389207,0.6108050674973203,0.6106905086858823,0.6105562588474485,0.6104018513943378,0.610226997340499,-2.0,0.6098146101658314,-2.0,0.6093159172186425,0.6090332917402106,0.6087269359479176,0.6083971176478291,0.6080428681675474,0.6076634215458332,0.6072580158404063,0.6068261173803406,-2.0,0.6058772004246497,-2.0,-2.0,-2.0,-2.0,-2.0,-2.0,0.60155801631411,-2.0,0.599995413267284,-2.0,-2.0,-2.0,-2.0,-2.0,-2.0,-2.0,-2.0,-2.0,-2.0,-2.0,0.586491083818266,0.5849693187178966,0.5833731605868457,0.5816991873564089,0.5799438173353323,-2.0,0.5761736623859341,-2.0,0.5720303759092669,0.5698078424432904,0.5674784399136635,0.565037180331549,0.5624788298308764,0.5597979667598251,0.556988680580425,0.5540451196384298,-2.0,0.5477294798446252,0.5443438714244475,-2.0,0.5370807926256611,0.5331877757993345,0.529109411643748,-2.0,-2.0,-2.0,0.5107616848872881,-2.0,0.5002280152688741,0.49458304996456076,-2.0,0.4824763569665116,-2.0,-2.0,0.4620751949786017,-2.0,0.4468102588064264,0.43863061048880275,0.4300629953700053,-2.0,-2.0,-2.0,-2.0,0.3807326277197963,0.36942016429625163,-2.0,0.3451612728950069,-2.0,-2.0,-2.0,0.2893535133632434,0.2737104511505694,0.2573261123922701,0.24016543450656175,-2.0,-2.0,-2.0,-2.0,-2.0,0.11871228220315355,-2.0,0.07013172251819011,-2.0,0.016838960225287414,-2.0,-0.04162296824286538,-2.0,-2.0,-2.0,-0.17610810879241112,-2.0,-0.25328448323863106,-0.2946358848073417,-0.33794623230719967,-2.0,-0.43081929869182334
0.03805414862632631,0.2808981152179792,0.29428478320207613,0.3076337849009542,0.3209093008574993,0.3340768867406126,0.3471032395319677,0.35987867542873364,0.3723678579211257,0.38460528698511415,0.39656847966678493,0.4082446054027945,0.41961983630955374,0.43046433392409506,0.44088067918185075,0.4509969550105044,0.4607509487362445,0.469795911717711,0.4786334236013067,0.4869492222414955,0.4947440471751201,0.502306363355277,0.5091917186260453,0.5158709831803715,0.5221125046084817,-2.0,0.5334675666519504,0.5384744077894675,0.5431117194888752,0.5478386263434948,0.5520725642512758,0.5558094061348932,0.5593682085223705,0.5630224562413304,0.5663619568366628,0.5693586063187455,0.5720615538531534,0.5745118680561532,-2.0,0.5794176770797447,0.5817366656830358,0.583854825223136,0.5857952586346488,0.5875774608243766,0.5892179753315727,0.5907313109825555,-2.0,-2.0,0.594623656141606,0.5957986786730386,-2.0,0.5982307570110837,0.5993502390908264,0.6003906634190781,0.6013586127513926,0.6022589486607021,0.6030968810274688,0.6038771846183223,0.6046035055722789,0.6052794792635298,0.6059084827479524,0.6064933565270634,0.607036831599245,0.607541086029865,0.6080084910302951,-2.0,0.608840458076169,0.6092080753139061,0.6095457335298303,0.6098547514911776,-2.0,0.6103914968161264,0.6106211745968313,0.6108263527715224,0.6110074855283355,0.6111659492542764,0.6113016566645978,0.6114156411741578,-2.0,0.6115797774101785,0.6116306723419834,0.6116612705574325,0.611671503011172,0.6116618093902209,0.6116322022427721,0.6115827255394656,-2.0,0.6114240926280974,-2.0,0.611185243452675,0.6110355844724015,-2.0,0.6106731024161498,0.6104601656995942,0.6102254740254526,-2.0,-2.0,0.6093859917857716,-2.0,0.608707708075901,-2.0,-2.0,-2.0,-2.0,-2.0,-2.0,0.605490771606226,-2.0,0.604298887388204,-2.0,-2.0,-2.0,-2.0,0.6006879140325792,-2.0,0.5989586804147424,0.5980260028109827,-2.0,-2.0,-2.0,-2.0,0.5925992205335442,-2.0,-2.0,-2.0,-2.0,0.5856754487120495,0.5840800186387358,-2.0,-2.0,-2.0,-2.0,0.5748608303314643,0.5727409535790515,-2.0,-2.0,-2.0,-2.0,-2.0,0.5577020631137505,-2.0,0.5516750765454751,0.548443996211312,-2.0,0.5415120289637648,0.5377962924666101,-2.0,0.5298254947650237,0.5255533577731317,0.5210779936291118,-2.0,-2.0,-2.0,0.5009455556351092,0.49530079668023036,-2.0,-2.0,-2.0,-2.0,0.46279383552177444,-2.0,-2.0,-2.0,-2.0,-2.0,0.4124092775297788,0.4025644239403109,0.392252841319922,0.3814524396554656,0.37014008497659295,0.35829152157504307,0.34588138029889,0.33288306818125696,-2.0,0.3050095992120632,0.29007395267123975,0.2744309503619559,-2.0,0.24088608634469982,0.22291234637404472,-2.0,-2.0,-2.0,-2.0,-2.0,-2.0,-2.0,-2.0,0.017560139435315092,-2.0,-0.04090171234172846,-2.0,-2.0,-0.13939643001452362,-2.0,-0.21308199590806198,-2.0,-2.0,-2.0,-2.0,-2.0
0.03696912707195026,0.27289451508539336,0.28636806523712627,0.2997341192270478,0.3130274380078361,0.3262322752334212,0.3393122574192193,0.35223400580656217,0.3649661658010567,0.3774822066675925,0.38966166888303017,0.40145296932130015,0.41293405249287835,0.4241033637886011,0.43497094577867096,0.4452716898402579,0.4551078760524708,0.4646921223275082,0.47374247320142826,0.4822320991580388,0.49057175300426226,0.4980835331861659,0.5055774719612347,0.512218338813649,0.5188991736072586,0.5247920400461445,0.5305073775343262,0.5360162572149149,0.5407899956293802,0.5454896108733858,0.550089988147206,0.5541358100446511,0.5577396281042727,-2.0,0.5649333533209732,0.568144200498462,-2.0,0.5736384540180159,-2.0,0.5784892403947911,0.5809437775932276,0.5831877142518853,0.5852397808655532,-2.0,-2.0,0.5904431447417202,0.5919132645027323,0.5932724259987961,-2.0,0.5957043584086752,0.5968960203808291,0.5981300170058765,0.5993028680277714,0.6003922155371262,0.6014047093148214,0.602346504566758,0.6032225851596847,0.6040379262998096,0.6047969006811242,0.6055030124922096,0.6061601994088709,-2.0,0.6073385709083463,0.6078654928207196,-2.0,-2.0,0.6092239137397806,0.6096089145865509,-2.0,-2.0,0.610582847245852,0.610851358340297,0.6110936816734589,-2.0,0.6115031861944022,0.6116721538092968,0.6118179173255294,0.6119412403827337,0.6120430162461895,0.6121226281531912,0.6121814468137032,-2.0,-2.0,0.6122342774412295,0.6122107376836584,0.6121671714975758,0.6121037845421312,0.612019653662593,0.6119154600147727,-2.0,0.6116454831011958,0.6114792565464853,-2.0,0.6110828412495471,0.6108522640859274,0.610598856638007,0.6103226069932919,0.6100226055766126,0.6096988224794031,0.609350301555287,0.6089763240447547,-2.0,-2.0,0.6076935857024024,0.6072094189684144,0.6066953350511464,0.6061501729880326,-2.0,-2.0,0.6043166759708829,0.6036351603671904,-2.0,-2.0,-2.0,-2.0,0.5996327216792321,-2.0,-2.0,-2.0,-2.0,-2.0,-2.0,0.592026444773874,-2.0,0.5893298142761955,0.5878808130959656,0.5863605996734965,-2.0,0.5830933659738323,-2.0,0.5795000908211908,0.5775716883986552,-2.0,-2.0,-2.0,-2.0,-2.0,-2.0,-2.0,0.5583946832610692,-2.0,-2.0,-2.0,-2.0,-2.0,-2.0,-2.0,-2.0,-2.0,-2.0,-2.0,0.5121752298059505,-2.0,-2.0,-2.0,-2.0,-2.0,-2.0,-2.0,-2.0,-2.0,0.44822756408683034,-2.0,-2.0,0.4225072812703883,0.4131081702764022,0.40326343969341805,-2.0,-2.0,-2.0,-2.0,0.346580983796621,-2.0,-2.0,-2.0,0.2907738363016687,0.2751309132479322,-2.0,0.24158618748714128,-2.0,-2.0,-2.0,-2.0,-2.0,-2.0,-2.0,-2.0,0.04552368555046449,-2.0,-0.010293707472273539,-0.040200973749579316,-2.0,-2.0,-2.0,-0.17468584089487904,-2.0,-2.0,-2.0,-2.0,-0.3818857504120605,-2.0
0.0359150422699641,0.2648070750872994,0.27823573792606526,0.2916727010155711,0.305083220593677,0.3184313305281321,0.3316205439274078,0.3446113000213786,0.3574258099895608,0.37003182913379107,0.3824014688180596,0.3945131765459498,0.406337048371436,0.4176761338486097,0.4286230245690533,0.43924925324116976,0.44957696062123864,0.45925958451476,0.4685321689274486,0.4775859604465467,0.4858621040032864,0.4939680620258836,0.5014504592879693,0.5086639679193109,0.5152654625207523,0.5217700392394361,0.5274630831381959,0.5332287308553667,0.5384520370311691,0.5431035671306789,-2.0,0.5522525795064278,0.5561217130938934,0.5596691976306839,0.563329290107951,0.5667775205129075,0.5698664743489451,0.5726483984938372,0.5751656233806459,0.577555571881553,-2.0,0.5824224048516442,0.5845948012748101,-2.0,0.5884074522681748,0.5900854182051772,0.5916321186415555,0.5930604838746812,0.5943816132607954,0.5956054709759168,0.5967702476588068,-2.0,0.5992023093247574,0.60034333527233,0.6014031776760311,0.6023884935397249,0.6033045785490054,0.6041569153834389,0.6049499493694906,0.6056878860999815,0.606374116129805,-2.0,0.607605284091782,0.6081563184594592,0.6086669583843235,0.6091391974888186,0.6095760849131445,0.6099790834362512,-2.0,0.6106899196147348,-2.0,0.6112830311749798,0.611538417947134,0.611767755431291,-2.0,0.6121519487135022,0.6123081609740011,-2.0,0.6125516361502421,0.6126402673019177,0.6127072929074125,0.6127530493100808,0.612777805855662,0.6127818629278599,0.6127650970959962,0.6127278707343491,0.6126701284277627,0.6125918498158103,-2.0,0.6123733311018648,0.6122327846960847,0.6120710878614423,0.6118879569242148,0.6116830999586993,0.6114562428442981,-2.0,-2.0,-2.0,0.6103166184722517,0.6099710783362602,-2.0,0.6092024709191785,0.6087777787883906,-2.0,0.6078431729585704,-2.0,0.6067882780709877,-2.0,0.6056041735476702,0.6049605682477867,-2.0,-2.0,0.602806898908646,-2.0,-2.0,0.6002859295563312,-2.0,-2.0,-2.0,0.5962683179888116,-2.0,-2.0,0.5926876105397028,0.5913728068928783,-2.0,-2.0,-2.0,0.5854313471529041,0.5837595235795526,0.5820062030762316,0.5801676305075251,-2.0,-2.0,0.5741000577556838,0.5718791435658563,-2.0,-2.0,-2.0,-2.0,-2.0,0.5561246905370473,0.553041885397639,0.5498113287972158,-2.0,0.5428807655094027,0.5391656835456868,0.5352735859620913,0.5311961055434409,0.5269245363453894,-2.0,-2.0,-2.0,0.5077075775074944,-2.0,0.49667488063212256,-2.0,0.48456937333475214,-2.0,-2.0,-2.0,-2.0,-2.0,-2.0,-2.0,-2.0,0.41378697610006204,-2.0,-2.0,-2.0,-2.0,-2.0,-2.0,-2.0,0.32064811581386427,0.3063887672574747,-2.0,-2.0,-2.0,-2.0,-2.0,-2.0,-2.0,-2.0,0.14346885878006443,-2.0,0.09708612346379619,0.07223388963396482,0.04620424043457072,0.018941396006013966,-0.009613055527656234,-2.0,-2.0,-0.10365245195652195,-0.13801478524483712,-2.0,-2.0,-2.0,-2.0,-2.0,-0.38120476834782924,-2.0
0.03489101213406772,0.2568230878078522,0.2702441389212907,0.28364482932868657,0.2970406267908667,0.31039540220903644,0.3236734123845811,0.33683933735942584,0.34986029178791167,0.3626711003858231,0.37515822130370563,0.3873786741449352,0.3993197914859307,0.410968007753812,0.4223221128658809,0.433192206564496,0.44356659721806385,0.4536345889055177,0.4633862696173503,0.47240827496545024,0.48118217696159626,0.489524144003662,0.4972454428349283,0.50481314147761,-2.0,0.5183286419633336,-2.0,0.5301493451896115,0.5358266136640483,0.5407824016649764,0.5454255129993234,0.5501349300512891,0.5543302104744264,0.5580346242038177,0.5616007006118556,0.5652450957649162,0.5685579478161861,0.571531823434504,0.5742137885755465,-2.0,0.5790685046765671,0.581553178285017,0.5838558923162938,0.585959107505214,0.5878864585258398,-2.0,0.5912842991771021,0.592786339769056,0.5941741292473387,-2.0,0.5966483815787017,0.5978218649905972,-2.0,-2.0,0.6013529011427925,0.6023838649710935,0.6033423534519253,0.604233668337768,0.6050624716032822,0.6058336537973794,0.6065506625163107,0.6072172599835228,-2.0,0.6084120108254808,0.6089455368663216,-2.0,-2.0,-2.0,-2.0,-2.0,0.6113896111960045,0.6116867467952806,-2.0,0.6121979769767985,0.6124140234054848,0.6126052491431175,0.612772058163744,0.6129152821279338,0.6130354549104939,0.6131330886358143,0.6132086195062088,0.6132624138780948,0.6132947725959026,0.6133059306964376,0.6132960614482291,0.6132656185761582,0.6132136426781274,0.6131411490150543,0.6130477787561618,0.6129333149597793,0.6127980419469998,-2.0,0.6124619961851332,0.612261313175355,0.6120382604229622,-2.0,-2.0,-2.0,0.6109129730038301,0.6105707591847036,-2.0,-2.0,-2.0,-2.0,0.6084562187312949,-2.0,0.6074056466613352,-2.0,-2.0,-2.0,0.6049059305661048,-2.0,-2.0,-2.0,0.6018014204438593,0.6009188620642021,-2.0,-2.0,0.5979859497689742,-2.0,-2.0,0.5945801551522719,0.5933287441460107,-2.0,-2.0,-2.0,-2.0,0.586076921985113,0.5844058060317991,-2.0,-2.0,-2.0,0.576867772923946,0.5747496443317941,-2.0,-2.0,-2.0,-2.0,-2.0,0.5597196786750973,0.5567777705971187,-2.0,0.5504652146147734,0.5470810422183902,0.5435353851504382,0.539820643557685,-2.0,-2.0,-2.0,-2.0,-2.0,-2.0,-2.0,0.5029763988790322,0.4973322930418917,-2.0,-2.0,-2.0,0.4719454654751736,0.46482818449564034,0.45737319189503906,0.44956452296366695,-2.0,0.43281841454006703,0.4238451027320662,-2.0,-2.0,-2.0,-2.0,-2.0,-2.0,-2.0,-2.0,0.32130829320159954,-2.0,-2.0,-2.0,-2.0,0.24292682119675307,-2.0,-2.0,0.18641096426571713,-2.0,-2.0,0.1214751129248538,-2.0,-2.0,-2.0,0.01960258287637895,-2.0,-2.0,-2.0,-2.0,-2.0,-2.0,-2.0,-2.0,-2.0,-2.0,-2.0,-0.4280541112280244
0.03389617972850788,0.2486967898815745,0.2621118099200765,0.2755794050797572,0.2890653341651035,0.30247734955957245,0.3157753073552826,0.3289809554684227,0.3420581021562286,0.3549726577914043,0.36769293070076314,0.38019204638322884,0.3924019061684425,0.4041826317238205,0.4156339676312588,0.42676776520318976,0.43759994792691337,0.4479304249354785,0.45771541064176297,0.4672429852400449,0.47632029348088406,0.4847458244440994,0.4930606644902187,0.5005479247689711,0.508003565816851,0.5146200624569645,-2.0,0.527119654727821,0.532852365458866,0.5383058699985478,0.5430444196913181,0.5477574209619299,0.5523200080472541,0.5563285725592385,0.5599132964167168,0.563535078447946,0.5670926167911826,0.5702774089755555,-2.0,0.5757288005923717,0.578119647724073,0.580576777276564,-2.0,0.5852453660184708,0.5872823034540717,-2.0,0.5908664907252569,0.5924475100704781,0.5939064135877136,0.5952549233601986,0.5965031002511982,0.5976697171820039,0.598860175167272,0.6000895883516151,0.6012526070867719,-2.0,0.6033350148036398,0.6042671606950433,0.6051337598194674,0.6059398450246161,0.6066891724575408,0.6073856698268639,-2.0,0.608634143302961,0.6091916165879786,0.6097082773525847,-2.0,-2.0,0.6110343889340891,0.6114080956179395,0.6117502317776573,0.6120623249384051,-2.0,0.6126011131447089,0.61282978784766,0.6130327649117281,0.6132107482144469,-2.0,0.61349451771525,0.6136014849574977,0.6136858298604354,-2.0,-2.0,0.6138067885416645,0.6138042702640715,0.6137798534861598,0.6137345326342638,0.6136680223134567,-2.0,0.6134712783230861,0.6133407210962432,-2.0,0.6130144433656639,0.6128181171000064,-2.0,-2.0,-2.0,-2.0,-2.0,-2.0,-2.0,0.6103923857049091,-2.0,0.6095255003918921,-2.0,0.6085413889055529,-2.0,-2.0,-2.0,-2.0,0.6055111082569523,-2.0,0.6040440097390595,0.6032499925864491,-2.0,-2.0,0.6006047121308261,-2.0,-2.0,0.5975246622371168,0.5963913517825583,0.5952010672403447,-2.0,0.5926375668578165,-2.0,0.5898130588107864,-2.0,-2.0,0.585032782096505,0.583280931806321,0.5814437620517184,-2.0,0.5774975329008968,0.5753800218878355,-2.0,-2.0,-2.0,-2.0,-2.0,-2.0,0.5574117471482843,-2.0,0.5511000224878856,0.5477162483967761,0.5441709446239026,-2.0,0.5365651135126958,-2.0,-2.0,0.5237430587197851,0.5190559482156938,0.514145948240282,-2.0,-2.0,-2.0,0.4920587740122753,0.485866070953214,-2.0,0.47258472596662904,0.4654676267454868,-2.0,0.45020430479232315,0.44202537850440277,0.4334585102513298,-2.0,-2.0,-2.0,-2.0,-2.0,0.37281934986715154,0.3609712301665694,-2.0,-2.0,-2.0,-2.0,-2.0,-2.0,-2.0,-2.0,-2.0,0.2067700578657764,-2.0,0.1664015691456064,0.1447717957047726,-2.0,-2.0,-2.0,-2.0,0.02024484769174506,-2.0,-2.0,-2.0,-2.0,-2.0,-2.0,-2.0,-0.24987713103338693,-0.29122836409108344,-2.0,-2.0,-2.0
0.0329297125509715,0.2407428324454871,0.25407017090105344,0.26746919215740383,0.2809087993966569,0.29435367357924364,0.30776848929857126,0.32111785189489644,0.3343462425183344,0.3473425607228484,0.3601482459281895,0.37274091856819785,0.3850918856899809,0.39717986475700584,0.4089906522676089,0.42035428758309484,0.43126300425999575,0.44184533092027234,0.4521387286647603,0.46183916165815303,0.4710512162152501,0.48007180870094235,0.48834278574180845,0.49637388034718066,0.5038792261898558,0.5110122648827803,0.5176289439346193,0.5240770186676651,0.529748666939489,0.5355072477575716,0.5406736625687997,-2.0,0.5500651818157025,0.554417590305552,-2.0,0.5617945896375209,-2.0,0.5688748732929109,-2.0,0.5746980864986586,0.5771953241553317,0.5795860480267692,0.582073075626347,0.5844360500093518,0.5865925610688978,0.5885655069335206,0.5903762038597581,0.5920419123807393,0.5935763892934941,0.5949933911744542,0.5963036729476985,0.5975168987360285,-2.0,0.5998852645565096,0.6011009224653396,0.6022317164616607,0.6032816681543336,0.6042570192932518,0.6051633792130081,0.6060060220405243,0.6067891468010579,-2.0,0.6081936964567396,0.6088218513991874,0.6094044355938412,-2.0,-2.0,0.6109062620929014,-2.0,0.6117236049572827,0.6120828453933145,0.6124103337052068,0.6127082820783131,0.6129777758123809,0.6132194403654397,0.6134346782663195,-2.0,-2.0,0.6139291155132209,0.6140458737645414,0.6141392432863163,0.614210430074259,-2.0,-2.0,0.6142894514669966,-2.0,0.6142331768845344,0.6141729847339328,0.6140910648942246,-2.0,0.6138622512135341,0.6137150719452805,0.613545973764162,-2.0,-2.0,0.612901385496977,-2.0,0.6123542344753987,-2.0,-2.0,0.6113460380445739,-2.0,-2.0,-2.0,-2.0,0.6091169217515329,0.6085802665253206,-2.0,-2.0,-2.0,-2.0,-2.0,-2.0,-2.0,-2.0,-2.0,0.6012001338190024,-2.0,-2.0,-2.0,-2.0,-2.0,-2.0,-2.0,0.5918641277236956,0.5904186835946541,0.5889018641865996,0.5873104204918779,-2.0,0.583889902598103,0.5820534274515067,-2.0,-2.0,0.5759916904216908,0.5737725453195641,-2.0,-2.0,-2.0,0.5637746786134163,0.5609681266615165,-2.0,0.5549453627107969,0.5517162475999703,0.5483328594781445,-2.0,-2.0,0.5371828235704948,0.5331063142413774,-2.0,-2.0,-2.0,0.5147651511328316,-2.0,0.5042343341818305,-2.0,0.4926789670030714,0.4864865370232315,-2.0,-2.0,-2.0,-2.0,0.4508256586598724,0.44264689735376955,-2.0,-2.0,-2.0,-2.0,-2.0,0.3847536286407016,-2.0,-2.0,0.3491841694199144,-2.0,0.32257247420550955,-2.0,-2.0,-2.0,-2.0,0.24419184704243607,0.2262184608977848,-2.0,-2.0,-2.0,-2.0,-2.0,0.09901304747695716,-2.0,-2.0,-2.0,-2.0,-0.03759263873858876,-2.0,-0.10172455600593244,-2.0,-0.17207688954495914,-0.20977199854171014,-2.0,-2.0,-2.0,-2.0,-2.0
0.031990801835925474,0.23263225619842906,0.2459811437313469,0.25942477362094224,0.27289730469184786,0.28630819828135096,0.29971066049368794,0.3130688344932594,0.32634642121615054,0.3395081500296187,0.35252042053609395,0.36534617431461713,0.37785130310656206,0.39005141745248745,0.40196704568194835,0.4135836330097833,0.42490089084098953,0.4358038416983558,0.44613760497049915,0.4561528974601867,0.46588688701236336,0.4748985260388134,0.48360290131696265,0.49196301548929416,0.49961467544036176,0.5071784184366981,0.5139391611583001,0.5206417422921878,-2.0,0.5323950252822511,0.5380363594746522,0.5429383376481541,-2.0,0.5522782376080788,0.5564326165070981,0.560103994289999,0.5636795130089656,0.567310390452397,0.5705948443736857,0.5735436826525655,0.5762040909975279,0.5786238541745398,0.5810485247980277,0.5835254311837829,0.5858105432395061,0.5878980327400396,0.5898100700622031,-2.0,0.5931816626356691,0.5946721139720902,0.5960480802730882,0.5973212649578655,-2.0,0.5996736330713516,-2.0,0.6020819047913462,-2.0,-2.0,0.6051504836464757,0.6060315897108247,0.606850536063855,0.607611410388506,0.6083184797377936,0.6089750833668507,-2.0,0.6101487469318806,0.6106712903998148,0.6111544088277598,-2.0,0.6120103180157288,0.6123867003886576,-2.0,0.6130441569285002,0.6133279175658755,0.6135832720657604,-2.0,-2.0,0.6141886497357832,0.6143396151891143,-2.0,0.6145692558910971,-2.0,0.6147064080151196,0.6147400949053352,0.614752119724592,-2.0,0.6147100364474952,0.6146561212150676,0.6145803186192338,0.6144825758121414,0.6143627821066641,0.6142207707382589,0.6140563187827367,-2.0,-2.0,0.6134252467085697,0.6131678914791956,0.6128857250692075,-2.0,0.6122463318430389,0.6118876926816268,-2.0,-2.0,-2.0,0.6101745992628892,0.6096723699010692,0.6091385379856982,0.6085722298860062,-2.0,0.6073358162144787,-2.0,0.6059533990337403,0.6052037238975245,0.6044129882644755,-2.0,-2.0,0.6017769388568713,-2.0,0.5997807728557231,0.598704808183828,-2.0,0.5963856109664929,-2.0,-2.0,-2.0,0.5910061084417149,-2.0,-2.0,-2.0,-2.0,-2.0,-2.0,-2.0,-2.0,-2.0,0.572041141027501,0.5696035319699042,0.5670486678226121,-2.0,0.5615650170616379,-2.0,-2.0,0.552314488002789,-2.0,-2.0,-2.0,0.5377825933165169,-2.0,-2.0,0.5249624587157602,-2.0,0.5153664727464924,-2.0,-2.0,0.4991927857861031,-2.0,-2.0,-2.0,0.47380850347328696,-2.0,-2.0,0.4514291785517273,0.4432505912773875,-2.0,0.42571117175833717,-2.0,-2.0,-2.0,-2.0,0.3740464974886714,0.3621986052552031,0.34978906912176194,0.3367913487354696,-2.0,-2.0,0.29398385734823246,0.2783413452614975,-2.0,0.24479739654219074,-2.0,-2.0,0.18828219559708603,-2.0,-2.0,0.12334689897914741,-2.0,-2.0,-2.0,0.021474956265511214,-0.007079308628817893,-2.0,-0.0683102884359772,-2.0,-2.0,-2.0,-2.0,-2.0,-2.0,-2.0,-2.0,-2.0
0.031078661877820123,0.22470548385622255,0.23793257412214305,0.251276516061207,0.26470419258002326,0.2781816486980318,0.29167435069728825,0.3051309360671688,0.318438472199263,0.3316424982030342,0.3447142276304738,0.35761829836967785,0.37032372301155864,0.3828028897599148,0.39502182856667084,0.40681185111654516,0.4182298335499724,0.4293238802387201,0.44011038554407467,-2.0,0.4602079399118565,0.46967303761132445,0.47876712872249955,0.4871357863912003,0.49541302879293125,0.5028845200451492,0.5102893830218573,0.51688929982184,0.5235189585813418,0.529308284286128,0.5350581247747135,0.540448423800755,0.5451551200495879,0.5498825135742973,0.5544001310814892,-2.0,0.561937554152774,-2.0,0.5690979620451553,0.572255174226641,0.5750948000496552,0.5776609608749691,0.5800454367480367,-2.0,0.5849318163008376,0.5871423095381734,0.5891634378522184,0.5910164978746031,-2.0,0.5942874334066242,0.5957342052226179,-2.0,0.5983083992871232,0.5994678448912666,-2.0,0.601880871257455,0.6030330305055492,0.6041017508393979,0.6050941580158942,-2.0,-2.0,0.6076680641508017,-2.0,0.6090929306956144,0.6097297591038435,0.6103199779292687,0.6108664939284898,0.6113719365478809,-2.0,0.6122683122935281,-2.0,-2.0,-2.0,-2.0,-2.0,0.6141626679318157,0.6143765127799344,0.6145641570407078,0.614726191158671,0.6148632336245203,-2.0,-2.0,-2.0,0.6151734305387058,0.615193120647827,-2.0,0.6151655046161952,0.615118036740503,0.6150487793684744,0.6149567145806406,-2.0,0.6147062754820678,-2.0,-2.0,0.6141586021752536,0.6139291316010388,0.6136756797839289,0.6133976271472396,-2.0,0.6127654689890811,-2.0,-2.0,-2.0,-2.0,0.6107089194939207,0.6102092963282708,0.6096779440225198,0.6091137441982427,0.6085155064819295,-2.0,-2.0,-2.0,0.6057556931358438,0.6049666971060764,-2.0,-2.0,0.6023354533958829,0.6013643490510043,-2.0,-2.0,-2.0,-2.0,-2.0,-2.0,-2.0,-2.0,-2.0,-2.0,-2.0,-2.0,0.5832185463659031,-2.0,-2.0,0.577160996709466,-2.0,-2.0,-2.0,-2.0,-2.0,0.5621442238166315,-2.0,-2.0,-2.0,-2.0,-2.0,0.5422551460768138,-2.0,0.534288945737435,-2.0,-2.0,-2.0,-2.0,-2.0,-2.0,0.4997773842362267,-2.0,-2.0,-2.0,0.47439396368811027,0.4672774477866588,0.4598231867704295,-2.0,0.4438367921421769,0.43527040693901914,0.4262977029577183,0.4168994547143349,-2.0,-2.0,-2.0,-2.0,-2.0,0.3503765242663785,0.3373789125081457,0.32376525815351626,-2.0,0.29457171731146087,0.27892929823424056,0.2625456044957628,0.24538551819078364,-2.0,0.20858740676439613,-2.0,-2.0,-2.0,0.12393542980651584,0.10020766977683115,0.07535571610085334,0.04932632531206349,-2.0,-0.006490491760108297,-2.0,-2.0,-2.0,-2.0,-2.0,-0.2085764583678038,-0.24805726178451637,-2.0,-2.0,-0.3780803411401701,-2.0
0.030192529373589783,0.21667394194041267,0.22990724299702198,0.24327575076493255,0.25664323939951506,0.2700540964034204,0.28350262440527374,0.29695324059979394,0.310370526237638,0.3237182215308878,0.3369614486373185,0.34998765624796807,0.3627814619245544,0.3753577259956121,0.3876867947972965,0.39974758386169357,0.4115267253431337,0.4229244709334993,-2.0,0.44433281463405544,0.4545744261003167,0.4643076702058355,0.4734544591544545,0.4824258613493636,0.4907040395810233,0.4986528855316212,-2.0,0.513224899174314,0.5198639458209858,0.526244328901473,0.5319000112659084,0.5376445697578426,0.5427515139115533,0.5473825459696452,0.5521286359615933,-2.0,-2.0,0.5637743513408738,0.5674335703738622,0.5708216702627582,-2.0,-2.0,0.5790706784179704,0.5814639475533373,-2.0,-2.0,0.5884329684535964,0.5903903778582186,0.5921864433808411,0.5938382989990402,0.5953601305256577,0.5967647655658489,0.5980634793791058,-2.0,0.6004228872691089,-2.0,-2.0,0.6039547218226918,0.6049937219273155,0.6059585706542572,-2.0,0.6076860808291648,0.6084587305750637,0.6091758597948784,0.6098414326151521,0.6104587914751997,0.6110302181197537,0.6115589321986422,0.6120470947543507,0.612497003825303,0.612910626923812,0.6132896217165417,0.6136354855671301,0.6139497678977592,0.6142338556921899,0.6144889293386332,0.6147162600599363,0.6149155412113448,0.615089048669065,0.615237142450698,0.6153599039482999,0.615458492678252,0.6155331657789894,0.6155843182652583,0.6156122697688086,0.6156172811902583,0.6155994981215533,0.6155592922715358,-2.0,0.6154103945205572,0.6153020652856649,0.6151709215491913,-2.0,0.6148393800732057,0.6146384285191552,0.6144135609262577,0.6141646098220583,0.6138905245181043,0.6135909675920965,0.6132656504422238,0.6129137314494759,0.6125344942802683,0.6121271598914186,0.6116908882779214,0.6112247710467359,0.6107278361911639,-2.0,0.6096372762907343,0.6090414406349162,-2.0,-2.0,-2.0,0.6062897454755932,0.6055025641304318,0.60467244931342,-2.0,0.6028762563095283,0.601906346313947,0.6008858332279751,-2.0,-2.0,0.5974983099907163,0.596252434875687,-2.0,0.5935698059548298,-2.0,-2.0,-2.0,-2.0,0.5856090321441547,-2.0,-2.0,-2.0,-2.0,0.5755023561807615,-2.0,0.57074161236803,0.5681878813456255,-2.0,0.5627063485754393,-2.0,0.5566864281528375,-2.0,0.5500765166897212,-2.0,-2.0,0.5389299430540572,0.5348544801002906,0.5305848419052133,-2.0,-2.0,0.5165170571712846,0.5113747079352957,0.5059878647429239,0.5003449822587969,0.4944339757108592,0.48824217955549176,-2.0,-2.0,-2.0,-2.0,0.45258436087633597,0.44440612039875743,-2.0,-2.0,-2.0,0.4076254936206831,-2.0,-2.0,0.3752040908802157,-2.0,0.35094713695782315,-2.0,-2.0,0.3100773038251989,-2.0,-2.0,-2.0,-2.0,-2.0,0.20915886090415692,0.1894422538808912,-2.0,-2.0,-2.0,0.10077946770194368,0.0759275723396492,-2.0,0.022635692172126576,-0.005918473952990166,-0.035825427705592716,-2.0,-2.0,-0.134319189601667,-2.0,-2.0,-0.24748494681530886,-2.0,-2.0,-0.3775077093839798,-2.0
0.02933166278390044,0.20881130170391946,0.221893306349586,0.2351316056686017,0.24849468602650376,0.2619500377390022,0.27546054179877416,0.2888952062230028,0.30230253893659687,0.31566188724120586,0.3289369190589921,0.342091523132638,0.35509239706349466,0.3679087068095312,0.3804518622091842,0.39263225803070834,0.40451847650292544,0.4161003357171977,0.4273765041084665,0.43829427791271336,0.4486039742489437,0.4585619067810424,0.4682612712219227,0.47727634300649596,0.4859063420113602,0.4942725179705658,0.5018628513902488,0.5094110324798146,0.516118495649068,0.5228205670998887,-2.0,0.534510470404819,0.5401071866043856,0.5449543754054854,-2.0,0.554279664439182,-2.0,0.5620312363891907,-2.0,0.5692299063500013,-2.0,0.575406965940879,0.5780444229444942,-2.0,0.5828798827819393,0.5853466003037757,0.5876130195378162,0.5896832021744014,0.5915796936167359,0.593320695919996,0.5949229505117906,0.5964001163086633,0.5977641420589381,0.5990254979063012,-2.0,-2.0,-2.0,-2.0,0.6048480487779538,-2.0,0.6067950704274645,-2.0,0.6084731579710082,-2.0,0.6099190870226671,0.61056432109352,0.6111619590569103,0.6117153200127637,0.6122259281991002,0.6126974421679721,0.613130331894322,0.6135277760117768,0.6138910354094511,-2.0,0.614520971572663,0.6147904161373587,0.6150306368466815,0.6152430771418049,-2.0,0.615587672595237,0.6157214071485734,0.6158297048461437,0.6159137906125469,0.6159738308610605,0.6160101789942968,0.6160231144786118,-2.0,0.6159798837186157,-2.0,0.6158439691002342,0.6157416315645383,0.6156166984077095,0.6154680072194771,-2.0,0.6150991833444529,-2.0,0.6146340727115921,0.6143642202463273,0.6140688060624503,0.6137472475968643,0.6133991245002861,0.6130230581397936,0.6126189484078093,0.6121857436519376,0.6117225434477859,0.6112283861743263,0.6107022281532429,0.6101429746483622,0.6095494406257688,-2.0,0.6082544544378905,0.6075502591518472,-2.0,-2.0,-2.0,0.6043195256172059,-2.0,-2.0,0.6014123415396943,-2.0,0.5992134036613457,-2.0,0.5967841430793515,-2.0,-2.0,-2.0,-2.0,-2.0,-2.0,-2.0,0.5843144912693373,-2.0,-2.0,-2.0,-2.0,-2.0,0.5712853824258809,0.5687322476665783,-2.0,-2.0,-2.0,-2.0,0.5540055840948463,0.5506239100882592,-2.0,-2.0,-2.0,-2.0,0.5311341680578958,0.5266615164807472,0.5219759287787159,-2.0,-2.0,-2.0,-2.0,-2.0,-2.0,-2.0,-2.0,-2.0,-2.0,-2.0,-2.0,-2.0,0.4274206011232563,0.4180226665947759,0.4081790409658851,-2.0,-2.0,0.3757580559157216,-2.0,-2.0,0.3385039683211372,-2.0,-2.0,-2.0,-2.0,-2.0,0.24651173947641342,-2.0,0.20971394841848756,0.1899972236937264,0.16934625709771872,0.14771680931544906,0.12506253418434365,0.10133496088087968,0.07648307016127232,-2.0,0.02319129738784831,-2.0,-2.0,-0.06659351753448128,-0.0994012888767618,-0.13376334048788607,-2.0,-2.0,-2.0,-0.28828006901749503,-2.0,-0.3769517963850493,-2.0
0.028495341712609815,0.20087800418407215,0.2139495449306058,0.2271824226611718,0.24042740092622147,0.25378485016776814,0.2672233688456121,0.2807087484868557,0.29420616681435263,0.30768051561347176,0.3210245855686434,0.33422467145936663,0.3472879010177555,0.3601793502412917,0.37286727506122125,0.3853234466026181,0.39752656557247906,0.40934888856813606,0.4207300630085149,0.4317809852253196,0.4425177992168705,0.45288937134034074,0.4625947118993869,0.47199328190394557,0.4810887819752606,0.48941233270131235,0.49763704302647227,0.5051033632989999,0.5124448365614281,0.5190368160373683,0.5256255322172667,0.5313698793279312,0.5371304571178966,0.5424548132920635,0.5471329332471087,-2.0,0.5563414795151593,0.5602696301291968,0.5638228063233542,0.5674647387012711,0.5709607657135528,-2.0,0.5769033916717086,0.579446850819496,0.581826821551107,-2.0,-2.0,-2.0,0.5908948419214339,0.5927325347375545,0.5944206637747532,0.5959749989025982,0.5974086479672315,-2.0,-2.0,-2.0,-2.0,0.6035158821440519,0.6046560503301205,0.6057134535377475,0.6066944725581359,-2.0,0.6084502711318757,-2.0,0.6099620402222062,0.6106368530224532,0.611261993202546,-2.0,0.6123750481150975,0.6128680736571837,0.6133221071521002,0.6137387873293031,-2.0,-2.0,0.6147828301455868,0.6150670157820262,0.615321374532573,0.6155469647200241,-2.0,0.6159157218922859,0.6160600261429027,0.6161789335692112,0.6162729588815199,0.61634203336021,-2.0,0.6164083364440645,0.6164057465389374,-2.0,-2.0,0.616257989532775,0.6161616625898473,0.6160421419447006,0.6158990136867121,-2.0,0.6155411457414613,-2.0,0.6150853640039582,0.614819722728564,0.6145283960780539,-2.0,0.6138660584624828,0.6134937185484756,0.6130929436291486,-2.0,0.6122027118460045,0.6117114132922705,0.6111879808778294,0.6106313166720788,-2.0,0.6094135323906855,-2.0,-2.0,0.6073058279116355,0.6065225175377922,0.6056959412881743,-2.0,-2.0,0.6029396820528096,-2.0,-2.0,0.5997260192117462,0.5985427371765746,-2.0,-2.0,-2.0,-2.0,0.5916689312632237,0.5900821189812372,-2.0,-2.0,0.5848377454828375,-2.0,-2.0,0.5787869606371541,-2.0,0.5742481295380306,0.5718129723961204,-2.0,0.5665850840832087,-2.0,0.5608426510669541,0.5577632793377231,-2.0,0.5511552275695344,-2.0,0.5439003482888488,-2.0,-2.0,-2.0,-2.0,-2.0,0.517601683101451,-2.0,0.5070736692386157,0.5014313150642845,-2.0,0.48932952516900763,-2.0,0.4760507906678533,-2.0,-2.0,-2.0,0.4454959921198612,0.43693023766744105,-2.0,0.41856016611291064,0.40871669743723305,-2.0,-2.0,-2.0,0.36444873569945047,-2.0,-2.0,-2.0,-2.0,-2.0,-2.0,-2.0,0.24705081311897054,-2.0,0.21025318513937186,-2.0,0.16988564898573827,0.14825627115727957,0.12560206775503047,0.10187449688367145,-2.0,0.050993506296278746,0.02373107926868534,-0.004822985001493363,-0.034729843241248504,-2.0,-2.0,-2.0,-0.16921322888460555,-2.0,-0.24638883749170615,-2.0,-2.0,-2.0,-2.0
0.027682866303920653,0.19311745324416674,0.2060093908936943,0.21909484969025952,0.2323438303189639,0.24572539694843756,0.2591478801751681,0.2725688834928239,0.28602444590113135,0.29947878513142717,0.3128958838784718,0.3262399986074403,0.3394762982502181,0.35254391760512815,0.36533333521639844,0.37789041933530915,0.3901945679936495,0.40222498241726323,0.41396781442392133,0.42537920363376486,0.43623922060313497,0.4467212935022763,0.4569034593409309,0.4666634408045748,0.4757514026624487,-2.0,0.4929551212465159,0.5008168875664252,0.508372645712461,0.5153186750838056,0.5219809146447157,0.5282814255536435,0.5339282424515972,0.539650657286396,0.5446955439994006,0.5493239928471987,0.5540578404633606,0.5583186336321956,0.5620755919012088,0.5656200001301199,0.5692733327296807,-2.0,-2.0,-2.0,0.5808033216435011,-2.0,0.5856836419416712,0.5880075360878797,-2.0,0.5920688119065419,0.5938493646858376,0.595486504349127,0.5969946093598018,0.5983863417146673,0.5996723998010327,-2.0,0.602016608828648,-2.0,0.6044163597139353,0.6055242172300244,0.6065513064279616,-2.0,0.6083885635014405,-2.0,-2.0,0.610675358471681,0.6113292149105906,-2.0,-2.0,0.6130099901983947,0.6134857123569106,-2.0,-2.0,0.6146877935863864,0.6150194171895554,0.6153190989782696,-2.0,0.6158272657987441,0.6160379391636666,0.6162210965152172,0.616376700384884,-2.0,0.616610288266426,-2.0,-2.0,-2.0,-2.0,0.6167600359109473,-2.0,0.6166522826922237,0.6165623987256037,0.6164489901689495,-2.0,0.6161501938189231,0.6159643576367789,0.615753828986895,0.6155183028807114,-2.0,0.614970024685731,-2.0,-2.0,-2.0,0.6135494415438265,0.6131226699667026,0.6126655864860161,0.6121775736414325,-2.0,0.6111029800225911,-2.0,-2.0,-2.0,-2.0,0.607788681323245,0.6070072805983037,0.6061826936318279,0.6053131027175693,-2.0,0.6034315657513757,-2.0,0.6013466127730726,0.6002223571752625,-2.0,0.597798279962094,0.5964932752207064,0.5951226166161536,-2.0,-2.0,0.5905866529769798,0.5889225511741841,0.5871765940475338,-2.0,-2.0,-2.0,-2.0,-2.0,0.5747592365858036,0.572324739572406,-2.0,-2.0,0.5642947222522223,-2.0,0.5582779137296391,-2.0,0.5516708344217607,-2.0,-2.0,0.5405280343091029,-2.0,-2.0,-2.0,-2.0,0.5181203786662244,0.5129789358248402,0.5075929572564593,-2.0,0.4960406841056804,0.4898496802304221,-2.0,-2.0,-2.0,-2.0,-2.0,-2.0,-2.0,-2.0,0.4190821346426276,-2.0,0.3989287247042991,-2.0,0.3768187205205474,-2.0,0.352562532212401,0.3395653896117649,-2.0,0.31169372177012494,-2.0,-2.0,-2.0,0.24757439809480625,-2.0,0.21077694652031276,-2.0,0.1704095678778254,-2.0,0.12612612975678028,0.10239862983229486,0.07754691922841428,0.051517760021781434,-2.0,-0.004298604533249484,-2.0,-2.0,-2.0,-2.0,-2.0,-0.2063834070301349,-2.0,-2.0,-0.3305251138719789,-0.375886785731141,-2.0
0.026893556656722693,0.18529624112560225,0.19816312472695893,0.21121245024357038,0.2243115712260499,0.23756490383642098,0.25094062761344943,0.26440597669265964,0.27792718891970314,0.2914135672357026,0.30482354212377977,0.3181819279170236,0.3314518049137561,0.34459724446177736,0.3575841352717393,0.3703812191577932,0.38294533804254877,0.3951292774132145,0.40698326298780274,0.4185267860111619,0.4297586653850559,0.4406687895812204,0.4509744678360779,0.46087098613818617,0.47051601445585156,0.47955154705076986,0.48810205934377016,0.49646043619544017,0.5039997697233441,-2.0,0.518182221283296,0.524874202224959,0.5308070766013272,-2.0,0.5420492529924156,0.5468451450846166,-2.0,0.5561495787082162,-2.0,-2.0,0.5674241510707537,0.5710145315472375,-2.0,0.5771328404621283,0.5797461066886189,0.5821389248531743,-2.0,0.5870280210007066,0.5892744863021181,0.5913268383547062,0.5932062752078497,0.594931914885501,0.5965196005334852,-2.0,-2.0,0.6005826070350155,0.6017423942200737,-2.0,0.6041275608374623,0.6052887173176007,0.6063645368651165,-2.0,0.6082877002103727,0.6091461847391587,0.6099419716999552,-2.0,0.6113640952251613,0.6119971346452004,-2.0,0.6131226859276159,0.6136206970634542,0.6140786372977214,0.6144983282898222,0.614881938575972,0.6152308076072336,0.6155465954121165,-2.0,-2.0,0.6163080955203318,-2.0,0.6166714730123816,0.6168120678565374,0.6169265426059518,-2.0,0.6170786925599251,0.6171173457577982,0.6171310814734533,-2.0,0.6170859127632342,0.61702729487194,0.616944464939456,0.6168370767809455,-2.0,0.6165499480444315,0.6163694941325022,0.6161642400008986,0.6159333150553165,-2.0,0.6153944113818309,0.6150848308919431,-2.0,0.6143826292787716,-2.0,0.613565440795948,-2.0,0.6126262676254121,-2.0,-2.0,0.610971407760514,0.6103496714878082,0.6096905926062031,0.6089929727576963,0.6082553355314205,0.6074759173568276,0.6066532606711359,-2.0,0.6048709320676491,-2.0,-2.0,-2.0,-2.0,-2.0,-2.0,-2.0,0.5956082806010378,0.5941701813485871,-2.0,-2.0,0.5894124863685982,0.5876674761764777,0.585836828053722,0.58391662386435,0.5819027530344365,-2.0,-2.0,-2.0,-2.0,-2.0,-2.0,0.5647929630095018,-2.0,-2.0,-2.0,-2.0,-2.0,-2.0,-2.0,-2.0,-2.0,0.5282160505259096,-2.0,0.5186239032927376,-2.0,-2.0,-2.0,-2.0,0.4903546249465417,-2.0,0.4770768682612405,-2.0,0.4625082228104798,-2.0,0.44652377107912683,-2.0,-2.0,-2.0,-2.0,0.39943594337306787,0.3886371052988673,-2.0,-2.0,0.3530703171064204,0.3400733026181046,-2.0,0.31220186949377465,0.29726773592120276,0.2816258139624514,0.26524258771155107,0.2480829556445287,-2.0,-2.0,0.1915691979921026,0.17091846884245449,0.14928924680767075,0.12663517589929452,0.10290774210953435,0.07805610096321547,-2.0,0.024764774154931835,-2.0,-0.033696009755446954,-2.0,-2.0,-2.0,-2.0,-2.0,-0.24535444085582714,-2.0,-0.3300153440457425,-2.0,-0.42288737860574566
0.026126752255633278,0.17767305963529714,0.19033363616679957,0.20322223975741527,0.21631090205036818,0.22957013916085955,0.24285900134669394,0.2562283751039601,0.2696760853147766,0.28316758974157147,0.2966677784103788,0.31014129460453477,0.32353299044267464,0.3367346098042769,0.3497872317420417,0.36266330154700555,0.3753304380978872,0.38776070515049227,0.39993252504220445,0.4117827862178486,0.42314379559316206,0.43414757978858426,0.4448309550240886,0.45519304341886097,0.4648851120475722,-2.0,0.4832930917488516,0.49158475262137763,0.49974098711329257,0.5072148870680769,0.5144781437776111,0.5210717319905374,0.5276085626998188,0.5333148545692252,0.5390784153761514,0.5443346290528572,0.5489890537649061,-2.0,0.5581534360908214,0.5620391803191503,0.5655811684439931,-2.0,0.5726913671349315,-2.0,-2.0,0.5810967279442569,0.5834734676549393,-2.0,0.5883286753354781,-2.0,0.5924873386820988,0.5943081566663048,0.5959809123893098,0.5975208233053559,0.5989406794371319,0.6002519493264076,0.6014644466304907,0.6026107481382249,0.6037971829087352,-2.0,-2.0,0.6071778401048971,0.6081465529509674,0.6090452037544399,0.6098777065760239,0.610649804375862,0.6113651353052878,-2.0,-2.0,0.6132056323572562,-2.0,-2.0,-2.0,-2.0,0.6154168767913941,0.6157496104001257,0.6160492871635287,-2.0,0.6165554777245099,0.6167639223388595,0.6169442266561402,0.6170963144633458,0.6172216881892426,0.6173206790023378,0.6173942483172786,0.6174414528015307,0.6174639967776084,-2.0,0.6174350159531613,0.617383279926061,0.6173071839499809,0.6172066453990012,-2.0,0.6169315870633677,0.6167566980911975,0.6165565776306189,0.6163311684585299,0.6160790413312893,-2.0,0.6154955531580888,-2.0,0.6148015659751171,0.6144114401821577,0.613991524309587,-2.0,0.6130588076149643,0.6125440755654822,0.6119960291316592,-2.0,0.6107932648042854,-2.0,-2.0,0.6087059281913524,0.6079286884090275,0.607108042109726,0.6062422448167494,0.6053294841859124,0.6043677499442692,0.6033550028947796,0.6022891331674016,0.6011678383287344,0.5999887221468357,0.5987492668103289,0.5974468214497567,0.5960786033867459,0.5946416844219096,-2.0,0.5915492964648045,0.5898872185714638,-2.0,-2.0,0.5843941392968668,-2.0,-2.0,-2.0,-2.0,-2.0,-2.0,0.5680784044787965,-2.0,0.5623394322036166,-2.0,-2.0,-2.0,-2.0,0.545404463232019,0.5415165246153137,-2.0,-2.0,0.5287040628231716,-2.0,-2.0,-2.0,-2.0,-2.0,-2.0,0.49084484727422406,0.48436022794541306,-2.0,-2.0,0.46299942486201234,0.45519265597825126,-2.0,0.43845010992402716,-2.0,0.4200812159647533,-2.0,0.39992846726691855,-2.0,-2.0,0.3659720705925832,-2.0,-2.0,0.3269535722032773,-2.0,-2.0,0.28211951454434764,-2.0,0.24857685950650205,0.23060416019284863,0.21177978258030017,0.19206336959163817,-2.0,0.1497835695037325,-2.0,0.10340222042094349,-2.0,0.05252161321231008,-2.0,-0.0032945255340858237,-2.0,-0.06452466691841396,-0.09733237953013452,-0.13169424578784716,-2.0,-2.0,-0.24485893014626836,-2.0,-0.32952019098317586,-2.0,-2.0
0.025381811418260458,0.16997654451235414,0.18259847915944957,0.19544228804711594,0.2083527108451207,0.2214548231103582,0.23471783025840467,0.24811121581947668,0.2615877104974159,0.2750200515098597,0.2884808979537424,0.30193707928923597,0.3153524602737519,0.3286904285745214,-2.0,0.3549954563562949,0.3678111897665631,0.3803457653316587,0.3926228588780022,0.4046199981912354,0.4163233757863667,0.42772285575914076,0.4385920712240781,0.4490181258799309,0.4591380440515862,0.4689055896854315,0.47795075362637685,0.486775374336788,0.4951060612399763,0.5028753072360241,0.5104440370823804,0.5173019353849795,-2.0,0.5301970549227821,0.5358425041895761,0.5415343920548107,0.5465151549869783,0.5511470477063982,-2.0,0.5600746945798093,-2.0,0.5673417610695527,0.5709850308267277,0.5743073311645494,-2.0,-2.0,0.5824050139979311,-2.0,0.5872843552475969,0.5895871378645979,-2.0,0.5936114925209478,0.5953755113894484,0.5969971857072658,0.5984907730767448,0.5998686087330101,0.6011415485026035,-2.0,0.6034700347849375,-2.0,0.6058553201213355,0.6069501307276115,-2.0,0.608904969382119,0.6097766768972146,-2.0,0.6113329055553407,0.6120259649289518,0.612667198473632,-2.0,0.6138051162167937,-2.0,0.6147695770344879,0.6151922447962328,0.6155782420073107,0.6159279110814523,0.6162446997939005,0.6165277606059185,0.6167802626496821,0.6170021554930891,0.6171949546164373,0.6173593273270309,0.6174960199752304,0.6176056759495546,0.6176890839777153,0.6177459959483984,0.6177775001774736,0.6177836565877287,0.617764685570281,0.6177207327967774,0.6176518700461799,0.6175581036783078,0.6174396526162905,0.617295532873145,0.6171264001704313,-2.0,0.6167111317369673,-2.0,-2.0,-2.0,0.6155615580608842,-2.0,-2.0,-2.0,-2.0,-2.0,-2.0,-2.0,0.611837845882429,-2.0,-2.0,-2.0,-2.0,-2.0,-2.0,-2.0,-2.0,-2.0,-2.0,0.6027375936743993,-2.0,-2.0,-2.0,0.5979010499336653,-2.0,-2.0,-2.0,0.5920082821052673,-2.0,0.5886042191216417,-2.0,-2.0,-2.0,-2.0,0.5785218898970627,-2.0,-2.0,0.5712194820701934,0.5685466323304702,-2.0,0.5628088749983166,-2.0,0.5565069244688781,0.5531276927428079,0.54958674880817,-2.0,-2.0,-2.0,-2.0,0.5291777842471242,0.5244939562034499,0.5195870708959189,-2.0,0.509061584031641,-2.0,0.49751107257611565,-2.0,-2.0,-2.0,-2.0,-2.0,0.45566988573062234,-2.0,0.438927759174549,-2.0,-2.0,-2.0,-2.0,-2.0,-2.0,-2.0,0.3540424064504106,0.3410456459594026,0.32743280405190117,-2.0,-2.0,0.282599149393089,0.26621608242109374,-2.0,0.2310840399343111,-2.0,0.19254343680173802,0.17189286944455223,0.15026401397467315,0.12760988851954969,-2.0,-2.0,-2.0,-2.0,-0.00281384411588792,-2.0,-2.0,-0.09685157104828679,-2.0,-2.0,-2.0,-2.0,-2.0,-2.0,-2.0,-0.421911252527443
0.024658110758226028,0.16250153229708367,0.17491477787139695,0.18756563034909007,0.20045051210296105,0.2135413214815447,0.22667133100334533,0.23993856378075643,-2.0,0.26679884841158336,-2.0,0.2938596033467946,0.30728012706192426,0.3206355831772048,0.33389836770449627,0.34703233827355473,0.36000275547055033,0.3727783241979828,-2.0,0.39754924769409306,0.40936866820906936,0.42087085548487085,0.4320542952760302,0.44293292032974324,0.4532572974061515,0.46308859635103117,0.47266200298032957,0.4817325122941672,0.49019919792857475,0.49853434346133335,0.5060343503647857,0.5135132368690307,0.5201390511896649,0.5268100844009519,0.5326726097688286,0.5383921970779735,0.5438710118555933,0.5486202989047264,-2.0,0.5578971042811565,0.56191826097073,-2.0,-2.0,0.5726736012461486,0.5758642979127928,-2.0,0.5813189381116544,-2.0,0.5861413786306304,0.5885791483951647,-2.0,0.5928380668043537,-2.0,0.5964093607888894,0.5979816310178439,0.59943044868103,0.6007673159315001,0.6020026423521034,0.6031521380413929,0.6043199341222444,0.605530168927533,-2.0,0.6077406634936711,0.6087252715546742,0.6096377416829399,-2.0,0.611266551105978,-2.0,0.6126622879731535,0.6132821617162676,0.6138548016491867,0.6143808867074904,0.614864786336956,0.6153085059952097,0.6157134483486888,0.61608179536662,-2.0,0.61671467837173,-2.0,0.6172182193751331,-2.0,0.6176011414865588,0.617749583162752,0.6178707805504533,0.6179639138172519,0.6180312708199033,-2.0,0.6180866244345771,0.618075940996383,-2.0,0.617978368932863,-2.0,0.6177797128091425,-2.0,0.6174787823505146,0.617289732721692,-2.0,0.6168327250527914,-2.0,0.616267690639231,-2.0,-2.0,0.6152078995836547,0.6147952921612206,0.6143516683098497,0.61387611976368,0.6133676634719499,0.612825239812275,0.6122477186512031,0.6116338886599889,0.6109824593357716,0.6102920571523671,-2.0,0.6087884081885668,0.607971976456017,0.6071101885621768,-2.0,-2.0,-2.0,0.6031712963656638,0.6020531445892943,-2.0,0.5996404217994317,0.5983406967046973,0.5969750696156539,0.5955406267371954,-2.0,-2.0,0.5907928854266665,-2.0,-2.0,-2.0,-2.0,-2.0,-2.0,-2.0,-2.0,-2.0,0.5690006988168212,-2.0,-2.0,-2.0,-2.0,-2.0,-2.0,-2.0,-2.0,-2.0,-2.0,-2.0,0.5249540690789655,0.5200475519124834,0.5149074482248313,-2.0,-2.0,-2.0,-2.0,-2.0,-2.0,-2.0,0.4639395392698025,-2.0,-2.0,0.439391528107073,0.4304202675510055,0.42102339976950093,-2.0,-2.0,-2.0,-2.0,-2.0,0.3545075330715381,0.3415109212787972,0.3278982090136832,0.31364023528213064,0.29870645109246724,0.28306486130244307,0.2666819521475732,0.2495226359705362,0.2315501182516096,0.21272591734692836,0.19300969915601662,-2.0,-2.0,0.12807639983086738,-2.0,0.07949775529424974,-2.0,-2.0,-2.0,-0.032253609934086436,-2.0,-0.09638447836226272,-2.0,-2.0,-0.2044306782181372,-0.24391115654341533,-0.2852618562610395,-0.32857178336392445,-2.0,-2.0
0.023955044663499153,0.15496287484947568,0.16730290652532975,0.17991447179574868,0.19260371003271562,0.20550987546878405,0.21861413671827462,0.23188683880178534,0.245233365915765,0.2586135451454389,0.27206856873499663,0.28556465257306274,0.2990658878551633,0.31253641934435905,0.32594138331685574,0.3391789498393521,0.3522188240322115,0.36507737555637054,0.3777214153548623,0.39012324664728376,0.40226048358857375,0.4141097598036232,0.42547759359316106,0.43643180838729734,-2.0,0.4573875897360437,0.4670874624379225,0.47633963344402497,0.4853862169294353,0.4936618712358686,-2.0,-2.0,-2.0,0.5230041935482276,0.5294762378004545,0.5351514689884362,0.5409103376608057,0.5460966661624843,0.5507329127368354,0.5554805407027843,0.5598461501053295,0.5636876839488631,0.5672222316093962,0.5708744533547979,-2.0,0.5773657693301636,0.5801255878590338,-2.0,0.5849968811037355,-2.0,0.5898313869483685,0.5919833973465528,0.5939510578971878,0.5957542822442123,0.5974106048554177,-2.0,-2.0,0.6016375775115089,-2.0,-2.0,-2.0,0.6063594945533818,0.6074735050761559,-2.0,-2.0,0.6103453657663235,0.6111650929330362,0.6119240041016402,0.6126260044955208,-2.0,0.6138736836576808,0.6144254872405989,0.6149331862257105,0.6153983728969139,0.6158236835247307,0.6162109843497324,0.6165620370700959,0.6168783805568999,0.6171613713671122,0.6174122467497959,0.6176321648055777,0.6178222501662143,0.6179831073421372,0.6181151899808455,-2.0,0.6182966683715303,0.6183470766147419,0.6183709095776688,0.6183687750940936,0.6183407712704773,0.6182869917316955,-2.0,0.618102423905728,-2.0,0.6178141915025034,0.617631039202401,-2.0,0.6171847435996123,0.6169209468662116,0.6166294006957078,-2.0,0.6159607713869187,0.6155823753982979,0.6151736012023242,0.6147336210215973,0.6142615336701209,-2.0,-2.0,0.6126425227585662,-2.0,-2.0,-2.0,-2.0,0.6091960424001365,-2.0,-2.0,0.606615155137063,-2.0,-2.0,-2.0,0.6024741720546891,-2.0,0.6000645087314291,0.5987662059791277,-2.0,0.5959687773127893,-2.0,-2.0,-2.0,-2.0,0.5876568775226546,-2.0,-2.0,0.5816216025270358,-2.0,-2.0,0.5746610078369803,-2.0,-2.0,-2.0,0.5637058678025929,0.5606298644588047,-2.0,0.5540280920808278,-2.0,-2.0,0.5428923768293109,-2.0,-2.0,-2.0,0.5254007151041533,-2.0,-2.0,-2.0,-2.0,0.49842118375074645,-2.0,0.4857477528840985,-2.0,-2.0,0.4643892181807356,0.45658316707915864,0.4484065364952727,0.4398418821245676,-2.0,-2.0,-2.0,0.4013224779523398,-2.0,0.37921404736998726,0.3673675076942148,0.35495929442009894,0.3419628236313094,-2.0,-2.0,0.29915874709378604,0.2835172922686325,-2.0,-2.0,-2.0,-2.0,-2.0,-2.0,0.15118333762247038,0.12852957948751798,-2.0,-2.0,0.05392225758393365,-2.0,-2.0,-2.0,-2.0,-2.0,-0.1302925500532358,-2.0,-2.0,-0.24345724033448102,-0.2848080480948981,-0.32811781360007064,-0.37347932954834273,-0.42098974621798724
0.023272024789604086,0.14761899367642523,0.15979761007436083,0.17217280979002605,0.18481385215970283,0.19769480994219826,0.2106419899673349,0.22375899760137619,0.23703552808617395,0.2504389387251522,0.2639378032599433,0.27741360149258343,0.29087810515837453,0.3043343855729932,0.3177457983694944,0.33107597815000805,0.34428946109692693,0.35735256767135304,0.37020708010087583,0.38273185677922644,0.39497876372414303,0.40693958691845256,0.4186007490507738,0.42996069754350075,0.4408648039414728,0.4512322503053718,0.4612857051535441,0.47103989483194353,0.48006095447696817,0.4888002346420932,0.4971583895729997,0.5048369770208904,0.5124046415352703,0.5191849678057868,0.5258839909586215,0.5319995323859883,0.537652619252801,0.5433040842171851,0.5482195844648377,0.5528608752221116,0.5575508072195036,0.5617133629367805,-2.0,0.5689494605193569,0.5725778030787911,0.5758648734278763,0.5788136311323465,0.5814720390905689,-2.0,0.5862935418790866,-2.0,0.5910425353376657,-2.0,0.5950280123990623,-2.0,0.5983802569559159,-2.0,-2.0,0.6024799387011494,0.6036437950425506,0.6047928749887405,-2.0,0.607161414616832,0.6082423742946503,0.6092432091456269,0.6101699994096162,0.6110283460975591,0.6118225061729933,0.6125573641321153,0.6132366425952955,-2.0,0.6144419567917562,0.6149737762817998,0.6154616945330291,0.6159081850444833,0.6163154023290774,0.6166851406111333,0.617018986806036,0.6173182985134131,0.6175841940678325,-2.0,-2.0,-2.0,0.6183391795671529,-2.0,-2.0,0.618603381147151,0.6186365049454523,0.6186433537937537,-2.0,0.6185778814329033,-2.0,0.6184077766882448,-2.0,0.6181329678806663,-2.0,-2.0,0.6175205358388751,0.6172618800327303,0.6169752104711108,-2.0,-2.0,-2.0,0.6155365618585621,-2.0,0.614631827050913,-2.0,0.6135939866283253,-2.0,0.6124144248181865,-2.0,0.6110832584988681,0.6103573708696693,-2.0,-2.0,0.607919791224077,-2.0,0.6060606529474165,-2.0,-2.0,0.6028812042070455,0.6017082653297015,0.6004746946573805,0.5991778594453445,-2.0,0.5963831574483258,0.594879329394162,0.5933005619949127,-2.0,0.589902746364624,-2.0,0.5861615394056294,-2.0,-2.0,-2.0,-2.0,0.5750865024756155,-2.0,-2.0,-2.0,0.5641341638716934,-2.0,-2.0,-2.0,-2.0,0.5472100570043961,-2.0,-2.0,-2.0,-2.0,-2.0,0.5209282839907733,0.515788911759113,-2.0,0.5047647401304443,-2.0,0.4926669954554924,0.4861834993293563,-2.0,-2.0,0.464825767006763,0.45701993599896634,-2.0,0.4402791296417126,-2.0,-2.0,-2.0,0.4017605160193146,-2.0,0.3796524289810595,0.3678060507170967,-2.0,-2.0,-2.0,0.31453153801940376,-2.0,-2.0,-2.0,0.25041484408062026,0.23244254200306352,0.2136185402061569,0.19390252218975623,0.17325221396419738,-2.0,-2.0,0.1052426738019635,0.0803913908294348,0.054362638454030665,0.027100649655423248,-2.0,-2.0,-0.06268278656722204,-2.0,-2.0,-0.16584136842540365,-2.0,-2.0,-2.0,-0.3276768142589721,-2.0,-2.0
0.022608479567277774,0.14029554862312604,0.15231941139054894,0.1646447799269581,0.17711300768062085,0.18978268939128337,0.202684450572146,0.2157907831025832,0.22897820722675827,0.24225757975469636,0.25565420690635404,0.26913490083713804,0.28266490659934285,0.29620999985971963,0.3096786745618587,0.32302904497242696,0.3362828637535029,0.3494029892712772,0.3623548925849857,0.3751065846885238,0.38763093142952426,0.3998748337794761,0.41168178647501397,0.4231394162469543,0.43427216205677605,0.44509594765425503,0.4554575199172572,-2.0,0.47471968239533036,0.4838157682533266,0.4922059568527723,0.5005003644585256,0.50797552513671,0.515397674300247,0.5219991175931025,0.5286366366200461,0.5344353890242007,-2.0,0.5455808824946442,0.5502889585389052,-2.0,0.5595309078920909,0.5635047277209766,0.567067570131864,0.5706857390411071,-2.0,0.5773734986969749,-2.0,0.5827723911719379,0.5851451056484932,0.5875914878299275,0.59000976214126,-2.0,-2.0,0.596070442997751,-2.0,0.5993184743221847,-2.0,0.6020739887980736,0.6032950185293531,-2.0,-2.0,-2.0,-2.0,-2.0,0.6099563585454234,0.6108550645785983,0.6116867635723745,0.6124559170314071,-2.0,0.6138239373404721,-2.0,0.614986521183131,-2.0,0.6159670514135415,-2.0,-2.0,0.6171357939866201,0.6174525847042012,-2.0,0.6179832166025662,0.6182007193367036,0.618387517258255,0.6185436163157907,-2.0,0.6187697113712096,0.6188404896504107,-2.0,0.6188997425449276,0.6188888604657053,0.6188512774297321,-2.0,0.6186968297456035,0.6185789454974315,-2.0,0.6182639544048855,-2.0,0.6178403840918953,-2.0,-2.0,-2.0,-2.0,-2.0,-2.0,-2.0,-2.0,0.6144890541655941,-2.0,0.6133880077684967,0.612782935903038,0.6121398364842322,-2.0,-2.0,-2.0,-2.0,0.608303528311074,0.6074007426677545,0.6064485397944791,-2.0,-2.0,0.6032746016960664,0.6021033277998877,-2.0,-2.0,0.5982145874744955,0.596784129812868,0.5952815978769853,0.5937037755890299,-2.0,0.5903085887375867,0.5884839587496601,-2.0,-2.0,-2.0,-2.0,0.5779282267656554,-2.0,-2.0,0.570281963565461,-2.0,-2.0,-2.0,-2.0,-2.0,-2.0,0.5476282869009417,0.5437427343764273,-2.0,-2.0,-2.0,-2.0,-2.0,-2.0,0.5108265914891867,0.5051867701515136,-2.0,0.4930896739814742,-2.0,-2.0,-2.0,-2.0,-2.0,-2.0,-2.0,-2.0,0.42233677209860615,0.41249474700467403,-2.0,-2.0,0.3800781226435684,-2.0,0.35582400662751706,0.34282783085678376,0.32921554027954464,0.31495796610334964,-2.0,-2.0,-2.0,0.2508417785542237,0.23286958352790305,0.21404569006350938,0.19432975742186198,0.1736795516995832,-2.0,-2.0,-2.0,0.08081906585965004,-2.0,-2.0,-2.0,-0.030931478623837272,-2.0,-2.0,-2.0,-2.0,-0.20310770918570054,-0.24258805131817796,-2.0,-2.0,-0.37260987148194635,-0.42012024067803866
0.02196385372416546,0.13309156677937498,0.14502365358169125,0.15708773035243978,0.1694481166871189,0.18207883840916655,0.19482348604355496,0.20774630462721175,0.22086510811910928,0.23415005407898085,0.24755444937531498,0.2609449855010185,0.2744065305630949,0.28790545890548885,0.30140616037866846,0.3148719719196711,0.3282681967917394,0.34154635102470826,0.3545887285384488,0.3674271114165556,0.38004594919352674,-2.0,0.4045169681739426,0.41633432302119294,0.4277377453515572,0.43863999948775767,0.4492061901196972,-2.0,0.4692089027562449,0.47838198732021425,0.4873748463185199,0.4956515588474795,0.5036240192402562,0.5111488277344268,0.5182109909394326,0.5248417688220098,0.5312363333120926,0.5368894752965704,0.5426340651563722,0.547748945289871,0.5523734498331194,-2.0,0.561426940744794,0.565223421113613,0.5687548195998915,0.5724057492465058,0.5757930446903763,0.5788269526725363,0.5815582595211227,0.5840281416962035,-2.0,-2.0,0.5912159211148663,0.5933465254595088,0.5952943714803676,0.5970792688648475,0.5987185529931258,0.6002267570989935,0.601616829067968,-2.0,-2.0,-2.0,-2.0,-2.0,-2.0,-2.0,0.6106442460241037,-2.0,0.6123206993694672,-2.0,0.613752974206054,-2.0,-2.0,-2.0,0.6159999830007288,0.6164501817111646,-2.0,-2.0,0.6175634112153445,0.617861931815302,0.618126754422571,0.6183585016065256,-2.0,-2.0,0.6188677580298514,-2.0,-2.0,0.6191126686737485,0.6191386437188813,0.6191364166795863,0.6191077536831402,0.6190512098129259,-2.0,0.6188579284546694,0.6187206963345924,-2.0,0.6183642779730458,0.6181445678919658,0.6178967233367072,0.6176203044032718,0.6173148045836521,0.6169796450494989,-2.0,0.6162176759432852,0.6157893524541849,0.6153283384536358,-2.0,-2.0,0.6137393559646407,0.6131373923854698,0.6124972486442165,0.6118175808704591,-2.0,0.6103338618665041,0.6095266766087378,0.6086736934851015,0.6077731024315205,-2.0,-2.0,0.6047659892974765,-2.0,0.6024851705128326,-2.0,0.5999610534944119,0.598601101879543,0.5971720621866767,-2.0,0.5940943398989388,-2.0,-2.0,-2.0,-2.0,-2.0,-2.0,-2.0,-2.0,0.5758986586312888,-2.0,-2.0,0.5678851360055737,-2.0,-2.0,-2.0,-2.0,-2.0,-2.0,-2.0,-2.0,-2.0,-2.0,-2.0,0.5217577220968397,0.5166191244090821,0.5112358839828601,-2.0,0.4996886550245318,-2.0,-2.0,-2.0,0.47311251323146086,0.46566103212769333,-2.0,-2.0,-2.0,-2.0,-2.0,-2.0,-2.0,-2.0,0.3804915210984789,0.36864547763861366,0.35623773676319787,0.34324171535018305,0.3296295735415203,0.3153721377988881,0.3004388728944118,-2.0,-2.0,0.25125645401641966,-2.0,-2.0,-2.0,-2.0,-2.0,-2.0,-2.0,-2.0,0.05520590796103253,0.027944071971160778,-2.0,-2.0,-2.0,-2.0,-0.12900774997727027,-2.0,-2.0,-2.0,-2.0,-2.0,-2.0,-2.0
0.021337607820153946,0.1260114634330953,0.13768789504115062,0.14969198252032873,0.16192564162123368,0.17432044019005027,0.18697960096577185,0.19987694111529755,0.21288217271957646,0.2260134983293278,0.239301208054967,0.25271405125698665,0.26621905552982045,0.2797546663318769,0.2932216355780048,0.30667638218689297,0.3200823702012859,0.3334026217063308,0.3466016365913147,0.3596453129469883,0.37250196784630707,0.38505438502988637,0.3972687106569797,0.40919090331061064,0.4208064763052448,0.4321143827718269,0.4430439420994403,0.4533703695812789,0.46335417119684646,0.4730718858498701,0.4820893214032892,0.4907396468861583,0.49910850222072584,0.5067097415569642,0.5142617284930984,0.5209751497643287,0.5276758470002231,0.5336962873135125,0.5393672370354224,0.5449673400017531,-2.0,0.5544743706936658,0.5591309787361232,0.5632426763394156,0.5668788972052965,0.5704516354166361,0.5740597970536784,0.5773109204034289,0.5802282629862698,0.5828592621576949,-2.0,-2.0,0.5901242304030145,-2.0,0.5944419568560149,-2.0,0.5980553640991852,0.5996435186814817,-2.0,-2.0,-2.0,-2.0,-2.0,0.607190282169583,0.608343010327234,0.609409122627985,0.6103953169854787,0.611307595556291,0.6121512618734227,0.6129311063089424,0.6136512228339795,0.6143158756543045,0.6149276679745775,0.6154905692735616,0.6160067934305062,0.6164787569712984,-2.0,0.6172996573992704,0.6176516979123607,0.6179675995509523,0.6182488066565632,0.6184954561322422,0.6187098972404997,0.6188927073276222,-2.0,0.6191668085212007,0.6192595020042333,0.6193233855677868,0.6193589064865423,0.6193664199707931,0.6193461929578502,0.6192984069790127,0.6192231645501094,-2.0,-2.0,0.6188325298047728,0.6186469163656841,0.6184332034854507,0.6181910408858382,0.6179200099564047,0.6176196185677266,0.6172893047320404,0.6169284339284423,0.6165362983477111,0.6161121183431254,0.6156550399073253,0.6151641320809667,0.6146383879496312,0.6140767219548994,0.6134779667390374,-2.0,-2.0,-2.0,0.6106857701801883,-2.0,0.6090304741289934,-2.0,0.6071844924915716,-2.0,-2.0,-2.0,-2.0,-2.0,-2.0,-2.0,-2.0,0.5960473676154074,-2.0,-2.0,-2.0,-2.0,-2.0,-2.0,-2.0,-2.0,-2.0,-2.0,-2.0,-2.0,-2.0,-2.0,-2.0,0.5590479540535818,-2.0,-2.0,-2.0,-2.0,-2.0,-2.0,-2.0,-2.0,-2.0,-2.0,0.5116329408499632,-2.0,-2.0,-2.0,-2.0,-2.0,0.4735115682715766,0.4660603655521139,0.45825530723284486,-2.0,0.44151594783565823,-2.0,-2.0,0.41330836075961885,-2.0,0.392202469378087,0.3808928548181832,0.36904698629889976,-2.0,-2.0,-2.0,-2.0,0.3008411375129258,-2.0,0.2688178591540722,0.2516591011827937,-2.0,-2.0,-2.0,-2.0,0.15286918727572107,-2.0,-2.0,-2.0,-2.0,-2.0,-2.0,-0.03011201784558648,-2.0,-0.09424235115597102,-2.0,-2.0,-2.0,-2.0,-2.0,-2.0,-2.0,-2.0
0.02072921779595371,0.11895475506552444,0.1305628258103148,0.1423507064459029,0.15439532911232504,0.16673990454310025,0.17926478632911275,0.19195209912015837,0.20486995113091727,0.21799018812626908,0.2312374508670617,0.24452783474190487,0.2579329455284201,0.2714189391826559,0.2849512986007456,0.2984949708183232,0.31200731792712116,0.3253679055269059,0.3386107662734289,-2.0,0.36464656569309994,0.37737214105591604,0.38986433302487095,-2.0,0.41392923032120643,0.4253396571626463,0.43641844501245863,0.4471802891118338,0.4575612805495323,0.4672793703253589,0.4766970501974188,0.48579813161824154,0.49412995593826453,0.5023651384316546,0.5098301731100077,0.5171800909457529,0.5237686100292198,0.5303604631677172,0.536104526010197,0.5418591635661094,0.5471863142274276,0.5518594534208413,0.5565905015285265,0.5610586514986259,0.5649840480306095,0.5685283639373637,0.5721584333719676,-2.0,0.5787727428270845,-2.0,0.58411430943666,-2.0,-2.0,-2.0,0.5935089473457945,0.5955014154033924,-2.0,0.5989994993645271,-2.0,0.6019554561285202,0.6032619581958378,0.6044679550465606,-2.0,0.6067615649263222,0.607955546166422,0.6090734437711974,-2.0,0.6110629184297363,0.6119466751930686,0.6127636597389103,0.6135180682013894,0.6142138539829599,0.6148553800307104,0.615445335157707,0.6159868654703138,-2.0,0.6169348973489758,0.6173456547430463,0.617717189519223,0.6180510249017617,0.6183488682786557,0.6186116021135596,0.6188409731368542,0.6190375304681193,-2.0,-2.0,0.6194413077396561,0.6195161090379153,0.6195619231479654,0.619579146373537,0.6195680839680089,-2.0,0.619461890091473,0.6193669444649922,0.6192443468805756,-2.0,-2.0,-2.0,0.6184703643548838,0.6182049043427651,0.6179097942518105,0.6175846236798984,0.6172283700482044,0.6168407435777592,-2.0,0.6159678304995705,0.6154807825534323,-2.0,0.6144005241347108,-2.0,-2.0,0.6124977566783878,-2.0,-2.0,0.610222466893117,-2.0,0.6084783106896787,0.6075325679032971,0.606535072598848,0.6054837300705336,0.6043762109101174,0.6032102604402737,-2.0,0.6006928134942527,-2.0,0.5979098883510781,-2.0,0.5948376743013817,-2.0,0.5914498784205799,-2.0,-2.0,-2.0,0.5836085676168639,-2.0,-2.0,-2.0,-2.0,0.5714490190378254,-2.0,-2.0,-2.0,-2.0,0.5560525813614412,0.5525155353494097,0.5488090114142697,-2.0,0.5408553920790259,0.5365912584097652,0.5321235346757199,0.5274426437304711,0.5225385647868832,-2.0,-2.0,-2.0,-2.0,0.4942845617952021,-2.0,-2.0,-2.0,0.4664480525237025,-2.0,0.45046789618328403,-2.0,-2.0,-2.0,-2.0,-2.0,-2.0,-2.0,-2.0,-2.0,-2.0,0.3304219752312509,-2.0,-2.0,-2.0,-2.0,-2.0,-2.0,0.21525478678346321,-2.0,-2.0,0.15326084192879164,0.13060752510503404,0.1068809049694247,0.08202985545957064,-2.0,0.02873972350860543,-2.0,-2.0,-2.0,-2.0,-0.12821129972622292,-0.16420076563605357,-2.0,-2.0,-2.0,-2.0,-2.0,-2.0
0.020138174534552102,0.11210091745610373,0.12344357877474466,0.13509599741973208,0.14707858916752917,0.15916756511723193,0.1715465006610371,0.18419519751813346,0.19699808474183733,0.20993647417132177,0.22306872753592355,0.23636473817533066,0.24979325720121082,0.2632287025238733,0.2766950453869494,0.29019533411257253,0.30369356329239783,0.3171534744891865,0.3305390950113379,0.34381539314197523,0.35690069742697356,0.3697195105980664,0.3823104265816345,0.39464772288245953,0.4067085084452205,0.41847949029316206,0.4299056345351014,0.4407795755888343,0.4512822877207494,0.46148368124171435,0.47124767130669604,0.4803467391560291,-2.0,0.4975609493699861,0.5054313148822398,0.5129847132418792,0.5199350248894706,-2.0,-2.0,0.5385361958463766,0.5442558728933461,0.5492986126794177,0.5539189442369712,0.5586466100666548,0.5629037568276052,0.5666542023603195,0.5701875391150594,0.5738313404543401,0.5771804794448875,-2.0,0.5828828187564083,-2.0,-2.0,0.5901771845046158,-2.0,0.5945983373228926,0.596525730361567,0.5982916500753471,-2.0,0.6014037075958094,0.6027771987965683,0.6040438709330193,-2.0,0.6063428236347808,-2.0,0.6086945020782205,0.6097782656419698,-2.0,0.6117061237946281,0.6125617205376388,0.6133521472742565,0.6140814690701834,0.6147533895227123,0.6153719069974375,-2.0,0.6164603297573322,-2.0,0.6173679754567566,0.6177595462662313,0.6181125588704456,0.6184276507801755,0.618706732051558,0.6189512931164834,-2.0,0.6193413208726589,-2.0,0.6196046954762386,0.6196908314380096,0.619747326262871,0.6197746210982636,0.6197730616521269,0.6197429046100204,0.6196843137816181,0.6195974987596364,0.6194820941343363,0.6193384900809488,0.6191661066510694,-2.0,-2.0,-2.0,0.6181854625371834,0.6178653353786371,0.6175141266889632,0.6171311608761222,0.6167156835394364,0.6162668672498519,0.615783807485041,0.6152655162264213,0.6147109327189876,0.6141190242647373,0.6134882120701907,-2.0,0.6121056596451379,0.6113504771654238,0.6105514323907474,0.6097053933427041,-2.0,0.607868695926295,0.6068730468025333,-2.0,0.6047182194024345,-2.0,0.602329001620042,0.601040200430043,-2.0,0.5982604486341419,-2.0,-2.0,0.593539750699923,0.5918059979107049,-2.0,-2.0,0.5860717615805758,-2.0,-2.0,0.5794504340916891,-2.0,0.574481037777686,-2.0,-2.0,-2.0,0.5630156424398279,-2.0,-2.0,-2.0,-2.0,-2.0,0.5412265077067004,-2.0,0.5324956600189872,0.5278152432233454,-2.0,-2.0,0.5123921981414974,-2.0,0.500847215284351,0.4946595688431742,0.48817767766038606,-2.0,-2.0,-2.0,-2.0,-2.0,-2.0,-2.0,0.42391645722853516,0.41407527888454365,-2.0,0.3929701607013927,0.3816609968699514,0.3698154919578379,0.3574082705416987,0.3444127390427291,-2.0,0.31654407862731054,0.3016112371061109,-2.0,-2.0,0.2524299929306058,-2.0,-2.0,-2.0,-2.0,-2.0,-2.0,-2.0,0.08241047441056348,-2.0,-2.0,-2.0,-0.029338861306947184,-2.0,-2.0,-2.0,-2.0,-2.0,-0.24099400953334182,-2.0,-2.0,-2.0,-2.0
0.01956398343517064,0.1052410177891199,0.11646452818111339,0.12799866359765255,0.13969602786611524,0.15172037226441504,0.1640106198856742,0.1764242440516379,0.18910055809591206,0.20201327744662081,0.2150784067480859,0.22822247972096385,0.2415209338756111,0.2549417608270173,0.2684514244387188,0.2820164775973202,0.29551661687412595,0.3089683160540693,0.32236732554423275,0.33567595057321087,0.3488585280048926,0.36188080058861877,0.37471119464074837,0.38729676978172184,0.3994986284817159,0.41137939423791603,0.4229471984062234,0.43420046551935904,0.4451251735643926,0.45543903695795257,0.4653496135947155,-2.0,0.48404278408320606,-2.0,0.5009608259055981,0.508500490423165,-2.0,0.5226803176907658,0.5293696679540423,-2.0,-2.0,0.5465314593993024,-2.0,0.555995180703472,0.5606102756127791,0.5646701287370358,0.568271994308876,0.5718564951610274,0.5754385761850064,0.5786527907778944,-2.0,0.5841397776839512,0.5865189396077392,-2.0,0.591379433715301,0.5936131463735079,-2.0,-2.0,0.5992254811704143,0.6007954850744363,-2.0,0.6035715209390587,0.6047993825218712,-2.0,-2.0,-2.0,0.6094076951543461,-2.0,-2.0,0.6123251678669394,0.6131533190060214,0.6139174506803319,0.6146216747352343,0.6152701915368498,0.6158659049239668,0.616412099196192,0.6169113815802403,0.6173661781331159,0.6177790246996018,0.6181507742548429,0.6184844121520957,-2.0,-2.0,0.6192676613328829,0.6194606586434571,0.6196212858455907,0.6197499325157982,0.619847703073301,0.619915282396438,0.6199532360079771,0.6199613217342467,-2.0,0.6198906568835861,0.6198124844937702,0.6197045774654127,0.6195684341911964,0.6194030257771267,-2.0,-2.0,0.618731018715918,-2.0,-2.0,0.6177860126910194,0.6174078613561838,0.6169969538362311,0.616552475103947,-2.0,-2.0,0.6150082834517562,0.6144197888238355,-2.0,-2.0,-2.0,-2.0,-2.0,-2.0,-2.0,-2.0,-2.0,-2.0,0.6050481759363662,-2.0,0.6026627554630578,-2.0,-2.0,-2.0,0.5971038537790788,-2.0,-2.0,0.5921503750629304,-2.0,-2.0,0.58641978793818,-2.0,-2.0,0.5798015688837472,0.5773767126075312,-2.0,0.5721680183442625,0.5693730255466878,-2.0,0.5633718057340413,-2.0,0.5567789113542754,-2.0,-2.0,-2.0,0.5415864593529733,0.5373233760252083,-2.0,0.5281767228907357,-2.0,0.5181366531913718,-2.0,-2.0,0.5012108096511316,0.49502352882433476,-2.0,0.48175229728598157,0.47463991228174685,0.4671895947367973,0.4593853825969187,0.45121055550945516,0.4426476032425148,0.4336781674604908,0.42428304266238986,0.41444209793006526,0.4041342491664247,0.39333740646919624,0.3820284457720495,-2.0,-2.0,-2.0,0.3311692233247267,0.3169123970846776,-2.0,0.2863391608910261,0.2699572505711818,0.2527988756054011,0.23482727604222092,0.2160039482652596,-2.0,-2.0,0.15401063101397916,-2.0,-2.0,-2.0,0.05675195071241401,-2.0,0.0009372295236861339,-2.0,-2.0,-2.0,-2.0,-0.1634492252644425,-2.0,-0.24062333196071306,-2.0,-0.3252834375184377,-0.3706446439578688,-2.0
0.019006163999369864,0.09853648912196364,0.10962051255276059,0.12089236452120229,0.13252144180097764,0.14436403456786,0.15642830743745942,0.1687915971399991,0.18137467643942298,0.19407887123849885,0.20701172223885264,0.2201448646228146,0.23344466952249046,0.24675387547255137,0.26016626313629204,0.2736564434553712,0.28718959191376153,0.30073035061203274,0.3142436257335891,0.3276559402485212,0.3408875788634431,0.35397472550298875,0.3668832743904718,0.37958066315072087,0.39203879004728226,0.40423595139999835,-2.0,0.427476964175641,0.4384985148936625,0.449196844559605,0.4595685438879894,0.46926626700332635,0.47860138995087337,0.4876850567140856,0.4959777575992265,0.5041344503818866,0.5116058649020923,0.5188665884917447,0.5254558753419974,0.5319879677632795,0.5376870111191372,0.5434453411102732,0.548694023949536,-2.0,0.5580780580724943,0.562487347071735,0.5663632338701511,0.5698939264113285,0.573532267782092,0.5769832177061704,0.5800700382158059,0.5828456911246549,-2.0,0.5877138321482138,-2.0,0.5925401377473273,0.5946980736360407,0.5966690596825244,-2.0,-2.0,0.6016487827948108,0.6030488814056689,0.6043389845396846,-2.0,0.606650473564606,-2.0,-2.0,0.6100950893614002,0.6111126231654892,0.6120524537150431,-2.0,0.6137213706461562,0.6144593174300738,0.6151391099490934,0.6157640628509333,0.6163372163732367,0.6168616696739511,0.6173403768803672,0.6177741558836428,-2.0,0.618519207326474,0.6188334611229129,0.6191109021062274,0.6193529701811049,0.6195604203592197,0.6197346772284009,0.6198768105044037,-2.0,0.6200658583118214,0.6201142899733084,-2.0,0.6201215953097092,-2.0,0.6200110140693955,0.6199115341373702,-2.0,0.619624928316339,0.6194374658023889,0.6192199487789354,0.6189723719269986,-2.0,0.618384969771942,0.6180440857132918,-2.0,0.6172647259128782,-2.0,-2.0,-2.0,0.6152926658049221,0.614707815371972,-2.0,-2.0,0.6127138146757403,0.6119647003665214,0.6111708167515426,-2.0,0.6094419360869069,-2.0,-2.0,0.6064675789476194,-2.0,0.6042060597619215,0.6029846759192363,-2.0,-2.0,-2.0,-2.0,-2.0,0.5942146873906365,-2.0,-2.0,-2.0,-2.0,0.5846560432033119,-2.0,-2.0,0.5777175369703712,0.5751757595313343,0.5725106526779478,-2.0,-2.0,-2.0,-2.0,-2.0,-2.0,-2.0,-2.0,-2.0,0.5376728631469703,0.5332066647685512,0.5285272336799444,0.5236245451857642,-2.0,0.5131068824096215,0.5074693758543668,0.5015634963556623,0.49537659525143374,0.48889541204033243,0.48210606676500123,0.47499400996174035,0.46754400769599297,-2.0,0.45156554951963807,0.44300286555585583,0.43403369656438984,0.42463881580490687,0.41479810774881853,-2.0,-2.0,-2.0,-2.0,-2.0,0.34513795153223464,-2.0,0.31726994858707186,-2.0,0.2866970198996655,0.2703152482541503,0.2531570091562199,-2.0,0.21636232934637434,-2.0,-2.0,-2.0,0.13171634670323762,0.10798991624658383,0.08313923620042707,-2.0,-2.0,-2.0,-2.0,-2.0,-2.0,-2.0,-0.1630896070929847,-0.20078380449696087,-2.0,-0.2816141351562078,-2.0,-2.0,-0.4177948490462683
0.018464249428955436,0.09198001550832316,0.10279318889462916,0.11399022972572832,0.1253860006918121,0.13705906893197772,0.1490637461292367,0.1612065658044257,0.17360385706203454,0.1862692189669601,0.1991319008393325,0.21208492881705174,0.22522962508062552,0.23853560030658913,0.2519713491266194,-2.0,0.2789389831364913,0.2924393766839119,0.30593391119537827,0.3193860203690153,0.3327594102054492,0.34601902608905816,0.35912587325700424,0.3719584720776145,0.3845201841912137,0.396821909256322,0.4088409742106114,0.42056324206402257,0.43197753708434455,0.4428558088489745,-2.0,0.46342054098643976,0.47319300795550395,0.4822405363654,0.49106466357512873,-2.0,0.5071610370756918,0.5147280376900073,0.521578142615488,0.5282608056861993,0.5344602490420708,0.5400988034892208,0.5457828915480223,-2.0,0.5553755915801322,0.5600818638365228,0.5642832140359935,-2.0,0.5715265972254995,0.5751586468138992,0.5784684976071551,0.581434738797861,0.5841062988230737,0.5865242487417597,0.5889114417844299,0.5913733206543179,0.593661193492288,0.5957463175863911,0.5976518735251818,0.5993977765583717,-2.0,0.6024732615851718,0.6038295892463617,0.6050797038828439,-2.0,0.6073580651935276,-2.0,-2.0,-2.0,-2.0,0.6126524986618341,0.6134918523368658,0.6142657560426862,0.6149784449736206,0.6156338356248563,0.6162353471572865,0.6167860629431576,0.6172891051928107,0.6177458720742446,0.6181599199617533,0.6185320900835228,-2.0,-2.0,0.6194180369627033,0.6196409832759047,0.6198298807594503,-2.0,-2.0,0.6201987377261544,-2.0,0.6202877055964543,0.6202864944418941,0.620255229237108,0.6201940992871373,0.6201032008118155,0.6199825502174902,0.6198320742465249,0.6196516170108085,0.6194409465573096,0.6191997700490229,-2.0,0.6186241093801527,0.6182890095903703,0.6179206218810979,0.6175193161638415,0.6170839485177526,0.6166136551148786,0.6161074857422192,0.6155644145772514,0.6149833276007043,0.6143630245513272,-2.0,-2.0,0.6122534862060294,-2.0,-2.0,0.6097390595441936,-2.0,0.6078145572971967,0.6067718814035475,-2.0,-2.0,-2.0,-2.0,0.6006617760030153,-2.0,-2.0,0.5961820309480932,0.5945349376214323,-2.0,0.5909890931686915,-2.0,-2.0,0.5849828661120189,-2.0,-2.0,-2.0,0.5755066800995593,-2.0,0.5700491918405994,-2.0,-2.0,-2.0,0.5574611497888143,0.5539267177267018,0.5502226897518326,0.5463411328264054,0.5422737230841506,-2.0,0.5335460959803694,0.5288671801561041,0.5239649820230291,0.5188290016849879,-2.0,0.5078111547044817,0.5019056832295687,-2.0,-2.0,0.48244936620182066,0.47533764675959844,-2.0,0.4600843611369921,0.4519101105948214,0.4433477075020564,0.43437900114426986,0.4249841801370819,-2.0,0.40483632222200705,-2.0,0.3827313759672079,-2.0,0.3584798026614127,-2.0,-2.0,-2.0,-2.0,0.28704452673816233,-2.0,0.25350480403683334,-2.0,-2.0,-2.0,-2.0,-2.0,-2.0,-2.0,0.08348793651948139,-2.0,-2.0,-2.0,-2.0,-2.0,-2.0,-0.12675118701310362,-0.16274027713604,-2.0,-0.23991435675355066,-0.28126466828231733,-0.3245740131445475,-0.36993510833942667,-0.41744515254405457
0.01793778623534893,0.08542883786542674,0.09616200805774347,0.10711354383803408,0.11835825126369946,0.12994700358825856,0.14166464442167434,0.15370852494993628,0.16605281896548738,-2.0,0.1911813381139744,0.20410827553249342,0.21723243151305974,0.2303908751141017,0.24369885020131185,0.2571264626530776,0.2706395799190457,0.28420488820714723,0.2977650932366984,0.31121492430666,0.3246050082176566,0.337900571491273,0.35106543716796984,0.3640641772757884,0.37686582939643565,0.3894423656365158,-2.0,0.4135112214398358,0.4250285020528421,0.43622442743016926,-2.0,0.45744409494889376,0.4672789575234962,0.4768533229541576,-2.0,0.49438874484157525,0.502721594285059,0.5102162910162078,0.5176889621445873,0.524306825662306,0.5309712187222565,0.5368207479637384,0.5425361772595718,0.5480016722203114,-2.0,-2.0,0.5619950338521261,0.5660021647894852,0.569573867105145,-2.0,-2.0,0.5798971827026388,0.5827491060944281,0.5853216534210168,-2.0,-2.0,0.592534096812847,0.594743093379052,0.5967585667239712,-2.0,0.6002912275390606,0.6018427143698347,-2.0,0.604583593043681,0.6057947562042784,0.6069185883400425,0.6080591863345249,0.6092421830456355,0.6103617277194647,0.6113951482492578,0.6123489303404819,-2.0,0.6140405363166314,0.6147877233359944,0.6154749399512183,0.6161060328903688,0.6166844761895895,-2.0,0.6176937055061512,-2.0,-2.0,0.618874974554376,0.6191881755574854,0.6194633412407837,0.6197022243226347,0.6199056102492443,0.6200749645972872,-2.0,0.6203144415173777,-2.0,0.6204261044766344,-2.0,0.6204137932635608,0.6203619002630336,0.6202797265176374,0.6201673174028214,0.6200246320947959,-2.0,0.6196478472274602,0.6194132445263077,0.6191473721120644,0.6188497770995635,0.6185199290652267,0.6181572190883561,0.6177609579430445,0.617330374876011,0.6168646213079508,0.6163627626404106,0.6158237838732576,0.6152465830864247,0.6146299713731268,0.6139731350371126,0.6132733177832207,-2.0,-2.0,-2.0,0.6100246209596795,0.6090910715540383,0.6081051782628177,0.6070648498895969,-2.0,-2.0,0.6035945256689106,0.6023130938163226,-2.0,-2.0,-2.0,-2.0,-2.0,-2.0,0.5913015348484696,-2.0,0.5873971068999894,0.5852990496068222,-2.0,0.580788788932323,-2.0,-2.0,-2.0,-2.0,0.5674439286564513,0.5643750459805584,0.5611582200066545,-2.0,0.5542528286595104,0.5505494715398284,0.5466685529389264,0.5426017544951621,0.538340369537164,0.5338752667827407,0.5291968809334967,-2.0,0.5191596932743381,-2.0,-2.0,-2.0,-2.0,-2.0,0.482782522297613,0.47567147803062415,0.4682218004162559,0.4604185114920188,-2.0,-2.0,-2.0,0.4253194607424305,0.41547924635561606,-2.0,0.3943759193021298,0.3830675920040186,0.3712228992617429,0.35881642140634235,-2.0,-2.0,0.31795431212054653,-2.0,0.28738201784744793,-2.0,-2.0,0.2358713844642168,-2.0,-2.0,0.17668406456099345,-2.0,-2.0,-2.0,-2.0,-2.0,0.030537400156490757,-2.0,-0.027921335780257794,-0.05924405494921903,-2.0,-2.0,-2.0,-2.0,-2.0,-0.28092514295776794,-0.3242343423255668,-2.0,-0.4171054640497881
0.0174263338600965,0.0790659949638848,0.0895778338039491,0.10036147233905564,0.11149869928204474,0.12279158126916166,0.13444071104767338,0.1463396555382527,0.1584230699195033,0.17080412778875917,0.18344663548752269,0.19616715526422282,0.2091143009519165,0.22225912502521059,0.23557222913374107,0.24894003815161087,0.2623586186498948,0.27585174588478883,0.28938439643581326,0.30292085550489534,0.31642530901761945,0.3298613130130142,0.34311804946856367,0.35618601314436155,0.3690702588905216,0.3817373284424008,0.3941596369519639,0.4063139759941626,0.41817754296936455,0.42955731495745114,-2.0,0.4511509110290321,0.46148396100464945,-2.0,0.4804370325993575,0.4894811817222777,0.4977550020164738,-2.0,0.5133087192340239,0.5204628806277735,0.5270671613874204,0.533524931645286,0.5391899629592595,0.5449406486975905,0.5501101504825544,0.5547350460833718,-2.0,0.5638232981680634,0.5676493784534872,0.5711711229850349,0.5748119435323773,0.5782212946046744,0.5812717894460013,0.5840153312206157,0.5864937060519374,0.5888532005995877,0.5913112219413165,0.5936541804165243,0.5957877619573683,0.5977359207383782,0.5995194085034057,-2.0,0.6026566275927474,0.6040383353291325,0.6053110969391124,-2.0,0.6075977407941636,-2.0,0.6099237244485786,0.6110079718920279,0.6120083167161166,-2.0,0.613781741953213,-2.0,0.6152864146681168,0.61594860900809,0.6165558676142684,0.617110886018598,0.6176166855113793,0.6180761897951678,-2.0,-2.0,0.6191951519006318,0.6194881002424754,-2.0,-2.0,0.6201466044913927,0.6202963465607695,-2.0,-2.0,0.6205479270795696,0.6205678617720906,-2.0,-2.0,-2.0,-2.0,-2.0,-2.0,0.6198410189162508,0.6196128974666381,0.6193534908660001,0.6190620196150425,-2.0,0.6183807643683875,0.6179897167922781,0.6175640796121691,0.6171030177807711,-2.0,0.6160708606721146,0.615497673431715,0.6148848749586937,0.6142311992363166,0.6135352839072448,-2.0,0.6120108397799731,-2.0,-2.0,0.6093678622133898,-2.0,0.6073466073963679,0.6062519363848882,0.6050981753876548,-2.0,0.602603424266353,0.6012571178813595,-2.0,-2.0,0.5967875272364421,-2.0,0.5934166798502585,0.5916033690200151,0.5896996908701202,0.587701573654132,-2.0,-2.0,-2.0,-2.0,-2.0,0.5734748231210818,-2.0,-2.0,0.5646886818410034,0.5614726526632988,-2.0,-2.0,-2.0,-2.0,-2.0,0.5386588668082188,-2.0,0.529516496918106,-2.0,-2.0,0.5141004953634465,0.5084643062998371,0.5025596870693443,-2.0,0.48989394884687704,0.48310569557842586,0.4759946822353657,0.4685456732015724,0.4607427103881639,0.4525691071405095,-2.0,-2.0,-2.0,-2.0,-2.0,0.39470201983508013,0.3833939198466297,-2.0,-2.0,-2.0,0.33253776112603367,0.31828162132461363,0.30334971730742305,-2.0,-2.0,0.2541705255249253,-2.0,-2.0,-2.0,0.17701255805753396,-2.0,-2.0,-2.0,0.08415555704480904,-2.0,0.0308664897904376,0.002313636871121072,-2.0,-2.0,-2.0,-2.0,-2.0,-2.0,-2.0,-2.0,-0.32390459163037055,-0.36926557765956847,-0.41677553766429154
0.01692946430619779,0.07280486799302835,0.08309877578319988,0.09378910776113909,0.10462378887939482,0.11584161001616787,0.1272921477817676,0.13898520909118836,0.1510084390658856,0.16320906189325582,0.17562386991776743,0.18830508578341007,0.20122298447433393,0.21419582867832812,0.2273520267061835,0.24066704673733774,0.2541088042418162,0.2676446342000732,0.2811426860907794,0.2946419116410005,0.30813140427800245,0.32157445353024067,0.3349339242055727,0.3481745231887185,0.36126231238088746,0.37413673868129904,0.38668021394483687,0.3989443156477643,0.4109191175720173,0.4225906869300233,0.4339579833509438,0.4448734055226407,0.45524244091114735,0.46529358721755476,0.4750481729971147,0.4840687162694036,0.49279639579118595,0.5011564918542358,0.5088194157364145,0.516383342006515,0.5231467131802789,0.5298421869180189,0.5359359586995895,0.5415837648477241,0.5472208066405359,0.5521168210973703,-2.0,0.561427146769335,-2.0,-2.0,0.5727795978345311,0.5763938587927956,0.579663670438778,-2.0,-2.0,-2.0,-2.0,0.5924735672876621,0.5947350698848376,0.596796345342938,0.5986798761897022,0.6004047494820025,0.6019874104843438,0.6034418380730171,-2.0,0.6060128160541719,0.6071491912005222,0.6082702440747443,-2.0,-2.0,0.6116295749587617,0.6125974157421931,0.6134896485429886,0.6143114293187097,0.6150681665286293,0.6157630706193405,0.6163999314284231,0.616983227471254,0.617515060207898,0.6179986477149174,0.6184365151570379,0.6188296454002696,-2.0,-2.0,-2.0,0.6200007081885311,0.6201998597818931,0.6203638679481972,-2.0,-2.0,-2.0,0.6206844422571525,-2.0,-2.0,-2.0,0.6204924961821603,0.620366242478522,0.6202086879674844,0.620019679456784,0.6197989789633779,0.6195462644247419,0.6192611292571314,0.6189430855186513,0.618591563158261,0.6182059058512429,0.6177853817294681,0.6173291682005149,0.6168363640189075,0.6163059790861255,0.6157377981146085,-2.0,0.6144781409582173,0.6137857809939881,0.6130495529374289,-2.0,-2.0,0.6105617732764599,-2.0,0.6086529340786129,0.6076175246622466,-2.0,-2.0,-2.0,-2.0,0.6015388282800976,0.6001246431023841,0.5986376095459023,0.5970745535640557,0.5954321337936773,-2.0,-2.0,-2.0,-2.0,-2.0,-2.0,-2.0,-2.0,-2.0,-2.0,-2.0,-2.0,-2.0,0.5617772520732915,0.5584071298730738,0.5548748749788648,-2.0,-2.0,0.5432278209285941,-2.0,-2.0,0.5298264390030484,-2.0,-2.0,0.5144119725710389,0.508776248332716,-2.0,0.4966867950860736,0.4902071663287548,-2.0,0.47630865340050854,-2.0,-2.0,-2.0,-2.0,-2.0,-2.0,-2.0,0.4058143348900559,0.39501863567407336,-2.0,0.37186649217015133,0.35946044493608414,0.3464660391918853,-2.0,0.31859947240062,0.30366760888838745,0.2880278475915204,-2.0,-2.0,-2.0,-2.0,-2.0,-2.0,-2.0,-2.0,0.10932533724922078,0.0844750578245016,-2.0,0.03118618553189667,-2.0,-0.027272199045416334,-2.0,-2.0,-0.12576221260725529,-2.0,-0.19944509898245122,-0.2389248482228996,-0.2802750036803001,-2.0,-0.3689450817158949,-2.0
0.016446761779946636,0.06659514599600064,0.07680599242112912,0.08719195892005631,0.09794624901550204,0.10895042075603296,0.12021574798247815,0.13184115674414448,0.14359802973378138,0.15566059326588766,0.16802531595810571,0.18051698228841384,0.19322527325265587,0.20616603614216206,0.21931108128699356,0.2325225764193363,0.2458390453787528,0.25927208335842783,0.27278783065396545,0.2863524811242366,0.29992950712100436,0.31342058559505065,0.32680056944996655,0.3400814090684024,0.35322644345012166,0.3662002567634143,0.37897115516001234,0.3915113365057013,0.40377080043138497,0.41559085286260183,0.42705561558371363,0.43819171103808424,0.4490151763955525,0.459386560119753,0.4691464838839487,0.47863389960617897,0.4877335723692525,0.4961106909106084,0.504394474184734,0.5118627659878134,0.5192691339488111,0.5258613355064593,-2.0,-2.0,-2.0,0.5493845346290902,0.5540757442277993,0.5587858200479118,0.5632912682323467,0.5672450278165188,0.5707916549050631,0.5744004788152862,0.5779122905931775,0.5810506407881678,0.583868390171161,0.5864107010261099,0.5887654677966826,-2.0,0.5935945380050446,0.5957781906858374,0.5977695802920037,0.5995910800483724,0.6012599302905363,0.6027914936108646,0.6041996868419006,-2.0,0.6066889557508133,0.6078007094276315,-2.0,-2.0,0.6112112349555588,0.6122266794304231,0.6131627167885527,0.6140246136906579,0.6148179684554561,0.6155471432593317,0.6162162310896878,0.6168288753079969,0.6173880481348989,0.6178969580865548,-2.0,-2.0,0.6191460533275717,-2.0,0.6197672973807674,-2.0,0.620234458318908,-2.0,0.6205570046792213,0.6206663804543411,0.620742489430464,0.6207848519189109,0.620794993420909,0.6207729187572647,0.6207188825168558,0.6206330396579618,0.6205154502952891,0.620366082578299,-2.0,-2.0,0.6197256434511915,0.6194470649316804,0.6191352296311975,0.6187895883347396,0.6184095068503385,0.617994266889472,0.617543066290337,0.6170550167761615,0.6165291481906708,0.615964385477623,-2.0,0.6147135151088995,0.6140248237046706,0.6132920844213907,-2.0,-2.0,-2.0,-2.0,0.6089104786431941,-2.0,-2.0,-2.0,0.6044277052328925,-2.0,-2.0,0.6003978151601232,0.5989126907140534,0.5973512859145483,0.5957105217477352,-2.0,0.5921764561105486,0.5902755986204254,-2.0,0.5861858972982816,-2.0,-2.0,0.5792641026968717,-2.0,0.5740670961237524,-2.0,0.5683527513845807,0.5652864580920776,0.5620720953894138,-2.0,-2.0,0.5514700733546996,-2.0,0.5435263397728775,0.5392668085052224,-2.0,0.5301267792688812,-2.0,0.5200927353305145,-2.0,0.5090786524220061,-2.0,-2.0,-2.0,-2.0,0.47661314797186527,0.46916485225201104,0.461362570361382,-2.0,-2.0,-2.0,-2.0,-2.0,-2.0,-2.0,-2.0,0.37217417493016436,-2.0,0.34677414275688684,0.33316373527729776,0.31890796564728124,0.30397627757053874,-2.0,-2.0,-2.0,-2.0,0.2180048933118629,0.19829026447332998,-2.0,-2.0,-2.0,-2.0,-2.0,-2.0,0.031496571375974836,-2.0,-0.02696162882072839,-0.05828409811668023,-0.09109061513982186,-2.0,-0.16144027272107064,-0.19913413844091876,-2.0,-2.0,-2.0,-2.0,-0.4161437158685314
0.01597782234298378,0.0605637355602566,0.07052169129735983,0.08078421186039987,0.09134695851221562,0.10215206370805362,-2.0,0.12465624270769735,0.13632495850217005,0.14828136822680496,0.1603833016435001,0.17278140961455637,0.18545109544962132,0.19822073104866708,0.2111809616717447,0.22433692837141972,0.23765848337411621,0.25109056846746663,0.2645141859699778,0.27800899467922413,0.2915400773507123,0.3050712893485252,0.3185654459256831,0.33198782415094347,-2.0,0.35835387222024695,0.37121158444408975,0.38384711590705595,0.39623075711899763,0.4083407959941335,0.4201640035604697,-2.0,0.4424855073014054,0.45304788030833054,0.46331217685742837,0.4730528458304808,-2.0,0.49119066487617985,0.49946848449692466,-2.0,-2.0,0.5219767454196215,0.5286077835917896,0.5349766989140509,0.5406185140276232,0.5463505196224553,-2.0,0.5560532012113545,-2.0,0.5650725316535479,0.5688476187092544,0.572365977081158,0.576003667212498,0.579370652829119,0.5823842588419624,-2.0,-2.0,0.5899044210310379,0.5923601308822033,0.5946756276457975,-2.0,0.5987088771459261,0.6004700615106162,0.6020845661738401,0.6035672358166985,0.6049302053236173,-2.0,-2.0,-2.0,-2.0,0.6107518673779047,0.6118176341592674,0.6127996458022271,0.6137040959958048,0.6145364746713945,-2.0,0.6160041426436684,0.616647572035202,0.6172354628435278,0.6177710572340038,0.6182567422418955,0.6186953267310499,0.6190890472020065,-2.0,0.6197492395936504,-2.0,-2.0,-2.0,0.6206029217970441,0.6207259215138347,0.6208144807758758,-2.0,-2.0,-2.0,-2.0,0.6207590769828871,-2.0,-2.0,-2.0,-2.0,-2.0,0.6196201421150923,0.6193147011545169,-2.0,0.6186008274644111,0.6181910524633414,0.6177450321717519,0.6172618967529389,0.6167406867260828,0.6161807174197956,0.6155797584676062,0.6149382099916231,0.6142527693140302,-2.0,-2.0,-2.0,0.6110550670040096,0.6101327394986122,0.6091575187568278,-2.0,0.6070400323813239,0.6058933147254925,0.6046846317591226,0.6034116439010442,0.6020712629846033,0.6006609695035983,-2.0,0.5976181149928831,0.5959790585104885,-2.0,-2.0,-2.0,-2.0,-2.0,-2.0,-2.0,0.5795436877258748,-2.0,0.5743488412879287,-2.0,-2.0,-2.0,-2.0,0.5589891037012633,0.555458411228405,0.551757944174168,0.5478797831078686,-2.0,0.5395567447826091,0.5350940353703909,-2.0,-2.0,0.5203850065894653,-2.0,0.5093719333238785,0.5034686878652113,0.49728429713102285,-2.0,0.4840184540594611,-2.0,-2.0,-2.0,0.4534860969636138,-2.0,-2.0,-2.0,0.41672540453405715,-2.0,-2.0,-2.0,0.3724728902283698,0.36006728197659105,-2.0,-2.0,0.31920751036814593,-2.0,-2.0,0.2722557758517975,0.2550984920174912,-2.0,0.21830543649591905,0.1985909458049646,0.17794211716145397,0.15631470549007098,0.13366237448520035,0.1099365957770384,-2.0,-2.0,-2.0,-2.0,-0.02665992749595336,-0.05798232193075403,-2.0,-2.0,-0.16113825589749142,-0.19883204793497067,-0.23831166010875748,-2.0,-2.0,-0.368331517450341,-2.0
0.015522253574270471,0.054633967306339376,0.06438008947937551,0.07450757874545265,0.08482261604197013,0.09554788365200519,0.10642076468689328,0.11765881310434667,0.12916459758462107,0.14087709716450736,0.15291892311346572,0.165178642973501,0.17761028303551463,0.19030658193553568,0.2032410361833379,0.21627291891362213,0.22943973593923175,0.24276265317776397,0.2562095923087958,0.2697474894827231,0.28331002479054956,0.29680693688771426,0.3102901037855646,0.32372261648824224,0.337066742343331,0.3502871224519626,0.3633493887891869,0.3762220475530144,-2.0,0.4010194888798149,0.41294813198310876,0.4245666177982746,0.43587367973413577,0.4468110509147546,0.4571372111994409,0.4671088825415717,0.4768172039925157,0.48583720445982,0.49446474941998936,-2.0,0.5104119096234291,0.5179540008391077,0.5246464260324294,0.531339818659435,0.5373286457625313,-2.0,0.5485747151921059,0.5533990492750555,-2.0,0.562687219551999,0.5667749892985257,-2.0,0.5739524167473247,0.5775423701601315,0.5807714284051345,0.5836668354954093,0.5862754072245994,-2.0,-2.0,0.5934834117438208,-2.0,0.5977543892824505,0.5996151325380654,-2.0,-2.0,0.6043148470677192,0.6056341821666656,0.6068484969623074,-2.0,0.609084689532853,-2.0,-2.0,0.6123995517802925,0.6133488551239809,0.6142221271483472,-2.0,0.6157625156271697,0.6164382601112675,0.6170563845568965,0.6176194536923368,0.6181311745762047,0.6185939401170407,0.6190101781850218,0.6193817823256598,0.6197108987731554,-2.0,0.6202474912865706,0.6204578562867659,0.6206311708001373,0.6207684461758832,0.6208701632365452,0.6209374490550666,0.6209707221112287,0.6209707363198147,0.620936945613831,0.6208704818037474,0.6207713268468894,0.6206390945658327,-2.0,-2.0,0.620044995072947,0.6197802249250353,0.619481811829805,0.6191481997661714,-2.0,0.618375720863629,0.6179350572668239,0.6174570010388446,0.6169406089729409,-2.0,0.6157885922926114,-2.0,-2.0,0.6137442396902004,0.6129728452904272,0.6121540830082964,0.6112857270238499,-2.0,0.6093940953992798,-2.0,-2.0,-2.0,-2.0,0.6036605531145605,0.6023224248522491,-2.0,-2.0,-2.0,0.5962378047757435,-2.0,0.5927101853337513,-2.0,-2.0,-2.0,-2.0,0.5822300469687172,0.5798138219276339,-2.0,-2.0,-2.0,-2.0,-2.0,0.5626338073357238,0.5592661775337477,0.5557363041357496,0.5520366149925042,0.5481591959727202,0.5440957385863752,0.5398375394857458,0.5353754765121939,0.5306999883155139,0.5258010629142538,0.5206682037000265,0.5152904181809871,0.5096561771320639,0.5037534155380745,-2.0,0.49109114672114856,-2.0,0.477195036768433,0.46974749889882633,0.4619459404505926,0.4537736446231761,0.44521310335563896,-2.0,-2.0,-2.0,-2.0,0.39591343601672935,-2.0,-2.0,0.3603573490836602,-2.0,0.33375358844252984,-2.0,-2.0,-2.0,-2.0,0.255389844730145,-2.0,-2.0,-2.0,-2.0,0.15660683507362172,0.13395463171011046,-2.0,-2.0,0.05935154819526789,-2.0,0.00353830916991682,-0.026366898774743852,-0.057689332263649695,-2.0,-2.0,-0.16084501555945763,-2.0,-2.0,-2.0,-2.0,-0.3680379323689381,-2.0
0.015079674241700076,0.04875412809302024,0.058414772006809834,0.06825401643760261,0.07848551649866374,0.08892237036191807,0.09969728831254286,0.11075522814555797,0.12204094174476322,0.13368522610104885,0.14549914653028537,0.15758003106279353,0.16996123930547316,0.18251360283846194,0.19523683731988808,0.20819028381907972,0.221345812168861,0.2346213685922088,0.24794533251707476,0.2613829166632411,0.2749000688322343,0.2884620049308367,0.30203339567931203,0.3155718846026841,0.32895808762478884,0.3422224804423921,0.35534613333933485,0.36829340470994537,0.3810318497950202,0.39353346756372093,0.4057762539965004,0.41762310984737255,0.42903318238230054,0.4401071188393413,0.4508608395041372,0.4612458614209267,0.47095840695012847,0.4803561316784389,0.48945486830052526,0.49777147198690747,-2.0,0.5134455131157454,0.5207674789839755,0.5273483166747641,0.5339184358110283,0.5396404431779476,-2.0,-2.0,0.5553391675878278,-2.0,0.5645045852865637,0.5684040972556754,0.5719311022941594,-2.0,0.5790188905845537,0.5821177231561129,-2.0,-2.0,0.5897592868604883,-2.0,0.5945661652267781,-2.0,0.5986906710405195,0.6004888653465661,0.6021358067193538,0.6036471067691288,0.6050354468249706,0.6063121902200349,0.6074872209734294,-2.0,-2.0,0.610879019613951,0.6119609968971873,-2.0,0.61387407029038,0.6147169940194539,0.6154910786914259,-2.0,-2.0,0.617442589837443,0.6179813904702885,0.6184693429819194,0.6189089702349863,0.6193025214909003,-2.0,0.6199593044750387,0.6202258144965788,0.6204527259462065,0.6206416979762094,0.6207935872280286,0.6209092968402853,0.6209895905627236,0.6210351026461721,0.6210468616695576,-2.0,0.6209674744429281,-2.0,0.6207550330465251,0.6205985082525068,0.6204090691740658,0.6201851799245535,-2.0,-2.0,0.619309500195077,-2.0,-2.0,-2.0,0.6176406528927084,0.6171294855171123,0.61657820477369,0.6159864466946765,0.6153527216130147,0.6146757737715265,-2.0,-2.0,0.6123710090238399,0.6115061060786577,-2.0,0.6096205799945639,-2.0,0.6075139684410857,0.6063724983071636,-2.0,0.6038998763887825,-2.0,0.6011578013129608,-2.0,-2.0,0.5964871566205231,-2.0,-2.0,0.5910666177214283,-2.0,-2.0,-2.0,-2.0,-2.0,0.577541610462472,-2.0,-2.0,0.5691763064223975,0.5661131217399101,-2.0,-2.0,-2.0,0.5523064974518106,0.5484298434157096,0.5443671162920127,0.5401096116070636,0.5356482109521079,0.5309733580626839,0.526075035349022,-2.0,-2.0,0.5099317977408895,-2.0,-2.0,-2.0,0.4845819978723256,0.47747293959333303,-2.0,-2.0,-2.0,0.4454924855242059,-2.0,-2.0,0.41729452851688376,-2.0,0.3961943123592888,0.3848874369704773,-2.0,0.3606389708116751,0.3476455129928446,-2.0,-2.0,0.30484936280912805,0.28921032285884835,-2.0,0.25567284594066947,-2.0,-2.0,0.19916627671737985,-2.0,-2.0,-2.0,0.11051297098694757,0.08566314008383547,-2.0,-2.0,-2.0,-0.026082505119589317,-0.05740470345027415,-0.09021095949710534,-2.0,-0.1605601312511029,-2.0,-2.0,-0.27908312299159743,-2.0,-2.0,-0.4152622775699881
0.014649713983072856,0.04304293316616026,0.052466480292282125,0.06217991225992229,0.07218683282493822,0.082470149756197,0.09308486239687942,0.10391002496142654,0.11512106073797,0.12648982696371153,0.13817755648942598,0.1501918110107751,0.1623126854563134,0.1747271893670328,0.18741127519818634,0.20024334251410084,0.21321604692286758,0.22638202579766808,0.23971107640798012,0.25317159453799226,0.26663608175061,0.28013189711531583,0.2936599836910388,0.307184030186014,0.32066762296183277,0.3340742247239919,0.34736883819718406,0.36047780433705123,0.3733119026302353,0.38591342278392826,0.39825729159944506,0.41032084274227154,0.4220906036797103,0.4335243988186512,0.44440176756940075,0.454892100186472,0.46507749073853605,0.474847296040536,0.4839285405440923,0.4928184522953787,0.5011224065840619,0.5089572522788086,0.5165121191482422,0.5234244460884167,-2.0,0.5363479551076943,0.541978120948324,0.5476797173957039,0.5526901558095582,0.5572996803576814,0.5620110675971834,0.5662396884884126,0.569963720473865,0.5734846525187165,-2.0,0.5804361230240599,0.5834118873010217,0.5860892901840907,-2.0,0.5908728436958401,0.5933221780922945,0.5956095443655661,0.5976920876578553,0.5995925005821734,-2.0,0.602924075940369,0.6043859482956627,0.6057292158295523,0.6069645360305059,-2.0,-2.0,0.6103462585609186,-2.0,0.6125285889866121,0.6134911310753731,0.6143760463323408,0.6151887148073687,-2.0,0.616616673227179,0.6172395246773082,0.6178068185725448,0.6183209575470745,0.6187851103027829,0.6192017554812865,-2.0,0.6198994079096811,-2.0,0.6204290267319861,0.6206343393298888,0.620801701846368,0.6209316572960137,0.6210254718163423,0.6210836972168796,0.6211069025506446,0.6210955334499898,0.6210499223167228,0.620970291540607,0.6208567709877102,0.6207093354573361,0.6205283172654528,-2.0,-2.0,-2.0,-2.0,0.6191019584021432,0.6187096178499694,0.6182802206483777,0.6178128444958588,0.6173065804980532,-2.0,-2.0,-2.0,-2.0,0.6141535772345584,-2.0,-2.0,-2.0,-2.0,0.609837014267412,0.6088153334484913,0.6077361003095352,0.6065970271497654,-2.0,0.6041295564822298,0.6027959125721469,-2.0,-2.0,0.5983607900511906,-2.0,-2.0,0.5932064085385084,-2.0,-2.0,-2.0,-2.0,0.5827407527132336,-2.0,-2.0,-2.0,-2.0,-2.0,-2.0,-2.0,-2.0,-2.0,0.5525676771404271,0.5486918098104984,-2.0,-2.0,0.535912329047536,-2.0,-2.0,0.5212087848370579,0.5158320625181898,-2.0,-2.0,0.49811418310042443,-2.0,0.4848510486776293,0.4777423788505911,-2.0,-2.0,-2.0,0.4457634449298043,-2.0,-2.0,0.4175664552315659,-2.0,0.39646681315265964,-2.0,0.37331713643676945,0.3609122398470485,0.3479189503413213,-2.0,-2.0,0.30512349745947037,0.28948465078568947,-2.0,0.25594753367202344,-2.0,0.21915549007191715,-2.0,0.1787930451234851,-2.0,-2.0,0.11078868446091705,0.08593897476846435,0.05991172570011882,-2.0,-2.0,-2.0,-2.0,-0.0899345074164527,-0.1242950212869195,-0.1602835084051124,-0.1979770675391339,-2.0,-2.0,-2.0,-2.0,-2.0
0.014232012996167009,0.03747650278376602,0.046650908873716534,0.056235332173091825,0.06600218780028723,0.07617988666733723,0.08651582133281356,0.09726117247648441,0.10818753362843124,0.11944529219670967,0.13100782477253747,0.14273921811675822,0.15479867347098647,0.16711871579983117,0.179566541718646,0.19227741771948895,0.2052243444229809,0.2183196774763465,0.23149665331693153,0.2448263241287985,0.25827738971897246,0.27181644741571814,-2.0,0.298938313876585,0.31241408335982895,0.32583417120151165,0.3391618992844306,0.3523606399660949,0.3653957878787104,0.37823570511579996,0.39083594751150413,0.4030519318242999,0.41493238980022906,0.4264955776024883,0.43774016049800657,0.4486626788723504,0.45898116342780754,0.46887101897879546,0.47850420955328166,0.4875503593299315,0.49607505701338667,0.5044257731477066,-2.0,0.5194454891546784,0.5260823275646416,0.5327583586225039,0.5386520426177469,0.5443430787389604,0.5498495840233589,0.554610474005839,-2.0,0.5638679410841579,0.5678980481570424,-2.0,-2.0,0.5786094246529027,0.5817971104780648,0.5846560396637649,-2.0,-2.0,-2.0,0.5944080565074298,-2.0,0.5986256369160399,-2.0,0.6021426849371126,0.603683545714735,0.6050974199763824,0.606397024406374,-2.0,-2.0,0.6098064362954582,-2.0,0.6120612635253662,0.6130719475900003,0.6140011142697955,0.6148545831060557,0.6156375182134785,0.6163545476255312,-2.0,0.6176065045139797,-2.0,0.6186382198550634,0.6190785112081862,0.6194715748148606,0.6198194563260744,-2.0,0.6203866727840011,0.6206093960870296,0.6207921772338815,0.620937477778776,0.6210451208645748,0.6211167927883088,-2.0,0.6211525250276596,0.621117934964715,0.6210486922735994,0.620945692952573,-2.0,0.6206341176482557,0.62042742127533,0.6201846485624264,0.6199072623878032,0.619594230931679,-2.0,0.6188590484878458,-2.0,-2.0,-2.0,-2.0,0.6163494136055568,0.615724643939159,0.6150561844679615,0.6143426524103376,0.6135825844218529,0.6127743974506326,-2.0,0.6110068026497758,-2.0,0.6090251514839832,0.6079486519251192,-2.0,-2.0,-2.0,0.6030185991778236,-2.0,-2.0,-2.0,-2.0,0.5952431101003244,0.5934409949894642,-2.0,0.5895600271046938,0.5874728774378737,-2.0,0.582982917545154,0.580570501520566,-2.0,-2.0,0.572600754864949,-2.0,-2.0,-2.0,-2.0,-2.0,0.5528204847389271,-2.0,-2.0,-2.0,-2.0,0.5314946327358432,-2.0,0.5214664937064342,-2.0,0.5104577840135982,-2.0,0.4983741158639189,-2.0,-2.0,-2.0,0.47055737859986085,0.4627569852707049,-2.0,0.446026324462332,-2.0,0.42766825721087404,0.41783033326013297,-2.0,0.39673128147993486,0.3854249495955773,-2.0,0.36117774132476405,-2.0,-2.0,-2.0,0.30538978650579623,-2.0,0.27337090119640406,0.25621425638636636,0.2382443025354894,0.21942254641783954,-2.0,-2.0,0.15743354615478922,-2.0,0.11105646155570892,-2.0,-2.0,-2.0,-2.0,-2.0,-2.0,-2.0,-2.0,-0.1600147764628812,-0.19770827007288627,-2.0,-0.2785373183756742,-2.0,-2.0,-2.0
0.013826221737646556,0.03191440798809067,0.041002224520996444,0.050313738898882666,0.05999495901050108,0.06988289327203999,0.08013485175729822,0.0906233728068995,0.10141848606037458,0.11253123668126026,0.1238364859616125,0.13549946509961916,0.1473717349927052,0.15947024435292165,0.1718672467770669,0.18448153288752678,0.19721883481127978,0.21018441164537702,0.2233496004877177,0.23668115696737904,0.2500213054179331,0.2634623743347719,0.2769800267995159,0.2905386413327726,0.3041025959594943,0.3176364786321727,0.33107666323149365,0.3443275536334282,0.35742850785531516,0.3703477703352292,0.3830518758191169,0.3955131439223026,0.40770946882597286,0.4195857281883799,-2.0,0.4419750753042262,0.4526567488713018,0.4630216042296243,0.47271886309139416,0.4820241625527372,-2.0,0.49937587310113785,0.5074969773392921,0.5149693125079379,0.5221880579261176,0.5287741437630452,0.5352734640087402,0.5409495642995777,0.5466978842778135,0.5519081385037377,0.5565336765069445,0.5612624676433481,0.5656387778003255,0.5694843849637105,0.5729969268345522,-2.0,0.5800452184155893,-2.0,-2.0,-2.0,0.590673746787672,-2.0,0.5954537498582967,0.5975833836030542,-2.0,0.6012998418486033,0.6029245822143211,0.6044142420732798,0.6057821663568902,0.6070386472069392,-2.0,0.6092817091145566,0.6104079364230415,0.6115536671806363,0.612615362073647,0.6135913762916934,-2.0,0.6153099663986737,0.6160633779937045,0.6167521629084577,0.6173802571823962,0.6179511318950761,0.6184676973119594,0.6189330239272898,-2.0,0.6197188859472683,0.6200437745959191,0.6203253646039043,-2.0,-2.0,0.6209258147026495,0.621048310564347,0.6211334858438048,0.621182034234641,0.6211946214706876,0.6211713665749559,0.6211129027283779,0.6210193295072008,0.6208907417270748,0.6207271289430589,0.6205283803697446,0.6202943834268374,0.6200245345625546,0.6197187260274698,0.6193763612561201,0.6189968492447044,0.6185795045082279,0.6181235489650161,-2.0,0.6170922197347424,-2.0,-2.0,0.6152307330316863,0.6145214340253142,-2.0,0.6129610084020096,0.6121066368128033,0.6112004812827387,0.6102406371380088,0.6092250795322267,-2.0,0.6070181371998089,-2.0,-2.0,0.6032320744221544,0.6018327396168646,0.6003601024128912,-2.0,-2.0,0.5954670568317322,-2.0,0.5917754463667906,-2.0,-2.0,-2.0,-2.0,-2.0,-2.0,0.5756223833334058,0.5728393352148673,-2.0,-2.0,0.563651638996081,-2.0,-2.0,-2.0,-2.0,0.5451303826467767,-2.0,0.5364158060516258,-2.0,0.5268465670204173,-2.0,0.5163406247259907,0.5107085785262995,0.5048079088697615,0.4986259776253432,0.49214953820863844,0.4853647177684145,0.4782569794935081,0.4708110966284353,-2.0,0.4548403257117843,-2.0,-2.0,-2.0,-2.0,0.4077816030749627,0.3969878141141113,-2.0,0.3738392289042045,0.36143483808347215,0.3484420139686834,0.33483292167740014,-2.0,-2.0,-2.0,-2.0,0.25647310432285525,0.23850333062185797,0.21968174471667767,-2.0,-2.0,-2.0,-2.0,0.11131639831113271,0.08646694160562318,0.06043993687172511,0.03317961126840219,-2.0,-0.025277367221902325,-2.0,-0.08940524461928012,-0.12376557716175873,-0.15975388916126243,-2.0,-0.23692651219178196,-2.0,-0.32158484185871283,-0.3669453074853477,-0.4144548002153161
0.013432000630554154,0.026511886300217526,0.035421146068652515,0.04456201148061859,0.054032617728188646,0.06376651371454904,0.07382333810350304,0.08412705109819898,0.09479471704821964,0.10564020150639221,0.11687035941506695,0.12829567100965641,0.14000175142897078,0.15204019476535044,0.16421384531990027,0.17664420487564048,0.18934232653245858,0.2022378431019267,0.21522238122200363,0.22839776183599111,0.24173339561440696,0.25519752927197475,0.2687282562448737,0.28222390086511523,0.29574807352146404,0.3092644629446888,0.3227354375436471,0.33612495156276095,0.349397514393137,0.36251805085471384,-2.0,0.38794115393362655,0.4002431537294336,0.4122582934437494,0.4239725711060414,-2.0,0.4462720708572441,0.45668834614016746,0.4667910282339694,0.47656048957742253,0.48559331239548165,0.49437989434244145,0.5027211616423487,0.5104401471154838,0.5180026709306809,0.5248107735095332,-2.0,-2.0,0.5432745510659136,0.5489326936262136,-2.0,0.5584781083612151,0.5631623538897588,0.5673296593612548,0.5710021373934369,0.5745307631511137,0.5781427695249378,0.581422799366395,0.5843600644078664,0.5870030176901545,-2.0,0.5917634715279683,0.5942023901808916,0.5964607687624878,0.5985161247306086,0.6003916676323767,0.6021066287631422,0.6036770822139648,0.6051174882679877,0.6064399824679804,0.607655085513223,-2.0,0.6098629970532105,-2.0,0.6121197777696685,0.6131449174860776,0.614086521548402,0.6149507327390998,-2.0,0.6164664448633136,-2.0,-2.0,-2.0,-2.0,0.6192053250065541,0.6195974036994242,-2.0,-2.0,0.6205036422635739,0.6207203855948373,0.620897301107582,0.6210349634747042,0.6211344453940129,0.6211966571950707,0.6212214951617819,0.6212102259085608,-2.0,0.6210799222336082,0.6209614491691164,0.6208070480916844,0.6206171579586284,0.6203914321427391,-2.0,0.6198312593666911,-2.0,-2.0,0.6187121490767874,-2.0,0.6177727797755399,0.6172419545307885,0.6166696668328039,0.6160544418878725,-2.0,0.6146901077142862,-2.0,-2.0,-2.0,-2.0,-2.0,-2.0,0.6083453683211613,-2.0,0.6060214365168253,0.6047629352019412,-2.0,0.6020394894002616,-2.0,-2.0,0.5973935589762023,0.5956823359616353,-2.0,0.5919943579937584,0.5900097250605555,-2.0,-2.0,0.5834420089138592,-2.0,-2.0,0.5758515493293535,-2.0,-2.0,-2.0,0.5638852891673952,-2.0,-2.0,-2.0,0.5494281419346132,-2.0,0.5411140501505285,-2.0,-2.0,0.5270876609363763,-2.0,-2.0,-2.0,0.50505142233665,-2.0,-2.0,-2.0,-2.0,0.471057067544749,0.46325750042913066,-2.0,-2.0,-2.0,-2.0,-2.0,-2.0,0.3972366782337665,-2.0,0.3740886578623348,-2.0,-2.0,-2.0,0.3208288227731592,-2.0,-2.0,-2.0,-2.0,0.23875475972254873,-2.0,-2.0,0.1795718489459736,0.1579452878347808,-2.0,0.11156876332359766,0.08671945982962748,0.06069256172574633,-2.0,-2.0,-2.0,-2.0,-0.08915207079299026,-0.12351230849990469,-2.0,-2.0,-0.2366729313193685,-2.0,-0.3213311594740228,-0.3666915685194452,-2.0
0.013049019780144023,0.02126446074039334,0.029919851919278397,0.038975295448489634,0.04817617793156311,0.05780878283046241,0.06759604365632395,0.0778170017218282,0.08818097340805524,0.0989463160697313,0.109927165946501,0.12120438521899547,0.13282450965442516,0.14457451984688946,0.1566508223460974,0.1690281622341536,0.1814957309816473,0.19422013224557477,0.20717879903332564,0.22033576377772734,0.2335250547787452,0.24686116818813988,0.26031545430802777,0.2738540763573563,0.2874425732527536,0.3010321474798857,0.31450614875291394,0.32791318063394187,0.34122298136100954,0.3543988594158151,0.3674051813975219,0.3802106343768769,0.39278741772877707,0.40504087502594865,0.41687533502697655,0.42838150741862124,0.43956148761017655,0.4504314092822283,0.4607787484664348,0.47058417985332174,0.48012469501837096,0.48920970225604643,-2.0,0.5059435793743207,0.513419420577725,0.520861329699918,0.5274592352521335,0.5341017588959658,0.5399121541968029,-2.0,-2.0,0.555755113261289,-2.0,0.5649726801178524,-2.0,0.5724917836235646,0.5760780582721844,-2.0,0.5827450212747791,0.5855669106224743,-2.0,0.5904513396723184,0.5928583124277433,0.5952517690359667,0.5974300289570127,-2.0,-2.0,-2.0,0.6044010786407021,-2.0,-2.0,0.6082465942200691,-2.0,0.6104389661654233,0.6115837117385029,0.6126609885846802,0.6136503425717527,0.614558188057166,0.6153902449430706,-2.0,0.6168467044052706,-2.0,0.6180539303109404,0.6185728229001506,0.6190387310851472,0.6194547730685859,0.6198226843263673,0.6201447308659774,-2.0,0.6206576745056273,0.6208514314147271,0.6210049751561555,0.6211194372756068,0.6211952201328054,0.6212334420936906,0.6212345473590547,0.6211988537711072,-2.0,0.6210187277326752,0.6208739396975165,0.6206932556749263,0.6204764401530908,0.6202228667655495,0.6199319438501438,0.6196039788288317,0.6192380937941935,0.6188336498895145,-2.0,-2.0,-2.0,0.6168141298928791,-2.0,0.6155492727551409,-2.0,0.6141012375907011,0.6133048730156642,0.6124581052504992,-2.0,-2.0,0.6095971633870524,0.6085299576812031,0.6074023216835316,0.6062119765287287,0.6049560782987206,0.6036322801786876,-2.0,-2.0,-2.0,0.5975984014673247,-2.0,0.5940926542728134,0.5922049552362513,0.5902220594261267,0.5881397299118774,0.5859535142885505,-2.0,-2.0,-2.0,-2.0,-2.0,0.5703758478506018,-2.0,-2.0,0.5607492285763418,-2.0,0.553530216872324,-2.0,-2.0,-2.0,-2.0,-2.0,-2.0,0.5221922206085134,-2.0,-2.0,-2.0,-2.0,-2.0,-2.0,-2.0,-2.0,-2.0,-2.0,0.4467681196511473,-2.0,-2.0,-2.0,0.4082712938445431,0.3974781251360445,-2.0,-2.0,-2.0,-2.0,0.33532593705878005,-2.0,0.30614184482126455,-2.0,-2.0,-2.0,0.23899885987665065,-2.0,0.2004642411225549,-2.0,-2.0,-2.0,-2.0,-2.0,-2.0,0.033677807880549415,0.005125999109897306,-0.02477870681904215,-0.056100404567273277,-2.0,-2.0,-2.0,-0.19694764245154872,-0.23642672048987246,-0.277776217656714,-2.0,-0.3664450676020823,-2.0
0.012676958697817228,0.016080682475616222,0.024576638397195785,0.033379927227616575,0.042487685649604666,0.051845938236918035,0.0615472889753584,0.07148506484312148,0.08175683676534264,0.0922979773252562,0.10311282467610348,0.11428143003548673,0.12560580717544936,0.1372869288862422,0.1492186313276034,0.16133366436469787,0.1737464192507293,0.18642284144841118,0.19917473484675083,-2.0,0.22532560771068197,0.23866670038653176,0.25206951363223346,0.2655135681089437,0.2790305828626556,0.2925847071245452,0.3061404549781329,0.31966185014538856,0.33311192434447395,0.3464000177059093,0.3594771212700154,-2.0,0.3850350791564537,0.3974546903445332,0.4096017630579017,0.4214616843478657,0.43285640424385263,0.44379948374431605,0.454407147612828,0.4647173140042395,0.47443202745533863,0.483642515636553,0.4926598676120944,0.5009282270734067,0.5089355482339493,-2.0,-2.0,0.5301416915280237,0.5365549540599222,0.5421981112546588,0.5479331416423674,-2.0,0.557663976024392,0.562387946690087,0.5666991420078992,-2.0,0.5739942830072702,0.577619519258961,0.5809956840633586,0.5840142343759548,0.5867266291474794,0.5891739687838771,-2.0,-2.0,0.5962615652844314,0.5983630538820427,0.6002786711972447,0.6020285314569451,-2.0,0.6050970797168537,0.60644306831288,0.6076787022822923,-2.0,0.6098899830078666,0.6110096518186736,0.6121378525769486,0.6131778088198712,-2.0,0.6150062925662523,0.6158067535386516,-2.0,0.6172045724336344,0.6178096804955084,0.6183568237718344,-2.0,0.6192905258146117,0.6196813555775329,0.6200249294086647,0.6203230401615161,0.6205767786407315,0.620788132454789,0.6209581623642074,0.6210881668387969,-2.0,0.6212304319987225,0.6212441318522565,0.621220536815267,0.6211601845995687,0.6210621852218964,0.62092778440246,0.6207565918951192,0.6205487895098936,0.6203037146733035,0.6200208032976602,-2.0,0.6193417198858857,0.6189440610252375,0.6185067490463617,0.6180289735693717,-2.0,0.6169482906653238,-2.0,-2.0,-2.0,-2.0,0.6134624266160407,0.6126196506778537,-2.0,0.6107751292770248,-2.0,0.6087057206498623,-2.0,0.6063935114989901,0.6051405146622857,-2.0,-2.0,0.6009612886523258,0.5994182577031032,-2.0,0.5960877715790409,0.5942932118768169,0.5924073934286316,0.5904262904350459,0.5883460943995085,-2.0,-2.0,-2.0,-2.0,-2.0,0.5735067225964146,-2.0,-2.0,0.5643291691973288,0.5609682992402392,-2.0,-2.0,-2.0,-2.0,0.5415690320270465,-2.0,-2.0,-2.0,-2.0,-2.0,-2.0,-2.0,-2.0,-2.0,-2.0,-2.0,-2.0,-2.0,0.45555847421635737,0.4470005652532955,-2.0,-2.0,-2.0,0.40850519922083506,0.3977123548325481,0.38640720647764587,0.37456553375554114,0.3621619623037789,-2.0,0.335561579872571,-2.0,0.30637796593249284,0.29074017301030636,0.2743609439293935,0.25720502153825725,-2.0,0.22041476930056458,-2.0,-2.0,-2.0,0.13577648939801745,-2.0,-2.0,0.06117610700847331,0.03391616288788368,0.005364606078848144,-0.024540130074456212,-2.0,-0.08866737312122286,-2.0,-0.1590154358779513,-2.0,-2.0,-2.0,-2.0,-2.0,-2.0
0.012315506032928256,0.010974926275190226,0.019386155849774902,0.027938895066853438,0.036893274001871305,0.046054186404922356,0.05557252344487264,0.06532652145186604,0.07543413108097087,0.08575807885008309,0.096479522879916,0.10734461390217874,0.11859368721369992,0.13007624882667826,0.14180047948432614,0.1538555884203846,0.16609027630446804,0.1785357108708013,0.19124745196322454,0.20419705566808774,0.21720306924009627,0.23038699627039755,0.24372850533891538,0.257195436515334,0.2707546836311079,0.2842881099145459,0.2978073637584786,0.31131440462969945,0.3247720579842502,0.3381435834238749,0.35139270038021386,0.36448527829551997,0.37737567379149733,0.38993345187905126,0.40219187530203643,0.41415675936624385,0.4258137044019482,-2.0,0.44809226701808175,0.4584406790709567,0.468458913583809,0.4781957989460909,-2.0,-2.0,0.5042515148638309,0.5118698867398536,0.5194194196171085,-2.0,0.5328295302099012,-2.0,0.5445117753818915,-2.0,-2.0,0.559593437164851,0.5642409934910925,0.5683468956981234,0.5719703252953832,0.5755100713406965,0.5790990182058929,0.5823347003093884,0.5852329100152147,0.587841071079232,-2.0,0.5925805739377252,-2.0,-2.0,0.5992607157199406,0.6011102372920704,0.6028004962130952,0.6043476514257897,-2.0,-2.0,0.6082600496062878,-2.0,-2.0,-2.0,0.612666921918845,0.6136699926783429,0.6145891875870402,0.6154309560975614,0.6162000315287254,0.6169013423452139,0.6175389136561971,0.6181163827580843,0.6186370128126103,0.6191036269936682,0.619518846783328,-2.0,0.6202038062028882,-2.0,-2.0,0.6208942316194246,0.6210401527759886,0.6211456708649548,0.621211682105351,0.6212395258139571,-2.0,0.6211789024140384,0.6210929380237343,0.6209688074117783,0.6208071379752939,-2.0,0.6203720274033386,0.6200977975833495,0.6197852527895364,-2.0,-2.0,-2.0,-2.0,0.6176282771349235,0.6170721470949557,-2.0,0.6158278719046053,0.6151369004151128,0.6143982824278453,-2.0,0.6127718055547433,-2.0,0.6109349160111458,0.6099328412571174,0.6088722435107727,0.6077508904839375,-2.0,0.6053163001779243,0.6039979055126036,-2.0,0.6011449127465759,-2.0,0.5979831404372058,0.5962781464513193,-2.0,-2.0,-2.0,-2.0,0.58636071505119,-2.0,-2.0,-2.0,-2.0,0.5737136224688107,0.5707998317078411,-2.0,0.5645396591292313,0.5611798774801472,-2.0,-2.0,0.5500943087250131,-2.0,-2.0,-2.0,0.5326593010591337,-2.0,0.5226380036680676,-2.0,-2.0,0.5057372045221051,0.4995575160265374,-2.0,0.48630044095323155,0.4791946520463114,0.4717506286584919,-2.0,0.45578332566299046,0.44722583770509655,0.43826162471050156,-2.0,0.4190352892185455,-2.0,0.39793946637361977,0.3866346344848141,-2.0,-2.0,0.34939822229716294,-2.0,0.32153658803203916,0.30660702177113447,-2.0,-2.0,0.2574347355769065,-2.0,-2.0,-2.0,0.18028440985296174,0.15865833028243892,0.1360072732953116,-2.0,0.08743380800792655,0.06140732751611,0.03414750850937143,-2.0,-2.0,-0.05562999726388507,-0.08843555414225746,-0.12279548865602041,-2.0,-2.0,-2.0,-2.0,-2.0,-2.0,-2.0
0.01196435931223849,0.006015575173391628,0.014191183025502483,0.022653854585815904,0.03135324573552511,0.04042821209983104,0.04967576008900808,0.05934475313051676,0.06916451028592634,0.07940557410498077,0.08982165424336853,0.10060619847164483,0.11164249808543314,0.12293831625896479,0.1345948667211211,0.14638525715757914,0.15847824234122107,0.17087359055088697,0.18340071055338797,0.19613821971057654,0.20910750683750934,0.2222800772351379,0.23552836278528047,0.2488701507315306,0.262326993840922,-2.0,0.28944814481264697,0.30304308786757966,0.31656967207225506,0.329962566815202,0.34325324562219556,0.3564044490359869,0.36938100051341693,0.3821504619231983,0.39468495655309166,0.40695076328854735,0.41878098410927705,0.430228226374998,0.4413416736605773,-2.0,-2.0,0.47225231037221943,0.4816977582410209,0.4907966830353896,0.49913858810547673,0.5073875228335515,0.514842947734872,0.522205244542118,0.5287813531079207,0.5353738140864938,0.5411145685650869,0.5468484503090657,0.5521786832798625,0.556839067001476,0.561543659577753,0.5660061863026781,0.5699207776316375,0.5734417145291254,0.5770400816094604,0.5805162780765958,0.5836191322713821,0.5864032105275291,-2.0,0.5912420570987502,-2.0,-2.0,0.5981673580699572,0.6001244887723799,0.6019098978408944,0.6035425899967597,-2.0,0.6064071144697954,-2.0,-2.0,-2.0,-2.0,-2.0,0.6131711594800681,0.6141378013052916,-2.0,0.6158319789183605,0.6165701427495855,0.6172418276196024,-2.0,-2.0,-2.0,0.6193347555369031,-2.0,0.620065133109019,0.6203591183944143,0.62060809830557,0.6208130302053364,-2.0,0.6210972131771642,-2.0,0.6212188340949617,0.6212207310651068,0.6211848257219761,-2.0,0.6209959956287545,-2.0,0.6206562233468195,0.6204288793226427,-2.0,0.6198585741234773,0.6195150571858061,-2.0,-2.0,0.6182429015383001,-2.0,-2.0,0.6165917318253273,-2.0,-2.0,-2.0,0.6137491611702108,-2.0,0.6120275794553179,-2.0,-2.0,0.609030197112155,-2.0,-2.0,0.605483656316437,-2.0,0.602781307081576,0.6013203526324199,-2.0,-2.0,0.5964605527424784,-2.0,-2.0,-2.0,-2.0,0.5865526707150075,-2.0,0.58185900111971,0.5793364796284223,0.5766897238098254,0.5739130660657765,-2.0,0.5679459903140928,-2.0,0.5613841348475397,-2.0,-2.0,-2.0,0.5462455759080866,-2.0,-2.0,0.5328700633861365,-2.0,0.5228502636119652,0.5174780507137688,0.5118491344558997,0.5059514509766248,0.499772367495651,0.4932986488461594,0.486516421606792,0.4794111539032816,0.47196763024564364,-2.0,-2.0,0.4474442058831583,0.4384804083124234,0.4290906598487025,-2.0,0.4089518936731994,0.39815972876905614,0.38685522161503855,-2.0,0.36261118385313756,-2.0,0.3360118981674955,0.3217586034632453,-2.0,-2.0,-2.0,-2.0,-2.0,-2.0,-2.0,0.18050812106969455,0.1588822116675045,-2.0,0.11250690793108842,-2.0,0.0616318152038865,0.034372131001508266,-2.0,-0.024083657357405697,-2.0,-0.08821044696479874,-0.1225702741817839,-0.15855810070499277,-0.1962509961839558,-2.0,-2.0,-2.0,-2.0,-0.41325653724595646
0.011623224686798524,0.0011984038618758053,0.009141088075412999,0.01745711085707575,0.025972116679772995,0.03482023812354605,0.043947637326937,0.05335342894060851,0.06307457138632351,0.07306267738209583,0.08335426333390315,0.0939489167087391,0.10478329886680751,0.11600405603558353,0.12735164411199176,0.13905040575705735,0.1510425150406638,0.16317400211484875,0.1756015383874647,0.188300208588659,0.2011069564759995,0.21409438731247277,0.22727667592787132,0.24062318498022944,0.254090372787368,0.267539361494184,0.28105484223313026,0.29460385489480406,0.30814997641517833,0.3216571294847465,0.33508894803258493,0.34840684837181995,0.36149456265286145,0.3743527947349019,0.386984238922586,0.3993598366031209,0.41145702376092164,0.42326281511347225,-2.0,0.4455839729675663,0.45611486068476326,0.4663433564660435,0.4760985548567674,0.4852143153823983,-2.0,0.502432369961416,0.5103204152578962,0.517856360695204,0.5248201369440704,0.5314562475310202,0.5377665103148016,0.5433903707081332,0.5490981542814848,0.5541372720554861,0.5587340977796779,0.5634431922323854,0.5676891852747279,0.5714247693671611,0.574926907091997,-2.0,0.5818739904623129,-2.0,-2.0,-2.0,0.5922821887047448,0.594713294817188,0.5969932354784163,0.5990656354834341,0.6009541182473829,0.6026783137995564,0.60425517143317,-2.0,0.6070221480894985,0.6082356893215789,-2.0,0.6104144366724299,-2.0,-2.0,-2.0,0.6145816092497894,-2.0,0.6162097547343549,0.6169172280607116,-2.0,0.6181396116521247,0.6186617856894383,0.6191286278316185,-2.0,0.6199064807166946,-2.0,0.6204911351113542,0.6207143089252342,-2.0,0.6210320222497309,0.6211281816809454,0.6211836865198065,-2.0,0.6211751669881007,-2.0,0.6210103668392072,-2.0,-2.0,0.620473074963605,0.6202163631804105,0.6199205602673576,0.619584787294444,0.6192089703279231,0.6187923237893953,0.6183341843314767,-2.0,0.6172894984383848,-2.0,0.6160671407114311,-2.0,-2.0,0.6138786343464482,-2.0,0.6121656266994792,0.6112277703314485,0.6102331078521784,-2.0,0.6080650422100308,0.6068867802703273,0.6056427184225079,-2.0,0.6029460689597756,0.6014877581044024,-2.0,-2.0,-2.0,-2.0,0.5929670755335145,-2.0,0.5889165119943662,-2.0,-2.0,0.5820467502793221,-2.0,-2.0,0.5741052185306219,-2.0,-2.0,0.5649387637674426,-2.0,-2.0,0.5543705342980404,-2.0,0.5464467925630645,-2.0,-2.0,0.5330738802597643,-2.0,-2.0,-2.0,-2.0,-2.0,-2.0,-2.0,0.4867256063848997,-2.0,-2.0,-2.0,0.4562124679922264,-2.0,-2.0,0.42930314410897236,0.41946773296799944,-2.0,0.39837332188891517,-2.0,0.37522842272804124,0.36282575073941753,-2.0,-2.0,0.321974009808963,0.30704494710011926,-2.0,0.27502925785668997,0.25787403983924856,0.239905446235195,0.2210849906596134,0.201372342242071,0.18072527101283892,0.15909954085203082,0.1364488118077003,-2.0,-2.0,-2.0,0.03459022751379082,-2.0,-2.0,-2.0,-2.0,-2.0,-2.0,-2.0,-0.23551082108649568,-2.0,-0.3201680972730726,-2.0,-2.0
0.011291816686047524,-0.0035674609745467733,0.004235749900621642,0.01231463529032207,0.020744756129249715,0.029341319966073132,0.03834131932485256,0.04752174081897955,0.057088905619678484,0.06686283885475187,0.0770218692187548,0.08736530574945316,0.09812026941987059,0.10902606415698976,0.12029364624562142,0.13183461940961888,0.14357640120890758,0.15564770207463166,0.16794453243342858,0.18040468992354078,0.19312872186766197,0.20609029067950024,0.21916057732988914,0.23235279375363133,0.24569932310324913,0.2591680710553984,0.2727258930219423,0.2863232809413843,0.29984085663715626,0.3133376607520236,0.32678070409173454,0.3401327712170818,0.35335691952597875,0.3664192465871958,0.37928794944146854,0.39188560720608956,0.4041066616080182,0.4160196149925069,0.4276177220186073,0.43889847555278055,0.4498344684840403,0.4601518124080618,0.4700831888028935,0.4797561885414356,-2.0,0.4973540132234956,0.5057095680690445,0.5132489535478562,0.5207658134355002,0.5274190195974795,0.5340965638281437,0.5400248670853163,0.5456936186534231,-2.0,-2.0,0.5606507277566877,0.5652504728924695,-2.0,-2.0,0.5764258997420669,0.5799845799442744,0.5831753824211366,0.5860339200923166,0.5886066444470626,-2.0,-2.0,0.5957323850422743,-2.0,0.5999289625363521,0.6017518303020863,0.6034162515159512,-2.0,0.6063332869071776,-2.0,-2.0,-2.0,0.6109349596608908,-2.0,-2.0,0.6141059804217616,0.6150013485094373,0.6158190714484496,0.6165640548655301,-2.0,0.6178534109057258,-2.0,0.6188998476554756,0.6193396944729244,0.6197274908852444,0.620064942648291,-2.0,-2.0,0.620796011225736,-2.0,0.6210627700392544,0.6211332305300603,0.6211627978161791,0.6211520713269226,0.6211015063645883,0.621011422832142,0.6208820124260863,0.6207133433429418,0.6205053630284852,0.6202581206707792,0.6199706870606524,0.6196433208849427,0.6192753065152827,0.6188660387941488,-2.0,0.6179207869395485,0.617383059582222,0.616800591709943,-2.0,0.6154967720624683,0.6147728143007527,-2.0,0.6131734489289459,0.6122947535512538,-2.0,0.6103702198442958,0.6093203620133951,-2.0,0.6070344334600488,-2.0,-2.0,-2.0,-2.0,-2.0,0.5985001463516912,-2.0,-2.0,-2.0,0.5911649220005567,-2.0,-2.0,0.5846275642569304,0.5822271634992179,0.5797077681198415,0.5770639893974329,0.5742901704193921,0.5713803758044963,0.5683283781470769,0.5651276435834965,0.5617713207245608,-2.0,0.5545628142866444,-2.0,-2.0,-2.0,0.5379382306906949,-2.0,-2.0,-2.0,0.5178834155224207,-2.0,-2.0,-2.0,-2.0,-2.0,-2.0,-2.0,-2.0,-2.0,0.44786089762803455,-2.0,-2.0,-2.0,0.40937181458863015,-2.0,0.3872765486922691,-2.0,0.363033789307533,0.35004290816171774,0.3364356675569942,0.32218291601193466,0.30725411531384755,0.2916172824978102,-2.0,0.25808392403409525,-2.0,-2.0,-2.0,-2.0,0.15931042194811162,0.1366598673688182,0.11293578279311467,-2.0,-2.0,-2.0,0.00625073287441702,-0.023653357212543247,-0.05497446662655714,-0.0877796730786854,-0.12213927819416981,-2.0,-2.0,-0.23529820970272963,-2.0,-2.0,-2.0,-2.0
0.010969857978923836,-0.008250215870142104,-0.0005343452396754954,-2.0,0.015537276757668323,0.024018947890126086,0.03276296064642663,0.041857154716449956,0.051151837034650635,0.06084038247904699,0.07071021313224139,0.08097029661571196,0.0914396594574459,0.10224343245202125,0.11333611010930408,0.12465029862485787,0.13632414754687322,0.1481743908740861,0.1602836916575139,0.17269325590797682,0.1852840269846461,0.1980340658857912,0.21101363957464425,0.22419439717182604,0.23750961572801613,0.25085591703143606,0.26431435898401745,0.2778498436790125,0.2914279697858037,0.30501279736083303,0.31856834833487024,0.331985358201679,0.34525545310194,0.3583810937200902,0.37132624343126125,-2.0,0.3965489066007194,0.40877637109236536,0.42064611012282765,0.43203857514779714,0.4430833677594199,0.45380242934978565,-2.0,0.47387879334927524,0.4832268621306384,0.492310837218349,0.5005994507490732,-2.0,-2.0,0.5234804254582692,0.5300521840627007,-2.0,-2.0,0.5480015704870521,0.5532402225757321,-2.0,-2.0,-2.0,-2.0,0.5743294537045068,0.5779361579869652,0.5813634244026725,0.5844230001823122,0.5871686136921158,-2.0,0.5919640971776937,-2.0,0.59671133153103,0.5988298846170403,-2.0,0.6025172391620006,0.6041246259097923,0.6055945776755066,0.6069407590833107,0.6081741145018547,0.6093043210640197,-2.0,0.6114503970115014,0.6125637548304956,0.6135940102879662,0.6145363638763537,-2.0,-2.0,0.6168949101794142,-2.0,0.6181246068823558,0.6186478468597837,0.6191145948280309,-2.0,0.6198881594424035,0.6201994670044586,-2.0,-2.0,-2.0,0.6209813692653325,0.6210674258205727,0.6211116307929095,0.6211147445888269,0.6210770159273008,0.620999093427083,0.6208811341634785,0.6207232531682073,0.6205254446935246,0.6202875801956382,0.6200094193135732,-2.0,0.619331038427706,-2.0,0.618485041280685,0.6179978618362275,0.6174666127959171,0.6168902720523045,0.6162677347990086,0.6155978460274676,-2.0,0.6141100662563993,0.6132893101320495,-2.0,-2.0,0.6104987851917378,-2.0,-2.0,-2.0,0.605936265368823,-2.0,-2.0,-2.0,-2.0,-2.0,-2.0,-2.0,0.5933020334465341,0.5913307639096455,0.5892595011926629,-2.0,-2.0,-2.0,0.579882647952092,-2.0,-2.0,0.5715597130791445,-2.0,-2.0,-2.0,-2.0,-2.0,0.5508817308765916,-2.0,-2.0,-2.0,-2.0,-2.0,-2.0,-2.0,-2.0,-2.0,-2.0,-2.0,-2.0,0.4800205811277174,-2.0,-2.0,-2.0,-2.0,-2.0,0.42970854068897996,0.4198739271366063,-2.0,-2.0,-2.0,0.37563752595017263,0.363235494871143,-2.0,-2.0,0.3223855123417169,-2.0,0.2918204091889192,0.2754422878137901,-2.0,-2.0,0.2214993576710491,-2.0,0.18114041858833746,-2.0,0.13686467649127565,-2.0,-2.0,0.06226659552235958,-2.0,-2.0,-2.0,-2.0,-2.0,-2.0,-2.0,-0.1956133084558429,-2.0,-0.2764407439232147,-2.0,-0.36510859847190313,-0.41261745988422927
0.010657079141786952,-0.012798914800196183,-0.005303085804518661,0.0024679299316871036,0.010451324133607654,0.01881008149284662,0.027344199571383187,0.036237930776128684,0.04538466641081591,0.05483874184794276,0.064579374154542,0.07461909199557719,0.08492966898664586,0.0955786746969697,0.1064319237927717,0.11767173422934656,0.12907627915103176,0.14079236437139372,0.1528404538687321,0.16499333652893325,0.17743512954459947,0.19014610498856527,0.20301786978701047,0.21601556685393314,0.22920537009090783,-2.0,0.2560373511304611,0.2695423443334595,0.28305532335220424,0.2965980615049994,0.3101340689644151,0.32362655940299384,0.3370382049295723,0.3503344610885819,0.3634649616954127,0.37631011246932733,0.3889028269972187,0.40123333891867213,0.4132783675464699,0.4250244950887035,-2.0,0.4473321138746357,0.4577840996806956,0.46792510562596884,0.47769572960381707,0.48674344914964773,0.4955738943854751,-2.0,0.5116572224572001,0.5192106802263442,0.5260553382063814,0.5327193078164253,0.538911350592095,0.5445291350846676,-2.0,0.555150786011936,-2.0,0.5644314431765288,-2.0,-2.0,0.5757990656242151,-2.0,0.5826833754768206,0.5856192215053666,0.5882575839666853,-2.0,0.5929832895412352,0.5954039212921178,-2.0,0.5996941338107897,0.6015544721100415,0.6032520142666955,0.6048034656698504,-2.0,0.6075218420095323,0.6087118618858363,-2.0,0.6108570789440355,0.6119609084992024,0.6130450376262114,0.6140366400018686,0.6149426931246236,-2.0,0.6165207814125027,0.6172025723626073,-2.0,0.6183720947113912,0.6188669783244849,0.6193058796473403,-2.0,-2.0,-2.0,0.6205468465364623,-2.0,0.6208838227035667,-2.0,0.621045549489847,0.6210628723315739,0.6210386716006866,0.6209733815783719,0.6208673119952162,0.6207206291077569,0.6205333727915364,0.6203054597890819,0.6200370268922498,-2.0,0.6193751826046183,0.6189814702594724,0.6185449462779459,-2.0,-2.0,-2.0,-2.0,0.6156894955774845,-2.0,0.6142123090214678,-2.0,-2.0,-2.0,-2.0,-2.0,-2.0,-2.0,-2.0,-2.0,-2.0,-2.0,-2.0,-2.0,0.5971132616797105,0.595331797843985,0.5934585696632569,-2.0,0.589420242497799,0.5872465210158793,-2.0,-2.0,-2.0,0.5774100428635548,0.5746392393507583,0.5717323194842924,0.56868305735811,-2.0,0.562131095496634,0.5586143663821965,0.5549272172008937,0.5510617521394918,0.5470096934831971,0.5427623617166475,-2.0,-2.0,-2.0,0.5236316976503983,-2.0,-2.0,-2.0,-2.0,-2.0,-2.0,0.48021088142441326,0.4727695120602689,0.4649738395375283,0.45680717345086913,0.44825197530921806,0.4392899622896197,0.4299019170150152,0.42006772807790593,-2.0,-2.0,-2.0,-2.0,-2.0,0.3504408938747244,0.3368342557437009,-2.0,-2.0,0.29201753989045615,0.27563965299656434,-2.0,0.24051722085953647,-2.0,-2.0,0.18133889021426736,-2.0,0.13706352163942104,-2.0,-2.0,-2.0,-2.0,-2.0,-2.0,-2.0,-2.0,-2.0,-2.0,-2.0,-2.0,-2.0,-2.0,-2.0,-2.0
0.010353218432956621,-0.01721719815614448,-0.009934853554122271,-0.002310292703954851,0.0055110883739979315,0.01363184032267455,0.022080479929711554,0.03072114342355616,0.03976774319621283,0.048967552413096825,0.05858404643492367,0.0683773380055772,0.07858931955059448,0.08895191509092024,0.0997254281471561,0.11068703259764344,0.12197309335513808,0.13357301315821082,0.14533235728743019,0.15741889150292818,0.1697786438509625,0.18225286034780297,0.19498923311094363,0.20796087146905418,0.22109768097543822,0.23429710243804125,0.247648211696885,-2.0,0.27467356245887314,0.28828041597101445,0.3018506206975152,0.31533655210385586,0.32876394304258943,0.34209518824528073,0.35529361644382645,0.3683243480220848,0.3811554263515262,0.393756378510519,-2.0,0.4178498100627726,0.4293868888154213,0.4405991374727939,0.451498599764883,0.46182563834528384,0.47166803430394083,0.48124803987891207,-2.0,0.49877271055820416,0.5070982336654408,0.5145821614361795,0.5220447592764911,-2.0,0.5352970623355895,0.5411309171502037,0.546823869698971,-2.0,-2.0,0.5616514340311374,0.5661939351810642,0.5701763362089752,-2.0,0.5772815933670423,0.5808025727365209,0.5839479407360811,0.5867662075451354,0.5893025036826856,0.591627424540637,-2.0,0.5963885227554612,0.5985542087448464,0.6005236518362701,-2.0,-2.0,0.605453574557244,0.6068231717841147,-2.0,0.6092244968271262,-2.0,0.6113480996116856,0.6124567141508553,0.613500606987353,0.6144545175587832,0.615324779009095,0.6161167587153799,0.6168358415510903,0.6174861260689738,0.6180717700985955,0.6185968005143491,0.6190626071825092,-2.0,0.6198309216119343,-2.0,0.6203954138582145,-2.0,0.6207699125099507,0.6208889408856348,0.6209642270462875,0.6209964226650592,0.6209861881091971,0.6209340307395608,0.6208403120325187,0.6207052545717067,0.6205289515534441,0.6203113602388459,0.620052326017689,0.6197515669004909,0.6194086867565112,0.6190231720664231,0.6185943980893912,0.6181216266611753,0.6176040075238055,-2.0,0.6164304521412353,-2.0,-2.0,0.6143055622213349,0.6134948429173548,-2.0,-2.0,-2.0,0.609693148172245,0.6085928885644918,0.6074287801757211,0.6061980310853933,-2.0,-2.0,0.6020791947728571,0.6005543603805142,0.5989483197973774,-2.0,-2.0,-2.0,0.5916409879473192,-2.0,-2.0,-2.0,0.582726135624765,-2.0,0.577572843446831,0.5748036177815247,-2.0,0.568850370677668,-2.0,0.562301072636733,-2.0,-2.0,-2.0,0.5471842899254479,0.542937982597113,-2.0,-2.0,-2.0,-2.0,-2.0,0.5128172620955397,-2.0,-2.0,-2.0,-2.0,0.48039506131268783,-2.0,-2.0,-2.0,-2.0,-2.0,-2.0,-2.0,-2.0,-2.0,0.3878614597498585,-2.0,-2.0,-2.0,-2.0,0.32277264478339013,-2.0,0.2922086459409014,0.2758310389577584,-2.0,0.24070909590932715,0.22188950768320437,0.20217769003849761,-2.0,0.1599064352157319,0.1372564320165629,-2.0,0.08868492808580308,0.06265936327103705,-2.0,-2.0,-2.0,-0.0543746945179141,-0.08717952313198218,-2.0,-2.0,-2.0,-0.23469671399464576,-2.0,-2.0,-2.0,-2.0
0.010058021573680418,-0.021535781431020976,-0.014434216559708253,-0.00702676738392318,0.0007123886640873392,0.008601499754792952,0.01686165075832131,0.025362069731196195,0.03415101308753481,0.043264532609235094,0.05260722311874634,0.06231486050635711,0.07223552736400729,0.08251466275167407,0.09303804763484114,0.10386040139895038,0.11501023486476201,0.12634248611638088,0.13803310508025635,0.14994429651554603,0.16206902466771395,0.17449263472727403,0.18714817734919345,0.1999100539670887,0.2128993255302682,0.22608682271559336,0.23944259049545016,0.25282090063371543,0.26628015884130507,0.2798129308378851,0.2933844198549495,0.3069586317626453,0.3204990267008091,0.33396276396205565,0.3472323778199482,0.3603310908314568,0.3732436143291102,0.38593685532632005,0.398382248593832,-2.0,0.42243324354188,0.4338159135649056,0.4447902833609546,0.45543087552829653,0.465767946089386,0.4754668160439333,0.48471495069586923,-2.0,0.5020175245603732,-2.0,-2.0,-2.0,0.5312753105615093,0.5377169041565166,0.5433599001545986,0.5490900057781832,0.5542373679322037,0.5588359936098463,0.5635483742406245,0.5678718961533142,0.5716693301606833,0.57515834285493,0.5787662500340176,0.582143490200455,-2.0,0.5878660859900365,-2.0,0.5926207612491373,0.5950338511159082,-2.0,0.5994203710540154,0.6013195270292563,0.6030506533454293,0.6046311828890272,-2.0,0.6073970320133125,0.6086059971629529,-2.0,0.6107531955645931,-2.0,0.6129268093093779,0.6139313047136035,0.6148477889372715,0.6156826012278172,0.6164406491855435,0.6171275746081344,0.617746238856363,-2.0,0.6187965281237673,-2.0,0.6196165194291208,0.6199464223259971,0.6202257250901899,-2.0,-2.0,0.6207757715777981,0.620867562110188,0.620915235206839,0.6209195284173519,0.6208810191241607,0.6208001322139245,0.620677148952757,0.6205122126432399,0.6203053344102699,0.6200563995203162,0.6197651685196521,0.6194312821022849,0.6190544644640634,0.6186339506480568,0.6181683336106264,0.617658438351402,-2.0,0.616497473496976,-2.0,0.615143089520677,0.6143900038730961,0.6135843031386062,0.6127243473903895,0.6118083700082791,0.6108344782669687,0.6098006491045982,0.6087047239527594,0.6075444069649567,0.6063172592337644,0.605020693112015,0.6036519701989185,-2.0,0.6006862964629062,-2.0,0.5973950522414331,-2.0,0.5937502151699072,0.5917856111022642,-2.0,0.5875510646941926,0.5852720804081823,-2.0,-2.0,-2.0,-2.0,0.5720576133426859,-2.0,0.5658159654205189,0.562464713927237,-2.0,0.5552657457131505,-2.0,0.5473526863415017,-2.0,-2.0,-2.0,-2.0,-2.0,-2.0,-2.0,0.5070986183116539,-2.0,-2.0,-2.0,-2.0,0.473133135409643,-2.0,-2.0,-2.0,-2.0,-2.0,0.42043735524006953,0.4101367992559236,0.3993469186976457,0.3880445993356681,-2.0,-2.0,0.35081505187879153,-2.0,0.3229574882121888,-2.0,0.29239433636645834,-2.0,-2.0,-2.0,-2.0,-2.0,-2.0,-2.0,-2.0,-2.0,-2.0,0.06284715301373367,-2.0,-2.0,-2.0,-2.0,-2.0,-2.0,-0.1573372568359741,-2.0,-2.0,-2.0,-2.0,-2.0,-2.0
0.009771241535346491,-0.025827234822191434,-0.018804536345251508,-0.011608294100031107,-0.004073489318586319,0.003715559460490586,0.011740189037530057,0.0201424601450488,0.028695217962875903,0.03763524078453153,0.04680112030252635,0.056304253098022575,0.06606402636091815,0.07615558032275604,0.08648536387347389,0.09718954801358344,0.10806141195744305,0.11931894490146398,0.13078229041943945,0.14251543168834807,0.15458007397640833,0.1667939298687404,0.17924949419927547,0.191972238526095,0.20491014980676925,0.217917857750088,0.23111422581205301,0.24446924979961207,0.25795087038024456,0.27151767437564656,0.28503467801368604,0.2985703184562566,0.31209485211763544,0.32557116231739486,0.3389622819639593,0.35223237734172513,0.36534729677573746,-2.0,0.3907933806608548,-2.0,0.4150693307674465,-2.0,0.4381320344592011,0.4490449576602906,0.45941749235328333,0.46946965572180205,0.47922043641152867,0.4882329996905937,0.4969526632984956,0.5053009325648407,0.5129498413430147,0.5204985436055968,0.5272435226407737,0.5339206367287919,0.5399924483051359,0.5456179387513319,0.5512311081930721,-2.0,0.5607069269397852,-2.0,0.5694705051710819,-2.0,0.5766119687291233,0.5801923551143446,0.5834267274420789,0.5863202199612275,0.5889207219784428,0.5912731883746621,0.5936195988903189,0.5960248844657918,0.5982394175872845,0.6002510373655082,0.602082290073947,-2.0,0.6052767498826263,-2.0,0.6079445589572288,0.6091096738741529,0.61017522782348,0.6112203115222884,-2.0,-2.0,-2.0,-2.0,0.6160158390278784,-2.0,0.617394803573202,-2.0,0.618507423245543,-2.0,0.6193812903289668,-2.0,0.6200371183937068,0.6202884709011229,-2.0,-2.0,-2.0,0.6208189761908542,0.6208383844704988,0.6208140662925767,0.6207465155033256,0.620636074157123,0.6204829419704034,0.6202871822701482,-2.0,0.6197673747806827,0.6194428122211699,0.6190745961518347,0.6186621658404009,0.6182052480722292,0.6177019061140908,-2.0,0.6165555034328339,0.615909010925814,0.6152129891441739,-2.0,0.6136652212150971,0.6128103490597997,0.6118991938254991,-2.0,0.6099003915765366,0.6088087500219213,-2.0,0.6064287592670856,0.6051357263169872,0.6037703614589163,0.6023297746737094,-2.0,-2.0,-2.0,-2.0,-2.0,-2.0,-2.0,-2.0,0.5854162142200745,0.5830249503368827,-2.0,0.5778787647840364,0.5751128416916136,0.572210569043022,-2.0,-2.0,-2.0,0.5591091202040431,0.5554256236646651,-2.0,-2.0,-2.0,-2.0,-2.0,0.5292726458674658,-2.0,-2.0,0.5131609174607863,-2.0,0.5010939133690518,-2.0,-2.0,-2.0,-2.0,-2.0,-2.0,-2.0,-2.0,-2.0,-2.0,-2.0,0.3995239157690662,-2.0,0.37638340943820203,-2.0,-2.0,-2.0,0.32313663911693874,0.30820927528328596,0.29257381246678144,0.27619675078937056,-2.0,-2.0,-2.0,0.20254534780588618,0.1818995014458053,-2.0,0.13762532930824645,-2.0,-2.0,0.06302933842999636,-2.0,-2.0,-2.0,-2.0,-2.0,-0.12116703781501947,-2.0,-2.0,-2.0,-2.0,-0.3189804148231057,-0.36433987349425356,-0.41184837055101275
0.009492638332763457,-0.029995673797120235,-0.02312880643038748,-0.016058505073334138,-0.008738241034648469,-0.0010739524705125458,0.0067654048625282286,0.014928459707369383,0.023395541241124907,0.03208114411742038,0.041161503240918815,0.05039390057169636,0.06006037710400791,0.0698728584937699,0.08012037742156708,0.0905195298797908,0.10131151567485457,0.11232984370949088,0.12363362307166571,0.1352927965349221,0.1470692876285583,0.15917146033038385,0.17157699231665904,0.1840830615517228,0.19683102328790286,0.20981181049142308,0.22299683204957363,0.2362223324110305,0.24957742268609903,0.2630475756406819,0.27660007343523074,-2.0,0.30381037243595144,-2.0,0.3307242214031662,0.34403377790482614,0.3572054713235523,0.37020337355735616,-2.0,0.3955541132609292,-2.0,0.4196500833740311,0.43112433730298955,0.44226640685185786,-2.0,-2.0,0.47321611686618764,0.4826963616478058,-2.0,0.5001508223051344,0.5084202955008837,0.5158721208675464,-2.0,-2.0,0.5364339030565536,0.5421879483826566,0.5479027771448256,0.5532558380261859,0.557917605986782,0.5626003004514816,0.5670742875089688,-2.0,-2.0,-2.0,-2.0,0.5846551900136295,0.5874324387924852,0.5899318206149335,0.5922413070427718,-2.0,0.5969752441329088,0.5991084875040621,0.6010472452802603,0.6028129054597491,0.6044233011652839,0.6058937650706607,0.6072373760613667,0.6084655670224837,0.6095882637989551,0.6106244125585683,0.6116824787654558,0.6127732945978918,0.61379045857508,-2.0,0.6155604662458272,0.6163249296398546,0.6170160531544964,0.6176379353171955,0.6181946333880699,0.6186891507321659,0.6191248701672056,0.6195041838767897,-2.0,0.6201027202712236,0.6203258806323786,0.6205003714561893,-2.0,0.6207075399340856,-2.0,0.6207332244484548,0.620679435899642,0.6205820271326836,0.620441155260591,-2.0,0.620029353412661,0.6197582539187942,0.619443359682917,0.6190844449789644,0.6186806331451475,0.6182317536528439,0.6177359770239917,-2.0,0.6166035526307815,-2.0,0.6152739825361819,0.6145324021289645,0.613737607312243,0.6128879908811579,0.6119818201899053,0.6110172327563882,-2.0,0.6089046904303372,-2.0,-2.0,0.6052433599015715,-2.0,-2.0,0.6009284407889832,0.5993312983934658,0.5976489985042929,0.5958775890944067,-2.0,0.5920543465445504,0.5899940012102467,0.587828718220668,-2.0,-2.0,-2.0,-2.0,0.5752579520104325,-2.0,0.5693140608205447,0.5661216491149419,-2.0,-2.0,-2.0,0.5517187615309207,-2.0,0.5434281473411517,-2.0,-2.0,-2.0,-2.0,0.5189468734767174,-2.0,-2.0,-2.0,0.4947901453522821,-2.0,-2.0,0.473473538448647,-2.0,0.45751569861852376,-2.0,-2.0,-2.0,0.42078412369373575,-2.0,-2.0,-2.0,-2.0,-2.0,0.35116662429188356,0.33756130409416746,0.32331038654404604,0.3083833312489152,-2.0,-2.0,0.25921792006599326,0.24125099898499008,-2.0,0.2027210049479361,0.18207538388053862,-2.0,-2.0,-2.0,-2.0,-2.0,-2.0,-2.0,-2.0,-2.0,-0.08663041197341648,-2.0,-2.0,-2.0,-0.23414612613744834,-0.27549455002694856,-2.0,-0.364161400935755,-0.4116697998493546
0.009221978823334321,-0.03404487510761986,-0.027373620471347147,-0.02038843341855908,-0.013269550462008905,-0.0058238659144776,0.001933302138046111,0.00986318582696357,0.018166485284367224,-2.0,0.03552022085995128,0.04465266757048052,0.05404394924167513,0.0637704625429196,0.07374259290954774,0.08404047750196002,0.09461845373337459,0.10545924189053014,0.11666706084406735,0.1280169906535976,0.13972407727725059,0.15169696483950734,0.16383688650863865,0.17627387915934783,0.18898269120615183,0.20176829297739518,0.21476686692995967,0.22796099408443404,0.24131989657033437,0.2547676332279217,0.2682263960337703,0.28175590237788467,0.29532018135935273,-2.0,0.322407175656042,0.3358568184770604,0.349176117660812,0.36225720849921045,0.3751356096329989,-2.0,0.40018731306181876,-2.0,0.4241402026765719,0.43555972108858926,0.44646504558311245,0.45702501063892775,0.4672841294617062,0.4770190457655321,0.48616510577752114,0.4951301746958803,0.5033955411739338,0.5113217581576873,-2.0,0.525840071062461,0.5324535353777677,0.5387931322588112,0.5444089899503679,0.5501154317314793,0.5551727077471938,0.5597557829763922,0.5644557266491538,0.5687097878101346,0.5724483946293168,0.5759310284416755,0.5795325363110143,0.5828594979675371,0.5858310754063694,0.5884979595309258,-2.0,-2.0,-2.0,-2.0,0.5999411572716568,0.6018096822569264,0.6035120329771051,0.6050648571856468,0.6064824551604313,0.6077775455829829,-2.0,0.6100415680070246,-2.0,-2.0,0.6132069675880645,0.6141839319174636,0.6150728461794028,0.6158795338177637,0.6166094296778626,0.6172671791607978,0.6178569431894103,-2.0,0.6188465581816237,0.6192520590778398,0.6196019519758421,0.6198983686082298,-2.0,0.6203368718362642,-2.0,0.6205804764263754,0.6206319915212009,0.6206378526092251,0.6205985286726357,0.6205146651085467,0.6203865305489787,0.6202142984823351,0.6199980970231523,-2.0,0.619432670817773,0.6190830421452305,0.6186883166730002,-2.0,0.6177605473801193,0.6172252918882036,-2.0,0.6160093572993514,-2.0,-2.0,0.6138013076075356,-2.0,0.6120561066202215,0.6110964060115457,-2.0,0.6089929007266909,0.6078447205368143,0.6066290975711809,-2.0,-2.0,0.602551270742098,-2.0,0.5994444673651735,0.5977649650531512,0.5959966967854213,-2.0,0.5921786127926681,-2.0,0.5879576553961197,-2.0,-2.0,0.5807909553784525,-2.0,0.5753967362822391,-2.0,-2.0,0.5662652875340961,0.5629183622986579,-2.0,0.5557273491440247,-2.0,-2.0,-2.0,-2.0,0.5344724386053074,0.529587651493941,-2.0,0.5191033488888362,-2.0,-2.0,0.5014175481833061,-2.0,0.4881733709432813,0.4810735882315188,-2.0,0.4658425536028789,-2.0,-2.0,-2.0,-2.0,-2.0,-2.0,-2.0,-2.0,-2.0,-2.0,-2.0,-2.0,0.3234786697459953,-2.0,0.29291708386954435,0.27654060204654596,-2.0,-2.0,-2.0,0.20289126156318382,-2.0,0.16062174803031903,-2.0,-2.0,-2.0,-2.0,-2.0,0.0075693494314655885,-0.022333704170864555,-0.053653809895334414,-2.0,-2.0,-2.0,-2.0,-2.0,-2.0,-2.0,-2.0,-2.0
0.008959036511956614,-0.03797799011045713,-0.03149701849269154,-0.02471091469117056,-0.017671528442432288,-0.010437467128031546,-0.0028634777548172566,0.004943241020428361,0.013010142480682291,0.02144457360448281,0.03002764898422276,0.03901437024577413,0.04819913458766206,0.057751850272343024,0.06753063703717876,0.07767449019504753,0.08802371502566968,0.09878215362172242,0.10967374105053747,0.12094861161869015,0.13247155603863087,0.14422104836535257,0.15630082903304568,0.16857797630887403,0.18104687340501024,0.19378068469003587,0.20675294659150342,0.21980182246180477,0.23300517174514437,0.24636350082500846,0.2598451042761866,0.27341668831812443,0.28699509197922035,0.3005226240614602,0.3140349061634263,0.32749427472212106,-2.0,-2.0,0.3671882189877924,0.3800770312886559,0.3926583977772074,-2.0,0.41683029422490503,0.42845311796597696,0.43976026665079293,0.45069662330351096,0.4610176629802686,0.4709789315883461,0.48067530341131354,-2.0,0.49829194996989973,0.5066443603276393,0.514200845901801,0.5217225482661731,0.5283874860632052,0.5350592407576579,-2.0,-2.0,0.5522043540933584,-2.0,0.5616159753238216,0.5662182246564623,0.5702674770869789,0.5738433019464322,0.5773700833416014,-2.0,0.5841063684785676,0.5869569392352588,0.5895187314400346,-2.0,0.5941934119546268,0.5965782561979845,0.5987586949581342,0.6007383803161448,0.6025393432941696,0.6041804417911388,0.605677252903499,0.6070435316540174,-2.0,-2.0,0.6104712913723337,-2.0,-2.0,-2.0,0.614552038381356,0.615403220592132,0.6161740414657513,0.6168694186861108,0.6174939728695772,0.6180513939000348,0.6185453281311426,0.6189787678836963,0.6193544753639637,0.6196745524774869,0.6199413043075789,0.6201565004186206,-2.0,-2.0,0.6205062935778147,0.6205281681188977,0.620503816828023,-2.0,0.6203191432136319,0.6201593610628907,0.6199547825433983,0.6197053563302084,0.6194108939325202,0.6190710757842577,0.6186854538012413,0.61825345311286,0.617774373651255,-2.0,0.616671567552204,-2.0,-2.0,-2.0,-2.0,-2.0,0.6121227774274677,-2.0,-2.0,0.6090735033607702,-2.0,-2.0,-2.0,-2.0,-2.0,-2.0,-2.0,0.5978746024058201,0.5961092025790055,-2.0,0.5922964397215661,0.5902409565721034,-2.0,0.5858098599416692,-2.0,-2.0,-2.0,-2.0,0.5726323563013275,-2.0,-2.0,-2.0,-2.0,0.5558694799552841,-2.0,-2.0,0.5437254877120832,-2.0,-2.0,-2.0,-2.0,0.5192543807779328,-2.0,0.5077430903910063,-2.0,-2.0,-2.0,-2.0,-2.0,-2.0,-2.0,-2.0,-2.0,-2.0,-2.0,-2.0,0.40002228548522445,-2.0,0.376884282862591,0.3644848226200645,0.35149670388795234,-2.0,0.32364186705268655,0.30871546981114856,-2.0,0.27670474936676803,0.2595518455486466,0.24158546637628436,-2.0,-2.0,-2.0,-2.0,-2.0,-2.0,0.08956888200644253,0.06354421702578861,-2.0,-2.0,-0.02216669391462278,-2.0,-2.0,-0.12064933786342713,-0.15663595295756938,-2.0,-0.23380543313119206,-2.0,-0.31846089407166667,-2.0,-2.0
0.008703591361485156,-0.04182119454367689,-0.0355022846334955,-0.028909755897260934,-0.02200664915002835,-0.014919508365402966,-0.0075612233049981055,0.0001436586978589494,0.00800081381311903,0.016206365238673515,0.024692035670038925,0.03342272603323619,0.042521961399178965,0.051802397182296865,0.06149676024495287,0.07135122199383816,0.08161725606913998,0.09207054247401174,0.10288054405672549,0.11395635384865556,0.1252771137206115,0.13695855357083006,0.14879041430095583,0.1609074023919644,0.17332597073634748,0.18589694327849218,0.19865606029238517,0.21164581724612883,0.22483684407164226,0.2381310296821731,-2.0,0.26495880531389937,0.2785074856443757,0.2920994454161695,0.30569907027581245,0.3192590882784275,0.33266362720458853,0.345950458629583,0.35909361805327605,0.37205744631713517,0.3848093155600658,0.3973210064476461,0.4095704170430328,0.42142249923765834,0.4328326836099708,0.44390265637807114,0.4546484963824224,0.46502809083668273,0.47472983473643304,0.48410828047617216,0.49319424744248197,-2.0,-2.0,0.5171214472926976,-2.0,0.5309701002998298,0.5375092376623879,0.5431985668438645,0.5489227890451854,0.5541794336100702,0.5587986757565221,0.5634932010200888,0.5678935983763229,0.5717518207105046,0.575239515929203,-2.0,0.5822462117990749,0.5852990087894464,0.5880346672866832,0.5904963324015718,0.5927930522518651,0.5951783125744711,0.5974946209773155,0.599594109039851,0.6015012925768688,0.603236895455341,-2.0,0.6062607715754659,0.6075770688913323,0.6087784550718324,0.6098746172775902,0.6108911706712632,-2.0,-2.0,0.6139965141234863,0.6148946861627695,0.6157086124671112,0.6164435496458396,0.6171045462649188,-2.0,-2.0,0.6186834597335228,0.6190860540659209,0.6194312250827871,0.6197213063487382,0.6199581896914886,0.6201435414166865,0.6202787866714045,-2.0,0.6204035676979051,0.6203950845157196,0.6203397825741641,0.6202386465641138,0.6200918012139417,0.6198993933742306,0.6196614251203729,0.6193777581234154,0.6190481176323364,0.6186720959283496,0.6182492355890677,-2.0,0.617259853506178,-2.0,-2.0,-2.0,-2.0,-2.0,-2.0,0.6121803172872633,-2.0,-2.0,-2.0,-2.0,0.6067996702324037,-2.0,0.6041715900897906,-2.0,-2.0,-2.0,-2.0,-2.0,0.5943597552865598,-2.0,-2.0,0.5881965687597237,-2.0,-2.0,0.5810428482861429,-2.0,-2.0,0.5727609004082215,-2.0,0.5665354973305027,-2.0,-2.0,-2.0,0.5521490083680253,-2.0,-2.0,-2.0,-2.0,-2.0,-2.0,0.5193999101264001,0.5137797485755016,0.5078904646018847,0.501719296231616,-2.0,-2.0,0.481379835675691,-2.0,-2.0,0.4579888244234161,0.4494374918982453,-2.0,0.4310946169879932,0.4212637737740019,0.4109655632671966,-2.0,0.38887775422599696,-2.0,0.36464175496326506,0.3516540303007814,-2.0,-2.0,-2.0,0.29323965891536924,0.2768637886652825,-2.0,0.24174508716538895,-2.0,0.203216633871262,0.18257173229795104,-2.0,-2.0,-2.0,-2.0,0.06370568056418491,-2.0,-2.0,-2.0,-2.0,-2.0,-2.0,-2.0,-2.0,-2.0,-2.0,-0.31829778387394725,-0.3636568101649993,-0.411164901342404
0.008455429608599185,-0.045638429010928766,-0.03939295361276318,-0.032988234887493105,-0.02628206270213058,-0.019273048096554706,-0.012124477214286517,-0.004639304494847403,0.0031351881533007056,0.011106812122777355,0.019453821534569576,-2.0,0.03687225743212247,0.04602322403800096,0.05546349878248718,0.06520892529517834,0.07523336496804638,0.08554971786964531,0.09618308705407182,0.10704191446314999,-2.0,-2.0,0.1413988184131418,0.15343448599115725,0.16558898103112735,0.17803928698189617,0.19075897269402778,0.20361070473343543,0.21661771425679607,0.22981794490624707,0.24317987018849468,0.2566723877424899,0.2701554496929173,0.2836806726458905,0.2972365303399709,0.31078694187130795,0.3242938126545744,0.3377215131253143,0.3510350113711769,0.3641572767226888,0.377004392235702,0.389616087740795,0.4019665625002915,0.4140330326212207,0.42580175817118704,0.4372351344401378,0.44810932511834556,0.4585872853121797,0.46875557120086025,0.47851858719142876,0.4875797109323405,-2.0,0.5047360257683577,0.5125350268346369,0.5200740371624528,-2.0,0.5335886042168794,0.5398094622613757,0.5454125125178065,0.5510810450459844,0.5560484463817313,-2.0,-2.0,0.5694874415127529,0.5731670174037989,0.5766499023404771,0.580236967457261,0.583513197812851,0.5864398378860697,-2.0,0.5914329908271612,0.5937468594234417,0.5961426207080197,0.5983717375397481,0.6003933647380549,0.6022305332670951,-2.0,0.6054264918015596,-2.0,0.6080835378321722,0.6092396768420588,0.6102933683840441,0.6113049951953463,-2.0,-2.0,0.6143523768818384,0.6152119837145007,0.6159884111166523,0.6166879123073823,0.6173146758140026,-2.0,0.6183655321224831,0.6187962971709224,0.6191677100407604,0.6194823263511352,0.619741790825007,0.619948347324597,0.6201034003407555,0.6202082658469024,0.6202640444918985,0.6202716364590555,0.6202317521685191,0.6201449262452046,0.6200115264441078,0.6198317620198769,0.6196056928354665,0.6193332307564507,0.6190141494519967,0.6186480852645423,0.6182345412177653,0.6177728900711831,0.6172623744180865,0.6167021107819933,-2.0,-2.0,-2.0,-2.0,0.6131146788496041,-2.0,-2.0,-2.0,-2.0,-2.0,0.6068738946692938,0.6056003372459082,0.6042534708809848,-2.0,-2.0,-2.0,-2.0,-2.0,-2.0,0.5925126676093683,-2.0,0.5883066242236743,-2.0,-2.0,-2.0,-2.0,-2.0,0.5728836159039542,0.5698471237807675,0.5666611619891097,-2.0,0.559813229897339,0.5561366028985895,-2.0,-2.0,-2.0,0.539557432455658,0.5349001113326131,0.5300185072153994,-2.0,-2.0,-2.0,0.5080324875909534,-2.0,0.49539692343211245,-2.0,0.48152511735245385,-2.0,-2.0,-2.0,0.4495854527780179,-2.0,-2.0,0.4214134037113826,-2.0,0.40032855607287354,-2.0,-2.0,0.36479372041010233,-2.0,0.33820256040157076,-2.0,-2.0,0.2933934699106587,0.2770179229624352,0.25986562286304277,0.24189981641678288,-2.0,-2.0,0.18272726051654015,-2.0,-2.0,-2.0,0.08988658807195893,-2.0,-2.0,-2.0,-2.0,-0.053167138028679006,-2.0,-2.0,-2.0,-0.19400705219500147,-0.23348448265769006,-2.0,-2.0,-0.3634983741949558,-2.0
0.008214343584919423,-0.049346372478677264,-0.04323968801573794,-0.03695010278366772,-0.030435078620146227,-0.02361314031896029,-0.016557100695044114,-0.009285344278757941,-0.001670710066140873,0.006153225684872966,0.014262598606088956,0.02271501397956331,0.03134294872820209,0.040377200416124075,0.049580855544444545,0.05918362420188848,0.06898111836865674,0.07917840767290286,0.08954578281528507,0.10032531302117724,0.11127107421664503,0.12256261102983788,0.13414591700791972,0.14591119363712224,0.1580054542968046,0.170346910073241,0.1828285798385163,0.19557334195017023,-2.0,0.22167098610460104,0.23487949849812004,0.24824092734879696,0.2617219710097362,0.2752894346836622,0.2889087109503116,-2.0,0.3159560580333395,0.32939795625574747,0.34274387553659974,0.35595831328823296,0.3690060472543255,-2.0,0.3944633804099303,0.4066858499052542,0.4185655208183688,-2.0,0.4413593012176958,0.4522731410666,0.46258685785978815,0.4724552447805682,-2.0,-2.0,0.49959426034445753,0.5079234534529883,0.5154126350617363,0.5228846044524215,0.5294895708554211,0.5361372197386429,-2.0,0.5476559408788307,0.5531185093422624,-2.0,0.5624764663731975,0.5670211733972735,-2.0,0.574537995094007,-2.0,0.5815869511757048,0.5847241110849977,0.58753109255335,-2.0,0.5923563760627297,-2.0,0.5970655008938037,0.5992108143845324,0.6011574401090608,-2.0,0.60453786535813,0.6060056350966865,0.6073434619772308,0.6085632451439632,0.6096748692073017,-2.0,0.6117126872625409,-2.0,0.6137750563163133,0.6146822689125842,0.6155030748437661,0.6162430503921706,0.6169073306550974,0.6174996301390908,0.6180249659029199,-2.0,-2.0,0.6192234842209274,-2.0,-2.0,0.6199113231691787,0.6200355581185316,0.6201092966339284,0.6201338125192082,-2.0,-2.0,0.6199184315828645,0.6197518066641727,0.6195380962054852,0.6192772679279408,0.6189691454577962,0.6186134104655232,0.6182096086447848,0.6177571515039635,0.6172553185530472,0.6167032568334444,-2.0,0.6154445063488003,-2.0,-2.0,-2.0,-2.0,-2.0,-2.0,0.6092693539758685,-2.0,-2.0,-2.0,-2.0,-2.0,-2.0,-2.0,0.5981633769976751,0.5964071422225641,-2.0,0.592611383890485,-2.0,-2.0,0.58614732667859,0.5837690478048846,-2.0,-2.0,-2.0,0.5730006776166113,-2.0,-2.0,-2.0,0.5599370890801322,0.5562619662152624,-2.0,0.5483668256964312,-2.0,0.5396881326595951,0.5350319915032721,-2.0,-2.0,-2.0,-2.0,-2.0,-2.0,0.49553566606032634,-2.0,0.481665435178804,0.47422995043245325,0.466439889222863,0.4582785646320053,-2.0,-2.0,-2.0,-2.0,0.41126102764282835,0.4004744346535327,-2.0,-2.0,-2.0,-2.0,-2.0,0.3241014491261281,-2.0,0.293542573274525,-2.0,-2.0,0.2420498657612981,0.22323235441029898,-2.0,0.18287813135881265,-2.0,0.13860668029287193,0.11488476494933408,-2.0,0.06401432362565684,0.03675680939515613,0.008207452710642493,-2.0,-2.0,-2.0,-0.12017614180484548,-0.15616232873751934,-2.0,-0.23333099003011404,-2.0,-0.3179857107460312,-0.363344507781481,-0.41085237116040296
0.007980131543225704,-0.05294816792553844,-0.047015576026285366,-0.040803379464008215,-0.03446921364149789,-0.027841824155772226,-0.020901934735285888,-0.013798406857360675,-0.006400965942356739,0.001341355591397187,0.009219504676224162,-2.0,0.025971877699450113,0.0347485405262701,0.04386611075304011,0.05319532752022825,0.06290776530303326,0.07281426660405892,0.08309837279965777,0.09360664002051024,0.10443435249705413,0.11556835933399263,0.12690623505441637,0.1386032672090943,0.1504970995191965,0.16262851475446996,0.1750596778045352,0.18769639218816855,0.20046638752921117,0.21346421469112958,0.22666078407209989,0.2400191897550526,0.25338412106891983,0.26685355933533733,0.2803981608780752,0.29398159341657143,0.3075680058627623,0.32112272320665075,-2.0,0.34784721542509683,-2.0,0.37388971509693947,0.3866000935147272,0.39906362434443815,0.4112582366165633,0.42313617055884156,0.4345139450114875,0.44551011454016787,0.45617389729465974,0.466524165100745,0.47621146563671035,0.4854859995769334,0.49453511371240555,0.5027941862313684,0.5108738218675799,0.5183317806087606,0.5255033022083707,0.5320683980336861,0.5385253072028209,0.5441650837995631,0.5498836170748826,0.5550440849595385,0.5596319876201705,-2.0,-2.0,0.5724499041717578,0.5759205572500251,0.579505564252676,0.5828757185102059,0.5858813356219263,0.5885746504663087,0.5909978358085218,-2.0,-2.0,0.5979480299718015,0.6000127278648614,-2.0,-2.0,0.6051424543526839,0.6065555639958281,0.6078431838024027,0.6090162562826433,-2.0,0.6110813405510535,-2.0,0.6131609762635454,0.6141188682359845,0.6149860681069462,0.6157687212718761,0.6164720139618398,0.6171007619017099,0.6176591301956473,0.6181502174011174,0.6185778151436558,0.6189445469607185,0.6192526900433935,0.6195046979412574,-2.0,0.6198461527614972,0.6199389781672471,0.6199809881553014,0.6199734859933032,0.6199170353867959,0.619812153678647,0.6196591867793235,0.6194583170188319,0.6192095703478162,0.6189128232868973,0.6185678062158291,0.6181743998205701,0.617731186272623,0.6172383512726334,-2.0,0.6160995491075477,0.6154515512548945,-2.0,-2.0,-2.0,-2.0,-2.0,-2.0,-2.0,-2.0,-2.0,-2.0,0.6043975252370928,-2.0,-2.0,0.5999099248579097,-2.0,0.5964935212172245,0.5946472603534865,-2.0,0.5906589949034222,-2.0,0.5862477280913192,0.583871857594882,-2.0,0.5787542765301332,-2.0,-2.0,0.5700792293249483,-2.0,0.5635579151142962,0.5600554332566758,-2.0,-2.0,-2.0,-2.0,-2.0,0.5351586026775873,0.5302792850877629,-2.0,-2.0,-2.0,0.5083013952048376,0.5021329333112424,-2.0,0.48889678447359675,0.48180073854506555,-2.0,0.46657666925136104,0.4584160309633207,0.4498666403673865,-2.0,-2.0,-2.0,-2.0,-2.0,-2.0,-2.0,-2.0,0.3520968397428989,-2.0,0.3242450688002198,-2.0,-2.0,0.2773120717316463,0.26016038307606965,0.2421951908808056,-2.0,0.20366841976548877,0.18302430149472687,0.16140139118972208,0.13875335347560003,-2.0,-2.0,0.06416166446964533,0.0369043585294192,-2.0,-2.0,-2.0,-2.0,-2.0,-0.1560137447484552,-0.19370496288016747,-0.2331821191841048,-0.27452979072635453,-2.0,-0.3631952477319885,-2.0
0.007752597488629456,-0.056446865193542195,-0.05068355534509408,-0.044648610090202094,-0.03838788510913516,-0.03194938762796927,-0.025207705657022534,-0.018182307787832842,-0.010995882778109322,-0.003471273430548521,0.004320563102917907,0.01233423013387523,0.02072546953570162,0.029280949582263342,0.038209009613476334,0.04737837180234812,0.0568684659614294,0.0666323015969379,-2.0,0.08704415840065326,0.09773359692455821,0.10861017342609484,0.11987343725022236,0.1313204753423282,0.1430592286672269,0.15513118199548387,0.167327076908188,0.1797895581905914,0.19252000788506707,0.2054390029980235,0.2184540906780176,0.2316594276112213,0.24502402223321917,0.2585160935104026,0.27206888019618475,0.28558967595756035,0.2991363490471748,0.31267254025466856,0.32616206916663065,0.33956644853846646,0.3528510433604033,0.36598128752319425,0.37885174114242487,0.3914209148671532,0.40372194627090513,0.4157317457110542,0.42743637918833327,0.438833455619802,0.44972590132869816,0.4601198136337087,0.47019546248713784,0.47994922191743594,0.4889609296676095,0.49770736719837144,0.5060381988133874,0.5137104307435666,0.5212509758952005,0.5280120382926439,0.534673097030733,-2.0,0.5463725888129919,0.5519883444835794,-2.0,0.5614502604232816,0.5660915473425931,0.570206687281121,-2.0,0.5773167287672951,0.5808814281653951,0.5841063566485125,0.5869873317533338,0.5895724959922167,-2.0,0.5942198022923237,0.5965989631077095,0.5987914818541025,-2.0,0.6025830363726764,0.604223841209404,0.6057175202596458,0.6070772270888546,0.6083156109744496,-2.0,0.6104680694491723,0.6114651445449673,-2.0,0.6135199995230686,0.6144362595609203,0.6152637863021773,-2.0,0.6166752367816114,0.6172685893603017,0.6177924502858065,0.6182501352104927,0.6186447706912067,0.6189789494195485,0.6192549634976605,0.6194747990331996,0.619640160685235,-2.0,0.6198130192278463,0.6198227222265447,0.6197823964561614,0.6196926409664008,0.619553875531455,0.6193663513869708,-2.0,0.6188456170694275,-2.0,0.6181284032279596,-2.0,0.6172118732473498,0.6166772878815522,-2.0,0.6154497629860493,0.6147552280392827,0.6140049730262861,0.6131975410475785,-2.0,0.6114046361859968,0.610415852446561,0.6093620822750155,-2.0,-2.0,0.6057928730049399,0.6044586255258377,0.6030475982834601,-2.0,-2.0,0.5983232639838589,0.5965736417332276,0.5947305736266532,-2.0,-2.0,-2.0,0.586342319418233,-2.0,0.5814752545916412,0.5788559647867791,0.5761054653823089,0.573217881306018,0.5701870382569584,0.5670064558142466,-2.0,-2.0,0.5564965508898192,0.5526455441782377,0.5486072631950358,0.5443730659764661,0.5399338844778608,0.5352802165445716,-2.0,-2.0,0.5199302011794086,0.5143140031937631,-2.0,0.5022609326986269,-2.0,-2.0,0.48193130804190165,-2.0,-2.0,0.45854882871415154,-2.0,-2.0,0.4316620307007238,0.4218334355431844,-2.0,-2.0,0.38945353270350386,0.37761845692061746,-2.0,0.35223515325387594,0.33863253981387026,0.32438420509325855,0.30945962077179473,0.293826810888233,0.27745228259425314,0.2603009536548599,-2.0,0.22351917028493518,-2.0,0.18316606515519557,0.16154341540080386,-2.0,0.11517418661555523,-2.0,0.06430463194722591,0.03704753087085344,0.008498560389362586,-2.0,-0.05272254272676158,-0.08552584299945776,-0.11988362316392698,-2.0,-0.1935605053591376,-0.2330375702512052,-0.27438511347914973,-2.0,-2.0,-0.41055794477162777
0.007531551014560001,-0.05984524170785324,-0.054246423427327134,-0.04838366079007602,-0.04224444008123102,-0.03593948159932649,-0.029390068981123136,-0.022531868477842838,-0.015459399671989876,-0.008149122949724901,-0.0004944511902470912,0.007347711866936126,0.015499186126450041,0.023969800077465957,0.03264328602003879,0.04172523840539717,0.05094736543085142,0.06060140308290961,0.07041719611638499,0.08066716415013787,0.09105409567296174,0.1018510570191405,0.11285410190310076,0.1241626471120567,0.13580702441547715,0.14758798069132953,0.1596963171382357,0.1721015030784094,0.18459681288007287,0.19735208387651038,0.21034080397436222,0.2235240269713265,0.23673985623420182,0.25010342104473315,0.2635832135799327,0.2771458464551537,0.2907563709566023,0.30436707590231044,0.31786018024871104,0.3312828362000431,0.3446052379659089,0.35779025258687946,0.37080269353947365,0.38361025870611004,0.39618581296527927,-2.0,0.42027625621986925,0.43176891668188444,0.4429306673917137,0.4537780662668006,-2.0,0.4739006562795415,0.48340466616472566,0.49248085923228296,0.500861652929519,0.5091403372674584,0.5165870888081008,0.5239869544300093,0.5305519031589884,-2.0,0.5429173211797722,-2.0,0.5539749326850144,0.5586328588824696,-2.0,0.5677662881741965,0.5716840776574129,0.5751815640021358,-2.0,-2.0,0.5852814767888603,0.5880443826548716,-2.0,0.5928093799362674,0.5951598700732041,0.5974877530538012,0.5995968581697751,0.6015092034046623,0.6032460926056321,0.6048254387810639,-2.0,-2.0,-2.0,0.6098432552303,-2.0,-2.0,-2.0,-2.0,-2.0,-2.0,0.6162220688709019,-2.0,0.6174105704376733,0.6178996626258777,0.618323589159035,0.6186849658613722,0.6189862987424296,0.6192296577259444,0.6194173082504666,-2.0,0.6196294967559065,0.6196571272095622,0.6196335925602706,0.6195602096408341,0.6194355859118781,0.619261935888918,0.6190387811500685,-2.0,-2.0,-2.0,0.6176488496285188,0.6171748234687499,0.6166491989389016,0.6160709017864019,-2.0,-2.0,0.6140091056890878,-2.0,0.6123488863511547,0.6114283601626367,0.6104451317946562,-2.0,0.6082828508514669,-2.0,-2.0,-2.0,-2.0,-2.0,-2.0,-2.0,-2.0,-2.0,-2.0,-2.0,-2.0,-2.0,-2.0,-2.0,-2.0,-2.0,-2.0,-2.0,0.5671107722630021,-2.0,-2.0,-2.0,-2.0,0.5487198315023564,-2.0,-2.0,0.53539685671813,-2.0,-2.0,-2.0,-2.0,0.5085507009245929,0.5023841535884996,0.4959223896969191,0.48915156395551584,0.4820571760637412,-2.0,0.46683619407386495,-2.0,-2.0,0.44117374258445463,0.4317921869904732,0.4219641923316966,-2.0,0.4008836511990761,0.3895859422011652,-2.0,-2.0,-2.0,-2.0,0.324518898765441,-2.0,-2.0,0.2775881086762243,-2.0,-2.0,-2.0,-2.0,-2.0,0.1616810774892028,-2.0,0.1153123601070023,-2.0,-2.0,-2.0,0.008637625270949911,-0.0212641849009223,-2.0,-2.0,-2.0,-2.0,-0.1934204544044431,-2.0,-2.0,-2.0,-0.36290964789179025,-2.0
0.007316807143427192,-0.06318212840220384,-0.0577074197100213,-0.05201178357723837,-0.046047734663716484,-0.039815487369788224,-0.03345275066594135,-0.02679016518955988,-0.019813453651924478,-0.012693092716955717,-0.005256837676500137,0.002503284710153388,0.01042249141246379,0.01871515308963425,0.02723706818320473,0.03605997028495973,0.04519565138931124,0.05457422459425766,-2.0,0.0742636646804062,0.08456564790821725,0.09512945040796174,0.10597459468772442,-2.0,0.12852194729901872,0.14023448473550224,0.15219095143015834,0.164336410517977,0.1767797558016884,0.18948281919155807,0.2022629210732942,0.2152684824988938,0.22847039640180786,0.24183806761844645,0.25526559256912784,0.2687337232891344,0.282272375758618,0.29584697294211926,0.309419835155456,0.3229557028386648,0.3364180616089551,0.3497251337475596,0.36280929178416255,0.3757016141270564,0.3883692741443403,0.4007833582478672,0.4129214067147867,0.42476986013348333,0.4361701702986602,0.4470906879261585,0.45767067116464305,-2.0,0.4776629525866742,0.4868314840891579,0.49581242764619193,0.504063078160165,0.5120155447885586,-2.0,0.526537895963972,-2.0,0.5394838987855094,0.5450894033154657,-2.0,0.5558523847092947,-2.0,0.5651036149140595,-2.0,-2.0,0.5765501435061399,0.5801293798641858,-2.0,0.5864035674941975,0.5890536602619681,-2.0,0.5937195957959772,-2.0,-2.0,0.6003650853581898,0.6022053932266958,0.6038767857606188,0.6053963935217207,0.6067786719646233,0.608036002873903,0.6091791196909067,0.6102173276414559,-2.0,-2.0,0.6132316091183059,-2.0,-2.0,-2.0,0.6164092263672759,0.6170030634842218,0.6175255443224932,0.6179801812324036,-2.0,0.6186979632073004,0.6189661476977288,0.6191762109337446,0.6193303197422728,0.6194299882656584,0.6194763059249943,-2.0,-2.0,0.6193040721637236,0.6191447951562623,0.6189351962474425,0.6186752741359249,-2.0,0.6180038843838881,0.6175917435063162,0.6171279453016563,0.6166117863230954,0.6160424241749413,0.6154188756766442,0.6147400171058619,0.6140049770996078,0.6132111776152277,0.6123585591277593,-2.0,0.6104669385341217,0.6094249293191716,-2.0,-2.0,-2.0,-2.0,-2.0,-2.0,0.600110084618939,0.5984576137727884,-2.0,-2.0,0.5929446043307535,0.5909087743088484,-2.0,-2.0,-2.0,-2.0,-2.0,0.5762965660078183,-2.0,-2.0,-2.0,-2.0,0.5603790301322941,-2.0,-2.0,-2.0,-2.0,-2.0,-2.0,-2.0,0.5255222932698864,-2.0,0.514551663123499,-2.0,-2.0,-2.0,0.4892718985967507,-2.0,0.47474605600816283,0.4669590089165045,-2.0,-2.0,-2.0,-2.0,0.42209043194533646,0.4117955325868098,0.40101104972064405,-2.0,-2.0,-2.0,-2.0,-2.0,-2.0,-2.0,0.29409336040102013,0.2777195619298649,-2.0,0.2426047219478073,-2.0,-2.0,0.18343652658613924,0.1618144357974306,0.13916717115640698,-2.0,-2.0,0.06457761596791867,-2.0,-2.0,-0.02112914090971607,-2.0,-0.08525086324591091,-0.11960829607647183,-2.0,-2.0,-2.0,-0.27410855240958354,-2.0,-2.0,-0.4102805932865057
0.007108186171827296,-0.06647805865195537,-0.061069332304692386,-0.055536164893020205,-0.0497421985562023,-0.04367502377058753,-0.037399188272537534,-0.03092655580616,-0.024148925403261672,-0.017107303415155827,-0.009882965516848934,-0.00231809340667287,0.0054909196577716795,0.013547110861063078,0.021982834812785287,0.03055673399770047,0.039532076698473126,0.04871962981271759,0.05826010551850151,0.06804213115912429,0.07817288678656797,0.08852539759673063,0.09927152254365458,0.11016558901747674,0.12144519419943067,0.1329527115960756,0.14470681420724482,0.15679227630748963,0.1690526867900413,0.1815272774588445,0.19426769629744262,0.2072456370253566,-2.0,0.2334875656156447,0.24685397389334862,0.260344452351702,0.273925286748257,0.2874828150782382,-2.0,0.3145425203733519,0.3280124300999854,0.3413935498222008,0.3546482222008241,0.36774316102001275,0.380638944675549,-2.0,0.405455142505527,0.41740695232819336,0.42904598152728957,0.4403709562203366,-2.0,0.46162436332767565,0.471605505972834,0.48131303726923064,0.49031056364493336,-2.0,0.5072819837575223,0.5148497526318694,0.5223680514498428,0.529039150765971,0.535699002667426,-2.0,0.5472908829385551,0.552839002381731,-2.0,-2.0,0.5668231992044658,-2.0,-2.0,0.5779329885521394,0.5814669802135111,0.5846400291233321,0.587474624446507,-2.0,-2.0,0.5946340716085238,0.5969910679450289,0.5991457344688847,-2.0,0.602867829156492,-2.0,0.6059372500908217,0.6072659873471624,-2.0,0.609570516238544,0.6105659004130656,0.6115477274500267,-2.0,0.613551757392396,0.6144346472069347,0.6152280476982674,0.6159381674179509,0.6165697926543066,-2.0,0.6176138864493793,0.6180336044135073,0.6183890846001907,0.6186828520371309,0.6189171921872653,0.6190939401384619,0.6192141976891017,0.6192802322388916,0.6192921898369786,0.619251918995417,0.6191590126613373,0.6190148207902054,-2.0,0.6185726207924683,0.6182747803233046,-2.0,0.6175243167275557,0.6170709270922,0.6165645846432035,0.6160044864191261,-2.0,-2.0,0.6139914670469439,-2.0,-2.0,-2.0,-2.0,0.6094448050115079,-2.0,0.6071676392844192,-2.0,-2.0,-2.0,-2.0,-2.0,-2.0,0.5967764424078135,0.5949435833739528,0.5930128579157371,-2.0,-2.0,-2.0,0.5842259166757375,0.5817397891274868,0.5791276808024202,-2.0,0.573502939062526,-2.0,-2.0,-2.0,-2.0,-2.0,0.5529635982086344,-2.0,-2.0,0.5402651591182109,0.5356154881165595,-2.0,-2.0,-2.0,0.5146635079795353,-2.0,-2.0,0.4961567248435626,-2.0,-2.0,-2.0,0.4670774047468805,-2.0,0.45037313608340585,0.44141931593788875,-2.0,-2.0,-2.0,-2.0,0.3898375537108401,0.37800402615163187,0.365608225382221,-2.0,-2.0,-2.0,0.3098519152594151,-2.0,0.2778468568326734,-2.0,0.24273272836021814,0.22391680472255826,-2.0,0.18356548187791594,-2.0,-2.0,0.11557601750823931,-2.0,-2.0,0.03745145406676886,-2.0,-0.020998248189620816,-0.05231679831660618,-0.08511953636558467,-0.11947679928560107,-2.0,-0.19315275281440092,-0.2326293099241845,-0.27397640933962186,-2.0,-0.36264079398278337,-2.0
0.006905513520162323,-0.06967964314705234,-0.06440794307894257,-0.058959669039006644,-0.05333090896287696,-0.047436862592678805,-0.04126471523894358,-0.03494460925191973,-0.028360357632792443,-0.02146550303255355,-0.014376745901078946,-0.007027643244447366,0.0006679806042306487,0.008526935494434973,0.01672236544459976,0.025210538828166724,0.033930097238711085,0.04303248977333317,0.05230090976197606,-2.0,0.07184042278905606,0.08211020969765055,0.09254990606553316,0.10336393623405192,0.11442531142073509,0.12575023779740477,0.1374369163546784,0.14925280121346038,0.16137491582928395,0.17379903098725863,0.1863528758144944,0.19911779951021208,0.21211381877956245,0.22531227335297782,0.23858724857369779,0.25195240369422073,0.26543050113117744,0.2789874636356915,0.2925884771945231,0.30619779560121363,0.31974769056691027,0.3331516040791164,0.3464496141395088,0.35960372018829634,0.37257975516319075,0.3853445846499535,0.39787006642523337,0.4101293529815098,-2.0,0.4333895890263591,0.4444760659411619,0.45523948775436135,0.46561235599956147,0.475316870982909,0.48471529429048266,0.4937949970429077,0.5020958357382908,-2.0,0.5177261083298154,0.5250311551970928,0.5315759731130637,0.5381186176983798,0.5438067526238595,0.5495116746373865,0.5547755508347169,-2.0,0.5640561564816703,0.5684548337636052,-2.0,0.57577532835189,0.5793303848767042,0.5827418685441307,0.5857794497652712,0.5884970288195857,0.5909379925132893,0.5932045966220642,-2.0,0.5978455624119247,-2.0,0.6017941614110033,0.6034968605039416,0.6050434776875246,0.6064482872337796,0.6077247802104115,-2.0,0.6099351783276403,-2.0,0.6118933680721197,0.6129103006009331,-2.0,0.6146848615625291,0.6154380700321417,0.6161097080174993,0.6167032335425533,0.617223911213521,-2.0,0.618059448333401,0.6183801738841777,-2.0,0.6188394196063796,0.6189817220734453,0.6190678598353262,0.6190991285344358,-2.0,0.6190003195269732,0.6188717289401182,0.6186910429540291,0.6184579772007417,0.6181730291008259,0.6178358923601118,0.6174462604709757,0.6170036717860536,0.6165075127892469,0.6159570194490446,0.6153512847769452,0.6146892490796578,-2.0,0.6131918769333705,0.6123526347297396,-2.0,-2.0,0.6094573961892158,0.6083594881078331,0.6071915531369756,-2.0,0.6046358088875583,0.6032426889937289,0.6017689112899497,-2.0,-2.0,-2.0,0.5950025271198234,-2.0,0.591045830481914,0.5889099646156881,-2.0,0.5843004680524075,0.5818170171016145,0.5792074574307065,-2.0,0.5735874444443178,-2.0,0.5673923947490097,-2.0,-2.0,-2.0,0.5530597955580526,-2.0,0.5447995349718293,-2.0,-2.0,0.5308448147836137,0.525736709763059,-2.0,-2.0,-2.0,-2.0,-2.0,-2.0,-2.0,-2.0,0.46719150076239807,-2.0,-2.0,-2.0,-2.0,-2.0,-2.0,-2.0,-2.0,-2.0,0.3657288263528808,-2.0,0.3391439032687526,0.32489730122086663,-2.0,0.29434313944630947,-2.0,0.26082022601855265,-2.0,0.2240414343867062,0.20433310573251073,0.1836904568711854,0.162068944095754,-2.0,-2.0,0.09085690833772453,-2.0,-2.0,-2.0,-0.020871274194099954,-0.05218959096243847,-0.08499214389380827,-2.0,-2.0,-2.0,-0.23250119736456476,-2.0,-2.0,-2.0,-2.0
0.006708619586547219,-0.0727896979955017,-0.06766837651996108,-0.062305409446041536,-0.05681704171269703,-0.051091077553527556,-0.045095069870004265,-0.03884783064229597,-0.03245131324078972,-0.02575309721501882,-0.018741998808322464,-0.011602473448995858,-0.004126369290237743,0.0036503533969411642,0.011611961523534409,0.019948941106363544,0.028488353634326013,0.03735877775177841,0.04651213103151643,0.055940951555813974,0.0656890496489167,0.07570085538111272,0.08602049968302662,0.09664044006476712,0.1075031153136568,0.11875191854329362,0.13012600466134636,0.14185349208666995,0.15387338642666362,0.16603253346988434,0.17848764780904552,0.1912134786412743,0.2040477776720457,0.21706102343612138,0.2302671747296242,0.24363623337641496,0.25712878571025405,0.2706000236634313,0.2841329887049424,0.2976971984287625,0.31125605554078234,0.32477279201134907,0.3382109305268205,0.35153458597296805,0.3646400616973783,0.377494638235047,0.39011843580039385,0.4024817812487554,0.41456192051069257,0.42634524886466735,0.43777438834483046,0.4486459875959516,0.4591404402735763,0.4693267329827986,0.47907577848178406,0.48814639133356513,0.4970279143625691,0.5052996148662655,-2.0,-2.0,0.5275307918848536,-2.0,0.5403864836779735,0.5459730437018917,0.5516342998802101,-2.0,0.5611620228409856,-2.0,-2.0,0.5736745574860953,0.5771303686591891,0.5806951263674184,0.5839570032515778,-2.0,0.5894726055261174,0.5918159228877499,0.5940948928645349,0.5964582559511372,0.5986599073253205,0.6006514741249872,0.6024562025542507,-2.0,0.6055800300330213,0.6069298600921811,0.6081551983864201,0.6092665657622216,0.6102730842680812,0.6112309755431633,0.6122314261949577,-2.0,0.6141089150023111,0.6149076450275083,-2.0,0.6162531125442212,-2.0,0.6172934080075373,0.6177081473047594,0.6180571067421323,0.6183426517640813,0.618566999251785,0.6187320483859697,0.618839408735432,0.6188904238677431,0.6188861921884407,0.6188275828366797,0.6187152538735121,0.618549661686066,0.6183310739783794,-2.0,-2.0,0.6173577438219978,0.6169259899076767,-2.0,-2.0,0.6153035268813895,0.614650678644753,-2.0,0.6131687623484338,-2.0,0.6114439507053221,0.6104862214295463,0.6094624437612475,-2.0,-2.0,-2.0,0.6046630857011819,0.6032748229448196,-2.0,-2.0,-2.0,-2.0,-2.0,0.5931317578246825,-2.0,0.5889730685031027,-2.0,-2.0,-2.0,0.5792819104147164,-2.0,-2.0,-2.0,-2.0,-2.0,-2.0,0.5569938467163058,-2.0,-2.0,0.544894214287901,0.5404622443380891,-2.0,0.5309438739094751,0.5258370925020341,0.5204841683967216,-2.0,-2.0,-2.0,0.49637334913398695,-2.0,0.48251556198775003,-2.0,0.46730133330160245,-2.0,0.450600253898861,-2.0,-2.0,-2.0,-2.0,-2.0,-2.0,-2.0,-2.0,-2.0,0.3392614338632944,-2.0,-2.0,0.2944620062631989,-2.0,0.26093988438690513,0.2429767508386484,-2.0,0.20445382851914562,-2.0,-2.0,-2.0,0.11582375218103114,-2.0,-2.0,-2.0,0.009152813697129614,-2.0,-0.05206625416209876,-0.08486848504717204,-2.0,-2.0,-2.0,-2.0,-0.2737237419228947,-2.0,-2.0,-2.0
0.00651733960488242,-0.07581074501029912,-0.07083553537223077,-0.06562560053683134,-0.06020340392158686,-0.05464076005230069,-0.04881580801970754,-0.042716069429081356,-0.03642524913819602,-0.029917979196899962,-0.023104124392554177,-0.016046452921659224,-0.008783597386684662,-0.0011782325598911957,0.006647801092723306,0.014747180869450805,0.02320234215928686,0.03181941893768657,0.040842919716567685,0.05004848220045125,0.05963987150234285,0.0694398691557422,0.07962464214793737,0.08999487640028152,0.10077810372986024,0.11170957002852824,0.12300522761920021,0.13457386620138176,0.14634298951133254,0.15844179588843949,0.17076720284926206,0.18325349856631856,0.1960036590093668,0.20898990139542356,0.22208897013867807,0.23530346898351448,0.2486713329724979,0.26215924449025807,0.27573418757472673,0.28935370724238607,-2.0,0.31639711489349903,0.329847447952605,0.34320338568705444,0.3564277108136027,0.3694861884050888,0.38234673667072117,-2.0,0.4071680675309514,-2.0,0.43063211638131166,-2.0,0.4527999277003876,0.46310252395718277,0.4729873235659142,-2.0,0.4916301145007682,0.5001396528198464,0.5084646013769637,0.5159545900340485,0.5234268608050164,0.5300291579444193,0.5366680111604116,0.5425249174072302,-2.0,0.5536342432214009,0.5583476644330724,0.5629613375156218,0.5674989511203429,-2.0,-2.0,-2.0,0.581994544814277,0.5851150783226102,0.5879025141632787,0.5904026507572872,0.5926769028932466,0.5949903651943061,0.597319560227745,0.5994349615049054,0.6013494145110029,0.6030843421228893,0.6046580754487864,0.6060862133868161,0.6073821401581455,-2.0,-2.0,0.6105871946542414,-2.0,0.6125561513456982,-2.0,0.6143455708492361,0.615102614160224,0.6157756604110844,0.6163691303023605,-2.0,0.6173343749625331,0.6177129207911858,0.6180259305095073,0.6182758116531579,0.6184646331847268,0.6185941552574034,0.6186658558440323,0.6186809544097088,0.61864042912737,0.6185450349277963,0.6183953180089172,0.6181916265258234,0.6179341191767193,0.6176227800248225,0.6172574188666119,0.6168376812004821,0.6163637635716211,0.6158328538231025,-2.0,0.6146023016143989,0.6138998365144689,-2.0,0.6123143895694724,0.6114278680669426,0.6104770786256914,0.6094598694615467,0.6083741944232737,-2.0,-2.0,-2.0,0.603300257849919,0.601835849818911,0.6002872113782142,0.5986510917442442,0.5969240433787838,0.5951024220061365,-2.0,-2.0,0.5890305408141223,-2.0,-2.0,0.5819552652836838,0.5793510431086124,0.5766148821139874,-2.0,0.5707230887919749,0.5675548679604147,-2.0,0.5607399180117473,0.5570786153230449,0.5532377746341867,-2.0,0.5449842053874836,0.5405538151537457,-2.0,0.5310383770341308,0.5259329606470255,-2.0,0.5149720488283975,-2.0,0.5029318436232407,-2.0,-2.0,0.48261935284202073,0.4751905891285206,-2.0,0.4592517277685059,0.45070748482593986,0.441755910750008,-2.0,0.42255318642006334,0.4122607788127316,0.4014787350975615,0.3901838906348885,0.3783520494797753,-2.0,-2.0,0.33937497033132796,-2.0,-2.0,-2.0,0.27820471737159713,0.26105561032453833,-2.0,-2.0,-2.0,-2.0,-2.0,-2.0,-2.0,0.09109740480976047,0.06507522992396975,-2.0,0.009271880168034818,-0.02062885368602463,-2.0,-2.0,-2.0,-0.15509038785353568,-2.0,-2.0,-2.0,-2.0,-2.0,-0.4097732608793605
0.006331513506973245,-0.07874537362762445,-0.07391209053435552,-0.06885081698748588,-0.06355069336452429,-0.05808890728833781,-0.05243005536729227,-0.04650441609936893,-0.04029910056209694,-0.0339637384480977,-0.027344359358064996,-0.020412512138284253,-0.01330762174158204,-0.005919219074166459,0.0018177088986145685,0.00969377919720445,0.01793302815669535,0.026438894238385482,0.035204816078344345,0.04432484829010678,0.053642936053746794,0.06335790423135852,0.07325219593766864,0.08353931729064372,0.09403459034253248,0.1048654622118956,0.11598573072860754,-2.0,0.13902784873593102,0.15090669763670123,0.16304196206834198,0.17547772944511913,0.18809808021711802,0.2008728882169904,0.21387540712802072,0.22707792728641737,0.24042308361202877,0.25378900446289854,0.2672647118322442,0.2808156424250907,0.294406677700133,0.30800114590942823,0.32156369229120585,-2.0,0.34827699089130937,0.36140012063414956,0.3743386653376175,0.3870596059142431,0.39953440176682636,0.41174101414669934,0.4236121857672514,0.4349873715464024,0.44599700191400343,0.4566756879589311,0.4670281078936507,0.47670536881415887,0.48599622029467093,0.4950458613285621,0.5032982894613788,0.5113943472128328,0.5188310569829352,-2.0,-2.0,0.5390249180766944,0.5446564217216375,0.550357928582094,0.5555214138065702,0.5600939253211631,0.5647665469116573,0.5690876056752789,0.5728735477846583,0.5763205209775851,0.579877540593377,-2.0,0.5862187253672183,0.5888903262279109,0.5912891765700679,-2.0,0.5958891636697063,0.5981390907616934,0.6001719423151292,0.6020123063327409,-2.0,0.6051910930957192,-2.0,0.6078054122009107,-2.0,-2.0,0.6108916776238498,-2.0,-2.0,0.6137503097148628,-2.0,0.6152695477754788,0.6159024202129791,0.6164570592704351,0.6169376428080549,0.617347067220384,0.6176887870592305,0.6179653911435297,0.6181790627385673,-2.0,0.6184251569061934,0.6184603006997472,0.6184386247042223,-2.0,0.6182276864095411,-2.0,-2.0,0.617498861719271,0.6171463488210681,0.6167386986791699,0.6162754493248491,0.6157559757220424,0.6151794954466253,0.6145450704753981,0.613851609508549,0.6130978623260553,0.6122824343982812,0.611403771837831,0.6104601996762553,0.6094497555053309,-2.0,-2.0,0.6059970873949723,-2.0,0.6033191115609552,0.6018596241882265,-2.0,-2.0,0.5969611236073767,0.5951434959870441,-2.0,0.591208297186465,0.5890823841740447,-2.0,0.58449134426271,-2.0,0.5794152189609714,-2.0,-2.0,-2.0,0.5676287405863171,0.564305569346738,-2.0,0.557158742732822,-2.0,-2.0,0.545069696286341,0.5406409309433189,-2.0,-2.0,-2.0,-2.0,-2.0,0.5091884655924299,-2.0,-2.0,-2.0,-2.0,0.47529125980745585,-2.0,-2.0,-2.0,0.44185998568342355,-2.0,0.4226586809700601,-2.0,-2.0,-2.0,-2.0,-2.0,0.3530840059803941,-2.0,-2.0,0.3103180042773715,0.29468808528587936,0.27831631336475104,0.26116761610197764,-2.0,-2.0,0.20468377494560663,0.18404209955798007,-2.0,0.13977573689133493,-2.0,-2.0,-2.0,0.03793472787552432,-2.0,-0.020513172811046587,-2.0,-0.0846327717745482,-2.0,-2.0,-2.0,-2.0,-0.27348607902156064,-2.0,-2.0,-0.40965594201305944
0.006150985788580498,-0.081596064027151,-0.07690060278759879,-0.07198378238802781,-0.0668348425585148,-0.06144298820596872,-0.05594105505854215,-0.05018441247300887,-0.04415616191550363,-0.03789417940411797,-0.0314633062408005,-0.02472930273650699,-0.017702272479645315,-0.010524622658693394,-0.0030084330145721027,0.0047850795504367945,0.012789426322030102,0.021170956619580558,0.02972793479714304,0.03864560001461057,0.047816930611917614,0.057295803275514326,0.06706193173247567,0.07712720767573482,0.08746426358144693,0.09814090343088347,0.10902011722215035,0.12028678342109259,0.1317197299088206,0.14346195085137925,0.1555371181436161,0.16771828191062388,0.1801848384752852,0.19291966582688508,0.20582194893989336,0.21884159127636824,0.232051999197426,0.24542216843877573,0.2589199837150522,0.2724543912605692,0.28598076241028497,0.29953424792477573,0.313078172694192,0.32657495327661845,0.33998769570014087,0.35328110561616816,0.3664155461215345,0.37927055674419324,0.3918488403188413,0.4041601930825202,0.4161810517923547,0.42789804545489346,0.43930240266404946,0.4501772856678118,0.4605844681619874,0.4706743253468639,0.4804231801591584,0.4894319821589459,0.49819463371940703,-2.0,0.5141913975680131,0.5217180643793252,0.5284873207782201,0.5351277870342956,0.541234141040534,-2.0,0.5524262112088717,0.5573040744088461,0.5618613022142166,-2.0,-2.0,-2.0,0.5776616987140829,-2.0,0.584410080043683,0.5872699853124453,0.5898313502128592,0.592136552986361,0.5944129701542906,0.5967576726399985,-2.0,-2.0,-2.0,-2.0,-2.0,0.6070082349602477,-2.0,0.6092774970099708,0.6102501488426135,0.6111878948508279,-2.0,-2.0,0.6139730587100938,-2.0,-2.0,0.616000749394274,0.6165163176974144,0.6169585240755329,0.6173303721824284,0.6176349582882752,0.6178746429699506,-2.0,0.6181673722299201,0.6182236824519353,-2.0,-2.0,0.6180463376505119,-2.0,0.6176464561497171,0.6173629930480921,0.6170239812871131,-2.0,0.6161773078246687,0.6156689639023819,0.6151029725130303,0.6144784385538749,0.6137943090045493,0.6130493743248485,-2.0,0.611371473435708,0.6104353067385124,0.6094319327780944,-2.0,-2.0,-2.0,0.6047039412740032,-2.0,0.6018768505280873,0.6003377061973679,0.5987105948694695,0.5969920979750106,-2.0,0.5932662554839648,0.591251033607197,0.589128656227299,-2.0,-2.0,-2.0,-2.0,-2.0,-2.0,-2.0,0.5676976920982159,0.5643767707947047,-2.0,-2.0,0.5533970895368355,-2.0,0.5451506284152423,-2.0,0.5360813915796592,0.5312142474726315,0.526111687373412,0.5207627865796356,-2.0,-2.0,-2.0,-2.0,-2.0,-2.0,-2.0,0.46760603775309123,0.45945259648139286,0.4509100405795053,-2.0,-2.0,0.4227602866624838,-2.0,-2.0,-2.0,-2.0,0.36617138572665836,-2.0,-2.0,0.3253459974139172,0.31042492689328777,-2.0,-2.0,-2.0,0.24331390420949423,0.22449978717722952,-2.0,0.18415185291242636,0.1625316195067329,0.13988614611656514,0.11616690132015683,-2.0,0.06530145237853036,0.03804626249645893,0.009499119882018348,-2.0,-0.051718576538940186,-2.0,-2.0,-2.0,-2.0,-2.0,-2.0,-0.31667809107150835,-2.0,-0.40954202718688437
0.005975605379290422,-0.08439642328368525,-0.07980364087422706,-0.07502714299445362,-0.07002518312540128,-0.06478714522510776,-0.05935130163657855,-0.05375910149729283,-0.0479029169298862,-0.04177030038888547,-0.035464611316111325,-0.02892254386528527,-0.02207181037558198,-0.014998332280811549,-0.007696569671850538,-5.031909735276832e-05,0.007792595556392818,0.015935177773216527,0.02440763944654432,0.033071034878646384,0.04214285254359008,0.05136624854175913,0.06100904491190478,0.07082681993383007,0.081066131467423,0.09145386465628036,0.10225361453516468,0.11324338660264044,0.12455478924533168,0.13618532339259784,0.14796923911452167,0.16008079398494698,0.17247200155440373,0.18496963404082387,0.19772847251203693,0.2107215900887961,0.22389040438920177,0.2371083213262082,0.2504766937422595,0.2639620637646532,0.27753056502594864,0.2911474216204396,0.30474625625711066,0.31823819889883115,0.33166788655629803,0.3449977135818685,0.358190690184965,0.3712118169596942,0.3840283013860636,-2.0,0.40885889281361276,0.42069252398106005,0.4321959891244136,0.4433692898080884,-2.0,-2.0,0.4743420940995165,0.48386011412251967,0.4929176243339817,0.5013086810188888,0.5095874277929847,-2.0,0.5244285752987875,0.530983130251327,-2.0,0.5433413073107985,0.5490074820937371,-2.0,0.5590224899333051,0.5636515547173168,0.5681194564323208,0.5720260723861984,-2.0,0.5790174693302667,0.5824644380659543,-2.0,0.5882711513851936,-2.0,0.5929772530123788,0.595288530438237,0.5975834707962585,0.5996586963466523,-2.0,0.6032325600758608,-2.0,-2.0,0.6074245068215677,0.608565268432478,-2.0,0.610530374841258,-2.0,0.6124541354256885,0.6133586982425846,0.6141668744165031,-2.0,-2.0,0.6160702375273202,0.6165465559675538,0.6169500733775481,0.6172843626625315,0.6175508856658272,0.6177532446745483,0.617892589249201,-2.0,0.6179897201063344,-2.0,-2.0,0.6176958111072178,0.6174839421191652,0.6172150566181738,0.6168900717598716,0.6165077336331374,0.6160685760995204,0.6155717864359298,0.6150166799568098,0.614402405464113,0.6137279534941826,0.6129921527968761,0.6121936732838762,0.611331025830379,0.6104025622725491,0.6094064733204195,-2.0,0.6072033658099806,-2.0,-2.0,0.6033367883373477,-2.0,0.6003534889415612,0.5987311087809394,-2.0,-2.0,0.5932995652764123,-2.0,-2.0,-2.0,-2.0,0.5821230062188085,-2.0,0.5767995259190828,-2.0,-2.0,0.5677618983104991,0.5644432997265445,-2.0,0.5573049430561487,-2.0,0.549446878723008,-2.0,0.540801828649841,-2.0,-2.0,-2.0,0.5208472077478986,-2.0,-2.0,-2.0,-2.0,-2.0,-2.0,-2.0,-2.0,-2.0,-2.0,0.44205636798657744,-2.0,0.42285814911977415,-2.0,0.401787912481392,0.3904950039875548,0.3786650051802023,0.36627257756837744,0.3532911667516561,0.33969296468775806,0.3254488374856039,-2.0,0.29489928746588495,-2.0,-2.0,0.24341902622344264,0.22460531024256392,0.2048990572046392,0.18425810755595412,0.1626382180982927,-2.0,-2.0,0.09143061918162076,-2.0,-2.0,-2.0,-2.0,-2.0,-2.0,-0.11876727345424987,-0.15475146295221276,-2.0,-2.0,-0.27326259059485436,-2.0,-2.0,-2.0
0.005805225516094896,-0.08715897716800002,-0.08262381226412847,-0.07798336983595539,-0.0731242274860544,-0.06803566758900977,-0.06270688994267232,-0.057231693873234075,-0.05154253006819408,-0.04558491084169642,-0.039351328194334054,-0.032995942960216254,-0.02634086089476126,-0.019371596514604635,-0.012250657522094649,-0.004822570538984893,0.0029390911498979994,0.010849101021728938,0.01913256861597838,0.027655621317994906,0.03646872755546513,0.04560620729375019,0.05497391641856502,0.06470653373725961,0.07465374419437004,0.08495797011697245,0.09550935816890258,0.10635681500172348,0.11753653735052967,0.12889336024331777,0.14060882143853742,0.15255086339133928,0.1646992579440478,0.1771460800670861,0.18983356209260716,0.20261709598678349,0.2156266622648416,0.22883261389119858,0.242205272758719,0.255614792830841,0.2690874423686436,0.28263177770066494,-2.0,0.3097907190208776,0.3233331261377713,-2.0,0.350090080577101,0.3631805941971173,0.3760805912297949,0.38875649921670213,0.40117936654674563,0.41332682422560046,-2.0,0.4365634030109232,0.4474948580683453,0.4580862579069595,0.4683759986219779,0.47806725795930116,0.4872485653469448,-2.0,0.5044700903879594,-2.0,0.519902941582383,-2.0,-2.0,0.5398763179200537,0.5454671909997514,0.5511491420895293,0.5562131385219077,0.5607591444278681,0.5654218053215496,0.5696657874818175,0.5733851303101919,0.576816830595049,-2.0,0.5836642908616324,0.5865993691143425,0.5892240298033639,-2.0,0.5938229695319511,-2.0,0.5983678620196957,0.6003605153500452,-2.0,0.6037920222120982,0.6052676900804554,0.6066032416100302,0.6078111548742204,-2.0,-2.0,-2.0,0.6117544070666586,-2.0,0.6135675368358349,0.6143314189287171,-2.0,0.6155982728544582,-2.0,-2.0,0.6169116814535676,0.6172074402872783,0.6174357795974804,0.6176001338378789,-2.0,0.6177410056533578,0.6177212841823616,0.617642028634942,0.6175041681712126,-2.0,0.6170547577882682,0.6167439156857254,0.6163754335934817,0.6159490276296659,0.6154642377963803,-2.0,0.6143169584724109,-2.0,-2.0,-2.0,-2.0,-2.0,0.6093732807442278,-2.0,0.6071843642697892,0.6059789942034632,0.6046970724625951,-2.0,-2.0,0.6003629593143874,-2.0,-2.0,-2.0,-2.0,-2.0,0.5892047737181065,0.5869777842718871,-2.0,0.5821685389968555,0.5795760542514712,-2.0,-2.0,-2.0,0.5678213684445629,-2.0,0.5610242697825009,-2.0,-2.0,-2.0,-2.0,-2.0,-2.0,-2.0,-2.0,0.5209275222176164,-2.0,0.5094497094263353,0.5032933313596347,-2.0,-2.0,-2.0,0.47556933844088983,0.4677895128165896,0.45963794831608923,0.45109718326922127,0.44214892012453144,0.43277399237572783,-2.0,0.4126628482202549,0.4018835464536361,-2.0,-2.0,0.36637016829501573,0.35338935108064934,-2.0,0.32554812746710277,0.31062807276669707,0.2949995844147458,0.2786291807145651,-2.0,0.2435207343126588,-2.0,0.20500149378214994,0.18436091745751088,0.16274137882344764,0.14009656673178006,0.11637796193385108,-2.0,-2.0,0.03825906080207153,-2.0,-0.020187310236963185,-0.05150425784445878,-2.0,-0.11866135053679605,-0.1546453599738693,-0.19233463849381116,-0.23180996055733272,-0.2731558779668394,-0.3164609816575692,-0.3618180529477535,-0.4093242703809892
0.005639703620576279,-0.08984272101725288,-0.08542473341640401,-0.08085526247640787,-0.07613465302682369,-0.07119124272346138,-0.06601460090672151,-0.06060487014759668,-0.05507807163935348,-0.04929044483945442,-0.04322965524418894,-0.036952989234536895,-0.030487615682222913,-0.023717299082415245,-0.016674541783797268,-0.009458379473028088,-0.001901723741260674,0.005908432431901743,0.01395555908794875,0.022382412540272463,0.030956808662428927,0.03992250106985788,0.049111657239046196,0.05864104583379432,0.06842464865348061,0.07854390232770825,0.08889814118079536,0.09963200398880678,0.1105278994599969,0.12180997555855942,0.13330384460938136,0.1450605588037129,0.15714884256010786,0.16939459892047196,0.18187184812419335,0.19461566027575194,0.20758607437667503,0.22061254127903904,0.23382645613166422,0.2471970253458946,0.260691841258621,0.27427660000841336,0.28781684457873685,0.3013588818952549,0.31488661122821654,0.32836255777158374,0.3417499101106925,0.3550112894719153,0.36811375541402314,0.38100596591486935,0.3935616172719084,0.4058198177754718,0.4177803580473366,0.4294281409058445,0.44076283246223363,-2.0,0.4620040068039302,0.4719960897891718,-2.0,0.4906894106885394,0.4993309206822369,0.507657868383942,0.5152300941892749,0.5227380632603944,0.5294085532018906,0.5360508728258995,-2.0,-2.0,0.5531638886143734,0.5579495572336884,-2.0,0.5670981313763461,-2.0,-2.0,0.5781445456822784,0.5816540484284246,0.5848051356559333,-2.0,0.590130303882047,-2.0,0.5946731217287277,0.5969929954313719,-2.0,-2.0,0.6027541148247713,0.6043182592265789,0.6057331539467155,-2.0,0.6081682282340045,-2.0,-2.0,0.611064045075989,-2.0,0.6129341231132277,0.6137465804598375,0.6144663071456222,0.6150987706943382,-2.0,0.616120407877753,0.6165172506365126,0.616842551573997,0.6170989639260261,0.6172888058577597,-2.0,0.6174763287720849,0.6174773509572208,-2.0,0.6172977545312945,0.6171190791641643,0.616881783242905,0.6165859598564001,0.6162315803055999,-2.0,0.6153461002133338,0.6148140221648227,-2.0,0.613567441135036,0.6128509306959415,0.6120706573125405,0.6112252025823112,0.6103129834397774,-2.0,-2.0,-2.0,-2.0,-2.0,-2.0,-2.0,-2.0,-2.0,0.5970490564480672,0.5952487651764852,0.5933489692751469,-2.0,-2.0,0.5870112949344889,0.5846710573737315,0.5822089015447023,-2.0,-2.0,-2.0,-2.0,0.5678761126712019,-2.0,0.561083839470578,-2.0,-2.0,0.5495831718844016,0.5453672828853489,0.5409455411367585,0.5363084867305461,0.5314461962398858,0.5263482559290003,0.5210037582145561,0.5154012585132293,0.5095287600471565,0.5033736882744463,-2.0,0.4901624641978145,-2.0,0.47565434583082195,0.46787555021264365,0.4597249668536368,0.45118513717689174,0.44223776718488794,0.43286369061750035,0.42304282408730354,0.41275413207776823,0.4019755679304208,-2.0,0.37885537081613907,0.36646420424924425,-2.0,-2.0,0.3256439143704299,0.3107243925279988,-2.0,0.27872648641767506,0.26157955417501505,0.2436188741409014,0.22480596302985123,0.20510051985307398,0.18446032260753148,0.16284115204551286,0.140196687276553,0.11647841461173003,-2.0,-2.0,-2.0,-2.0,-2.0,-0.05140211766160663,-0.08420313475263441,-0.11855873053921184,-2.0,-0.19223160504247971,-2.0,-2.0,-2.0,-0.361714268807667,-0.4092203026526088
0.005478901179593939,-0.09244963082891873,-0.08815776493677256,-0.08366333197170676,-0.07905885143069945,-0.07425669557891569,-0.06922773324216965,-0.06396133869786354,-0.05851252662806404,-0.0528899596200633,-0.047002200568455346,-0.04083640713937979,-0.03451585350175179,-0.027938284471354942,-0.021051119368096897,-0.013961656516551912,-0.006620616369468967,0.0010668884712345817,0.008926545364206962,0.017112994642165293,0.025602453764024653,0.03431224913360138,0.04341642728820735,0.05267411547422036,0.06236868828088521,0.07220414324992094,0.08247587733389686,0.09290350440153552,0.10371970624485567,0.11476809974716524,0.1260949969020439,0.13778272981273743,0.14958584945735728,0.1617107160891535,0.1741376180871782,0.18667660004588862,0.19944421465799309,0.21244310983928394,0.2256450610600898,0.23890317374661765,0.2522716523432705,0.2657539596973966,0.27931515085457315,0.29292084748865677,0.3065352216153282,0.3200666046600256,0.3334748005309722,-2.0,0.359938284127084,0.3729208225454686,0.385692319827136,-2.0,0.4104845430997958,-2.0,-2.0,0.44483388529006745,0.455606610621757,0.4659670485512033,0.47567090558506003,0.48507986560958405,0.49414750403282015,0.5024477119914273,0.5106517159866708,-2.0,0.5253742554252282,-2.0,0.5384391240412617,0.5441194524600227,0.5498001690362028,0.5550617000119284,0.5596550277826402,0.5642974814879841,0.568685138361038,0.5725220214653501,0.5759653186325556,-2.0,0.5828767216868498,0.585890015904866,-2.0,0.5909915696594031,0.5932204615909128,-2.0,0.5977828881437405,0.5998162531932172,-2.0,-2.0,0.6048113302917115,0.6061671535922557,0.6073916233583458,0.6084958023706454,0.6094894154642088,-2.0,-2.0,0.6122650115063459,0.6131287975724474,0.6138955468460195,0.6145711866052641,-2.0,-2.0,0.6160998997323883,0.616456699703043,0.6167420030811673,0.6169588265439265,0.617109158517193,0.6171948123322365,0.6172172868125112,0.6171778014978775,-2.0,0.6169165105971725,-2.0,-2.0,-2.0,-2.0,-2.0,0.6146973316821606,0.6141162222800292,0.6134730266418179,0.6127667027461899,-2.0,0.6111596527754745,0.6102559986742073,0.6092833577998797,0.6082398448629045,0.6071234007335176,0.6059317953429726,-2.0,0.6033132829415128,0.6018810148109887,-2.0,0.5987556390933002,-2.0,-2.0,0.5933650913394478,-2.0,0.5892589639997823,0.5870394886876595,0.5847028779602155,0.5822441684429432,-2.0,0.5769392617714022,-2.0,0.57107955550385,0.5679262202806835,0.5646150294558372,-2.0,-2.0,0.5536618104264553,-2.0,-2.0,-2.0,-2.0,-2.0,0.5264189686672605,-2.0,-2.0,-2.0,-2.0,0.49700066652055813,0.49024149624032265,-2.0,-2.0,0.4679579225222294,0.45980834918798047,-2.0,0.44232303247815374,0.4329498334061547,0.42312980281551504,0.41284190636690654,0.4020641038134831,0.39077330649589365,0.3789453228144254,0.36655481633242565,-2.0,0.33997878757624117,0.3257363295829329,-2.0,0.29518989107582444,0.2788204652269386,0.2616740137498111,-2.0,-2.0,-2.0,0.18455666623504235,0.16293767386496516,-2.0,-2.0,-2.0,0.06571262403756262,-2.0,-2.0,-2.0,-0.05130315469508029,-0.08410392331995864,-0.1184592876260876,-2.0,-0.192131718308296,-2.0,-2.0,-2.0,-2.0,-2.0
0.005322683629372804,-0.09498200289601555,-0.09081269558168208,-0.08644649466130756,-0.08189974078801895,-0.07723445330689059,-0.07234899957973616,-0.06723283229492744,-0.06187522959146241,-0.05638671526183706,-0.05066689204697959,-0.044677034581698596,-0.03842900866077606,-0.03203944998731529,-0.025348448615446943,-0.018341480493639522,-0.011204394616832107,-0.003736485871040098,0.004041354940415615,0.011994208261176954,0.020322238641170033,0.028862440939193674,0.03772298087091671,0.04687772935374924,0.05629577108287773,0.06604557438354988,0.07604618601263266,0.08636731539925632,0.09697548051114753,0.10783919998532694,0.11907896013081305,0.13045114615708514,0.14218065618295425,0.15418657014109238,0.16634763836423178,0.1788051377814369,-2.0,0.2043522922969127,0.21736778534354562,0.23057756288177264,0.2439499110839244,0.2574304419814606,0.270899542387062,0.28443614399334355,0.29800434123827063,0.3115678035116781,-2.0,0.33853220349925894,0.351856889949832,0.3649461405803822,0.37780653553361043,0.39043625337685584,0.402805998292048,0.41489298649452394,0.4266837032478316,0.4381018954245183,0.448969916728929,-2.0,0.46966728636304356,0.47939865495773765,0.488473302938555,0.4973636070612783,0.5056121066757553,-2.0,0.5209407302313133,-2.0,-2.0,0.5406741711159067,0.5462398019023346,0.5518859517833576,0.5568513601748748,0.5613824023709473,0.5660222159650437,0.5701886955566112,-2.0,-2.0,0.5808001413053867,0.5840384276034526,-2.0,-2.0,-2.0,0.5940458588009511,0.5963675007197843,0.5985310987208893,-2.0,0.602243311241245,-2.0,0.6052717993200101,0.6065697440768948,0.6077402746006525,0.6087939516693857,-2.0,-2.0,0.6115597035216137,-2.0,0.6132928570293612,-2.0,0.6146455758814392,0.6151923799087298,-2.0,0.6160482186450149,0.6163641439608984,0.6166092245532963,0.616785983041449,0.6168958945768214,0.6169411329141192,0.6169228839966554,0.6168422262373555,-2.0,-2.0,0.6162327940290276,0.6159083423428318,-2.0,0.6150773757642951,0.6145701382519014,0.6140009385936483,-2.0,0.6126732036333292,-2.0,0.6110855224592882,0.610191218307568,0.6092264881406153,0.6081908983513566,0.6070819467036381,0.6058974279670929,0.6046349580590276,0.6032919719183263,-2.0,0.6003532542093049,-2.0,0.5970569423233465,0.5952662091525655,0.5933754804475166,0.5913807749484319,0.5892778807903725,-2.0,0.5847294827957498,-2.0,0.5796916747471,0.576976018416605,-2.0,0.5711222729758719,0.5679717037447777,0.5646631371234746,0.5611895194057392,0.5575434245953963,-2.0,-2.0,0.5454903992802467,-2.0,0.5364391149453516,0.5315803120326164,0.5264856980557904,0.5211443654856104,-2.0,-2.0,-2.0,-2.0,-2.0,-2.0,-2.0,-2.0,-2.0,-2.0,0.4424047583112326,0.43303246234077714,-2.0,0.4129262172784619,0.4021491978535052,0.3908591471921972,-2.0,0.3666420493887394,0.35366312168516995,0.34006728698144634,-2.0,-2.0,-2.0,0.27891116636988234,0.26176519681400773,0.24380543468564403,0.22499340192945594,0.2052887938012279,0.18464972384201234,0.16303098599208476,0.14038724880887588,0.1166696693411412,-2.0,-2.0,0.038553571136785814,0.010007806441216016,-2.0,-2.0,-2.0,-0.11836295692612331,-0.15434629358607976,-0.19203493699686347,-2.0,-2.0,-2.0,-0.36151603376039,-2.0
0.0051709202428967555,-0.09744192207515583,-0.09339165959002418,-0.08915003105406631,-0.08470810608380354,-0.08012708112145327,-0.07538103304490344,-0.07041089054829901,-0.06520619995788382,-0.05978343442591807,-0.054226759595521354,-0.04840793714116433,-0.04231432000062546,-0.03602307835249386,-0.029522935476091226,-0.02271594876102499,-0.015657589650917226,-0.008402563962301449,-0.0008050845576773207,0.007021639540727411,0.015112046667188938,0.02356859396741594,0.03217610612116888,0.04119010452780456,0.05039632512619727,0.0599773900312214,0.06977827734221376,0.07995196909381053,0.09032318436825625,0.10110796810616855,0.11202705747675522,0.12332430923961017,0.13487976619317849,0.14665039572793284,0.1587511854195112,0.17106212216694855,0.18355047101108096,0.19630276375288339,0.20929158106404946,0.22237438454806646,0.23559131967698962,0.24896174655453832,0.26245297950113383,0.2760314254330915,0.28964059769951483,0.30317198441594473,0.3166834077976263,0.33013731493128606,0.34349737298616634,0.35672692578712284,0.3697900335362244,-2.0,0.3952492943975605,0.40746140451289387,0.41935978508436994,0.4309381028049295,0.4421949094075242,0.45310804570656243,0.4633998609423917,0.4732923602529106,0.48292369964634557,0.49191944592257103,0.500437723644786,0.5087515848953528,0.516236866832867,0.5237017845499633,0.5302951435465744,0.5369183951981116,0.5427739554551929,-2.0,0.5538475908927023,0.558549116873844,-2.0,0.5676530344206003,0.5716127735672119,-2.0,-2.0,0.5820472636578947,0.5851418065668845,0.5879003599840378,-2.0,0.5926055923334804,0.5948745957973794,-2.0,0.5992385949943186,-2.0,0.6027986355735052,0.6043235148387813,0.6056998670043374,0.6069410851013693,-2.0,-2.0,0.609962806047737,0.610856637057561,0.6117877670517069,0.6126566809373927,0.6134259188928303,0.6141015725614297,0.6146889453785475,0.6151926544583527,0.6156167096412645,-2.0,0.6162392757924784,0.6164434414717403,0.6165789848785411,0.6166481933611526,0.6166519402445361,-2.0,-2.0,0.6162839090027217,-2.0,-2.0,0.6153582142167799,0.614926292598711,0.6144325146863717,0.6138753792584204,0.6132550440268809,0.6125702571439325,0.6118198965550085,0.6110026644105092,0.610117782169433,-2.0,0.6081341388224983,0.6070329451808253,0.6058557644979375,0.6046002427121453,0.6032638204069745,0.6018437882591672,0.6003372182064987,-2.0,0.5970517854754609,0.5952660731067917,0.5933801071507074,-2.0,0.58929131506254,-2.0,-2.0,0.5822993783721789,0.5797202132430407,-2.0,-2.0,-2.0,-2.0,-2.0,0.5612356678257335,0.5575920269623845,0.553767998493397,-2.0,-2.0,0.5411297954919264,-2.0,0.5316413451021819,0.5265484706720085,0.5212087948664965,0.5156108885197509,0.5097427668459404,-2.0,-2.0,-2.0,-2.0,-2.0,-2.0,-2.0,-2.0,-2.0,-2.0,0.4232933375074359,0.41300710799345997,-2.0,-2.0,-2.0,-2.0,-2.0,-2.0,-2.0,-2.0,-2.0,0.2789986385601504,0.26185317576355177,-2.0,-2.0,-2.0,0.18473920791795911,0.1631211512866375,0.14047779381498626,0.11676057683254593,0.09191868600481823,-2.0,-2.0,0.010100004219424363,-0.019798651248252863,-2.0,-0.08391481454225236,-0.11826968713976094,-0.15425278501079842,-0.19194120266941272,-2.0,-0.27276080869470354,-0.3160651572064076,-2.0,-2.0
0.005023484020512821,-0.09983161928458852,-0.09589689607789748,-0.09177638854799879,-0.08746117552737176,-0.08294229839673152,-0.07832629406282852,-0.07349809012317295,-0.0684419472019201,-0.06314695789927541,-0.05768498795016898,-0.05203207066864991,-0.046112461371005775,-0.039913209817931096,-0.03357798770054019,-0.026965377121963074,-0.020040434827971843,-0.012935270229035081,-0.005554413442891165,0.002174631147198327,0.010050768780720509,0.018281358405984872,0.026787760241868398,0.03554447683486104,0.04466546681671402,0.05397312462817707,0.06368948315924663,0.07357285801984245,0.08386115981372479,0.09434478773717271,0.10517682001800772,0.11628493968417693,0.1276268279104432,0.13932952922629765,0.15119456965198352,0.16333140785538128,0.17576903001569474,0.1883744600909869,0.2011509419360149,0.21415582454879986,0.2273604093177381,0.24068889406493837,0.25405697530182675,0.26753550281131244,0.2810891281339123,-2.0,-2.0,0.32184636874554534,0.33526903154548887,0.348544335703251,0.3616713254324148,0.3746140686778457,0.3873395555258687,0.3998192675531105,0.41203118889111223,0.42388938475272603,0.4352610626563702,0.44627652870857426,0.456961039173476,0.46730894231907216,0.4769744779763315,-2.0,-2.0,0.5035573972609504,0.5116584147332363,0.5190723705430519,0.52626459564573,0.5327861153198749,0.5392425212417084,0.5448597438899327,0.5505382066821651,0.55569485881808,0.5602457412669143,0.5648900748819197,0.5691959769040208,-2.0,0.576379571203393,0.5799019099069448,0.5832309992952642,0.5861896154256804,0.5888297639727217,-2.0,0.5934056297563727,-2.0,-2.0,0.5999062199511702,0.6017002607883826,0.6033188213981862,0.6047792712034283,0.6060957266234396,0.6072812739854503,-2.0,-2.0,-2.0,0.6110724692558117,0.611985420150036,-2.0,-2.0,0.614157741324654,0.6147007928653949,-2.0,0.6155425491016523,0.6158483301190034,-2.0,0.616243606235796,0.6163374356119733,0.6163645331676257,0.6163261827490154,0.6162238351842725,0.6160571516907211,-2.0,0.6155358515314053,-2.0,-2.0,0.614283375825322,0.6137394009918495,0.6131315247261436,0.6124577579326619,-2.0,0.6109110063637163,0.6100349702570043,0.6090884078197236,-2.0,-2.0,-2.0,-2.0,-2.0,-2.0,0.6003147643723977,-2.0,-2.0,0.5952600597598001,0.5933790156648205,0.5913935065614235,0.5892993255170837,0.5870920721575752,0.5847670678871233,-2.0,0.579743822054597,-2.0,0.5741868761655825,-2.0,-2.0,-2.0,-2.0,0.5576363405292097,0.5538147208701202,0.549804422635896,0.5455968717040953,0.541183068789781,0.5365535730815827,-2.0,-2.0,-2.0,0.5156731490241557,-2.0,-2.0,0.49721170644883256,-2.0,0.4833772326006319,-2.0,-2.0,-2.0,-2.0,0.4425578413581339,-2.0,-2.0,-2.0,-2.0,0.39102083982127783,0.37919512521358467,-2.0,-2.0,-2.0,-2.0,-2.0,0.29545085657348574,-2.0,-2.0,0.24397927843889028,0.22516817653668253,-2.0,0.1848259028440457,0.16320830128285702,0.14056533513401004,-2.0,-2.0,0.06598750924513663,0.03873440377974091,-2.0,-2.0,-2.0,-2.0,-0.1181793404201471,-0.15416215755592555,-0.19185037666993776,-0.2313246369801123,-2.0,-2.0,-0.36132984800845813,-0.4088351919566895
0.004880251583654429,-0.10215295848679273,-0.09833051865110445,-0.09432761590269398,-0.09013567432084454,-0.08574571261912406,-0.08118755908402674,-0.0764970987018585,-0.07158520683631497,-0.0664412574370435,-0.06105453577406868,-0.05555279020264982,-0.04980195117603803,-0.0437797068154745,-0.03751736184749233,-0.03109335169140968,-0.024365844249954628,-0.017338253389123023,-0.010168402914956897,-0.0026598879804744157,0.005134478678018561,0.013129838023512102,0.02150301657214861,0.03006037239166596,0.038968594763553716,0.04814043808042572,0.05760924103308566,0.06737602627427566,0.0774304853540942,0.08776840803582299,0.09843365079835172,0.10931322330269373,0.12058111098159893,0.1320012536997115,0.14374441398282134,0.15581406907846904,0.16798818869041307,0.1804557793370094,0.1931924674929108,0.20607936986841294,0.21910044780197063,-2.0,0.24568480566167544,0.25918491432765595,0.27270181059317045,0.28623061658475535,0.29978631038816467,0.31333245855559905,0.32683212051282673,0.34024831588644733,0.35354560888696174,0.36667500587298496,0.3795172585858839,0.39209966110339306,-2.0,0.4164402661402786,0.42816144253121763,0.4395654579441866,0.4504240499386032,0.4608360445111103,0.4709315575667807,0.4806689997449491,0.48967104652283566,0.4984401356410171,-2.0,0.51441819424578,0.5219254428699883,0.5286945200983342,0.5353100194579854,-2.0,0.5469743609785264,0.5525684582564001,-2.0,0.5619633237822131,0.5665676925635759,-2.0,-2.0,0.5776650948073815,-2.0,0.5843542345845952,-2.0,0.5897110811146098,-2.0,0.5942091562244177,0.5965092689644812,0.5986273950136403,0.600534782356641,0.6022541028672392,-2.0,0.6052013773703723,-2.0,0.6075902949487182,-2.0,-2.0,0.6103736249280878,-2.0,0.6121509921300106,0.6129223204851989,-2.0,0.614181976392814,0.6146805030738686,0.6150971234151733,-2.0,0.6156984858976294,-2.0,0.616008794824706,0.6160601111441635,0.6160443826632377,0.6159626627250901,0.615816032858929,0.6156051062481546,0.6153303668665758,0.6149918039455959,-2.0,-2.0,-2.0,-2.0,0.6123355090305798,0.6116070108651513,0.6108103836616574,0.6099442418196179,0.6090070155093389,0.6079969528246446,-2.0,-2.0,-2.0,-2.0,-2.0,0.6002858292128908,-2.0,0.5970232853914702,0.5952484889234404,0.5933721689009236,0.591391477950528,-2.0,-2.0,0.5847780972107544,-2.0,-2.0,0.5770571114758323,-2.0,0.5712224180573915,-2.0,-2.0,-2.0,0.5576763777347029,-2.0,-2.0,0.5456440085336871,0.541232347130432,0.5366053514189696,-2.0,-2.0,-2.0,-2.0,-2.0,-2.0,-2.0,0.49052093126324536,-2.0,-2.0,-2.0,-2.0,0.45157187049306563,0.442629365329813,-2.0,0.4234435168107027,-2.0,0.4023845348757812,-2.0,-2.0,0.36688419265758104,0.35390732773471073,-2.0,0.32607347970928796,-2.0,-2.0,0.27916434755198005,0.2620199325777384,-2.0,0.2252510382822709,0.20554777930763846,0.18490966872693954,-2.0,0.14064992456739522,-2.0,0.09209229744801506,0.0660732001297778,-2.0,0.010275591397825967,-0.019622467307907066,-0.050937804541713594,-2.0,-0.11809186314002451,-0.1540744646635832,-0.19176240650810794,-2.0,-2.0,-0.31588506379133174,-2.0,-0.4087461715482399
0.0047411030715949695,-0.10440794362914939,-0.10069457780487431,-0.09680591917017388,-0.09273363347837672,-0.08846890531398817,-0.08400286668174325,-0.07941033137529295,-0.07463856609652435,-0.06964160095046364,-0.06440855624914979,-0.0589727971594728,-0.053386168221732866,-0.04753576573006974,-0.041409053149336635,-0.03510334768958166,-0.028568061407905177,-0.021724173242085656,-0.01465033687975774,-0.007356119668373482,0.00028251415042904746,0.008125530461192592,0.016259723407245425,0.02473288386997819,0.03338681738980864,0.04244951591957918,0.05167298815508021,0.06130578953490062,0.07112377295851259,0.08135234570304951,0.09174031679767998,0.10254089758622405,0.11351854792444419,-2.0,0.1364482168061712,0.1482326203262321,0.16034542003539817,0.172722717386043,0.18522104313683824,0.19798126116515655,0.21097533078010167,-2.0,0.23734771496227275,0.2507174831464994,0.26420419501275555,0.27777460696738876,-2.0,0.304974493796736,0.3184678750496428,0.3318997211302327,0.3452319539735521,0.358427591084139,0.3714514505116818,0.38427130853387576,-2.0,-2.0,0.42092087625852176,0.4324280742025029,0.44360587110479677,0.4544678578767278,-2.0,0.47456377888449913,-2.0,0.49312165082882087,0.5015155735329446,-2.0,0.5172121719950603,0.5246082597471596,0.5311473453661756,0.5377307896590534,0.5434824249660645,0.5491182907083696,0.5544774358832538,0.5591075749511519,-2.0,-2.0,-2.0,0.575488422345367,0.5789640592038928,0.582382381622505,0.5854193899719625,-2.0,0.5905458095854247,0.5927539844298952,0.5950162302881816,0.5972675689083675,0.5992972999931337,0.6011249115204079,0.6027714980490768,0.6042549525742926,-2.0,0.606791144027099,0.6078680771596225,0.6088309406181737,0.6096942614818449,0.6105622636637408,-2.0,0.612284244041739,0.6130068502043665,0.6136349886239078,0.6141736625915073,-2.0,0.6149998539567549,0.615294552676303,0.6155142764806196,-2.0,0.6157380910698597,0.615745896111642,0.6156862166716492,0.6155601141624589,0.6153683720360064,0.6151115157486466,0.6147898298172518,0.6144033642259711,0.6139519555506551,-2.0,0.6128526012313286,-2.0,-2.0,0.6107006234537443,0.6098447456013103,0.6089172008172098,-2.0,0.6068400712549833,0.6056867514436084,0.6044533113269681,0.6031380218458914,0.6017379830174495,-2.0,0.5986720456937847,-2.0,-2.0,0.5933595248973804,0.591383822485078,-2.0,-2.0,-2.0,0.5823442050501842,0.5797762065643488,-2.0,-2.0,0.5712465502063341,-2.0,-2.0,-2.0,-2.0,-2.0,-2.0,-2.0,0.5412776514952167,-2.0,-2.0,-2.0,-2.0,0.5157865520696197,-2.0,-2.0,0.4973343874456248,-2.0,0.48350503533794853,0.4760885704097955,0.46831664292053216,0.46017260757105066,0.4516390365634078,-2.0,0.4333291946837096,0.42351373798371583,-2.0,0.40245655914362033,0.3911697268536382,0.3793455281866003,-2.0,0.3539824942681586,-2.0,-2.0,0.3112340019500763,-2.0,0.27924268379523587,-2.0,0.2441410644704371,0.2253310958436482,0.2056281673304885,0.18499051255731697,-2.0,-2.0,0.11701555290844645,-2.0,0.06615602622255812,-2.0,0.010359089991840542,-2.0,-0.050853692359537184,-0.08365311716237656,-2.0,-0.1539895381645604,-2.0,-0.2311510262834111,-2.0,-0.31579921066159045,-0.36115496193892005,-2.0
0.004605922041145104,-0.10663944150854543,-0.10299099691968858,-0.09921335614471542,-0.09525733910798534,-0.09111444060884043,-0.08677582165812892,-0.08224030244021509,-0.07760477238011698,-0.07275037681618271,-0.0676666511423174,-0.06234290084230683,-0.056867865493062025,-0.05118434773226314,-0.0452326240952094,-0.038999966145901246,-0.03264997744824798,-0.026001176798426076,-0.019038897339280037,-0.011918068389982543,-0.004497550220747765,0.003264617178349848,0.011166454739416206,0.019441393121982127,0.027964531734491704,0.03676855003535575,0.04590634961294438,0.05526420682887273,0.06499724628285032,0.07493386986455176,0.08523851726123295,0.095778587009007,0.1066263971920289,0.11779407841598467,0.12915112749939306,0.14086724218120825,0.15279593675119177,0.1649447783948137,0.17739238153139592,0.19006554662834343,0.20284916032672512,0.21585942316624412,0.2290667132597824,0.24244070907755644,0.25583335022890963,0.26930748980218894,0.28285234217592936,0.2964336429939806,0.3100146217042457,0.3235588870040907,0.33702544117689387,-2.0,0.36339049046764976,0.3762925657944859,0.38897107892409943,0.40139648140540113,0.41354653551810194,0.42539889982332557,0.43676364846202137,0.44769804146918635,0.45829250990554027,0.46858334689456527,-2.0,0.4874383517609416,0.49642146908927937,0.5046381617620218,0.5126094177625099,0.5200481539057292,-2.0,0.5336358313287226,-2.0,0.5455623306434635,-2.0,-2.0,0.5607938274360199,0.5654274587509379,-2.0,0.5733482623030094,0.5767455783738931,0.5802594761389966,0.5835265976356859,0.5864289391058999,-2.0,-2.0,0.5935313887420443,-2.0,0.5979825048395433,0.5999268828815587,0.6016771649502748,0.6032530696363746,0.604671418395694,0.6059465631703639,0.6070907154149046,0.6081144947583881,-2.0,-2.0,0.6107387642073576,0.6116113523562849,0.6123843993736438,-2.0,-2.0,-2.0,0.6145405924214822,0.6148685120895933,0.6151189981111481,0.6152946998828734,-2.0,-2.0,0.6153936079040695,-2.0,0.6151172037799005,0.6148790561479913,-2.0,0.6142048235873921,0.6137688018419035,0.6132665168305778,0.6126974590277917,0.6120609166841339,0.6113559796175764,0.6105815441882586,0.6097363177877471,0.608818810975009,0.6078273584013238,0.6067600969662634,0.6056149785437355,-2.0,0.6030820190896794,0.6016891175942499,-2.0,-2.0,-2.0,-2.0,-2.0,-2.0,-2.0,-2.0,0.5847845274126771,-2.0,-2.0,-2.0,-2.0,0.5712660543198537,-2.0,0.5648365648828673,0.5613766893268409,-2.0,-2.0,0.5499267711211748,-2.0,0.5413190017544318,-2.0,0.5318467288377909,-2.0,-2.0,-2.0,-2.0,0.5038314048821252,-2.0,0.4906394453618511,0.4835639566760629,-2.0,0.4683781655576739,0.46023534085571155,-2.0,-2.0,0.43339522943433434,0.42358077179141396,0.41329820084445246,0.40252545553592767,0.39123948825855354,-2.0,0.3670300037011664,0.35405462145388394,0.34046216659204015,0.3262235211690931,0.31130818123337606,-2.0,-2.0,-2.0,-2.0,0.22540796147589404,-2.0,0.1850684903250978,-2.0,0.140810466621485,-2.0,0.09225440900993431,0.06623604227049007,0.03898396766736323,-2.0,-0.01945762640468729,-0.050772356774919314,-2.0,-2.0,-2.0,-0.19159479061056373,-2.0,-0.27241258223607334,-2.0,-0.3610716159694787,-0.408576368667263
0.00447459536921003,-0.10882332641533722,-0.10522915317096611,-0.10155196840864542,-0.09770891750504009,-0.0936842817705681,-0.08946952602307882,-0.085055522913618,-0.08048607890838205,-0.07577030997412591,-0.07083176533420628,-0.06565994050343316,-0.06025006630050975,-0.05472879924133082,-0.04894692866165063,-0.042891902309727156,-0.03661499920195001,-0.030156484329122116,-0.023392699444395166,-0.016349821192856377,-0.009141027762930737,-0.0015918132391020533,0.006218426701334813,0.014257257797326598,0.022675826708331237,0.031249900361683538,0.04020646489826333,0.04939523322994349,0.05891533245523269,0.06869894546570189,0.07880749021374568,0.08916168946824173,0.09988429242012722,0.11078004072683102,0.12206247743955578,0.1335437546223798,0.14530045098352581,0.15738939478052255,0.169621018289576,0.1820987624618092,0.19484308866934047,0.2077988620976653,0.22082542927961435,0.2340398196289119,0.24741069662217727,0.2609063788680873,0.2744863547261064,0.2880145926686434,0.3015579773881656,0.3150860644432658,0.3285631215064365,0.3419513838078865,0.35521460907187374,0.36831837506977344,0.3812007538421381,0.39374742330670176,0.40600707441665157,0.4179692057932904,0.42961943465802954,0.4409565221170663,-2.0,0.4621765732226027,0.47217121355907254,0.48187401247645123,0.4908421379967268,0.49948655022810434,-2.0,0.515361897655721,0.5228527681243509,0.5295151377183279,0.5361339672745029,-2.0,0.5476713202858232,0.5531966410073704,-2.0,0.5625015755412164,0.5670577915533481,0.5710689067788108,-2.0,-2.0,0.5814914658356947,0.5846104121038029,-2.0,-2.0,0.5920889202382137,0.5943122920398446,0.5965839479907192,0.5986548273212986,0.6005168205234025,0.6021921438591074,-2.0,-2.0,0.606269543374115,-2.0,0.6083293654328655,0.6091920717775909,0.610027975949138,0.6109022557031335,0.6117283685594326,0.6124511777148597,0.6130768868313308,0.6136104008162167,0.6140566536081787,0.61441946408995,0.6147022244583561,0.614907827726389,0.6150387331498305,0.6150969907800565,0.6150842933171125,0.6150019970834295,-2.0,0.6146325154003682,0.6143465905547026,0.6139936211674591,0.6135736156505014,0.6130863556118947,0.6125314061423599,0.6119081211745417,0.6112156525462831,0.610452952123055,0.6096187765822523,0.608711692631216,0.607730058836147,0.6066720671354943,-2.0,-2.0,-2.0,-2.0,-2.0,0.598594130283063,0.596934235655607,-2.0,-2.0,-2.0,0.5892765289547679,0.5870875452221985,0.5847798804074802,-2.0,-2.0,0.5770946620283408,0.5742607377715205,-2.0,0.568148893134675,-2.0,0.5614010915226556,-2.0,0.5539597399790012,-2.0,-2.0,0.541356415828836,0.536735466597762,-2.0,0.5268052404208969,-2.0,0.5158853264301237,-2.0,0.5038823939143834,0.4974430194292793,-2.0,-2.0,-2.0,0.46843637844772007,-2.0,-2.0,-2.0,-2.0,-2.0,-2.0,0.40259126223673136,-2.0,0.3794836664198665,-2.0,-2.0,-2.0,0.3262941005432413,-2.0,-2.0,-2.0,-2.0,-2.0,0.22548213357614777,-2.0,-2.0,0.1635278106609348,0.1408865281626468,-2.0,0.0923312891679432,-2.0,-2.0,0.0105177711823633,-0.019379317179441746,-2.0,-0.08349256015777762,-2.0,-0.15382786934425696,-0.19151504608683856,-0.23098834495185316,-2.0,-2.0,-2.0,-2.0
0.004347013158125022,-0.1109447975861434,-0.1074531559014372,-0.10382388877271899,-0.10009033718253287,-0.0961806806264847,-0.09208625091940484,-0.08779836901149844,-0.08330785013873492,-0.07870390541482786,-0.0739062952650941,-0.06888208907285367,-0.06362063956270496,-0.05817184245594321,-0.05255505127717417,-0.04667288681834737,-0.040512870307301954,-0.03419269276745231,-0.027622094301370293,-0.020741022468874735,-0.013651826094599745,-0.006317975945985833,0.0013619898067086151,0.009221242469424332,0.01739966579964966,0.02588892324151312,0.034589814289656524,0.04369403080642237,0.052942145458407745,0.06262732851123483,0.07246195171431673,0.08273381556381991,0.09315032881110596,0.10396635947437159,0.11500338328786489,0.1263300053110537,0.13800999477430975,0.1498080767800045,0.1619322592233389,0.1743600245800762,0.18688386042630342,0.19965155929980136,0.21265100071985707,0.2258534891860922,0.23909527772152234,0.2524638016116433,0.2659463463131165,0.2795079141920095,-2.0,-2.0,0.32024175309496283,0.3336507259212913,0.34695401918618085,0.36011495842285207,0.37309814116803747,0.3858712112794396,0.3984047028300189,0.410656638622,0.4224638427236517,0.4338991221373792,0.44499491721157897,0.4557692377661036,-2.0,0.4758106266680152,0.48522130623694737,0.4942711282605137,0.502564625957323,0.5107624964755131,0.5181560607667337,0.5254596506976168,0.53196521118285,0.5384880773990314,0.5441531699307176,0.5498039810015105,-2.0,-2.0,-2.0,0.5685972576293293,0.5724093923795635,0.5758195693543186,0.5792993072662371,0.5826579979537702,0.5856369609504127,-2.0,0.5906598605180271,0.5928412498615572,-2.0,0.5973031430063033,0.599285740846495,-2.0,0.6026699260422289,0.6041097493284973,-2.0,-2.0,0.6075932504495746,-2.0,0.6093375117112454,0.6101762132115168,0.6110373318663197,0.6118115221568211,0.6124841735073523,0.6130610243818603,0.6135471197361583,0.6139465259843149,-2.0,0.6145001816332558,-2.0,0.614745368385866,-2.0,0.6146988647778907,-2.0,0.6143715435342435,0.6141046464855943,0.6137694818618998,0.6133661529978387,0.6128945293870827,0.612354252791561,0.6117447504146054,0.6110652373663136,0.610314724589091,0.6094920227359255,0.6085957440096178,0.6076243042991977,0.6065759251995183,0.6054486302839839,0.6042402499594159,0.602948414852026,-2.0,-2.0,-2.0,-2.0,0.5951402474911089,-2.0,-2.0,-2.0,0.5870731767198547,0.5847700385414628,0.5823432765106473,0.5797875814678729,-2.0,-2.0,0.5712912474025769,-2.0,0.5648749917442698,0.5614213794825993,0.5577940541636305,0.5539856713110666,0.5499879654843061,0.5457923964906626,0.5413899962943007,-2.0,-2.0,-2.0,-2.0,-2.0,-2.0,-2.0,0.4974922353160908,0.49074430968319027,-2.0,-2.0,-2.0,0.4603511077600337,-2.0,-2.0,-2.0,0.4237055370588573,-2.0,-2.0,-2.0,0.3795483130237207,-2.0,0.35419003595463977,-2.0,-2.0,0.3114478881619038,-2.0,-2.0,-2.0,-2.0,-2.0,0.20585233853589524,-2.0,-2.0,-2.0,0.1172451324810948,0.09240555606708589,-2.0,0.03913661898698739,0.010593154487568923,-2.0,-0.0506176843623628,-0.08341619955363733,-0.11776941349144654,-0.15375085713798065,-2.0,-0.23091087570992053,-0.27225462389480426,-2.0,-2.0,-2.0
0.004223068643690165,-0.11300564333261146,-0.10961380693085165,-0.10606163398367079,-0.10240389972509009,-0.09860562779738288,-0.0946281991902692,-0.0904627399604009,-0.08610044430904487,-0.0815537493493586,-0.0768930707149914,-0.07201236165121491,-0.06690103437609668,-0.06154818084823458,-0.05606016632881045,-0.05034580376161303,-0.0443617301183163,-0.038113788720979466,-0.03173056480053542,-0.025046021425087543,-0.01804559796888274,-0.01090937199708279,-0.0034485319151988754,0.004329200278020287,0.012273889145452297,0.020593897512226563,0.02913362480346052,0.03798529529277744,0.04713972882519584,0.056548160271637705,0.06629768543411134,0.07628795034758516,0.0866087266955789,0.09720578850717164,0.1080692012198203,0.11929687854215966,0.1306685993485232,0.14239782603377796,0.1543906214146871,0.16655113198141674,0.17900834406728303,0.1917366658655598,0.20454049145171757,0.21755594954381471,0.23076504072305132,0.24413735908873355,-2.0,-2.0,0.2846062304372813,0.29817426291576266,0.3117374432826604,0.3252589585707598,0.3387023588136935,0.3520201587161324,0.3650962373575785,0.3779565985723867,0.39058639882634977,0.4029567019729287,0.4150437371726199,-2.0,0.438236915431327,0.4490982767470931,0.4596013348997914,0.46979670889523073,-2.0,0.48857822296702796,0.497466924869071,0.505690482284292,0.5135216852304084,-2.0,0.5278895268685605,-2.0,0.5406866385764654,0.5462269971626907,0.551849987244772,-2.0,0.5612992014564383,0.5659089761962524,-2.0,0.5736772794843429,0.5770615623133455,0.5805577774034871,-2.0,0.5866072907524594,-2.0,0.5914120138647807,0.5935960453324228,-2.0,-2.0,0.5998758126633549,0.6015802161023899,0.6031112121755315,0.6044853336457392,0.605716332320921,0.6068164652831859,0.6077959573923323,0.6086636956202419,0.609470459581317,0.61031155689942,-2.0,-2.0,0.6124827150613715,0.6130107066315391,0.6134486698000221,0.6138009038411987,0.6140707770478436,0.6142612352128196,0.6143747681128382,0.6144134510202299,0.6143789823145692,0.6142727140814469,0.614095684453202,0.6138486400147933,0.613532026559917,0.6131460701365501,0.6126907242766119,0.6121657150801673,-2.0,0.6109044981320333,0.6101666457733542,0.6093558591968842,-2.0,0.6075099316600696,0.6064715211209621,0.60535363173234,0.6041541307025533,0.6028706820715465,0.6015007479999611,0.600041583776873,0.5984902337808384,0.596843529342173,0.5950980819688244,0.5932502787101293,0.5912962733758744,0.589232026455673,0.587053076261024,-2.0,0.5823328180400679,0.579781497361725,0.5770956057710873,0.5742694668271313,-2.0,0.5681719729725098,-2.0,0.5614371589355877,-2.0,-2.0,0.5500127015208416,0.5458196599394645,-2.0,-2.0,-2.0,0.5268819078880655,-2.0,0.5159699509816704,-2.0,0.5039741720120533,0.4975381214671079,-2.0,0.4837207714194821,-2.0,-2.0,-2.0,-2.0,-2.0,-2.0,-2.0,0.4134838949454194,-2.0,-2.0,-2.0,0.36722649708689575,-2.0,-2.0,-2.0,-2.0,-2.0,-2.0,-2.0,0.24443037134652484,0.22562240963268787,0.20592168448017334,0.18528599060695045,0.16367111902843545,-2.0,-2.0,-2.0,-2.0,0.039209091536674734,0.010666030380737213,-0.019230401813287612,-2.0,-0.08334234865835721,-0.11769525510395573,-2.0,-2.0,-0.23083588268611333,-0.27217937688456584,-2.0,-2.0,-0.40834114442777303
0.00410265810582719,-0.11500760062882719,-0.11171261760794701,-0.10826188685095178,-0.10465125966449915,-0.10096138385170181,-0.09709751492424917,-0.09305098094179479,-0.08881324265449173,-0.08437501107671147,-0.07979448714970844,-0.07505298575097791,-0.0700876998964531,-0.06488768910692283,-0.05946509035116785,-0.053913878219083874,-0.048100525524726254,-0.04201262699268295,-0.035721813965336954,-0.02922791585118805,-0.022427475454655253,-0.015369469832885297,-0.008121414025374843,-0.0005312913772748867,0.007294714509994193,0.01537719663243386,0.023833297951073588,0.03243226763727036,0.041437374321268754,0.050643278089077405,0.060214376416576496,0.07001455753040613,0.08017791935133578,0.09054834833704271,0.10132830061186479,0.11224023291822562,0.12353694955230098,0.13508032637438164,0.14684985722793922,0.1589501370389826,0.17124738875442955,0.18373504265075027,0.19648661880247745,-2.0,0.2225422356668772,0.23575834116867037,0.2491283482633836,-2.0,0.27619665217676137,0.28978957241911973,0.30331907867152563,0.31682887075536603,0.3302824906752453,0.3436419422557852,0.35687060734024206,-2.0,0.3827996020444198,-2.0,0.4075824437126716,0.4194801540574487,0.4310580155104778,0.4423144603936296,0.45321640624841997,0.46349454801739165,0.4733864551507361,-2.0,0.4919867106139964,0.5005042036387266,0.508800756805569,0.5162743195097936,-2.0,0.5303014203667922,0.5369021027188555,0.5427469544181281,-2.0,0.5537700592867538,0.5584508222170512,0.5629965018752612,0.5674917741638125,0.5714250410374796,-2.0,0.5783160444530331,0.5817479241536541,0.5848056931589075,-2.0,-2.0,0.59213872293958,0.5943529439658396,0.5965893054738363,0.5986109939879851,0.6004255024552894,0.6020544180848925,0.6035159546736008,0.6048256007851428,0.605996484271822,0.6070399846974645,-2.0,-2.0,0.6095892701664469,0.6104284880087502,0.6112036299354656,0.6118739328333995,0.6124460146016198,0.6129246346673495,0.6133142905802501,0.6136187203366933,0.6138411504183093,0.6139843131267518,0.6140506838369264,0.6140415981477979,0.6139591331229666,0.613804291550108,0.6135779502560771,0.6132806950397612,0.6129131479417104,0.6124744467679809,0.6119653279880082,0.6113850664207631,0.6107330180935501,0.6100083258920754,-2.0,0.6083365016512211,0.6073866057534557,0.6063585365312273,0.605250401101483,-2.0,0.6027853455872219,-2.0,-2.0,-2.0,0.596788445576665,0.5950495699742185,0.593207989185913,0.5912598784982461,0.5892011744667034,-2.0,0.584734479332125,0.5823170908463609,0.5797702890284461,-2.0,0.5742665968388236,0.5712980280741815,-2.0,0.5648958774205859,0.561448664102208,-2.0,0.5540252006988965,-2.0,0.5458428791955305,0.5414455593359185,0.5368317505682133,0.5319915869888118,0.5269147187493852,0.5215902840910379,0.5160068924086519,-2.0,-2.0,0.49758054526630663,-2.0,0.48376643017401755,-2.0,-2.0,0.4604542674645122,-2.0,-2.0,0.43362839371774825,-2.0,-2.0,-2.0,0.3914887248813202,-2.0,0.3672861955016076,-2.0,-2.0,-2.0,0.3115764538159002,-2.0,0.27959158644121807,0.2624507247797326,0.24449583709347206,0.2256884529575427,0.20598828199803498,0.18535311940493365,0.16373874421293755,-2.0,0.11738495728312481,0.09254623143704965,0.06652946129479242,0.03927890952203805,0.01073619887027244,-2.0,-0.050473247017294165,-2.0,-0.11762366668019975,-0.15360461132864422,-0.19129095265934049,-2.0,-2.0,-0.3154092461734255,-0.3607638730902675,-2.0
0.003985680781783775,-0.11695235407742435,-0.11375145506911598,-0.11039926926943763,-0.10688853290302328,-0.10324997379199216,-0.09949627588703817,-0.09556526799023317,-0.0914485296217396,-0.08713717198426744,-0.08262216047552991,-0.07800695500761631,-0.07318331693071188,-0.06813178123883207,-0.06284152731110804,-0.05738006372094366,-0.05173269448726604,-0.045818526246328775,-0.039624890391601456,-0.033290551918168564,-0.026684168393757,-0.01976565148926308,-0.012661209853477831,-0.005287710392411235,0.0024341536573239666,0.010309666782637889,0.01853211321116544,0.02703787103965152,0.03578586159538474,0.04490632044641763,0.05420461812051684,0.06392034478374882,0.07379352789792373,0.08408120079804161,0.09455390335069569,0.10538513918028779,0.1164813842371994,0.12782267815121967,0.13952445136970382,0.1513765209034125,0.16351232092443013,0.17594913097036885,0.188540288381291,0.20131544639511095,0.21431935347869854,0.22752305014562407,0.24083550757864938,0.254202257378898,0.2676791982655348,0.2812317549813069,0.2948250160102228,0.30842158620561744,0.3219827226936517,0.3353894817569468,0.34866338552021575,0.36178903851347466,0.37473049400923036,0.3874547499302711,0.3999332946683266,-2.0,0.42398439118834613,0.4353494988406345,0.44636349100208206,0.45704662554261644,0.4673825564216625,-2.0,0.4863293001668289,0.49535757537285874,0.5035849060601993,-2.0,-2.0,0.5262544692129459,0.5327484303740532,0.5391901135141146,0.5447858189945342,0.5504344072134122,0.5555740484652406,0.5600956663578662,0.5647045594536697,0.5689850462329747,0.5727229581334338,-2.0,-2.0,0.5828729611402592,0.5857919051858126,-2.0,-2.0,0.5928671058356729,-2.0,0.5972679773454542,0.5992013041017434,0.6009355425238951,0.602490918390269,0.6038845621909692,0.6051309544713191,0.606242665030443,-2.0,0.6081027322077619,0.6088880461609201,-2.0,-2.0,0.6112334285792235,0.6118521179051106,0.6123735427407876,-2.0,-2.0,-2.0,0.6135734746085658,0.6136685978670653,0.6136863282186786,-2.0,0.6134970930007806,0.6132923910213434,0.6130153041313898,0.6126663223113172,0.6122455896579543,-2.0,0.6111882678542622,0.6105507806574647,0.609839764075364,0.6090542093783486,0.6081928955079624,0.607254389723822,0.6062370507668452,0.6051390308666509,0.6039582779637174,0.6026925271236319,0.6013393103278202,-2.0,-2.0,-2.0,0.5949948858461725,0.5931597438084675,-2.0,0.5891648123518811,-2.0,0.5847087746535369,0.5822963083057064,0.5797542225935296,0.5770770075628371,-2.0,0.5712945506194593,0.5681769867684727,-2.0,-2.0,0.5578382806664298,0.5540388961419929,0.5500497463416353,0.5458623145653732,-2.0,-2.0,-2.0,0.5269440482725887,-2.0,0.5160404818452761,0.510188158986383,0.5040523092276844,0.4976197881067123,-2.0,0.48380900780996816,-2.0,0.4686374720113345,0.4605012747523805,-2.0,0.44304085714421715,-2.0,-2.0,-2.0,0.4028251207523228,-2.0,-2.0,-2.0,-2.0,-2.0,0.3265485236529447,0.3116367487399499,0.2960161595895808,0.2796532894649292,-2.0,0.24455882164525206,-2.0,0.20605243743998347,-2.0,0.1638039561122876,-2.0,-2.0,-2.0,0.06659652048413933,-2.0,0.010804052053468571,-2.0,-2.0,-2.0,-0.11755445336947334,-2.0,-0.19122111383128604,-0.23069333344863707,-0.27203629579507693,-2.0,-2.0,-2.0
0.003872038781812553,-0.11884154400426718,-0.11573204311907691,-0.11247558270685273,-0.10906518350076855,-0.10549353958182942,-0.1018265029640222,-0.09800772099176168,-0.0940085244232003,-0.0898203442800076,-0.08543420785264685,-0.0808764214517278,-0.07619035643062474,-0.07128315842275809,-0.06614400394104109,-0.0607619151064481,-0.05526100272789018,-0.04951569861697798,-0.04349892377481841,-0.037237023592207256,-0.03081925706087254,-0.024098219899264844,-0.017071121157090207,-0.009908141153551755,-0.0024064554309119754,0.005386711463076728,0.013374414611327273,0.0217396081397595,0.030295778469559848,0.03919542714115896,0.04836632013987256,0.05782566908003499,0.06759148409182864,0.07763578230068156,0.08797251997577613,0.09862659121492652,0.10950521501443632,0.12077217248827767,0.13217982769163136,0.14392185662906787,0.15597916022713246,0.1681510019902848,0.18061744296966112,0.19335293235356268,0.2062249631237249,0.21924441684376203,0.2324553652128893,0.24582583932294017,0.2593249925846737,0.2728242364619796,0.2863508850715779,0.2999049627978603,0.3134495280946361,0.3269474861594403,0.34036197491052084,0.35365712664583937,-2.0,-2.0,0.3921866306672692,0.4044998845111755,0.4165230046343063,0.428242110987699,0.43963729183559974,-2.0,0.46088755966206807,-2.0,-2.0,0.4896906422987025,0.49845678978149077,0.5067129227516214,-2.0,-2.0,0.5286444459140905,0.5352290209574553,-2.0,-2.0,-2.0,-2.0,0.5617609865170083,0.5663336026696087,0.5703940401857698,0.5739485809480726,0.5773267894657114,0.5807954076041822,0.5839356350662145,-2.0,0.5892050578117536,0.5914236137595853,0.5935971349603291,-2.0,0.5979022527685453,0.5997500090857203,-2.0,-2.0,0.6042169006339779,0.6054011728461487,-2.0,0.6073864561849486,-2.0,0.6089777430990464,0.6097844229359932,0.610559442898018,0.6112272431585549,0.6117937756798444,0.612264934855415,-2.0,-2.0,-2.0,-2.0,0.6133124203922659,0.6132808086406101,0.6131733814149645,0.6129912418951865,0.6127352434991437,0.6124059442226387,0.6120039452317358,-2.0,0.6109796784176875,0.6103573392793327,0.6096607823618667,0.6088883545193962,0.6080396066068536,-2.0,0.606106724524897,0.6050192005739481,0.6038483441503686,0.6025919324849113,-2.0,0.5998124944773857,-2.0,-2.0,-2.0,-2.0,0.5911696051865807,0.5891226520658204,0.586960178592714,0.5846776520371525,-2.0,0.5797329708252753,0.577060381913226,-2.0,0.571286395979503,-2.0,-2.0,-2.0,-2.0,-2.0,-2.0,0.545877813038282,-2.0,-2.0,-2.0,0.5269697532874607,0.5216497513644096,-2.0,-2.0,0.5040863841093696,-2.0,-2.0,-2.0,0.47644213603178215,0.46867995530717516,-2.0,-2.0,0.44308748728072456,-2.0,-2.0,-2.0,-2.0,0.3915962451098473,0.37977837164739636,-2.0,-2.0,-2.0,-2.0,0.3116943701532256,-2.0,-2.0,-2.0,0.24461921516820667,-2.0,0.2061140252492406,0.18547997087195428,0.1638666969299717,0.1412277623177245,-2.0,-2.0,0.06666110418788052,-2.0,0.010869462398185092,-0.019025816130966877,-0.050338498145925614,-2.0,-2.0,-2.0,-2.0,-2.0,-2.0,-2.0,-2.0,-2.0
0.0037616370072543893,-0.12067675935950642,-0.11765600815924909,-0.11449257496904543,-0.11117957380970403,-0.1077098865222879,-0.10409015758247335,-0.10038035645476177,-0.09649538327146442,-0.09242679634510688,-0.08816569246451479,-0.08370361916062605,-0.07911151771937988,-0.07434457263621679,-0.06935213453760566,-0.06412374887205273,-0.05868851773504173,-0.05310686224991974,-0.047262287995112326,-0.04114110047045177,-0.03483622460516161,-0.028307170028317962,-0.02146961056153805,-0.014396591514558485,-0.007109420165825082,0.0005220671868255375,0.008364040440114578,0.016490425743135747,0.02496251964851547,0.03360802530555385,0.042661998900083445,0.051884109328928105,0.06150744712778781,0.0713240275070426,0.08154239650924389,0.09192883841788112,0.10272827431284932,0.11369438781099654,0.12500549403813155,0.13661035097952964,0.1483930232946808,0.16050430205544552,0.1728675748796913,0.1853644013047872,0.1981228075937919,0.2111152605953756,-2.0,0.23747014695870364,0.25083737445324156,0.2643224218676203,0.2778908455839589,0.291508352111626,0.30507013283477347,0.3185611860212164,0.3319905439444605,0.3453202714911226,0.3585133984851555,0.37153478753179214,0.38435205893153196,0.39693362230694373,0.4091412952266654,0.4209732652332432,0.4324773164888244,0.44365157437183694,-2.0,0.46478992859980806,-2.0,0.48409664946224235,-2.0,0.5014930998878759,-2.0,0.5171550706193625,-2.0,0.5310529829474917,-2.0,-2.0,-2.0,-2.0,-2.0,-2.0,0.5678684919828191,-2.0,0.5751346914611116,-2.0,0.5819428252057074,0.5849382128989917,-2.0,-2.0,0.5921254982878745,0.5943286231281314,0.5965226201318539,0.5984929721071129,-2.0,0.6018378741941872,-2.0,0.604513125446054,-2.0,-2.0,0.6075087973850464,-2.0,0.6090523569949144,0.6098503279193977,0.6105701116094826,-2.0,0.6116984250307685,-2.0,0.6124458560907962,0.6126869143847153,-2.0,0.6129190416175142,0.6129147394391091,0.6128326559413659,0.6126741133011763,0.6124401155414895,0.6121313529027129,-2.0,0.6112909823339027,0.61075914894286,0.6101524800818899,-2.0,0.6087121809933074,0.6078764916620214,0.6069620949105048,0.6059674552008782,0.6048908231036303,0.6037304824429639,0.6024835849003362,-2.0,0.5997218351261887,0.5982016078435834,0.5965840228179659,-2.0,0.5930446947876357,0.5911155176577205,-2.0,-2.0,0.5846411510413647,-2.0,-2.0,0.5770391156626518,-2.0,-2.0,0.5681640292319449,-2.0,-2.0,-2.0,-2.0,-2.0,-2.0,0.5415003858420204,0.5368944156896103,0.5320617095562495,-2.0,-2.0,0.5160972926154079,0.5102491128604778,-2.0,0.49768843975342064,0.490949061378691,0.48388464063710146,0.47648005112105735,0.4687194394466682,-2.0,-2.0,-2.0,0.43377217736688295,-2.0,-2.0,0.40292506897431446,-2.0,0.37982903471127105,0.36744914423171465,-2.0,0.3408928976442002,0.3266596466446287,-2.0,-2.0,-2.0,-2.0,0.2446771491858008,0.2258716106865074,0.20617319831418268,-2.0,0.16392694438933908,0.14128858393327282,-2.0,0.09273880211332342,0.0667233596820832,-2.0,-2.0,-2.0,-2.0,-0.0830714367249984,-0.11742301663975752,-0.1534029897427005,-2.0,-2.0,-0.27190245590635265,-2.0,-2.0,-2.0
0.0036543830709572546,-0.1224595455200522,-0.11952508014953521,-0.11645190737118062,-0.11323355893053637,-0.10986301759297362,-0.10633311507447672,-0.10268528911012798,-0.098911198179243,-0.09495878613723877,-0.09081953201418638,-0.08648473517390382,-0.08194936979010067,-0.07731850143474414,-0.07246844989981273,-0.06738929824982992,-0.06207039640009676,-0.05659621346910902,-0.050917847367291255,-0.044971771314058016,-0.038744335826180885,-0.03239582360411859,-0.02575352277914329,-0.01879731339362966,-0.011677743139675819,-0.004264192553100042,0.003496697308859852,0.011391040410229394,0.019658304691013196,0.028180221208695993,0.0369756505209828,0.04611223602484828,0.05546087154569846,0.06519255446140425,0.07511917637126972,0.08542235535210359,0.0959517600868822,0.10679796980061547,0.11795390350279648,0.12930904567669976,0.14102349698750558,0.1529396214192064,0.1650860759266448,0.17753178057755323,0.190190411621729,0.20297196582127733,0.21598031702875037,0.229185068771051,0.2425551833721259,0.2559328321198159,0.26940383262985046,0.2829464728752724,0.29652516400029405,0.310103348967461,0.32364488144290743,0.33710223218402224,0.3503608257690441,0.36345000896548446,0.3763486675877843,0.38902339953483295,0.40144532528314,0.41359205159799867,0.4254353193199739,0.43678120870836423,-2.0,0.45830142551431124,-2.0,0.4782308332847427,-2.0,-2.0,0.5045760157751903,-2.0,0.5199488117847084,0.5269936834380079,0.5334963996820083,-2.0,0.5453795576146199,0.5510083716046612,-2.0,0.5605243974177934,0.5651208649107595,-2.0,0.572977841438983,0.5763313548937422,0.5797993706030745,-2.0,0.5858831850070026,-2.0,0.5906910085499399,0.5928283690097251,-2.0,0.5971589319403436,0.5990407585217765,0.6007247324920213,0.6022308512488795,-2.0,0.6047730787833897,0.6058357570680045,0.6067738941214895,-2.0,0.6083404667808002,-2.0,0.6098789583047468,0.6105435942123423,-2.0,0.6115650838441747,0.6119323943086443,0.6122093859234997,0.6123994960768976,0.6125055136722245,0.6125297826883085,0.612474219390944,0.6123404465951754,0.6121293334020225,0.6118420086057859,0.6114790444972543,-2.0,0.6105259664397753,0.6099360448833606,0.6092691978018085,0.6085253476856483,0.6077032316589264,-2.0,0.6058189633580373,0.6047536368053463,0.6036036991387586,0.6023670144950725,0.6010412280555728,0.5996237641808264,-2.0,-2.0,0.5947921837542969,-2.0,-2.0,-2.0,-2.0,0.584599141486102,-2.0,0.5796753060386087,0.5770123372690843,0.5742079318140508,0.5712561500203408,-2.0,-2.0,-2.0,0.5578449274087331,-2.0,-2.0,-2.0,0.5415110439863435,-2.0,-2.0,-2.0,-2.0,-2.0,0.5102745532979729,0.5041447079988963,0.49771791034836016,0.49098040346509,0.48391776458396074,0.47651487386738095,0.46875591487738794,-2.0,-2.0,-2.0,-2.0,-2.0,-2.0,0.4029708168954915,0.3916927945344288,-2.0,0.3674981024043677,-2.0,0.3409437152802696,-2.0,0.31180196425206425,0.2961836696206945,-2.0,0.2626848723248045,0.24473260005489678,0.2259277134001203,0.20622992337861967,0.1855970285458391,0.1639848258729848,0.14134701056876886,0.11763507801734474,0.0927982327025002,-2.0,0.039534422547888526,0.010993342018256747,-0.01890113511025404,-2.0,-0.08300949591215934,-0.11736073396275837,-2.0,-0.1910254682461967,-2.0,-2.0,-0.3151403679586563,-2.0,-2.0
0.00355018721996422,-0.1241914030025805,-0.12134072372607418,-0.11835534418015382,-0.11522886843106994,-0.11195452379583176,-0.1085255159222949,-0.10493428044760134,-0.10125800421904689,-0.09741845151930799,-0.0933973124844719,-0.08918640683513711,-0.08477619239432849,-0.08020748018129907,-0.07549608471362071,-0.07056204644925655,-0.06539482407778742,-0.059985313404838383,-0.05446958778700893,-0.04869302345857104,-0.04264344721641821,-0.0363676938561872,-0.029915075087021358,-0.023157535749287105,-0.016115587096424522,-0.008913745604400647,-0.001371595132768267,0.0064373612842759075,0.014468647883936555,0.02287925923645796,0.03145163037289862,0.04039983646831048,0.04958673832407202,0.059097467017807,0.06887923257508952,0.07897784036056417,0.08933020235940624,0.10004194622769232,0.11093560023399567,0.12221622234546357,0.13368529423674388,0.14543981268815045,0.15752674911462142,0.16974516373336077,0.18222010975136832,0.19496208602811918,0.20790294594647307,0.22092662139211694,0.23413813907495495,0.2475063017074817,0.2609991808685215,0.2745679243285275,0.2880865711284105,0.3016259656448102,0.3151511704123339,0.3286246855497814,0.34200935297260443,-2.0,0.3683692501386616,0.38123559404334756,0.3937715744874691,0.4060268550431317,0.4179843693400519,0.42962988624587517,0.4409621767855805,-2.0,0.46215107674597283,-2.0,0.481828832878782,0.49077672376444065,0.49941443415710507,0.5076944277599126,0.5152519860769952,0.5227185842344004,0.5293643651792582,-2.0,-2.0,0.5474390125981643,0.5529390307740715,0.5576849948172375,0.5621779189227737,0.5666999931808537,-2.0,0.5741618906884346,0.5775394184003232,0.580970425376199,0.5840453147320489,0.5867724687943734,0.5891992679889796,0.5913709336092274,-2.0,0.5957418211077986,0.5977501572234276,-2.0,0.6011514549765745,0.6025849504886979,0.6038622494665482,0.6049966286681162,0.605999610963473,0.606880972179216,0.6076491941685458,-2.0,-2.0,-2.0,0.6104784793085797,0.6109845430570208,0.6113928495044991,0.6117076876145114,-2.0,-2.0,0.6121253633360777,0.6120974229957059,0.6119893512497059,0.6118025382579366,-2.0,0.6111952105358638,0.6107760557406628,0.6102800512398281,0.6097069878698295,0.609056399374273,0.6083275799587218,0.6075195760300626,0.6066312018742324,0.6056610415494228,0.6046074538075912,0.6034685713560966,0.6022423062110658,0.6009263455922149,0.5995181538494513,0.5980149675675511,0.5964137955590216,0.5947114136831044,0.5929043602998811,0.5909889308554985,0.5889611723826662,0.5868168769806077,0.5845515737104899,-2.0,0.5796386925728431,0.5769807800530022,0.5741811698873085,0.5712339381206627,0.568132837238214,0.5648717082951578,0.5614423444050027,0.5578388401304364,0.5540527454368239,-2.0,0.5459010243414559,0.5415178850823458,0.536917563823487,0.5320902315904298,0.527025571384673,0.5217127536808803,0.5161404178944968,0.5102966435559126,0.5041689276625082,0.49774415607567063,-2.0,0.48394777745211326,-2.0,-2.0,0.46065918224924535,0.45213884996809156,0.44321006243621774,-2.0,-2.0,0.41377712088984964,-2.0,-2.0,-2.0,0.3675444333356958,0.35457691729098756,0.340991965145152,0.32676047379834333,-2.0,0.29623449525586604,-2.0,0.2627372020651842,0.24478562042203839,0.2259814050513017,0.20628425560323616,0.18565197175410192,-2.0,-2.0,0.11769169280381331,-2.0,0.0668408617746229,-2.0,-2.0,-2.0,-2.0,-2.0,-2.0,-2.0,-0.1909647097193018,-0.2304357280339141,-0.2717775341148506,-0.31507871199779314,-2.0,-0.40793468492039264
0.0034489622604057563,-0.12587365030394881,-0.12310447556762086,-0.12020437107752205,-0.11716718137465669,-0.11398642643428317,-0.11065529147376735,-0.10716663995816864,-0.1035377748507326,-0.0998078553239378,-0.09590169013321927,-0.0918109065646414,-0.08752674005371655,-0.08304001504602933,-0.07843707528186193,-0.07364386670889876,-0.06862420314840974,-0.06336735533420483,-0.05791958701854029,-0.05230798793802723,-0.04643119070967335,-0.04027660537030801,-0.0339576997446241,-0.027393221967571955,-0.020518227872600825,-0.013430303738566634,-0.006103761547347009,0.0015692512056564268,0.009426943189769629,0.017597379001597285,0.02608540322445936,0.0347777660702006,0.04387953768099268,0.05311942145519189,0.06279492999710595,0.07262782419333862,0.08289737848123542,0.0933036420672647,0.10411769665024996,0.11514293744530991,0.12646770153179426,0.1381351524243873,0.1499303406014369,0.16205226975064507,0.1744758213735688,0.18698721249479916,0.1997522374236996,0.212748524457153,0.225945910168688,-2.0,0.25253879974238735,0.26601761537267943,0.2795758983288385,-2.0,0.30678811740587303,-2.0,0.3336873388149981,0.3469864005573271,0.36014298768280956,0.3731215125692846,0.3858893472075333,0.3984183691075731,-2.0,0.4224483373082835,0.43387710897347315,0.44496760273711267,0.4557358161539633,-2.0,-2.0,0.48514672137706116,0.49417292929976814,0.5024525597366886,0.5106353441210295,0.5180034693083837,0.5252908898967524,0.531769268677425,0.5382683320729602,0.5439094069469611,0.5495233299580584,0.5547491986209844,-2.0,-2.0,-2.0,0.5719626125044417,-2.0,-2.0,0.5820737854129681,-2.0,0.5876078964110887,0.5899248359218748,-2.0,-2.0,0.5963806645918455,0.5982969768609612,0.6000094963518868,0.6015381136732595,0.6029005866786301,0.6041115489063882,0.6051835766786038,0.6061274376806141,0.6069523716702234,0.6076773317203387,-2.0,-2.0,0.6098213604606585,0.6103745532412159,0.6108261190108608,-2.0,0.6114424684740091,0.6116146790416978,0.6117002461912399,0.6117015411180271,0.6116205396422946,0.6114586185780507,0.6112170759383212,0.6108966700465881,0.610497888762055,0.6100209192324922,0.6094656649857247,0.6088317620054507,0.6081185831030009,0.6073252579370594,0.6064506704291586,0.6054934697844836,0.6044520733894563,0.6033246676388426,0.6021092146509114,0.6008034469277811,0.5994048685072909,0.5979107563791799,0.5963181533947078,-2.0,-2.0,-2.0,0.5888953678704922,0.5867575558290754,0.5844983930222536,-2.0,-2.0,0.5769441539206841,-2.0,0.5712069689115981,0.568110328920494,0.5648530297928551,0.561428092832685,0.5578282906524783,-2.0,-2.0,-2.0,-2.0,0.5369235560320724,0.5320990394767126,0.527037057431115,0.5217267875281633,-2.0,0.5103154083509198,0.5041899190047093,0.49776720625250487,0.4910336195700421,0.48397471209631704,-2.0,-2.0,0.46069127672461935,-2.0,-2.0,-2.0,0.4240876193584542,0.41381630856495344,0.4030543181213375,0.3917785949736892,-2.0,-2.0,-2.0,0.34103769325392225,0.3268071213220713,0.3118994811192682,0.2962828343979343,-2.0,0.2627871061866132,0.2448362639308747,0.22603273964933412,0.20633625110599796,0.18570459560084668,-2.0,-2.0,-2.0,-2.0,0.06689622254145522,0.03964832090356574,0.01110813071780481,-2.0,-2.0,-2.0,-0.11724276348698448,-2.0,-2.0,-2.0,-0.27171829520457325,-2.0,-2.0,-0.4078745940830697
0.0033506234845336077,-0.12751111547199795,-0.12481780660336399,-0.1220005090799387,-0.11905003194731678,-0.11596021746963495,-0.11272423104065965,-0.10933523301930768,-0.10578596735382384,-0.10212901132731207,-0.09833433933467382,-0.09436044227142536,-0.09019856952789612,-0.08584008042475964,-0.08129390295079333,-0.07663781713828054,-0.07176152440678027,-0.06665473957153432,-0.06130651778912517,-0.05581970438345609,-0.05011046290462758,-0.044131961990755794,-0.03788500056935013,-0.031507934693128785,-0.02482949510677765,-0.017835249613114865,-0.010700780704665286,-0.003246935514994307,0.0045293564534947175,0.012466429621402134,0.020778596599210233,0.02931651742398354,0.038159620901080084,0.04731222537961214,0.056711474712031286,0.0664589302829094,0.07643914774604092,-2.0,0.09734387238523583,0.10820476114598153,0.1194210727361203,0.13078998831251556,0.14251662895154896,0.15449642713916398,0.1666541563604927,0.17910807977181162,0.19183007012032383,0.20462281919948405,0.21763394576319683,0.2308396467881931,0.24420866719958786,0.257655708350342,0.27112010071151915,0.28465216821988165,0.29821586195019595,0.31177460011845926,-2.0,0.3387302640141489,0.3520351513996426,0.3650978165812732,0.37795257315874803,-2.0,0.40294066563359,0.41502193373864527,0.426806921439726,0.43818762104628334,0.4490377063004016,0.4595332934586267,0.46972111354776536,0.4794030049018538,0.48846508243093445,-2.0,0.5055374031381381,0.5133589259417055,0.5207961568983366,0.5276824152533585,-2.0,0.5404259199021532,0.5459333821522214,-2.0,-2.0,-2.0,0.5654777942328328,0.5695852504501834,0.5731724957230518,-2.0,-2.0,0.5831123507318579,-2.0,-2.0,-2.0,-2.0,0.5949249842689109,0.5969723044141046,0.5988000374291769,-2.0,0.6018849375914128,0.6031778460605222,-2.0,0.6053337284616964,0.6062189289247163,-2.0,-2.0,0.6084183401018445,0.609130840035557,-2.0,0.6102309671974965,0.6106275088771037,0.6109278217880293,0.6111356490171308,0.6112541433039471,0.6112859335551705,-2.0,0.6110977401352365,-2.0,0.610582917705112,-2.0,0.6097482393540598,0.6092115519956377,0.6085950253279833,0.6078981306812874,0.6071201181766239,-2.0,0.605316095808284,0.6042873642298835,0.6031718770295138,-2.0,0.6006724533721817,0.5992839450294497,-2.0,0.5962154198184428,0.5945295225072302,0.5927380502851269,0.5908373538254208,0.5888235341540975,-2.0,0.5844396202602635,0.582060399505345,-2.0,-2.0,0.5741129700716856,0.5711752985877017,0.5680832691569928,-2.0,0.5614095607693228,-2.0,-2.0,0.5500656980020933,-2.0,0.5415202292568053,-2.0,0.5321043136769991,-2.0,-2.0,0.5161700423644631,0.5103309539470702,0.5042076996632348,0.49778717165828673,0.4910556367080787,0.48399868262112944,0.4766012058175764,-2.0,-2.0,-2.0,0.4432776334927979,-2.0,0.42412289550089033,0.4138529087019751,-2.0,0.39181766071886265,-2.0,0.36762950101175523,-2.0,-2.0,0.32685140959349607,-2.0,-2.0,0.279970599498214,-2.0,0.24488466698586203,0.22608185663390656,0.2063860485369705,0.18575503991228232,0.16414463732526907,0.14150853848125933,0.11779824875504918,-2.0,-2.0,0.03970207554095562,-2.0,-0.018730829924278658,-0.05004151008370983,-2.0,-0.11718688486287676,-0.1531654400444914,-2.0,-2.0,-0.27166103971876543,-2.0,-0.3603143692024101,-2.0
0.0032550885998350564,-0.12913960191343865,-0.1264823614342236,-0.1237454367647081,-0.12087922299314972,-0.11787763337462426,-0.11473407704511929,-0.11144188890789772,-0.10799401655063705,-0.10438368458826974,-0.10069761713045833,-0.09683716032511085,-0.09279422788958082,-0.08856017241369496,-0.08412590756242704,-0.07954617845649584,-0.07480915474272444,-0.06984823469256088,-0.0646527901799002,-0.059230841738522465,-0.053685227035578036,-0.04787721087802173,-0.041794424942932736,-0.03550513944576935,-0.029017453617926292,-0.022223120622336782,-0.015166415757097757,-0.00792558338787561,-0.0003424061462102369,0.007482039623099521,0.015556730231022983,0.02401105174991187,0.03260171297500251,0.04159819865047135,0.05080148720746958,0.060363602771793465,0.07016139656801641,0.08031464572703127,0.09068252361560343,0.10145208923726325,0.11236053068634592,0.12365452989330328,0.13518534086921818,0.14695202795893175,0.15904926876383887,0.17133286455175284,0.18381661426723458,0.19656511883586605,0.20954972235549188,0.2226014191259983,0.23581337387775286,0.24917913469752054,-2.0,0.2762388053285101,-2.0,0.30333782881453814,0.3168423287786166,0.330290571811202,0.34364448079896154,0.35686744140406923,0.3699246156165886,-2.0,-2.0,0.4075370548494261,-2.0,0.4309980294659812,-2.0,-2.0,0.4633914168872127,0.47327441624550914,0.48289088851388334,0.49183518939815757,0.5003423857681458,0.5086137696334379,0.5160685496895311,-2.0,-2.0,-2.0,-2.0,0.5479844027251947,-2.0,0.5580472166662607,-2.0,0.5670063649099695,0.5709019737509619,0.5743210644679959,0.5776970410309377,0.5810802979242731,0.5840885181552373,-2.0,0.5891234961910192,0.5912509947058507,-2.0,0.5955659349679328,0.5975182991434361,0.5992596508397933,0.6008114718786912,-2.0,-2.0,0.6044974480944896,0.605446589038031,-2.0,-2.0,0.6076815894449193,-2.0,-2.0,-2.0,0.6100465738409095,0.6103875149257246,-2.0,-2.0,0.6108496366234335,0.6108266645224442,-2.0,-2.0,0.610253138141486,0.6098979142713353,0.609461414520852,-2.0,-2.0,0.6076657326508232,0.6069039017887494,0.6060586203625833,0.6051288279153653,0.6041129396294622,0.6030098313770622,0.6018172531028884,0.6005330335154736,0.599154770209995,-2.0,0.5961053052841726,-2.0,0.5926448397186087,-2.0,0.588745426689208,0.5866212685720673,0.5843750299153561,0.5820020330915449,0.5794973140264434,0.5768556175377328,-2.0,-2.0,0.5680514671994873,0.5648030439654501,0.5613865718045504,-2.0,0.5540200494660684,0.5500543232812307,0.5458891557750958,0.541515663346499,-2.0,0.532105914104512,0.5270495329784479,0.5217446031123101,0.5161800984084901,-2.0,0.5042222171491691,-2.0,-2.0,-2.0,0.47662399653481863,0.46887198347886344,-2.0,0.45223141135125783,0.4433072180889581,0.43395523165185085,-2.0,0.4138868006526478,0.40312737233475215,0.3918540930178314,0.3800428126735108,0.36766823225212425,-2.0,0.3411218705893366,0.32689322227723155,0.3119874157667875,-2.0,-2.0,0.2628800475835061,-2.0,0.22612864222045148,-2.0,-2.0,0.1641934282895231,0.14155793668638206,0.11784822572104992,0.09301349680171345,-2.0,-2.0,0.011214389376385747,-0.01867833021379517,-0.049988574011971765,-0.08278339851075567,-2.0,-2.0,-0.19079501890689854,-2.0,-2.0,-2.0,-0.3602585775025602,-0.4077603924819606
0.0031622776601683794,-0.1307213187568543,-0.1281192024373298,-0.12544056019770136,-0.1226562161028711,-0.11974021065795024,-0.11668651970929989,-0.11348837543091893,-0.11013897688406375,-0.10663108183728731,-0.10299334598450705,-0.09924303062718277,-0.09531569121477106,-0.09120251129970533,-0.08689498703648947,-0.08238340778155545,-0.0777697450639717,-0.07295052605219576,-0.06790349338457093,-0.06261783483841052,-0.05715761901475241,-0.05151550244796853,-0.04560668715142872,-0.039418512055731623,-0.03308576365958216,-0.026485567319152362,-0.019573308093491778,-0.0124706250620206,-0.005104074802561651,0.0026106982970224377,0.010483975904623452,0.01869877630612114,0.027202519252669758,0.035941984472882695,0.04506037101764344,0.054349389766724474,0.06406289492152244,0.07392623130911967,0.08421124751602273,0.09467316576741576,0.10550157724673757,0.11658625510185106,0.1279243520518205,0.13962301588508724,0.15146212230349757,0.16359465996022404,0.17602760029945422,0.1886043750179678,0.20137508182465244,0.21437488500354052,0.2275746437424908,0.24087064046020493,0.25423250586096857,0.26770446305140166,0.2812518985557865,0.2948394141806415,0.3084310542486926,0.32198113230813746,-2.0,0.34864030883145186,0.36175932962876717,0.374693930723696,-2.0,0.39988232200179363,0.4120855730366315,-2.0,0.43525713094002333,0.4462622451736833,0.45693625215176126,0.46725337501046366,0.4768838657455209,0.4861695658793118,0.49517614516564346,0.5033822153073113,0.511462418441117,-2.0,0.5259877509099803,-2.0,0.5388648103550907,0.5444302985177191,-2.0,0.5551522905665234,0.5596356761555619,0.5641998517499324,0.5684432845638716,0.5721401958176721,0.5754696546109181,0.5788945569786386,0.5821383833375082,0.5850046270848228,-2.0,0.5898061545839126,0.5918977245048892,-2.0,0.5961586681862939,0.5980193933422472,0.5996762506809374,0.6011507913612427,0.6024589285151343,0.6036157065468092,0.6046331754268667,0.6055218225697307,-2.0,0.6069658798303184,-2.0,0.6083532040600882,0.6089493828996031,-2.0,0.6098204472816138,0.6101051147738444,-2.0,0.6103918807886187,0.6103999147570005,0.6103206054895849,0.6101558705475522,0.6099069925732395,0.6095748290937697,0.6091600604934603,0.6086629261107306,0.6080833888268699,0.6074211203215623,0.6066755132265591,0.605845694732903,0.6049305319645625,0.6039286430672641,0.6028383960623733,0.6016584972014916,-2.0,0.5990175610915364,0.5975527721416138,0.5959877596998675,0.5943195645039671,0.5925448122938934,0.59065991825422,-2.0,0.5865440710076667,-2.0,0.5819380772595373,0.5794394573577949,-2.0,0.5740247796198604,0.5710973217082446,-2.0,0.5647712273677878,-2.0,0.5577716087755455,0.5540008677830284,0.5500391696003188,-2.0,-2.0,-2.0,-2.0,-2.0,-2.0,-2.0,-2.0,-2.0,0.49781754217198065,0.491090305316463,-2.0,-2.0,0.4688937318334148,-2.0,0.4522566601339901,0.44333409492937315,-2.0,-2.0,0.41391810961751274,0.4031600218446164,-2.0,0.38007795720686954,0.3677045375295425,0.3547412529253467,-2.0,0.32693269998249025,-2.0,-2.0,0.28005729135819346,0.2629230924115747,-2.0,0.2261732370635573,0.20647886538169058,-2.0,0.16424008788937372,0.1416052221391927,0.117896110035829,0.09306194867611672,0.06704953738750996,0.0398031448949292,-2.0,-0.018627634088161482,-0.04993764560076763,-0.08273206073221873,-0.1170813679191075,-0.15305914970364987,-0.19074249556136158,-0.23021213592479572,-0.27155264458249917,-2.0,-2.0,-2.0
