gamma,0.1,0.09547716114208056,0.09115888299750823,0.0870359136148516,0.08309941949353396,0.07934096665797492,0.07575250258771912,0.07232633896483537,0.06905513520162328,0.06593188271333549,0.06294988990221888,0.06010276782070382,0.057384416483023955,0.054789011795939424,0.05231099308056263,0.0499450511585514,0.04768611697714469,0.0455293507486695,0.043470131581250245,0.04150404757850477,0.03962688638701478,0.03783462617131929,0.0361234269970943,0.03448962260405758,0.03292971255097151,0.031440354715915,0.03001835813575589,0.0286606761694825,0.027364399970746706,0.026126752255633292,0.024945081352303167,0.023816855519761582,0.022739657523579274,0.02171117945694504,0.02072921779595372,0.019791668678535573,0.018896523396912095,0.018041864093920716,0.017225859653987867,0.016446761779946636,0.015702901247293774,0.014992684327860457,0.014314589375234785,0.013667163564620066,0.013049019780144023,0.012458833642950081,0.011895340673703195,0.01135733358343105,0.010843659686896103,0.010353218432956621,0.009884959046625586,0.009437878277775381,0.009011018251665018,0.00860346441668451,0.008214343584919423,0.007842822061337682,0.007488103857590023,0.007149428986597577,0.006826071834272393,0.00651733960488242,0.006222570836730231,0.0059411339849650335,0.005672426068491977,0.005415871378079476,0.0051709202428967555,0.004937047852839003,0.004713753134116724,0.004500557675700498,0.004297004704320844,0.00410265810582719,0.0039171014908092605,0.0037399373024787977,0.003570785964900463,0.0034092850697468144,0.0032550885998350564,0.003107866187782014,0.0029673024081888696,0.002833096101839324,0.0027049597304631343,0.002582618760682675,0.002465811075822604,0.0023542864143224177,0.002247805833548725,0.0021461411978584036,0.002049074689815846,0.001956398343517065,0.0018679135990207828,0.0017834308769319094,0.0017027691722258996,0.0016257556664437934,0.001552225357427048,0.0014820207057988585,0.0014149912974345759,0.0013509935211980266,0.001289890261253308,0.0012315506032928262,0.0011758495540521569,0.0011226677735108135,0.0010718913192051276,0.0010234114021054528,0.0009771241535346503,0.0009329304026284687,0.000890735463861044,0.0008504489341802677,0.0008119844993184008,0.0007752597488629464,0.0007401959996915645,0.0007067181273927492,0.0006747544053110693,0.0006442363508721371,0.0006150985788580498,0.0005872786613189483,0.0005607169938205458,0.0005353566677410725,0.0005111433483440165,0.00048802515836544283,0.0004659525668664682,0.00044487828311275856,0.00042475715525368984,0.0004055460735840828,0.00038720387818125533,0.0003696912707195028,0.00035297073027306503,0.00033700643292719284,0.0003217641750250735,0.0003072112998861756,0.00029331662783900454,0.0002800503894183631,0.0002673841615839947,0.00025529080682395165,0.0002437444150122219,0.00023272024789604097,0.0002221946860939524,0.00021214517849106298,0.00020255019392306664,0.000193389175045523,0.00018464249428955444,0.0001762914118095948,0.00016831803533309567,0.00016070528182616383,0.00015343684089300116,0.00014649713983072864,0.00013987131026472387,0.00013354515629298989,0.00012750512407130128,0.00012173827277396609,0.0001162322468679853,0.00011097524964120722,0.0001059560179277616,0.0001011637979766207,9.658832241158708e-05,9.221978823334323e-05,8.804883581643464e-05,8.406652885618316e-05,8.026433522257174e-05,7.663410868007462e-05,7.316807143427192e-05,6.985879746785249e-05,6.669919663030115e-05,6.368249944718586e-05,6.080224261649427e-05,5.8052255160948955e-05,5.542664520663107e-05,5.2919787359584364e-05,5.0526310653356795e-05,4.824108704165374e-05,4.6059220411451034e-05,4.3976036093027215e-05,4.1987070844439056e-05,4.008806328898465e-05,3.827494478516315e-05,3.654383070957255e-05,3.489101213406774e-05,3.33129478793467e-05,3.180625692794119e-05,3.0367711180354606e-05,2.899422853882875e-05,2.7682866303920665e-05,2.643081486974103e-05,2.523539170434766e-05,2.409403560239527e-05,2.3004301197729168e-05,2.1963853724165468e-05,2.0970464013232308e-05,2.0022003718155845e-05,1.9116440753857038e-05,1.8251834943190425e-05,1.742633386009651e-05,1.6638168860761273e-05,1.588565129428053e-05,1.516716888470924e-05,1.448118227674533e-05,1.3826221737646564e-05,1.3200884008314168e-05,1.2603829296797274e-05,1.2033778407775906e-05,1.1489510001873086e-05,1.0969857978923818e-05,1.0473708979594487e-05,1e-05
1.0,-1.0,-1.0,-1.0,-1.0,-1.0,-1.0,-1.0,-1.0,-1.0,-1.0,-1.0,-1.0,-1.0,-1.0,-1.0,-1.0,-1.0,-0.0008000561480214411,-1.0,-1.0,-1.0,-1.0,-1.0,-1.0,-1.0,-1.0,-1.0,-1.0,-1.0,-1.0,-1.0,-1.0,-0.001532240497772875,-1.0,-1.0,-1.0,-1.0,-1.0,-1.0,-1.0,-1.0,-1.0,-1.0,-1.0,-1.0,-1.0,-1.0,-1.0,-1.0,-1.0,-1.0,-1.0,-1.0,-1.0,-1.0,-0.00430852094489953,-1.0,-1.0,-1.0,-1.0,-1.0,-1.0,-1.0,-1.0,-1.0,-1.0,-1.0,-1.0,-1.0,-1.0,-1.0,-1.0,-1.0,-1.0,-1.0,-1.0,-1.0,-1.0,-1.0,-1.0,-1.0,-1.0,-1.0,-1.0,-1.0,-1.0,-1.0,-0.018701631412483787,-1.0,-1.0,-1.0,-1.0,-1.0,-1.0,-1.0,-1.0,-1.0,-1.0,-1.0,-1.0,-1.0,-1.0,-1.0,-1.0,-1.0,-1.0,-1.0,-1.0,-1.0,-1.0,-1.0,-1.0,-1.0,-1.0,-1.0,-1.0,-1.0,-1.0,-1.0,-1.0,-1.0,-1.0,-1.0,-1.0,-1.0,-1.0,-1.0,-1.0,-1.0,-1.0,-1.0,-1.0,-1.0,-1.0,-1.0,-1.0,-1.0,-1.0,-1.0,-1.0,-1.0,-1.0,-1.0,-1.0,-1.0,-1.0,-1.0,-1.0,-1.0,-1.0,-1.0,-1.0,-1.0,-1.0,-1.0,-1.0,-1.0,-1.0,-1.0,-1.0,-1.0,-1.0,-1.0,-1.0,-1.0,-1.0,-1.0,-1.0,-1.0,-1.0,-1.0,-1.0,-1.0,-1.0,-1.0,-1.0,-1.0,-1.0,-1.0,-1.0,-1.0,-1.0,-1.0,-1.0,-1.0,-1.0,-1.0,-1.0,-1.0,-1.0,-1.0,-1.0,-1.0,-1.0,-1.0,-1.0,-1.0,-1.0,-1.0,-1.0
0.9714874305813421,0.016894893080222163,0.01691831386577707,0.016938821220386896,0.016956538306426076,0.016971487800714065,0.01698380865307125,0.0169935588088385,0.017000791514623585,0.017005557698632334,0.017007894476200224,0.017007837171149502,0.017005412064646543,0.017000635483315846,0.016993519701706705,0.016984062523270612,0.016972266064302872,0.01695816283481314,0.016941597098856613,0.016922691625672028,0.0169013642039469,0.01687759201408446,0.01685135067141359,0.016822471213562857,0.016791045673854914,0.016757057360063565,0.01672014139796653,0.016680529074939693,0.016638037343746852,0.01659259830749274,0.016544116998119193,0.0164923951425408,0.01643745743835171,0.016379136427844755,0.016317306670847964,0.016251855278226677,0.01618264050141988,0.01610952337410573,0.0160322896907633,0.01595087627520589,0.015864982901256233,0.015774571565326904,0.01567933918464022,0.015579114480637613,0.015473718208497132,-2.0,0.015246429588089454,0.01512404484261093,0.014995496775641807,0.014860473393154997,0.014718828458106289,0.014569966677135839,0.01441390076392581,0.014250067848505887,0.014078189304213099,0.013897941178454698,0.013708909152391912,0.0135106723080145,0.013302821656044022,0.01308490716473763,0.012856462452881537,0.012616998271851719,0.012366007466490508,0.012102982692131024,-2.0,-2.0,0.011235551933859823,0.010918381509045694,0.010585979324745098,0.010237725702422724,0.00987265497933418,0.009490324039144158,0.009089756413378036,0.008670061041889818,-2.0,-2.0,0.0072873630068454095,-2.0,-2.0,-2.0,-2.0,0.0045082928262229205,0.0038708180632881246,-2.0,0.0025036394294664175,-2.0,-2.0,-2.0,-0.0006419507660255785,-0.0015240014018185963,-2.0,-2.0,-2.0,-2.0,-2.0,-2.0,-0.00898578824011196,-2.0,-2.0,-2.0,-2.0,-2.0,-2.0,-0.019304584297909676,-2.0,-2.0,-2.0,-2.0,-2.0,-0.031240944972377668,-0.03357294999649107,-2.0,-0.03857364842420055,-2.0,-0.04405940410254258,-2.0,-2.0,-0.053301648693810905,-0.05667867465118834,-0.060215933313052666,-2.0,-0.0678008452550023,-2.0,-2.0,-2.0,-2.0,-2.0,-0.09526186058881787,-2.0,-2.0,-2.0,-0.1182951410692655,-2.0,-0.13151306422245065,-2.0,-2.0,-2.0,-2.0,-2.0,-2.0,-2.0,-0.19850917155635817,-2.0,-2.0,-0.23075732575031122,-2.0,-2.0,-0.2678088815603661,-2.0,-2.0,-2.0,-2.0,-2.0,-0.35929064330231386,-2.0,-2.0,-0.41548736233875194,-2.0,-2.0,-2.0,-0.5036386747955476,-2.0,-2.0,-2.0,-2.0,-2.0,-2.0,-2.0,-2.0,-2.0,-2.0,-2.0,-0.8910347892367994,-2.0,-0.9791974869118133,-2.0,-2.0,-1.1277298474694233,-2.0,-2.0,-2.0,-1.3607442355202164,-2.0,-2.0,-1.5661083143170031,-2.0,-2.0,-1.8020615508451945,-2.0,-2.0,-2.0,-2.17221995594286,-2.0,-2.384639321129739,-2.4984540766921075,-2.0,-2.742513444889454,-2.0,-3.0102432035364544,-2.0,-3.3039388849221893
0.9437878277775381,0.03383503790764494,0.033899422754979175,0.03395859875817288,0.03401282362389355,0.03406231762798462,0.03410730273618241,0.034147912703780814,0.03418437436977632,0.034216804040486305,0.034245339094024635,0.03427010066870904,0.034291259883392385,0.03430872782908621,0.03432276407513173,0.03433338296214365,0.034340630998884604,0.03434455904965604,0.03434519265573769,0.03434258409796798,0.0343367521285031,0.03432767126797276,0.034315367073454256,0.03429983217166875,0.034281041842145386,0.03425905240351285,0.03423359410427769,0.034204846867071044,0.03417270865596993,0.03413708534811722,0.034097949333405965,-2.0,0.034008738297803764,0.03395849617760547,0.03390436643057416,0.03384625045701795,0.033784000221200504,0.0337175201691874,0.033646658159998205,0.0335712290007234,0.03349118573547426,0.033406203119690926,0.033316274064818525,0.033220963128303894,0.033120455868126994,0.03301399411748138,0.032901844537220594,0.032783587716221946,0.03265890913262999,0.032527892662265336,0.03238951252008621,0.03224414213286352,0.03209125178344555,0.031930520096741744,0.03176162662399764,0.0315841941229736,0.031397931858205774,-2.0,0.030996788554729197,0.03078117214529736,0.030555067846013383,0.030317650780974793,0.03006881270503974,0.02980763006287616,0.02953374030909596,-2.0,-2.0,-2.0,0.028298839359140942,0.02795206083459146,0.027588441972832604,0.027207468852182424,-2.0,0.02638973740997561,0.025951372501577884,0.025491773557444284,-2.0,-2.0,-2.0,-2.0,-2.0,-2.0,-2.0,0.020932267685085472,-2.0,-2.0,-2.0,-2.0,0.017090214397430897,-2.0,0.015286097068010745,-2.0,0.013306006360644395,0.012244985795934978,-2.0,-2.0,-2.0,-2.0,-2.0,-2.0,-2.0,-2.0,-2.0,-2.0,-2.0,-0.00518194040427792,-2.0,-0.009148614191332657,-2.0,-2.0,-2.0,-0.01827479991340844,-2.0,-2.0,-2.0,-2.0,-0.03233571258354753,-2.0,-2.0,-0.04247394360070919,-2.0,-0.05005858960297288,-2.0,-2.0,-0.06283700354422751,-2.0,-2.0,-2.0,-0.08288371917223626,-2.0,-2.0,-2.0,-2.0,-2.0,-2.0,-2.0,-2.0,-2.0,-2.0,-2.0,-2.0,-0.1807652170252766,-2.0,-0.20176275911910288,-2.0,-2.0,-2.0,-2.0,-0.2636033468492247,-2.0,-2.0,-0.30819027124068,-0.3244789090209353,-2.0,-0.359418488937824,-2.0,-2.0,-0.4182772196717638,-2.0,-2.0,-2.0,-2.0,-0.5364946619332823,-2.0,-2.0,-2.0,-2.0,-2.0,-0.7196592710414111,-2.0,-0.7929218579017491,-2.0,-2.0,-0.9163514606475143,-2.0,-1.0086904718866274,-2.0,-2.0,-2.0,-1.2211037647549867,-2.0,-2.0,-2.0,-2.0,-2.0,-2.0,-2.0,-2.0,-1.870534216372311,-2.0,-2.0,-2.0,-2.0,-2.0,-2.48070917185228,-2.0,-2.7247685853846355,-2.855536148810812,-2.0,-2.0,-3.2861939566104197
0.9168780118215468,0.05027400578310089,0.05038100251574408,0.05048038541550377,0.05057256252604001,0.05065789500693127,0.05073674613945271,0.05080937464140503,0.050876117241786346,0.05093719007164004,0.0509928470463676,0.051043309831049134,0.051088729083151825,0.05112931358803314,0.0511652073559821,0.051196606998223995,0.05122346189993942,0.05124611175656131,0.05126440348249905,0.05127860915443199,0.05128872378320321,0.051294820996021104,0.051296933602181224,0.05129508027722135,0.05128930569753668,0.051279615081082856,0.05126600484362889,0.051248460077318016,0.05122697756959524,0.051201525379043426,0.05117195608563511,0.051138439541358126,0.05110063957304131,0.05105875658624693,0.05101254950819068,0.050961919509886135,0.05090687045571111,0.05084720725575498,0.050782867759533515,0.05071364307989468,0.050639430220201787,0.050560106393455186,0.05047547831653549,0.050385479521362596,0.05028959478161077,0.050187971646339646,0.05008027068248249,0.04996612899206532,0.049845532678754106,0.049718124442349874,0.049583617343241855,0.049441726357416275,0.049292157507131444,0.049134700567091696,0.04896885052951721,0.048794189108602726,0.04861065467178774,0.04841764115367853,-2.0,-2.0,0.047777555800766584,-2.0,-2.0,-2.0,-2.0,0.046479044054281486,-2.0,-2.0,0.04553622665051915,-2.0,0.04482877132652425,0.04444916155811807,0.04405110807703507,-2.0,0.04319666340242818,-2.0,0.042257924957371615,-2.0,0.041227002321099715,0.04067429659882672,-2.0,0.03948812503183094,-2.0,0.03818605703894174,0.03748802529031796,0.036756791425008484,-2.0,0.035188198343795246,-2.0,-2.0,0.032544185108392173,-2.0,-2.0,0.02950493692850483,-2.0,-2.0,-2.0,-2.0,-2.0,0.021997220756750757,-2.0,0.018993399632594922,-2.0,0.015697864183600987,0.013931992922834965,0.012082394270749773,-2.0,0.008116032874526474,0.005990662190200849,0.003764605849911687,0.0014330382506005448,-2.0,-2.0,-2.0,-2.0,-2.0,-2.0,-0.01829310093842755,-2.0,-2.0,-2.0,-2.0,-2.0,-2.0,-2.0,-2.0,-2.0,-0.06025083720026428,-2.0,-2.0,-2.0,-0.08328340640259452,-2.0,-2.0,-0.10358307362377782,-2.0,-2.0,-2.0,-2.0,-2.0,-2.0,-2.0,-0.1737519218987023,-2.0,-2.0,-2.0,-2.0,-0.2327953197652395,-2.0,-2.0,-2.0,-2.0,-2.0,-2.0,-2.0,-2.0,-2.0,-2.0,-2.0,-2.0,-2.0,-2.0,-0.5192248569594566,-2.0,-2.0,-0.6044592285252555,-2.0,-2.0,-2.0,-2.0,-2.0,-0.8149062863072088,-2.0,-2.0,-2.0,-0.9914204685836396,-2.0,-2.0,-2.0,-2.0,-1.263371355923209,-2.0,-1.3910412813602706,-2.0,-2.0,-2.0,-2.0,-2.0,-2.0,-2.0,-2.0,-2.1372049471993995,-2.0,-2.0,-2.0,-2.0,-2.0,-2.0,-2.975228135976562,-2.0,-3.2689237914092084
0.890735463861044,0.06620931635509487,0.06636074333068734,0.06650199138240008,0.06663367639207883,0.0667563016746338,0.06687030542078493,0.06697617865744203,0.06707433399595229,0.06716512948996896,0.06724894307668723,0.06732596882088435,0.06739658051339971,0.06746101306538947,0.06751951473011726,0.06757229039147397,0.06761950848975466,0.06766136173746484,0.0676980092803091,0.06772955812260993,0.06775617385479903,0.067777886264565,0.06779487015730938,0.0678071394720195,0.06781476247189187,0.06781781670281592,0.06781631790098858,0.06781030183531599,0.06779979429549192,0.06778468489801173,0.06776510097495336,0.06774096289632979,0.06771223039534453,0.0676788202666261,0.06764074994897762,0.0675979000316687,0.06755030358256198,0.06749773664932042,0.06743996114921487,0.06737710827307429,0.06730896184221592,0.06723540823248374,0.0671564079275808,-2.0,0.06698064606993068,0.06688384113090488,0.06678062745427642,0.06667089797811286,0.06655441646065952,0.06643099699080669,0.06630011713646473,0.06616186971406364,0.0660156820452288,0.06586145355225222,-2.0,0.06552715419568765,0.06534627773751898,0.06515598613344871,-2.0,0.06474483439438013,-2.0,0.0642903125343401,-2.0,0.06378851542704413,0.06351837613047864,0.06323503583038366,0.06293742079242612,0.0626249253815523,0.06229726718917547,0.06195337588808437,0.06159269729372759,0.06121443562438966,-2.0,-2.0,-2.0,-2.0,-2.0,0.05852703129418791,-2.0,-2.0,-2.0,0.05626429113482981,0.05562942235419764,-2.0,-2.0,-2.0,-2.0,-2.0,-2.0,-2.0,0.049326685238935616,-2.0,-2.0,0.04628900744619124,-2.0,-2.0,-2.0,-2.0,-2.0,0.03878385240332129,-2.0,-2.0,-2.0,-2.0,-2.0,-2.0,-2.0,-2.0,-2.0,-2.0,-2.0,-2.0,-2.0,-2.0,-2.0,-2.0,-2.0,-0.0015019569948819117,-2.0,-2.0,-0.012119629465845383,-2.0,-2.0,-2.0,-0.028777110549724053,-2.0,-2.0,-2.0,-2.0,-0.05444182787558269,-2.0,-0.06649060782704647,-2.0,-2.0,-2.0,-2.0,-2.0,-0.11011331619143835,-2.0,-2.0,-0.1369108065683613,-2.0,-2.0,-2.0,-2.0,-2.0,-2.0,-0.2160015732304204,-2.0,-2.0,-0.2585716718157192,-0.2741268479225903,-0.29041889629764583,-2.0,-2.0,-2.0,-0.3636791936652286,-0.38421344950809366,-2.0,-2.0,-2.0,-2.0,-0.5024306656894343,-2.0,-2.0,-0.5876649942866641,-2.0,-2.0,-2.0,-2.0,-0.7588575659026116,-2.0,-0.8392257488571642,-2.0,-2.0,-2.0,-2.0,-2.0,-2.0,-2.0,-2.0,-1.3089349206670269,-2.0,-2.0,-2.0,-1.5893391035732043,-2.0,-2.0,-2.0,-2.0,-2.0,-2.120410450394923,-2.0,-2.0,-2.0,-2.565850770730202,-2.0,-2.821471474986888,-2.0,-2.0,-3.252129259790541
0.8653383071140456,0.08164649030992058,0.08184433856453681,0.08202930760310691,0.08220216258638649,0.08236360004409095,0.08251426146500511,0.08265472997065776,0.08278556883707257,0.08290720282557101,0.08302014514303302,0.08312480819005945,0.08322156082796461,0.08331068776398601,0.08339259995752088,0.08346756779115755,0.08353579837994185,0.08359756088560344,0.08365313372531882,0.08370264923265298,0.08374621541555853,0.08378411089468049,0.08381636520503817,0.08384321185167262,0.08386469756245561,0.08388087770973154,0.08389188283902825,0.08389772629545762,0.08389846685563446,0.08389412428948348,0.08388475505134556,0.08387033644104643,0.08385079515968766,0.0838262093832607,0.08379650229354824,0.08376167093622691,0.08372151989996378,0.08367614280602402,0.08362531378749623,0.0835692137781557,0.08350721838879883,0.08343955798656716,0.08336611021287693,0.0832866547830407,0.08320098376772152,0.0831090587716291,0.08301047493899957,0.08290529711647254,0.0827929551155922,0.08267357052280448,-2.0,0.08241199061955878,-2.0,0.08211843354289247,0.08195904807616776,0.08179029810567276,-2.0,-2.0,0.08122711211890547,0.0810189362012772,0.0807998263038858,0.08056912952407382,0.08032646291749336,0.08007144332209311,0.07980334049117414,0.07952172009672329,-2.0,0.07891535285953366,0.07858938158313042,-2.0,-2.0,-2.0,0.07711567872619589,-2.0,-2.0,0.07581026059114414,-2.0,-2.0,-2.0,-2.0,0.07317712189088872,0.07257200522854444,0.0719378262185891,-2.0,-2.0,0.06984713691021359,-2.0,-2.0,-2.0,-2.0,0.0656408328514379,-2.0,0.06366422815581362,0.06260495096515356,-2.0,-2.0,0.05911436606946209,-2.0,-2.0,0.05510246368297944,-2.0,-2.0,-2.0,-2.0,-2.0,-2.0,-2.0,-2.0,-2.0,-2.0,0.03454450279236448,-2.0,-2.0,-2.0,0.024061251958652233,-2.0,-2.0,-2.0,-2.0,-2.0,-2.0,0.00032416930939621613,-0.003737471124925687,-0.00799489467615358,-2.0,-2.0,-0.02201222347898997,-2.0,-0.032498614606052065,-2.0,-0.04400220297872354,-2.0,-2.0,-2.0,-2.0,-2.0,-2.0,-2.0,-0.10231049222836004,-2.0,-0.12058547424980631,-2.0,-2.0,-0.15137447915069924,-2.0,-0.17440818504121713,-2.0,-2.0,-2.0,-0.22739429102468778,-2.0,-2.0,-2.0,-0.2911568337529991,-0.3090289645631486,-2.0,-2.0,-2.0,-2.0,-2.0,-2.0,-2.0,-2.0,-2.0,-2.0,-2.0,-2.0,-2.0,-2.0,-2.0,-0.7425314395971621,-2.0,-2.0,-2.0,-2.0,-2.0,-2.0,-2.0,-2.0,-2.0,-2.0,-1.292608546559749,-2.0,-1.426326277750883,-1.497972533648349,-1.5730127362988886,-2.0,-2.0,-2.0,-2.0,-2.0,-2.0,-2.0,-2.316503331197211,-2.0,-2.0,-2.6743774539679275,-2.0,-2.0,-2.0,-2.0
0.8406652885618325,0.09659341322883548,0.0968399015377863,0.0970706204268084,0.09728660277572566,0.09748852761617895,0.09767740906317204,0.09785390439765372,0.09801872670276011,0.09817249817695446,0.0983157525550236,0.09844907257050398,0.09857290482283203,0.09868771469397154,0.09879389066612419,0.09889186016681675,0.09898182914867255,0.09906424155553045,0.09913934098671019,0.09920751656789743,0.09926853097899414,0.09932315051802983,0.09937125947860027,0.09941309550911781,0.09944886016909922,0.09947860850630524,0.09950252063176612,0.09952055625614832,0.09953293703377676,0.0995397631567948,0.09954090798528992,0.09953638663406085,0.09952648089089093,0.09951088206807211,0.09948976691089481,0.09946310678139621,0.09943082610743598,0.09939282683991248,0.0993491804714179,0.09929953666383222,0.09924422739420759,0.09918259951299356,0.09911494437066208,0.09904101469536064,-2.0,0.09887373253062874,0.09878001551733216,0.09867935160966217,0.09857150389922814,0.09845613875170893,0.09833323431927689,0.0982023327813203,0.0980633666750589,0.09791579281108927,0.0977594460915849,0.09759410859045649,-2.0,0.0972344272316892,0.09703945632135191,-2.0,0.09661699962238311,0.09638871816057885,-2.0,-2.0,0.09562948678709848,0.09534980694684327,-2.0,-2.0,-2.0,0.09408189890867841,-2.0,-2.0,-2.0,-2.0,-2.0,-2.0,0.091176427431899,0.0906762145065088,0.09015183434898866,-2.0,-2.0,0.08842158169223857,0.08778831311787995,-2.0,-2.0,0.0856996747172143,0.08493583404702984,-2.0,-2.0,0.0824176112894413,0.08149679481840201,-2.0,0.07952130962711307,0.07846238200919622,0.07735303483284448,0.07619087624159576,0.0749735282275816,-2.0,-2.0,-2.0,-2.0,-2.0,-2.0,-2.0,-2.0,-2.0,-2.0,-2.0,-2.0,-2.0,-2.0,-2.0,-2.0,-2.0,-2.0,-2.0,-2.0,-2.0,-2.0,-2.0,-2.0,0.016189828360334974,-2.0,-2.0,-2.0,-2.0,-2.0,-2.0,-2.0,-2.0,-0.028135513635954207,-2.0,-2.0,-2.0,-2.0,-2.0,-0.06978414265557695,-2.0,-2.0,-2.0,-2.0,-2.0,-2.0,-2.0,-2.0,-0.1585404961461213,-0.1708819883364525,-0.1838081267271133,-2.0,-2.0,-0.22637799170872805,-2.0,-2.0,-2.0,-2.0,-2.0,-2.0,-0.35201934093441356,-2.0,-2.0,-2.0,-0.4443553178222745,-0.4702363347720926,-0.49734336271708224,-2.0,-2.0,-0.5866152067072683,-0.6192352378752488,-0.6534005149964983,-0.68918423345278,-2.0,-2.0,-2.0,-0.8500924309613525,-2.0,-2.0,-2.0,-2.0,-2.0,-2.0,-1.214382088879534,-2.0,-2.0,-1.4104577668676217,-1.4821040140817252,-2.0,-1.6357391257440583,-1.7180571538423874,-2.0,-2.0,-2.0,-2.0,-2.0,-2.0,-2.0,-2.0,-2.658508866876724,-2.0,-2.926238533739314,-2.0,-2.0
0.8166957611638572,0.11105867746652717,0.11135625389888183,0.11163496044112453,0.11189597311497285,0.11214039061812892,0.11236921497754736,0.11258335845304568,0.11278370376575755,0.11297088165980515,0.11314574285483103,0.11330889476297511,0.11346090815495938,0.11360235643479036,0.11373373768136,0.11385553269819083,0.11396808698937785,0.11407187875197612,0.11416724286648658,0.11425442004258732,0.11433380550303421,0.11440571527514828,0.114470183779048,0.11452759734544206,0.11457808403588673,0.1146218442844182,0.11465902870579932,0.11468967341195016,0.11471415455025302,0.11473221388107956,0.1147441914951395,0.11475005844173838,0.1147499049941696,0.11474376794864749,0.11473153548311717,0.11471326114712005,0.11468898254344102,0.1146586219053378,0.11462221906162817,0.11457958125829759,0.11453073611449957,0.11447552700309252,0.11441390166080984,0.11434569632183249,-2.0,0.11418897206426862,0.11410015699735235,-2.0,-2.0,0.11378984623850827,0.11367078675001802,-2.0,0.11340854481168472,0.1132644830369805,0.11311159936819161,0.11294935001363252,0.11277748787457642,-2.0,0.11240347161986654,-2.0,0.11198618572088484,-2.0,0.11152237446243958,0.11127152996607395,-2.0,0.11072996957139858,0.11043799266724914,0.11013085032114789,0.10980821551551088,-2.0,-2.0,-2.0,-2.0,0.10793502592228738,0.10750261961430937,-2.0,0.10657350619902535,0.10607431681497481,-2.0,0.10500219611405708,0.10442674217489999,0.10382353873167839,-2.0,-2.0,-2.0,0.1011051526637787,-2.0,-2.0,-2.0,0.0978258771538064,-2.0,-2.0,0.09493139836472166,-2.0,0.0927641290297065,-2.0,-2.0,-2.0,-2.0,-2.0,-2.0,-2.0,-2.0,-2.0,-2.0,-2.0,-2.0,-2.0,-2.0,-2.0,-2.0,0.06338374955859191,-2.0,-2.0,0.05534339439679817,0.052405189980027314,0.04932768689320981,-2.0,-2.0,0.03919186957403564,-2.0,-2.0,-2.0,-2.0,-2.0,-2.0,0.009273528629667085,-2.0,-2.0,-2.0,-2.0,-0.01887915121952201,-0.025334698206416498,-2.0,-2.0,-2.0,-0.054363762578811634,-2.0,-2.0,-2.0,-2.0,-2.0,-2.0,-2.0,-2.0,-2.0,-0.15546103353441904,-2.0,-2.0,-0.19610535466290302,-0.21095687396206658,-2.0,-2.0,-0.2598676147114231,-2.0,-0.2964583823167711,-2.0,-0.33659799717982236,-2.0,-0.3806306411920612,-0.4042234472966519,-2.0,-2.0,-2.0,-0.5103129840082281,-2.0,-2.0,-2.0,-0.6379789392903812,-0.6737626425956883,-0.7112414585419328,-2.0,-0.7916094373599407,-0.8346707810447397,-0.8797719855524403,-2.0,-2.0,-2.0,-2.0,-2.0,-1.1989603611247022,-1.2613182912309187,-2.0,-2.0,-2.0,-2.0,-2.0,-1.7026353651572992,-1.7888528675284494,-2.0,-2.0,-2.0,-2.176545869188456,-2.2852129232214313,-2.3990276487381275,-2.0,-2.0,-2.773854579147481,-2.0,-2.0,-2.0
0.7934096665797492,0.12505076366340093,0.125402153426755,0.1257313356649931,0.12603971196732017,0.12632864110827152,0.12659930309452258,0.12685282447435184,0.1270901988010402,0.12731237242142981,0.1275201686163219,0.12771440812904225,0.1278957902280907,0.12806494060856485,0.12822252052078623,0.12836906789411684,0.12850507474229503,0.12863103193025618,0.12874738026228452,0.1288544727643599,0.12895272454039236,0.12904242875464783,0.1291238462312762,0.1291973068014052,0.1292632231471376,0.12932127056502463,0.12937222632169149,0.12941599842235443,0.12945273707819058,0.12948264802353607,0.12950584841563448,0.12952233821344944,0.1295322858506547,0.1295357066435756,0.12953264956021163,0.12952310315357332,0.12950713985891094,0.12948491915701582,0.12945567123322446,0.12942020135106283,0.12937820909284875,0.12932941898579503,0.12927388696616127,-2.0,0.12914216453550806,0.1290658457281049,-2.0,0.12889088864010917,0.12879199234405275,0.12868545276997279,-2.0,-2.0,-2.0,0.1281760627427376,0.1280263122321439,0.1278674840494982,-2.0,-2.0,0.12733042898783364,-2.0,0.12691862930710304,-2.0,0.1264595852535374,0.12621091925381467,0.12594925415565095,0.1256735956217198,0.12538341245513163,0.12507826863620433,0.1247574697602867,0.12442007838928551,0.12406565271592132,-2.0,-2.0,-2.0,-2.0,-2.0,-2.0,0.12103621468709376,-2.0,0.11996651742090025,-2.0,-2.0,-2.0,-2.0,-2.0,-2.0,0.11531234836059415,0.11451321242835655,-2.0,-2.0,-2.0,-2.0,-2.0,-2.0,-2.0,0.10657825932908974,0.10536175088919858,-2.0,-2.0,-2.0,-2.0,0.09835334752789604,-2.0,0.09506120823808258,-2.0,-2.0,-2.0,-2.0,-2.0,0.08313640543341447,-2.0,-2.0,-2.0,0.07313039315794778,-2.0,-2.0,-2.0,0.061086868212637244,0.05771086417783948,-2.0,-2.0,-2.0,-2.0,-2.0,0.03381579441809397,0.02914721995146148,0.024257407692239663,-2.0,-2.0,-2.0,-2.0,-2.0,-2.0,-2.0,-2.0,-2.0,-2.0,-2.0,-2.0,-2.0,-2.0,-2.0,-2.0,-0.10510082533184448,-0.11635104601268972,-2.0,-2.0,-2.0,-2.0,-2.0,-2.0,-2.0,-2.0,-2.0,-2.0,-2.0,-2.0,-2.0,-2.0,-2.0,-2.0,-2.0,-2.0,-0.46693593217609547,-0.49532701640657656,-2.0,-2.0,-0.5888276522797027,-2.0,-0.658776585597445,-2.0,-2.0,-2.0,-0.8196846392275694,-2.0,-2.0,-0.961498910046436,-2.0,-1.0675917784539888,-2.0,-1.1839741524326466,-1.2463321038661583,-2.0,-2.0,-2.0,-1.526736197206713,-2.0,-2.0,-1.773866609661676,-2.0,-2.0,-2.0578073555508434,-2.161559577828006,-2.270226649634025,-2.0,-2.503247596979978,-2.6281007188898475,-2.0,-2.0,-2.0,-2.0
0.7707875183839599,0.13857880446696275,0.13898701043673944,0.13936943311397026,0.13972765400988355,0.14006336171152584,0.14037795972481182,0.1406728491780282,0.14094903413391033,0.1412076861313383,0.14144991230583856,0.1416765909317133,0.14188858008598818,0.1420866214204958,0.1422715095647966,0.14244378428392013,0.14260417921004886,0.142753175522543,0.14289130605856248,0.14301905082943409,0.14313682125819172,0.14324502363901245,0.14334402618895972,0.14343413058667115,0.14351572899930473,0.14358885402976176,0.14365394485094074,0.143711377932625,0.14376078142610302,0.14380298413733392,0.14383760174228763,0.14386522162805637,0.14388559262526202,0.14389881578750524,0.14390514179028557,0.14390454625182347,0.1438971003626574,0.14388276239383002,0.14386161969924316,0.14383345774022271,0.1437983877575961,0.1437562484898969,0.14370719245147787,-2.0,0.14358721975765176,0.14351616401022274,0.1434376683800217,0.1433515045221592,0.1432576755636953,0.14315524335798335,0.14304493031732662,-2.0,0.14279847675890744,0.14266169431803458,0.1425158872864901,-2.0,0.1421947395642767,0.14201915226278422,0.14183251573391087,-2.0,0.1414260004491411,0.14120524897552986,0.14097187081959384,0.14072581442712018,0.1404661975527648,-2.0,0.13990459396557897,0.13960145009614172,0.1392822210204176,0.1389466694924551,-2.0,0.13822340712417866,-2.0,-2.0,0.13699504743250146,-2.0,-2.0,-2.0,-2.0,-2.0,-2.0,-2.0,-2.0,-2.0,-2.0,0.1306205995419486,-2.0,0.129060555129146,-2.0,-2.0,-2.0,-2.0,-2.0,-2.0,-2.0,-2.0,-2.0,0.11864042031934799,0.11730592394169972,0.11590747680124848,0.1144426629425132,-2.0,-2.0,0.10961675032449321,0.10785279215012965,-2.0,-2.0,-2.0,-2.0,-2.0,-2.0,-2.0,-2.0,0.0876887149824927,-2.0,-2.0,-2.0,-2.0,-2.0,-2.0,0.06503073832458728,-2.0,-2.0,-2.0,-2.0,-2.0,-2.0,-2.0,-2.0,-2.0,-2.0,0.010666247661421518,0.0042108805918282255,-2.0,-2.0,-0.0170490170957609,-2.0,-2.0,-2.0,-2.0,-2.0,-2.0,-2.0,-2.0,-2.0,-2.0,-2.0,-2.0,-2.0,-2.0,-2.0,-2.0,-2.0,-2.0,-2.0,-2.0,-2.0,-2.0,-0.32855657340723166,-2.0,-0.37467505585575744,-2.0,-2.0,-2.0,-2.0,-0.5105004016813345,-2.0,-2.0,-2.0,-2.0,-2.0,-2.0,-2.0,-2.0,-2.0,-2.0,-0.9469361223360836,-2.0,-1.0530289659288696,-1.1098737554069926,-2.0,-2.0,-1.29708115335151,-1.365486929452841,-1.4371331547838484,-1.5121733257467365,-2.0,-2.0,-2.0,-2.0,-1.9441847669980172,-2.0,-2.146996660132044,-2.0,-2.0,-2.0,-2.0,-2.0,-2.0,-2.0,-3.174963002599347
0.7488103857590023,0.15165086598248195,0.15211930383592404,0.15255794716865093,0.1529688508900195,0.15335385478652686,0.15371473381711045,0.1540528329807817,0.15436985006941806,0.154666790708603,0.15494516476311798,0.15520566567965136,0.15544962103869953,0.15567780099690398,0.15589110373616372,0.15609025964386472,0.15627598451649194,0.15644895828159847,0.15660974971149924,0.1567589264720516,0.1568969870334743,0.1570244272033141,0.15714162914302748,0.15724893028810044,0.15734684684027445,0.1574354788275932,0.1575152929585219,0.15758666648370948,0.15764933394840436,0.157703953972589,0.1577506134475799,0.1577895148441364,0.15782061713167497,0.15784414831796706,0.15786027917176693,-2.0,-2.0,0.15786432728751912,0.15785103966020606,0.1578304487756129,0.15780257267139575,0.1577675131191223,0.15772472046944458,0.15767461513476277,0.15761700788112665,0.15755161620892472,0.15747845822223477,0.1573974299310473,0.15730835118359368,0.15721071649778487,0.15710477747276996,0.15699004365918495,0.156866472975721,0.1567336431371645,0.15659137349941812,0.15643917067276414,0.1562770318167378,0.156104376347075,0.15592105554395272,-2.0,0.15552012871301885,0.15530184638396768,0.155071131260774,0.15482750747692783,-2.0,0.15429869665767335,-2.0,-2.0,0.1533942635664813,-2.0,0.1527094446240687,-2.0,0.15195232915997245,-2.0,0.15111659418220072,-2.0,-2.0,0.14969963207393647,-2.0,-2.0,0.14806178130378456,-2.0,-2.0,-2.0,-2.0,-2.0,-2.0,-2.0,-2.0,-2.0,-2.0,-2.0,-2.0,-2.0,-2.0,0.135270405627473,-2.0,-2.0,-2.0,-2.0,-2.0,0.12705082828593084,-2.0,-2.0,-2.0,-2.0,-2.0,-2.0,-2.0,-2.0,-2.0,-2.0,0.10451252715009852,-2.0,-2.0,-2.0,-2.0,-2.0,-2.0,-2.0,-2.0,-2.0,-2.0,-2.0,-2.0,0.057855900254928996,-2.0,-2.0,0.04248106556311175,0.03686289435029838,-2.0,-2.0,-2.0,-2.0,-2.0,-0.0028996441355302605,-2.0,-0.018804564655638484,-2.0,-2.0,-2.0,-2.0,-2.0,-2.0,-2.0,-2.0,-2.0,-2.0,-2.0,-2.0,-2.0,-2.0,-2.0,-2.0,-2.0,-2.0,-2.0,-2.0,-2.0,-0.3369317541397616,-2.0,-2.0,-2.0,-2.0,-0.4666137487290467,-2.0,-2.0,-2.0,-2.0,-2.0,-2.0,-2.0,-2.0,-2.0,-2.0,-2.0,-2.0,-0.9846043009788851,-2.0,-1.0957228590141879,-1.1552604227346457,-1.217618352656328,-2.0,-2.0,-2.0,-2.0,-2.0,-2.0,-1.7451527410298724,-2.0,-2.0,-2.0290934456300493,-2.132845661060498,-2.0,-2.0,-2.0,-2.0,-2.73015428356213,-2.0,-3.0105664985381284,-2.0
0.7274598776536367,0.16427490042910092,0.16480735445160039,0.1653055969471294,0.16577218177137315,0.16620926114577958,0.16661879967037976,0.16700265254701063,0.167362407720366,0.1676996443540826,0.16801567828747094,0.1683118180179242,0.16858920388319887,0.16884893611243393,0.16909188839451111,0.1693190480816218,0.16953120544485822,0.16972929578733706,0.16991350492517623,0.1700851254060674,0.1702441247338013,0.17039147534330212,0.17052755565171615,0.1706527823686093,0.17076756691020928,0.17087242444637718,0.1709673989068258,0.17105302552113205,0.1711295117453915,0.17119718453301333,0.17125618039550236,0.17130669186313352,0.171349150203742,0.1713832023372888,0.1714093428077234,0.17142749752286815,0.17143791540196862,0.17144068031046547,0.17143554467089658,-2.0,0.1714023098443502,0.17137428050033432,0.1713384347363052,0.17129453549131793,0.17124302651632387,0.17118342851058996,0.17111586407148924,0.17104003158097875,0.17095580978506028,0.170863152122038,-2.0,0.1706513116336658,0.17053190543324803,0.17040291583881442,-2.0,0.1701158795422332,0.16995707286498002,0.16978774498796695,0.16960737908787984,0.16941579689278272,-2.0,0.16899684398035808,0.16876854844614794,-2.0,0.1682721985768346,0.16800317642503126,-2.0,0.16741990422945796,-2.0,-2.0,-2.0,-2.0,-2.0,0.16526363857984838,-2.0,0.16438886712852327,0.16391823654740761,0.1634237967813292,-2.0,-2.0,-2.0,-2.0,-2.0,0.15990249436926396,0.1592112315725058,0.15848629627147742,-2.0,-2.0,0.15609435712151917,-2.0,-2.0,-2.0,0.1523320198324246,0.15127588177953866,-2.0,0.14900979524926372,-2.0,-2.0,0.14518791546221488,-2.0,-2.0,-2.0,-2.0,-2.0,-2.0,-2.0,-2.0,0.1299309265262598,-2.0,0.12558381527363735,-2.0,-2.0,-2.0,-2.0,-2.0,-2.0,-2.0,-2.0,-2.0,-2.0,-2.0,0.08904675596926254,0.08498412080464104,0.08072889846157338,-2.0,-2.0,0.0667143598422183,0.06159319338606008,-2.0,-2.0,-2.0,-2.0,0.03210867689206459,-2.0,-2.0,-2.0,-2.0,-2.0,-2.0,-2.0,-0.03185157033931532,-2.0,-2.0,-2.0,-2.0,-2.0,-0.09801387135137718,-0.11093977770985775,-2.0,-0.13865765420507634,-0.15350900761042335,-2.0,-2.0,-0.20241930298252173,-2.0,-2.0,-2.0,-2.0,-0.3006559794571373,-2.0,-2.0,-2.0,-2.0,-0.4244724565472694,-2.0,-2.0,-2.0,-0.5463639334501638,-2.0,-2.0,-2.0,-2.0,-2.0,-2.0,-0.8223218046545249,-2.0,-2.0,-2.0,-2.0,-2.0,-1.1415099092007592,-2.0,-2.0,-2.0,-2.0,-2.0,-1.5628666721154514,-2.0,-1.7314021512695534,-1.8217038269639563,-2.0,-2.0,-2.0,-2.0,-2.3415767940872985,-2.0,-2.0,-2.0,-2.0,-2.9968158643975973,-3.1470613450193614
0.7067181273927491,0.17645695922897323,0.17705751095403957,0.17761919996353856,0.17814492849941108,0.17863705958843606,0.1790981262401267,0.17953010561735364,0.17993500424320935,0.18031455157994639,0.18067037551139525,0.18100365531672483,0.18131608619786158,0.1816087434318923,0.18188286410318755,0.18213923857246972,0.1823789587795992,0.1826029140836029,0.18281182397704293,0.18300647589419028,0.18318756617701812,0.18335562261695648,0.18351149893445162,0.1836551475960113,0.18378748122117614,0.18390926047886336,0.18401971132392472,0.18412031506954676,0.1842111174612945,0.18429231877017876,0.18436416131185793,0.18442650924872142,0.18448030154215928,0.18452548103376862,0.18456191500567085,0.18458995746901513,0.18460977482380558,0.18462132225899028,0.18462472803392946,0.18462010350572308,0.18460724993464475,0.18458643257200857,0.18455749195710647,0.18452033345883687,0.18447521829940708,0.18442148879755949,0.18435957879247425,0.18428912405249823,0.18421023666888997,0.18412232038966553,0.18402555816834565,0.1839197214957451,-2.0,0.18367962233289198,0.18354493725851875,0.18340007163599067,-2.0,0.1830787894876499,-2.0,0.18271301147646937,-2.0,0.18229973019175127,0.18207423452617214,0.1818353374989892,0.1815827756108529,-2.0,-2.0,-2.0,-2.0,-2.0,-2.0,-2.0,-2.0,0.1785912897426925,-2.0,-2.0,-2.0,-2.0,-2.0,-2.0,0.17512629403027602,0.17452822909441496,-2.0,0.17324238641033715,-2.0,-2.0,-2.0,0.1702732253280373,-2.0,-2.0,-2.0,-2.0,-2.0,-2.0,-2.0,-2.0,-2.0,-2.0,0.15853802115333135,-2.0,-2.0,0.15414433393993168,-2.0,-2.0,-2.0,0.1472456090147249,0.1453110482352044,-2.0,-2.0,-2.0,-2.0,-2.0,-2.0,-2.0,-2.0,-2.0,-2.0,-2.0,-2.0,-2.0,-2.0,-2.0,-2.0,0.09408602683577352,-2.0,0.08496120203791103,-2.0,-2.0,-2.0,0.06396917172036379,-2.0,-2.0,-2.0,0.03870595108387387,-2.0,0.024207799827057924,0.01643953346531077,-2.0,-2.0,-2.0,-0.01849269395009448,-2.0,-2.0,-2.0,-2.0,-2.0,-0.08465464098528203,-2.0,-2.0,-2.0,-2.0,-0.15570285664691275,-2.0,-2.0,-0.20693166187574516,-2.0,-0.24525547792385152,-0.265789506594313,-2.0,-2.0,-2.0,-2.0,-2.0,-0.4111126222625152,-2.0,-2.0,-0.5003840961489352,-2.0,-2.0,-2.0,-2.0,-0.6796856942478509,-2.0,-0.7638606216216272,-0.8089617697689402,-0.8561993960516353,-2.0,-0.9574937484281844,-1.0117674920365314,-2.0,-1.128149799005193,-2.0,-2.0,-1.3242253110187963,-2.0,-2.0,-1.5495065228646028,-2.0,-2.0,-1.8083436089504175,-2.0,-2.0,-2.0,-2.214401885266207,-2.328216583138334,-2.0,-2.0,-2.0,-2.0,-2.0,-3.1337011075970094
0.6865677777260395,0.18820433020297986,0.18887778888057924,0.1895070197059477,0.19009547649999545,0.19064618018523904,0.1911618015484935,0.19164469366751866,0.19209723171054724,0.1925213173284277,0.1929188050252752,0.19329136201199443,0.1936405573560867,0.19396777087278474,0.194274292320761,0.19456137751450933,0.19482984871879447,0.19508105462701045,0.1953154998680556,0.19553434547630505,0.19573824932636444,0.1959280639434706,0.19610415901260628,0.19626711498363497,0.19641789642771013,0.19655641529384626,0.19668369154705967,0.19679975236777736,0.19690511821764872,0.19700015364880885,0.19708516389464478,0.1971606521662518,0.19722598181037113,0.1972824000274611,0.19732959387352875,0.19736786514569485,0.1973975280358884,0.1974181440417143,0.19743038382892322,0.1974338858709586,0.19742909295370012,0.19741582281435724,0.1973939263501864,0.19736357759627232,0.19732483036853127,0.19727741780434482,0.19722128531723565,0.1971564587276909,0.19708283962757409,0.19700001901309416,0.1969082301517075,0.19680682244934036,0.19669607098095307,-2.0,-2.0,0.19630369865710737,0.19615194781424092,0.195989331052462,0.19581550583254145,-2.0,0.19543245714263277,-2.0,0.19499993422326342,0.19476331717709003,-2.0,-2.0,0.19396912336777752,-2.0,-2.0,-2.0,-2.0,-2.0,0.19194212647398162,-2.0,-2.0,-2.0,-2.0,-2.0,-2.0,-2.0,-2.0,-2.0,0.18686018749092095,0.18620286219273377,-2.0,-2.0,0.1840322508788449,-2.0,-2.0,-2.0,-2.0,-2.0,-2.0,0.17759172578884672,-2.0,-2.0,-2.0,-2.0,-2.0,-2.0,-2.0,-2.0,-2.0,-2.0,-2.0,-2.0,0.15828546182458897,0.15625926545733623,-2.0,-2.0,-2.0,-2.0,-2.0,-2.0,-2.0,-2.0,-2.0,-2.0,0.1264982234178949,0.12296285271325373,-2.0,-2.0,0.11131930430534998,-2.0,-2.0,-2.0,-2.0,-2.0,0.08256616356148012,-2.0,-2.0,-2.0,-2.0,-2.0,0.04460432339356357,-2.0,-2.0,-2.0,-2.0,-2.0,-2.0,-2.0,-2.0,-2.0,-0.04755005467842746,-0.059332973473799344,-0.0716741147217248,-2.0,-2.0,-0.11231760456557272,-2.0,-0.1427235702805837,-2.0,-0.17607892517349272,-2.0,-2.0,-0.2322745304690217,-0.25280852646985363,-2.0,-2.0,-2.0,-2.0,-2.0,-0.3981314782853184,-2.0,-2.0,-2.0,-2.0,-2.0,-2.0,-0.6274502530493882,-2.0,-2.0,-0.7508792989792197,-2.0,-2.0,-2.0,-2.0,-2.0,-2.0,-2.0,-2.0,-2.0,-2.0,-2.0,-2.0,-2.0,-1.618843015834194,-2.0,-1.7953621344004138,-1.889941467825946,-1.9890011162341599,-2.0927533028523078,-2.0,-2.0,-2.0,-2.0,-2.0,-2.0,-2.970474066150953,-3.120719533436877
0.6669919663030122,0.1995231396291104,0.20027461246487746,0.2009760871055316,0.20163160943250455,0.2022445574102153,0.20281804963221087,0.20335493273528468,0.20385783813815075,0.20432896749231716,0.20477048449400442,0.2051842989665953,0.20557211887624394,0.20593561126039847,0.2062762159430474,0.20659524711449526,0.20689401893285783,0.20717348013578687,0.20743474643277557,0.20767891817916767,0.20790663732981304,0.20811871633920373,0.2083160225874471,0.20849910703898267,0.2086688605084308,0.20882544311669154,0.2089695745353557,0.20910176012935205,0.20922238890704042,0.20933194922726428,0.20943059835099573,0.20951910466218068,0.20959671599286442,0.2096648890446161,0.20972320550642906,0.2097721771152581,0.20981160214338723,0.20984182476873012,0.20986291094791196,0.20987511919969107,0.2098784264342393,0.2098728425044292,0.20985840067743214,0.2098351506427263,0.20980307169583012,0.2097619525367309,0.20971189873480178,0.20965282932644497,0.20958462343118342,0.20950714979454105,0.20942017611036717,0.20932380364165884,0.20921721768403914,0.20910110449665442,0.2089743146605469,-2.0,-2.0,0.20853016926451193,0.2083596612041114,0.20817728640971583,-2.0,0.20777574755584563,0.20755579580482833,0.20732226126839823,0.20707484949581137,0.20681241426475785,0.2065351710221829,0.2062425425777521,-2.0,-2.0,0.20526357852825824,-2.0,-2.0,-2.0,-2.0,-2.0,-2.0,0.2022960701548157,-2.0,-2.0,-2.0,-2.0,0.19945144317826516,-2.0,0.19810673742382812,-2.0,-2.0,-2.0,-2.0,0.1941270146756203,0.19321169285548473,-2.0,-2.0,-2.0,0.1890872620498854,-2.0,-2.0,-2.0,-2.0,-2.0,0.1812538396078024,-2.0,-2.0,-2.0,-2.0,-2.0,-2.0,-2.0,-2.0,-2.0,-2.0,-2.0,-2.0,0.15452101927029724,0.15171739709284665,-2.0,-2.0,-2.0,-2.0,-2.0,-2.0,-2.0,-2.0,0.11967498606248356,-2.0,-2.0,-2.0,-2.0,-2.0,-2.0,-2.0,-2.0,-2.0,-2.0,0.05721626808000363,-2.0,0.04203151452262993,0.03389534687008647,-2.0,-2.0,0.007099904937383578,-2.0,-2.0,-2.0,-2.0,-2.0,-2.0,-2.0,-2.0,-0.09970464452633576,-2.0,-2.0,-2.0,-2.0,-2.0,-2.0,-2.0,-2.0,-2.0,-0.28422749117517293,-2.0,-2.0,-2.0,-2.0,-0.413908937975554,-0.44364485519198316,-0.4747893580811096,-2.0,-0.5415743755603654,-2.0,-2.0,-2.0,-0.6952044137512947,-2.0,-2.0,-2.0,-0.8800796586612691,-2.0,-2.0,-2.0,-2.0,-1.1649125180668571,-1.230224356935826,-2.0,-2.0,-1.4453163901892723,-2.0,-1.6062292104813476,-1.6924466511791347,-1.7827482437086024,-1.8773276448886542,-2.0,-2.0,-2.188806498795928,-2.0,-2.0,-2.0,-2.0,-2.0,-2.0,-2.0
0.6479743115621104,0.21041744511271837,0.21125285616210868,0.2120318097813632,0.21275895207994847,0.2134382782249991,0.2140734543171309,0.21466769363832214,0.21522388680360063,0.21574482791603272,0.2162328342199059,0.21669012224547463,0.21711867058505324,0.217520278897923,0.21789666414156733,0.21824931610130407,0.21857965247594455,0.2188887606212828,0.2191780291382643,0.2194484944843536,0.21970099575665633,0.21993655150414756,0.22015604084104304,0.22036016291441568,0.220549352089416,0.22072471143934497,0.2208866167677157,0.22103544930189262,0.2211719087894623,0.22129634805337262,0.22140934027169437,0.2215110696988347,0.2216019548779989,0.22168216647145383,0.22175156975496782,0.22181135065665872,-2.0,0.22190153389771153,0.22193181812166388,0.2219529109474175,0.2219645663545257,0.22196719932677003,0.22196029533404968,0.2219441960818493,0.22191891727878826,0.22188451891251315,0.22184065648405532,0.221787549800603,0.22172501904146488,0.22165294183402023,0.22157098524753321,0.22147940878961145,0.2213776576002405,0.2212658671545661,0.22114326617323443,0.2210101979331661,0.2208659713336004,0.22071055126810715,0.22054353060769258,0.22036469447516477,0.2201734111772247,-2.0,0.2197520084950095,0.2195211502933516,0.21927611222881768,0.21901651832044564,0.21874176304686685,-2.0,-2.0,-2.0,-2.0,0.21711794141881435,0.2167387929597263,0.2163391333386705,-2.0,-2.0,-2.0,-2.0,-2.0,-2.0,-2.0,-2.0,0.21168379189516848,0.2110288738138089,0.21034121023118169,-2.0,-2.0,-2.0,-2.0,-2.0,0.20545128234421206,-2.0,-2.0,-2.0,0.20132963431764023,-2.0,0.19895962276449553,-2.0,0.19635700141569498,0.19496157197723413,-2.0,-2.0,-2.0,0.18868106613575314,-2.0,-2.0,-2.0,-2.0,-2.0,-2.0,-2.0,-2.0,-2.0,-2.0,0.1639678365250729,-2.0,-2.0,-2.0,-2.0,-2.0,-2.0,-2.0,-2.0,-2.0,-2.0,-2.0,0.11791441861448473,-2.0,-2.0,-2.0,0.09592900121613487,-2.0,0.08331155699406892,-2.0,0.06946989622672145,0.062053328115291906,0.054285326901467035,-2.0,0.037627650372350496,0.028702291902167776,-2.0,-2.0,-0.0006922023136061439,-0.011433125274436212,-2.0,-2.0,-2.0,-2.0,-2.0,-2.0,-2.0,-2.0,-2.0,-2.0,-2.0,-2.0,-2.0,-2.0,-2.0,-2.0,-0.2955650203572618,-2.0,-0.34615603998177885,-2.0,-2.0,-2.0,-2.0,-2.0,-2.0,-2.0,-2.0,-2.0,-2.0,-2.0,-0.7711113512856302,-2.0,-2.0,-2.0,-0.9739169249193386,-2.0,-2.0,-2.0,-2.0,-1.2863745857662452,-2.0,-2.0,-1.5116557169514182,-2.0,-1.6801910857133806,-2.0,-2.0,-2.0,-2.067883902475863,-2.0,-2.0,-2.0,-2.0,-2.6651923925226373,-2.0,-2.0,-2.0
0.6294988990221887,0.22089156069160942,0.22181751898166321,0.22267990842505403,0.223483854091701,0.22423415292499665,0.22493508869132658,0.22559027366516424,0.22620318738335718,0.226776980141075,0.22731409641183592,0.2278173607369669,0.22828877443784873,0.22873059580547997,0.22914454553563224,0.22953249361085007,0.22989592237632225,0.23023626555471285,0.23055479838183776,0.23085276785925452,0.2311311905783718,0.2313912841898408,0.2316337174144714,0.2318596003548377,0.23206944044139494,0.23226410408473158,0.23244437482617525,0.2326105935971089,0.2327634509570914,0.23290344619013348,0.23303102134012196,0.2331466712221,0.2332507862472197,0.23334338898851031,0.23342551061644115,0.23349604714506036,0.23355658663001005,-2.0,0.23364720419424959,-2.0,-2.0,0.23370844094205293,0.23370955118000744,0.23370095665651586,0.23368287048099834,-2.0,0.2336179464205967,0.23357091094366345,-2.0,-2.0,0.23337091690863254,0.23328421696343818,0.2331873843882786,-2.0,0.2329618240622235,0.23283287100325542,0.23269262755122092,0.2325410136804353,-2.0,0.23220209128365493,-2.0,0.23181293127737543,0.23159871406475938,0.23137061302132653,0.23112841078363697,0.23087119956590754,-2.0,-2.0,-2.0,-2.0,-2.0,-2.0,-2.0,-2.0,-2.0,-2.0,-2.0,0.22639990043779912,-2.0,-2.0,-2.0,-2.0,-2.0,-2.0,-2.0,-2.0,-2.0,-2.0,-2.0,0.21825639077898115,-2.0,-2.0,-2.0,-2.0,-2.0,-2.0,-2.0,-2.0,-2.0,0.20685849382685678,-2.0,-2.0,-2.0,-2.0,-2.0,-2.0,-2.0,0.19301484659260867,-2.0,-2.0,-2.0,0.1839040564192333,-2.0,-2.0,-2.0,-2.0,0.16985839193971056,0.166636811078542,-2.0,-2.0,-2.0,-2.0,-2.0,-2.0,-2.0,0.1347078311459438,-2.0,-2.0,-2.0,-2.0,-2.0,-2.0,-2.0,-2.0,-2.0,-2.0,-2.0,-2.0,-2.0,-2.0,-2.0,-2.0,-2.0,-2.0,-2.0,-2.0,-2.0,-2.0,-2.0,-0.07554325464817119,-2.0,-2.0,-2.0,-2.0,-2.0,-0.17589416356902315,-0.19549931175617968,-2.0,-0.23753984922673338,-2.0,-0.28365787690586847,-0.3083680694263687,-2.0,-0.36135563422404615,-0.38974653201952214,-2.0,-0.4506268276805891,-2.0,-2.0,-2.0,-2.0,-2.0,-2.0,-2.0,-2.0,-2.0,-2.0,-2.0,-2.0,-2.0,-2.0,-2.0,-2.0,-2.0,-1.3461131787808847,-1.421153281597999,-1.4997481233194563,-2.0,-2.0,-1.7585851426029713,-2.0,-2.0,-2.0,-2.0,-2.0,-2.3976641366427804,-2.0,-2.0,-2.79024678663661,-2.9336968922426157,-2.0
0.6115502679648499,0.2309484318321944,0.23197245538999633,0.232924786587256,0.2338113155080156,0.23463775431900089,0.23540896557531305,0.2361293120271334,0.2368025835431395,0.23743225567674073,0.2380216209272439,0.23857342723373784,0.2390902163722923,0.23957435274710065,0.24002798157256008,0.2404530708798488,0.2408512516275818,0.24122416649732686,0.2415734217066754,0.24190021480010385,0.24220579678225113,0.2424914193569932,0.24275798311751157,0.24300638274946437,0.2432378104014695,0.2434527363842058,0.24365197386718987,0.2438362290841821,0.24400618883395506,0.2441624332678097,0.24430525042736573,0.24443553504559423,0.24455303456914396,0.24465889701419705,0.2447528583810898,0.2448355800094843,0.24490716744202215,0.24496802380953003,0.2450182421299018,-2.0,0.24508726770194883,0.24510665719804475,0.24511570712139058,0.24511505855561252,-2.0,0.24508348615621714,0.2450527326432225,0.24501202642811679,0.24496134515022067,0.24490064787873325,0.2448293648006635,0.2447479160617635,-2.0,0.24455330765033548,0.24443958637734556,-2.0,-2.0,-2.0,0.24387107291382293,0.24369923862268775,-2.0,0.24331648909702575,-2.0,0.24288032870219706,0.24264070237302138,0.242386102971479,-2.0,-2.0,-2.0,0.24120815029885698,0.24087049263987154,0.24051419373311542,0.24013821711412306,-2.0,0.2393250820109004,0.23888603403907221,-2.0,0.23793834110228354,-2.0,0.23689070345225413,-2.0,-2.0,-2.0,0.234459515554854,-2.0,-2.0,0.23230062379431463,0.2315090619422111,-2.0,-2.0,-2.0,0.22793775790313348,-2.0,-2.0,-2.0,-2.0,-2.0,-2.0,-2.0,0.21841678202463455,-2.0,-2.0,0.21382056178009437,0.21213985725296686,-2.0,0.20853430401017853,-2.0,-2.0,-2.0,-2.0,-2.0,-2.0,-2.0,-2.0,0.18743409156445495,-2.0,-2.0,-2.0,-2.0,0.1712928150572548,-2.0,-2.0,-2.0,0.15539727980762938,0.1509412290631108,-2.0,0.14138535614837539,-2.0,-2.0,-2.0,-2.0,-2.0,-2.0,-2.0,-2.0,-2.0,-2.0,-2.0,-2.0,-2.0,-2.0,-2.0,-2.0,0.012041234479442164,-2.0,-2.0,-2.0,-2.0,-2.0,-2.0,-2.0,-0.09438062411581774,-0.11067216513251624,-2.0,-2.0,-2.0,-2.0,-2.0,-2.0,-2.0,-2.0,-2.0,-2.0,-2.0,-2.0,-2.0,-2.0,-2.0,-2.0,-2.0,-0.5791049041898505,-2.0,-0.6594725667301751,-0.7025337586505206,-2.0,-2.0,-2.0,-2.0,-0.9504402670940401,-2.0,-2.0,-1.1291802891789933,-2.0,-2.0,-2.0,-2.0,-2.0,-2.0,-2.0,-2.0,-2.0,-2.0,-2.0,-2.0,-2.0,-2.3860948120128387,-2.5109478969401025,-2.0,-2.0,-2.0,-3.072373003774549
0.5941133984965034,0.24059018479539201,0.2417207538356714,0.2427702762299615,0.2437460402253687,0.24465439466753236,0.24550099317737586,0.24629090454516586,0.24702854357033585,0.2477179562610642,0.24836261476840327,0.2489659308933594,0.2495306984844219,0.25005960800084265,0.25055506130946054,0.2510191685337394,0.2514539069680211,0.25186128953949355,0.2522425366136567,0.2525995652150891,0.25293359314168473,0.2532458281381096,0.25353752581301914,0.25380981003650505,0.2540634563612306,0.2542994875175166,0.2545186537206428,0.2547217195701512,0.2549093804322867,0.2550823700041112,-2.0,0.2553864531436269,0.2555182320447439,-2.0,0.255744323247773,0.2558391144583361,0.25592208521555737,0.25599385878705877,0.25605430096184967,0.2561039225675992,0.2561428365917833,0.25617078229990303,0.25618848645317194,0.25619579739749193,0.25619236698572745,0.2561788741533923,-2.0,0.2561208314337462,0.25607621201557684,0.2560214071365845,0.25595575112837904,0.2558796716144979,0.2557928342771323,0.255694880291603,0.2555859976186996,0.25546556570800494,0.25533364196050345,0.25518988360119993,0.25503377557687706,0.2548653193680328,-2.0,0.2544896331675623,0.2542814757001006,0.2540592713764736,-2.0,-2.0,-2.0,0.2530202478765429,-2.0,0.25240246817031997,0.252066778668966,-2.0,0.2513387468545075,-2.0,0.25052909897645137,0.25009173236311877,-2.0,-2.0,0.24863777678664353,-2.0,-2.0,-2.0,0.2463279415037474,-2.0,-2.0,0.24427404546763798,0.24352040380058038,-2.0,-2.0,-2.0,-2.0,0.23916223853300403,0.23815917933144246,-2.0,-2.0,-2.0,-2.0,-2.0,-2.0,0.22964609936639163,-2.0,-2.0,-2.0,-2.0,-2.0,0.21976623910110357,-2.0,-2.0,-2.0,-2.0,-2.0,-2.0,-2.0,-2.0,-2.0,0.19573346044281606,-2.0,-2.0,-2.0,-2.0,-2.0,-2.0,-2.0,-2.0,-2.0,-2.0,-2.0,-2.0,0.14213971197216713,0.13652252635845638,-2.0,0.12447674024559205,-2.0,-2.0,-2.0,-2.0,-2.0,-2.0,0.07234018551673571,0.06341507245162026,0.054067060196078404,-2.0,0.03402130163549391,-2.0,-2.0,0.00024829910933393817,-0.012092551533955664,-2.0,-2.0,-2.0,-0.06758626980044796,-2.0,-2.0,-2.0,-0.13436731256880202,-0.1530856224620321,-2.0,-2.0,-2.0,-2.0,-2.0,-0.28555910860431993,-2.0,-2.0,-2.0,-0.3966731826193843,-0.4278175964881568,-2.0,-2.0,-0.5303859278364,-0.5678645577545454,-2.0,-2.0,-0.6912933412368724,-2.0,-2.0,-2.0,-2.0,-2.0,-2.0,-2.0,-1.1179397643418578,-2.0,-2.0,-2.0,-1.398343467513522,-2.0,-2.0,-2.0,-1.7357752482196476,-2.0,-1.9294141621822412,-2.0331663261830806,-2.0,-2.0,-2.0,-2.0,-2.630474722493463,-2.0,-2.0,-3.0611323097161915
0.577173698979317,0.24982317317776798,0.2510648148833089,0.25222004137087756,0.25329222962614356,0.2542888665389356,0.2552165510187618,0.2560810457566862,0.25688750649313485,0.25764053381691376,0.2583442236585941,0.2590022311828528,0.2596178387135908,0.2601940895787414,0.2607337603313648,0.2612390089154154,0.2617123222061892,0.2621556457531762,0.2625707776034615,0.26295948813321546,0.26332329326820236,0.2636634874549173,0.26398158736302163,0.2642785651253537,0.2645554533099966,0.26481345481826657,0.26505340559561325,0.26527599498162696,0.2654822410649177,0.26567270815716704,0.2658479652236672,0.2660086214855751,0.2661553326860942,0.26628850502837137,0.26640868190362793,0.2665159790394637,0.2666111342336409,0.2666939630577539,0.26676539580746006,0.26682489483287736,0.2668733104322677,0.26691054480097476,0.2669369884288264,0.26695231588741475,0.26695690652471843,0.2669510020300001,0.26693407800877167,0.2669066602111076,0.2668685958806443,0.2668197119148574,0.2667599907744114,0.2666893033599525,0.26660769343623714,0.26651494910932105,0.2664106355258996,0.2662947892196198,0.2661671435735755,0.26602758692343315,0.2658753800264606,0.26571071482070946,0.2655330227876645,-2.0,-2.0,-2.0,-2.0,0.26443501867382213,0.26417029982817675,0.2638894672011744,0.2635917078846002,0.2632764266576371,0.2629430705360374,-2.0,-2.0,0.2618266765457066,-2.0,0.2609776958703861,0.26051883504233864,-2.0,-2.0,-2.0,-2.0,-2.0,-2.0,-2.0,-2.0,-2.0,-2.0,0.2536311771549399,-2.0,-2.0,-2.0,0.2500667371658728,0.24906455641455486,-2.0,-2.0,-2.0,0.24454746403334393,-2.0,-2.0,-2.0,-2.0,-2.0,-2.0,-2.0,-2.0,-2.0,-2.0,-2.0,-2.0,-2.0,-2.0,-2.0,-2.0,-2.0,-2.0,0.2066497259949763,-2.0,0.20035399424576672,0.19698020924853366,-2.0,-2.0,-2.0,-2.0,-2.0,0.1730965996625266,-2.0,-2.0,-2.0,-2.0,-2.0,0.14155814836235756,-2.0,0.128941656560463,-2.0,-2.0,-2.0,-2.0,-2.0,0.08326012902347035,-2.0,-2.0,-2.0,0.04494153269003523,0.03420087494509197,0.022951324515921384,-2.0,-2.0,-2.0,-2.0,-2.0,-0.056665499021275156,-0.0722200476124491,-2.0,-2.0,-0.12344635839519885,-2.0,-2.0,-2.0,-2.0,-2.0,-0.2499277946553785,-2.0,-2.0,-2.0,-2.0,-2.0,-2.0,-2.0,-2.0,-2.0,-2.0,-2.0,-2.0,-0.6803718469949009,-0.7254728685485438,-0.7727103859163647,-0.8221856141883259,-2.0,-2.0,-2.0,-1.0446603288997747,-2.0,-1.1723299329491992,-1.2407356073121842,-1.312381731475329,-1.3874218096378792,-2.0,-2.0,-2.0,-1.7248535539798877,-1.8194328456308693,-2.0,-2.0,-2.1309115996262684,-2.0,-2.3639324071692336,-2.0,-2.0,-2.7565150276938954,-2.899965110844173,-2.0
0.5607169938205457,0.2587543346850589,0.26002184937740613,0.2612757648028355,0.26245268408246286,0.2635448626446092,0.2645599488246243,0.265504651589084,0.26638489473344246,0.26720593407280535,0.26797246484565107,0.268688685064461,0.2693584273556308,0.26998474858585353,0.27057111972010867,0.27111993780100707,0.27163385512209676,0.2721151945458468,0.2725658369742113,0.27298788599141904,0.2733828247660441,0.27375250434653686,0.2740979310103477,0.274420837543344,0.27472207586196584,0.2750030919044657,0.27526464876677503,0.27550774100455383,0.27573313586640064,0.2759418191168549,0.27613424567429734,0.27631115102718523,0.27647335124840566,0.2766208647636377,0.2767550307620111,0.27687544469925995,0.2769826154538761,0.27707732043594097,0.27715953327231313,0.2772296230666188,0.2772880497358305,0.27733476380569355,0.27737000727664496,0.2773941308648878,0.27740705979719044,0.27740838733151574,0.27739893253219733,0.2773785496995582,0.27734701678278983,-2.0,0.2772507100186576,0.2771858703252063,0.27710968086688403,-2.0,0.27692254374215547,0.27681138812132694,0.2766881871901726,-2.0,0.27640473182541186,0.2762436879108801,-2.0,0.27588198848154133,-2.0,-2.0,0.27523381066215924,-2.0,0.27472592874187224,-2.0,0.27415209619096065,-2.0,-2.0,-2.0,-2.0,0.2723980896616505,0.27198630738272644,0.27155246672741584,0.2710954325546059,-2.0,-2.0,-2.0,0.26901578229198697,-2.0,-2.0,0.26715981542819117,0.2664777205720862,-2.0,-2.0,-2.0,-2.0,-2.0,-2.0,-2.0,-2.0,0.258609831277229,-2.0,0.2563552685192156,-2.0,-2.0,-2.0,-2.0,-2.0,-2.0,-2.0,-2.0,-2.0,0.24128198630671163,-2.0,-2.0,0.23520675567317023,-2.0,-2.0,-2.0,0.2256679639783895,-2.0,-2.0,-2.0,-2.0,-2.0,-2.0,-2.0,0.20035203492839074,0.1964749612174171,-2.0,-2.0,-2.0,-2.0,0.1741498730173414,0.16902997868585296,-2.0,-2.0,-2.0,-2.0,0.1395509979732731,-2.0,-2.0,-2.0,0.1105268686079316,-2.0,-2.0,-2.0,-2.0,-2.0,-2.0,0.04481130967027505,-2.0,-2.0,0.00943858384908608,-2.0,-2.0,-2.0,-2.0,-2.0,-2.0,-2.0,-0.11283534086467789,-0.13155356450791694,-2.0,-2.0,-2.0,-0.2157241231392864,-2.0,-0.26402661687804924,-0.28989587496616137,-2.0,-2.0,-2.0,-2.0,-2.0,-0.4730695713712988,-2.0,-2.0,-2.0,-2.0,-0.6697602684184663,-2.0,-2.0,-2.0,-2.0,-2.0,-2.0,-2.0,-1.0964064564217004,-2.0,-2.0,-2.0,-2.0,-1.4554048641580093,-2.0,-2.0,-2.0,-2.0,-2.0,-2.0,-2.120299794240685,-2.0,-2.353320586784036,-2.0,-2.0,-2.0,-2.0,-3.039598704578167
0.5447295116100163,0.2674031050598108,0.26870432243758874,0.26996921134265295,0.27122810128680763,0.2724239006014817,0.2735334743618388,0.2745645752221406,0.27552409317631305,0.2764180129343561,0.27725171901816087,0.2780300526452252,0.2787571647251979,0.2794367610288612,0.2800725307381344,0.2806676143275782,0.28122432172974066,0.2817456744681883,0.28223382093949784,0.2826908105924031,0.283118675135765,0.28351888279765314,0.28389332585396615,0.2842432418514412,0.2845701496757031,0.2848749861145465,0.2851591604720101,0.2854235333749179,0.28566907426380894,0.28589660175260884,0.28610684200374903,0.2863007768432179,0.2864786956438969,0.2866416118364413,0.2867899928430282,0.28692357308968186,0.28704364322177495,0.28715042298154814,0.28724423778486696,0.2873253643883045,0.2873941861139413,0.2874506537825799,0.28749527996480273,0.2875280297342377,0.2875491183839161,0.28755878552871955,0.2875568932240786,0.28754364044761416,0.2875188698808644,0.2874828750334489,0.2874352482729982,0.28737634704033427,0.2873056563823121,0.2872233572513104,0.28712898408513693,0.28702277867717063,0.2869039117258092,0.2867728477364815,0.2866294054788171,0.28647204528722686,-2.0,0.2861177726413828,-2.0,-2.0,-2.0,-2.0,0.28497684209214647,-2.0,-2.0,-2.0,-2.0,0.2834215513367886,-2.0,-2.0,0.2822558845879836,-2.0,0.28136844893406143,0.2808891146206727,-2.0,-2.0,-2.0,-2.0,0.2780909908915334,0.27744297757886155,-2.0,0.2760473846301768,-2.0,0.2745094688893862,0.2736833358743173,-2.0,-2.0,0.27095260708123503,0.2699519521434262,0.26890282796144727,-2.0,-2.0,-2.0,-2.0,-2.0,-2.0,0.2599940940822531,-2.0,0.25686304070903304,0.25518428012634514,0.2534251414529569,0.251582023145879,-2.0,-2.0,-2.0,0.24328734257755688,-2.0,-2.0,-2.0,-2.0,-2.0,-2.0,-2.0,-2.0,-2.0,-2.0,-2.0,-2.0,-2.0,-2.0,-2.0,0.1893437134908933,-2.0,-2.0,-2.0,-2.0,-2.0,-2.0,-2.0,-2.0,-2.0,-2.0,-2.0,-2.0,-2.0,-2.0,-2.0,-2.0,0.06585961333477783,-2.0,-2.0,0.03208729314840808,-2.0,-2.0,-2.0,-2.0,-0.03574638344269937,-2.0,-2.0,-2.0,-0.10252685064371986,-0.12124502993031955,-2.0,-2.0,-2.0,-2.0,-2.0,-2.0,-2.0,-2.0,-2.0,-2.0,-2.0,-0.4285956402140714,-2.0,-2.0,-2.0,-2.0,-2.0,-2.0,-0.7045522009912699,-0.7517896885957989,-0.8012648786938228,-0.8530834676967867,-2.0,-0.9642020394491928,-2.0,-2.0,-1.1514090286491023,-2.0,-2.0,-2.0,-2.0,-2.0,-2.0,-2.0,-2.0,-2.0,-2.0,-2.0,-2.0,-2.0,-2.467864340164767,-2.598631807958049,-2.0,-2.0,-2.0
0.5291978735958441,0.2756804855589045,0.2770962446091822,0.27840892872455003,0.2796705468968683,0.2809292106810553,0.28214122779520995,0.2832656866943949,0.284310564518377,0.2852827919461574,0.286188443235748,0.2870330306419466,0.2878213332698336,0.28855770151348753,0.28924598263128265,0.28988981987375834,0.29049196104287767,0.291055608658805,0.2915831953142812,0.2920770645303439,0.2925393112966908,0.29297189193029965,0.29337656962102754,0.2937549343684978,0.29410842861260766,0.2944384842834013,0.29474618339141845,0.2950327024930588,0.29529911490520644,0.2955464075563634,0.29577541849754374,0.2959867720958398,0.29618150014195843,0.29635983497324475,0.29652308066361627,0.29667085337256505,0.2968042942659247,0.29692359664068,0.29702932045881364,0.29712198903023285,0.29720111938051696,0.2972679030840172,0.29732197726265447,0.29736400024498105,0.2973937338286467,0.2974115612629005,0.29741760310935234,0.29741182500534086,0.2973942664432988,0.2973647498938271,-2.0,0.2972706565691309,0.29720578279611026,0.29712883405572676,0.2970398574364633,-2.0,0.29682461332649474,0.296698018559078,-2.0,0.29640536054307226,0.29623892211830594,0.2960589934576293,0.2958639182130212,-2.0,-2.0,-2.0,-2.0,0.2946609852571482,-2.0,0.29406307068246307,0.29373661895240594,-2.0,-2.0,-2.0,-2.0,-2.0,0.2913481443419815,-2.0,-2.0,-2.0,-2.0,0.2886952376154242,0.28807978178353816,0.2874328116697598,0.2867533800730039,-2.0,-2.0,0.28450401643370155,-2.0,0.2828127288643102,-2.0,-2.0,-2.0,-2.0,-2.0,-2.0,-2.0,-2.0,0.27284866855919987,-2.0,-2.0,-2.0,0.26686883996857297,0.2651905299166949,-2.0,-2.0,-2.0,0.2576358057638227,0.25551652649495865,-2.0,-2.0,-2.0,-2.0,-2.0,-2.0,-2.0,0.23449625316614167,-2.0,-2.0,-2.0,-2.0,-2.0,-2.0,-2.0,0.2040237602279863,0.19935682147087136,-2.0,0.1893494910123351,-2.0,-2.0,0.17248764237055633,0.166325839882103,-2.0,-2.0,-2.0,-2.0,-2.0,0.12271332128117715,-2.0,-2.0,-2.0,-2.0,0.07587481011758576,-2.0,-2.0,-2.0,-2.0,0.016837012051130695,-2.0,-0.010879842413174634,-2.0,-0.04128503439328518,-0.057576326619173945,-0.07463942837094584,-0.09251091026402891,-2.0,-2.0,-2.0,-2.0,-0.19539928400888057,-0.21899163990568987,-0.24370164045753928,-2.0,-0.2966888310604189,-2.0,-2.0,-2.0,-2.0,-2.0,-0.4885276084545029,-2.0,-0.5652601053428344,-2.0,-2.0,-2.0,-2.0,-0.7912482994935353,-0.8430671670392196,-2.0,-2.0,-2.0,-2.0,-2.0,-1.2097980006313984,-1.2814440862782779,-2.0,-2.0,-2.0,-2.0,-1.6939157586565055,-2.0,-2.0,-2.0,-2.0,-2.2137883485862093,-2.3329944916202523,-2.4578475365360615,-2.0,-2.0,-2.869027102975663,-2.0
0.5141090824887365,0.2835772779027764,0.2851200203271302,0.2865472707089779,0.2878702857950841,0.2891293259886459,0.29038558411630316,0.29160996843454895,0.29274703878536346,0.29380351736033283,0.29478642844254505,0.2957019869151863,0.29655571447850054,0.2973524486220209,0.298096713311035,0.29879208905568594,0.29944246917296163,0.3000508499003894,0.30062010903822256,0.3011527627101479,0.301651295568532,0.30211780917847353,0.3025543093403528,0.30296236905230717,0.3033438055180452,0.30370003706198045,0.3040324887901941,0.30434223082531897,0.3046306379921893,0.3048983473086904,0.3051467277869162,0.3053764964303419,0.3055883179488038,0.30578350800121284,0.3059614895733077,0.3061241361870423,0.30627177623895935,-2.0,0.3065217694195045,0.30662588697895626,0.3067163964374301,-2.0,0.30685802813075386,-2.0,0.3069481035133292,0.3069743469767967,0.3069885590129706,-2.0,0.30697998340313143,0.306957483362373,0.30692334785715125,0.3068764649233982,0.30681733318210275,-2.0,0.3066625442674421,0.30656642576720816,0.3064571347700433,0.3063351400455099,-2.0,0.3060514296436924,0.30588892434782694,0.305712649587179,0.3055213683859301,0.30531548726000673,0.3050943675203362,0.30485738034703924,-2.0,-2.0,0.30404677627373144,0.3037414399929586,-2.0,-2.0,-2.0,-2.0,0.301921185044228,-2.0,-2.0,0.3005656921000557,0.3000642968809434,0.29953631043180234,-2.0,-2.0,-2.0,-2.0,-2.0,-2.0,0.29499843438956436,0.2942130679022077,-2.0,-2.0,0.2916159531136528,0.2906636622762824,-2.0,-2.0,-2.0,0.28636739321447974,-2.0,-2.0,-2.0,-2.0,-2.0,0.2781906111567753,0.2765893577394045,-2.0,0.2731534635599529,-2.0,0.2693810689664896,0.2673586969388305,-2.0,-2.0,-2.0,-2.0,0.2557053250150056,-2.0,0.25023030781972305,-2.0,-2.0,-2.0,-2.0,-2.0,-2.0,0.22651949239369829,-2.0,-2.0,-2.0,-2.0,-2.0,-2.0,-2.0,-2.0,-2.0,0.17605482846780343,-2.0,0.16284135427863627,-2.0,-2.0,-2.0,-2.0,0.12392218545516859,-2.0,-2.0,-2.0,-2.0,-2.0,0.06361538998311103,-2.0,0.039492616415273296,0.02656740584063333,-2.0,-0.001149164957569726,-0.015999911948780088,-2.0,-0.047845484957094675,-2.0,-2.0,-2.0,-0.12110290632183973,-2.0,-0.16314290799687775,-0.18566812615067063,-0.20926044788175846,-2.0,-2.0,-2.0,-2.0,-0.34508389145640206,-2.0,-0.40884784040929867,-2.0,-0.47879614954971184,-2.0,-2.0,-0.5966420676831443,-2.0,-2.0,-2.0,-2.0,-2.0,-2.0,-0.9444537647508385,-2.0,-2.0,-1.1316606687198887,-2.0,-1.2717123735771183,-2.0,-2.0,-2.0,-2.0,-1.6841840001070303,-2.0,-1.8778228027105337,-2.0,-2.0,-2.2040565369687517,-2.0,-2.0,-2.0,-2.0,-2.0,-3.0095406848175625
0.49945051158551396,0.29109132620768813,0.292773306413966,0.29432575540646316,0.29576183149938556,0.29709280670221516,0.29835045669165855,0.29960401276274395,0.3008365275952423,0.301983938444652,0.30304996692101255,0.30404168734869413,0.30496536716679834,0.30582658796924966,0.3066303933236093,0.3073807445461797,0.30808207512390307,0.3087377873504374,0.30935110633821733,0.3099247992599765,0.3104616126713899,0.3109639405138768,0.3114336927896911,0.3118730871785215,0.31228384562077144,0.3126678169705083,0.31302587746361316,0.31335981111767736,0.3136708792104226,0.3139603129914727,0.3142288690795644,0.31447776163172814,0.31470771413245596,0.31491942710586035,0.31511403778544544,0.31529147791338413,0.3154533466410135,0.31559941057592417,0.31572997363399,0.31584625781279674,-2.0,0.31603642764486406,0.3161108287946043,0.316172074268717,0.3162202572861139,0.31625559011837523,0.31627798137178786,0.3162876624856668,0.31628479298584133,0.3162698433835014,0.31624182959306796,0.3162015893792057,0.3161487702697277,0.31608331830221836,0.316005297093432,0.315914400349188,0.3158104259668979,-2.0,0.3155625832716306,0.3154182802013905,-2.0,-2.0,0.31490015303921254,-2.0,0.3144799541275102,0.31424628672264016,0.31399617363594806,0.3137290257016732,0.3134449337179651,-2.0,-2.0,-2.0,0.3121186414569565,0.31173709793769855,-2.0,-2.0,-2.0,-2.0,-2.0,-2.0,-2.0,0.30782082031416547,0.3072080762476993,-2.0,0.3058870123525927,-2.0,-2.0,0.3036447350283019,-2.0,0.30195779650861576,-2.0,-2.0,-2.0,-2.0,-2.0,0.29580642540211843,-2.0,-2.0,0.2920086029375195,-2.0,-2.0,-2.0,-2.0,0.2843559312234461,0.2825981903487718,-2.0,-2.0,-2.0,-2.0,-2.0,-2.0,-2.0,0.2651533819196065,-2.0,-2.0,-2.0,-2.0,-2.0,0.24708061266240589,0.24354675349176114,-2.0,-2.0,-2.0,0.22765700735334166,-2.0,-2.0,-2.0,0.20852963906760896,-2.0,0.19755133712570191,-2.0,-2.0,-2.0,-2.0,-2.0,-2.0,-2.0,-2.0,-2.0,-2.0,-2.0,-2.0,0.09505860673885361,-2.0,-2.0,-2.0,-2.0,-2.0,0.022483878056691498,-2.0,-2.0,-2.0,-2.0,-2.0,-2.0,-2.0,-2.0,-2.0,-2.0,-0.17621350742552772,-2.0,-2.0,-2.0,-2.0,-2.0,-2.0,-2.0,-0.3993929597840128,-0.4335578484090132,-0.4693412191746279,-2.0,-0.5460736231587702,-2.0,-2.0,-2.0,-2.0,-2.0,-0.8238804690238586,-0.8781540459160624,-2.0,-2.0,-1.0568937833093814,-1.1222054991871648,-2.0,-1.2622569784373485,-1.3372971998960055,-1.4158919513573816,-2.0,-2.0,-2.0,-2.0,-2.0,-2.0,-2.0807866223713924,-2.0,-2.3138073668920542,-2.4386604017108073,-2.5694278548877234,-2.7063898718048915,-2.0,-3.0000853481550824
0.4852098942027478,0.2982181129215738,0.30005354359328296,0.3017431846890828,0.3033024940120869,0.30474507195402506,0.3060815771079557,0.3073384184353515,0.3085889912540169,0.3098264806381008,0.31098220451315256,0.3120557804071296,0.31305449935528923,0.3139846647320625,0.3148518251099314,0.3156610650417153,0.3164164479839711,0.3171224112256655,0.31778246001608546,0.31839935691771065,0.3189764856014717,0.3195165365446892,0.3200213724102808,0.32049372103603335,0.3209351920161066,0.32134786630119816,0.32173294825061155,0.3220925047811951,0.3224274526534343,0.3227391861267205,0.32302893015362394,0.3232975042339015,0.3235462995372422,0.32377576105592565,0.32398676856973874,0.32418028062719284,-2.0,0.3245167878440375,0.32466110204206694,0.324790003469674,-2.0,-2.0,0.3250887607010951,0.325159966638579,-2.0,-2.0,0.32529330836356996,0.32531106427339024,0.32531618793383643,0.32530826691000514,0.32528761371134424,0.32525403130823466,0.32520758903672425,0.3251483582518349,0.3250758935602047,0.32499042270305173,0.3248915638198878,0.32477951856873905,-2.0,0.3245137817521716,0.3243597496681291,0.32419108904055666,0.32400789528708823,0.32380892270953365,0.32359475379254965,0.3233644574960078,-2.0,-2.0,-2.0,-2.0,0.3219529271771166,-2.0,0.32125630173287195,-2.0,-2.0,0.3200509666306477,0.31960328329251786,0.3191309379476723,-2.0,0.3181085378018283,-2.0,0.3169753821318675,-2.0,-2.0,0.31504581861588354,-2.0,-2.0,-2.0,0.31198499392793144,-2.0,0.3102161935016297,-2.0,-2.0,-2.0,0.30612638999508196,0.3049762187000962,-2.0,-2.0,-2.0,-2.0,-2.0,-2.0,-2.0,-2.0,-2.0,-2.0,0.28800359790999824,-2.0,0.283863850144958,0.28164492111725736,0.27931986447054213,0.2768843974939924,-2.0,-2.0,-2.0,-2.0,-2.0,0.2596326061415142,0.25626035401625485,-2.0,-2.0,-2.0,-2.0,-2.0,-2.0,-2.0,-2.0,-2.0,0.21235064799682418,-2.0,0.20085207074781983,0.1946907058845392,-2.0,-2.0,0.17439791975063063,-2.0,-2.0,-2.0,-2.0,-2.0,-2.0,0.11449762411744352,-2.0,-2.0,-2.0,-2.0,-2.0,-2.0,0.03166908853394568,-2.0,0.002639605952701185,-2.0,-2.0,-2.0,-2.0,-2.0,-2.0,-2.0,-2.0,-2.0,-2.0,-2.0,-2.0,-2.0,-2.0,-2.0,-2.0,-0.39020690595365387,-2.0,-0.46015512291419125,-2.0,-2.0,-0.5780008982383863,-2.0,-0.6661628418465806,-2.0,-0.7628753756736879,-2.0,-2.0,-2.0,-2.0,-2.0,-2.0,-2.0,-2.0,-1.3281108188451947,-2.0,-2.0,-1.575240768633644,-2.0,-2.0,-2.0,-1.9629332176190295,-2.0,-2.0,-2.0,-2.0,-2.560241364806845,-2.6972033884444433,-2.0,-2.9908988349906553
0.4713753134116723,0.30495138900409713,0.3069567213549405,0.30879740234531605,0.3104917723261974,0.3120554043642419,0.3135016735531477,0.31484195594065706,0.316097968358903,0.31734555015470667,0.3185856711524651,0.3197476652107278,0.3208269594509236,0.321830971379818,0.32276599625000296,0.323637604794713,0.324450824921199,0.32521005733157765,0.3259193684244144,0.3265823308841306,0.32720214794737446,0.32778172279841866,0.3283237418811204,0.32883072371979377,0.32930449165387965,0.3297472408684853,0.3301608316091455,0.33054686466279504,0.33090683637379786,0.3312421142517516,0.33155378910894096,0.331843252123315,0.3321114529096678,0.3323596872683538,0.3325880170991852,0.33279784994038414,0.3329897257498213,0.3331647078835239,0.3333228033902811,0.3334645058302326,0.3335909099760396,-2.0,0.3337984376645505,0.333880243467765,-2.0,0.334001771415262,0.3340418528192677,-2.0,0.33408147572103514,0.3340813195592602,0.33406784145549206,0.33404121563460604,0.3340015158685223,0.3339482726246898,-2.0,0.33380197141305823,0.3337088819616082,0.3336014373683398,-2.0,-2.0,0.33319551447954937,0.3330311446854301,0.3328517950494588,0.3326570585878232,0.33244639879365917,0.3322193112265176,-2.0,0.3317147991704663,0.33143609088713144,0.3311392176657247,-2.0,0.33048724873020535,-2.0,-2.0,0.3293544697367556,0.3289325811808925,0.3284866772118569,0.32801644467053437,-2.0,-2.0,-2.0,0.32586789037192004,-2.0,-2.0,-2.0,-2.0,-2.0,0.32170752217307264,-2.0,0.3200248444513004,-2.0,-2.0,-2.0,-2.0,0.31503388522533865,0.3138845366781197,-2.0,0.3114156062996037,0.310090736200585,-2.0,-2.0,-2.0,-2.0,-2.0,-2.0,0.29884733442123584,-2.0,-2.0,-2.0,-2.0,-2.0,-2.0,-2.0,0.28057727684664346,-2.0,-2.0,-2.0,-2.0,-2.0,-2.0,-2.0,-2.0,-2.0,0.24575994999539996,0.24130567492454635,-2.0,-2.0,-2.0,-2.0,-2.0,-2.0,-2.0,-2.0,-2.0,0.18332096254910885,0.17590533042209433,-2.0,-2.0,-2.0,-2.0,-2.0,-2.0,-2.0,-2.0,-2.0,-2.0,-2.0,-2.0,0.0405931799313225,-2.0,-2.0,-2.0,-0.020281390170770075,-0.03734422727714648,-2.0,-0.07393349563063223,-0.09353820765702814,-2.0,-0.135577944729728,-2.0,-2.0,-2.0,-2.0,-0.25939202751997303,-2.0,-0.3175181778373558,-2.0,-2.0,-2.0,-2.0,-2.0,-0.5279623966704625,-0.5690758087540916,-2.0,-2.0,-0.7044751028531506,-2.0,-2.0,-2.0,-2.0,-0.9764244772418266,-2.0,-2.0,-2.0,-2.0,-2.0,-2.0,-1.480098086301008,-2.0,-2.0,-2.0,-1.8502557400220838,-2.0,-2.0,-2.0,-2.0,-2.0,-2.0,-2.0,-2.0,-2.0
0.4579351920657804,0.3112827365729477,0.3134771074468407,0.31548489241021904,0.31732783813111287,0.319024207935755,0.3205897597420159,0.32203765325122274,0.3233794785330004,0.3246342322483201,0.3258787391763662,0.32711996217951517,0.3282862125945762,0.3293696047885246,0.33037730151640793,0.3313157152422453,0.3321904067743103,0.33300642505667005,0.33376816572662316,0.3344798533492729,0.3351448289791946,0.33576622026432623,0.3363472682043204,0.33689050644797164,0.3373983394060456,0.33787305801969014,0.3383162736312309,0.33873034642618005,0.33911636173445586,0.33947600635939873,0.33981100629219374,0.3401220787423931,0.3404108383423389,0.34067800484404714,0.3409244904115796,0.3411513666026155,0.34135950869280834,0.3415495658968243,-2.0,-2.0,0.3420166852952089,-2.0,0.3422479337345909,0.34234092708039476,0.3424187086320389,0.3424825870671906,0.3425317997171522,0.3425671805579109,0.34258866148703687,0.3425964279208413,0.34259060220432314,0.34257085449709485,0.34253781393196286,0.3424912427557157,0.34243088095522445,0.3423568692231188,-2.0,-2.0,0.3420511076058033,0.34192068159412675,0.3417755911141685,0.34161560918576667,0.34144018176771535,0.3412495827727941,0.34104243536871376,0.34081903772111344,-2.0,0.3403210876116791,-2.0,0.3397513374829468,-2.0,-2.0,-2.0,-2.0,-2.0,-2.0,0.3371158090053233,-2.0,-2.0,-2.0,0.33508385201592855,0.3345058250316533,-2.0,0.33325778889754204,-2.0,-2.0,-2.0,-2.0,-2.0,-2.0,-2.0,-2.0,-2.0,-2.0,0.32368761631250903,-2.0,-2.0,-2.0,0.3187476761461707,-2.0,-2.0,-2.0,-2.0,0.3111046520685118,-2.0,-2.0,-2.0,-2.0,0.30144286701228773,-2.0,0.296900342517925,-2.0,-2.0,-2.0,-2.0,-2.0,0.2804365867879832,-2.0,-2.0,-2.0,0.26661459754455286,-2.0,-2.0,-2.0,0.24997339129939256,0.24530795190003873,-2.0,-2.0,0.22994098490488063,-2.0,-2.0,-2.0,-2.0,-2.0,-2.0,0.18457488951074075,-2.0,-2.0,-2.0,-2.0,-2.0,-2.0,-2.0,-2.0,-2.0,-2.0,-2.0,-2.0,0.04926400081322857,0.03508527634517472,-2.0,0.004680690856334158,-2.0,-2.0,-0.04654437543713302,-2.0,-2.0,-2.0,-2.0,-2.0,-2.0,-2.0,-0.2236140062506916,-2.0,-0.27911102570877,-2.0,-2.0,-0.372610253138019,-0.4067750695753176,-0.44255834535840355,-0.4800367639598748,-0.5192906047379245,-2.0,-2.0,-2.0,-2.0,-0.7452782881384348,-0.7970970715706915,-2.0,-0.9082151480022558,-2.0,-2.0,-1.095421860002579,-2.0,-2.0,-1.3105134555459301,-2.0,-2.0,-1.5576433336976547,-2.0,-2.0,-1.8415836132631207,-2.0,-2.0,-2.167817224210576,-2.0,-2.0,-2.5426437596279765,-2.0,-2.0,-2.9733012034141364
0.44487828311275845,0.31719927767028244,0.3196054431200704,0.32179908638405696,0.32380609688513007,0.32564873349065077,0.3273442847057745,0.3289093551773681,0.33035690380838006,0.3316983801013924,0.3329511316993928,0.334192403334691,0.33543383741641525,0.33660264486170727,0.3376883928304075,0.338698299157943,0.33963860430962417,0.3405150565184535,0.341332664476087,0.34209575804989195,0.34280847813679094,0.34347437217530336,0.34409668057181925,0.34467833407939413,0.3452220097014086,0.34572999671014437,0.34620458543455196,0.34664781100780945,0.34706115832455897,0.3474466613142292,0.347805888118246,0.3481394438088463,0.34844932868426887,0.34873684756740864,0.34900213635171834,0.3492468090102026,-2.0,0.3496775834596798,0.3498649419798961,0.350034830428021,0.350187233519823,0.3503236485417915,0.3504431510581953,0.35054717659005685,0.35063591770390345,0.35071013187806294,0.35076881583060265,0.3508131019078847,0.35084331339123875,0.35085924339247293,0.35086112036792183,0.35084935056727146,0.3508230224281428,0.35078315221884376,0.3507292234319509,0.35066129244000155,0.3505790212216081,0.350482666018986,-2.0,0.35024619206294233,0.3501057869884259,0.34995045235572825,0.349779173524269,0.3495924283143321,-2.0,-2.0,-2.0,-2.0,0.34840568656446097,0.34811453251126295,-2.0,-2.0,0.3471227990425483,-2.0,-2.0,-2.0,0.34549694338606146,-2.0,-2.0,-2.0,0.34347211498025854,-2.0,0.34228935547237455,-2.0,-2.0,-2.0,0.3395322065849534,0.33875283779034254,-2.0,-2.0,0.3361723128612987,-2.0,-2.0,-2.0,-2.0,-2.0,0.3297425648853507,0.32848043124665943,-2.0,-2.0,-2.0,-2.0,-2.0,0.31951736183369717,-2.0,0.31592235720560646,-2.0,-2.0,-2.0,-2.0,-2.0,0.3028820464379471,-2.0,0.2976593173221672,-2.0,-2.0,-2.0,0.2856366566101871,0.28226527237010907,0.27873363938081747,0.27503418870239993,-2.0,0.2670997573143326,-2.0,0.2583939475916865,-2.0,-2.0,-2.0,-2.0,-2.0,-2.0,-2.0,-2.0,-2.0,-2.0,-2.0,-2.0,-2.0,-2.0,0.1596516372759489,0.1503045721866815,0.14051453231326966,0.13026054550722896,-2.0,-2.0,0.09648994942468125,-2.0,-2.0,-2.0,-2.0,0.028658661007108177,-2.0,-2.0,-2.0,-0.03812025412145753,-2.0,-2.0,-0.09697608919288403,-2.0,-0.14100726049246765,-0.16459937315754025,-2.0,-0.21518951970070865,-2.0,-2.0,-2.0,-2.0,-2.0,-2.0,-0.43413363791555765,-2.0,-2.0,-2.0,-0.5950401604781843,-2.0,-2.0,-0.7368532208985281,-2.0,-2.0,-0.8997902065110817,-2.0,-2.0,-2.0,-2.0,-1.2270484610326893,-2.0,-1.3806831352594628,-2.0,-2.0,-2.0,-1.7340990010001547,-2.0,-1.9369106017242432,-2.0,-2.0,-2.2785982041962143,-2.0,-2.0,-2.0,-2.0,-2.0
0.43219366018265265,0.32282691165012545,0.325330914442253,0.32773195442569003,0.3299211803885126,0.3319245028478249,0.3337636096086188,0.33545665593220636,0.33701911692923936,0.33846430203259503,0.33980360241837376,0.34105361285109753,0.34229191855928137,0.34353267196793247,0.3447023370911381,0.34578890727690376,0.34679948206373484,0.3477404466808945,0.3486174802387131,0.3494353828459814,0.35019883470341107,0.350911704693594,0.3515776618231892,0.3521997158558489,0.35278122616302665,0.3533243080175231,0.3538318938944655,0.35430551544807576,0.3547477188033305,0.35516014607636753,0.3555443852955311,0.3559019557967992,0.3562341030290369,0.35654216783080833,0.356827496857654,0.35709075332380985,0.3573331022635388,0.3575554697795127,0.35775842337699804,0.3579428268721448,0.3581093367911361,0.35825842122017243,0.3583906758678859,0.3585066725385555,0.35860639050592197,0.35869099112054614,0.35875998533519504,0.35881366583610863,0.35885265858328746,0.3588771307703052,0.3588871089593194,0.35888291681253776,0.3588639880289414,0.35883100792003425,0.3587834844406581,0.35872172900146615,0.3586457069686979,-2.0,0.35844974308024175,0.35832876819632825,0.35819352046147107,0.35804245423163433,-2.0,0.35769291551102816,0.35749376609790134,0.3572779999741542,-2.0,0.3567934702974892,-2.0,0.3562362447539666,-2.0,-2.0,-2.0,0.35488295940631287,-2.0,-2.0,0.35363628275063647,0.3531721410952432,-2.0,-2.0,-2.0,-2.0,-2.0,-2.0,0.34913390766603475,-2.0,-2.0,-2.0,0.3460935547419539,-2.0,0.3443338010376235,-2.0,-2.0,0.3413527381497443,0.34025982061743226,-2.0,-2.0,-2.0,0.33532610641936034,-2.0,-2.0,-2.0,-2.0,-2.0,0.3259349939598109,0.324095951746937,0.3221689679380938,0.3201492286171468,-2.0,-2.0,-2.0,0.31105851101485354,-2.0,-2.0,-2.0,-2.0,0.29703332566825125,-2.0,-2.0,0.2869128712029497,-2.0,-2.0,-2.0,0.27102805309434785,0.2665744546955805,0.26190945192145776,-2.0,-2.0,0.24654367873104704,-2.0,0.2350464859240041,0.2288857626621528,-2.0,-2.0,0.20859473020124014,-2.0,-2.0,-2.0,-2.0,-2.0,0.15848763349707287,0.14869769967263607,0.13844381271309422,0.12770400486967134,-2.0,-2.0,-2.0,-2.0,-2.0,-2.0,-2.0,-2.0,-2.0,-0.012064978491769573,-2.0,-2.0,-2.0,-2.0,-2.0,-2.0,-2.0,-2.0,-2.0,-2.0,-2.0,-2.0,-2.0,-0.3560008771963876,-2.0,-0.4259488515791452,-2.0,-0.5026810077650251,-0.5437943302685235,-2.0,-0.6319559268251987,-2.0,-2.0,-2.0,-2.0,-2.0,-2.0,-1.013500170575218,-1.0788118391273884,-1.1472173832836772,-2.0,-2.0,-2.0,-2.0,-2.0,-2.0,-1.7259138477803928,-2.0,-1.9287254275227,-2.0,-2.0,-2.2704129875672896,-2.395265996811556,-2.0,-2.6629953994827034,-2.806445416773974,-2.0
0.41987070844439095,0.32828787130388876,0.33077194116101627,0.33327332929113546,0.33566595968966656,0.33784785042310805,0.33984472940655214,0.34167816877539847,0.3433661097285724,0.34492400050548394,0.3463651529342836,0.34770046921631925,0.34894685439293394,0.35018242185487697,0.35142190638462734,0.3525908582921051,0.353676744615648,0.3546867108574079,0.35562705981393145,0.35650339060983705,0.35732063178502144,0.3580832902109899,0.35879530766246837,0.35946036918593605,0.36008148517924504,0.36066171844097694,0.36120376361796225,0.36170987195087606,0.362182252488085,0.36262274569678954,0.3630334947172416,0.3634158443752778,0.3637712955314403,0.3641014415173276,0.3644070696340577,0.3646899572453587,0.3649503451394311,0.36518994872684035,0.36540913926154905,0.36560898694873406,0.3657896515428643,0.365952490932205,0.3660978597012004,0.3662259160366602,0.36633704593090943,-2.0,0.3665117545455929,0.3665753799141487,0.36662366157549536,0.3666569420304907,0.36667527230945934,0.3666789186165175,0.36666757289705665,0.36664178348822124,0.36660119553629283,-2.0,0.36647582546794183,0.3663907205722537,0.3662912351810191,0.36617577744807367,0.36604530461274987,0.3658987961613108,0.3657364274739672,-2.0,0.3653629348146595,-2.0,0.3649214853723459,0.3646742254169379,0.3644081765699704,0.3641232453875979,0.36381913265677057,-2.0,-2.0,-2.0,-2.0,-2.0,-2.0,0.3610798067408062,-2.0,-2.0,-2.0,-2.0,0.35835749855135385,0.3577223078882433,0.35705424389690976,-2.0,0.3556121851390606,-2.0,-2.0,0.3531621811434944,0.3522620276938373,0.351316990388172,-2.0,-2.0,-2.0,-2.0,-2.0,-2.0,-2.0,-2.0,-2.0,-2.0,-2.0,-2.0,-2.0,0.33203650599666934,0.3301097970719132,-2.0,0.32597517940831344,-2.0,-2.0,0.3190019705604734,-2.0,0.3137808468192324,-2.0,-2.0,-2.0,-2.0,0.2983902191629175,0.2948591781012028,-2.0,-2.0,-2.0,-2.0,-2.0,-2.0,0.264971121451698,-2.0,-2.0,0.2488770649208413,-2.0,-2.0,-2.0,-2.0,-2.0,-2.0,0.20136311542418667,-2.0,-2.0,-2.0,-2.0,-2.0,-2.0,-2.0,-2.0,-2.0,-2.0,-2.0,-2.0,-2.0,0.04479371941501864,0.029239831684137907,-2.0,-2.0,-0.021984694796854942,-0.04070241760786569,-2.0,-0.08084020972546563,-0.10234627369392646,-0.12487119141933739,-0.14846321856805778,-0.17317290878346958,-0.19905318290108392,-2.0,-0.25454999306223647,-0.28428540371761546,-0.31542947179394093,-0.3480489033540093,-2.0,-2.0,-0.4554751702996276,-2.0,-0.5358422365526689,-0.5789031576227761,-2.0,-2.0,-0.7207162766005155,-0.7725350026961765,-2.0,-2.0,-0.9431902587922436,-2.0,-2.0,-2.0,-2.0,-1.285950992966371,-2.0,-1.4468634725166698,-2.0,-1.623382263062831,-2.0,-2.0,-2.0,-2.0,-2.0,-2.0,-2.0,-2.0,-2.6550429231366026,-2.798492924559845,-2.0
0.40789911572300924,0.3334191192538668,0.3360531622229596,0.3385301330880332,0.3410302220024901,0.3434110800470543,0.3455827178723742,0.34757062594406024,0.3493960487454684,0.35107686431053203,0.352628342307891,0.3540635620009589,0.3553935661774858,0.3566354787400995,0.35786858763479035,0.35910634362926636,0.36027310702666904,0.3613569533330026,0.3623650150779446,0.36330355561131933,0.36417811420368995,0.36499363768535226,0.3657545550696444,0.36646486549386076,0.36712809047263273,0.3677474563713587,0.3683258600306431,0.3688657907203478,0.3693699936794659,0.36984022790609317,0.37027856772565476,0.3706867482715252,0.3710666923661888,0.3714194849654532,0.37174686417259756,0.3720497390218815,0.37232933227934484,0.37258716449718066,0.37282280949298413,0.37303844891483906,0.37323451441882705,0.37341126044253736,0.37356994074966215,0.3737108101232292,0.3738340000483199,0.3739404928421916,0.37403067891050207,0.37410449169441434,0.3741624847179188,0.37420488114058936,0.3742318223319763,0.37424363922561754,0.37424008135512143,0.37422170880182104,0.3741880976189014,0.3741392889202236,0.37407551696121366,-2.0,0.37390264608589485,0.37379250481683196,-2.0,0.37352610914186335,-2.0,0.37319453729214414,0.37300349451664944,0.3727955324088084,0.372569831907337,-2.0,-2.0,-2.0,-2.0,-2.0,0.370816204050457,-2.0,-2.0,0.3696542998830284,-2.0,-2.0,0.3682740617591585,0.36776097703138144,-2.0,0.36664852883913696,0.3660472141119272,-2.0,-2.0,-2.0,-2.0,0.36253287438969306,0.36171816341198465,0.3608621362126304,0.3599633974963553,-2.0,-2.0,0.35698853802955327,-2.0,-2.0,-2.0,0.3522919007875869,-2.0,-2.0,-2.0,-2.0,-2.0,0.3433417668199848,-2.0,-2.0,-2.0,-2.0,0.33369060598879,-2.0,0.32915201119766857,-2.0,-2.0,-2.0,-2.0,-2.0,-2.0,-2.0,-2.0,-2.0,0.298880359569641,0.29500598807203754,-2.0,0.28669630483378145,0.2822431896208829,-2.0,0.2726926873684088,-2.0,-2.0,0.25659910027681376,-2.0,-2.0,-2.0,-2.0,-2.0,0.2168526020709866,-2.0,-2.0,-2.0,-2.0,0.1741617037203009,-2.0,-2.0,0.14337870418254525,0.1321301525167655,-2.0,0.10800870333256801,-2.0,-2.0,-2.0,-2.0,-2.0,-2.0,-2.0,-0.014259700241611994,-2.0,-2.0,-2.0,-2.0,-2.0,-2.0,-2.0,-0.1913278031312034,-2.0,-2.0,-0.2765598938873765,-2.0,-2.0,-2.0,-2.0,-2.0,-2.0,-2.0,-0.5711774085655993,-2.0,-2.0,-0.7129904592424523,-2.0,-2.0,-0.8759270874928795,-2.0,-0.9978219902364487,-1.0631336101338074,-2.0,-2.0,-1.2782250216511062,-2.0,-1.4391372988930091,-1.5253547455026708,-2.0,-1.7102353636194714,-2.0,-2.0,-2.0217138321413204,-2.1355283871127995,-2.0,-2.3795874394142658,-2.0,-2.647316801158208,-2.7907668137934842,-2.9410121744336952
0.39626886387014776,0.3381409488783348,0.34102322017766035,0.34363621330416055,0.34610741994313055,0.34860553470769773,0.3509716004603992,0.353130373894106,0.3551069454509417,0.35692227336889193,0.35859408045585495,0.3601375013198363,0.36156511590477225,0.3628883666284995,0.36412520130047166,0.3653560964634236,0.3665916576372439,0.3677548443360609,0.3688353655128227,0.369840321491186,0.37077591464532966,0.37164770362147637,0.37246052703178206,0.37321879179312645,0.37392651256936277,0.3745870772746526,0.3752038346912093,0.375779724629126,0.3763169822104438,0.37681831883023487,0.37728595640348506,0.3777214751042935,0.37812675751104036,0.3785035785463021,0.3788532204578416,0.37917723783474294,0.3794767337197973,0.37975287919101264,0.3800065628777387,0.3802387405745347,0.3804503584793854,0.3806418847885867,0.38081463744004274,0.38096850206237926,0.38110426549074666,0.38122243881862,-2.0,0.38140800750512827,0.3814760995066184,0.38152801234942396,0.3815639949548041,0.38158424511993383,0.381588633996925,0.38157813591582557,-2.0,0.38150989041764716,0.38145239791716085,0.38137992830604817,-2.0,-2.0,-2.0,-2.0,0.3807780312919157,-2.0,-2.0,0.3802185394301031,-2.0,-2.0,0.37949777202912094,-2.0,0.3789215134075998,-2.0,-2.0,0.3779013390408528,0.3775170143824601,-2.0,-2.0,-2.0,-2.0,-2.0,0.37468526730805884,-2.0,-2.0,0.37288517313214503,-2.0,-2.0,-2.0,-2.0,-2.0,-2.0,-2.0,-2.0,-2.0,0.36447326950918224,-2.0,-2.0,0.3610391799195518,-2.0,-2.0,-2.0,-2.0,-2.0,-2.0,0.35083507148729254,-2.0,-2.0,-2.0,-2.0,-2.0,-2.0,0.33664912071912484,-2.0,0.33166739808079887,-2.0,-2.0,-2.0,-2.0,-2.0,-2.0,-2.0,-2.0,-2.0,-2.0,-2.0,0.28974508187661263,-2.0,0.28019504975762255,-2.0,-2.0,-2.0,-2.0,-2.0,-2.0,0.2388499512693843,0.23177110734042855,-2.0,0.21659059555195004,-2.0,-2.0,-2.0,-2.0,-2.0,-2.0,0.15088370593579878,0.13963525421110137,-2.0,0.11551397694029114,-2.0,-2.0,-2.0,-2.0,-2.0,-2.0,-2.0,-2.0,-2.0,-2.0,-2.0,-2.0,-2.0,-2.0,-2.0,-2.0,-2.0,-0.23931814618823632,-2.0,-2.0,-2.0,-2.0,-2.0,-0.44024292527529174,-2.0,-2.0,-0.5636707537843034,-0.6087715014594899,-2.0,-2.0,-0.7573023991648375,-2.0,-2.0,-2.0,-0.9903151793770824,-2.0,-1.1240322660875295,-2.0,-1.2707181309869893,-2.0,-2.0,-2.0,-2.0,-1.7027284485842502,-1.8017879319548795,-2.0,-2.0142068486218676,-2.0,-2.0,-2.0,-2.0,-2.0,-2.7832597744365795,-2.0
0.3849702203805975,0.34243131604993904,0.34559553421606387,0.34845044271645254,0.351039723980876,0.35350681331000927,0.3560019512976524,0.3583505395271929,0.3604940210137121,0.36245712117144924,0.3642605166212694,0.365921468682956,0.36745511887097476,0.36887386759193697,0.3701889533026174,0.3714202466580932,0.3726492840920505,0.3738820852641351,0.3750403837399653,0.37611638778963175,0.3771171197445895,0.3780487637752361,0.37891671902577856,0.37972588626064446,0.38048072493126106,0.38118499821915064,0.3818422026380269,0.3824556969164501,0.3830282425810669,0.38356214519613413,0.38406015225410484,0.38452426283150454,0.38495648562440554,0.3853582077306032,0.3857313958223212,0.3860775195038148,0.3863976481207266,0.3866933537115097,0.38696520572014514,0.3872149442830642,0.38744259077433796,0.3876496183641946,0.3878370239021148,0.3880041535436889,0.38815292353341196,0.3882833936508888,0.3883962498262875,0.38849166194078566,0.3885700372303133,0.38863180728661234,0.3886770390550096,0.3887062165148671,0.38871881723896756,0.38871582634521745,0.3886972048901952,0.38866239886470344,0.38861194053381065,0.38854576059820656,0.38846324865509757,-2.0,0.38825045937654584,0.3881192519826682,0.38797188970622937,0.3878067581820576,0.38762482488651046,-2.0,-2.0,-2.0,-2.0,-2.0,-2.0,0.38583178043136773,0.3854947753109852,0.38513617321243476,-2.0,0.3843491324537346,0.3839192302679331,-2.0,0.3829826189524308,-2.0,-2.0,-2.0,-2.0,-2.0,0.379478771759538,-2.0,-2.0,-2.0,-2.0,-2.0,-2.0,0.3737702274413983,0.37278167339533635,0.371743938407043,0.3706549263927294,-2.0,-2.0,-2.0,0.36573585637099704,0.3643523102654873,0.3629015655365215,-2.0,-2.0,0.35811412280253296,0.3563618325494566,-2.0,-2.0,0.3505829823247031,0.34846894433195597,-2.0,0.3439323620395694,-2.0,0.3389516520484644,-2.0,-2.0,-2.0,-2.0,-2.0,-2.0,0.317366355113082,-2.0,0.30979460025255434,-2.0,-2.0,0.2970334110789594,-2.0,-2.0,-2.0,-2.0,-2.0,0.26551053447335693,0.2593505299100728,-2.0,-2.0,0.23906146444470106,-2.0,-2.0,0.21574721108310055,-2.0,0.19830405079208802,-2.0,-2.0,-2.0,-2.0,-2.0,-2.0,-2.0,-2.0,-2.0,-2.0,-2.0,-2.0,-2.0,-2.0,-2.0,-0.0181789269560364,-0.03778325875450905,-0.05831638348164181,-2.0,-2.0,-2.0,-2.0,-2.0,-0.2036348677026547,-2.0,-2.0,-0.29290446453856456,-2.0,-0.3596884413817176,-0.39547154425865916,-2.0,-2.0,-2.0,-2.0,-2.0,-2.0,-2.0,-0.7500090991619387,-2.0,-2.0,-2.0,-2.0,-1.048333350607897,-1.116738823690825,-2.0,-2.0,-1.3420192920259408,-2.0,-2.0,-2.0,-2.0,-2.0,-2.0,-2.0,-2.0,-2.239933862236729,-2.0,-2.4955541847500182,-2.0,-2.7759661488290535,-2.0
0.37399373024787974,0.34626169854728084,0.3497491031739995,0.3528782880731332,0.3557029829684024,0.3582659305858367,0.3607312282197708,0.3632217786830287,0.3655503981961807,0.36767639833561694,0.3696239765638711,0.37141357890727345,0.37306224991375597,0.3745844813676293,0.37599309228237177,0.3772987789547365,0.3785242055125013,0.3797518671646971,0.3809812063989528,0.3821333649788343,0.3832037358340439,0.38419918903229533,0.3851258319566046,0.38598909431158973,0.38679383062016226,0.38754431539655954,0.3882444118702119,0.3888976312357094,0.3895069800900232,0.39007537124078867,0.3906057567660902,0.39109983755353817,0.3915598935173611,0.39198792682675804,0.3923855274008291,0.3927546918716915,0.3930965383981249,0.3934124312171814,0.39370376119952677,0.39397101425827724,0.39421586862743496,0.39443884701557036,-2.0,0.3948227282518947,-2.0,0.39512811163122097,0.39525287288247646,0.3953595693330989,0.3954485897653705,0.3955205699996203,0.3955753973309073,0.39561345707757706,0.3956350848545413,0.3956402252323353,0.39562942389232236,0.3956020735376453,0.3955585346654754,0.39549871196074515,0.3954228434837413,0.39533045477840484,0.39522167897523114,-2.0,0.394953422327518,0.3947935136934804,0.3946166612173095,0.39442107399385873,0.3942074571787498,-2.0,-2.0,0.39345297240721916,0.3931620819623005,0.39284954509773246,0.39251596178916903,-2.0,0.3917812740216397,-2.0,0.39095164580194214,-2.0,0.390019726979852,0.3895130832215265,-2.0,-2.0,0.387817186146415,0.38718915814538596,0.3865276879316512,0.3858310318023731,-2.0,-2.0,-2.0,0.38266472608531577,0.3817696033214865,-2.0,0.37984201091088826,0.37880541645825383,-2.0,0.37657577248948587,-2.0,-2.0,0.37280226087099744,-2.0,-2.0,-2.0,-2.0,-2.0,-2.0,0.36159700384819277,0.3596725951644816,0.35765587274809063,-2.0,-2.0,-2.0,-2.0,0.3460271138078694,-2.0,0.34056044399729574,-2.0,-2.0,-2.0,-2.0,-2.0,-2.0,0.3168734160975937,-2.0,0.3085654032467412,-2.0,-2.0,-2.0,-2.0,0.2840867953650959,-2.0,0.27259156238165283,-2.0,-2.0,-2.0,-2.0,0.23872908483812294,-2.0,-2.0,0.21430989998587885,-2.0,-2.0,0.18625080852786297,-2.0,-2.0,-2.0,-2.0,-2.0,-2.0,0.10342797383420821,0.08924979745790035,-2.0,-2.0,-2.0,-2.0,-2.0,-2.0,-2.0,-2.0,-2.0,-0.09526288891814916,-0.11885472849011025,-0.14356423320572065,-0.16944434570011713,-2.0,-2.0,-2.0,-0.2858199865119361,-0.31843930573313894,-2.0,-2.0,-2.0,-2.0,-0.5062319949329301,-2.0,-2.0,-2.0,-2.0,-2.0,-2.0,-2.0,-2.0,-2.0,-1.0412484541457774,-1.1096539132774697,-2.0,-1.2563397111454426,-2.0,-2.0,-1.5034693125045293,-2.0,-2.0,-2.0,-2.0,-1.9998282251637605,-2.0,-2.0,-2.0,-2.4884691137824206,-2.6254310632506543,-2.0,-2.9191263895225803
0.36333020805204425,0.34979828663033136,0.35345969725322623,0.3569025058707546,0.35999373196247286,0.36278559498108004,0.3653214819553228,0.3677868822465143,0.37027025339155684,0.37257671702980255,0.3746831628475273,0.3766135416673222,0.378387613884233,0.3800223468853874,0.3815321042830738,0.3829292277292845,0.38422437981271096,0.38544418252768553,0.3866708580853681,0.38789571634556924,0.3890406675073949,0.3901043136537418,0.39109351809710713,0.3920142919302767,0.3928719866589458,0.3936713873583227,0.3944167977537434,0.39511197496521283,0.395760265688633,0.39636520745447756,0.39692885421985574,0.3974547463372566,0.3979439270489043,0.3983996026153943,0.398823188586584,0.3992163340605174,0.39958085987270253,0.3999179923228004,0.4002290869056378,0.4005154382063668,0.4007777966270762,0.40101771585423474,0.4012351228637502,0.4014319520384993,0.40160789628198557,0.40176431608711355,0.401901552982401,0.4020200658731234,0.40212029050097076,0.4022027204927253,0.40226747275307656,0.40231505429719594,0.40234575564290964,-2.0,0.40235640858304306,0.40233675581916034,0.402300393035469,0.402247747527718,0.4021781552160967,0.40209243639728287,0.4019889053572724,0.4018691177843279,0.40173159392886715,0.4015769781932683,0.40140448210149593,0.40121410098756166,-2.0,0.4007766951894897,0.4005295115771596,0.40026207253896584,0.3999743810219814,0.3996653787450527,0.39933504390420466,0.39898245645331004,-2.0,0.39820685550578433,0.3977820391054996,0.39733188743102094,-2.0,0.3963509273834248,0.3958177589332078,-2.0,-2.0,-2.0,0.3933751717950341,-2.0,-2.0,-2.0,-2.0,0.38952020034935775,0.38862643132169217,0.3876874878558716,-2.0,-2.0,-2.0,-2.0,-2.0,-2.0,-2.0,0.3782862297114053,0.3768370393686764,0.3753175439763594,-2.0,0.3720541341315961,0.3703032300986884,0.3684679167264262,-2.0,-2.0,-2.0,-2.0,-2.0,0.35544953387693945,0.35290203519571295,-2.0,-2.0,-2.0,-2.0,-2.0,-2.0,0.3313222688473679,-2.0,-2.0,0.31969449261293986,-2.0,-2.0,-2.0,-2.0,-2.0,-2.0,-2.0,-2.0,-2.0,0.26686077255163554,-2.0,-2.0,0.24561058253851337,-2.0,-2.0,0.22119190058210458,-2.0,0.20292243782893413,-2.0,-2.0,-2.0,0.16089267597704857,0.14911148410026337,0.13677199068498802,-2.0,-2.0,-2.0,-2.0,-2.0,0.0494391159331643,-2.0,-2.0,-2.0,-0.023815542401918466,-2.0,-2.0,-2.0,-0.1119707913805193,-0.13668009194435565,-2.0,-0.1896664388132902,-2.0,-2.0,-2.0,-2.0,-0.34571962496631287,-0.38150265984290527,-2.0,-2.0,-0.4993476131009131,-0.5424083969720992,-2.0,-2.0,-2.0,-2.0,-0.7903131382059618,-2.0,-0.9066947190308616,-2.0,-1.0343638225557077,-2.0,-2.0,-2.0,-2.0,-2.0,-2.0,-2.0,-2.0,-2.0,-2.0,-2.0,-2.0,-2.0,-2.0,-2.4815842795530254,-2.0,-2.0,-2.0
0.35297073027306497,0.3532231778297267,0.3568399386502961,0.36049673626361933,0.3638919194992912,0.3669425838139519,0.369699181409689,0.3722090840464329,0.3746755326322917,0.37714851528387394,0.37943063467686994,0.3815158634455382,0.38342723449245825,0.3851844445889703,0.38680392992348295,0.38829986520283716,0.38968438458970506,0.3909679483595206,0.3921824883468158,0.39340856720696826,0.3946278563132618,0.3957644989296816,0.39682047595891917,0.39780249094091363,0.3987165204064359,0.39956782883425557,0.4003611900902699,0.4011006992415479,0.401790205474378,0.4024331660951099,0.4030325861378812,0.4035912223006818,0.4041116675927723,0.4045960728885432,0.40504661042936174,0.40546538237751734,0.40585320551239706,0.40621254920024064,0.4065446256756998,0.4068504795084262,0.4071314222260727,0.40738834243700933,0.4076223794477734,0.4078348739809369,0.4080251728029027,-2.0,0.40834528834780826,0.40847610177433147,0.40858781353516277,0.40868126853144576,0.4087563089988955,-2.0,0.4088537514008023,0.4088761476850366,0.40888133666701165,0.40886980114058524,0.40884102465476524,0.4087956542530723,-2.0,0.40865268251712045,-2.0,0.40844156974012097,0.40830989367109477,0.4081602555876492,-2.0,0.4078067578805251,0.4076020700164997,-2.0,0.40713502279536207,0.40687162459293796,-2.0,-2.0,-2.0,-2.0,0.40523264627091343,-2.0,0.40441396634135257,-2.0,0.40349219274250203,-2.0,0.40245938394652153,-2.0,-2.0,-2.0,-2.0,-2.0,0.3986021956201173,-2.0,0.397026925766651,-2.0,-2.0,-2.0,-2.0,0.39232882547297865,0.39124320402401386,-2.0,-2.0,-2.0,0.38633603044990994,-2.0,-2.0,-2.0,-2.0,-2.0,-2.0,-2.0,0.37321861812266766,-2.0,-2.0,-2.0,-2.0,-2.0,0.35957976889343907,-2.0,-2.0,-2.0,-2.0,-2.0,-2.0,-2.0,-2.0,-2.0,-2.0,0.3221262290278367,0.31767451799961965,0.31301169174557064,-2.0,-2.0,0.297650164237148,-2.0,-2.0,-2.0,-2.0,-2.0,0.25970894741852796,-2.0,-2.0,-2.0,0.22787688774318088,-2.0,-2.0,-2.0,-2.0,0.1788264408298,-2.0,0.1557973325555283,-2.0,-2.0,-2.0,0.10281923410061028,-2.0,-2.0,-2.0,-2.0,-2.0,-2.0,-0.017128799917688786,-0.03766174503662589,-2.0,-2.0,-2.0,-2.0,-2.0,-2.0,-2.0,-2.0,-2.0,-2.0,-0.33903229881499364,-2.0,-2.0,-0.451547028881077,-2.0,-2.0,-2.0,-0.628058708966894,-2.0,-2.0,-0.7836255276737273,-2.0,-2.0,-2.0,-2.0,-2.0,-1.1677274358431275,-2.0,-2.0,-2.0,-2.0,-1.5801982208279812,-2.0,-2.0,-1.877588748348047,-2.0,-2.1000700881032492,-2.0,-2.0,-2.0,-2.0,-2.7553082829243514,-2.9055536114563325
0.34290662782339987,0.35628456820402815,0.36012058404668773,0.36373166925119776,0.36737631005547905,0.37072119013711585,0.3737287715722361,0.3764483036789733,0.37893448971737764,0.38140324085297606,0.38386130916763844,0.3861174116014667,0.38817962785760113,0.39007065874398583,0.39180959576954183,0.39341264035133433,0.3948936153003089,0.3962644670533883,0.39753548494012414,0.39874568142008116,0.39997163833301574,0.40118374926613753,0.40231126477467044,0.40335851743196466,0.40433247029434505,0.40523895715911185,0.40608314759518555,0.40686969813079743,0.40760269491521034,0.40828611799381814,0.40892280935723757,0.40951649410707647,0.41006920370783584,0.41058397235676364,0.4110630981084574,0.41150772249827855,0.41192092705684386,0.412303172165592,0.41265702455400843,0.4129833268762177,0.41328346406181005,0.41355885307142787,0.4138095391035726,0.4140376044253842,0.4142433969701283,0.4144279448996955,0.41459160856016075,0.4147349182144471,0.41485887712820274,0.4149632848061902,0.4150493689911291,0.4151168727243832,0.4151663211045464,0.4151978524386441,0.4152120385639648,0.41520837489728535,0.41518728257132653,0.4151490113266949,0.41509324678265597,0.4150201548874963,0.4149294257104726,0.4148212335418258,0.41469510945724525,0.41455095436989847,0.4143884051369027,0.414207528614459,-2.0,-2.0,-2.0,-2.0,-2.0,-2.0,0.41238379624124,0.4120378167399139,-2.0,-2.0,-2.0,0.4104100817883629,-2.0,-2.0,-2.0,-2.0,-2.0,-2.0,-2.0,0.40579269018455255,-2.0,-2.0,-2.0,0.40264526551237656,-2.0,-2.0,0.3998346988180081,0.39880156318341875,0.3977169911206688,-2.0,0.39538375253457925,-2.0,-2.0,0.39143449051843027,-2.0,-2.0,-2.0,0.38520885944555205,-2.0,0.3816255013317292,-2.0,-2.0,-2.0,0.37336359987410483,-2.0,0.36861423535317034,-2.0,-2.0,-2.0,-2.0,-2.0,-2.0,-2.0,-2.0,-2.0,-2.0,0.33286803673791,-2.0,-2.0,-2.0,0.3146195587273337,0.30950312577143635,0.3041437767901753,-2.0,-2.0,-2.0,-2.0,0.27328177609474286,-2.0,0.2587901289819676,-2.0,-2.0,0.2343723879693415,0.22544943627789837,-2.0,-2.0,0.19606153795598366,-2.0,0.17407469621580354,0.16229371839284246,0.1499544308038971,-2.0,-2.0,-2.0,-2.0,-2.0,-2.0,0.045560447635093704,-2.0,-2.0,-0.010631489520561477,-0.031164372482279323,-2.0,-0.07519459652641969,-2.0,-2.0,-0.14937559321195437,-2.0,-2.0,-2.0,-0.2657507220663696,-2.0,-0.3325344005740374,-2.0,-2.0,-2.0,-2.0,-2.0,-2.0,-0.6215605891720277,-2.0,-0.7228540152752574,-2.0,-0.8339716715565004,-2.0,-2.0,-2.0,-2.0,-2.0,-2.0,-2.0,-1.3971812234033323,-2.0,-1.5736998244186502,-2.0,-1.767338337260065,-2.0,-2.0,-2.0,-2.2127776400644903,-2.0,-2.0,-2.0,-2.0,-2.0
0.3331294787934673,0.35884554288862563,0.36309208730708337,0.36686137611685427,0.3704762969346492,0.37409938436233503,0.3773916690624185,0.38035425746744866,0.38303486655968716,0.38550083133570817,0.3879730341507739,0.3904109190863314,0.3926393419689487,0.39467716941389946,0.39654640673289765,0.398265877033972,0.39985131699178467,0.4013162824594898,0.4026725081496722,0.4039300902402371,0.40513716766203217,0.406363450906664,0.40756654889944655,0.40868376589407285,0.4097216891228888,0.4106868401634323,0.4115849912155559,0.4124213264546303,0.4132003987631554,0.41392639845750623,0.41460283448644547,0.4152331145108025,0.41581985880787803,0.4163664424862764,0.41687493157777095,0.41734793477437904,0.4177865026457912,0.4181933504323339,0.41857014817633725,0.4189175640218402,0.4192377461004088,0.41953178602166696,0.419800644507741,0.4200453281446164,0.4202668463707627,0.4204663169437725,-2.0,0.4208003304119055,0.4209367290379017,0.4210530323925781,0.42115010514914847,0.4212288719002707,0.42128779606049316,0.42132867526856876,0.4213516038065375,0.4213565488799588,0.4213436084664633,0.4213128819346376,0.42126434555936154,0.42119819070563635,0.42111396751923336,0.4210117937026552,0.42089177860292926,0.4207530383258843,0.4205958646522482,0.4204198081862159,-2.0,0.4200099942060331,-2.0,0.41951957791565486,0.4192434430892856,0.41894551683786097,-2.0,-2.0,0.4179156942944279,0.4175249870220579,-2.0,-2.0,-2.0,-2.0,0.41517471179690857,-2.0,-2.0,-2.0,-2.0,0.41206745084755564,0.41134126207159527,-2.0,0.40977256535028667,-2.0,-2.0,0.40710245006206025,-2.0,-2.0,-2.0,-2.0,0.4016740709760503,-2.0,-2.0,-2.0,-2.0,-2.0,-2.0,0.3915056707951718,-2.0,0.38792379992411663,-2.0,0.38398806839954747,-2.0,0.3796644952653663,-2.0,-2.0,0.3723702858374791,-2.0,-2.0,-2.0,-2.0,0.35769562291174567,-2.0,-2.0,-2.0,-2.0,0.3391746738972829,0.334925462643015,-2.0,0.32581158800431403,-2.0,0.3158111958503252,-2.0,0.30483858424751564,-2.0,-2.0,-2.0,0.2795911772039812,-2.0,-2.0,-2.0,0.24920156284765052,-2.0,0.2317598472515649,-2.0,0.21262519670126512,-2.0,-2.0,-2.0,-2.0,-2.0,-2.0,0.12980540596790596,-2.0,-2.0,-2.0,-2.0,-2.0,-2.0,-2.0,-2.0,-2.0,-0.04635779991873623,-2.0,-0.09247373048957036,-2.0,-2.0,-2.0,-2.0,-2.0,-2.0,-2.0,-2.0,-0.3620045839487413,-2.0,-2.0,-0.4798492516849496,-2.0,-0.5680105101013799,-2.0,-0.6647224507561094,-2.0,-2.0,-2.0,-0.8871957424993611,-0.9495532474514943,-2.0,-2.0,-1.154915957198358,-2.0,-1.3085503258655857,-2.0,-1.4770851863209316,-1.567386571474659,-1.6619656517729913,-2.0,-2.0,-1.9734438319891698,-2.0,-2.0,-2.0,-2.0,-2.0,-2.0,-2.0
0.3236311014039673,0.3609191905464547,0.3655824544810466,0.36974627687611883,0.37345479859244973,0.3770777726743829,0.38066784253291497,0.38390569502351735,0.3868214807508847,0.3894614637719604,0.39191188602807525,0.3943892190217926,0.3968002055887949,0.39899942924747395,0.40101149746272724,0.4028578978491856,0.4045567454576259,0.406123566074459,0.40757163989518636,0.40891238665017965,0.41015572479090395,0.411361348319019,0.41258833627333746,0.41378026316676786,0.4148866017818735,0.41591416098978967,0.41686967632718697,0.41775882490559585,0.4185866867331708,0.4193575528148703,0.42007585662531216,0.42074467700867874,0.42136757662370666,0.4219478899782556,0.4224875803136427,0.4229891160111837,0.423455181914546,0.42388780943950805,0.42428784306574935,0.42465792953467507,0.42499911623913383,0.4253126919507879,0.4256000933688714,0.42586233190884853,0.42610017976183734,0.4263147557245445,0.42650714494606873,0.4266776018189404,0.42682666470410024,0.4269553284245583,0.42706390824545165,0.4271533085383522,0.4272226886904609,0.42727353743090024,0.4273058181892198,0.42731945868484195,0.4273150894037652,0.4272919954690854,-2.0,0.4271918249032898,0.42711465441193297,0.4270188464857304,-2.0,0.42677188426254886,0.426620002637805,-2.0,0.4262591394232065,-2.0,0.4258183260119692,-2.0,-2.0,0.42500110644260036,0.4246846773364967,-2.0,0.4239818714031225,-2.0,-2.0,-2.0,-2.0,-2.0,-2.0,0.4207034433176836,0.4201180973016239,-2.0,-2.0,0.41816079318130234,0.41743656737977464,-2.0,0.41587131256429627,-2.0,0.4141389854600883,0.41320560470533463,-2.0,-2.0,-2.0,-2.0,-2.0,-2.0,-2.0,-2.0,-2.0,0.4008789885180811,-2.0,0.39762197349319,-2.0,-2.0,0.3921207233817438,0.390107484214433,0.38799682294928556,-2.0,-2.0,0.38103792139326464,-2.0,-2.0,-2.0,0.3701023950789336,0.3670344476897649,-2.0,-2.0,-2.0,-2.0,-2.0,-2.0,-2.0,-2.0,-2.0,-2.0,-2.0,0.3165802424749061,-2.0,-2.0,-2.0,-2.0,-2.0,-2.0,-2.0,-2.0,0.25533154680732806,0.24681279484031649,-2.0,-2.0,-2.0,-2.0,-2.0,0.18651673916453979,-2.0,-2.0,-2.0,0.13593680902976862,-2.0,0.10690954131547148,-2.0,-2.0,-2.0,-2.0,-2.0,0.001812705027067929,-0.018720054617732795,-2.0,-0.06275003638241344,-0.0863415994238636,-2.0,-2.0,-0.16403663407683017,-2.0,-2.0,-2.0,-2.0,-0.32008897958685606,-2.0,-2.0,-2.0,-2.0,-2.0,-2.0,-2.0,-2.0,-0.7104080253246523,-0.7646812913162488,-2.0,-0.8810626912080488,-0.9434201740709485,-2.0,-1.0771369900229386,-1.148782828357003,-2.0,-1.30241716015273,-1.384734826420745,-2.0,-2.0,-2.0,-2.0,-1.8586437745606006,-2.0,-2.0,-2.2003310271503618,-2.0,-2.0,-2.0,-2.0,-2.8866083783059437
0.3144035471591499,0.3628721424861879,0.3675670180865023,0.3721701119882285,0.37624946145982247,0.3799075159104922,0.383540039486181,0.38708446637661964,0.39026616591549995,0.39313385630054726,0.3957319747815593,0.3981731666288516,0.40065504194620183,0.40303291034314054,0.4052018528904414,0.40718704978992126,0.4090094447191467,0.41068671092155973,0.4122340449088236,0.41366432570585693,0.41498878650202525,0.41621803407850605,0.4174233221323107,-2.0,0.4198297781095817,0.4209240911124305,0.42194079558415887,0.4228860921774407,0.4237655767267886,0.4245842744337879,0.42534639732715357,0.4260563850397158,0.4267170952227541,0.4273323852848304,0.427905110293153,0.42843743751571384,0.42893204723745126,0.42939105009159356,0.4298161262116839,0.43020965233401887,0.43057262695178994,0.43090688601346794,0.431213495289439,0.4314937864498775,0.43174884267447355,0.43197956976015744,-2.0,0.43237167494408973,0.4325342193149394,0.4326756941488509,0.4327963992616444,0.43289682647999306,0.43297714478892013,0.4330381730928221,0.4330801669747551,0.4331030423983578,0.4331070561744628,-2.0,0.43305880500856186,0.43300695936854117,0.4329365164232378,0.4328476946277089,0.43273968745655145,0.43261277830263234,0.4324668070631119,0.43230149154686753,0.4321163157554294,-2.0,0.4316849404469513,0.4314382913872329,0.4311703225367623,0.4308800362844335,0.43056755735820956,0.4302315477532697,0.4298717486377611,0.4294873381400173,0.42907733680448945,-2.0,-2.0,0.42768586754299276,-2.0,-2.0,-2.0,0.4254143766388738,0.42476439365707674,0.42407910560599865,0.4233570552249535,-2.0,-2.0,-2.0,-2.0,0.4191340142143053,0.4181546155501864,0.41712589549294915,-2.0,0.4149098777131508,-2.0,-2.0,-2.0,0.40977874976511225,0.4083340629041756,0.4068189645545186,-2.0,-2.0,-2.0,-2.0,-2.0,0.3960520209100532,-2.0,-2.0,0.38941374258923,-2.0,-2.0,-2.0,-2.0,-2.0,0.372984283444037,-2.0,-2.0,0.3628758824898746,-2.0,-2.0,-2.0,-2.0,-2.0,0.33789205857703813,-2.0,0.3278927954369523,-2.0,-2.0,-2.0,0.3048831925316361,0.29843241128224873,-2.0,-2.0,-2.0,-2.0,-2.0,-2.0,-2.0,0.23450082061108166,-2.0,-2.0,0.20372114179279757,-2.0,0.18069297164057668,-2.0,-2.0,-2.0,-2.0,-2.0,-2.0,-2.0,-2.0,0.0460916271585583,-2.0,-2.0,-2.0,-0.03426747190358059,-2.0,-2.0,-2.0,-2.0,-0.15807821448093445,-2.0,-2.0,-2.0,-2.0,-2.0,-2.0,-2.0,-2.0,-2.0,-2.0,-0.555918778765695,-0.6031558203245753,-0.6526305849171052,-2.0,-2.0,-2.0,-2.0,-0.9374611339142926,-2.0,-2.0,-2.0,-2.0,-2.0,-2.0,-2.0,-2.0,-2.0,-2.0,-2.0,-2.0,-2.0,-2.0,-2.3192246507323415,-2.44999194933007,-2.5869538529141414,-2.0,-2.0
0.3054390941953024,0.3646029703448246,0.36937711958193215,0.3740884904204176,0.37860936846595117,0.38260288347145527,0.3862227758600914,0.3898669874900543,0.3933509833839578,0.3964752092805308,0.39929371311422496,0.4018486853514471,0.4042867777543709,0.40676971381276417,0.40911173485452296,0.41124925847715904,0.4132065413818629,0.4150039802434076,0.4166588202709447,0.4181858428384958,0.4195975481134626,0.4209050302452394,0.42212109200087083,0.4233270517965227,0.42455274378846564,0.42571833431386896,0.426800190457225,0.4278052089588593,0.42873959258911093,0.4296088260158946,0.4304177564613665,0.431170616622628,0.4318715994677047,0.4325240161786132,0.43313108191015504,0.4336953971672793,0.43421992881379606,0.43470686175810824,0.43515855271440773,0.43557643476752844,0.43596247666802834,0.4363178000617211,0.43664469433566794,0.4369440042559106,0.4372167317886079,0.43746441486604315,0.4376874313857285,0.4378867529687265,0.43806376470034053,0.43821819713551285,0.43835150290116365,0.4384639854866182,0.4385554243928907,0.43862684715129624,0.43867843069645873,0.4387106728614708,0.4387238803372018,-2.0,0.4386922227294568,0.4386481068972374,0.4385846752266626,-2.0,-2.0,0.4382807483925954,-2.0,-2.0,-2.0,0.43760004230195937,0.4373796606126291,0.4371369032596523,-2.0,0.4365870238828848,0.4362784970222695,0.43594603666442544,0.4355897432930372,0.43520861293841084,0.43480222613655756,-2.0,-2.0,0.43341913032289964,-2.0,0.43235178060772456,0.4317711083996739,0.43115755749044254,-2.0,-2.0,0.4291060820146672,-2.0,0.42754798347745704,0.4267070794896253,-2.0,0.42489185608855584,-2.0,-2.0,0.42180686256554895,-2.0,0.4194829478757326,-2.0,-2.0,-2.0,-2.0,0.4125889153592262,0.4110007434661055,0.40933537341855397,-2.0,0.40575843254827776,0.40383907001013386,0.40182675200998097,-2.0,0.3975071888695553,-2.0,-2.0,-2.0,-2.0,-2.0,-2.0,-2.0,-2.0,-2.0,-2.0,-2.0,0.3610909163633914,-2.0,-2.0,-2.0,-2.0,-2.0,-2.0,0.32831838769336036,-2.0,-2.0,0.3106681079035837,-2.0,-2.0,-2.0,-2.0,-2.0,-2.0,-2.0,-2.0,-2.0,-2.0,-2.0,-2.0,-2.0,-2.0,-2.0,0.16121781416823178,-2.0,-2.0,0.11865487881043651,-2.0,0.08681205071125558,-2.0,-2.0,-2.0,-2.0,-0.0069735754806208305,-2.0,-2.0,-0.07459475647702718,-0.09930388580576888,-2.0,-2.0,-0.18067943277224363,-2.0,-2.0,-2.0,-2.0,-2.0,-2.0,-2.0,-2.0,-0.5050290844065191,-0.5501295780258415,-2.0,-0.6468413247505849,-2.0,-2.0,-2.0,-0.8693143106615567,-0.9316717458066789,-2.0,-2.0,-2.0,-1.2120740290308274,-2.0,-2.0,-2.0,-2.0,-2.0,-1.7431430375003854,-1.8468949602968396,-2.0,-2.0,-2.0,-2.313435018288847,-2.4442023157987216,-2.0,-2.7246141141380837,-2.8748593927997272
0.2967302408188869,0.3657500790148105,0.37104704822158047,0.3757572212467625,0.3804837070816003,0.38490173718690984,0.38880865640156187,0.3924048895892703,0.39605434959165864,0.39946971341447124,0.40253564316310714,0.4053035845591954,0.407815745122674,0.4102584202290376,0.4127347493607702,0.4150402288023612,0.4171451653081398,0.419073665841493,0.42084531071404996,0.422477223207846,0.42398285616735776,0.42537539928572665,0.42666521191457724,0.4278700510062566,0.4290771899685091,0.43029887041198966,0.4314503121170879,0.432518998457179,0.43351172807214505,0.43443459706683013,0.43529290895735173,0.43609148357394656,0.43683463187618443,0.437526167963004,0.4381695652398401,0.43876786744508384,0.4393239308160836,0.4398400571101687,0.44031908061630853,0.44076236470325963,0.44117264602486983,0.4415504120664187,0.44189854979541704,0.44221725065410844,0.44250867523916343,0.44277360844556857,0.44301315957116094,0.44322829364737537,0.44341947554080946,-2.0,0.44373401039290283,0.4438584649796283,0.44396193468895934,0.44404409387145377,0.4441061966852454,0.44414862388933485,0.4441705767561388,0.4441729870311587,0.4441562283724933,0.44411967504294253,0.4440640022089484,0.4439887106895855,-2.0,-2.0,0.4436455770916436,0.44349151145966503,-2.0,-2.0,-2.0,0.4426685738551596,0.4424091692942429,0.44212728745782065,-2.0,0.4414943058308438,0.44114132105911036,0.44076386755545915,0.44036049481676237,-2.0,0.43947247405508216,-2.0,-2.0,0.4379241896424186,0.43734625818808315,0.4367349710920522,-2.0,0.4354084746906164,0.4346897928837739,-2.0,-2.0,-2.0,-2.0,-2.0,0.4295080431458999,-2.0,-2.0,-2.0,0.42508236275643296,0.42383414048591855,-2.0,-2.0,-2.0,-2.0,-2.0,-2.0,-2.0,-2.0,0.4094481487493813,-2.0,-2.0,-2.0,-2.0,-2.0,-2.0,0.3931657959763978,0.39037270547479813,-2.0,-2.0,-2.0,-2.0,-2.0,-2.0,-2.0,-2.0,-2.0,-2.0,0.34929412645368474,0.34441109491586475,-2.0,0.3339380110697017,0.32832606557499866,-2.0,-2.0,-2.0,0.30308175285897515,0.2960047689145358,-2.0,0.2808277303450305,-2.0,-2.0,-2.0,0.24590955924973093,-2.0,-2.0,-2.0,-2.0,-2.0,-2.0,0.1668408760977722,0.15330492411574448,0.1391275101748844,0.12427825621232197,0.10872535126920468,-2.0,-2.0,-2.0,0.03878663036428609,-2.0,-2.0,-2.0,-2.0,-0.06897059551974194,-0.093679662736746,-0.11955924548721697,-2.0,-2.0,-2.0,-0.2359335150192743,-2.0,-0.302716773349754,-2.0,-2.0,-2.0,-2.0,-2.0,-2.0,-0.591741757398693,-2.0,-0.6930349061584372,-0.7473080900553368,-2.0,-2.0,-2.0,-0.9913581384743904,-2.0,-1.1314092173293493,-2.0,-1.285043432585049,-2.0,-2.0,-2.0,-2.0,-2.0,-2.0,-2.0,-2.0,-2.0,-2.0,-2.0,-2.0,-2.718988836453614,-2.8692341005915782
0.2882696992289233,0.3664836931840597,0.37218824230659103,0.3773443293611458,0.38201538856434036,0.3867347964245926,0.39104811311720583,0.39486784083811205,0.39845681821364665,0.40209615423310596,0.40544212551975595,0.40844886906280203,0.4111657370340574,0.4136412096952585,0.41609080217797817,0.41855219886213185,0.4208198893967528,0.422891823015313,0.4247907639872528,0.4265358956238331,0.428143557739071,0.42962777819038345,0.43100046403544573,0.4322720720093401,0.43346811089987225,0.43467686412418993,0.4358918780500281,0.43702860873756877,0.4380833541894836,0.4390631921828619,0.43997398895447437,0.44082088122080465,0.4416086943082438,0.4423415691985941,0.4430230839841529,0.4436569743648994,0.4442460216653618,0.4447931590795081,0.44530083229270745,0.44577091358624127,0.4462063148340828,0.4466076122306852,0.44697747529289317,0.447317261914133,0.4476281385071483,0.44791131117532,0.4481678681989243,-2.0,0.44860534936458646,0.4487879895128119,0.44894769896103914,0.4490850910598631,0.4491999679904886,-2.0,0.44936674006379085,0.4494188656126423,0.4494508317003715,0.44946239100959107,0.44945405051541015,0.4494257284227002,0.4493779265157915,0.44931029768047753,0.4492220683216645,0.4491147786286704,0.4489866943257402,0.4488385112626031,0.44866947567696674,0.44847989853124537,0.44826881235422544,-2.0,-2.0,0.44750383200449523,0.44720339383617536,-2.0,0.44652997823326507,-2.0,-2.0,0.44532928344221545,0.44487477847066614,0.4443915265327953,0.44387813418730987,0.44333453644629667,-2.0,-2.0,0.44150678083932177,0.44082826435280253,-2.0,-2.0,-2.0,-2.0,-2.0,0.43591544341765753,-2.0,0.43391582461003764,-2.0,-2.0,0.43052025499297586,-2.0,-2.0,0.4265906509517614,-2.0,-2.0,-2.0,-2.0,-2.0,-2.0,-2.0,0.41288543955448187,0.41077774787576005,-2.0,-2.0,0.40382650602855347,-2.0,0.398618456924691,-2.0,-2.0,-2.0,-2.0,-2.0,-2.0,-2.0,0.3721646634038235,-2.0,-2.0,-2.0,-2.0,-2.0,-2.0,0.3393967119553824,-2.0,-2.0,-2.0,-2.0,0.30854170494502237,-2.0,-2.0,-2.0,-2.0,-2.0,-2.0,-2.0,0.24158274084540793,0.23133060620463283,-2.0,-2.0,0.19756507831873316,-2.0,-2.0,-2.0,-2.0,-2.0,-2.0,0.09789822846900492,0.08083656393125138,-2.0,-2.0,-2.0,0.004113536332680523,-2.0,-2.0,-2.0,-2.0,-0.11409586440043273,-2.0,-2.0,-2.0,-2.0,-0.26308874243416835,-2.0,-2.0,-2.0,-0.40976666215050805,-2.0,-2.0,-0.539040748345368,-2.0,-2.0,-2.0,-0.741843945348063,-2.0,-2.0,-2.0,-2.0,-2.0,-2.0,-1.2009846465160743,-1.279579097969076,-2.0,-1.4481137937231265,-1.5384151005133786,-2.0,-2.0,-2.0,-2.0,-2.058286501425951,-2.0,-2.3023452935198274,-2.0,-2.5700744307236745,-2.0,-2.0
0.280050389418363,0.3671734773586375,0.3728232003580118,0.37848103553545565,0.38349711001416287,0.388156560522611,0.3928428788443244,0.3970513841450461,0.40078482677674987,0.40438362570641095,0.40799590312286843,0.411271848059457,0.41421889214043467,0.41688411781813284,0.4193314592016973,0.42178917008820366,0.42422624269468606,0.4264556353179661,0.42849362403587954,0.4303623563476322,0.43208036769245906,0.433663518557859,0.43512542670249316,0.43647773623801384,0.4377306156710211,0.43892091334110084,0.4401315217390341,0.441336686075546,0.44245781507961573,0.4434984964446152,0.4444648440333199,0.4453629480009119,0.4461979808342462,0.4469744568510508,0.44769652732080045,0.44836778176183295,0.448991751238128,0.44957121890283036,0.4501089896076349,0.45060745645171213,0.4510685971428876,0.45149488732783133,0.4518877207606867,0.4522490361854353,0.45258028154753777,0.4528821405462853,0.45315707040268705,0.45340438598755894,0.4536267929502938,0.453824276389207,0.4539979651387308,0.45414830315491755,0.4542762343202496,0.4543819286012217,0.45446588549659017,0.454528411410251,0.4545702456199515,0.4545914731311992,0.45459210127540944,0.45457247889805147,0.4545320136031267,-2.0,0.4543911512955611,-2.0,0.45416883581697826,-2.0,-2.0,0.4536796016946806,0.45347387889727064,0.45324665110202705,0.4529966321947071,-2.0,-2.0,-2.0,0.4517615218699817,-2.0,-2.0,0.4505715686184717,0.45011963212713646,0.4496398114036881,-2.0,0.4485885589412926,-2.0,0.44740924293035483,0.446768577516985,-2.0,-2.0,-2.0,-2.0,-2.0,0.44211587510243894,-2.0,0.44021708500311635,-2.0,-2.0,-2.0,-2.0,0.43455730930279163,0.43324933085421746,-2.0,-2.0,-2.0,-2.0,-2.0,0.423934262905104,-2.0,-2.0,0.4181789757048935,-2.0,-2.0,-2.0,0.40912294747121164,0.4065804646904924,-2.0,-2.0,0.39819841902227937,-2.0,-2.0,-2.0,0.3850299427121886,0.38133607325721475,0.37746620764397076,-2.0,-2.0,-2.0,-2.0,-2.0,-2.0,-2.0,0.33908871171490973,-2.0,-2.0,-2.0,-2.0,-2.0,-2.0,-2.0,-2.0,-2.0,-2.0,-2.0,-2.0,-2.0,-2.0,-2.0,-2.0,-2.0,-2.0,0.16407496868398497,-2.0,-2.0,0.11949602678760018,-2.0,-2.0,-2.0,-2.0,-2.0,0.009422067442075854,-2.0,-2.0,-0.05819848270589678,-2.0,-2.0,-2.0,-0.1642824516786282,-2.0,-0.22516072709601764,-2.0,-2.0,-2.0,-2.0,-2.0,-2.0,-2.0,-2.0,-0.5809682552281019,-0.630442901684748,-0.682261270654086,-2.0,-0.7933785673552878,-2.0,-0.9152729152065685,-2.0,-1.0489894980226873,-1.120635235936823,-1.1956749296269233,-2.0,-1.3565869457720554,-1.442804024067636,-1.5331053230116978,-2.0,-2.0,-2.0,-2.0,-2.0529766376022947,-2.17218256369348,-2.0,-2.0,-2.5647645170075486,-2.0,-2.0
0.2720654332493498,0.3673649763764337,0.3733991350127049,0.37905575818877246,0.384628154153554,0.3895077124868562,0.39418335101201846,0.39880791870518445,0.40291192673875,0.40657389638806796,0.4101879190102619,0.4137537831767966,0.41695988335798556,0.4198468720468448,0.422459941476453,0.4248889556980185,0.42735628427253197,0.42975829114491265,0.43194877233168094,0.4339522797143207,0.4357902630252236,0.4374806114329154,0.43903885886228716,0.4404778288275308,0.44180949171688444,0.44304293387294,0.444230534255141,0.44544400578724475,0.4466354265688098,0.4477406133685589,0.448766289439266,0.44971876756560725,0.4506038446801135,0.45142650554075586,0.45219122706668025,0.4529019970945422,0.4535627049535725,0.4541760822737638,0.4547455241705681,0.45527338914890175,0.45576231658320443,0.45621419218694065,0.45663131208049107,0.4570150604203448,0.4573670773853992,0.4576891403458536,0.4579824536339465,-2.0,0.4584862711014694,0.45869965995958,0.4588877509868625,0.45905192401709555,0.45919244321809477,0.4593105296786773,0.4594058682829417,0.4594796551960456,0.45953160520449654,0.4595625763536675,-2.0,0.4595616139061562,-2.0,0.45947711258565643,0.45940411789475005,0.45931053716286724,0.4591955725383156,0.45905971049664973,0.4589027775551036,0.45872438972436647,0.45852421190283854,0.4583015782984719,0.4580563601694527,0.4577880819834718,-2.0,-2.0,0.45683914005857157,0.45647242841396873,-2.0,-2.0,0.4552119048103982,-2.0,-2.0,-2.0,-2.0,-2.0,0.4518769865601839,0.4512023474741633,-2.0,-2.0,-2.0,-2.0,-2.0,0.4463127440762089,-2.0,0.444319614230241,-2.0,-2.0,-2.0,-2.0,-2.0,0.43701063094358816,-2.0,-2.0,0.4324773530791932,0.43081563975921644,-2.0,-2.0,-2.0,0.4233204061233894,0.421214337462243,-2.0,-2.0,-2.0,-2.0,-2.0,-2.0,-2.0,-2.0,0.397068915549868,-2.0,-2.0,-2.0,0.3826157874963846,-2.0,-2.0,-2.0,-2.0,-2.0,-2.0,-2.0,-2.0,-2.0,-2.0,-2.0,-2.0,0.31192397779913933,-2.0,-2.0,0.2886162026798371,-2.0,-2.0,-2.0,0.25204647765721205,-2.0,0.2310547698312588,0.21980790998346336,-2.0,-2.0,0.1827664787796035,-2.0,0.15505380334377822,-2.0,-2.0,0.10836267800884553,0.0913011965271554,-2.0,0.054714627271990945,-2.0,-2.0,-0.006926291220235303,-2.0,-2.0,-2.0,-2.0,-2.0,-2.0,-2.0,-2.0,-2.0,-2.0,-2.0,-2.0,-0.39930004539211583,-2.0,-2.0,-2.0,-2.0,-2.0,-2.0,-0.7313765935086258,-2.0,-2.0,-2.0,-2.0,-2.0,-2.0,-2.0,-2.0,-1.3514289272101787,-1.4376459816330378,-1.5279472634778548,-1.622526234558224,-2.0,-2.0,-1.934004113391277,-2.0478184420989605,-2.1670244148882594,-2.0,-2.4226444798588265,-2.0,-2.0,-2.0
0.2643081486974105,0.3670483610538695,0.3736370835579799,0.3794987706744366,0.3851860986385466,0.39063149068363207,0.3954007911190302,0.4001007191174482,0.40463234116925095,0.40863254504080027,0.41224304705219433,0.41587511023297125,0.41937340481490865,0.4225094889718275,0.42533636048127393,0.42789698563141515,0.43031855499728283,0.43279393169154773,0.43515212006716586,0.43730322302521185,0.4392719376640176,0.4410785248131457,0.44274076366878073,0.4442734324914633,0.44568937919492624,0.44699946088246423,0.4482137417075202,0.44940245419707037,0.4506184356578678,0.4517926029869653,0.45288127462666206,0.4538915906974903,0.4548297763689728,0.45570125995978056,0.4565111061614948,0.4572635977982266,0.4579627364840631,0.45861213454460625,0.45921480958310534,0.4597741130959177,0.460291520479834,0.4607704647451761,0.46121267308390096,0.4616200726306836,0.4619941566838977,0.46233682290574574,0.4626495889464104,0.4629332551142453,0.4631891405532628,0.4634184649829543,0.4636217009636395,0.4638000110849096,0.46395440200039956,0.46408484440767767,0.4641925939795811,0.4642775547704888,0.46434069485661944,0.4643811912510144,0.46440103814984474,0.46439876876604896,0.46437590831021186,0.4643313467439802,-2.0,0.4641795225906263,0.46407171947079434,-2.0,0.4637917538979594,0.46361933562184066,-2.0,-2.0,0.46296716041714503,0.46270417899089883,0.46241655462573295,-2.0,0.461768185645488,-2.0,-2.0,-2.0,0.46015462255063977,-2.0,-2.0,-2.0,-2.0,-2.0,0.45683726869151636,0.4561652331050209,-2.0,-2.0,-2.0,0.453085810670509,-2.0,0.451287780022536,0.45031790978088043,-2.0,-2.0,-2.0,-2.0,-2.0,0.44336727979565393,-2.0,-2.0,0.43905030941476114,-2.0,0.4358066605235684,-2.0,-2.0,-2.0,-2.0,0.4262098018608632,-2.0,0.4216895247864781,-2.0,-2.0,-2.0,-2.0,0.40834521874005847,-2.0,-2.0,-2.0,-2.0,-2.0,0.3876188026405851,-2.0,-2.0,-2.0,-2.0,-2.0,-2.0,0.35485822881038626,-2.0,-2.0,-2.0,-2.0,-2.0,-2.0,-2.0,-2.0,-2.0,-2.0,-2.0,-2.0,-2.0,-2.0,-2.0,-2.0,-2.0,0.2006988738420054,-2.0,-2.0,-2.0,0.14521462081794462,-2.0,-2.0,-2.0,-2.0,0.059724873182446236,0.040121483133561675,-2.0,-2.0,-0.02443975103227569,-2.0,-2.0,-2.0,-2.0,-2.0,-2.0,-2.0,-2.0,-0.28177526339243675,-2.0,-2.0,-2.0,-2.0,-2.0,-2.0,-2.0,-2.0,-2.0,-2.0,-2.0,-0.8427461449850392,-2.0,-0.9704147507428081,-2.0,-1.1104656217380233,-2.0,-1.2640996949832108,-2.0,-2.0,-1.522935523474527,-2.0,-2.0,-2.0,-1.9289923068345147,-2.0428066768950304,-2.162012578891599,-2.0,-2.0,-2.0,-2.698044316614843,-2.0
0.25677204425975864,0.3667053092931266,0.3732570984854339,0.3797593739245474,0.38549587830992205,0.39120903197257034,0.39649131074122707,0.4011842807461626,0.4059052446829038,0.4103167524738145,0.4142142889508777,0.4177952587420683,0.42143842007539095,0.4248560826124227,0.427921951120741,0.4306884608675344,0.4331968991790411,0.43562296030959563,0.4380961340244084,0.44040931731221933,0.4425207496300577,0.4444540547421041,0.4462291284367033,0.44786286956291305,0.44936997956592106,0.45076194802755754,0.45205040461695917,0.4532478940780985,0.4544391333763998,0.45565451102781623,0.4568103171873945,0.4578820719529221,0.45887657747259036,0.45979993417888904,0.4606574653197959,0.4614540809285736,0.4621939522537328,0.46288107145773727,0.46351933637112275,0.46411040269333564,0.4646586645233043,0.4651656881312641,0.46563425074301407,0.46606638067088024,0.4664639374235536,0.46682792606554135,0.46716074065342084,0.4674637305978129,0.46773739705666834,0.4679832998094073,0.4682026036118214,0.4683958890845458,0.4685641654407499,0.4687080199690546,0.46882791305761906,0.4689248594589346,0.46899891315456277,0.4690505925375853,0.4690799661006258,0.4690870817986907,-2.0,0.4690368801530555,0.4689794654437676,0.4689007144015637,0.4687999663592624,0.46867774417906627,-2.0,0.46836684988588595,0.46817807809337186,0.4679664775422718,0.4677314643195266,0.46747344496927506,-2.0,0.4668833439863119,-2.0,-2.0,0.46580692676551033,0.46539385699884206,-2.0,0.46448200921450805,-2.0,0.4634487973710237,0.4628841203779681,0.46228587968348595,0.4616528889723715,0.4609829604736262,-2.0,-2.0,0.45874203597196495,-2.0,-2.0,-2.0,-2.0,-2.0,-2.0,0.45193658121774477,0.4507541395508202,-2.0,-2.0,-2.0,-2.0,-2.0,-2.0,-2.0,-2.0,0.43708740747615876,-2.0,-2.0,-2.0,-2.0,-2.0,-2.0,-2.0,-2.0,0.41612548043344627,-2.0,-2.0,-2.0,-2.0,-2.0,-2.0,-2.0,-2.0,-2.0,-2.0,-2.0,0.37019018679298676,-2.0,0.35972022013588595,-2.0,-2.0,-2.0,-2.0,0.32887059580978856,-2.0,0.3143831483630283,-2.0,0.29848830201542753,-2.0,-2.0,-2.0,-2.0,-2.0,-2.0,-2.0,0.21790300196420387,-2.0,-2.0,-2.0,-2.0,-2.0,-2.0,-2.0,-2.0,-2.0,-2.0,-2.0,0.024456259899188093,-2.0,-0.01957258961486341,-2.0,-2.0,-2.0,-2.0,-2.0,-0.17898146914811186,-2.0,-2.0,-2.0,-2.0,-2.0,-2.0,-2.0,-0.4735940667478249,-2.0,-2.0,-2.0,-2.0,-0.7214970106820348,-0.7783410849810948,-2.0,-2.0,-2.0,-1.0339517216710454,-2.0,-2.0,-1.2592313845844434,-1.3415488981973054,-2.0,-1.518067157994321,-2.0,-1.7117053569317404,-1.8154571851816281,-1.9241238679480888,-2.0379382293243777,-2.0,-2.0,-2.4127641393707355,-2.5497259456433974,-2.0,-2.0
0.24945081352303158,0.365798398958601,0.37280525457404096,0.3793762582706739,0.3857339113900501,0.39139522055251535,0.39709181617592754,0.40221020597854334,0.4068630284884637,0.41157508562533174,0.4158642090978693,0.419660301215208,0.4232353164238997,0.42686844879768393,0.43020427351522456,0.4332010187820268,0.435907317925919,0.43837043400883996,0.44080719458589646,0.44326581669453335,0.4455339196580602,0.4476054317679985,0.4495032067388674,0.4512463601210172,0.4528512759357901,0.4543318527811824,0.4557003102621738,0.45696667811671277,0.45815139334237237,0.4593456047598417,0.46055588688910487,0.4616931769832344,0.46274764339732044,0.46372593967570047,0.4646340785034375,0.4654773144237891,0.4662603004690555,0.4669871377465329,0.46766190667286356,0.46828773269777785,0.4688676800160625,0.4694045079134194,0.4699008658075185,0.4703586238386578,0.4707801414916191,0.4711669936360997,0.4715210240573222,0.47184354202682144,0.4721359909082595,-2.0,0.4726354045369432,0.472844110604085,0.47302705695444897,-2.0,0.47331758905331767,0.4734268486660306,0.4735124782239264,0.4735745221808837,0.473614264283102,0.4736316845437509,0.47362646460250196,0.47359974381664977,0.47355016189335647,0.4734791645523497,0.4733858818062167,0.4732705281104542,0.47313292706776383,0.47297282974840993,0.4727901285780094,0.4725841614440946,0.47235484980717635,0.472101531461155,0.47182404456638805,-2.0,-2.0,0.47083829408393973,-2.0,-2.0,0.46961021390827484,0.4691435736825989,-2.0,-2.0,0.4675551134881284,0.46695938602508896,-2.0,0.4656615487902538,-2.0,-2.0,-2.0,0.46259996538986004,-2.0,-2.0,0.45984369573104705,0.45882711533468656,0.457758472868025,0.45663460015576735,0.45545394390362937,-2.0,0.4529111706293293,0.4515436134178493,0.450108088187775,0.4486015219346902,0.44702083547633764,0.4453622077784881,-2.0,-2.0,0.43988447486899707,-2.0,-2.0,0.43356917070320244,-2.0,-2.0,0.4262943907848809,-2.0,-2.0,-2.0,-2.0,0.4116466103505343,-2.0,-2.0,-2.0,0.397199407911605,-2.0,0.38890141704337033,-2.0,-2.0,-2.0,-2.0,-2.0,-2.0,-2.0,-2.0,0.34035089699018195,0.3335959494950715,-2.0,-2.0,-2.0,0.3032145932287055,-2.0,-2.0,-2.0,-2.0,0.25639377110058836,0.24565641318803452,0.2344101257630802,-2.0,-2.0,0.19736984181569017,0.1838346196242423,0.16965790332941694,-2.0,-2.0,0.12296777751198401,-2.0,-2.0,0.06932059902941912,-2.0,0.029185322945799674,0.007680433721907132,-0.01484336194750635,-2.0,-0.0631429896691782,-0.089022302134101,-2.0,-2.0,-0.17425183887148288,-2.0,-2.0,-0.272177762224608,-0.3079602513882068,-2.0,-2.0,-2.0,-2.0,-0.5139642850266545,-2.0,-0.6106755611240771,-0.662493804805655,-2.0,-0.7736108595100011,-2.0,-2.0,-0.9608162191952905,-2.0,-2.0,-2.0,-2.0,-2.0,-2.0,-2.0,-2.0,-2.0,-1.8107266563379925,-1.9193933211118601,-2.0,-2.0,-2.0,-2.0,-2.544995318228842,-2.6884451379412933,-2.0
0.2423383298859155,0.3645563157224937,0.3720080842602312,0.37879380810370433,0.38540788037337215,0.3915612793558439,0.39719985284896847,0.4028307900654637,0.4077889733119514,0.41244005144126783,0.4171069658341368,0.42127586946441326,0.42497496074054003,0.42856616095427014,0.43216528040964824,0.43542039965121687,0.4383479120320049,0.44099456728460956,0.4434254043736672,0.44587387764280273,0.44830491532762795,0.4505277787016907,0.45255927105958643,0.4544212670359799,0.45613254708834683,0.4577080942106234,0.45916224342634754,0.4605063893885739,0.46175062386170757,0.4629270624206758,0.4641248951176584,0.4653252457359327,0.4664435348950965,0.4674802871244515,0.46844201845774314,0.46933452564548955,0.47016303042532587,0.47093199224129345,0.47164555854335577,0.4723075251040583,0.47292115846327765,0.4734890211446258,0.47401443229525736,0.4744992510440946,0.47494600108706614,-2.0,0.4757327600714498,0.4760760501921578,0.4763880004223254,-2.0,0.47692282773237393,0.47714781516371924,0.4773459003878157,0.4775176712662152,0.4776644169727934,0.47778618979977294,0.4778833912073389,0.4779571143359035,0.47800749819841676,0.47803493651993006,-2.0,0.4780213405926718,-2.0,0.4779180956521962,0.4778324468904625,0.4777245529611772,0.4775937728341714,0.47743999371067614,0.4772634967922542,-2.0,0.4768394727112979,0.47659174703555324,0.47631908965511915,0.47602104965371794,0.47569749429454505,0.4753472172197807,0.47497022326309685,0.47456488657942,-2.0,0.47366760989757434,0.4731730819598737,0.4726471772992545,0.47208850620373266,0.47149588193153696,-2.0,0.47020368643983057,0.4695013768941733,-2.0,-2.0,0.4671514303521054,-2.0,-2.0,-2.0,0.46338649900415496,-2.0,-2.0,0.46001799794018305,0.4587791657042776,0.4574781902820497,-2.0,0.4546777536093793,-2.0,-2.0,-2.0,0.4481965583472329,-2.0,0.44446063911760536,-2.0,-2.0,-2.0,-2.0,-2.0,-2.0,-2.0,-2.0,-2.0,-2.0,-2.0,-2.0,-2.0,0.4056531100228735,0.40178548084117005,0.3977334623270613,0.3934883733607303,-2.0,-2.0,0.3795015519429271,0.37438880148331954,0.369032964296325,-2.0,-2.0,0.35138945333859695,0.3449409507518516,0.3381862735276983,0.3311109502086638,-2.0,-2.0,-2.0,-2.0,-2.0,0.2810242328641642,0.27123717701990385,0.26098603697522893,0.25024885635936533,-2.0,-2.0,0.21488546514063328,0.20196288412534158,-2.0,-2.0,-2.0,-2.0,0.12756143532219127,0.1105003674341336,-2.0,-2.0,-2.0,-2.0,-2.0,-2.0,-0.03383993353207726,-2.0,-2.0,-0.11153310690645912,-2.0,-0.16965711180172627,-0.20080031173212243,-0.23341893419147697,-2.0,-0.3033653078212205,-0.34084291720941995,-0.3800959814765291,-0.4212086335859284,-0.4642689220274123,-0.509369121881493,-0.5566058550894706,-2.0,-2.0,-0.7121715005271302,-0.7690155138627425,-2.0,-0.8909095811035295,-2.0,-1.024625769370464,-1.0962715315617906,-1.1713111140144434,-1.2499054401148002,-2.0,-1.4184398906265314,-1.508741085705225,-2.0,-1.7023792133992588,-2.0,-1.9147976645349258,-2.0,-2.1478178275895625,-2.0,-2.4034378154839695,-2.0,-2.683849423517624,-2.8340946100923508
0.2354286414322417,0.36319698720902804,0.37065332643939825,0.3780627354244547,0.3846966209944769,0.3913111401123654,0.39724798034862935,0.40291408547421675,0.40842826128924237,0.41324093386222993,0.4179196498758599,0.4225034198957672,0.42655442303615737,0.4301799044538688,0.43379255288249935,0.4373318532761635,0.4405071787540044,0.44336617283549046,0.4459534365888418,0.44836603544690135,0.45082768286496555,0.45321666980497377,0.4553944047663943,0.4573857461669854,0.45921177207574726,0.4608905358936868,0.46243713144187276,0.4638647148388858,0.465184309709556,0.4664059864479076,0.4675791400488506,0.4687812660318499,0.4699663469034556,0.471065255171973,0.4720840654342551,0.47302879907995826,0.4739054540651885,0.47471878769256604,0.4754734213049321,0.4761734654842073,0.4768221053903986,0.4774228892814452,-2.0,0.4784920076238518,0.4789653381804237,0.47940067881985726,0.4798000065517646,0.48016494091480766,0.4804972299098616,0.4807982206916614,0.4810688995512735,0.4813106171504477,0.48152480653237645,0.48171129022120424,0.4818718260320475,-2.0,0.48211677250179275,-2.0,0.4822638578521858,0.48230167626377135,0.4823161649062658,0.48230763112941594,-2.0,0.4822211866396084,0.4821439035173592,0.4820435099083681,0.48192009582854484,0.4817731596460517,0.48160290215743884,0.48140870654944573,0.48119068816968547,0.4809482517486972,0.48068088118993657,0.4803879142371894,0.48006908607859694,-2.0,0.47935032663871696,0.4789492261520727,0.47851908585016556,0.47805915040298846,0.4775684002388591,0.47704592568726106,-2.0,0.4759006600327534,0.4752762741636915,-2.0,-2.0,-2.0,0.4723946019724774,-2.0,-2.0,-2.0,-2.0,0.4678141102862411,-2.0,-2.0,-2.0,-2.0,-2.0,-2.0,-2.0,-2.0,0.4560338462524638,0.4543773763138489,0.4526399843358883,-2.0,0.44890583366716996,-2.0,-2.0,0.4425958569831905,-2.0,0.43786399119981195,-2.0,-2.0,-2.0,0.42695487908544905,-2.0,0.42068417400904534,-2.0,-2.0,-2.0,0.4062411030037212,-2.0,-2.0,0.3934980751792517,-2.0,-2.0,-2.0,0.37349143081514485,-2.0,-2.0,-2.0,0.3494009279589769,-2.0,-2.0,0.3281603391353165,-2.0,-2.0,-2.0,0.2948295979846931,-2.0,-2.0,-2.0,-2.0,0.24346495478450506,-2.0,-2.0,-2.0,-2.0,-2.0,-2.0,-2.0,0.1320248773500045,-2.0,-2.0,0.07837830866790751,-2.0,0.03824346457113703,-2.0,-2.0,-2.0,-2.0,-2.0,-2.0,-2.0,-2.0,-2.0,-2.0,-2.0,-2.0,-2.0,-2.0,-2.0,-2.0,-2.0,-2.0,-0.601615259502844,-2.0,-2.0,-0.7645503157355622,-0.824087139470854,-2.0,-2.0,-2.0,-2.0,-1.166845781553027,-2.0,-2.0,-2.0,-2.0,-1.598854545653272,-2.0,-2.0,-1.9103321702229397,-2.0,-2.0,-2.0,-2.3989722586479125,-2.535934028575405,-2.6793838335272566,-2.8296290160632225
0.22871596595026464,0.36118996677285287,0.36928809520529154,0.376674203639648,0.3839597360497774,0.39051700210845347,0.3970629784394059,0.402835228835927,0.4085401578964095,0.4138854707945828,0.4185948598475771,0.42330470171120166,0.4277659442221314,0.4317015039209997,0.43528109885649474,0.4389150931865204,0.4423698339131568,0.4454664701832198,0.44825764805400603,0.45078594879462686,0.45319536022607076,0.4556650481961346,0.4580031025461068,0.4601356666919915,0.46208690998988833,0.4638770819437149,0.4655236842550127,0.4670406247813066,0.46844133312124964,0.4697363168161958,0.4709355000195974,0.47211064130848335,0.47331637499871515,0.47448153359476747,0.4755608007662403,0.47656114756649076,0.47748874397840285,0.47834910451378854,0.479147097332257,0.4798871549575759,0.4805729624618651,0.4812082288466259,0.4817960555278798,0.4823392500891459,0.4828406540810967,-2.0,0.4837251416525,0.48411282164927816,0.48446616825865424,0.48478691473789287,0.48507639293653115,0.4853357298368492,0.4855660795732731,0.48576882038900654,0.4859435232555003,0.4860925773279976,0.4862151884303909,0.48631294785231793,0.48638627851598487,0.4864348079171164,0.4864596189777229,0.48646089969540823,0.48643813729258883,0.4863924052500567,0.48632296781121026,0.48623050054184436,0.486114207327672,-2.0,0.4858110714028131,-2.0,0.48541125042633315,-2.0,0.4849125713878495,0.48462476856406267,0.4843105630705154,-2.0,0.4836009195635816,0.4832039213931961,0.48277780622235544,0.4823216475943422,-2.0,0.4813153110015777,0.4807630359221188,-2.0,-2.0,-2.0,0.4781985482849908,0.4774619003922086,0.4766838016886198,-2.0,0.47499733210369527,-2.0,-2.0,-2.0,-2.0,0.4699316308734817,0.4687556788363689,-2.0,-2.0,0.46485837581897704,0.4634267934765495,-2.0,0.46034674095560946,0.45869174596929196,-2.0,-2.0,-2.0,0.4512198528576554,-2.0,-2.0,-2.0,-2.0,-2.0,-2.0,-2.0,-2.0,0.4282183044281763,-2.0,-2.0,-2.0,0.41443598526834646,-2.0,-2.0,-2.0,-2.0,-2.0,-2.0,-2.0,-2.0,0.3722128889215547,0.36633656584335506,-2.0,-2.0,0.34697902148389465,-2.0,-2.0,-2.0,0.31660064457558834,0.3080842303794104,0.29916381297541894,-2.0,-2.0,-2.0,-2.0,-2.0,0.23602105568546417,-2.0,0.21076131191922287,-2.0,-2.0,0.1682019817798192,0.15265007502980943,-2.0,0.11930030354951848,-2.0,0.08271491507745932,-2.0,-2.0,0.021075573811033255,-2.0,-2.0,-2.0,-0.07562622922503226,-0.10273142649672329,-0.13112079630915818,-2.0,-0.1919982488690115,-0.2246167546528287,-2.0,-2.0,-0.3320404145841066,-0.3712933921606548,-0.4124058023102365,-0.4554661462079451,-0.5005662601917664,-0.547802912975885,-2.0,-2.0,-2.0,-0.7602122886816463,-0.8197490645506453,-2.0,-2.0,-2.0,-1.0874680102599354,-2.0,-2.0,-2.0,-2.0,-1.499937338520804,-1.5945161948721889,-2.0,-2.0,-2.0,-2.0198080521202333,-2.139013880271617,-2.263866620227683,-2.0,-2.5315955377188932,-2.6750453443488196,-2.0
0.22219468609395232,0.35916510062771606,0.3673098065260576,0.37521474605405,0.382622348744366,0.38970061461943817,0.39625819452024447,0.40266534322565817,0.4083355635349864,0.41404200888273895,0.41920414404118145,0.4238552301439267,0.42857141731370585,0.43289611248040943,0.4367187740911225,0.44028170077360473,0.4439173030300847,0.44728096931492034,0.450299951448173,0.4530241746433787,0.4554959607765902,0.45791646920872237,0.4603790800767059,0.4626663037661437,0.4647540465451177,0.46666520661371574,0.4684193480571973,0.4700332143828602,0.47152095369183433,0.4728946095015447,0.47416493821594435,0.4753454080258804,0.4765245399397913,0.4777295615595517,0.4788733077513055,0.47993263749318893,0.48091431475959223,0.4818244632726351,0.48266827109306604,0.48345051244917914,0.4841758305357203,0.48484708377443064,0.4854686146921513,0.4860430941314387,0.4865731744619437,0.48706160196715625,0.4875104859344727,0.48792185770051116,0.48829748479313184,0.488639138868317,0.4889481509469929,0.4892257345855032,0.4894731553238244,0.4896916136344578,0.48988215640189076,-2.0,0.49018206114497237,0.4902918537100239,0.4903769139133374,0.4904369749674302,-2.0,-2.0,-2.0,0.49043431843179663,0.49037340881746894,0.49028880344056563,0.4901803772354367,0.49004771888908144,0.4898909982583511,0.4897098003443825,-2.0,0.48927347065773374,0.489016657931792,0.48873405362064254,-2.0,0.48808878999898325,0.48772490615060204,-2.0,0.48691014592321663,0.4864581553115629,0.4859743667512739,0.48545897240027014,-2.0,0.48432659946096657,0.4837075313986954,-2.0,0.48235726052004624,-2.0,-2.0,-2.0,0.4791659266505003,0.4782558784767855,-2.0,0.47628841133998484,-2.0,-2.0,-2.0,0.471701531845329,-2.0,0.4690428349744087,-2.0,0.46611148490931703,-2.0,-2.0,-2.0,-2.0,-2.0,0.4554139222461844,-2.0,-2.0,0.44880343155886365,-2.0,-2.0,-2.0,0.4384008567251046,0.435480193368201,-2.0,-2.0,-2.0,-2.0,-2.0,-2.0,-2.0,-2.0,-2.0,-2.0,-2.0,-2.0,-2.0,0.37642022747336135,0.37054424290057775,-2.0,0.3579414431152653,-2.0,0.34411312374722397,-2.0,-2.0,-2.0,-2.0,0.3033739268756155,-2.0,-2.0,-2.0,-2.0,0.25201120310695635,-2.0,-2.0,0.21497288321760066,0.20143840933367674,0.18726204621298653,-2.0,0.15686219444804272,-2.0,-2.0,-2.0,-2.0,0.06732466262815118,-2.0,-2.0,-2.0,-2.0,-2.0,-2.0,-2.0,-2.0,-2.0,-2.0,-0.2204032255441808,-2.0,-2.0,-2.0,-0.3670796488474881,-2.0,-2.0,-2.0,-0.5435889859788272,-2.0,-2.0,-2.0,-2.0,-2.0,-0.8778920861779951,-2.0,-2.0,-2.0,-1.1582932866939004,-2.0,-2.0,-2.0,-2.0,-2.0,-1.6893609951352424,-2.0,-2.0,-2.0,-2.0,-2.0,-2.3904192972129694,-2.5273810377001267,-2.0,-2.0
0.21585934468224163,0.3565574286445734,0.36517225826246363,0.37336597160238016,0.3810344285000963,0.3884918029624241,0.39531637368798506,0.40192421737090595,0.4081206250900775,0.4137529990016374,0.41940149864384474,0.4243866998603532,0.42902596492964334,0.43370459110255544,0.4378965366684718,0.4416094612782338,0.4451856218237848,0.4487936378492445,0.45206795633379104,0.45501075431441085,0.4576686834809508,0.46009831320192185,0.46253297614908423,0.46497238956009296,0.46720918118879684,-2.0,0.4711233662171433,0.4728417098381077,0.4744231314683674,0.4758812751561808,0.4772279290986735,0.4784733365491919,0.479640857072824,0.4808243509187676,0.4820228189455452,0.48314487077113805,0.48418405336739406,0.48514696006969404,0.48603938743336605,0.4868661008872927,0.48763273960982145,0.48834212029282215,0.48899902511584475,0.489606382670146,0.49016717696307727,0.4906841049170333,0.4911595853064127,0.49159569619240584,0.4919945240556282,0.4923577904816146,0.4926872795029934,0.49298432056094793,0.4932492262283417,0.4934846434140974,0.4936910988272962,0.4938685616834422,-2.0,0.4941435575940124,0.49424025478514116,0.49431201105502626,-2.0,0.4943804690380839,-2.0,0.49434995225957684,0.4942978599639703,-2.0,0.49412148317680155,-2.0,0.4938467638408447,0.49367235076428057,-2.0,0.4932480150004373,0.4929977786777816,0.49272033452721864,0.4924164169515453,0.4920852004074343,0.4917257790229835,0.4913380196560144,0.49091984740304717,0.49047189746224323,0.4899921209526655,0.4894799343047394,0.4889346887951318,0.48835464762059383,-2.0,0.48708588028603117,-2.0,-2.0,-2.0,0.4840736367211881,-2.0,-2.0,0.4813486620201844,0.48034161551689336,0.4792821669837442,-2.0,0.4769947906689034,0.47576189891417237,-2.0,-2.0,-2.0,-2.0,0.4686032164869145,0.4669502569609463,0.4652161744425953,-2.0,0.46148856054125054,0.4594870443504764,-2.0,-2.0,0.4528795917338391,-2.0,0.4479246373500207,-2.0,0.44248019838365255,-2.0,-2.0,-2.0,-2.0,-2.0,-2.0,-2.0,-2.0,-2.0,-2.0,-2.0,-2.0,-2.0,-2.0,-2.0,-2.0,0.3684768491872026,0.3620295664992008,-2.0,0.3482018414898806,-2.0,-2.0,-2.0,-2.0,-2.0,-2.0,-2.0,-2.0,-2.0,-2.0,-2.0,-2.0,0.21906436311836286,-2.0,0.19135382198897238,-2.0,-2.0,-2.0,-2.0,0.10973586156004672,0.09102000425311785,-2.0,0.050885694870982046,-2.0,-2.0,-2.0,-2.0,-0.06731988152125046,-2.0,-0.12281412576662687,-2.0,-0.18369134369181328,-0.21630972885656885,-0.2504734304162355,-2.0,-0.3237330525795087,-0.36298592822886155,-0.40409837827309003,-0.4471584882774815,-2.0,-2.0,-0.5889693889186589,-0.6407874515284803,-2.0,-0.7519041519114616,-2.0,-2.0,-2.0,-2.0,-2.0,-2.0,-1.2327932765343321,-2.0,-1.4013275340890528,-2.0,-2.0,-2.0,-2.0,-2.0,-2.0,-2.130704962085968,-2.2555576658311787,-2.0,-2.0,-2.0,-2.0
0.20970464013232323,0.3538312858009629,0.3626993327560018,0.37109860535645256,0.3793111697412632,0.38678565028339346,0.3942118285172909,0.40085697496640943,0.40747802677227685,0.4134337524835682,0.41909140440516685,0.42462143272854974,0.42944262575625464,0.4341112881561311,0.43870688631098914,0.4427697901361271,0.44639570243618504,0.44999657263657505,0.45354682907086163,0.4567335900938826,0.4596013947207438,0.46219406888220327,0.464598751758391,0.46704890439794106,0.4694479957217377,-2.0,0.4736332814406999,0.47546475084500994,0.4771473352153181,0.4786963119656152,0.48012491741267105,0.4814445418438086,0.4826648818398662,0.48382565516239756,0.4850141090230986,0.48619940251711274,0.48729958556035796,0.4883183155016002,0.48926200291029354,0.4901362427325369,0.4909461293566675,0.49169615795329585,0.4923903992455277,0.4930322806090127,0.49362534646653194,0.49417213319107955,0.4946758603426109,0.4951376363604083,0.49556060124700624,0.4959465372735074,0.4962974631571786,0.49661415961849403,0.49689788389234174,-2.0,0.497373754763324,0.4975666475213012,0.4977317746981812,-2.0,0.497979544000031,0.49806410454608624,-2.0,0.4981542017431851,0.4981617609791597,-2.0,0.498101014181713,0.4980335703740897,0.4979414144370105,0.4978242224259256,0.49768201942972945,0.4975147030964145,0.49732190901727436,0.49710318090214384,0.4968586082063928,0.4965870521001612,0.4962888029531613,-2.0,0.4956080181214763,0.49522445164116013,0.4948109007736494,0.49436714571494395,0.49389113822987646,0.4933838312419007,-2.0,0.49226459402833883,0.49165172278560015,-2.0,0.49031329810045426,-2.0,0.48881431667988506,0.48800075558994394,-2.0,0.486237068905492,0.48528271825392216,0.48427797102422465,-2.0,0.48210671685283407,0.4809361514430107,0.47970534020623884,-2.0,-2.0,-2.0,-2.0,-2.0,-2.0,-2.0,-2.0,-2.0,-2.0,0.4613462953013048,0.45914585658681417,-2.0,0.45442090559391607,-2.0,-2.0,0.44644308707292996,-2.0,0.4404644540177374,-2.0,0.4338986329492787,-2.0,0.42668933271758824,-2.0,-2.0,-2.0,-2.0,0.405430203769221,-2.0,0.3954408332696473,0.3900868630470416,0.3844782478433755,0.3786033201924158,0.37244850154070697,-2.0,-2.0,0.352174382807288,-2.0,0.33700307221878834,-2.0,0.32035747909384377,-2.0,-2.0,-2.0,-2.0,0.27132241031334037,-2.0,0.24829852066355396,-2.0,0.22303975009815868,-2.0,-2.0,0.18048171969067012,0.1649302076486311,-2.0,0.13158117328791052,-2.0,-2.0,-2.0,-2.0,-2.0,-2.0,-2.0,-2.0,-2.0,-2.0,-2.0,-0.14857106613432525,-0.1797139470956859,-2.0,-2.0,-2.0,-2.0,-2.0,-0.40012063655219965,-2.0,-2.0,-0.5355171978732699,-2.0,-2.0,-2.0,-2.0,-2.0,-2.0,-2.0,-1.0035358945468489,-2.0,-1.150220812742282,-1.228815017774291,-2.0,-2.0,-2.0,-2.0,-2.0,-2.0,-2.0,-2.0,-2.0,-2.0,-2.0,-2.0,-2.0,-2.0
0.2037254220231357,0.3506631534253722,0.3598413861365324,0.3687516476017721,0.3769643298411453,0.38508174448401733,0.39247145578435194,0.3997697259999875,0.4063260262108436,0.4128791175299226,0.418650373687384,0.4243530561372535,0.4297035282201548,0.4344084517824575,0.4391129894023579,0.443579878974244,0.44751747399927366,0.45108984161112553,-2.0,0.45817833400032965,0.46127931586674303,0.46407294677946626,0.4666019339940779,0.46899994536642986,0.47146298480095167,0.47380734235079397,0.4759445566976285,0.47789892823434005,0.479691085882641,0.48133786934600153,0.4828544969152883,0.48425353682039446,0.4855460010762486,0.4867413992782217,0.48790217192180824,0.4890959726297822,0.4902610782917848,0.49133924932919865,0.49233739327570475,0.4932616679341095,0.49411761406081717,-2.0,0.4956437754127567,0.4963220022255254,0.49694874339266926,0.4975269159644763,0.49805957934231593,0.49854902191523864,0.49899733612926006,0.4994070740770363,0.4997799616910237,0.5001175088739033,0.5004213113257704,0.5006923751756865,0.5009316901186824,0.5011417152893967,0.5013214384348593,0.5014731438062453,0.5015971728692523,-2.0,0.5017639184671421,0.5018079366819611,-2.0,0.5018179780687192,0.5017848532908712,0.5017264947023,0.5016426806053099,0.5015334720411897,0.501399065264315,0.5012389475488019,-2.0,-2.0,-2.0,0.5003367065477605,0.5000441507873581,0.49972325298688325,-2.0,0.49899467191408864,-2.0,-2.0,0.49767424010258615,-2.0,0.4966316726695117,0.4960586758957401,-2.0,0.4948024813341416,-2.0,0.4933913357664609,-2.0,0.49181301594471105,0.49095686634958874,-2.0,0.48910188413185557,0.4880988384770776,0.48704299128535594,0.4859318813539481,0.48476321153540103,0.48353409208838144,-2.0,0.4808850542423795,0.47945931354028043,0.47796207538804153,-2.0,-2.0,-2.0,-2.0,-2.0,0.46728618913748954,-2.0,0.46299032380103244,-2.0,-2.0,-2.0,0.453076412195314,-2.0,0.4473733900156064,0.4443147872447155,-2.0,-2.0,0.43423034798623317,-2.0,0.4266776501611046,0.42262864034612935,-2.0,-2.0,0.4092855738422866,-2.0,-2.0,0.393943512154255,0.388335285634165,0.38246038174243113,-2.0,0.3698595959337382,-2.0,-2.0,-2.0,0.340863190646435,-2.0,-2.0,-2.0,-2.0,0.296169358992269,-2.0,0.27518337398493353,0.26393818738595676,-2.0,0.23982305153831046,-2.0,0.2133672172280141,-2.0,-2.0,-2.0,0.15250404729188866,-2.0,-2.0,-2.0,-2.0,-2.0,-2.0,-2.0,-2.0,-2.0,-0.05947877240103905,-2.0,-2.0,-0.14470741105879015,-0.1758502212673646,-0.20846847407894176,-0.24263204819352402,-0.2784139704958465,-0.3158914406942449,-2.0,-2.0,-2.0,-0.4844164948733566,-0.5316529711252747,-0.5811271926998336,-2.0,-2.0,-2.0,-0.8035983564980114,-2.0,-0.9312664171106741,-2.0,-1.07131680534473,-1.1463562283983708,-1.2249504024012445,-2.0,-1.3934845666878433,-1.4837856331882369,-2.0,-2.0,-1.7811751802943931,-1.8898417279666064,-2.0,-2.1228616944062697,-2.0,-2.0,-2.0,-2.0,-2.8091380319923527
0.19791668678535568,0.34729983784362795,0.3568212389209085,0.3657988464631564,0.37462089296967915,0.3827737075879522,0.39068289513295357,0.398095989627333,0.4051694032322861,0.4117277074254788,0.4181301680464036,0.4237921545492143,0.4294978207128441,0.4346509000571823,0.4392929647298986,0.44400689603088445,0.4483265365405475,0.4521425380131077,0.45569590577510033,-2.0,0.46269111780749483,0.46570818533933456,0.46842943022003264,0.47089625646279626,0.47330556288992565,0.4757646322967546,0.478053560153107,0.4801420047735421,0.4820524960886941,0.483805327145631,0.48541668342615785,0.4869010565034496,0.48827058870812756,0.4895359079153175,-2.0,0.491873906764221,0.4930699312782761,0.4942112962470684,0.4952672377537902,0.49624456918460585,0.49714928909748246,0.49798683503075275,0.49876180316080404,0.4994784099302656,0.5001406849246756,0.5007518534515422,0.5013152292198134,0.5018331742965143,0.5023082328662195,0.5027426552114717,0.5031388561696107,0.5034980939575233,0.5038217002977076,0.5041123223099394,-2.0,0.5045964953839402,0.5047925820140026,0.5049585145626267,0.5050964239402987,0.5052064778103595,0.5052888341218817,0.5053443870718606,0.5053735497528073,0.5053762744218823,0.5053528824277557,0.5053039961169519,0.5052288134593889,0.5051282127734612,0.5050014717395999,-2.0,0.5046703600586164,0.5044646669303777,0.5042324851628338,-2.0,-2.0,0.5033705881763942,0.5030260849262289,-2.0,0.5022479634227011,-2.0,0.5013455500214634,0.500844851466526,0.5003105979911293,0.49974113843552187,-2.0,0.49849165631422954,0.4978092077146356,-2.0,-2.0,-2.0,0.4946598788089755,0.49375927723040425,0.49280973490706964,0.4918090876587481,-2.0,-2.0,-2.0,-2.0,-2.0,0.484606698174577,-2.0,-2.0,-2.0,-2.0,-2.0,-2.0,0.4730168308339737,-2.0,-2.0,-2.0,-2.0,-2.0,-2.0,-2.0,-2.0,0.45111289019070666,-2.0,-2.0,-2.0,-2.0,-2.0,0.43042108581120886,-2.0,-2.0,-2.0,-2.0,-2.0,-2.0,-2.0,-2.0,-2.0,-2.0,-2.0,0.36685536718420414,-2.0,-2.0,-2.0,-2.0,-2.0,-2.0,0.3097057586028522,-2.0,-2.0,-2.0,0.26768962354305004,-2.0,-2.0,-2.0,0.21711935961484263,-2.0,0.18809628902683834,0.17254505986276836,-2.0,-2.0,-2.0,0.10261231639205481,0.08300992254305262,-2.0,-2.0,-2.0,-0.00513883787494307,-2.0,-2.0,-2.0,-0.11121935261263749,-2.0,-0.1720961093111366,-2.0,-0.23887780938194803,-0.2746598447205404,-0.31213707301339577,-2.0,-0.39250207643745505,-0.43556203682912353,-0.48066191760081234,-0.5278983461924585,-0.5773725285929314,-2.0,-2.0,-2.0,-0.7998435278147542,-2.0,-2.0,-0.9959164385635152,-1.0675618442579025,-2.0,-2.0,-1.3035126838995525,-2.0,-2.0,-2.0,-2.0,-2.0,-2.0,-1.999900746268141,-2.119106478256683,-2.0,-2.0,-2.0,-2.0,-2.0
0.19227357351427748,0.34355544534499227,0.35332480608689515,0.36284881908815847,0.37170685179971974,0.38032037073484676,0.3885297907616408,0.39618180692846866,0.40364699535960136,0.4104494781949256,0.4170644865104825,0.42323470271082714,0.428861924969615,0.43450178340600076,0.4394656680426388,0.44409903792681654,0.4487709884403221,0.45294868973883756,0.45664745512199845,0.4602165622368999,0.4638198531458698,0.46708691939241265,0.47002193934407915,0.47267213855997864,0.47509227759553363,0.47751803657133884,0.47995414890413873,0.4821884403778567,0.48422826605296826,0.4860956650356298,0.4878094296146446,0.4893857586114271,0.49083787533872214,0.49217795485109056,0.4934161223478576,0.4945728910967207,0.49574355163144607,0.49693448727664447,0.49805189255734006,0.49908546839488527,0.5000418984968734,0.5009267833967378,0.5017455960866656,0.5025026713527063,0.5032023432854167,0.5038482876794627,0.5044436509929495,0.5049915198273401,0.5054947571380116,0.5059553025697552,0.5063755318576183,0.5067574666289482,0.5071026814357832,0.5074124970073198,0.5076895781234175,-2.0,-2.0,0.508327269819546,0.508479844966096,0.5086035253040996,0.5086989309159125,-2.0,0.508807029778773,0.5088207300789995,-2.0,0.5087686342706225,0.508702407924582,0.5086104100120277,0.5084920689120964,0.5083470799705386,0.5081757907134149,0.5079774524718744,0.5077516437593065,0.507498625473755,0.5072172600413729,-2.0,0.5065686659335059,-2.0,-2.0,-2.0,0.5049066900530957,-2.0,-2.0,-2.0,0.502711749067754,0.5020716634587566,-2.0,0.5006726258912577,-2.0,0.4991053133980131,-2.0,0.49735633399150236,0.49640915201249597,0.49541094030357835,0.4943592379838055,0.4932523677460979,-2.0,-2.0,0.48957375112283863,0.4882198123911313,0.4867972686031629,0.48530307566744185,0.48373404705625955,0.48208680604350784,0.4803580244902988,0.478543462015467,-2.0,0.47464269705336115,-2.0,0.4703513646361146,-2.0,-2.0,-2.0,0.46044457650857396,-2.0,-2.0,-2.0,-2.0,-2.0,-2.0,0.43792030666789383,-2.0,-2.0,-2.0,-2.0,-2.0,0.41179194330779945,-2.0,-2.0,-2.0,0.3898483554164913,0.38369477500138605,0.3772488625382532,-2.0,0.36342369378711475,0.35601481632650556,-2.0,0.3401250789148921,-2.0,-2.0,-2.0,0.30356368781624193,-2.0,-2.0,-2.0,-2.0,0.24721939955160716,-2.0,-2.0,-2.0,-2.0,-2.0,-2.0,0.14284218090688605,-2.0,-2.0,-2.0,0.06612476114527432,-2.0,-2.0,-2.0,-2.0,-2.0,-2.0,-2.0,-0.1373065333664436,-2.0,-2.0,-2.0,-0.2710127348318466,-2.0,-2.0,-0.3888547885456395,-0.4319146926146681,-2.0,-2.0,-2.0,-2.0,-2.0,-0.7366593141634579,-0.7961958747100101,-2.0,-2.0,-2.0,-1.0639140539604923,-1.1389534142754407,-1.2175475335725745,-1.299864800299561,-1.3860815869426766,-1.476382602594252,-1.5709612146230132,-1.6700203758631837,-2.0,-2.0,-1.9962527026861252,-2.1154583943737872,-2.2403110610238013,-2.3710781255031077,-2.508039791983102,-2.0,-2.0
0.18679135990207824,0.3396320096258178,0.34972197397378857,0.35930691613958526,0.36867763931487335,0.3775696648351181,0.38594967633329236,0.3941661997584892,0.4016235208792425,0.40904258564650037,0.4156657978309036,0.4222842977303133,0.42820175104779634,0.43386388083629607,0.43936870970005726,0.44416208462247897,0.44883064453751353,0.45340902681298934,0.45744998059196645,0.4610583686591044,0.46465583920702885,0.46819513838646126,0.47136885271543527,0.47422364143473184,0.47680433161802177,0.47919807308448387,0.48164168449511124,0.4840348123965312,0.4862152573435973,0.48820710895764985,0.4900316737265554,0.4917068209661218,0.49324796469481674,0.49466822251725584,0.4959789869247399,0.49719014212825463,0.49833853866864014,0.49951490285400546,0.5006929232214563,0.5017864022029189,0.502797433552105,0.5037327868747787,0.5045976715544359,0.5053975166032445,0.5061366631552929,0.5068190066984387,0.5074484165289819,0.5080278099830047,0.5085601885709313,0.5090479727581575,0.5094934074601547,0.5098993444618382,0.5102664213499245,0.5105975579951921,0.5108931468476361,0.5111559213967916,0.5113849315802664,0.5115831787795467,0.5117511572305398,0.5118888857806505,0.5119979639153942,0.5120778935171412,0.5121304951191241,0.5121553769312631,0.5121531533559561,0.5121235211738299,0.5120671727469032,-2.0,0.5118741814212855,0.5117375339278754,0.511573616631218,0.5113823494861982,-2.0,0.5109169132226162,0.5106418310688707,0.5103381590115265,0.5100044861037218,0.5096408266897282,-2.0,-2.0,-2.0,0.507869890309498,-2.0,-2.0,-2.0,0.5055465938815198,0.5048704780279694,0.5041542035252077,0.5033950880340855,-2.0,-2.0,-2.0,0.49990404943712413,-2.0,0.49785873771576833,-2.0,-2.0,0.494367569638618,0.4930811846977966,0.49172900048589674,0.4903081281758534,-2.0,-2.0,-2.0,-2.0,0.48206157654343157,0.48015913952434686,-2.0,-2.0,0.4738741510759845,0.4715711948616282,-2.0,0.4666251672057204,-2.0,0.46118919673474795,0.45827309284479634,-2.0,0.4520134600044743,-2.0,-2.0,-2.0,-2.0,-2.0,-2.0,-2.0,-2.0,0.4153271345330777,-2.0,-2.0,-2.0,-2.0,-2.0,0.3807865452460223,-2.0,-2.0,0.3595535061059191,-2.0,-2.0,-2.0,-2.0,-2.0,0.30710401462944087,-2.0,-2.0,-2.0,-2.0,-2.0,-2.0,-2.0,0.2101307413470312,-2.0,0.17973262925163158,-2.0,-2.0,-2.0,-2.0,-2.0,-2.0,-2.0,-2.0,-2.0,-2.0,-0.04853544963577949,-2.0,-0.10402892649087381,-0.1337627845754229,-0.16490537640913494,-0.19752341945597163,-0.23168679487390165,-0.26746870560798686,-0.30494580685738615,-0.34419840026284776,-0.38531057813567093,-2.0,-2.0,-2.0,-2.0,-2.0,-2.0,-2.0,-2.0,-0.8550082128863628,-2.0,-2.0,-2.0,-2.0,-2.0,-1.2963199905910427,-2.0,-2.0,-1.5674164274353237,-2.0,-2.0,-1.8788935602848655,-2.0,-2.1119134151958976,-2.0,-2.0,-2.504494739223967,-2.6479444132326035,-2.0
0.18146545828606472,0.3353104515614468,0.34566292584855113,0.3557585619870459,0.3652492050201587,0.37441000803849517,0.38332947422578506,0.3915276833497698,0.39962119059933243,0.40700984165545906,0.41427293336718746,0.42082044964420834,0.4273498910898433,0.43308642261662256,0.43879510659371995,0.44409996861535933,0.4487800515779155,0.45348764352391474,0.4579218352267319,0.461830045255752,0.4653875402530746,0.46901321559710596,0.4724547690862119,0.47553746576613704,0.4783138969176096,0.4808264921525417,0.4832149352594269,0.4856725700020461,0.4880069229617458,0.4901342520793514,0.4920789054812168,0.4938610107439173,0.49549789714533654,0.49700422444707054,0.49839271784096406,0.4996742342287133,0.5008583557311175,0.5020061075282392,0.50318884727847,0.5043457184147788,0.505414969664715,0.5064034824557939,0.5073174667205769,0.5081623419957316,0.5089430655709739,0.5096639685057514,0.5103287932835763,0.5109413669692059,0.5115044566773705,0.5120209018058455,0.5124929317639033,0.512923722779468,0.5133144205200393,0.5136669839222825,0.5139830950069189,0.5142641444958107,0.51451175297538,0.5147264709962147,0.5149099174748222,0.5150632375936958,0.5151854726520467,0.5152792050704343,0.5153439970323856,-2.0,0.5153891179878709,0.5153703945990133,-2.0,0.5152500476338382,0.515148997880419,0.5150205021746032,0.5148645569421709,0.5146809654987236,0.5144693776250389,0.5142294240929818,0.5139603494470251,0.5136625841591075,0.5133348677104712,0.5129767034492797,0.5125872994404034,0.5121663236348636,0.5117122414610865,0.5112246993485532,-2.0,-2.0,0.5095498925934132,0.5089170603547676,0.5082446453141003,0.5075315652802271,0.5067752895778681,-2.0,0.5051302120031919,0.504237737774343,-2.0,-2.0,0.501254616876649,-2.0,0.4989911861917249,0.49776973058483537,-2.0,0.49513508144933693,0.493715722795909,0.49222519825521255,-2.0,-2.0,0.487288506444608,-2.0,-2.0,-2.0,0.479488433003742,-2.0,0.4749922757897171,0.4725786506990631,-2.0,-2.0,-2.0,-2.0,-2.0,-2.0,0.45208441314222153,-2.0,0.4448815982199187,0.44101973979772646,-2.0,0.4327327133067347,-2.0,-2.0,-2.0,-2.0,-2.0,-2.0,-2.0,0.39066692946731973,-2.0,-2.0,-2.0,-2.0,-2.0,-2.0,-2.0,-2.0,-2.0,-2.0,-2.0,-2.0,-2.0,0.26653589885467777,-2.0,-2.0,0.22774538294501778,-2.0,-2.0,-2.0,-2.0,0.1498248611828391,-2.0,-2.0,0.09363936897656722,0.07310844396085214,-2.0,-2.0,-2.0,-2.0,-2.0,-2.0,-0.10058754599553499,-2.0,-2.0,-2.0,-0.22824511300829786,-0.2640269530920767,-0.3015039911698566,-0.3407565201325219,-0.3818686416927275,-2.0,-0.47002812045229325,-2.0,-0.566738475312298,-2.0,-0.6728288292256146,-0.7296724845410835,-2.0,-2.0,-0.9168767342415991,-0.9852815526116967,-1.05692685963421,-1.1319661567867674,-2.0,-1.2928774144056432,-2.0,-1.4693951196565562,-2.0,-1.6630328028944494,-2.0,-2.0,-1.989264987851482,-2.0,-2.233323266082816,-2.0,-2.0,-2.0,-2.7947466510257515
0.17629141180959476,0.3308949023668823,0.34147506860399335,0.3516607710547193,0.3615958950424962,0.3711510385360336,0.38010059318789735,0.38889472196777664,0.3970610046830351,0.404910420655814,0.41234612747858757,0.4193457114418626,0.4259191746778984,0.43226733797939415,0.437907746598444,0.4436028731770112,0.4487008380503673,0.45332843680447843,0.45803446246372664,0.46231425741195714,0.46609478473815164,0.46964045511293345,0.47326551544801776,0.47660333679762146,0.47959747139632397,0.4822974774198083,-2.0,0.48714830148151617,0.4895998978345305,0.4918752593859813,0.4939504357401325,0.49584842901376586,0.49758863008034776,0.4991876015918159,0.5006594557129308,0.5020162798246731,0.5032687331225683,0.5044285502223732,0.5055814954423108,0.5067668870788037,0.5078978923049497,0.5089430282261966,0.509908762255269,0.5108013814021521,0.5116259574306455,0.5123873628603285,0.5130898665993495,0.5137371101937809,0.5143324598564744,0.5148785620747572,0.5153787967202528,0.5158354525661478,0.5162504469931567,0.5166255347601288,0.5169629642168607,0.5172643098123095,0.5175302144110702,0.5177626856713925,0.517962624658669,0.5181307832883442,0.5182682820656448,-2.0,0.5184530991046521,0.5185021251570799,0.518521983533705,0.5185138311686684,0.5184777355373097,0.5184136466745133,0.5183215566794617,0.5182017184620022,0.5180539473685185,0.5178782317256829,0.5176736319068538,0.5174405903571683,0.5171785960973161,0.5168869517957958,0.5165650546501688,0.5162123983484966,-2.0,-2.0,0.5149635288399232,-2.0,0.5139625742353198,-2.0,0.5128178466526202,0.5121884495713303,0.5115198420942415,-2.0,-2.0,0.5092608854080202,-2.0,-2.0,-2.0,-2.0,-2.0,0.5034521639114155,-2.0,0.5010742315321651,0.49979187832086136,0.4984431928970918,0.49702581882880187,-2.0,-2.0,0.49232983179721823,-2.0,-2.0,-2.0,-2.0,-2.0,-2.0,0.4783160170219141,0.4759035701438122,0.47337402963166814,-2.0,0.4679417305727605,-2.0,-2.0,-2.0,-2.0,-2.0,-2.0,-2.0,-2.0,-2.0,0.43162517721050375,-2.0,-2.0,-2.0,-2.0,-2.0,-2.0,0.39400510655388177,-2.0,0.3808092123888865,-2.0,-2.0,0.35856967816234375,0.3504415035441877,-2.0,0.3330093033320425,0.3236679301453298,-2.0,0.3036345279209769,-2.0,-2.0,-2.0,-2.0,-2.0,-2.0,0.21691335181550214,0.2020665007437324,0.18651588956673615,-2.0,0.15316853455900759,0.13530034456458512,0.11658534695071399,-2.0,0.07645264182478873,-2.0,-2.0,0.008836425216399602,-2.0,-0.04174951500110069,-2.0,-0.09724263869318595,-2.0,-2.0,-0.19073665555869534,-0.22489988659520588,-2.0,-0.2981586323335915,-0.3374110964942134,-0.3785231564215914,-2.0,-2.0,-2.0,-0.5633927785685702,-0.6152105252956324,-2.0,-0.7263266486293487,-0.7858630853990467,-0.8482199289081611,-0.9135307674078339,-0.9819355558095044,-1.053580826075529,-1.1286200921815985,-2.0,-1.2895313013344913,-2.0,-1.4660489382064965,-2.0,-2.0,-1.763438136169987,-1.8721045522405213,-1.9859186839790228,-2.0,-2.0,-2.3607439332126647,-2.4977055068736336,-2.641155193173654,-2.7914002365158685
0.17126489069246048,0.3260211550266272,0.33692600741710615,0.34755671884318307,0.35762781968433965,0.3673707027653738,0.3768867396626668,0.3857514621483375,0.39430740989250346,0.4025426480598182,0.41012405544134617,0.41759257408206535,0.42432585607187284,0.4309545456217132,0.4370387238297844,0.4426670102385433,0.4482712906049093,0.4531725935277509,0.45780818015303193,0.46245528290251614,0.4665867981287313,0.47024797735275004,0.4738179701373542,0.477403715471117,0.48064092214988374,0.4835488487140944,0.48617424855314223,0.48857687143149575,0.4909987047392939,0.4934222480372366,0.49563974130152477,0.49766349387852393,0.4995155236637949,0.5012143393373751,0.5027757303209721,0.5042132742836292,0.5055387265702026,0.5067621187775608,0.5079052296255729,0.5090642808164784,0.5102440433727822,0.511349150400191,0.5123699790643776,0.5133129546279319,0.5141839965004514,0.5149882418355642,0.5157301164284346,0.5164140538926453,0.5170430013055629,0.5176210567264582,0.5181505632828319,0.518634186121434,0.5190746408984829,0.5194737485145331,0.5198333256435242,-2.0,0.520440837040841,0.520691420658393,0.520908375910411,0.5210928539423656,0.5212451598248474,0.5213666876692771,0.5214578259667411,0.5215194182756827,0.5215512113838522,0.521554364231112,0.5215287145664743,0.5214746680349839,0.5213923154675897,0.5212812713437941,-2.0,0.5209741039985386,0.5207776776520443,0.5205514611120503,0.5202960720941586,0.5200107906638627,0.5196950991985055,0.5193483775124688,-2.0,0.5185590991647261,0.518115282614269,0.5176367183604437,0.5171239659540728,-2.0,0.5159871948163791,0.5153617754225719,0.5146965052426811,0.5139898592496435,-2.0,0.5124474992344971,0.5116075485003589,-2.0,-2.0,0.5087949978795583,0.5077530244324465,0.5066547930006559,0.5054982380986646,0.5042810707062995,0.5030009189721069,0.5016539711101141,0.5002384298246141,0.49875110879693246,-2.0,-2.0,-2.0,-2.0,0.49011655887348926,0.4881244897271245,0.4860345289947424,-2.0,0.481542817793614,0.4791315596976718,-2.0,0.47395186889558716,0.4711725606719696,-2.0,-2.0,-2.0,-2.0,-2.0,-2.0,-2.0,-2.0,-2.0,-2.0,-2.0,-2.0,0.42022739643433593,-2.0,-2.0,0.4033984564217491,-2.0,-2.0,0.38405153259321007,-2.0,0.36957243165838083,-2.0,-2.0,0.34517144987052045,-2.0,-2.0,-2.0,-2.0,-2.0,0.28490100866961976,-2.0,-2.0,0.24786773623629588,-2.0,-2.0,0.2053132245450599,0.18976277286549814,0.17347524150594545,0.15641572656204705,-2.0,0.11983282227697756,0.100231050198204,-2.0,0.058196799512302,-2.0,0.01208450006929418,-2.0,-0.03850123798318972,-2.0,-2.0,-0.12372778359578662,-2.0,-0.18748794360155785,-0.22165110253430087,-2.0,-0.29490970402442407,-0.3341621050253767,-2.0,-2.0,-0.4634333886975853,-0.5106695610213359,-2.0,-0.611961199131185,-0.6662336161601211,-2.0,-0.7826136184850896,-0.8449704221845268,-0.9102811933762126,-0.9786859728039495,-1.0503311997025708,-1.1253704407494698,-2.0,-2.0,-1.3724981962995797,-1.4627990608259869,-2.0,-1.6564367318257198,-2.0,-1.8688546907549093,-1.982668783050951,-2.0,-2.0,-2.0,-2.0,-2.0,-2.788150221398954
0.16638168860761288,0.32113038144417355,0.33217262939335446,0.3429283151777311,0.3534248670178051,0.3635594587279506,0.37311278766017597,0.3824321749247891,0.39136335035298836,0.3996719209038255,0.407869512733504,0.4152901122752073,0.4226705232907296,0.42925258593581755,0.43585181054674027,0.44168958582814877,0.44736849450617155,0.4528053872265785,0.45754478317372654,0.46222361006230445,0.46675411178931664,0.4707431850631499,0.47432223070957336,0.4779239652884484,0.48143140503209764,0.48457100277111514,0.48739514230629866,0.48994774103752875,0.4923282541581906,0.4947701506757137,0.4971431093929604,0.4993037702997307,0.5012769834463968,0.5030837130342855,0.504741508694219,0.5062657366326538,0.5076694534183013,0.5089635377960952,0.5101582165171861,0.5112935188493614,0.5124588140065827,0.5136239085384682,0.5147030789678878,-2.0,0.5166198428338794,0.5174690885904555,0.5182526499441131,0.5189749394726368,0.5196397210726521,0.52025079524142,0.5208110238651007,-2.0,0.5217904298839172,0.522214601804584,0.5225971799591271,0.5229405675123635,0.5232465634084006,0.5235162757407964,0.5237511185723909,0.5239521712962651,0.5241204190791791,0.5242568130610793,0.5243620368402717,0.5244363132443838,0.5244807294863106,0.5244956041774399,0.5244810022012613,0.5244374635151792,0.5243646108779259,0.524262942378378,-2.0,0.5239728017319745,0.5237840500260309,0.5235657158316783,-2.0,-2.0,0.5227292500317973,0.522388780583089,0.5220159290808201,-2.0,-2.0,-2.0,0.5201892402604427,0.5196441925181831,-2.0,-2.0,0.5177786974226577,0.5170757775752656,0.5163300718970673,-2.0,-2.0,0.5138191097850409,0.5128847276555529,0.5118989115878195,0.5108593714306705,0.5097638929863432,-2.0,-2.0,-2.0,0.5047713692162081,-2.0,-2.0,0.500311034280915,-2.0,0.49694986692845483,0.4951427095296666,-2.0,0.49125472313650476,-2.0,-2.0,0.4846770698285994,0.4822664763194962,-2.0,0.47708896776324494,-2.0,-2.0,0.46834499933600693,-2.0,0.46179125700991913,-2.0,-2.0,-2.0,-2.0,-2.0,-2.0,-2.0,-2.0,0.4233746193330069,-2.0,0.41241909568936286,-2.0,-2.0,-2.0,0.38720142807420116,-2.0,-2.0,-2.0,-2.0,0.34832306500748683,-2.0,-2.0,-2.0,-2.0,0.29929788526326184,-2.0,-2.0,0.2639419225384541,-2.0,-2.0,-2.0,-2.0,0.19291736848543584,0.17663000026364967,0.15957063861270238,-2.0,-2.0,-2.0,0.08285583834815491,-2.0,-2.0,-2.0,-2.0,-2.0,-2.0,-2.0,-0.12057147276595359,-2.0,-2.0,-0.21849454876517216,-2.0,-0.2917530052655609,-0.3310053386760692,-2.0,-2.0,-0.4602764386701842,-0.5075125558701215,-0.5569864383612984,-0.608804086572694,-2.0,-2.0,-0.7794563678096738,-0.8418131285786488,-2.0,-0.975528599461565,-1.0471738005350555,-2.0,-2.0,-1.2831240747683557,-1.369340712967933,-1.4596415888070247,-1.5542201780403337,-1.6532791153328532,-2.0,-2.0,-2.0,-2.0987166918688285,-2.0,-2.3543362121536924,-2.4912977849637103,-2.0,-2.7849924031525486
0.1616377191611948,0.31578873867030444,0.327199991930805,0.33829798617394646,0.3489087405053759,0.35923122538371205,0.36930725281791593,0.37882568178431136,0.387919848240454,0.39682234769771585,0.4049968890158047,0.4130126495039064,0.42041209270047347,0.4275834831610372,0.4341291337724125,0.44059686014477156,0.4462794960667081,0.45199165987994666,0.4572082370367244,0.4618533360709619,0.4665647195891689,0.4709337749886061,0.4747860291770855,0.4783263424939311,0.4819519420746333,0.48535090055258734,0.48839594858512053,0.49113856630152675,0.49362010770144177,0.4960023108121369,0.4984543171391518,0.5007644958775156,0.502869568651771,0.5047929265605997,0.5065549087283077,0.508172370263462,-2.0,0.5110297461797286,0.5122930364427473,0.5134588978410131,0.5145950119787462,0.5157674120255105,0.5169085545197891,0.5179617406852158,0.5189338425250227,0.5198309895010839,0.5206586098350757,0.5214215547875706,0.5221239230650051,0.5227696625664907,0.52336225632737,0.5239045617200709,0.5243993772323133,0.5248492960332595,0.5252564399305759,0.5256227771326484,0.5259498343638193,0.5262396108924796,0.5264933458587516,0.5267115334001579,0.5268960616974449,0.5270479480210483,0.5271679487449914,0.5272557353515929,0.5273128006942306,0.5273397705521021,0.5273368698034581,-2.0,-2.0,0.5271491723140806,0.527027716088404,0.5268770844593942,0.5266964880917042,0.5264857555753698,-2.0,-2.0,-2.0,-2.0,-2.0,-2.0,-2.0,0.5236665739261852,-2.0,0.5226220221555778,0.5220435773720469,0.5214262147345914,-2.0,0.5200695507655059,-2.0,0.5185406136860606,0.517707234483667,0.5168262288649067,0.5158946961016969,-2.0,-2.0,0.5127812487702393,-2.0,0.5104168845269886,-2.0,-2.0,-2.0,0.5049024470889958,-2.0,-2.0,-2.0,0.4981794063543112,-2.0,0.4942945924465133,0.4922073314865172,0.49001757374962074,0.4877202933106605,0.4853111886052795,-2.0,-2.0,0.47735846786452957,0.4744468439374321,-2.0,-2.0,-2.0,-2.0,-2.0,-2.0,-2.0,-2.0,0.4410654339317731,0.43641240990165997,-2.0,0.42643189550289196,-2.0,-2.0,-2.0,-2.0,0.3970113892559016,-2.0,0.3831906583048819,-2.0,-2.0,-2.0,0.35138486431122423,-2.0,0.3331270853994174,0.3233432956050513,-2.0,-2.0,-2.0,-2.0,-2.0,-2.0,-2.0,-2.0,-2.0,-2.0,-2.0,-2.0,-2.0,-2.0,-2.0,0.08592171608173205,-2.0,0.04189597969704528,-2.0,-0.006400854993614091,-2.0,-0.05938302735549261,-2.0,-2.0,-2.0,-2.0,-0.21542766308273664,-2.0,-2.0,-0.3279382371774917,-0.3690500967064563,-0.41210965535132904,-0.457209148547036,-0.5044451980477143,-0.5539190348429157,-0.6057366322302999,-0.6600090157635968,-0.716852466520782,-2.0,-0.8387454834010567,-2.0,-2.0,-2.0,-2.0,-2.0,-2.0,-2.0,-1.4565736595694996,-2.0,-1.650211129106136,-1.753962615982389,-1.8626289794686728,-2.0,-2.0956486069824867,-2.2205011323951447,-2.351268084883259,-2.0,-2.0,-2.0
0.1570290124729377,0.31038863612069373,0.3219163584269042,0.333196031879674,0.34422644771946226,0.35486995393039755,0.36501389182778854,0.3748931181166073,0.38447141615471164,0.39337494081840757,0.4020818619138027,0.41028556187781284,0.418019078233291,0.42548841700678935,0.4323555117511235,0.43895870259076286,0.44519466319992207,0.4508152619156798,0.45647891229206733,0.46148366869303975,0.4661014185747669,0.470786667252518,0.4749971188051638,0.4787178997425823,0.48226301235419694,0.48587288787441535,0.48916458966528564,0.4921178959051576,0.4947811968334659,0.49720026079470214,-2.0,0.5020400302624479,0.504288618734086,0.5063389378927,0.5082135570277387,0.5099314515827854,0.5115090335622596,0.5129600888731488,0.5142966662360053,0.5155291558875249,0.5166706991249017,0.5178127890336477,0.5189865206559038,0.5200999728913707,0.5211272107395323,0.5220749627819637,0.522949007068396,0.5237547708281605,0.5244967369197043,0.5251790768618824,0.5258059313139423,0.5263795850107468,-2.0,0.5273806411803285,0.5278131919319677,0.5282031302325254,0.5285526405025635,0.5288629263927517,0.5291358122996863,0.5293727218786224,0.5295742415499378,0.5297420193328134,0.529876983901272,0.5299790449689207,0.5300497290141714,0.5300893245435351,0.5300980823106528,0.5300762032872715,0.5300242912744888,0.5299423032554678,-2.0,0.5296881904995412,-2.0,0.5293132935911476,-2.0,-2.0,0.5285193332060254,-2.0,0.5278306858519629,0.5274365648515947,0.5270084786285167,-2.0,-2.0,0.5255104970425347,0.5249363075965178,-2.0,0.52366947352373,0.5229740141055123,-2.0,0.5214520441156768,0.5206220147509003,0.519744352681065,0.5188158611277273,0.5178355604581696,-2.0,0.5157103998692628,-2.0,0.5133506889709977,0.5120767503971949,-2.0,0.5093264513224376,-2.0,0.5062874642099648,-2.0,0.5029326346782425,0.501128614144406,-2.0,0.4972463745684348,0.4951603865742794,-2.0,-2.0,0.4882681507255487,0.48574292156930116,-2.0,0.48031865693998027,-2.0,-2.0,-2.0,-2.0,-2.0,-2.0,-2.0,-2.0,-2.0,-2.0,-2.0,-2.0,-2.0,-2.0,-2.0,-2.0,-2.0,-2.0,-2.0,-2.0,0.37875737095794804,-2.0,-2.0,0.35435942712889007,0.3454424829431477,0.33610226595294956,-2.0,-2.0,-2.0,0.2940939254159656,0.282317493497258,-2.0,-2.0,-2.0,-2.0,0.21450986966415614,-2.0,-2.0,-2.0,-2.0,-2.0,0.10943052784884011,0.08890024825366416,-2.0,-2.0,0.021285468376717742,-0.0034217222396542013,-2.0,-2.0,-2.0,-0.11452530307288289,-0.14566738911004717,-0.1782849485622815,-2.0,-2.0,-0.2857060224532194,-0.32495821450030093,-2.0,-0.409129453430607,-0.4542289302879744,-2.0,-0.5509386710656006,-2.0,-2.0,-2.0,-0.7734082340704567,-2.0,-0.9010755873551377,-2.0,-2.0,-1.1161644552779968,-2.0,-2.0,-2.0,-2.0,-2.0,-2.0,-2.0,-2.0,-2.0,-2.0,-2.0,-2.0,-2.0,-2.0,-2.778943087137489
0.15255171185405977,0.30471874281514333,0.31657135891620897,0.3280340029485703,0.33917727014212506,0.3500523659681533,0.36067096992303943,0.3707758967357507,0.3804492052362858,0.38990458212311074,0.3988004573798534,0.4072477561527644,0.4154918173392264,0.4229806944392188,0.43042675567798244,0.4370706991988787,0.4436999858509571,0.4496508170151537,0.45529931348969854,0.46083056178553083,0.46563998141459395,0.4702912817477166,0.4748876457150198,0.47894642654275216,0.4825565332106727,0.48613461952833703,0.4896861543429107,0.4928742016685287,-2.0,0.4983247874656606,0.5007059510202555,-2.0,0.5055285663368482,0.5077169144485523,0.5097136586193907,0.5115401213590018,0.5132147315340174,0.5147528738479866,0.5161679416895262,0.5174714227657953,0.5186734100498903,0.5197999780593513,0.520948626932763,0.5221138391486909,0.523199579353534,0.52420085897698,0.5251244831901463,0.5259752592851363,0.5267591243808308,0.5274796372222574,0.5281417523311392,0.5287486584801783,-2.0,0.5298093265204192,0.5302684770758576,0.5306832536692598,0.5310561427126554,0.5313878155071303,0.531681052078106,0.5319368261416623,0.5321565126484558,0.5323408174283212,0.5324916013883542,0.5326083364281667,0.5326929952365824,0.5327457798363913,0.5327666692652485,0.532756632474536,0.532715551228074,0.5326441360129645,-2.0,0.5324088080255627,0.5322452499831621,-2.0,0.531825552008737,0.5315681684237287,0.5312791279582735,0.5309577653253444,0.5306034236748665,0.530215602535534,-2.0,0.5293350894241053,0.5288409483120708,0.5283098556140152,0.5277405860765256,0.5271318887944799,0.5264827579252771,0.5257911315749011,0.5250563521715851,-2.0,0.5234496701936321,-2.0,-2.0,0.5206725738265295,-2.0,0.518553043637014,0.5174058974598956,-2.0,-2.0,0.5135878914565248,-2.0,-2.0,-2.0,-2.0,-2.0,-2.0,0.5020987373640674,0.5001121035707915,-2.0,-2.0,-2.0,-2.0,0.4886150534590981,-2.0,0.48319295146764546,-2.0,-2.0,-2.0,0.47068427822493114,0.46717211809557035,-2.0,0.45963267284650433,-2.0,-2.0,-2.0,-2.0,-2.0,0.43228610372599874,-2.0,-2.0,-2.0,-2.0,-2.0,0.3961214145544974,0.3890516414356195,-2.0,0.37388744470969526,0.36576095776821504,-2.0,0.34833190756397314,-2.0,-2.0,-2.0,-2.0,0.2969847682042924,0.2852085822175623,-2.0,0.2599541985611481,0.2464218938239101,-2.0,-2.0,-2.0,0.1855654475090988,-2.0,0.15063915852115145,-2.0,0.11232368586403563,-2.0,-2.0,-2.0,0.024179153408494414,-2.0,-0.02640570914679008,-2.0,-2.0,-2.0,-2.0,-2.0,-2.0,-2.0,-0.282811379168474,-0.32206349929021605,-2.0,-2.0,-2.0,-2.0,-2.0,-0.5998611462758277,-0.6541334306102239,-0.7109767779671742,-0.7705129894178409,-0.832869612356983,-0.8981802514890903,-0.9665848331640722,-2.0,-1.1132689975670322,-2.0,-2.0,-1.3603964083508968,-2.0,-2.0,-1.6443345449598996,-1.7480859781674662,-1.8567522413025739,-1.970566283004859,-2.089771822746747,-2.2146242938597123,-2.345391203651337,-2.0,-2.625802278733028,-2.7760471946250194
0.14820207057988583,0.2988485594311932,0.31081116088135324,0.3225591214331476,0.33407280153488456,0.345147824833717,0.35586249594769326,0.3663031363417606,0.37645669288575107,0.3859823479340319,0.39520478327562925,0.4041550265833428,0.41238056438796333,0.4205098621486741,0.4279045767112982,0.4351947156352932,0.44174234347121,0.4482868602313588,0.45402764774528387,0.45973232037221995,0.4650517253242365,0.46972759048249796,0.4744258565189736,0.4788716076015107,0.4827850604022437,0.48633146669697197,0.4899441266452782,0.49339500641996153,0.4964829344222159,0.4992612482764654,0.5017723250057643,0.5041413259325029,0.5065839076248442,0.508922933538246,0.5110522972397503,0.5129963703403687,0.5147756528521055,0.5164075569801797,0.5179068533115123,0.5192863184638076,0.5205573276666862,0.5217287017127188,0.5228497018455746,-2.0,0.5251521574095407,0.5262102856663152,0.5271856495559222,0.5280845432970984,0.528912150682182,-2.0,0.5303733319859876,0.5310149921682917,0.531602322734931,0.5321378807118461,0.5326249316190161,0.5330659920182206,0.5334625055371257,0.5338172034866145,0.534131526597712,0.5344071774249894,0.5346453825715309,0.5348471908814051,0.5350142260834538,0.5351468827168676,0.5352456702229472,0.5353117633024361,0.5353455557437402,0.5353475830911445,0.5353180773012163,0.5352571927814762,0.5351653491687193,0.5350419425956807,0.5348873685247666,0.5347014892884158,-2.0,-2.0,0.5339528273679555,0.5336385493760937,0.5332903904512639,0.5329085788913767,0.5324918688906597,0.5320397760315965,0.5315510755828989,0.5310248783132451,0.530460518332523,0.5298560840133866,-2.0,-2.0,0.527792671235514,0.527016447256517,0.5261934664890654,0.5253221203307852,0.5244001526838892,0.5234255662147304,-2.0,0.5213117968660569,0.5201676122920789,0.5189618111573563,0.5176927271817183,0.516356701890885,-2.0,-2.0,-2.0,-2.0,0.5085719360891788,0.5067709452978411,-2.0,-2.0,0.5008119805802954,0.4986261633885485,-2.0,0.493927532905669,0.49140466154324586,-2.0,0.48598478858958855,0.48307618061635804,-2.0,-2.0,0.47347998425420074,0.469968292537689,0.4662878700117482,-2.0,0.4583889214102822,-2.0,-2.0,-2.0,0.440193007840619,-2.0,-2.0,-2.0,-2.0,-2.0,0.4056752050831679,-2.0,-2.0,-2.0,-2.0,0.36856769053004457,-2.0,0.35113932476128396,-2.0,-2.0,-2.0,-2.0,0.29979364670955144,-2.0,-2.0,-2.0,-2.0,-2.0,-2.0,0.20466272847584077,-2.0,-2.0,0.15345011298103356,0.13473600379598472,-2.0,-2.0,-2.0,-2.0,-2.0,0.002284007631902396,-2.0,-0.05069751100067843,-2.0,-2.0,-2.0,-0.17257800231186682,-0.2067407527655476,-0.24252205949099814,-0.279998587878029,-2.0,-2.0,-0.40342163711472556,-0.44852093706075513,-2.0,-0.5452304659832374,-0.5970478922563232,-0.6513201189248534,-0.7081634162605319,-0.7676995757123604,-0.830056148435407,-0.8953667426939762,-0.9637712740147537,-1.0354163247994697,-2.0,-1.1890491661220086,-1.2713661611362503,-1.357582668085956,-1.447883421379915,-1.5424618835146124,-1.6415207122492417,-1.7452721155604203,-2.0,-1.9677523697211,-2.0869578801641806,-2.2118103284480966,-2.3425772161477028,-2.0,-2.622988246605771,-2.0
0.143976448754488,0.29291363066596543,0.3050380713179143,0.3168996178778725,0.32852874548110145,0.339913397776405,0.35103772541401274,0.36165970075664017,0.37191436956146195,0.3819102785782009,0.391492504093435,0.4004779018964985,0.40930527493457064,0.41748274940689556,0.4253507567373164,0.43279305073783064,0.4397993493300088,0.4463726246202557,0.45272319286536034,0.45835583309260175,0.46405091595503234,0.4691447431195155,0.4737607726491711,0.4784629142501207,0.48274050450127737,0.4865149044236158,0.49004478357512965,0.49366324141007467,0.4970009437886533,0.49999193217586974,0.5026864816168686,0.5051254816650824,0.5075077117422866,0.5099499159198462,0.5122239313843936,0.5142955888274947,0.5161882825657809,0.5179211100026103,0.5195108128821627,0.5209716676343685,0.5223162026731161,0.5235542449032445,0.5246964656554672,0.5258214575278548,0.5269836831483865,0.5281021349477234,0.5291326839920639,0.5300821283720674,0.5309563106430742,0.5317607201490078,0.532499936606593,0.5331784671479503,0.5337993272825808,0.5343667963940294,0.5348829812729781,0.5353508687394136,0.5357729560071173,0.5361513345046786,0.5364879087819877,0.5367840843250734,0.5370417356794492,0.5372618119479203,0.5374457758922951,0.5375940602742111,0.5377081481819034,0.5377888241510366,0.5378356875642744,0.5378505108881684,0.5378326165498548,0.5377829027799093,-2.0,-2.0,0.5374428849971004,-2.0,0.5370568217185017,0.536815558840783,-2.0,-2.0,-2.0,0.5355172257707248,-2.0,0.5346601350821826,0.5341770334336693,0.5336562064824596,0.5330964542327998,0.5324967523274631,-2.0,0.5311729423345931,0.5304460906858769,-2.0,0.5288541551299282,0.5279860372794654,0.5270674558900017,0.5260964109712402,0.5250703739707713,0.5239880064376543,0.5228466200222563,-2.0,-2.0,0.5190430010030791,0.5176395662726543,0.5161637816342171,-2.0,0.5129813455365222,-2.0,-2.0,0.5075797048249083,0.5055963765336879,0.5035147261213588,-2.0,-2.0,-2.0,0.4941127133065934,-2.0,-2.0,0.4857875963834659,0.4827393515039027,0.4795439466437097,-2.0,0.47268350834823425,0.4690039291075402,0.4651476966106435,0.4611065513533994,0.45687183639021434,0.45243447991499997,0.4477849770727498,-2.0,-2.0,-2.0,-2.0,-2.0,0.4148408280608291,0.40839880682828666,-2.0,-2.0,-2.0,0.3794194086875712,0.3712933775692543,-2.0,-2.0,-2.0,-2.0,0.32449700715611673,-2.0,-2.0,-2.0,0.2784116536607822,0.2654924509966071,0.251960593004814,-2.0,-2.0,0.20739222174744532,-2.0,-2.0,-2.0,-2.0,-2.0,-2.0,-2.0,-2.0,-2.0,0.005015043927307783,-2.0,-2.0,-0.07635421220211669,-2.0,-0.1372290481989905,-0.16984633546172,-0.20400899062715194,-0.23979021396327227,-0.27726665912805204,-0.3165186215653266,-2.0,-2.0,-0.4457887180235359,-0.4930245290587272,-0.5424981209095917,-0.5943154911423926,-2.0,-0.7054309025228169,-0.764967009550703,-2.0,-2.0,-2.0,-2.0,-2.0,-2.0,-1.268633296657947,-1.3548497634089878,-2.0,-2.0,-1.6387877135356796,-1.742539086568435,-1.851205341587852,-1.9650192861646083,-2.0842247691306084,-2.209077198087316,-2.3398440626407266,-2.0,-2.0,-2.7704999554978524
0.13987131026472382,0.2866322204719131,0.2989629470124112,0.3111176678167307,0.3229875305747045,0.334494350034923,0.3457372841832873,0.3567154820451558,0.36739953416756393,0.3775111075169438,0.38729445578226007,0.39684268919481247,0.4057279008341096,0.4142950658619668,0.42254753734712225,0.43012350856648807,0.4375999960910296,0.44431908550402976,0.45095247944613465,0.4570153137119651,0.4626393419633504,0.46823396892638397,0.47311492181176173,0.47774222254107357,0.4823809717272101,0.4864982569305671,0.49014350613190205,0.49370008265615645,0.49727846345619964,0.5005067612000045,0.5034043485958254,0.5060178687489125,0.5084043728002579,0.5108085920602049,0.5132240680168983,0.5154346046569279,0.5174498804399148,0.519292095082977,0.520978975498624,0.5225273361558355,0.5239504576366958,0.525259869120317,0.5264659390831606,0.5275866110831318,0.5287183194388251,0.5298776847942798,-2.0,0.5319697679956232,0.5328932226716975,0.5337428599478341,0.5345239907591472,0.5352407127158781,0.5358974571881662,0.5364976814039176,0.5370446475227022,0.5375413591110778,0.5379899012577084,0.5383930982820743,0.5387527581797844,0.5390705667857827,0.5393484478453636,0.5395875001702616,0.5397889928346891,0.5399541940331382,0.5400839599732842,0.540179239977045,0.5402400812588802,0.5402679579930612,-2.0,0.5402242336097347,0.5401539945268053,0.5400506434198369,0.539915521653269,-2.0,0.5395470811173246,-2.0,0.5390474583098606,0.5387477038455256,-2.0,-2.0,0.5376404734476286,0.537199574817586,0.5367222558312206,-2.0,0.5356519755697279,-2.0,0.534421088126571,-2.0,0.5330195421899891,0.5322513052571126,0.5314358259427326,0.5305713679042716,-2.0,0.5286875616217236,0.5276648815827657,0.5265852894691693,0.5254463908925848,0.5242460376534067,-2.0,-2.0,-2.0,0.5187757142280913,-2.0,0.5155973484992742,0.5138861195841303,-2.0,-2.0,0.5082195426744356,0.5061393518921965,-2.0,0.5016660097335431,0.49926312265035927,-2.0,-2.0,-2.0,-2.0,-2.0,-2.0,-2.0,0.47532085714425476,0.4716421453583787,0.4677867417741036,0.4637463858558907,-2.0,0.45507578618871025,-2.0,0.44555601349498397,-2.0,-2.0,0.4295034523808735,-2.0,-2.0,-2.0,-2.0,-2.0,-2.0,0.38206685972162857,-2.0,-2.0,0.3565145810750845,-2.0,0.33739340265070733,-2.0,-2.0,0.3051719568272715,-2.0,-2.0,-2.0,0.25461200783234594,-2.0,0.22559341434778607,-2.0,0.1937579890482269,-2.0,-2.0,-2.0,-2.0,-2.0,-2.0,-2.0,0.03237538534112849,-2.0,-2.0,-0.045312363260820776,-0.07370022205189608,-0.10343315288677324,-2.0,-0.167192040090679,-2.0,-0.23713574098933765,-0.2746121022013769,-0.3138639875444782,-0.35497549374434123,-0.3980346981173356,-0.4431338608925689,-2.0,-2.0,-0.5916604421317817,-0.6459325521679897,-2.0,-2.0,-0.8246682725049543,-2.0,-2.0,-2.0,-1.1050671311023694,-2.0,-2.0,-2.0,-2.0,-2.0,-2.0,-1.73988338159229,-2.0,-1.9623635329557347,-2.081568971887209,-2.206421401884973,-2.337188231100048,-2.474149688444285,-2.6175991813583765,-2.0
0.13588321982112225,0.2803516631853481,0.2927651844857266,0.30501091078294174,0.3170638699838769,0.3289046648127166,0.34045117039342504,0.3515558632220584,0.3623679921960571,0.3729095215915673,0.38308523879588013,0.3926610945831282,0.4019916962173838,0.41094969339769105,0.4192499962498866,0.42744943308933975,0.4348641902117775,0.4422328254490469,0.4488011057731508,0.4553921115769294,0.46119693498442016,0.46688044941662066,0.47228580946232573,0.4769983758136435,0.48167514431647773,0.4861831621868491,0.4901475644753968,0.4937062309856838,0.4972995632383365,-2.0,0.503915105102062,0.5067222586006753,0.5092570747714,-2.0,0.5140460791105236,0.5164080277718641,0.5185566308304995,0.5205166361924519,0.5223090124518756,0.5239513281953588,0.5254588933234595,0.5268444766671989,0.5281195038937975,0.5292937020273132,0.530402715179878,0.5315422292590574,0.5326875598975865,0.5337475624870711,0.5347231432409055,0.5356204574706486,0.5364455009332816,0.537202893763571,0.5378971997394347,0.5385322561609088,0.5391113724317071,0.5396380402654801,0.5401144629906186,0.5405435480358035,0.5409273739717575,0.5412679024312882,0.5415668039312291,0.5418256620023608,0.5420457455575152,0.5422283065386496,0.5423745693469115,0.5424849194487646,0.5425604945286191,0.5426014438762411,0.5426088273528727,-2.0,0.5425235610348337,0.5424311954741065,0.5423061424110065,0.5421477472695139,-2.0,0.5417322441513566,0.5414735151782226,0.5411810199714746,0.5408541327811772,0.5404921722855227,0.5400945408128555,0.5396599456381048,0.5391881991652281,-2.0,0.5381288783752278,0.5375391402869389,-2.0,0.536233722120102,0.5355149025162101,0.5347504980503878,0.5339386900906457,0.5330777984316877,0.5321659453423329,0.5312017840137221,0.5301817258092462,-2.0,0.5279697341514195,0.5267715969129239,-2.0,0.5241808141594357,-2.0,0.5213107617628889,-2.0,0.51813669717667,0.516427363508395,-2.0,-2.0,0.5107658163465371,0.5086873013726773,0.506505886728203,0.5042171897470875,-2.0,-2.0,-2.0,-2.0,-2.0,-2.0,0.4847389879538284,-2.0,0.47788217568225944,-2.0,0.470349807210516,0.4663102653425689,0.46207707947435084,0.457641183289048,-2.0,-2.0,-2.0,-2.0,-2.0,-2.0,-2.0,-2.0,-2.0,-2.0,-2.0,-2.0,0.3765139370153997,-2.0,-2.0,0.3497491899099783,-2.0,-2.0,0.31898850246513755,-2.0,-2.0,0.28363789750809326,0.27071919285660906,-2.0,-2.0,0.22816966614973405,-2.0,0.19633464948386287,0.17927651570819103,-2.0,0.1426961855940333,-2.0,0.10256608444410398,0.08106360383284866,0.05854210977294483,0.034953349653710886,-2.0,-0.015630532130993413,-2.0,-2.0,-0.10085458936126701,-0.1319961841686037,-2.0,-2.0,-0.23455678881234787,-2.0,-0.3112848663569633,-2.0,-0.3954554170517047,-0.4405545136000063,-2.0,-0.5372636520258878,-2.0,-2.0,-2.0,-0.759732079095793,-2.0,-0.8873989530663291,-2.0,-2.0,-1.1024871803677607,-2.0,-2.0,-2.0,-2.0,-2.0,-2.0,-1.7373031938453722,-2.0,-1.9597832785722198,-2.0,-2.0,-2.334607897618813,-2.471569322535719,-2.0,-2.0
0.1320088400831418,0.2738448099138866,0.2864764095505839,0.29890638745549836,0.3110641902233664,0.3230116482926781,0.33472900470031014,0.34620431681169167,0.3573598744967099,0.3680133345229366,0.3783629517672134,0.38845724831596534,0.39801346417881084,0.40709736184786893,0.4160010667850678,0.4241804556419941,0.43215988650888243,0.43957568916022366,0.44669737221385986,0.4532480019197572,0.45967896431375044,0.4653342060389146,0.47104213340578877,0.47621069085064255,0.4808334259528285,0.4855393476182488,0.48987269990253784,0.49369122041369395,0.4972143362058898,-2.0,0.5042059899106578,0.5072277114559447,0.5099473127843905,0.512405987420644,0.5147709073730415,0.5172095677297043,0.519503515537097,0.5215916716423282,0.5234976503078108,0.5252412448088167,0.5268395310905206,0.528306792459807,0.529655509894868,0.5308964888692514,-2.0,0.5331478936125298,0.5342948898523552,0.5354149897129603,-2.0,0.5373937321760615,0.538265298965056,0.5390656158844976,0.5397993348838477,0.5404711558695399,0.5410839776246573,0.5416419684107874,0.5421476414321036,0.5426040168347229,0.5430130946497408,0.5433771765202285,0.5436981958159238,0.5439777348821223,0.5442171994093864,0.5444178311917538,0.5445809417132333,0.5447073425389415,0.5447978373668668,0.5448531951351608,0.544873693774282,0.5448601229446474,0.5448127933057079,0.5447316705051424,0.5446168382318892,0.5444688144384964,-2.0,0.5440707683053305,0.5438210298991769,0.5435362276187093,0.5432168020531795,0.5428621039635748,0.5424707733286448,0.5420428409514776,0.5415773400793977,0.5410730875531587,0.5405292512338872,0.5399448159077157,0.5393180426248969,0.5386484648978289,0.5379343175371537,0.5371740985688332,0.5363660702665445,0.5355092821785848,0.5346007482388274,-2.0,0.5326231658283087,-2.0,0.5304167137125371,-2.0,-2.0,0.5266362763653962,0.5252404170141172,-2.0,-2.0,0.5206011355931375,0.5188938191628508,0.5171000598854636,-2.0,-2.0,0.5111610399466566,-2.0,-2.0,-2.0,0.5017759170874341,0.4991349278375583,0.496365438955303,-2.0,-2.0,0.48722391991197855,0.4838773148022932,0.4803693223561102,0.4766924257213382,0.4728387527812802,0.46880004896464855,-2.0,-2.0,0.4554851431683753,0.4506157905275012,-2.0,-2.0,-2.0,-2.0,-2.0,-2.0,-2.0,-2.0,-2.0,-2.0,-2.0,-2.0,-2.0,-2.0,-2.0,-2.0,-2.0,0.31024772358911723,-2.0,-2.0,-2.0,-2.0,-2.0,-2.0,-2.0,-2.0,-2.0,-2.0,-2.0,-2.0,-2.0,0.08356760076556297,-2.0,-2.0,-2.0,-0.013125981467529524,-0.04022935226139612,-0.06861697797282418,-2.0,-2.0,-2.0,-2.0,-0.23205148144466137,-2.0,-0.3087793008506533,-2.0,-2.0,-2.0,-0.4852843991068847,-0.5347578002806944,-0.5865749836947156,-0.6408469730296152,-0.6976900478044407,-0.7572259907320535,-0.8195823600618722,-0.8848927605838056,-2.0,-1.0249419728184712,-1.099980843585994,-1.1785744988665867,-2.0,-1.3471076829189004,-1.4374082826472574,-2.0,-1.6310453190240506,-2.0,-2.0,-1.9572766201095466,-2.0764820248817775,-2.2013343749471512,-2.0,-2.469062562867891,-2.6125120074524446,-2.7627568523384842
0.1282449288663947,0.26722712928203707,0.2799108612737729,0.2924726624796553,0.30488449553094615,0.3171010539890788,0.32896473097156553,0.3405545762976934,0.3518832119068733,0.3629495061979461,0.3736485584614713,0.38380740405575736,0.39368305417741317,0.4032812314512966,0.4121854539995777,0.42085188351702,0.4290897022467975,0.4367585013585667,0.44424272427492895,0.4510397616297198,0.4576619041305944,0.46381986575387646,0.46943235789131793,0.4750683132130806,0.4800129157909636,0.48462312138436514,0.4892876508695703,-2.0,-2.0,0.5006697080488471,0.5042627319464064,0.5075235364899691,0.5104474925645675,0.5130826368430556,0.5154761532140009,0.517863408346786,0.5202854130724226,0.5225130408136004,0.5245422243589762,0.5263951329477187,-2.0,0.5296459191003566,0.5310735433074354,0.5323859104606822,0.5335931492799221,0.534708035127225,0.5358233936517258,-2.0,0.5380619491009988,0.539063601217986,0.5399843108971395,0.5408298284434364,0.5416053251264312,0.5423154386702276,0.5429640088610292,0.543555019891728,0.5440914889613419,0.5445761604367557,0.545011867818258,0.545400659415787,0.5457447110648597,0.5460457562839783,0.5463054197833083,0.5465250801570765,0.5467057894960842,0.5468489572808382,0.5469549738815821,0.5470250464095359,0.5470594069203327,0.5470588969575618,0.5470237203654559,0.5469539506038186,0.5468500954979574,0.5467125582813784,0.5465398906058825,0.546333145301562,0.5460921134016343,0.5458158993372905,0.5455044438097325,0.5451563819968637,0.544772359580719,0.5443508379953674,0.5438917733399687,0.5433930649261944,-2.0,0.5422755496589423,0.5416543888904837,-2.0,0.5402798813847041,0.5395242053820553,0.5387201663888255,0.5378668878289414,0.5369625363749916,0.5360049122102186,-2.0,-2.0,-2.0,-2.0,0.5303430384071036,0.5290193940670882,0.5276259981867453,-2.0,0.5246158068851918,0.5229934377002876,0.5212883236724594,-2.0,0.5176141799490408,0.5156377337623546,-2.0,0.5113841657505648,0.5090981967737255,0.5066996234243826,0.5041833001072501,-2.0,0.49877562622353583,-2.0,0.4928288450674655,0.48963755530415365,0.4862919932615741,0.48278499485149695,0.4791090483841186,0.475256280756451,0.4712184399862662,0.4669868769293236,0.46255252774689126,0.45790589358340106,0.4530370185708801,0.44793547564941294,0.4425903374273002,-2.0,-2.0,0.42497605978642183,0.4185364251508896,-2.0,0.4047229627919134,-2.0,-2.0,0.3814399795431499,0.37292981551854504,-2.0,-2.0,0.3448962969904435,0.3346507157746321,-2.0,-2.0,0.30090312148371423,-2.0,-2.0,-2.0,-2.0,0.23310370233795924,-2.0,-2.0,0.18421180455719455,0.16634545765333525,-2.0,0.1280319950296278,0.10750279123765072,-2.0,-2.0,-2.0,-2.0,-2.0,-0.03779562669590508,-2.0,-0.09591572409740379,-2.0,-2.0,-0.1938361713048562,-0.22961710822327952,-2.0,-2.0,-2.0,-0.3905150676371585,-2.0,-0.4828495372942656,-2.0,-2.0,-0.6384119087072555,-0.6952549202466076,-2.0,-2.0,-2.0,-2.0,-1.0225065850938746,-1.0975454127955473,-2.0,-2.0,-2.0,-1.4349726902743871,-2.0,-1.6286096497540583,-1.7323608998661193,-1.8410270317674584,-1.9548408616987805,-2.0,-2.198898559060043,-2.0,-2.0,-2.0,-2.0
0.12458833642950079,0.2605863021449434,0.2733639009427356,0.28599007417431777,0.29847913019235817,0.31080202404922236,0.32293374841393024,0.3348515115702145,0.3463843359916362,0.3575618460995301,0.3684566927456126,0.37908343442550213,0.38924563090715264,0.398896291188343,0.40831660545310394,0.417258641735807,0.42564275355620224,0.43388268847514727,0.44133019420861075,0.44874922295883823,0.45534675857634976,0.4619638572839745,0.46783108516600797,0.47349357716862445,0.47896259049059065,0.483712070001175,0.4883692595824783,0.4929209570242187,0.49692641402241317,0.5004992876973194,0.5040748518807019,0.5075950964780634,0.5107461488787347,0.5135757319061635,0.5161287360864866,0.5184864750780444,0.5208974892937743,0.5232745551044069,0.5254374881876976,0.5274089209511268,0.5292101778922632,0.530859259421782,0.532371400503477,0.5337599642746064,0.535036239960385,0.5362101676139431,0.5373087865172536,0.538431248111765,0.5395707122285206,-2.0,0.5416022885260671,0.5424953653438055,0.5433148223325382,0.5440656533057158,0.5447518450278306,0.5453771942819812,0.5459457648321504,0.546460514038158,0.5469241450546211,0.5473389672651229,0.5477070656540237,0.5480304832216373,0.5483111188108588,0.548550448021059,0.5487497053976441,0.5489100317040698,0.5490324072141707,0.5491176612179794,0.5491665424508764,0.5491794314915687,0.5491570094286717,0.5490993280242871,0.5490067941915439,-2.0,0.5487172396810038,0.5485200986329278,-2.0,0.5480202763744242,0.5477164208751848,0.5473764403377357,0.5469995135531155,0.5465853357847795,0.5461320054056182,0.5456398681760432,0.5451074406294586,0.5445335899939688,0.5439174120258006,0.543257558150109,0.5425526317526719,0.5418012251090065,-2.0,0.5401525826780214,-2.0,0.538297837502995,-2.0,0.5362213661305576,0.5350947432798583,0.5339056142290367,-2.0,0.5313309201056537,-2.0,-2.0,-2.0,-2.0,0.5236114542567736,0.5218220274944741,0.5199416328063112,0.5179667211370981,0.5158931880950445,0.5137167649980251,0.5114322031419303,-2.0,-2.0,-2.0,-2.0,-2.0,-2.0,0.4919807172369345,-2.0,-2.0,0.4814552892712577,-2.0,0.47356650293020663,-2.0,0.4649022860260581,-2.0,0.4553882455555125,-2.0,-2.0,0.4393433830604183,-2.0,-2.0,-2.0,0.4141457230676106,-2.0,-2.0,-2.0,0.3837973768408718,-2.0,0.3663735832908457,-2.0,0.3472552571461774,-2.0,-2.0,-2.0,-2.0,-2.0,-2.0,-2.0,-2.0,-2.0,-2.0,-2.0,-2.0,-2.0,-2.0,-2.0,-2.0,-2.0,0.06584272545516046,-2.0,-2.0,-2.0,-2.0,-2.0,-2.0,-0.12469289158917352,-2.0,-2.0,-2.0,-2.0,-2.0,-0.34509130366485663,-0.38815019150140195,-2.0,-2.0,-2.0,-2.0,-2.0,-2.0,-2.0,-0.8147816916741212,-0.8800919904676531,-0.9484962533749827,-1.0201410176570433,-2.0,-2.0,-2.0,-2.0,-2.0,-2.0,-1.6262437962509912,-1.729995011592305,-1.8386611108481972,-2.0,-2.071680257056534,-2.196532547541114,-2.0,-2.0,-2.0,-2.0
0.12103600283829954,0.25368948684204984,0.2665758753213257,0.27938644961696735,0.2920715690843091,0.3044993961212213,0.3167301041193354,0.32875224904242556,0.34054560233291975,0.3520983265536164,0.36324375098897393,0.3739623307430759,0.3843916125660602,0.3945526621677349,0.40410084939626784,0.4132677900895208,0.4222166103689758,0.43041485173856525,0.4384775353696141,0.445878510794668,0.4530832763352207,0.4596245388747088,0.46611080655806186,0.4717920916158492,0.47750157050874176,0.48273034720718955,0.4873644565895014,0.4920656378783239,0.4964434384648125,0.5002968331337246,0.5038173480721158,0.5074268698164709,0.5108312601964705,0.5138767059277742,0.516615287372502,0.5190889716963901,0.5214404898148689,0.5238709432656565,0.52617959186962,-2.0,0.5301946261206099,0.5319451262997338,0.5335481698974883,0.5350184245943238,0.5363684216307386,0.5376091342677396,0.5387500242313549,0.5398431913486051,0.5409736019716308,0.542091390703537,0.5431193399499535,0.5440632496624418,-2.0,0.5457225988282729,0.5464483002766038,0.5471102920335777,0.5477128593946086,0.5482586460046396,0.5487513074808678,0.5491930811734278,0.5495869012231759,0.5499337182309086,0.5502368689027463,0.5504964945492576,0.550714898507124,0.5508936866478269,0.5510326449380251,0.5511337673764822,0.5511978708561799,0.5512248273267734,0.5512157228885319,0.5511704753531295,0.5510896263012355,0.5509730587818493,0.5508217746870352,-2.0,0.550411065927336,-2.0,0.5498574811444726,0.5495247287033415,0.5491556356604891,-2.0,0.5483015832556456,0.5478160951452742,0.5472892659661348,0.546721147382431,0.5461107286300229,-2.0,-2.0,-2.0,0.5432137437645078,-2.0,-2.0,-2.0,0.5395158239983521,-2.0,0.5373286775387376,-2.0,-2.0,-2.0,0.5321853872350595,0.5307234369693843,0.5291852500462563,0.5275673667491009,0.5258665212974947,-2.0,0.5222004596985647,-2.0,0.5181559551271874,0.515980954203385,0.5136983951571632,-2.0,-2.0,0.5061530993637429,0.5033869991059081,0.5004865904051237,0.497445138812736,0.49425613927918,-2.0,-2.0,0.4837341938002896,-2.0,0.47584697304345214,-2.0,0.46718442438147845,-2.0,0.4576719765330979,-2.0,0.4472280763793118,0.4416291838519264,0.43576318652871915,0.4296175162844402,-2.0,-2.0,0.4093676460453964,-2.0,0.3942106784357231,-2.0,0.37757814966828723,-2.0,0.35932744586338616,0.34954695374636596,-2.0,0.3285708719994418,-2.0,-2.0,-2.0,0.28030622630635493,0.26677587352880594,-2.0,0.23775967537904857,0.22221163062896487,-2.0,-2.0,-2.0,-2.0,-2.0,-2.0,0.09065975476564053,-2.0,-2.0,-2.0,-2.0,-0.033135043753148574,-0.06152229697921274,-2.0,-0.12239579222904973,-2.0,-0.18917450333479624,-0.22495517027853218,-0.2624310730452889,-2.0,-0.3427936075697289,-2.0,-0.4309511957511051,-2.0,-2.0,-0.5794767333652947,-2.0,-0.6905914145192578,-2.0,-2.0,-0.8777936166169078,-2.0,-2.0,-1.0928812570949455,-1.1714747786587953,-1.2537914724315655,-1.340007707975348,-2.0,-1.5248864202222832,-2.0,-2.0,-1.8363622518365386,-2.0,-2.0693813356352266,-2.1942336015278405,-2.0,-2.0,-2.6054110052395956,-2.0
0.11758495540521567,0.24683962575062016,0.2597400739070071,0.2725826284322268,0.2853350803301592,0.29796674981897725,0.3104496974190681,0.3226717074344387,0.3345806121161925,0.34624208995298444,0.357643689752358,0.36878390026715685,0.37946907412071035,0.38969530290321663,0.39964706548344114,0.4092674757979525,0.4182062989163316,0.4269531155136584,0.43517062197380296,0.44292233151756744,0.4504013011550566,0.45727101610997556,0.46387527997642847,0.4701094229800465,0.47571890630053226,0.4813803301478061,0.4863755790158724,0.490976137890637,0.49565496288058114,0.49985785612949013,0.5035663575980333,0.50708794663902,0.5106872738735863,0.5139730090615566,0.5169170832795077,0.5195675334280604,0.5219679467552069,0.524339330004885,0.526761992999692,0.5290016290871721,0.5310401325763363,0.5329001840682728,0.5346009989870706,0.5361588864516492,0.5375877923344502,-2.0,0.5401053404782084,0.541214634456826,0.5423130256121032,0.5434489666057174,0.5445354171377161,0.5455328472194807,0.5464479091656077,0.5472865760359531,0.548053699285159,0.5487542882426008,0.549392144979919,0.5499710464426,0.5504944644423653,0.5509645403804081,0.5513844786090389,0.5517562636764831,-2.0,-2.0,0.552601995061358,0.552799221216871,0.5529562790452006,0.553074253082559,0.5531532955467315,0.5531949883794733,0.5531996774197316,0.5531671849470062,0.5530986370769668,-2.0,-2.0,0.5526758742262212,0.5524629572040112,0.5522129074177268,0.5519263808685824,-2.0,-2.0,0.5508402624194878,-2.0,0.5499218981951718,0.5494016487556225,0.5488392620542037,-2.0,-2.0,0.5468895987284891,-2.0,0.5453570891459143,-2.0,-2.0,0.5426773741346675,-2.0,-2.0,0.5394949656028493,-2.0,-2.0,-2.0,0.5343634003447457,-2.0,0.5313682804635262,-2.0,0.5280540912819407,-2.0,-2.0,-2.0,0.5203514547091657,-2.0,0.5158972383953244,0.51350331180094,-2.0,0.5083564956589607,0.505592000120433,-2.0,0.4996527220970808,0.4964649113640196,-2.0,-2.0,0.4859459443150319,-2.0,-2.0,-2.0,-2.0,0.46475590630504693,-2.0,-2.0,-2.0,-2.0,-2.0,0.4318382501946745,-2.0,-2.0,-2.0,-2.0,-2.0,-2.0,0.3798024702913075,-2.0,0.3615525940886751,0.35177248714279913,0.3415279804691257,0.3307971265006979,-2.0,-2.0,-2.0,-2.0,-2.0,-2.0,-2.0,-2.0,-2.0,-2.0,0.1732323527389677,-2.0,-2.0,-2.0,-2.0,-2.0,0.046780991249262494,0.02207513904451197,-2.0,-2.0,-0.05929144754901805,-2.0,-2.0,-2.0,-0.18694319641222779,-0.22272374345900658,-2.0,-0.2994508989684893,-2.0,-2.0,-2.0,-2.0,-2.0,-2.0,-0.6315163441532803,-0.6883591702561849,-0.7478948709892889,-2.0,-0.8755611910260852,-2.0,-1.0156099922882649,-2.0,-1.169242149564728,-2.0,-1.337774981673086,-2.0,-2.0,-2.0,-1.7254323442941162,-2.0,-2.0,-2.0,-2.192000600168433,-2.0,-2.459728551456783,-2.0,-2.0
0.11423230620163467,0.2398316709513861,0.25285585538411287,0.26581251888275104,0.27861019298634015,0.29130202660403876,0.30385742811519817,0.316247583068528,0.3284473843711676,0.3404022159606461,0.35194811787154295,0.36319378990380086,0.37415792919521335,0.3848495328810121,0.3949984751674706,0.4047194264674537,0.414212282327684,0.42313579836069765,0.43159316677443293,0.439854513382958,0.4473385124918766,0.45478853209238157,0.4614170477525546,0.46804695126714463,0.47396982767863227,0.47961453393377307,0.4851275578985436,0.48990998263404884,0.49455034034033424,0.4991311513153915,0.5031682120323551,0.506754379765859,0.5103139672261244,0.5138516362274725,0.5170235091638522,0.5198695613471553,0.5224353091134851,0.5247901291796464,0.5271859912171096,0.529570826958196,0.5317433582967053,0.5337218961489124,0.5355281457688084,0.5371803225106929,0.5386937347923701,0.5400819960592561,0.5413565066274091,0.5425272668375409,-2.0,0.5447208359719424,0.545850814684576,0.5469050626584702,0.5478721076461824,0.5487583770902557,0.5495695245258063,0.5503105972944152,0.5509859038845465,0.5515993552929547,0.5521547765622817,0.5526546418247169,0.5531023087674145,-2.0,0.5538496943354331,0.5541539697147375,-2.0,-2.0,0.5548059967097648,0.5549405666761695,0.55503602466756,0.5550928779101019,0.555111753429632,0.555093081822716,0.5550372813325145,0.5549441880566572,-2.0,-2.0,0.5544448568179218,-2.0,0.5539271162604056,0.553611376765501,0.5532576239364257,0.5528653751249477,-2.0,0.5519603013326042,-2.0,-2.0,-2.0,0.5496471198690619,0.5489573155557848,-2.0,0.5474345420048838,0.546598411611979,0.5457099498278012,0.5447673592362215,-2.0,0.5427127283344773,-2.0,-2.0,-2.0,-2.0,0.536476419601527,-2.0,0.5334866434339641,0.5318735695272622,0.5301773172523437,0.5283938964052032,0.5265197247630207,-2.0,0.5224827742370223,-2.0,0.5180321014471867,-2.0,0.51312989736218,-2.0,0.5077329985979948,0.5048357039995525,0.5017963939245635,0.49860979795164795,-2.0,-2.0,-2.0,0.4842453095774293,0.48021119022056724,0.47598317567559356,0.4715522108527831,-2.0,-2.0,-2.0,-2.0,0.44600454729432004,-2.0,-2.0,0.42755812899372825,0.42081412879211594,-2.0,-2.0,0.39859405435572615,-2.0,0.3819633705826097,-2.0,0.3637143482848658,-2.0,-2.0,-2.0,-2.0,0.3099468819259581,0.29761493568347513,-2.0,-2.0,-2.0,-2.0,-2.0,0.2103206679481096,-2.0,0.17539828396660467,-2.0,-2.0,0.11655788825455704,0.09505641389366554,-2.0,-2.0,-2.0,-2.0,-2.0,-0.05712382348804901,-2.0,-2.0,-2.0,-2.0,-2.0,-0.2580312283867283,-2.0,-0.33839337884593135,-2.0,-2.0,-0.4737858453738112,-0.5232588674188986,-0.5750757014700595,-0.6293473543649089,-2.0,-0.7457257485094215,-2.0,-2.0,-2.0,-2.0,-1.0884792658761668,-1.1670726933759341,-2.0,-1.3356054418743581,-1.4259058535616407,-2.0,-2.0,-1.723293607217119,-1.8319596027494676,-1.9457732753336712,-2.0,-2.0,-2.0,-2.0,-2.6010079460948123,-2.7512527139136598
0.11097524964120718,0.2327837085966255,0.245788016573974,0.25878107227593977,0.27173046504384835,0.2846048023297857,0.29729010186820654,0.3097665099154371,0.32206081463903213,0.33414707103314784,0.34600535459932547,0.3576086534505646,0.3687520461389501,0.37953492384219695,0.39002948085853906,0.4002291576249848,0.409788150252826,0.4190213198432,0.42799497129827907,0.4362192898845448,0.4443383191568823,0.45173619637701284,0.45899885647920247,0.46553865532671457,0.4720617536207226,0.4777679842419757,0.4834725302319146,0.48874802563867586,0.4933936342754348,0.4980857015735879,0.5024978510636399,0.5063770687170785,0.5098967886503916,0.5134956687287026,0.5169219881434969,0.5199845630546044,0.5227364127202307,-2.0,0.5275609190863313,0.5299800543469536,0.5322985527580821,0.5344058030368835,0.5363259516489415,0.538079504594825,0.5396838670713674,0.5411538157934027,0.5425019689919599,0.5437395040233071,0.5448758408614515,0.545954338987329,0.5470676626463193,0.5481789915015577,0.5492011127589845,0.5501378619080498,0.5509954831449995,0.5517790772278801,0.5524940392430878,0.5531437538988505,0.5537326772931377,0.5542639344769094,0.5547406935552639,0.5551652559799324,0.555540441547197,0.5558676812756665,0.5561492107663631,0.5563866368128562,0.5565811902329837,0.5567342286136656,0.5568470162498931,0.5569193676372808,0.5569529835096468,0.5569486657390608,-2.0,0.5568255222065145,-2.0,0.5565519393952775,-2.0,0.5561283879266589,0.5558599139119301,0.555553692594191,0.5552077882189377,0.554823157966859,0.5543982705554367,0.5539329278383535,-2.0,0.5528764013032403,0.5522824901088119,0.5516442114840862,-2.0,-2.0,-2.0,-2.0,0.5477311455835078,-2.0,-2.0,-2.0,0.5436329842126479,0.5424565102638329,-2.0,-2.0,-2.0,-2.0,-2.0,-2.0,0.5322372835820323,-2.0,-2.0,-2.0,-2.0,-2.0,-2.0,-2.0,-2.0,-2.0,0.5098111109002689,0.5069148344627205,-2.0,-2.0,0.4973520651430791,0.493850514346433,-2.0,-2.0,0.4822988285088329,-2.0,-2.0,0.4689991771109979,0.4641342105921272,-2.0,-2.0,0.4480980120995509,-2.0,-2.0,0.4296535573042951,0.422910152323909,-2.0,-2.0,0.40069170480207394,0.3925699260609834,0.38406198548264475,-2.0,0.3658138397526334,0.35603453993057405,0.34579080249962746,0.3350606812746063,-2.0,0.3120482428954844,-2.0,0.2867999009644159,0.27327041160666266,-2.0,0.24425580319123524,-2.0,-2.0,-2.0,0.17750207897275333,0.15878984734084856,0.13919057965443415,-2.0,0.09716100497313368,-2.0,0.05105296634522072,0.026347491564214343,0.00047111025619250846,-2.0,-2.0,-2.0,-2.0,-0.14850732898826613,-0.18266905164936742,-0.21844937735300907,-0.25592497548151794,-2.0,-0.3362869325688165,-0.379345468469538,-2.0,-2.0,-0.521152072613803,-2.0,-0.6272404116119137,-0.6840830943849108,-2.0,-0.8059746811318305,-2.0,-0.939688768462428,-1.0113333170534664,-2.0,-1.1649652696926718,-2.0,-1.333497916580965,-2.0,-2.0,-2.0,-1.721185923965199,-1.829851888056257,-2.0,-2.0,-2.1877229397474873,-2.0,-2.4554507973650845,-2.0,-2.0
0.10781106013205938,0.225740843127661,0.2387868928902288,0.25177087002452947,0.2647307952125384,0.2776334937790574,0.2904466574541585,0.3031395142500815,0.3156699177255725,0.32789278364766605,0.33986198130013273,0.35158407848128564,0.3630465305261628,0.3742372151364004,0.38491863081783567,0.39520505532629696,0.40521817558035383,0.414845102414005,0.42382325929381426,0.43263214551443463,0.4408348707745824,0.44865035382558227,0.45611855771448534,0.46305034264023864,-2.0,-2.0,0.48153787124613473,0.4872140416100992,0.49224751323459787,0.4968423536293964,0.501527641942646,0.5057585788344392,0.5094883108757962,0.5129978679877397,0.5165984837734192,0.5199016057837187,0.5228591968028827,0.5255201898355596,0.527925498547854,0.530281949451881,0.5327009789738195,0.53494811237162,0.536991643287764,0.5388547505085752,0.5405569113167725,0.5421144747151132,0.5435413782170117,0.5448501085555453,0.5460510415070967,0.5471537702888878,0.5482347274510976,0.5493551189373058,0.5504357422173629,0.551425909689608,0.552332459796518,0.5531611972023456,0.5539174364163129,0.5546060103980693,0.555230041917304,0.5557942097100245,0.5563015035213679,0.556754502347372,0.5571556879656069,0.557507747297309,0.557812166158397,0.5580709944862452,0.5582855596600289,0.5584573163278644,0.5585874538851702,0.558676521513609,0.5587258778300391,0.5587356193850014,0.5587065020586188,0.5586390190422768,0.5585332215750728,-2.0,0.558207151699277,0.5579868987011064,0.5577281717676466,0.5574304920079369,-2.0,0.5567169269366069,0.556299874565009,0.5558420949504261,0.555341436464654,-2.0,0.5542111796227793,0.5535785710847684,0.552899905847661,0.5521730248301611,0.5513973909954368,0.5505702279644962,-2.0,0.5487571115365898,-2.0,-2.0,0.5456083501570684,0.5444353852050148,-2.0,0.54189115217262,-2.0,-2.0,0.5375354676890061,0.5359279548766281,0.5342358189191956,-2.0,-2.0,0.5286225606124478,-2.0,-2.0,0.5221153831903046,0.5197265501568129,-2.0,-2.0,0.5118291234078364,-2.0,-2.0,-2.0,0.4993756805425778,-2.0,-2.0,-2.0,0.48432665844496803,0.4801005827966003,0.47567146690317574,-2.0,-2.0,-2.0,-2.0,-2.0,-2.0,-2.0,-2.0,-2.0,-2.0,-2.0,-2.0,-2.0,-2.0,0.37718925303581163,0.3678538803050555,0.35807500153620747,-2.0,-2.0,-2.0,0.3140902037435427,-2.0,-2.0,0.275313335502134,-2.0,-2.0,0.23075227004581622,-2.0,-2.0,-2.0,0.1608361532738397,-2.0,-2.0,-2.0,-2.0,-2.0,-2.0,-2.0,-2.0,-0.05297202307116744,-2.0,-0.11384448852765405,-2.0,-2.0,-0.21640248671168905,-2.0,-2.0,-2.0,-2.0,-2.0,-2.0,-0.5191045183962983,-2.0,-0.6251926969506821,-2.0,-2.0,-2.0,-2.0,-2.0,-2.0,-2.0,-2.0,-1.2452335716041594,-2.0,-2.0,-1.5163280020265992,-2.0,-2.0,-2.0,-1.9416170092475162,-2.0,-2.0,-2.3164409217887965,-2.0,-2.5968513940157045,-2.0
0.10473708979594494,0.2185479210149351,0.23159554448246358,0.2446763898092072,0.25775622399385123,0.27070779080924,0.2835615445191383,0.29631104911963785,0.30892439037913316,0.32137270080913055,0.3336305939001164,0.3455933792342122,0.3571770338872452,0.3684791246975528,0.37950008914336053,0.3902311402229871,0.40038431069897906,0.4101610581997873,0.4197053124814794,0.4286204211030245,0.43713444755511327,0.4454057748742682,0.4529235575195891,0.4603919039790083,0.4670480932014521,0.47368284703026303,0.47965062700390537,0.48528090303125887,0.4908230444527293,0.4956322554149465,0.5002578447660228,0.5048568917776579,0.508916516881301,0.5125130678046962,0.5160584749725899,0.5196057715213044,0.5227919278710365,0.5256486176743217,0.5282219327125142,0.5305735493044018,-2.0,0.5353420258226391,0.5375196966872341,0.5395013702992812,0.5413089265757381,0.5429606756136957,0.5444720010957933,0.5458568628042679,0.5471266574545014,0.5482914488998111,0.5493683108010274,0.5504566096924634,0.5515741880181549,0.5526212106859302,0.5535795070424065,0.5544558969171456,0.5552558283316461,0.5559844464544511,0.5566461724018439,0.5572448528769043,0.5577839176872748,0.5582666415404819,0.55869559499286,0.5590732866907381,0.5594018137405429,0.5596830878700735,0.5599184623220762,-2.0,0.560258190290642,0.5603645938119972,0.560430047847082,0.5604548501663686,0.560440164796534,0.5603859255739619,0.5602927487352674,0.5601607009091397,0.5599899137317352,0.5597800764744415,0.5595312532302666,0.5592433500737058,0.5589151582902803,-2.0,0.5581379071397161,-2.0,-2.0,0.5566579384024553,0.556076773385964,0.5554504307051281,0.5547774958743067,0.5540563064477587,-2.0,-2.0,-2.0,0.5506590946709747,0.549672949949716,-2.0,-2.0,0.5463532464385467,-2.0,0.5438157143912474,0.5424417257868004,-2.0,0.5394687702173273,0.5378634641421023,-2.0,0.5343981028006821,0.5325306458562572,0.5305680981530709,0.5285062637353449,0.526340737405459,-2.0,0.5216798621104874,-2.0,0.5165456743815718,-2.0,0.5108939447097877,-2.0,-2.0,0.5013392237283845,0.49784011761197144,-2.0,-2.0,0.4862950242060794,-2.0,-2.0,0.4730011342394379,-2.0,-2.0,0.4577016627649136,-2.0,-2.0,-2.0,0.43366602098470175,-2.0,-2.0,-2.0,0.40470881465190156,-2.0,-2.0,-2.0,-2.0,-2.0,-2.0,0.33908409291494246,-2.0,-2.0,-2.0,0.29082608437379853,0.2772972122675914,0.2631268086573843,0.24828375324610202,-2.0,-2.0,0.1993968618928771,0.18153203020504122,-2.0,0.14322139982765925,0.1226936737548735,0.10119261614702307,-2.0,-2.0,0.030380101617031974,0.004504100670273736,-2.0,-2.0,-0.08071637661867614,-2.0,-2.0,-2.0,-2.0,-0.2518898882239088,-0.2911408285576631,-2.0,-2.0,-2.0,-2.0,-2.0,-2.0,-2.0,-2.0,-0.739581848783885,-2.0,-0.8672476617963327,-0.9356515694692649,-2.0,-2.0,-2.0,-2.0,-2.0,-2.0,-2.0,-2.0,-1.7171478578549777,-2.0,-1.9396273342607095,-2.0,-2.0,-2.0,-2.0,-2.0,-2.745105990330609
0.10175076625242988,0.2114569184819062,0.2244417287849122,0.23747947812563155,0.25053914853510284,0.2635878683791502,0.27659328050698934,0.28950560391002217,0.3022010867522047,0.3147321998541519,0.3270811395089352,0.33922188884042764,0.3511343161819836,0.36276333762824375,0.3739244204424483,0.3847595060892202,0.3953063980185944,0.4055273806240421,0.41510485665771957,0.4243896757749773,0.4333761253020991,0.4416267780490857,0.449783367373008,0.4571831285826044,0.46448469328184605,0.47102626044951335,0.47757278042475165,0.4832990860257186,0.48899642084285927,0.4943055289654224,0.49895994160011226,0.5036418259458753,0.5080776508763075,0.5119749795418691,0.515493705818207,0.5190808114195222,0.5225217966630631,0.5255953105030382,0.5283549659682892,0.5308437954025478,0.5331745439750695,0.5355818113715459,0.5379053225724985,0.5400155130679547,-2.0,0.543689856154371,0.5452921898735459,0.5467586286135189,0.5481018819959282,0.5493333152231067,0.5504623631835971,0.551526068131107,-2.0,0.5537233015992218,0.5547367220920093,0.5556634329983196,0.5565096531612376,0.5572808093439653,0.5579817374157326,0.5586166881179543,0.5591895580814517,0.5597032484511878,0.560161154710699,0.5605660522784038,0.5609196055946566,0.5612243262071983,0.5614813563909412,0.5616931159510571,0.5618607986960651,0.5619849651580053,0.5620670460804565,0.5621079367041625,0.5621078453845899,0.5620676812614603,0.561987833476036,0.5618679618355447,0.5617086610077315,0.5615102891427242,0.5612715267767325,0.5609930103001575,0.5606742987021737,-2.0,0.5599139842455895,-2.0,0.5589854151724091,0.5584561046225648,0.5578819081643418,0.5572617193571435,0.5565947490974312,0.5558789295827634,0.5551134653967793,0.554296601444946,0.5534266446191832,-2.0,0.5515197568711292,-2.0,0.5493772385538266,0.5482121488795706,-2.0,0.5456813897200854,-2.0,0.5428657852167584,-2.0,0.5397410529376564,0.5380546515239112,0.5362810288634056,0.5344160340670423,0.532455441826735,0.5303962878436891,0.5282324481402679,0.5259603909176347,-2.0,0.521071678171087,-2.0,-2.0,-2.0,0.5097625919580332,0.5065813486327374,-2.0,0.4997474932181962,-2.0,0.4922357823013708,-2.0,0.48398183728794764,-2.0,-2.0,0.4700525838052817,0.4649572983153587,-2.0,0.45402441425557516,0.44816177237785726,-2.0,-2.0,-2.0,-2.0,0.41438197977420677,-2.0,0.398510401202787,-2.0,-2.0,-2.0,0.361980608460783,0.35173811274223044,0.34100918170163963,0.3297708141440301,-2.0,0.3056683554302248,-2.0,-2.0,0.26505384012197225,0.25021121083764714,0.23466474366217427,-2.0,-2.0,-2.0,0.16474897769409513,-2.0,0.12462268813779465,-2.0,0.08060219183531103,-2.0,0.03231002427917684,0.006434202668579969,-0.020667893505868062,-0.04905429360611846,-0.07878582703785464,-2.0,-2.0,-2.0,-0.21248344579120448,-2.0,-0.28920945836628853,-2.0,-0.37337825663937707,-0.4184765223773257,-2.0,-0.5151840811874149,-0.5670005919696973,-2.0,-2.0,-2.0,-2.0,-2.0,-0.9337192772863645,-1.0053636597314006,-1.080402068444913,-1.158995280870083,-2.0,-2.0,-2.0,-2.0,-2.0,-2.0,-2.0,-2.0,-2.0,-2.0,-2.0,-2.0,-2.0,-2.0
0.09884959046625581,0.20421048341542986,0.21724405125340193,0.23035039970200427,0.2433957715126943,0.2564327968967438,0.26944555972375167,0.28240152514906125,0.2952680005967154,0.3080138573115705,0.32056229939280395,0.33281266308849033,0.34483268575397075,0.35660519098337823,0.36811764438324956,0.37933770474203254,0.39002998914749665,0.4003637969367796,0.41042448168985896,0.4200499901252878,0.4290655005343033,0.43791657436215775,0.4461132659363013,0.4539746485588152,0.46143174679247095,0.46841082639046666,0.47498759090427634,0.4813118475848736,0.48692363401975314,0.49260730037718614,0.49766711273645264,0.5022576187746559,0.5069444067853242,0.5111940795014712,0.5149373872296074,0.5184371203366321,0.5220344759986579,0.5253491554161259,0.5283147875762448,0.5309808863816227,0.5333883169042377,0.5357305109490396,0.5381430445618095,0.5403929491442121,0.5424375683006631,0.5443000240358548,0.5459998562383672,0.5475537324417585,0.5489757603353015,0.5502782455211391,0.5514718387108812,-2.0,0.5536289674630631,0.5547324539518527,0.5558041181352604,0.5567841056453313,0.557679220933513,0.5584953179418316,0.5592377809430638,0.5599107841693183,0.5605188353462951,-2.0,0.5615537551975753,0.5619866049353485,0.5623665834028791,-2.0,0.5629756443045791,0.5632087526861496,0.5633965028756249,0.5635395032323343,0.5636388426951221,0.5636960374105562,0.5637115008200642,0.5636858861605262,0.5636193999916517,0.5635126396550979,0.5633657800118648,0.5631786054425977,0.5629505047725875,0.5626820183522679,0.5623729586329005,0.5620224531667188,0.5616303741769908,0.561195650033513,0.5607176038816492,0.5601951061865715,-2.0,-2.0,-2.0,-2.0,-2.0,0.5560718542565923,-2.0,0.5542871699313371,0.5533094179630514,0.5522729672263545,-2.0,0.5500136774812775,0.5487862540695471,-2.0,-2.0,-2.0,-2.0,0.5415623144959125,0.5398789382363466,0.5381076490783407,-2.0,-2.0,0.5322291159271123,0.5300677545145913,-2.0,0.5254146230070305,-2.0,-2.0,0.5175324045546726,-2.0,0.5116103020751193,-2.0,0.5050958733403288,0.5015993069464634,0.497933307264519,-2.0,0.49006122277664044,-2.0,-2.0,-2.0,0.47191196616169984,0.4668175565744975,0.46147921853574286,-2.0,0.45002447366378984,-2.0,0.437449529940395,0.43070868918844846,0.42364656723983224,-2.0,0.4084972499110773,0.40037759601835776,0.3918716828735908,-2.0,-2.0,-2.0,-2.0,-2.0,0.3316412441276839,0.3198697575161066,0.30753952977847915,-2.0,0.2810959220616922,-2.0,0.25208368189042224,0.23653750213060076,-2.0,0.2031984154226737,-2.0,0.16662276155261402,0.14702439757036778,0.12649692067304918,-2.0,0.08247682786643185,-2.0,-2.0,-2.0,-2.0,-0.04717878799216346,-2.0,-2.0,-2.0,-0.1748274043787974,-2.0,-2.0,-0.28733311131184824,-2.0,-2.0,-2.0,-2.0,-0.5133071640656448,-0.5651235855418759,-0.6193948518218515,-0.6762372376718826,-2.0,-0.7981282637106377,-0.8634380611636758,-0.9318418388630278,-2.0,-1.0785244896622623,-2.0,-1.2394339848326823,-2.0,-2.0,-2.0,-1.6095863008689506,-1.7133372040560608,-2.0,-2.0,-2.0,-2.0,-2.0,-2.0,-2.0,-2.7412949857810864
0.09603113465608079,0.1970500630560838,0.20998833090181626,0.22302250320401867,0.23612172460819073,0.24925451051012598,0.2623582847063114,0.2753351087147126,0.28823944593852285,0.3010392591145226,0.3137026529794923,0.32620039849013077,0.3385045444225221,0.3504662027318874,0.36209489331075095,0.37344308384854596,0.38450937954862274,0.3952640428004198,0.4054301250172864,0.41524922448577734,0.4248273781931777,0.43374172171651054,0.4422970715850466,0.45057220874966575,0.45811698616762947,0.4655953895934584,0.4722726576825308,0.4789079691336448,0.4849081637555036,0.49052675679950997,0.49608653525798047,0.5009137039632996,0.5055274806077514,0.510136357171331,0.5142102866252546,0.5178128139432151,0.5213456278589121,0.5248964696177075,0.5280905455654439,0.5309524399858602,0.5335286681211027,0.5358756744329547,0.5382437132294547,0.5406286786189787,0.542807049388151,-2.0,0.5465928494678325,0.5482406261518913,0.5497471885862523,0.5511255605523601,0.5523876923145787,0.5535437552473014,-2.0,0.5556787008335725,-2.0,0.5578182627807049,0.5587649841192809,0.5596285767581631,-2.0,0.5611279001702492,0.5617731443535672,0.5623540715823968,0.5628741788575045,0.5633365755457981,0.563744386744831,0.5640989218604656,0.5644027641863504,0.5646581914378561,0.5648668042277278,0.5650294811352929,0.565146883394758,0.5652213079908095,-2.0,0.565242189962815,0.5651899495225046,0.5650967413582734,0.5649618035442252,0.5647862137128944,0.5645696501564738,0.5643119159326925,-2.0,-2.0,-2.0,0.5628619425918914,0.5623917170320044,0.5618772675640633,0.5613172934447743,0.5607104935857451,0.5600554955109366,0.5593515468656912,-2.0,-2.0,0.5569314993848186,0.5560160331904836,0.5550432865525042,0.5540115383621437,0.552917566310632,-2.0,-2.0,0.5492444061099331,-2.0,0.5464414641477633,0.5449254931032936,0.5433288686745641,-2.0,-2.0,0.5380190434882403,-2.0,-2.0,0.53184914575399,-2.0,0.5272003371049101,0.5247002346826419,-2.0,0.5193232364160513,-2.0,-2.0,-2.0,0.506892772011817,-2.0,0.4997328277186942,-2.0,-2.0,-2.0,-2.0,0.4785784399362226,0.47371800579529066,-2.0,-2.0,0.45769418259146943,0.45183393297734675,-2.0,-2.0,-2.0,-2.0,-2.0,-2.0,-2.0,-2.0,-2.0,-2.0,-2.0,-2.0,-2.0,-2.0,-2.0,-2.0,0.2964426841904305,-2.0,-2.0,0.25390320284350404,-2.0,-2.0,0.20501878725702893,-2.0,-2.0,-2.0,-2.0,-2.0,-2.0,-2.0,0.03600716810560156,-2.0,-2.0,-0.04535614629198692,-2.0,-2.0,-0.1388430968546459,-2.0,-0.20878390624744358,-2.0,-2.0,-2.0,-2.0,-2.0,-0.46201055615306763,-2.0,-0.5632994013436938,-2.0,-2.0,-0.73394809327779,-0.7963037617403996,-2.0,-2.0,-2.0,-2.0,-2.0,-2.0,-2.0,-2.0,-2.0,-2.0,-1.7115120819000391,-1.8201778429470472,-2.0,-2.0,-2.0,-2.308814803465138,-2.0,-2.0,-2.0
0.09329304026284682,0.18984364790676028,0.20280974621817796,0.21580220985422055,0.22883569064905038,0.2419233117967925,0.2550325914905306,0.26813092215396317,0.2811857441379115,0.29410966518869375,0.3068404882458964,0.3194185730782391,0.331813794835198,0.3440000208036695,0.35595717787033077,0.3675984182001081,0.37878551306949126,0.3896616614410473,0.4002488345186637,0.4104817104301976,0.420079170831876,0.4294013713775566,0.4383943052569351,0.4466665430063912,0.4548472535689662,0.46224993102840967,0.4695757983391098,0.4761192559195882,0.482679314389862,0.48841926648613376,0.49410861944905177,0.49943930196316955,0.5040988239036308,0.5087704893152062,0.5132209325197633,0.5171282881929685,0.5206444080265802,-2.0,0.5276688837031098,0.5307474734833709,0.533509794323471,0.5359993176284226,0.5383202898813236,0.5407147926946858,0.5430389508758221,0.5451480174817446,0.5470666792881587,0.5488157096490944,0.5504126577365406,0.5518723586317106,0.5532079380202981,0.5544305062884473,0.5555496145988102,0.5565978574855847,-2.0,0.55876418453668,0.5597656968628569,0.5606793108855973,0.5615113704296624,0.5622672575822671,0.5629518022470308,0.5635685975857508,-2.0,0.5646156971154982,0.5650519476673986,0.5654334107037448,0.5657626199115379,0.5660412870801721,-2.0,0.5664541206703442,0.5665914293843851,0.5666832069591718,0.5667315398970092,0.5667366761071891,0.5666990898833295,0.5666195074110639,0.5664981371281541,-2.0,0.566129810864299,0.5658828540695061,-2.0,0.5652626377471961,0.5648885963190422,0.564470865202736,-2.0,0.5635018108971737,0.5629489174095954,-2.0,0.561700989824835,0.5610038470125079,0.5602553127906463,-2.0,-2.0,0.5576900182617494,0.5567222054650199,0.5556946455774511,0.5546053087567406,0.5534521919343881,0.5522324480750523,0.5509433037507394,-2.0,-2.0,-2.0,0.5450410062839102,0.5433631252035714,0.5415971090452145,0.539739618991698,-2.0,-2.0,-2.0,-2.0,-2.0,0.5264343780915786,-2.0,0.5210607486782958,0.5181736512844383,-2.0,0.511968300565063,0.508636428866373,-2.0,-2.0,-2.0,-2.0,-2.0,-2.0,0.4803305245225845,-2.0,0.47037857341323497,-2.0,-2.0,-2.0,-2.0,-2.0,-2.0,0.42721836885971337,0.41982111405163713,-2.0,-2.0,-2.0,-2.0,0.3772059406718855,0.3674293630628989,-2.0,0.3464605831277693,0.33522345506733675,0.32345276652967214,-2.0,-2.0,-2.0,-2.0,-2.0,0.24012458479607324,0.22384169912581658,-2.0,0.1889228584569161,-2.0,-2.0,0.13008708748049924,-2.0,0.08606783754928982,-2.0,-2.0,-2.0,-2.0,-2.0,-2.0,-0.10445696939525784,-2.0,-2.0,-2.0,-2.0,-2.0,-2.0,-0.3679064628838352,-0.4130043985272488,-0.46023898062459456,-2.0,-2.0,-2.0,-2.0,-2.0,-2.0,-2.0,-0.9282449699771267,-0.9998891469593185,-1.0749273811844666,-1.1535204132733026,-1.2358366441570179,-2.0,-1.4123525200638112,-2.0,-1.6059885427188416,-1.7097393517046684,-1.8184050762639488,-1.93221850810519,-2.0514235080978205,-2.0,-2.0,-2.4440029285722566,-2.587452037959931,-2.0
0.09063301597607476,0.18266029535427436,0.19550054818635296,0.20847638914493,0.221558526395412,0.23468644425652058,0.2477611592818527,0.26084533278949945,0.2739055483027392,0.28690833235757796,0.29982099716279204,0.31261225176111607,0.3251647638160566,0.33745459132533817,0.34951646200338066,0.3613299492088971,0.3728823188251041,0.38412022804788853,0.3948291016526905,0.40519863007898027,0.4152943691347809,0.4249171413073055,0.4339622993902736,0.44284023208781104,0.4510343388994602,0.45892693352033687,0.46637626692093975,0.47338579360151,0.4799536484523735,0.48629856737861715,0.4919106103926085,0.49759661199272176,0.5026717253776208,0.5072577950988075,0.5119427574696457,0.5162025475630623,0.5199521838794314,0.5234430671992039,0.5270350837536112,0.5303547214087755,0.5333226684203637,-2.0,0.5383950489030248,0.5407238501109425,0.5431279652132236,0.5453764706157613,0.547418146163414,0.5492762848478111,0.5509706518204022,0.5525176338400478,0.5539316864461964,-2.0,0.5564083178307753,0.5574909458327725,0.5585362064622197,0.5596214646210559,0.560681108047245,-2.0,0.5625287715462984,0.5633293130505981,-2.0,0.5647099948920912,0.5652987864329237,0.5658249553104364,0.5662912725997442,0.5667010223517501,0.5670563023916233,0.5673594436782907,0.5676120386149337,0.5678161380460517,-2.0,0.5680837711440583,0.5681494763854329,0.5681708399953914,-2.0,-2.0,0.5679755634507416,0.5678250825615436,0.5676323095881783,0.5673968401770492,0.567118749471887,0.5667972286665861,-2.0,-2.0,0.5655707274646713,0.5650718200744431,0.5645262051791291,0.5639335629110311,0.5632923050611682,0.5626015681369853,0.5618591365901678,0.5610643374945864,-2.0,0.5593101864810747,0.558347554721378,0.5573246013163764,0.5562398613818508,0.5550906293167033,-2.0,0.5525901692808188,-2.0,0.5498014099672877,0.5482919470225066,-2.0,0.5450261804594059,-2.0,0.5414084702016002,0.5394578138243317,-2.0,-2.0,-2.0,-2.0,0.5281165893931138,0.5254965203864649,-2.0,-2.0,0.51683437795671,-2.0,-2.0,-2.0,-2.0,-2.0,-2.0,-2.0,-2.0,-2.0,-2.0,-2.0,0.4667460267802162,-2.0,0.45529631600495335,-2.0,-2.0,0.43598744749299084,0.42892715695219524,0.42153056862654537,0.4137816310059437,0.4056637450970074,0.3971595162366586,-2.0,0.37891829311574876,-2.0,-2.0,-2.0,-2.0,0.3251674105220921,-2.0,-2.0,0.2863968928462485,-2.0,0.25738661905430044,0.24184135631788506,-2.0,-2.0,-2.0,-2.0,-2.0,0.13180546025985396,0.11030562884078782,-2.0,-2.0,-2.0,-2.0,-2.0,-2.0,-2.0,-2.0,-0.13535222888140197,-2.0,-2.0,-0.24276724207137523,-0.2820176060603946,-0.3231276522495169,-0.36618546480598924,-0.4112832965179014,-0.4585177665604514,-2.0,-0.5598062037549536,-2.0,-2.0,-2.0,-0.792809935868719,-2.0,-0.9265230723078711,-2.0,-2.0,-1.15179833605427,-2.0,-2.0,-1.4106302725498236,-1.5052080411168767,-2.0,-2.0,-2.0,-1.9304960279599281,-2.0,-2.0,-2.0,-2.0,-2.0,-2.0
0.0880488358164346,0.17551343085293433,0.18833728029774965,0.2011953985809292,0.2141799123831879,0.22726067036034467,0.24040658986050756,0.253585965059216,0.26669540879569953,0.27971560704271425,0.292664194513302,0.30550752162084743,0.31821351163985573,0.3307528079560311,0.3430870530560241,0.3550591554485801,0.3667251902272454,0.37810934099869936,0.3892103377431114,0.3999800837148194,0.41016081369253987,0.42001054406948946,0.4296096578077417,0.43852681128525,0.4471086325908654,0.4553853944601385,0.46294805536516476,0.47043119762787344,0.4771211392300195,0.48375498185418736,0.4897734579104499,0.4953836061972744,0.5009517765791861,0.505788387085224,0.5103919430317065,0.5150041958029673,0.5190840499971988,0.5226879409290988,0.5262094366743834,0.5297593601423094,0.532955529935436,0.5358174531295488,0.5383918557254742,0.5407323090073469,0.5430873436616704,0.5454666245377273,-2.0,0.5496179538208823,0.5514171323562049,0.5530577943025088,0.5545559414672333,0.5559250546868811,0.5571768396298257,0.558321341433323,-2.0,0.560423875718428,0.5615100153901891,0.5625332980724795,0.5634654096422993,-2.0,0.5650823288761783,0.5657775279746269,0.5664032960902465,0.5669636615801336,0.567461865350842,0.5679008916411192,0.56828347540208,0.5686120800668246,0.5688886325277295,0.5691149566639125,0.5692927190072584,0.5694226313382459,0.5695066340037903,0.5695452120019541,0.5695388722200394,0.5694889998764441,0.5693949535105655,0.5692576463159109,0.5690771986933305,0.5688535480109954,0.5685864000146269,0.5682756952120207,0.5679208200533422,0.5675215758401408,0.5670768281956798,-2.0,0.5660490099205073,0.5654638191608393,0.5648298197918759,0.5641451866525354,0.5634094643461939,0.56262070138358,0.5617773213574961,-2.0,0.5599196762174758,-2.0,0.5578215875538528,0.5566769053759021,0.5554655123957284,0.5541847613902682,-2.0,0.5514030612294316,0.5498968922086623,0.5483097034187344,-2.0,0.5448777539911985,-2.0,-2.0,-2.0,-2.0,0.5346162535646003,0.5322412905172496,0.5297474648061267,0.5271294969932863,0.5243816403853551,-2.0,0.518472948684612,-2.0,-2.0,-2.0,-2.0,0.5009807570398926,0.49695682721546,-2.0,-2.0,0.4836824259667053,0.47882488000817447,-2.0,-2.0,-2.0,-2.0,0.4508141936631873,0.4443829479961221,0.43764499491294245,-2.0,-2.0,-2.0,0.40732418015367144,0.3988205476232091,0.38991232799541686,-2.0,0.3708048769580284,-2.0,0.34983813296165567,-2.0,0.32683191165890635,-2.0,-2.0,-2.0,0.2738938952982653,0.2590529872884067,-2.0,0.22722577640675018,-2.0,0.19230801780187073,0.1735977297735556,-2.0,-2.0,-2.0,0.08945546600749299,0.0658693272060219,-2.0,-2.0,-2.0,-2.0,-0.06992716052230985,-0.10106677575308043,-2.0,-0.16784263237845387,-2.0,-2.0,-2.0,-2.0,-0.3645144193642389,-0.40961214049967953,-2.0,-2.0,-2.0,-2.0,-0.6692477343480964,-2.0,-2.0,-2.0,-2.0,-2.0,-2.0,-1.1501261823716078,-2.0,-2.0,-1.4089579470599571,-1.5035356637475574,-1.6025937653205045,-2.0,-1.8150101048537188,-1.9288234581985455,-2.0480283730772384,-2.172880255438706,-2.303646599628669,-2.4406075716935725,-2.5840566125180686,-2.0
0.0855383372729865,0.16835089049055213,0.18104502265391428,0.19391194860008842,0.20692009868855063,0.21992340463594506,0.23300157267536695,0.24613380922860875,0.25928749211293806,0.27242972929540094,0.2855263770743698,0.29845665404054467,0.3112282251675509,0.32384604552678004,0.3362797440466866,0.34850309380182953,0.3604960310107992,0.37214484402211523,0.3833579463840702,0.394264579343427,0.40488106299875887,0.41512183536187436,0.424735731528588,0.43408236544970313,0.4430790797412862,0.45136568770699387,0.4595595478243194,0.4669645059498631,0.4743028831055426,0.4808465488192958,0.48741250007936904,0.4931584455854187,0.4988410823508673,0.5041814937288952,0.5088412216174089,0.5135041289793602,-2.0,0.5218702047076259,0.5253814604546665,0.528946890038796,0.5323968398853327,0.5354749855722822,0.5382350963054764,0.5407208817139388,0.5430315244518736,-2.0,0.547733812690631,0.5498378885950017,0.5517502633706984,0.5534917829576357,0.5550801193080679,-2.0,0.5578552184670528,0.5590659629560201,0.5601722773852871,0.5612039398573259,0.5622628979422853,-2.0,0.5643226388370655,0.5652203924978609,0.5660352494160106,0.5667726861473893,0.5674375175249442,0.5680337828399585,0.5685653402569423,0.5690352048906909,0.5694467038864518,0.5698019245779278,0.5701033390028765,0.5703527611165087,0.5705521108065957,-2.0,0.5708053960137054,0.5708616356407373,0.5708721751194832,0.5708374792989824,0.5707585096896104,0.570634924434751,0.5704676518757071,0.5702562365839449,-2.0,0.5697006879873321,0.5693560206580837,0.5689666323174124,0.5685307926982871,0.568048892691672,0.5675197178423828,0.5669422150242515,0.566315338612596,0.5656379798911585,0.5649086901703616,0.5641261309003207,0.5632885492165579,0.5623944601293659,-2.0,0.5604292139977064,-2.0,0.5582137076628125,0.5570064227790851,0.5557296290383951,0.5543800899162339,0.5529555909120789,-2.0,-2.0,0.5482003059646136,0.5464429338623811,-2.0,0.542648637904535,0.5406035528914231,-2.0,0.53619514891551,-2.0,-2.0,0.5287144027720153,-2.0,0.5230872247316681,0.5200636631309856,-2.0,-2.0,-2.0,0.5064159279917074,0.5025788149091331,0.49855619039366295,0.49433914108996013,-2.0,0.48528519146314164,-2.0,-2.0,-2.0,0.4644163930017221,0.4585595698173909,-2.0,0.4459924909650349,-2.0,0.43219668867374855,0.42480149275457124,0.4170538839818727,-2.0,-2.0,0.3915266907527424,0.38219527630731065,0.37242025115352423,0.3621805923353263,-2.0,-2.0,-2.0,-2.0,-2.0,-2.0,-2.0,-2.0,-2.0,-2.0,0.2117914266241493,0.19392845647341322,-2.0,0.15562129973890015,-2.0,-2.0,-2.0,0.06749124736553236,-2.0,-2.0,-2.0,-2.0,-0.06830429347405886,-2.0,-2.0,-0.16621928270678232,-0.2019984523441466,-0.23947294176739675,-2.0,-2.0,-0.3628904114292332,-0.40798801272356855,-0.4552222695630326,-0.5046943737724185,-0.5565103394809838,-0.6107811582900045,-2.0,-0.7271579899081932,-2.0,-2.0,-2.0,-0.9948701640863387,-2.0,-2.0,-2.0,-1.317032709203087,-1.4073326164697368,-2.0,-1.6009683273401651,-1.7047189996124998,-2.0,-2.0,-2.0464027521457826,-2.0,-2.302020894847458,-2.0,-2.5824308369703703,-2.0
0.08309941949353392,0.16128112327598387,0.17389688251934124,0.1866165366784619,0.1995006163899992,0.21252060264015105,0.22564695531613024,0.2387840258369632,0.25190119022539514,0.2650276026599508,0.2781294132799247,0.2911729676209226,0.3041253021176492,0.3169497131485129,0.3295129012783704,0.3418379630484141,0.3539339191967573,0.36577960347371097,0.37736247527965633,0.38861295432436566,0.3993383882903721,0.4097328181585273,0.41985181594026233,0.42947386469731164,0.43853811330505393,0.4474312224741967,0.45562520284916264,0.4635337331202944,0.47097853035910286,0.4780018712627352,0.48456366251447086,0.4909174442226359,0.49652698146779733,0.5022119410782003,0.5072919661468241,0.51187235163636,0.5165533686070212,0.5208151423306567,0.5245642207436383,0.5280462093706341,0.5316316454379111,0.5349500913924836,0.5379152866210349,0.5405776379050997,-2.0,-2.0,0.5476880388246237,0.5499310740890069,0.551966223256464,0.5538163457444855,0.5555016838489393,0.5570386926580723,0.5584418467492519,0.5597231191455551,0.5608934415484275,-2.0,0.5629889650648249,-2.0,0.5650993114610587,0.5660500923234875,0.5669134509581517,0.567695576571056,0.5684013211250438,0.5690354907546108,0.5696019919545815,0.5701045215639023,0.570546004823416,0.5709292152459644,0.5712565933451375,0.5715305937461113,0.5717524598873974,0.5719237764460665,0.5720463816145405,-2.0,0.5721491197351327,0.5721311385776059,0.5720668798854391,0.5719580170730284,0.5718039192446559,0.5716056941065412,0.5713618491051586,0.571073030103654,0.570739017365077,0.5703593266892127,0.5699335937379616,0.5694608785070898,0.5689399919657956,-2.0,0.5677508911543926,0.5670811112103998,0.5663586766627532,-2.0,-2.0,-2.0,-2.0,0.5619081096527468,0.5608370854913305,0.5597015632071626,0.5584992021260912,0.5572261603052606,0.5558807852107284,0.5544602288688663,0.5529614079786249,0.5513806418061653,-2.0,-2.0,-2.0,-2.0,-2.0,0.5399827028020583,-2.0,-2.0,-2.0,0.5302525925665457,-2.0,-2.0,-2.0,-2.0,0.5151117279751019,0.5116234058526475,-2.0,0.5041303136829088,-2.0,-2.0,0.4914740029461231,-2.0,-2.0,-2.0,-2.0,-2.0,0.46012119688769093,-2.0,-2.0,-2.0,0.4337615967730846,-2.0,-2.0,-2.0,-2.0,0.39309483655236654,-2.0,0.37398960087717775,0.36375046630439556,-2.0,-2.0,0.33002048691994224,-2.0,-2.0,0.2912535913122296,0.27708566335619306,0.2622454656849363,0.24670120264815132,-2.0,0.21336569129903638,0.19550302614363152,-2.0,0.1571964224346174,0.13667041951738834,-2.0,-2.0,-2.0,0.044363699743955376,-2.0,-0.008611635838039255,-2.0,-2.0,-2.0,-2.0,-2.0,-2.0,-2.0,-2.0,-2.0,-2.0,-2.0,-2.0,-2.0,-2.0,-2.0,-0.6660442415912002,-2.0,-0.7879342966999214,-0.853243638619462,-2.0,-2.0,-2.0,-1.146921620351526,-1.2292376066904798,-2.0,-2.0,-1.500330623667934,-1.5993886202745597,-2.0,-2.0,-2.0,-2.0,-2.0,-2.0,-2.0,-2.0,-2.0
0.08073004152657436,0.1541802077202515,0.16668388165481673,0.1793951882690615,0.19223055860205984,0.20513087755743012,0.21815809316241497,0.23128096185771457,0.2444689484719137,0.25768750080851655,0.27080888183516033,0.2838684451713362,0.2968553849574442,0.3097358447540429,0.32247758019322464,0.33505107051946575,0.3474067023688355,0.35939511570390176,0.37108994748311486,0.3825009012364494,0.3936268690313066,0.4044076382114553,0.4146009898994297,0.4244690152142208,0.434081317057773,0.4430017367357658,0.45159704946410634,0.4598747654941898,0.4674447468765754,0.4749293956300736,0.4816229598678551,0.48825454485503383,0.49427803730153563,0.49988174289458226,0.5054507335010896,0.5102876575199813,0.5148829785752926,0.5194930993137591,0.5235716806581977,0.527171636183305,0.5306830585080832,0.5342283981082534,0.5374208427324713,0.5402778775495715,0.5428462500392155,0.545177798674528,0.5475202237268427,0.549891181578076,0.5520592796498021,0.5540270018006953,0.5558170010293598,0.5574471891926783,0.5589339412864341,0.5602908142672122,0.5615292329555267,0.5626596141813365,-2.0,-2.0,0.565794397893437,0.5668013687827654,0.567715807752574,0.5685449590585795,0.5692940159314598,0.5699681733156566,0.5705717160179804,0.571108137694579,0.57158102197322,0.5719938830390089,0.5723488660642144,0.5726475507539927,0.5728935080692266,0.5730872053813398,0.5732298756199306,0.5733239864416131,0.573370028112461,0.5733685916343628,0.5733207231651072,-2.0,0.5730866385267683,0.5729011741404644,0.5726700313184862,0.5723930688890927,0.5720702256204657,0.5717010195830987,0.5712848733986795,0.5708212537883368,0.5703093393188663,0.5697481558164534,0.5691364412642507,0.5684736336782317,0.567758173506068,0.5669888186263337,0.5661636042431012,-2.0,0.5643402260656274,-2.0,-2.0,0.561141625079515,0.5599432539824517,0.5586749108262768,-2.0,0.5559171870571997,-2.0,-2.0,-2.0,-2.0,-2.0,-2.0,0.543609312211771,0.5414647343095683,-2.0,0.5368427893587631,-2.0,0.5317438120721499,-2.0,-2.0,0.52310433000279,-2.0,0.5166122305695893,0.5131259160795052,0.5094696196964238,-2.0,-2.0,0.4974013895456727,-2.0,0.4883523099469307,-2.0,-2.0,-2.0,0.46749195966973245,-2.0,-2.0,-2.0,0.44233798808344055,-2.0,0.4278870721173835,0.4201408727899324,0.412025598324827,0.4035238609177059,-2.0,-2.0,-2.0,-2.0,0.3545495603638653,-2.0,0.3315462686387741,0.31921891080928183,-2.0,-2.0,-2.0,0.2637732847677681,-2.0,-2.0,-2.0,-2.0,-2.0,-2.0,-2.0,0.11670154561370888,-2.0,0.07059804976207051,-2.0,-2.0,-2.0,-0.03546529435845225,-2.0,-2.0,-0.12894929873371386,-2.0,-2.0,-0.23636256326606053,-2.0,-2.0,-2.0,-2.0,-2.0,-2.0,-2.0,-0.6076689039872513,-2.0,-2.0,-0.7864005448260933,-2.0,-2.0,-2.0,-2.0,-2.0,-2.0,-2.0,-2.0,-2.0,-2.0,-2.0,-2.0,-2.0,-2.0,-2.1681399740832745,-2.0,-2.0,-2.0,-2.0
0.07842822061337677,0.1472023971120302,0.15959195137968038,0.17212825496955653,0.18486374707643602,0.19777278092499972,0.21080510048472292,0.22383838366373968,0.2369571066029402,0.2501294710393115,0.263322604692031,0.27650335258720343,0.2896303647539285,0.3025778558424427,0.3153840321275637,0.3280348629482082,0.3404998643774367,0.3527525613075418,0.36477295543721444,0.37642924717284154,0.3876643432424671,0.39859195167749617,0.40922728288392435,0.4194747844909175,0.42909957145125555,0.4384588738220204,0.4474585572286935,0.455751061486417,0.4639499492674026,0.47135435369295026,0.4786958059260278,0.4852370605123596,0.49180276001649914,0.49754650636738534,0.5032240828378418,0.5085638210651456,-2.0,0.5178745421390492,0.5223280704852795,0.5262338030208404,0.5297376399451152,0.5332936263073472,0.5367391011182454,0.5398118879190843,0.5425648307670327,0.5450428375940157,0.5473421003396816,-2.0,0.5520242681841443,0.5541195808791249,0.5560221153595692,0.5577530327667677,0.5593294975962929,0.5607672694691755,0.5620782920339501,0.5632746181573485,-2.0,0.5653788744176519,-2.0,0.5674728240562857,-2.0,0.5693207189909898,0.5701155738223554,0.5708317434272383,0.5714737455629231,0.5720461407552379,0.572552432042322,0.5729961778992801,0.5733789566375243,0.5737046840377258,0.5739749408687467,-2.0,0.574356480705608,0.5744708560541133,0.5745355350404241,0.5745522766097032,0.5745204907027094,0.5744420007419271,0.574316653290702,0.5741449700473245,0.5739267082218092,0.5736618773325968,0.5733508221409845,0.5729921157782238,0.5725862418342219,0.572132078012289,-2.0,0.5710765322169538,0.570473401600042,0.5698181769144276,0.5691100309849311,-2.0,0.5675288436382767,0.5666526620609392,0.5657170236361686,-2.0,0.5636602075522988,0.5625344551807128,0.5613409658681094,0.5600774821431552,-2.0,0.5573276170623757,0.5558363768067912,-2.0,0.55260415650934,0.5508568634578695,0.549016577478083,0.5470801492196128,0.5450431692817104,0.5429013476265475,0.5406499830356489,0.5382843892357614,0.5357994903906462,-2.0,-2.0,-2.0,-2.0,0.5213898934935264,0.5180678354865994,-2.0,0.5109286427919139,-2.0,-2.0,0.49886472349498945,-2.0,0.4898184349216853,-2.0,0.4798792152276914,-2.0,-2.0,-2.0,-2.0,-2.0,-2.0,0.43675555008878314,-2.0,0.4216171408056514,-2.0,-2.0,0.3960957294286577,-2.0,-2.0,0.36675480254004134,-2.0,-2.0,-2.0,-2.0,-2.0,-2.0,-2.0,0.26525693070579154,-2.0,0.23343243745131254,-2.0,-2.0,-2.0,-2.0,-2.0,-2.0,-2.0,-2.0,-2.0,-2.0,-2.0,-2.0,-2.0,-2.0,-0.12746128334783724,-2.0,-0.19740002475568652,-0.23487407628950385,-2.0,-2.0,-2.0,-2.0,-2.0,-0.5000932764718212,-2.0,-2.0,-2.0,-0.7225557037802889,-0.7849107818043117,-0.8502199679557824,-2.0,-2.0,-2.0,-2.0,-1.2262131970924441,-2.0,-2.0,-2.0,-2.0,-2.0,-1.808779669952866,-1.9225928279850177,-2.0417975081428663,-2.0,-2.0,-2.0,-2.0,-2.7280694680611948
0.07619203052875606,0.14020099549251772,0.1524733380294096,0.1649852605788145,0.1776158293052026,0.1903756889491879,0.20330032144815463,0.21636060909295995,0.22952748385572702,0.24267815662975298,0.2558334990644547,0.26899731485015016,0.2821354736100254,0.2952140722778539,0.30820003173487104,0.3210492448519853,0.3336298662727872,0.34598346729695,0.3581055702474598,0.36997531435732134,0.38157997603675753,0.392841467098626,0.4035801829379411,0.41398910151659146,-2.0,0.4337460598692231,0.4428176770686502,0.45171640996438134,0.45991080964152137,0.4678216666298009,0.4752650120209484,0.48228751080636334,0.488846004278521,0.49519736900162786,0.5008015924362027,0.5064826128531741,0.5115576734972411,0.5161310284059621,0.5208062082493112,0.5250623572533615,0.528804758793352,0.5322775460656887,0.5358550670020347,0.539166856617966,0.5421244856393971,0.5447781641915069,0.547168954747807,0.5494723634568655,0.5518554925352736,0.5540890758701239,0.5561137179781056,0.5579527243020991,0.5596258873335528,0.5611499225375489,0.5625390054326282,0.5638055413908116,0.5649600440134842,0.5660117821540509,0.5670188854099301,0.5680650070698068,0.5690910019327261,0.570022509228398,0.570865798460887,0.5716262044898559,0.5723090190759572,0.5729190826348202,0.5734603278610733,0.573935823581502,0.5743492167132863,0.5747025465533456,0.5749988511466966,0.5752397689005633,0.5754270484173564,0.5755623064400708,0.5756472962487533,0.5756815133542309,0.5756673316365981,-2.0,0.5754948957665377,0.5753373637003241,0.5751325594971245,0.5748804766598068,0.5745809678368878,0.5742337449297025,0.5738386506034857,0.5733943246154104,0.5729009614749909,0.572357642365269,0.5717626883856385,-2.0,0.5704144292030803,0.569659260493296,0.5688470995125361,0.5679776184187384,0.5670479364648195,0.5660568112668131,0.565002301657215,0.5638816755652343,-2.0,-2.0,0.5601014659486134,-2.0,0.5572055246021934,-2.0,0.5539808172953679,0.5522367417473611,0.5504002486911728,-2.0,0.5464326150475519,-2.0,0.542044877974262,0.5396818231194624,-2.0,-2.0,-2.0,0.5289808884605627,0.525964898963018,-2.0,-2.0,0.5159970804553633,0.5123440428541393,-2.0,0.5044962221351733,-2.0,-2.0,-2.0,-2.0,-2.0,-2.0,-2.0,-2.0,-2.0,-2.0,-2.0,-2.0,0.43079501416366217,-2.0,-2.0,-2.0,-2.0,0.3882020410341389,0.37842931039415445,-2.0,0.35746770195559885,-2.0,-2.0,-2.0,-2.0,-2.0,-2.0,-2.0,-2.0,-2.0,-2.0,-2.0,0.18125050635854745,-2.0,-2.0,-2.0,-2.0,-2.0,-2.0,0.022951685151074597,-2.0,-0.03253311638206591,-2.0,-2.0,-2.0,-2.0,-2.0,-2.0,-2.0,-2.0,-2.0,-0.40194128952407204,-2.0,-2.0,-0.5504622650015427,-2.0,-2.0,-2.0,-2.0,-0.8487726153949795,-0.917175923389075,-2.0,-2.0,-2.0,-2.0,-2.0,-2.0,-1.4958581276882303,-2.0,-2.0,-2.0,-1.9211448934511244,-2.0403495802029683,-2.165201241337123,-2.295967373999323,-2.4329281401110716,-2.0,-2.726621267665652
0.07401959996915641,0.1333283648233074,0.1454763030271218,0.15778692772842662,0.1703303352429755,0.18308158838998917,0.19593355225758544,0.20887291563086471,0.22193873665665168,0.23510001621255328,0.24832566736029282,0.26157342185899685,0.27471689808829275,0.2878107790279496,0.3008304213751564,0.31374203127370864,0.32651318814703906,0.33911386108924385,0.35148741217083335,0.3634928798121063,0.3752085037061752,0.38663776324860355,0.39777947576450995,0.4085697796890448,0.4187717135951332,0.4286479326745104,0.4382659896648981,0.4471889544050307,0.45578548221005094,0.4640642935562506,0.4716313376474851,0.47911490546766844,0.48580310437378826,0.4924320814979743,0.4984480905719112,0.5040470314783632,0.509609912141689,0.5144387023959861,0.519027009787469,0.5236304456323498,0.5277007664675024,0.5312915087938062,0.5347942029163494,0.5383309777345662,0.5415149031045629,0.5443624411252622,0.5469205794636147,0.5492408189066368,0.5515707178205171,0.5539307583507065,0.5560878160694144,0.5580438037863709,0.5598211123108826,0.5614378244369779,0.5629103629491865,-2.0,0.565474234796056,0.5665875569125672,0.5676034265763668,0.5686155588613562,-2.0,-2.0,0.571544669154487,0.572352165849148,0.573078065731941,0.5737277735755054,0.5743056408952719,0.5748151181715417,0.5752597826888011,0.5756426002582595,0.575965845555293,0.5762318794890786,0.576442763204549,0.5765999791960248,0.5767050943468108,0.5767590759133121,0.5767632734181982,0.5767174043933728,0.576623180290073,0.5764807118114593,0.5762896960612497,0.5760506630840149,-2.0,0.5754280468543855,0.5750436440350808,0.5746101624140242,0.5741261742941677,0.5735917067354717,0.5730055437735283,0.5723673050155331,0.571674024131592,-2.0,0.5701208146209116,0.5692576731822917,0.5683344536535646,0.5673493416689621,0.566300301780797,0.56518548821788,0.564001730858185,0.5627472692202711,-2.0,0.5600155709190547,0.5585319084352326,0.5569661957553719,0.555315052837744,-2.0,0.5517408823806251,0.5498109723059378,0.5477797311728108,0.5456435452686329,0.5433978092504199,0.541037182934204,-2.0,0.5359523201124909,0.5332170403706966,-2.0,0.5273316920343664,-2.0,-2.0,-2.0,-2.0,-2.0,-2.0,0.5016630335310753,0.49724904864266317,0.4926218309849201,-2.0,-2.0,-2.0,0.4717751399454724,0.4659232163039678,-2.0,-2.0,-2.0,0.43957776250275477,-2.0,-2.0,-2.0,-2.0,0.3989253031359892,-2.0,0.37982497385699193,-2.0,0.3588646035000256,-2.0,-2.0,-2.0,-2.0,-2.0,-2.0,0.26809771113387076,-2.0,-2.0,-2.0,-2.0,-2.0,-2.0,-2.0,-2.0,-2.0,-2.0,-2.0,-2.0,-2.0,-2.0,-2.0,-2.0,-2.0,-2.0,-2.0,-2.0,-2.0,-2.0,-2.0,-2.0,-2.0,-0.497240768941286,-2.0,-0.6033264823978697,-2.0,-0.719702323579545,-2.0,-2.0,-0.9157692541938635,-0.9874128363289515,-1.0624504895255318,-1.1410429747983286,-2.0,-2.0,-2.0,-2.0,-2.0,-2.0,-2.0,-2.0,-2.0389421238263177,-2.0,-2.2945598127676825,-2.0,-2.5749693698065705,-2.7252135914640356
0.07190911098669456,0.1264618471861224,0.1384653521458233,0.15073815214440717,0.1631454716911729,0.17571982326282892,0.18849434662404027,0.20144201811244664,0.21449292163584524,0.2275629858973709,0.24071834680508947,0.25392653324088016,0.2671544340354359,0.28036866451606063,0.29352040087516745,0.3064900880149006,0.31932500079905624,0.33200255993907485,0.34449204527342303,0.3567669702400529,0.3688067837259097,0.3804743781873402,0.3917239458320085,0.40266360601661194,0.41330834358582846,0.42356284024180557,0.43319172941065637,0.4425523657116147,0.4515552180934314,0.45984502940021504,0.46804148800402057,0.47544298649134864,0.48277868830138715,0.489314673989997,0.4958746387088614,0.5016088648681043,0.5072828591770038,0.512611750868375,0.5172569073744645,0.521907247657478,0.526350622240503,0.5302456857156285,0.5337391045276554,0.5372869854317099,0.5407224041181058,0.5437842462865193,0.5465263763146087,0.5489925553112421,0.5512793820420625,0.5536371647858639,0.5559376729778163,0.5580207143298942,0.5599098311737534,0.5616268521428349,0.5631884269561357,0.5646104598146687,0.5659051280924915,0.5670840412450915,-2.0,0.5691502255476901,0.5701685152779302,-2.0,0.5721508301595295,0.573007594412939,0.5737791724775916,0.5744707684242585,0.575087073000824,0.5756322096199508,0.576109901224472,0.5765231871630476,0.5768749165625229,0.5771674765092588,0.5774030043623422,0.5775832107637331,0.577709673641903,0.5777836587639946,0.5778063146287754,0.5777784084132934,0.5777007832638132,0.5775734460031776,0.5773970980165044,0.5771718467799631,0.5768980743676461,0.5765740763783715,0.5762012372460533,0.5757783951331034,0.5753048670769192,0.574780056655013,0.5742028126013206,0.5735722027000744,0.5728874246612504,0.5721469460504783,0.5713494393531984,0.5704932002243663,0.569576314085127,-2.0,0.5675545193023099,0.5664446381370403,-2.0,-2.0,0.5626936739893089,0.5612940131684635,0.5598149041435944,0.5582535354185064,0.5566059376902512,0.5548687922769557,0.553039100411478,0.5511120039426377,0.5490841312980042,-2.0,-2.0,-2.0,0.5398726482972236,-2.0,-2.0,0.5316679393768626,-2.0,0.5254953034940801,-2.0,-2.0,-2.0,-2.0,-2.0,-2.0,-2.0,0.49396166602818925,-2.0,0.48402963149220257,-2.0,-2.0,-2.0,-2.0,-2.0,0.44798087537445924,-2.0,-2.0,0.42579338629836216,-2.0,-2.0,-2.0,-2.0,-2.0,-2.0,-2.0,-2.0,-2.0,-2.0,0.3119846018105399,-2.0,0.28429487787271984,-2.0,-2.0,0.23763441822215775,-2.0,-2.0,0.18401313176328304,-2.0,-2.0,-2.0,-2.0,-2.0,0.05159139296000881,-2.0,-2.0,-2.0,-2.0,-2.0,-0.12324765807623406,-2.0,-2.0,-2.0,-2.0,-2.0,-0.35407391439405034,-2.0,-2.0,-2.0,-2.0,-2.0,-0.6588025441307869,-2.0,-2.0,-2.0,-2.0,-0.9860469684180118,-1.0610845337753099,-1.1396769501296533,-2.0,-2.0,-2.0,-2.0,-1.592142345548354,-1.6958926864946375,-2.0,-2.0,-2.0,-2.0,-2.293193145699094,-2.0,-2.0,-2.0
0.06985879746785245,0.11970561596944486,0.1315990134749826,0.14364603769328385,0.15595630306416342,0.16850666778933496,0.18115647331577833,0.19395367520977858,0.20691564440438603,0.22001265696724273,0.23321451398281764,0.24638505006776443,0.25957448089253593,0.2727711618973052,0.2859409856745911,0.2990491837108194,0.31206301234666695,0.32493384603193226,0.33753361410477556,0.3499091627610057,0.36205032386469715,0.37393693127045324,0.38555507308300047,0.39682763065558607,0.4075748295489747,0.4179892749887967,0.42812382121765474,0.4377554617943564,0.4468243320811706,0.45571958792548223,0.46391461533624634,0.4718152678791455,-2.0,0.4862681807343702,0.4928255223200899,0.49916425022616756,0.5047605142146799,0.5104349434173583,0.5154960820234896,0.5200608887143612,0.5247289076724574,0.5289722681723006,0.5327019394514522,0.5361650816143786,0.5397336610199618,0.5430334818913127,-2.0,0.5486198136874648,0.5509973880225183,0.5532882414499032,0.5556590463238834,0.5578795347034412,0.5598902425317546,-2.0,0.563372987818433,0.5648806046894248,-2.0,0.5675014560654923,-2.0,0.5696696070613756,0.5706556913537216,0.5716800553896864,0.5726850535974093,-2.0,0.5744137779155408,0.5751496585529514,0.5758065907431297,0.576389430447485,0.5769014377150192,0.5773468772504411,0.577728407636773,0.5780489229685329,0.578309983258285,0.578514171177096,0.5786629723789353,0.5787579552297543,0.5788001434799062,0.5787906335141104,-2.0,0.5786188271204786,0.5784577737237414,0.5782466919297601,0.5779862657187725,0.5776748137802438,0.5773136840029971,0.5769019537482103,0.5764394995896758,0.5759238496326426,-2.0,0.574734649315525,0.5740581899179268,-2.0,0.5725357007480381,0.5716862875032784,0.57077650612145,0.5698038187148426,0.5687664823876556,0.5676626614335267,0.5664897162512335,0.5652454377198545,0.5639273955110555,0.5625324075174614,0.561057761585712,0.5594999033067298,-2.0,0.5561237573696582,0.5542971955047719,0.5523736297332837,0.5503490896080211,0.5482189831909602,0.5459784420469584,0.5436234740078322,-2.0,-2.0,-2.0,-2.0,0.5299415806909241,-2.0,-2.0,-2.0,0.5163430494789009,-2.0,-2.0,0.5042977230731275,-2.0,-2.0,-2.0,-2.0,-2.0,0.47442530363284974,-2.0,-2.0,-2.0,0.44929060617797684,-2.0,-2.0,-2.0,-2.0,-2.0,-2.0,-2.0,-2.0,-2.0,-2.0,-2.0,0.3385396071801031,-2.0,-2.0,-2.0,-2.0,-2.0,0.25523550149811514,-2.0,0.2219042519968527,-2.0,0.18533573554313676,-2.0,-2.0,-2.0,0.10120222873952756,-2.0,-2.0,-2.0,-2.0,-2.0,-2.0,-2.0,-2.0,-2.0,-2.0,-2.0,-2.0,-0.3096905420928402,-2.0,-2.0,-2.0,-2.0,-2.0,-0.6006336429763772,-2.0,-2.0,-2.0,-0.8446727552133656,-2.0,-2.0,-2.0,-1.1383488072653196,-1.2206643713154492,-1.3068795246636664,-2.0,-2.0,-2.0,-1.694564139156315,-2.0,-1.9170422889364747,-2.0362468060612664,-2.0,-2.2918643302470842,-2.0,-2.572273690572204,-2.722517844705205
0.06786694365554635,0.11300675751702953,0.12470708062775257,0.13670409550710283,0.14887257886248564,0.16121990105350997,0.17380041284493145,0.18658888492587286,0.19946167269269408,0.21243670596519448,0.22553770674222856,0.2387337141059992,0.2519930953536047,0.2652662861255939,0.27843554400521164,0.2915587331611834,0.3046060657920721,0.31754328427655665,0.3303376051830723,0.3429592672180285,0.35534981691779444,0.36737074367915246,0.37909992862814784,0.39053940921471336,0.40168847611404335,0.4124873707690768,0.4226935004689831,0.43256813432601815,0.4421855021746813,0.45111035177088826,0.4596967044119722,0.4679767338994768,0.47553144864022856,0.4830111490363574,0.4896861847530627,0.49631172478226987,0.5023088714494103,0.5079044612276017,0.5134549279619408,0.5182670547598772,0.5228502442204535,0.527442395291053,0.5314980046898143,0.5350749646922942,0.5385688794156879,0.542094638847912,0.5452648728698057,0.5480985703516791,0.5506425273842733,0.552948653172959,0.5552663305019366,0.557613059459413,0.5597553903738511,0.5616962530045427,0.5634575307703837,0.5650578609150129,0.566513045726964,0.5678362636808868,-2.0,0.5701331568672404,-2.0,0.5721186762077384,0.5731443293815277,0.5741089570536191,0.574979221971853,0.5757615598403821,0.5764613436361284,0.5770834703075315,0.5776322676403721,0.5781114625557193,0.5785242703054897,0.5788737607690738,0.5791617017834001,0.5793910356219776,0.5795633666631049,0.5796802576371825,0.5797427384513051,0.5797522589916166,-2.0,-2.0,-2.0,0.5792737777389368,0.5790264609354149,0.5787287384101075,0.5783799602221352,0.5779795983698316,-2.0,-2.0,0.5764648226464606,0.5758525706632635,0.5751849960110853,0.574460401638487,-2.0,0.5728361557128812,0.5719332315476463,0.5709672010112171,0.5699361069651241,0.5688386381218604,0.567670846075303,0.5664322034550392,-2.0,0.5637286439188911,0.5622582018787043,0.5607053265553026,0.5590655142203114,0.5573362682040192,0.555513715802094,0.553593660814682,0.5515723558725294,0.5494454697722954,0.5472082461060258,-2.0,-2.0,0.5397867788280019,-2.0,0.5341940784015272,0.5311865553366107,-2.0,-2.0,-2.0,-2.0,-2.0,-2.0,-2.0,-2.0,-2.0,-2.0,-2.0,-2.0,-2.0,-2.0,-2.0,-2.0,-2.0,-2.0,0.43612039141447023,-2.0,0.42026828128680505,-2.0,-2.0,-2.0,-2.0,-2.0,-2.0,-2.0,-2.0,-2.0,-2.0,-2.0,-2.0,-2.0,0.2565175919581135,-2.0,-2.0,-2.0,-2.0,-2.0,0.1465005571896203,-2.0,-2.0,0.07890311266589167,-2.0,-2.0,-2.0,-2.0,-2.0,-0.08802168325372217,-2.0,-2.0,-2.0,-2.0,-0.2672943834881596,-2.0,-2.0,-2.0,-2.0,-2.0,-2.0,-2.0,-2.0,-0.7157207111100788,-2.0,-0.8433840135296728,-0.911786748122606,-2.0,-2.0,-1.1370597144905923,-2.0,-2.0,-1.3958896545901571,-2.0,-1.5895242161351384,-1.6932746191852948,-1.8019397647161552,-2.0,-2.0,-2.0,-2.290574539884065,-2.0,-2.0,-2.7212279163986253
0.06593188271333544,0.10637646494688772,0.1180046668691159,0.12975305315672075,0.14179273580656168,0.15410236142827793,0.16653163370767507,0.179141992080771,0.19195215500644322,0.2049354289385285,0.21800879697866327,0.2311126440835387,0.24430091733686654,0.25754088822892635,0.2707991894226053,0.284042194138841,0.297217310187061,0.31020995979084587,0.32306816494726476,0.335766594392724,0.3482743364869602,0.3605646773286452,0.37261706226334435,0.3842992117406464,0.39555614838804937,0.40649961857669287,0.4171448675102254,0.42740658316941155,0.4370333635388868,0.44638599581780136,0.4553908433145731,0.4636704462811227,0.4718573523965763,0.47925395236622337,-2.0,0.49310389622652495,0.4996528276708299,0.5053704640564795,0.5110421921356749,0.5163512746184508,-2.0,0.5256280709150201,0.530054133411023,0.5339326275122152,0.5374134253509429,0.5409537792277864,0.5443739947373276,0.5474206308667191,0.5501474294257599,0.5525980561816434,0.5548712609462834,-2.0,0.5595020160273197,0.5615688249616159,0.5634418008574336,0.5651414802684664,0.5666850696442073,0.5680886355804892,0.5693637196685297,0.5705223349778041,0.5715738855930588,0.572545515517041,-2.0,0.5745528482973309,0.5754767827582593,0.576308344048167,0.5770532871369461,0.5777171111403367,0.5783044970949294,0.5788188686657514,0.5792644836794144,0.5796441859449928,0.5799606196095275,-2.0,0.5804130073652989,0.5805526504341899,0.5806367786743141,0.580666041435372,0.580641974625948,0.580565138323912,0.5804360859389315,-2.0,0.58002260210156,0.5797385778824061,0.5794024137136075,0.5790142043573911,0.5785734615333034,0.5780794235649814,0.5775315241945532,0.5769286811143831,-2.0,0.5755540809930242,0.5747797511103453,0.5739455670681289,0.573049630080379,0.5720906256382391,-2.0,0.5699741596431774,0.5688125088357622,0.5675790307587447,0.5662710010064145,0.5648856836569527,0.5634202136940891,0.5618717349277071,0.560236486054187,-2.0,0.556692100439078,0.5547758543711314,0.5527579997012487,0.5506342309689976,-2.0,0.5460512694211996,0.5435818113245925,-2.0,-2.0,0.5353993724348903,-2.0,0.5292398536100587,0.52592944355238,-2.0,0.5188119102814833,0.5149895612333587,-2.0,-2.0,-2.0,0.49774725362194394,0.4929023217205898,-2.0,-2.0,-2.0,-2.0,-2.0,0.4585237508695329,-2.0,-2.0,-2.0,0.42961548200420197,-2.0,0.4130089892461472,-2.0,0.39478198307568646,-2.0,-2.0,-2.0,-2.0,0.34106129843995825,-2.0,0.31582817047661826,0.3023057710913559,-2.0,-2.0,-2.0,-2.0,0.22443360692389824,-2.0,-2.0,-2.0,-2.0,-2.0,-2.0,0.08015210147560647,-2.0,0.029577626554200265,0.002478599103309831,-0.025904888133112758,-2.0,-0.0867713535810889,-2.0,-2.0,-2.0,-2.0,-2.0,-2.0,-2.0,-2.0,-2.0,-2.0,-2.0,-2.0,-2.0,-2.0,-2.0,-2.0,-2.0,-2.0,-2.0,-2.0,-2.0,-2.0,-1.3946363574999505,-2.0,-2.0,-2.0,-2.0,-2.0,-2.033703401421577,-2.1585548575964313,-2.289320755286008,-2.0,-2.0,-2.0
0.06405199533056867,0.09987575535194461,0.11124156422553749,0.12292921003406358,0.1348457892026122,0.14692789929324848,0.15927375250071235,0.17186010783486283,0.1845331175078841,0.1973648343812334,0.21036070141197047,0.22349142201090497,0.2367239169164442,0.24991936283230234,0.26313889616174974,0.27636415459036284,0.2895605383542262,0.3026937285050301,0.31573016167723944,0.3286214516186484,0.34124006871579393,0.35363095216340945,0.3657852761250093,0.37768088453470866,0.38930561174119827,0.4005891933716894,0.41134067460593443,0.42175210635617233,0.4318802817406166,0.4415212204546142,0.45057679287143504,0.4594606034073244,0.467656941501122,0.47553573721295256,0.4829841270463744,0.4899651482287007,0.49652381058128486,-2.0,0.5084261601394942,0.5140911236865305,0.5191300495912176,0.5236850402738085,0.5283437813141818,0.532568222357365,0.5362796684558103,0.5397325066605533,0.543290957976266,0.5465738329664428,0.5495027211945561,0.5521268112395372,0.5544876959496239,0.5567657385013657,0.5591230739495024,0.561326610150339,0.563319989849675,0.5651266140543045,0.5667662082854528,0.5682551813956642,0.5696072879531816,0.5708353698351322,0.5719501107084073,-2.0,0.5739231490332624,0.5749246673756079,0.5759051255688874,0.576788713855128,0.5775814456914399,0.5782891123580169,0.5789169038667717,0.5794689351740214,0.5799486680142338,0.580360248668663,0.5807063710696729,0.5809895541758879,0.5812120028600469,0.5813755632581454,0.581482150978165,0.5815320874902778,-2.0,0.5814687078850928,0.5813571146083789,0.5811919251983496,0.5809743430463911,-2.0,0.5803815300928064,0.5800057316205499,0.5795767479892144,0.5790938927661466,0.5785566245155577,0.577963813520899,0.5773142442126823,0.5766070170843367,0.5758410119039412,-2.0,0.5741262192579253,0.5731740086959081,0.5721561705820201,0.5710706125157724,0.569915340174351,0.5686876082587373,0.5673849602160894,0.5660048939496756,0.5645438182171323,0.5629996703516245,0.5613687738351444,0.5596478506899978,0.5578331862780737,0.5559201987966063,0.5539058945289266,0.5517855868069599,0.5495547666527534,0.5472086846795353,0.5447423435255018,-2.0,-2.0,0.5365680586149084,-2.0,-2.0,0.527104681813322,-2.0,-2.0,-2.0,0.5121636020025432,0.5079615326199715,-2.0,0.4989349815885906,-2.0,-2.0,-2.0,-2.0,-2.0,-2.0,-2.0,-2.0,-2.0,-2.0,-2.0,0.42270698820545183,-2.0,-2.0,-2.0,-2.0,0.37598333962300434,-2.0,-2.0,-2.0,-2.0,-2.0,-2.0,-2.0,-2.0,-2.0,-2.0,-2.0,-2.0,0.1890781802942132,0.16948414723594307,0.14896085343517063,-2.0,-2.0,-2.0,-2.0,-2.0,-2.0,-0.024690593199212962,-2.0,-2.0,-0.11816977776691329,-2.0,-2.0,-2.0,-2.0,-2.0,-2.0,-2.0,-2.0,-0.4907920050356367,-0.5426067929245236,-2.0,-2.0,-2.0,-2.0,-2.0,-2.0,-2.0,-2.0,-2.0,-2.0,-1.3031192792009332,-2.0,-1.4879955709139723,-1.5870530097521431,-1.690803097794713,-2.0,-2.0,-2.0,-2.1573365989595197,-2.0,-2.0,-2.56851152623173,-2.0
0.06222570836730228,0.09337954073423692,0.10467602332174045,0.11615172312623669,0.12788654507546685,0.13991886156071554,0.15211170743333222,0.16449351703051632,0.17710861363722671,0.18993147406445987,0.20282925787466988,0.21583703730417314,0.22897003364211266,0.24219698723160474,0.2554857834074603,0.26878508040622706,0.28197999191711387,0.2951280687540322,0.30819816196607525,0.32115579167248376,0.33396782940771225,0.34660444554174524,0.3590115597792729,0.37104601217684785,0.38278154162120887,0.39422429312719737,0.40537289941926014,0.41617884569816005,0.4263857988087022,0.4362499079044213,0.44585987113756326,0.4547864200026313,0.46335228100443276,0.47163274927667453,0.4791672223505486,0.4866400058000595,0.4932941346319569,0.4999159301654933,0.5058837467990414,0.5114777446092046,-2.0,0.521797970235812,0.5263775754098946,0.5309532236889207,0.5349882020522411,0.5385470063938037,0.542033152099715,0.5455444119092485,0.5486964773632502,0.5515120333130888,0.5540381841802764,0.5563277760514848,0.5586329701007388,0.5609638068914854,0.5630880101583344,0.5650103619944906,0.566752568409301,0.5683329470688613,0.5697677658206448,-2.0,0.5722515682006075,0.5733222843135276,-2.0,0.5752611862124543,0.5762628507844069,0.5772016213598342,0.5780448112667763,-2.0,0.579468837481272,0.580059969836153,0.5805763418766928,0.5810214629317256,0.5813986617035536,0.5817106669457767,0.5819603954266039,0.5821484882956985,0.5822779191878753,0.5823498523913019,0.5823656022073119,0.5823259338549119,0.5822317467761011,0.5820835959431878,0.5818821811562827,0.5816262339208996,-2.0,0.580954726117404,0.5805383600806207,0.580066619297639,0.5795402180798458,0.5789572305267522,0.5783175520641027,-2.0,0.576862183333713,-2.0,0.5751632304571254,-2.0,-2.0,-2.0,-2.0,0.5697574714104607,0.5684600906225938,0.5670856711143333,-2.0,-2.0,0.562463745567151,-2.0,0.5589361011048503,0.557027620936442,0.555016754102236,0.5528999359185278,0.5506725928687944,0.5483295050223145,-2.0,-2.0,-2.0,0.5376997708906518,-2.0,0.5315496984428165,0.5282436728511617,-2.0,0.521134289766313,-2.0,0.5133109440112974,0.5091103628730657,-2.0,-2.0,0.4952449020794337,0.49016900280228193,0.4848483259875405,-2.0,-2.0,-2.0,0.4608814277570238,-2.0,0.4471056610545748,0.439719791636518,-2.0,-2.0,0.4153780145346612,-2.0,-2.0,-2.0,-2.0,-2.0,-2.0,0.343440060182567,0.33111737135378677,0.31820917582876895,0.30468782279732176,-2.0,-2.0,-2.0,-2.0,0.22682020141279835,-2.0,-2.0,-2.0,-2.0,0.1286418714078505,-2.0,-2.0,-2.0,0.03197014785716101,-2.0,-2.0,-0.05323963644320029,-2.0,-2.0,-2.0,-2.0,-0.2243983336299672,-2.0,-2.0,-0.3478108530696672,-0.3929069563992206,-2.0,-0.4896105201579275,-0.5414251688358949,-0.5956947388653762,-2.0,-0.7120692410407086,-0.7744235084215081,-2.0,-2.0,-2.0,-2.0,-2.0,-2.0,-2.0,-2.0,-2.0,-2.0,-2.0,-2.0,-2.0,-2.0,-2.0,-2.0,-2.0,-2.0,-2.0
0.060451493537854416,0.08707304652326812,0.0981077449521475,0.1094553262399421,0.12110908551702783,0.13289094260825185,0.14496481029538053,0.15730896047367474,0.1697639349679059,0.1824075262745895,0.19525100490063285,0.2082667646360652,0.22136674923762012,0.23450115326678686,0.24771882166332593,0.26098675853014297,0.2742713371267683,0.2875386735927268,0.30073761836820295,0.3137521765753792,0.3266286865743629,0.3393423758904081,0.3518625149126714,0.36416206167843057,0.3762203792183387,0.38791981406829285,0.399177885173455,0.4101174036184761,0.4207550387401744,0.43102291807975046,0.44064304958599293,0.4499768266451671,0.4589835279090972,0.46724687019385314,0.47541663328472855,0.4828069687543538,0.4901055617345603,0.49662544689681404,0.5031572380384983,0.5088530505832657,-2.0,0.5198033202472403,0.5244164450391978,0.5290586975598701,0.5334608887614193,0.537317225062173,-2.0,0.5443163707529288,0.5477164532288096,0.5507437092441646,0.5534510635675591,0.5558826021463498,0.5581406628349591,0.5604737314202629,0.5627399617273126,0.5647872000995808,0.5666401717447146,0.5683193846044096,0.5698423488784852,0.5712243220405557,0.5724775601696541,0.5736127198987854,0.574640070068517,0.5755877400200892,-2.0,0.5775454783873818,0.5784420635658728,0.5792449333362883,-2.0,0.5805925685516526,-2.0,0.581627415630374,-2.0,-2.0,0.5826569261576076,-2.0,0.5830251802555726,-2.0,0.5831569286512733,-2.0,0.5830613374737501,0.5829305088570882,0.5827449121162629,0.5825048163186047,0.5822103619214253,0.5818611828134852,0.5814570550555618,0.5809977216300272,-2.0,-2.0,0.5792806733259127,0.5785927005470264,0.5778438894545054,0.5770344596320264,0.5761611090607209,0.5752237858437491,-2.0,0.5731478990401152,0.572005013105299,-2.0,0.5694976944454131,0.568128226100588,0.5666777656665298,0.5651432826654037,0.5635215667085135,0.5618091822789089,0.5600025406863075,0.5580982585728436,0.5560909759122904,0.5539777607680976,0.5517536820250754,0.5494142651137266,-2.0,0.5443676989368834,0.5416503037831181,-2.0,0.5357980298466596,0.5326506533046105,-2.0,0.5258797805527701,-2.0,-2.0,0.5144218695976613,-2.0,0.505820149450839,0.5012033754331185,-2.0,-2.0,0.4859692975055068,0.4803937794429821,0.47455006926234955,0.46842565259872815,0.462007411960054,0.4552816394976816,-2.0,0.4408489550355502,-2.0,0.4250039821732672,-2.0,0.40761084666132663,-2.0,0.3885204268501415,-2.0,-2.0,0.35634002246132734,-2.0,-2.0,0.3193473529721257,-2.0,0.2916638894965082,-2.0,-2.0,0.24501106288518698,-2.0,-2.0,-2.0,-2.0,-2.0,-2.0,0.10726968046835283,-2.0,0.05898615353808978,-2.0,-2.0,-0.022366635992555395,-2.0,-2.0,-2.0,-2.0,-2.0,-2.0,-0.26250047682492594,-2.0,-2.0,-2.0,-0.4389928684199442,-0.4884634831814969,-0.5402779916486267,-0.5945474271454214,-0.6513880591824708,-0.7109216795914308,-2.0,-0.8385841049906875,-0.9069864299030308,-0.9786293601089724,-2.0,-2.0,-1.214573423048348,-1.300788175116175,-1.3910872531451484,-2.0,-2.0,-2.0,-2.0,-1.9109488970483275,-2.0,-2.1550043835356645,-2.0,-2.0,-2.0,-2.0
0.0587278661318948,0.08074964031946279,0.09167500190294411,0.10288159303948681,0.11428018945517278,0.1260015673716932,0.13794480392013406,0.15006019903243686,0.16243938160972368,0.17505886305010282,0.18775927887798327,0.20062285802103225,0.2136499590239277,0.22681091386169253,0.24007221142015794,0.25329497223033015,0.26654085283744056,0.279790755140496,0.29300954685422004,0.30616289640867617,0.31921693304907345,0.33212746376482166,0.34476477062609956,0.35716557122941694,0.3693264088996551,0.38122502172956635,0.39284901346257173,0.4041423066758186,0.4148954821282128,0.42529536111524413,0.43540819495125777,0.4450607392461277,0.4540954446128214,0.46295847976414684,0.4711578612499932,0.4790039889519422,0.4864582160057722,-2.0,0.49996221719032263,0.5062462559066229,0.5118206128213127,0.5174728354593583,0.5224819692773169,0.5270263582538439,0.5316737011528471,0.5358729772346137,0.5395611863073049,0.5430034302097357,0.5465499659232976,0.5498114619925428,0.5527193632231822,0.5553231776959034,0.5576637028066332,0.559928861642128,0.5622712035699966,0.5644542182658996,0.5664269632137998,0.5682125215642845,-2.0,0.5712971727336866,0.5726265295140818,0.573831082783035,-2.0,0.5759056634605167,-2.0,0.5778215318543324,0.5787744510437184,0.5796290672772204,-2.0,0.5810676822646641,0.5816623034136398,0.5821797733564955,0.5826239440103718,-2.0,0.5833046288448902,0.5835468922679518,0.5837261186028389,0.5838444887915385,-2.0,0.583904463233828,0.5838479944137023,0.5837352716366939,0.5835667832713536,0.5833424702712752,-2.0,0.5827277692184163,0.5823376668269984,0.5818900343856342,0.5813863461400081,0.5808252939915314,-2.0,-2.0,0.5787883752907018,0.5779872290390548,0.5771230540361759,-2.0,0.5751968736512507,0.5741315782823789,0.5729953709883792,-2.0,0.5705003908537432,0.5691368978696494,0.5676914879121364,0.5661620555946894,-2.0,0.5628373456116407,0.5610350461292689,0.5591344617588714,0.5571315202676258,0.5550225025416933,0.5528016939350485,0.5504652243109125,-2.0,-2.0,0.5427108204956624,-2.0,0.5368636790238575,-2.0,0.5304177081812209,-2.0,-2.0,0.5195024145770349,-2.0,0.5113039226316024,-2.0,-2.0,0.49744876686586703,-2.0,-2.0,-2.0,-2.0,-2.0,-2.0,-2.0,-2.0,-2.0,-2.0,-2.0,0.4176099865626632,0.40871176399653786,-2.0,-2.0,-2.0,-2.0,0.3574446766601489,-2.0,-2.0,-2.0,-2.0,-2.0,-2.0,0.2623969826055018,-2.0,-2.0,0.2112134005940896,-2.0,-2.0,-2.0,-2.0,-2.0,-2.0,-2.0,-2.0,-2.0,-2.0,-2.0,-2.0,-2.0,-2.0,-2.0,-2.0,-0.2613856806604762,-2.0,-2.0,-2.0,-0.4378774102513576,-2.0,-2.0,-2.0,-2.0,-2.0,-0.7721595357407034,-0.8374676977827964,-0.9058699137050068,-0.9775127371060224,-2.0,-1.1311414640768995,-1.2134565144639482,-2.0,-1.3899701734923753,-1.4845469661186186,-2.0,-1.6873540584795887,-1.7960188810101898,-1.909831458308798,-2.0,-2.153886819280289,-2.0,-2.421612710208121,-2.0,-2.7153051299077386
0.057053383771999505,0.07457970378458319,0.08534116595287364,0.09632071278633582,0.10765030123350285,0.11915256035356774,0.13092012672507122,0.14298567080940908,0.15520649293933944,0.1676206020965611,0.18026786589661797,0.19312244201925127,0.2060489498158123,0.21908664826014615,0.2322484939733876,0.24550297338671798,0.25881770194752723,0.2721440594754767,0.2853634117390559,0.2985321434483841,0.31162051719590717,0.3245934313662746,0.3374182457731723,0.3500640016474222,0.3624858007100432,0.37453339765896065,0.3862690294459506,0.397707974824815,0.4088488333800712,0.4196586640239271,0.4298648917942317,0.43970986664466016,0.4493047890086509,0.4582345839956708,0.46677003752276347,0.47504881077770295,0.48255690385570343,0.4900187011137179,0.49664690738308503,0.5032623630717117,-2.0,0.5147859586657465,0.5202918189866556,0.5250513519372357,-2.0,0.5341825440740169,0.5381911402195781,0.5417276793967208,0.5452068782606508,0.548700223913209,0.5518294314280685,0.5546231290784153,0.5571277415187819,0.5593986571882504,0.5616910186384467,-2.0,0.5661059117412421,-2.0,0.5697261881784204,0.5712837563299673,0.5726951227710588,0.5739734143219697,-2.0,0.5761749811076927,-2.0,0.5780628857020107,0.5790383509436238,0.5799476900336467,0.580760336854749,0.5814824425661361,0.5821193864902318,-2.0,0.5831562365327903,0.583563274856949,-2.0,0.5841717365261846,0.5843776194642075,0.5845208019868894,0.5846030439795638,0.5846255179606361,0.5845893978961771,0.5844955840746562,0.5843446092576502,0.5841370116078718,0.5838730792379606,-2.0,-2.0,0.5827412779261298,0.5822498186697725,0.5817005367125471,0.5810919416955799,0.5804235360690247,0.5796937960154158,0.5789017615103592,0.5780458972436687,0.5771247433062353,0.576135822475333,0.5750779837875516,0.5739488890180474,0.5727453647552081,0.5714661556721912,0.5701081717888209,-2.0,0.5671444692148323,-2.0,0.5638294362555887,0.5620317864084968,-2.0,0.5581365062042632,-2.0,0.5538138541118266,-2.0,-2.0,-2.0,-2.0,-2.0,-2.0,0.5347522669875375,-2.0,0.5279906659514139,-2.0,-2.0,-2.0,0.5123504919616056,-2.0,-2.0,0.49850033323795206,-2.0,0.4881127149411895,-2.0,-2.0,0.4705771225167428,-2.0,0.45743788111071343,-2.0,0.44300950674625317,0.4352739262904526,0.42716846680671317,-2.0,-2.0,-2.0,0.39069173773442295,-2.0,-2.0,0.3585156670841183,0.34675402505471475,0.3344331874081657,-2.0,-2.0,0.29384521606301645,0.27901079508608545,0.2634720434300104,-2.0,0.23014680985026126,-2.0,-2.0,-2.0,-2.0,-2.0,-2.0,-2.0,0.06117790108693866,-2.0,-2.0,-2.0,-2.0,-0.08103761029709933,-0.11364987287656536,-2.0,-2.0,-2.0,-2.0,-2.0,-2.0,-0.38956291377453767,-2.0,-2.0,-2.0,-0.5923489272297651,-2.0,-2.0,-0.7710765611966433,-0.8363846042287592,-0.9047867061478548,-2.0,-2.0,-2.0,-2.0,-1.2985874803188886,-1.3888863909994527,-2.0,-2.0,-1.6862700428732378,-2.0,-2.0,-2.02795136380778,-2.0,-2.0,-2.0,-2.0,-2.0
0.05542664520663104,0.0685183143201895,0.07904772962829132,0.08995116482596814,0.1010123715368018,0.11239211787706367,0.12407471917468998,0.13588839100778904,0.14799448335908144,0.1603709561031252,0.17285531938527068,0.18553009144513674,0.19840386533506651,0.21144933953480555,0.22457961876325136,0.23774152162735396,0.250985270515832,0.2642775879329759,0.2775845780400509,0.2908720983847387,0.3040945199183497,0.31713070862038395,0.3300204808536538,0.3427445978496601,0.35527168023624267,0.36757460860564595,0.37963271463371445,0.3913498432449135,0.4026052488475545,0.4135337365690444,0.42415610150333927,0.4344272588880117,0.4440383207356323,0.4533450933739354,0.4623501790564273,0.47059312128503256,0.47873734961083897,0.486121786571466,0.49338845202881654,0.4998992719204807,0.5064076435788205,0.512077266902214,0.5177444882892391,0.5229888284151988,0.5275809765678304,-2.0,0.5365917969122311,0.5404208216648421,-2.0,0.5473959525819796,0.5507713245538997,0.5537745805451849,0.5564590954656149,0.5588679691258976,0.5611099006965187,-2.0,0.5656734517210852,0.5676980794943214,-2.0,-2.0,0.5726823418820924,0.5740393873342213,0.5752671836335301,0.5763764509287989,0.5773769353036212,0.5782985352895662,0.5792445469043944,0.5802018389594962,-2.0,0.5818381167025642,0.5825196926255802,0.5831172556749298,0.5836353030917283,0.58407761782145,0.5844477024430464,0.5847487468870106,0.5849823202771871,-2.0,0.5852579418696549,0.5853029724292795,0.5852880310618325,0.5852139379698229,0.5850814208717897,0.5848909648486387,0.5846431332680645,0.5843379078165141,0.5839751018658383,0.5835545660524352,0.5830755525152251,0.5825383950245361,-2.0,0.5812826951638402,-2.0,0.5797805512745678,0.5789335795310842,0.5780205877898051,0.5770398208367722,-2.0,0.5748671460598029,-2.0,0.5723981238444118,0.5710461992787049,-2.0,0.5680935147066158,0.566486601024397,0.5647884052692684,0.5629952619874738,0.5611035817307674,-2.0,0.5570068951221226,0.5547937724356942,-2.0,-2.0,0.5474375096807096,-2.0,0.5418831929578223,0.5388933997902879,-2.0,-2.0,0.5289971646837667,0.5253660780708526,0.5215555875044551,0.5175582415042524,0.5133655528785133,-2.0,0.5043563452511893,-2.0,-2.0,-2.0,-2.0,0.47772538411512244,-2.0,0.46519033025216305,0.4584680562054863,-2.0,0.4440419944008238,-2.0,0.4282030109521888,-2.0,0.41081531822154205,-2.0,-2.0,-2.0,0.37078297125982096,-2.0,-2.0,-2.0,-2.0,0.30905002992440833,-2.0,-2.0,0.2645166097958679,-2.0,-2.0,0.2133349118629127,0.19463018213600525,-2.0,0.15451663104067914,-2.0,-2.0,0.08692599964757819,-2.0,-2.0,-2.0,-2.0,-2.0,-2.0,-2.0,-0.14675724353551256,-2.0,-2.0,-0.2592531185949736,-2.0,-0.3434158170420327,-2.0,-2.0,-0.4852135444982195,-2.0,-2.0,-2.0,-2.0,-2.0,-2.0,-2.0,-0.9753763471967545,-2.0,-2.0,-2.0,-2.0,-2.0,-2.0,-2.0,-1.6852162510709252,-2.0,-2.0,-2.0,-2.1517484722878475,-2.2825140260566696,-2.4194742459395084,-2.562922569193988,-2.7131663326215647
0.05384628913753366,0.062490344486082226,0.07293786570685032,0.0835599969173824,0.094516751202301,0.10575198702674977,0.1171818790238518,0.12893522892487924,0.1409084454145732,0.15305495320787801,0.16546548147302872,0.17811594994193095,0.19084714365855845,0.20374056731794932,0.21679593299300778,0.22998371492681624,0.2432723360077355,0.25652433209656295,0.2697932189609832,0.28306360877035475,0.2963009071564652,0.3094700480192911,0.3225369984965158,0.3354637585864097,0.3481214091249668,0.3605267469829483,0.372688204120101,0.38458385256150274,0.39620062271084383,0.4074999889196658,0.4182545261736226,0.4286356821247366,-2.0,0.44838798559758425,0.45739698310672916,0.4662290367152994,0.47443458189670423,0.48223796320831425,0.4896993108721077,0.4965926392504027,0.5031590464480995,0.5094006952956378,0.5149628202553955,0.5205981356150245,0.5255705865422259,0.5301041865245583,0.5347373196130664,0.5389059192719994,0.5425655281406823,0.545997781655146,0.5495302938780073,-2.0,0.5556489030349967,0.5582286688784722,-2.0,0.5627975479841071,0.5651230693128303,-2.0,0.5692308981880373,0.5709921756923145,0.5725857236833214,0.5740266402556742,0.5753303000543437,-2.0,-2.0,0.578526990527017,0.5794399614748328,-2.0,0.5813116506413172,0.5821337867608599,0.582862599234605,0.5835034353493506,0.5840612830723226,0.5845407513352692,0.5849449498763426,0.5852768418371924,0.5855400278607307,-2.0,-2.0,-2.0,0.5859438333215511,0.5858903922816858,0.585776898312938,0.5856050775743581,0.585373685553392,0.5850845113721912,0.5847362668398117,0.584329796992334,0.5838638039092523,0.5833384925745431,0.5827528303808682,0.5821061268679635,-2.0,-2.0,-2.0,0.5788818337570402,0.5779092942040506,0.5768666026927649,-2.0,0.5745623200340676,0.5732962462849411,0.5719504775740585,-2.0,0.5690095296278291,0.5674078827517717,-2.0,-2.0,0.5620389672693561,0.5600489019234386,0.5579509749888535,-2.0,0.5534161915197026,-2.0,0.5483963135290021,-2.0,0.5428477762656662,-2.0,0.5367240588404445,-2.0,-2.0,-2.0,-2.0,-2.0,-2.0,0.5099538195562076,0.5053440896226636,-2.0,-2.0,0.490129205633221,-2.0,0.4787213116616331,0.47260216641696995,0.4661889489844392,-2.0,0.45242470334403667,0.44504419438082143,-2.0,-2.0,-2.0,0.4118215612464643,-2.0,-2.0,-2.0,-2.0,-2.0,-2.0,-2.0,-2.0,0.3100629962265491,-2.0,-2.0,0.2655312529697975,0.24925588555115535,-2.0,0.21435101070231105,0.19564672364274371,0.17605504454931098,0.15553399654427968,-2.0,0.11152587535049463,-2.0,-2.0,-2.0,-2.0,-2.0,-2.0,-2.0,-2.0,-2.0,-2.0,-0.21898393196628696,-0.2582317158313472,-2.0,-0.34239402246785733,-2.0,-0.4347212731990998,-2.0,-0.5360051329522282,-0.5902739886743321,-2.0,-0.7066471618424244,-0.7690008072936846,-0.8343085241228243,-2.0,-2.0,-2.0,-2.0,-1.2102958278815574,-1.2965102156740258,-2.0,-1.4813854861098263,-2.0,-2.0,-2.0,-2.0,-2.0,-2.150724050696311,-2.2814895422041976,-2.4184497014558692,-2.5618979674874307,-2.0
0.052310993080562605,0.056638035767766874,0.06682518564690626,0.07732835695395841,0.08811837383970257,0.09912848079654472,0.11048960902865798,0.12202153640012676,0.13382016193564358,0.14591701047583128,0.15816909466248025,0.17061364460843764,0.18329055413139328,0.19617428258316563,0.2091330782055007,0.22219796886824097,0.23538570846554266,0.24866451134876885,0.26200172171225394,0.27535496025726486,0.2885988956614726,0.30178441102105985,0.31488649348452885,0.3278704531148564,0.3407027048429982,0.35335277811087135,0.3657850654695258,0.37784780668805346,0.389577548270183,0.4010063158738133,0.4121325609304574,0.42294114147750456,0.43314748741301506,0.44296555412340866,0.45253616688698545,0.46147248524784146,0.4699684857462988,0.47824175622160153,0.4857195244970091,0.49316467234519845,0.49976369837113377,0.5063696238506463,0.5122536796249696,0.5178493569155014,0.5233223494653915,0.5280472520310947,0.5326210217843825,0.5371505878237162,0.5411275300886186,0.5446387140676937,0.5481112765599208,0.5515829843806513,0.5546852540730701,0.5574531924227385,0.559932620980407,0.5621828469466148,0.5644619236061991,0.5667527467531602,0.5688302547512907,0.5707053925986152,0.5723997046837004,0.5739316642203226,0.5753163024361261,0.5765673833251205,0.5776961090564535,0.5787123240881161,0.5796289795283384,0.5805444534003157,-2.0,-2.0,0.5831461590894181,0.5838326482145308,0.5844326231099459,0.5849507088365157,0.5853904115620268,0.5857558098479144,0.5860496586108519,0.5862746972340481,-2.0,-2.0,0.5865559837063887,0.586523882143857,-2.0,-2.0,-2.0,0.5857906845565206,-2.0,-2.0,0.5846140410987885,0.584101570768523,-2.0,0.5828928168886494,0.5821940536299036,0.5814315131077251,0.5806030894035484,0.5797078252032931,-2.0,0.5777091993999152,-2.0,0.5754197302906872,0.5741603183744477,-2.0,0.5713995748702005,0.5698919698423242,0.5682960146762551,0.566608498151965,0.564824645957832,0.562942462662632,0.5609560184865557,0.5588630622463533,0.5566574569929491,0.5543357156823887,-2.0,-2.0,-2.0,-2.0,0.5407969687637391,-2.0,0.5343717350067732,0.5309165960720256,-2.0,-2.0,0.5194913443505053,-2.0,0.5109088758154954,0.5063010470335859,-2.0,-2.0,0.49109133630904017,0.4855232396111807,-2.0,0.47356876986090024,-2.0,0.4604371736773692,0.45339518009429086,0.4460158442299379,-2.0,-2.0,0.42169189317009675,0.412797375422179,-2.0,-2.0,-2.0,-2.0,0.3615463929554432,-2.0,-2.0,-2.0,-2.0,-2.0,-2.0,-2.0,0.25024087375126386,-2.0,-2.0,0.196633144501824,0.17704189837584772,0.15652126550959788,0.13502727924686558,0.11251389141117318,0.08893286469142392,0.06423368212973712,0.03836341732514126,-2.0,-2.0,-2.0,-0.07797710676825298,-0.11058861136237486,-0.14474575283464808,-2.0,-2.0,-0.2572402923365418,-0.29834729210657995,-0.3414021976298781,-0.3864972545051527,-2.0,-0.48319886398638934,-0.5350126046633259,-0.5892813087736644,-0.6461212424101332,-2.0,-0.76800770080883,-2.0,-0.9017171132976456,-0.9733594855118572,-2.0,-1.1269873684576055,-1.2093020297724095,-2.0,-2.0,-1.4803914061881756,-2.0,-2.0,-1.79186238928982,-2.0,-2.024878594140538,-2.0,-2.280494942889481,-2.0,-2.5609032480347604,-2.711146900645311
0.050819472258994136,0.05083237673096382,0.060855639205623285,0.07120446835388887,0.08176347814565736,0.09269779369147237,0.10378843577661884,0.11519885815985441,0.12691326573735812,0.13875736289832372,0.15089357369399534,0.16330025361149006,0.1758171842221872,0.18852060665528836,0.20142260997281827,0.21449525394453434,0.2276592574374217,0.24084566009269098,0.25411235437557556,0.2674256908495525,0.28075144499008053,0.2940552489792915,0.30729832269140017,0.32035833975845424,0.33325702042338534,0.3459866429242987,0.35851556319540717,0.370816425525923,0.38286813153679716,0.39460070302463096,0.40585300431717597,0.4167637530787863,0.4273637356649589,0.4376330301905838,0.447235170744245,0.456506693454288,0.4655045657089733,0.4737260042351932,0.48183533674771917,0.48921558480900257,0.49644039928940986,0.5029432359910954,0.509421130812171,0.5150613323610872,0.5207245914756564,0.5259256363370902,0.5304949366605839,0.5351286463571248,0.5394653570444125,0.5432622021714036,0.5466931299949714,0.5502114250954755,0.5535576233962669,0.5565331205166285,0.5591908694708411,-2.0,0.5637981676202322,0.566104359627841,0.5683216455789372,0.5703198579677857,0.5721232577455243,0.5737522966492975,0.5752240807229004,0.57655335084792,0.5777526380210376,0.578832727679461,0.5798028826535301,-2.0,-2.0,0.5825394788758975,0.5833706936815448,0.584105563151339,0.5847499201956485,0.5853086039261561,0.5857864802962335,0.5861863406799779,0.5865123955330062,0.5867672436307372,-2.0,0.5870722424772038,0.5871262593234496,0.5871165754536137,0.5870443413004445,0.5869103407116215,0.5867154338441481,0.586459610882028,0.5861432026047222,0.585766011350176,0.5853281664593123,0.5848292413279519,0.5842681411414923,-2.0,0.582957095575284,0.5822047936320756,0.581386501873191,0.5805008889252893,0.5795454213000414,0.578519139231139,0.577419743594163,-2.0,0.5749927092998399,-2.0,0.5722447020123896,-2.0,0.5691531915814427,0.5674705946293273,-2.0,0.5638144280047861,0.5618331108196658,0.5597441293334546,-2.0,0.5552257535844105,0.5527861953987798,0.5502195843000768,-2.0,0.5446844900864805,-2.0,-2.0,0.5352839465655409,0.5318315202430662,-2.0,0.5244040794602859,-2.0,0.5162266734471617,-2.0,-2.0,0.5023992048298747,0.49733469263809116,0.4920248513230145,0.4864583712511379,-2.0,-2.0,-2.0,-2.0,-2.0,0.4469591689521385,-2.0,0.4311267332039824,-2.0,-2.0,-2.0,0.39466493570790145,-2.0,0.3737229792570048,0.36249834596894204,-2.0,-2.0,0.325517662617555,-2.0,-2.0,-2.0,0.2674722496993286,-2.0,0.23415105185523943,0.21629505140606092,0.1975916875204674,0.1780008887745873,0.15748068140165372,0.13598710268960162,0.11347410250389112,0.0898934472195192,0.06519461750451849,0.03932469105906511,0.01222824778040521,-0.01615277012891947,-0.04587916621147903,-0.07701462996485287,-0.10962585494290622,-2.0,-0.17955846510121298,-0.21702965200635482,-0.25627659195650354,-0.2973833849234526,-0.3404380893536204,-2.0,-0.43276459489660357,-0.4822342059376633,-0.5340477759449366,-2.0,-0.6451560984835268,-0.7046889011807546,-0.7670422735902345,-2.0,-0.9007514004977697,-2.0,-1.0474300592405406,-2.0,-2.0,-1.2945500734235242,-1.3848486166250615,-1.4794249770669625,-1.5784817772101467,-1.6822312625977691,-2.0,-2.0,-2.0,-2.1487626195037635,-2.279527973749868,-2.4164880130898294,-2.0,-2.0
0.049370478528390015,0.04512187018943569,0.05503520137289453,0.06511609085900645,0.07559348925275701,0.0862449773230695,0.09723179113866756,0.10849850001267865,0.11995821881720393,0.1317418467346974,0.14374808965064956,0.15592401898823838,0.1683637602553814,0.18104291263874314,0.19380816427791164,0.20672797678562835,0.21980922970375968,0.23302175551365953,0.24633433738401964,0.2596192823285491,0.27290769762179706,0.2861952975113054,0.29944730304403955,0.3126280353501078,0.32570354530844553,0.33864044405808286,0.35132344111172964,0.36372806339987446,0.37588497613821414,0.3877717864552881,0.3993752634508175,0.4106742751959052,0.4214330106203545,0.43178837762994815,0.44184739907240217,0.4515167324450372,0.4604978194369075,0.4692876236706554,0.47750397873038636,0.4852552343346014,-2.0,0.4995595919571087,0.5061320012448008,0.512320845403152,0.5178712014539056,0.5234847628949649,0.5284141549079251,0.5329374914318499,0.5375528832064526,0.5416853152388094,0.5453125497090969,0.5487343962413992,0.552250619672031,0.5554560996295074,0.5583110521483776,0.5608627507341302,0.5631533432242818,0.5653917301172812,0.567697994896146,0.5698295889336487,0.5717509076591301,0.5734846057886712,0.5750498500815264,0.5764627894856328,0.5777375444865295,-2.0,-2.0,-2.0,0.5817267677678344,-2.0,0.5835346956405768,0.5843205787971844,0.5850116477932803,0.5856134131551086,0.5861307083883973,0.586567566896817,0.5869273597922287,0.5872135398372439,0.5874284968956903,-2.0,0.5876537183110329,0.5876674897739951,0.5876175798572316,0.5875035793323923,0.5873279493040774,0.5870895995415859,-2.0,-2.0,-2.0,0.5855203853415415,0.5849726869941686,0.5843611798783741,0.5836852997617906,0.5829439414375529,0.5821363112006018,0.5812597297382315,-2.0,0.579296084157004,0.5782048683313786,0.5770379125151197,0.5757928846737412,0.5744672829254218,0.5730583591730265,-2.0,-2.0,0.5683019530398752,0.5665288959222684,-2.0,0.5626797331266872,0.5605950518309017,0.5583982869662535,0.5560846559222175,-2.0,0.5510866125825812,0.5483912694633716,-2.0,-2.0,0.53945210524313,0.5361666152642823,0.5327170551748887,0.5290954973168062,-2.0,-2.0,0.5171219860072994,0.5127322194243731,-2.0,-2.0,0.4982375890622389,-2.0,-2.0,0.4815310463527106,0.4754162927216815,0.46900726092686684,-2.0,0.4552508059548344,-2.0,0.44014377181529785,-2.0,-2.0,-2.0,-2.0,0.3955860241242702,-2.0,0.37464580785571366,-2.0,-2.0,-2.0,0.32644351424763907,0.312927009894008,-2.0,-2.0,0.2684006036354011,-2.0,-2.0,-2.0,0.19852250902659085,-2.0,0.15841200779895936,-2.0,-2.0,0.09082597419012017,0.06612750698804404,-2.0,-2.0,-0.015218881888251046,-2.0,-2.0,-0.10869111812883991,-2.0,-2.0,-2.0,-0.2553408641916348,-0.29644743432576015,-0.33950192271178115,-0.3845965966208623,-0.431828047906883,-2.0,-2.0,-2.0,-2.0,-0.7037515303084034,-0.7661047588654966,-0.8314121556689098,-0.8998136372835823,-0.9714557704821167,-1.0464920324529952,-1.1250831945418378,-2.0,-2.0,-1.3839101695571834,-1.4784864316551867,-1.5775431487599128,-1.6812925446990636,-1.7899569064826908,-1.9037690444295097,-2.022972808495969,-2.1478235882875625,-2.2785888814178437,-2.4155488489171026,-2.0,-2.7092404759770856
0.04796279933211694,0.03957756246958909,0.04921021170420031,0.0592047998892488,0.06942113237444313,0.07995350264421237,0.09077472428839711,0.10181410076186746,0.11320522605028048,0.12476970213827256,0.13659772805486284,0.14872402233140994,0.1610104243808594,0.1734830155211995,0.18618776040781368,0.19909822051243103,0.21209255844256547,0.22518205599516072,0.23839288387332358,0.2516929763344864,0.26504940212369477,0.27842620465077794,0.29169790632783205,0.30489623119671033,0.3180083363396047,0.33099888535795197,0.3438342375293468,0.3564835697911547,0.3689186854274064,0.38100211608788187,0.3927203690368043,0.4041330098118219,0.41523827548152026,0.426037099653445,0.4362478070992225,0.4460316152047022,0.4555669013146167,0.4645151077183931,0.47296342678134506,0.4812252603275246,0.4886709891633736,0.49609301913793863,0.502660855737053,0.5092527328627283,0.5150859104627776,0.5206841463850835,0.526116859321135,0.5308039393802154,0.5353759186623833,0.5398738181470722,0.5438144436299452,0.5472979715924414,0.5507636519103456,0.5542092741591425,0.5572809421654729,0.5600195782157772,0.5624703302021311,0.56469811527388,-2.0,0.5692291092945301,0.5712783781281657,0.5731245973699004,0.574790323897362,0.5762932763981533,0.5776481772613827,0.5788688435540098,0.5799664265155385,0.5809505586396627,0.5818357351371914,0.5827219496921469,-2.0,0.584476493023275,0.5852170794501664,0.5858644173801392,0.586423127367449,0.5868984341403267,0.5872940445055842,0.5876128741131215,0.5878584758621939,-2.0,-2.0,0.5881766192832815,0.5881493104545985,-2.0,0.5879007263138815,0.5876814422081746,0.5873994194073986,0.5870547783882695,0.5866466896112527,0.5861761230487336,0.5856414788030632,0.5850428259339766,-2.0,0.583649092923158,0.5828518565793993,0.5819857712676207,0.5810490950777935,-2.0,-2.0,0.577799131907618,0.576561399183475,0.5752428500391615,0.5738407269972196,0.5723522210382763,0.570773764112807,0.5691025799419288,0.5673350176745323,0.5654673791395709,0.5634957411238792,-2.0,-2.0,0.5569141063074803,-2.0,0.5519236899059536,-2.0,-2.0,-2.0,-2.0,-2.0,0.5335733081187892,-2.0,0.5261561963367063,0.5221702211796257,-2.0,0.5136008059529245,-2.0,0.5041729215894631,0.4991121301390684,0.4938058324022248,0.4882426694493305,0.4824107314435053,0.47629753268623864,0.4698899826895957,-2.0,-2.0,-2.0,-2.0,0.4329329507942731,0.4244469189024684,-2.0,-2.0,-2.0,-2.0,-2.0,-2.0,-2.0,0.34024409734758737,-2.0,-2.0,-2.0,0.284836781660093,0.26930137707421065,-2.0,-2.0,0.21812740836942518,-2.0,-2.0,0.15931584220018724,-2.0,-2.0,-2.0,-2.0,0.04116373261605322,-2.0,-2.0,-0.04403819228230921,-0.0751730753756863,-2.0,-0.14194010753217257,-2.0,-2.0,-2.0,-0.2955388393136681,-0.338593110087442,-0.38368758342785103,-2.0,-0.4803880850280112,-0.532201304994549,-2.0,-0.6433089723499389,-2.0,-2.0,-2.0,-2.0,-2.0,-2.0,-1.12417234616391,-1.206486678136795,-1.29270065473741,-1.3829990007744934,-1.4775751669285164,-2.0,-1.6803810972837419,-2.0,-1.9028574336793174,-2.0,-2.0,-2.2776770491751575,-2.414636947423471,-2.5580849725629013,-2.7083284482309913
0.0465952566866468,0.03406504324955031,0.04355473600915885,0.05334154382960106,0.06339287771013173,0.07377269902604798,0.08436027768659474,0.09532416955079005,0.1064467775102887,0.11788638351397772,0.12963541091027914,0.14150784775003933,0.15367288622228892,0.16610769379672144,0.17866031341661792,0.191390387634251,0.20431805874653855,0.21741482347993882,0.23061596838366896,0.24382435865814556,0.2571110342011988,0.2704421534231531,0.2837834488383394,0.29709968787062224,0.3103568185294871,0.32344652955280934,0.3363499354148488,0.3490805777906885,0.36160651847964453,0.3739002122614611,0.385940312457929,0.39768186464703464,0.4089342656556622,0.419820988805627,0.4303919166713022,0.44065108102966755,0.45024779567462947,0.4594763082835816,0.4684601260040105,0.4766607035446483,0.48472416969986726,0.4921036820701937,0.49927585731915175,0.5057731498309868,0.5122122876714387,0.5178217803903639,0.5234775959143538,0.5286295965072627,0.5331748037175542,0.5378015450350241,0.5420976280316179,0.5458577854976111,0.5492697743044664,-2.0,-2.0,0.5590354865365406,0.5616629844161115,0.5640163999599611,-2.0,-2.0,0.5707006544959294,-2.0,-2.0,-2.0,0.5774837246509908,0.5787819537360245,-2.0,0.5809972575168285,-2.0,-2.0,-2.0,0.5845736879582313,0.5853665617502954,0.5860617693102944,0.586665094614288,0.5871803787679429,0.5876132094889333,0.5879670448623663,0.5882446107565137,0.5884487956059731,-2.0,0.5886455219950826,0.5886418730833196,0.5885719034983318,0.58843721145599,-2.0,-2.0,0.5876449146641004,0.5872532051981082,0.5867974119105507,0.5862771543994508,0.585691732084993,-2.0,-2.0,0.5835359724095629,0.5826808249854726,0.5817536323467192,-2.0,-2.0,0.578529645747851,0.5773000422948593,0.5759891651627798,0.57459393460139,0.5731120141975894,-2.0,0.5698746907489096,0.5681128653488917,-2.0,0.5642839602452666,0.5622093735725435,-2.0,0.5577165143078981,0.5552886205463969,0.5527337155721733,0.5500459382563884,0.5472198541336516,-2.0,-2.0,-2.0,0.5344030984190032,-2.0,-2.0,-2.0,0.5188280945381331,-2.0,0.5098434645552369,-2.0,0.49996054997038397,-2.0,0.4890947116543193,-2.0,-2.0,-2.0,-2.0,0.4569959801057633,0.44962169892817816,-2.0,0.43379642695719056,0.42531154000502286,-2.0,-2.0,-2.0,-2.0,-2.0,-2.0,-2.0,0.3411161501979197,-2.0,0.31469940637620564,0.300541885373887,-2.0,-2.0,0.2539042409763875,-2.0,0.21900454878735293,-2.0,0.1807132982979982,-2.0,-2.0,-2.0,0.09261092348520783,-2.0,-2.0,-2.0,-2.0,-0.04315655570090604,-2.0,-0.10690151640407053,-0.14105759186566869,-2.0,-0.21430297446903002,-2.0,-0.29465532954656015,-2.0,-2.0,-0.4300346884327597,-0.4795037521150187,-2.0,-0.5855848170134694,-2.0,-2.0,-2.0,-2.0,-2.0,-2.0,-1.0446955913083622,-2.0,-2.0,-1.291814517841582,-2.0,-2.0,-1.575745429277388,-2.0,-2.0,-2.0,-2.0,-2.0,-2.0,-2.0,-2.0,-2.707441410430542
0.0452667061957886,0.02866140095659288,0.03802575439409048,0.04757332564112583,0.05751749489252685,0.06762576297109353,0.07813193563003892,0.0888152271972193,0.099830768708166,0.1111315814636528,0.12261979632570118,0.1344319532988496,0.14647403953217314,0.15867792307126258,0.17114461602017234,0.1838502627715917,0.1966526268178627,0.20959704689781575,0.2227015913704182,0.23593570866139985,0.24926798305772366,0.2625903790777911,0.2758950333341193,0.2891966374508268,0.3024595168236141,0.31564831637270163,0.328728180886925,0.34166654215354314,0.3543791429781318,0.3667814095289561,0.3789287470198917,0.3908013712420761,0.4023858598847487,0.4136747166603315,0.4244442871779552,0.43476686321809654,0.4447883370449932,0.45445807445397585,0.4634120679952361,0.47215012377976007,0.4803805862072467,0.4880707737169018,0.495538966306149,0.5023165199280022,0.508895890037595,0.5150209338978077,0.5205613809853764,0.5261473427716854,0.5310279062921811,0.5355422640405333,-2.0,0.5442273329001551,-2.0,0.5512299463175877,0.5547265357203965,0.5578979535734179,0.5607200634161275,0.5632413060232732,-2.0,-2.0,0.5700111884919234,0.572112096101714,-2.0,0.5757055286351104,-2.0,0.5786208562730203,0.5798633032315853,0.5809783633263721,-2.0,-2.0,0.5837196674227846,-2.0,0.5854574380889115,0.5862032147862836,0.5868526216752279,0.5874111113888297,0.587883452442687,-2.0,0.5885843019024649,0.5888198751007386,0.5889814853612949,-2.0,0.5890935608903369,0.5890469882101427,0.5889333965651421,-2.0,-2.0,-2.0,0.5878237896091062,0.5873836566029086,0.586878082493283,0.5863064117526811,0.5856682863444574,0.5849621061685942,0.5841873269416139,0.5833425719976476,0.582426312011995,0.5814363000074566,0.5803716931545239,0.5792294032597212,-2.0,0.576704591913723,0.5753169242749094,0.5738421640019427,0.5722761546747744,0.5706172372792473,-2.0,0.5670043280626045,0.5650430383863537,0.5629733679113773,0.5607904291896634,-2.0,-2.0,0.5535157472071949,0.5508316634697833,0.5480086804579339,0.5450411826409016,0.5419228261736249,-2.0,-2.0,-2.0,-2.0,-2.0,-2.0,0.5152579765986169,-2.0,0.5058386118647614,0.5007817739485828,-2.0,-2.0,-2.0,0.4779812028789746,-2.0,-2.0,0.4578288267257145,-2.0,-2.0,-2.0,-2.0,-2.0,-2.0,0.3981883433856768,0.38796451462278725,-2.0,-2.0,-2.0,-2.0,-2.0,-2.0,-2.0,-2.0,-2.0,0.2547539292005406,-2.0,-2.0,0.2011540217100799,0.18156514684577307,0.1610467767381646,-2.0,-2.0,-2.0,-2.0,0.04289878334043573,0.015803724969409183,-2.0,-2.0,-0.07343536176767829,-2.0,-2.0,-0.175975901543295,-0.2134460222702318,-0.2526920778056416,-0.29379795563515754,-2.0,-2.0,-0.4291766742168661,-2.0,-2.0,-0.5847262279319296,-2.0,-2.0,-2.0,-2.0,-0.8971583239014398,-0.9688000663449803,-2.0,-2.0,-2.0,-2.0,-2.0,-1.4758287013806843,-1.5748851291604793,-2.0,-2.0,-2.0,-2.0,-2.0,-2.0,-2.412889152249999,-2.0,-2.0
0.04397603609302719,0.023414847423130703,0.03251365156813191,0.041972728573488785,0.05163505754873176,0.06165738540515213,0.07190524762254744,0.08246566112010441,0.09332052721535929,0.10438801725484269,0.11580753807465792,0.1274072241754559,0.1392630662764648,0.15141699772909792,0.1637405456278606,0.17623947143352467,0.1889697477003551,0.20190464387878412,0.21493751475547848,0.2280491710816479,0.24128043470545044,0.25459895497616425,0.26797205522744555,0.2813643484874671,0.29467114678586426,0.30787886929129854,0.32099711361107874,0.3339902567373878,0.3468243789762701,0.35946839305674677,0.37189556735837836,0.38400567328399304,0.39570986620958926,0.4071007742411719,0.41817910351179066,0.4289572804562361,0.43917919320425963,0.44892203239015616,0.4584110653368152,-2.0,0.4757685411576238,0.4840119813365172,0.4914262223352895,0.4988170001785647,-2.0,0.5119257982618834,0.5177046118678534,0.5233063899232461,0.5286902965144422,0.5333377662261526,-2.0,0.5423676715045656,0.546267396187451,-2.0,0.5531801600870593,0.5565951634423502,0.5596320753368206,0.5623376367395965,-2.0,0.5669603170860085,-2.0,-2.0,0.573465002758485,0.5752797577341509,-2.0,0.57838361003918,0.5797058587561742,0.5808929316640737,0.5819560704925122,0.5829047341050548,0.5837555422224462,0.5846098336737363,-2.0,0.5862886212341926,0.5869871940670257,0.5875908289626486,0.5881043222324341,0.5885324792467544,0.5888788502582795,0.5891467602139571,0.5893390723250777,0.5894580597205408,0.5895053277419171,0.5894832035127251,0.5893927444150571,0.5892344617278762,-2.0,0.5887172921889593,0.5883597661782666,0.5879356113127481,0.5874455256987641,0.5868884686126373,0.5862631304818684,-2.0,-2.0,0.583973708024443,0.5830682314939002,0.582087993408317,0.5810327406570917,0.5798995131341277,0.5786862357210898,-2.0,-2.0,0.5745425479609004,0.5729838191349191,0.5713313012867538,0.5695811612586852,0.5677303174277336,0.5657743123153803,0.5637094944428899,0.5615313681037101,-2.0,-2.0,0.55426988330897,0.5515899218515706,0.5487709855266635,-2.0,0.5426918777421265,0.5394187559132969,0.5359807300633442,0.532370462131628,-2.0,-2.0,-2.0,0.5160471598287037,-2.0,-2.0,-2.0,0.4962766581427888,-2.0,0.48489222883991956,-2.0,-2.0,0.4656700398627632,-2.0,0.4512651079862515,-2.0,-2.0,-2.0,0.41807405838295364,-2.0,0.3990041685745694,-2.0,0.37807145646248563,-2.0,-2.0,-2.0,0.3298821922104419,-2.0,-2.0,0.287383560755557,-2.0,-2.0,-2.0,-2.0,-2.0,0.18239214877750687,0.16187427387876452,0.1403829166301867,-2.0,0.0942936120255583,-2.0,-2.0,-2.0,-2.0,-0.04147038596450503,-0.07260432477885692,-2.0,-0.13936959601521903,-0.17514397855553254,-2.0,-2.0,-2.0,-2.0,-2.0,-0.4283432991588024,-0.4778119634803797,-2.0,-0.5838922853402995,-2.0,-2.0,-2.0,-2.0,-2.0,-0.9679651707147802,-1.0430009245085596,-1.1215915987594949,-1.2039055772604614,-2.0,-2.0,-1.4749930926482389,-1.5740494202431785,-2.0,-2.0,-1.90027425726024,-2.0,-2.144328150780561,-2.0,-2.412052855502838,-2.5555006743549082,-2.705743958299623
0.04272216631116735,0.01822831967498802,0.027161735749576806,0.0364073896470916,0.045923504457372887,0.055741622643329033,0.06582003278773157,0.07623311647842333,0.08684795084166129,0.09784010252666654,0.10899735272519685,0.12046468576794137,0.13225077026655788,0.14415041228591896,0.15634219119406587,0.16880328631354274,0.181394435167188,0.19414905734748206,0.2071001224244105,0.22021885487494766,0.2334586468247411,0.2466876382566598,0.25999157107827303,0.27333739416259634,0.2866906171448036,0.30001631356484804,0.3132793890366306,0.32640439632860774,0.33931020609402557,0.35203761053059796,0.3645560934904062,0.3768378043656626,0.38886136698249973,0.400601292433931,0.41186126254110655,0.4227182116340042,0.4332537086416414,0.4434921237676902,0.453089603321281,0.4622679324903049,0.47122824270828256,-2.0,-2.0,0.49480047244638026,0.5019082127628444,0.5084036651448898,0.5147950039346971,0.5203735871030181,0.526017947022436,0.5311147167335954,0.5356360259643907,0.5402531336703713,0.5445032683574803,0.5482226668018892,0.5516156594795661,-2.0,-2.0,0.5612966394843607,0.5638905160782062,0.566211495195456,0.5683987433113963,0.5706715031275823,0.5728258052838219,-2.0,0.5765020666243553,0.5780679600868899,0.5794757048859482,0.5807397104678544,-2.0,0.5828838608389701,-2.0,0.5846110167798295,0.5854664214630879,-2.0,0.5870679769165319,0.5877190462602642,0.5882764646245775,0.5887447526420465,0.5891282672973166,0.5894308006019345,0.5896544872834641,0.5898028216271385,0.5898779237185203,-2.0,0.5898138665995099,-2.0,0.5894733534612437,0.5892013342170116,0.5888612497137188,0.5884543103402615,0.5879798654223073,-2.0,0.586827192813497,0.5861465793590418,-2.0,0.5845746114474597,0.5836793804853272,0.5827100420390615,0.5816644180620776,0.5805405704440101,0.5793363334101709,0.5780493267990923,0.5766766547620564,0.5752161791694966,0.5736642119956051,0.5720182473549216,0.5702744248969381,-2.0,0.5664791316132425,0.5644198007834633,-2.0,0.5599553428053616,0.5575416369780083,-2.0,-2.0,0.5495081750544345,0.5465476623674244,-2.0,-2.0,0.5367313619690266,-2.0,-2.0,-2.0,0.5211890420813908,-2.0,0.5122185991080704,0.5074009297540647,-2.0,-2.0,0.4914940121627288,0.48566912339593304,-2.0,-2.0,-2.0,-2.0,-2.0,0.44432596630051524,0.4362321870323994,-2.0,-2.0,-2.0,0.3997964124238443,-2.0,-2.0,-2.0,-2.0,-2.0,-2.0,-2.0,-2.0,-2.0,0.27265073554469565,-2.0,0.23933655500412454,0.22148382407390815,0.20278357921398638,-2.0,0.16267838678668123,-2.0,-2.0,0.09509891205819765,-2.0,-2.0,-2.0,-2.0,-2.0,-2.0,-0.10440602484240791,-2.0,-2.0,-2.0,-0.25105041519405347,-0.29215579416788184,-2.0,-0.3803027318887434,-2.0,-0.47700149432599737,-2.0,-0.5830815306458736,-0.6399202961944985,-2.0,-2.0,-0.8271112235970053,-0.8955119970272857,-0.9671534439466615,-2.0,-1.1207795975024197,-1.2030934522324381,-2.0,-1.3796048763823807,-2.0,-2.0,-1.6769857749538937,-1.785649688096831,-2.0,-2.0186647534947,-2.1435151454408548,-2.0,-2.0,-2.0,-2.0
0.041504047578504746,0.013120449068760412,0.021957639928471103,0.03094864590986042,0.04034413900037483,0.04991751596321807,0.05989461844791508,0.0700293352510837,0.08056306899474315,0.09128049559991107,0.10232346700906646,0.11366081671426481,0.12517595415735433,0.1370152819810376,0.1490957677908457,0.16132554136548313,0.1738176951150542,0.18654775513035513,0.19939004615305442,0.21235685520958075,0.22548222983073943,0.2387354208181389,0.2520846300263877,0.2654473875729325,0.2787654963175274,0.29207777178972366,0.3053482445139708,0.3185411817489763,0.33162172485676,0.3445567334031838,0.35729128591071707,0.36969786071304184,0.3818308972575489,0.39368440367704105,0.405244418001203,0.4165101705534193,0.4272993788136804,0.4375837807603358,0.4475610688782971,0.45722208887505666,0.46615292627486754,0.47483158495015565,0.48307661230013477,0.49069891662714854,0.4981625322227536,0.504878371415021,0.5114605525721647,0.5175147577092727,0.5230478465296761,0.5285994177295114,0.5334258160744743,0.5379330690684231,0.542499277205787,0.5465456277708797,-2.0,0.5534991561260068,0.556972287344938,0.5601058933615081,0.5628924327007976,0.5653789781206666,-2.0,0.5698171161721312,0.572077089812228,0.5741437260543906,0.5760002347990226,-2.0,0.5791683936529547,0.580515250971037,0.5817213540952453,0.5827999547241922,0.5837603890601663,-2.0,0.5854323730834661,0.5862870324393287,0.5870923152880381,0.5877937087568034,0.588397174950076,0.5889079591056728,-2.0,0.5896690022597894,0.5899261443009185,0.5901053839455934,0.590208950288313,0.5902387721207901,0.5901964485979291,-2.0,0.5899005262748047,0.5896484375810024,0.5893276983724248,-2.0,-2.0,-2.0,0.5873574736006765,0.5866910538831301,0.5859535549708111,0.585143793068084,0.5842608902440054,0.5833018439119363,0.5822662580520407,0.5811525896162577,0.5799568523250338,0.5786781227187316,0.577313688772821,0.5758610460712805,0.5743164117771559,0.5726769741805902,0.5709397108071527,0.5691007913673927,0.567156368505293,-2.0,-2.0,-2.0,0.5582387462601124,0.5557012130841913,0.5530292510601887,0.5502182405255721,-2.0,-2.0,0.5408874905940924,-2.0,0.5338518038894352,0.5300674301830673,0.526094725240365,0.5219252028765812,0.5175499521039653,0.5129598134068626,-2.0,-2.0,-2.0,-2.0,-2.0,0.4803161814893636,-2.0,-2.0,-2.0,0.4528095083582603,-2.0,-2.0,0.42851490034629175,-2.0,-2.0,-2.0,-2.0,-2.0,0.3684168506509431,-2.0,-2.0,-2.0,-2.0,-2.0,-2.0,-2.0,-2.0,-2.0,0.22226187689542148,-2.0,0.18397493170219525,-2.0,-2.0,0.11945777883641817,-2.0,-2.0,0.04531673569499506,0.018222830205001372,-0.010155763197104761,-0.03987984850779969,-0.07101310613331846,-0.10362224086943517,-0.13777711648874824,-0.17355090043207955,-0.21102026587635037,-0.2502654634968995,-0.29137058401565286,-2.0,-0.3795170395736124,-0.4267472241508845,-0.4762154618822316,-2.0,-0.5822949912765434,-2.0,-2.0,-2.0,-0.826323984628345,-2.0,-2.0,-1.0414013740497376,-1.119991780418023,-1.2023055013078197,-2.0,-2.0,-2.0,-2.0,-1.6761972643706131,-1.7848610795270496,-1.8986726948870216,-2.0,-2.1427262698970746,-2.273491108595337,-2.0,-2.0,-2.7041414623511644
0.040320660540767356,0.00816097405290219,0.01674710239667412,0.025648371469786033,0.03477718987344363,0.04426243046145319,0.05395647985289459,0.06400552264703778,0.07428707345065587,0.08487437872201788,0.09576520696956965,0.10685932074672119,0.11830601360556108,0.12994336521136712,0.14182548994811203,0.1540053366250897,0.16636863676187863,0.17889207511019167,0.19164587649105297,0.204603006449501,0.2176771725407337,0.2308086647005983,0.24405784806213504,0.2573920835668822,0.27077788114956103,0.2841811967199197,0.2975281232710713,0.3107421342212604,0.32386295801796167,0.3368550729506376,0.3496837385265108,0.3623181613551747,0.3747310276936683,0.38686001249186025,0.398557259301761,0.4099210699838494,-2.0,0.4317109976707487,0.44195401605027673,0.4516486943700542,0.4610844603487828,0.4700667191289691,0.4783978398458995,0.48661351269161823,0.4939987141762307,0.5013484782327767,0.5078559731172244,0.5144006418241822,0.5201240480734682,0.5257297101210855,0.5310557785736124,0.5356608919255916,0.5402303357383975,0.5446454553023119,0.5485001270785329,0.5519237259538075,0.5553748833542623,0.5587541414491126,0.5617527463917674,0.5644218205640469,0.5668059488542669,0.5689842309571487,0.5712175707073597,0.5734228864954771,0.5754045411616814,0.5771840023708735,0.5787822752811679,0.580216889586591,0.5815025177056391,-2.0,-2.0,0.5845874126460724,0.5853998645752918,-2.0,0.5870606692520925,0.5878152122194145,0.588467385405606,-2.0,0.5894865819492674,0.5898628151730545,0.590155469705012,0.590367115509862,0.5905005282616909,0.5905582385106034,0.5905419345390881,0.5904531036944881,0.5902927486434866,0.5900616993821612,0.5897606745805571,0.5893897267521457,0.5889495029046392,0.5884384387605053,0.5878573657249095,-2.0,0.5864810573022136,0.5856838544101831,0.5848123040330044,0.5838649138705487,0.5828399791817657,0.5817356172745775,0.5805498916201257,0.579280006538228,0.5779239621096994,0.5764791410550478,0.574942011703277,0.5733101042034766,0.5715791698299236,-2.0,0.5678082681088457,0.5657600480459487,0.563597649659868,-2.0,0.5589120102464199,0.5563783960035007,0.5537116215477014,0.5509043119512934,-2.0,0.5448475870166997,-2.0,-2.0,0.5345557530153732,-2.0,-2.0,0.5226380563914496,0.5182652831136295,0.5136774586868958,-2.0,-2.0,0.4985221915796168,-2.0,-2.0,-2.0,-2.0,-2.0,-2.0,-2.0,-2.0,-2.0,-2.0,0.42037188582267204,-2.0,0.40130886853079,0.3910893861861089,0.3803824885785466,-2.0,-2.0,-2.0,-2.0,0.3186927637816588,-2.0,-2.0,-2.0,-2.0,0.24086926448324164,-2.0,-2.0,0.18473200670639534,-2.0,-2.0,-2.0,0.0966390994065287,0.07194350218672729,0.04607666546410116,0.018983163326793062,-0.009395042461115777,-2.0,-0.07025166018033946,-2.0,-0.13701501061600474,-0.1727884962527636,-2.0,-2.0,-0.29060733125633853,-0.33366018639545625,-0.37875328614966997,-0.42598325012940885,-0.47545125571897484,-0.5272632945293626,-2.0,-0.6383687569015221,-2.0,-2.0,-2.0,-0.893959104722173,-0.9656002498380206,-1.0406355751159935,-2.0,-1.2015394309989131,-1.2877527047782458,-2.0,-2.0,-2.0,-1.675430613706102,-2.0,-1.8979058529697257,-2.0,-2.0,-2.0,-2.0,-2.0,-2.0
0.039171014908092584,0.003329196175596063,0.01168777716516836,0.020413714370741895,0.02937174485346932,0.038648888329263734,0.04819068052483455,0.05804197207164512,0.06814646673167178,0.0785949109050192,0.08923601207305355,0.10025484590606146,0.11144921879996221,0.1229429017904559,0.13476370616904984,0.14669376059826245,0.15891066187273256,0.17139616029821825,0.18402836737903905,0.19680564625973698,0.209778133073227,0.22291631957464314,0.23618754492737115,0.2494445887182049,0.26276295436333663,0.27612090221435137,0.2894830602385498,0.302814513851393,0.3160801374524745,0.3292309370963536,0.34214775743177783,0.35486794246163267,0.3673746983186711,0.37963990214301085,0.39164197274950097,0.40336656969867374,0.4146451115884539,0.42546647280961025,0.4359612522540507,0.44616498396886556,0.45577192138549516,-2.0,0.47381851406472636,0.4819893464193712,0.48992422793065843,0.4973188366480593,0.5043488265230621,0.5108478549565083,0.5171812189984142,0.522730234047415,0.5283577814194677,0.5333939348708195,0.537892406612494,0.5424949224972626,0.5466954178496781,0.5503697987294522,0.5537437415396719,-2.0,0.5604601596025399,0.5633300381078578,0.5658868282633136,-2.0,0.5703399142736606,0.5725920345905716,0.5747092547141406,-2.0,0.5783127633666375,-2.0,0.5812125718430061,0.5824388329670769,0.5835329002933644,0.5845049021525828,-2.0,0.5861545464333086,-2.0,0.5877816154452293,0.588485282509693,0.5890879785547811,0.5895950564137439,0.5900114515100094,0.5903406899590413,0.590586461610093,0.5907514337629027,-2.0,0.5908493339894006,0.5907855991162976,0.5906488089775606,0.5904398105035419,0.5901592767110935,0.5898076899555289,0.5893849275873558,-2.0,0.588325970946475,0.5876888369577311,-2.0,0.5861941838807506,0.5853349576892882,0.5843996584796081,0.5833851800211944,0.5822911218205368,0.5811149590222935,-2.0,-2.0,-2.0,0.5755409359263043,0.5739161064864697,0.5721927434910363,-2.0,0.5684348406070382,0.5663919244805983,0.5642351827733443,0.56195940245264,-2.0,0.557031316743617,0.554368377520473,-2.0,-2.0,-2.0,0.5422579764966788,-2.0,0.5352357244355359,-2.0,-2.0,0.5233268951541082,0.5189570659015694,-2.0,-2.0,0.5045155671499948,-2.0,0.49367394543065557,0.4878549393984587,-2.0,-2.0,-2.0,-2.0,-2.0,-2.0,0.43845205620857786,-2.0,-2.0,-2.0,-2.0,-2.0,0.38110689844906576,-2.0,-2.0,0.34582897834718423,0.3329323074193823,0.31942194472407315,0.3052689467995862,0.290442991492382,-2.0,0.25864365325333977,-2.0,-2.0,0.20505280599916687,0.1854666789625583,-2.0,-2.0,0.12095266147801786,0.09737587824130278,0.07268074152540915,-2.0,-2.0,-0.008656540807705948,-0.038379874993693885,-0.06951241568815114,-0.10212086490694672,-0.13627508619756035,-2.0,-0.2095170163418355,-2.0,-2.0,-2.0,-0.37801167139997527,-0.4252413912331692,-2.0,-0.5265209889442591,-2.0,-2.0,-2.0,-2.0,-2.0,-0.8932156823797182,-2.0,-1.0398918470164198,-1.1184819726735618,-1.200795422106958,-2.0,-2.0,-1.47188150784743,-1.5709373930526707,-1.674686009132123,-1.783349549596625,-1.8971610464648831,-2.0,-2.1412142534534357,-2.27197892389259,-2.0,-2.0,-2.7026288126174665
0.03805414862632631,-0.0014943046461330192,0.006775205445390062,0.015253279724288596,0.024120859909101004,0.03313683820907502,0.042565281468133376,0.052163652489410225,0.06217561154507086,0.07233583379236426,0.08289598237320824,0.09364969776016843,0.10471886419888136,0.1160949742426781,0.1276357942689814,0.13950059532413245,0.15162195595923816,0.1638759200459215,0.17639180152178002,0.18914434346969752,0.20202908129376695,0.21501624823651505,0.22816023459900642,0.2414300217756272,0.25479355230856693,0.2681973736809632,0.2815281136109718,0.294848287989084,0.3081230890908388,0.32131668480347003,0.3343941621740685,0.347321997339607,0.3600643701768945,0.37248776395891764,0.3846019632902762,0.3964313892277222,0.40796212610531074,0.4191933908159463,0.43000529373396323,0.4402512046788673,0.4501779893073252,0.4598183574651588,0.4687325579747353,0.4773449714114486,0.48559811759033694,0.4931515104843709,0.5006037503293046,0.5072572405367334,0.5138373515401089,0.5198141867119901,0.5253443135842748,0.53085337807244,-2.0,0.5401236214191418,0.5446568364984925,-2.0,0.5521593458850851,0.5555556357310659,0.5590008148980424,0.5620927698527445,-2.0,0.5672888365081022,-2.0,0.5716769599305382,-2.0,0.5759372728844951,0.5777561516777876,0.5793871332854493,0.5808487289113689,0.5821567057743299,0.5833239373192122,-2.0,-2.0,-2.0,-2.0,-2.0,0.5884498678549349,0.5891023843753671,0.5896553297442324,0.5901135448084412,0.5904814585604924,0.5907632767969468,0.5909613832552708,0.5910790405820487,-2.0,0.5910811565678875,-2.0,0.5907829580475845,0.5905241560828165,0.5901922465180524,0.5897882823904297,-2.0,0.5887631791934685,0.588141263075237,0.5874455586232532,-2.0,0.5858286259121046,0.5849048915149462,0.583902247437042,0.582818895173581,0.5816528236278697,0.5804018138685035,-2.0,0.5776350500958531,0.5761142222615898,0.5744966035430487,0.5727803765188108,-2.0,0.5690352211764415,0.5669989432735086,0.5648482775897187,-2.0,-2.0,0.5576594852937525,-2.0,0.552203338807635,-2.0,0.5461627865718311,0.5429075123331171,0.5394864477524859,0.535892304017702,-2.0,-2.0,0.5239927910269924,0.5196257008361331,-2.0,-2.0,-2.0,-2.0,-2.0,0.48853783984516874,0.4824389414366679,-2.0,-2.0,-2.0,-2.0,0.44723512577929425,-2.0,0.4306711793462085,-2.0,0.41248284008690417,-2.0,-2.0,-2.0,0.37059406097485903,-2.0,0.3465345105541246,-2.0,0.3201292720703446,0.30597710724411104,0.2911519489074201,-2.0,-2.0,-2.0,-2.0,0.20576522529504437,0.18617969860336325,0.1656645203882532,-2.0,0.12166733870106794,-2.0,-2.0,-2.0,-2.0,-0.007939617937438359,-0.037662556932061775,-0.06879472236392381,-0.10140280988953143,-2.0,-2.0,-2.0,-2.0,-2.0,-2.0,-0.37729153278696836,-0.424521008160617,-0.4739885462040241,-2.0,-2.0,-2.0,-0.6964358602158676,-2.0,-2.0,-2.0,-0.9641345206363805,-2.0,-1.1177595172843287,-2.0,-2.0,-1.3765832490725902,-1.471158527724283,-2.0,-2.0,-2.0,-1.8964376288493474,-2.0,-2.1404906465124216,-2.2712552241868957,-2.4082145142120805,-2.0,-2.0
0.03696912707195026,-0.006177773534373718,0.001917257105824325,0.010242464436665169,0.018858858445813052,0.027784547701016588,0.036945155590882434,0.04645564807451873,0.05618331194607153,0.0662580463319211,0.0765752833132123,0.0871883745701659,0.09811721116815252,0.1092368769364817,0.12070924622793787,0.13238652493056885,0.14429345270965183,0.1564975623786457,0.1689031001094144,0.1814492111918001,0.19422459506348816,0.20720196992688822,0.22032010257280737,0.23346898010599895,0.246733686450868,0.2600813437377446,0.27347733980475136,0.28688821491215777,0.300266976767722,0.31349523099274307,0.32661497439148046,0.33960211047732614,0.3524218388433441,0.3650425158653246,0.37743730553818844,0.38957006896491436,0.4012725530787838,0.4126043171026028,0.42361236448180295,0.43431241777571167,0.4445757304051944,0.4542231256294322,0.46359936886048386,0.4725892728108607,0.48086253481976654,0.4890380999907966,0.4964001169289123,0.5036978935142338,0.510179540501625,0.5166885883121802,0.5223563786669014,-2.0,0.5332247885421562,0.5377880436847307,0.5423561742715116,0.5467186855545884,-2.0,0.5539170287575995,0.5573600655815787,0.5606977891084494,0.5636544720077259,-2.0,0.5686291337665552,0.570780629564197,-2.0,0.5751650394281586,0.5771078646478786,0.578848763042308,0.5804079690224261,0.581803266811985,0.58304884588372,-2.0,0.5851416766766968,0.5860082313865823,0.5867801241059248,-2.0,0.5883597418096548,0.5890650396903018,-2.0,0.5901688192925172,0.5905779249314757,0.5908971220416012,0.5911300890961109,0.5912799363231539,0.5913489567990589,-2.0,0.5912532149115366,0.5910911508225303,0.5908545278656706,-2.0,0.5901595775419164,-2.0,0.5891696661697801,-2.0,-2.0,0.5871267783948892,0.5862936674036827,0.5853824896180279,-2.0,0.5833193505328793,0.5821637489727802,0.580922615876137,0.5795938439257203,0.5781739798706116,0.5766610462176287,0.5750517155343209,0.573342717958293,0.5715306435191698,0.5696117177906014,0.5675815049103015,-2.0,0.5631719615556623,0.5607826343788903,-2.0,0.5556110623686762,0.5528174307549406,-2.0,0.5467853658269333,0.5435340184924788,0.5401166834540486,0.536526088251934,0.5327545660797594,0.5287940842015838,0.5246361859907748,0.5202719916372232,0.5156922899467848,0.5108869551445601,-2.0,0.5005586893470555,-2.0,-2.0,0.48310192514834593,-2.0,0.47000915524196246,-2.0,0.4556230676231,-2.0,0.43982038747992735,-2.0,-2.0,-2.0,-2.0,-2.0,-2.0,-2.0,-2.0,0.34721877593624223,-2.0,0.3208153832142365,0.30666407944145874,0.2918397408684387,0.2763106098627889,0.2600434142997878,0.24300330512500046,0.22515377503581407,-2.0,0.18687167420250617,0.16635708574247343,-2.0,0.1223609824252394,-2.0,-2.0,-2.0,-2.0,-2.0,-2.0,-0.06809793489329097,-2.0,-2.0,-2.0,-2.0,-2.0,-2.0,-2.0,-2.0,-2.0,-2.0,-0.5251001118934443,-2.0,-2.0,-0.6957349710650376,-2.0,-2.0,-0.8917924818115025,-2.0,-2.0,-2.0,-2.0,-2.0,-1.3758811434225073,-2.0,-1.5695119505667119,-2.0,-1.7819237291587386,-1.895734940407796,-2.0,-2.0,-2.0,-2.407511463292915,-2.0,-2.0
0.0359150422699641,-0.010725744703915028,-0.0028607451561566155,0.005367283550622478,0.01374848178593118,0.022506037779617533,0.03148799028027138,0.04079820819785539,0.05036455995327981,0.06025114274218359,0.07038085005884855,0.08086646531814445,0.09153277088558433,0.10257720242573777,0.11381064625507988,0.1253293390620618,0.13717682985826787,0.14914609168863505,0.1613865139966131,0.17389461128395928,0.18657032206971516,0.19936833840753185,0.21235989586238382,0.22551590269855903,0.2388052122044984,0.2521035664683837,0.2654339528167531,0.27880096360732276,0.29216939516027013,0.3055036385692641,0.3187684111065175,0.3319284925300467,0.3448721688947957,0.3575808970604003,0.3700719245326763,0.38231632366373225,0.3942921535024635,0.4059860958345442,0.4172906094975772,0.42807678275122085,0.4385241321166589,0.4486783130242732,0.4583059642693278,0.4673638010384012,-2.0,0.4844073427750632,0.4922616028389905,0.49966989365461734,0.5066103380578785,0.5131173053005079,0.5193819243487972,0.5249039007725741,0.5305080041098896,0.5354788282140904,0.5399557965591033,0.5445393951069395,0.5486854992403546,0.5523112476277715,0.5556674939893722,0.5591307243278292,-2.0,0.5651472458904666,-2.0,-2.0,-2.0,0.5742856152797141,0.5763626789409949,0.578221897783894,0.5798861996339313,0.581375122485356,0.5827051123823829,-2.0,-2.0,-2.0,-2.0,0.587435744606328,-2.0,-2.0,0.589627207304532,0.590176578132149,0.5906287666275258,0.5909873908975485,0.5912570564829753,0.591440695550323,0.5915410592995328,0.5915607281618305,-2.0,0.5913645998635534,0.5911510929765252,0.5908622081924765,-2.0,0.5900592657738417,-2.0,-2.0,0.5882913077558171,0.5875497261623787,0.5867305406154102,0.5858322279655549,0.5848536134812908,0.583792903084293,0.5826481617662704,0.5814174024241192,0.5800980002141494,0.5786874306432981,0.577183117664238,0.5755819350655194,0.5738806407274365,0.5720757604155224,0.5701635796024466,0.5681401409469633,0.5660012341788606,0.5637423932767074,0.5613592220693402,0.5588458710903866,0.5561974579701202,0.5534086675844546,-2.0,-2.0,0.5441384210092142,-2.0,-2.0,-2.0,0.5294124392487746,-2.0,-2.0,0.5163195043054963,-2.0,0.5064786537196401,-2.0,0.49565092798195065,-2.0,-2.0,-2.0,-2.0,0.4636326587892062,-2.0,0.44855780689644575,0.4404728001048681,0.43199991930299236,-2.0,0.41381708113885374,-2.0,-2.0,0.38315096168647045,0.3719378661624555,0.3601900468035929,-2.0,-2.0,-2.0,0.3073305094219902,-2.0,0.27697868922418334,-2.0,-2.0,-2.0,-2.0,0.18754325830115315,0.16702927680677992,-2.0,-2.0,0.09945905651951603,-2.0,0.048900383976865136,-2.0,-2.0,-0.03629001424308764,-2.0,-0.10002873909627308,-2.0,-2.0,-0.20742186794383788,-2.0,-2.0,-0.33082104378589683,-0.37591309051000554,-0.42314205651597336,-0.4726091070569327,-2.0,-0.5786864360456059,-2.0,-2.0,-2.0,-2.0,-2.0,-2.0,-1.0377865719246915,-2.0,-2.0,-1.284901984080186,-1.3751991277644964,-1.469774151102013,-2.0,-1.6725779467205277,-1.781241202363022,-2.0,-2.0142551182434083,-2.1391049298558746,-2.2698692838276253,-2.406828470199085,-2.0,-2.700518491820813
0.03489101213406772,-0.015180265965051684,-0.007500299538554969,0.0004936356311743128,0.008786139300594317,0.01729465904673518,0.026188586288279636,0.03523442915599652,0.04469749912431147,0.05432003608841939,0.0643647539583433,0.07455345174392461,0.08513887370892097,0.09593085708327719,0.10702501733694046,0.11844193005768844,0.13000713573066486,0.14189598094223949,0.15406037409513418,0.16633713293029825,0.17887486686406756,0.19164799707044966,0.20457755108627407,0.2175832680715085,0.23074349951185688,0.2440275605323959,0.2574029000041768,0.2708340999585688,0.28419091777714517,0.2975157118800152,0.3107919080027369,0.32398322539295443,0.3370541953303656,0.3499710741222037,0.36270299319731236,0.3751570749034539,0.38725093965608576,0.39905191542642704,0.41054870532404153,0.42173920321309283,0.4325610286028029,0.4427774582715253,0.4526481619058205,0.46225354932262164,0.4711611853635645,0.4797000363826449,0.4879522539090888,0.4954402259673323,0.5028708072712852,0.5094650121643456,0.5160355504924306,-2.0,0.527460548052237,0.5329192899355981,-2.0,0.5421249385520102,0.5466182873606338,0.5505616773416347,-2.0,0.557410562099986,0.5608223865711854,0.5638690855125744,-2.0,0.5689811765555316,0.5711444510519089,0.573316180974216,0.575515469764572,0.5775025153186638,-2.0,0.580870517176152,0.5822898672792709,0.5835555447978644,-2.0,-2.0,0.5865485471959508,-2.0,0.5880573412773747,0.5888306843747957,-2.0,0.590136027624989,0.5906332091506123,0.5910337356289115,0.5913417787054652,0.5915609660479554,0.5916944365577581,0.5917444320827491,0.5917133231757918,-2.0,-2.0,0.5911478839188157,0.5908050203429096,-2.0,-2.0,0.5893190486013674,-2.0,0.5879441778486869,0.5871392475504923,0.586254569322813,0.5852886803058491,0.5842403141878447,0.5831064821746086,0.5818863817298616,0.580577070017661,-2.0,-2.0,0.576087753142006,0.574394618004252,0.572597102697935,0.5706920614440811,0.5686753806034994,0.5665432103022486,0.5642903784843527,0.5619125062567047,-2.0,0.5567615134304217,0.5539776899556376,0.5510469828517807,0.5479633853041548,0.5447202811844075,0.5413107762999816,-2.0,-2.0,-2.0,-2.0,-2.0,-2.0,-2.0,-2.0,0.5018079251527834,-2.0,-2.0,-2.0,-2.0,-2.0,0.4642596371217191,-2.0,-2.0,-2.0,0.4326335607077176,-2.0,-2.0,-2.0,-2.0,-2.0,0.37257934661668723,-2.0,-2.0,0.335633251793636,-2.0,0.3079770490267975,-2.0,-2.0,0.2613612983591888,0.24432267169548205,-2.0,0.20777872422760923,-2.0,-2.0,0.14619470667864137,0.12368794249943471,-2.0,0.07542008674351608,-2.0,0.022464300835383755,-0.005911782744377536,-0.03563347287293728,-2.0,-2.0,-2.0,-0.16929599789708483,-2.0,-0.24600684626645963,-2.0,-2.0,-2.0,-2.0,-2.0,-2.0,-2.0,-2.0,-2.0,-2.0,-2.0,-2.0,-2.0,-2.0,-1.1157140912639458,-1.1980269566743509,-2.0,-2.0,-1.4691114270230896,-1.5681668301912857,-2.0,-1.7805781403063596,-1.8943891386072391,-2.0,-2.0,-2.2692058531628474,-2.0,-2.0,-2.0
0.03389617972850788,-0.019599167545514894,-0.012005474152500141,-0.004238847698075158,0.003886564310161953,0.012234258211222888,0.02088237937232304,0.029831707815389148,0.039025745010842654,0.04856059658759631,0.05832361777730789,0.06842305666572629,0.07877781353712966,0.08941561630113877,0.10038432166136281,0.11152844071002119,0.12302514873743627,0.13474442935719846,0.14667481413823488,0.1589015413459725,0.17135131661793365,0.18391876174851277,0.19671377848985624,0.20970923198193192,0.2228685811632386,0.23603797463945014,0.2493159322002771,0.2626740090454946,0.2760781619825932,0.289493614171506,0.30288554009906626,0.3161457234527277,0.32926170949590233,0.34224063675789695,0.35504763551356516,0.36765085677035336,0.3800226520087011,0.39214075525482744,0.40386542914958207,0.4151601867155792,0.42612583322742476,0.4367761870955382,0.44704637209626097,0.45665572480987143,0.46596556593657723,0.474951993474318,0.4831737105771747,0.4912963048702598,0.4986410046897351,0.5058745675268671,0.5123358666178135,-2.0,0.5244130228673926,0.5300204419489633,0.5352074022737048,0.5397299974032939,-2.0,0.5485984587127094,0.5523515134599233,0.555713155029375,0.5591471226625009,0.562437099630478,0.5653482455770671,0.5679341304455611,-2.0,0.5723617705279168,0.5745583451724207,-2.0,0.5785852183853579,0.580283554611821,-2.0,0.5831523021249918,0.5843544092167585,0.585419007925669,0.5863567525888316,0.5871765862364683,0.5879040293421893,-2.0,0.5893944876223941,0.5900457088885854,0.5905910160804242,0.591035706019299,0.5913841663951622,0.5916406510353177,0.5918087004784459,0.5918906808394657,-2.0,-2.0,0.5916428447772261,-2.0,0.5910799623663553,-2.0,0.5902058595096583,-2.0,0.5890207552764178,0.588310449521578,-2.0,-2.0,-2.0,-2.0,0.5835391242718064,-2.0,-2.0,0.5796397640545996,-2.0,0.5765697625878052,-2.0,-2.0,0.571197796973575,-2.0,-2.0,-2.0,0.5624438723006997,-2.0,-2.0,0.5545248622254498,0.551599027790775,0.5485202648683041,-2.0,0.5418759632646694,-2.0,-2.0,0.530585575591921,0.5264374112217903,-2.0,-2.0,-2.0,0.5076816673076331,0.5024018769618167,-2.0,0.4910560389541089,-2.0,0.4785799570803001,-2.0,0.46486677884352084,-2.0,-2.0,0.4417173131752692,-2.0,-2.0,-2.0,-2.0,0.3951122512347387,-2.0,-2.0,-2.0,0.3491504218032942,0.33625862731775247,-2.0,-2.0,0.29378262347791534,-2.0,-2.0,-2.0,0.22710595013891594,0.20841081984850585,0.1888278772201939,0.1683151631600589,-2.0,-2.0,-2.0,0.07605578873278174,0.05019179047386446,0.023101000671080563,-2.0,-0.03499586811874156,-2.0,-0.09873296908771834,-0.13288537903446818,-0.1686568188195342,-2.0,-0.2453669838140733,-0.2864700602406227,-2.0,-2.0,-0.42184111743771613,-2.0,-0.5231182790519857,-2.0,-0.6342211152039838,-2.0,-2.0,-2.0,-0.8898068884795194,-2.0,-2.0,-2.0,-2.0,-2.0,-2.0,-1.4684674585125115,-2.0,-2.0,-2.0,-2.0,-2.0,-2.0,-2.0,-2.405520004832825,-2.548967096994113,-2.0
0.0329297125509715,-0.023890023700074047,-0.016481399751921786,-0.008834337200231732,-0.0009401150300250097,0.007318528410840398,0.01572272649310799,0.024513030583828022,0.03351817333211842,0.04286323497363081,0.05245342970639595,0.06237680473210825,0.07253068527454172,0.08305540786240474,0.0937459779065102,0.10481470193491829,0.11608916548473315,0.12763158038786096,0.13950236006642588,0.15151486065770925,0.16377727650919707,0.17630630263616384,0.18902766099840854,0.20184465905402837,0.21485350722596802,0.228024601256131,0.24132717621106503,0.25467214030853785,0.26801212095944016,0.28138580347496234,0.29475769672743696,0.3080917495184363,0.3213525083172308,0.3345052126258742,0.3474835790674466,0.3601849817492073,0.37265644011998567,0.38487602231638113,0.3968215516787324,0.408479214341644,0.4197940941063372,0.4305577584252609,0.440953295476316,0.45104897435294405,0.4606961983804093,0.4696900416697541,0.4785024992196279,0.48667555761649345,0.4944424614593359,0.5018637066173838,0.5087067523973414,-2.0,0.5214066509966467,0.5269055222917948,0.5324784421084623,0.5373795255052598,0.5418376280924481,0.546395954074712,0.5504842592310637,0.5540574794031516,0.5573962020694323,0.5608365351449208,0.5639769076493724,0.5667585857265028,0.5692310656190375,0.5714342445833728,0.5735615289665751,0.5757624686239,0.5777956351481657,-2.0,0.5812317508616117,0.582676668148588,0.5839622129953899,0.58510156790237,0.5861067940661568,-2.0,0.5877536407499935,0.5884614453614275,0.5891983178462886,-2.0,-2.0,0.590991096971021,0.5913823641622142,0.591678251146254,0.5918825681292607,0.5919980946419627,0.59202761146753,0.5919733331088178,0.5918370182902658,-2.0,-2.0,-2.0,0.5904902320968245,0.5899556465205821,0.5893415889315655,0.5886478725727123,0.5878736793880455,0.5870175611981651,0.586078977768267,-2.0,-2.0,0.5827483897516501,0.5814597873186058,0.5800787453286151,0.5786022355910104,0.577027310754219,-2.0,-2.0,0.5716794096812553,0.569676966069024,0.5675579334858244,0.5653179100174184,0.562952222106784,-2.0,-2.0,0.5550501450307658,0.5521293736580131,0.5490549434373393,0.5458206381230482,0.5424194900459572,0.5388442598291491,0.5350873457173259,0.5311407418627324,0.5269961195488421,0.5226443799447213,-2.0,0.5132826087992329,0.5082524947169323,0.5029753914237297,-2.0,0.4916345423038496,-2.0,0.4791629792307993,-2.0,0.46545389693940825,-2.0,0.4503898526166834,-2.0,-2.0,-2.0,-2.0,-2.0,-2.0,0.38501355712179,0.3738040171941597,0.36205963933037155,-2.0,-2.0,0.3233598401612796,-2.0,-2.0,-2.0,0.2626017009777735,-2.0,-2.0,0.20902366463895883,-2.0,0.16892996318587883,0.14744355775126045,-2.0,-2.0,-2.0,-2.0,-2.0,-2.0,-2.0,-2.0,-2.0,-2.0,-0.1680366918008417,-2.0,-2.0,-2.0,-2.0,-2.0,-2.0,-0.4706853216761653,-2.0,-2.0,-2.0,-0.6931280643766775,-2.0,-2.0,-2.0,-0.9608229174886382,-1.0358570935954126,-2.0,-2.0,-2.0,-2.0,-2.0,-2.0,-1.6706454243706448,-1.779308349024337,-2.0,-2.0123215681565405,-2.1371710971672977,-2.0,-2.0,-2.0,-2.6985833941316777
0.031990801835925474,-0.02805672157697998,-0.02085904255284127,-0.013327844341158704,-0.005627104291301818,0.0023972122703640915,0.010712038083857095,0.019252425292043174,0.028169723114705718,0.0372491700856303,0.04674823129379106,0.05639430638072058,0.06646425139664382,0.0766900740124901,0.08729929876975583,0.09813137107745012,0.10924934035056132,0.12070914427535129,0.13229763374257208,0.1442088036690912,0.1564161366130808,0.16871632224593097,0.18127426077017578,0.1940661828931933,0.2070427085774074,0.22006466837272634,0.23323951151600483,0.2465356998519538,0.2599204349776208,0.27336044551738287,0.2867615898247422,0.3000885385388873,0.31336317793215074,0.32654898305492236,0.33961018039667557,0.3525126303388025,0.36522528145833705,0.3776976503390693,0.3897869718253215,0.4015549081283237,0.4130131344352438,0.4241586053210031,0.43497258748486384,0.4451735436020604,0.4549826115679884,0.46453601095070174,0.4734489757619086,0.48190799969191955,0.49014716845642375,0.49757562498481905,0.5049734717959085,0.5115122056186414,-2.0,0.5238736085660071,-2.0,0.5348067590152159,0.5394491543718701,-2.0,0.5483939089573472,0.5522800297854028,0.5556958998875499,0.5590739047033825,0.5624470671023544,0.5654449981134937,-2.0,-2.0,-2.0,0.5747448516759258,-2.0,0.5788487512598306,0.580581820732071,-2.0,-2.0,0.5847202522577902,0.585797740843064,0.5867440534999894,0.5875689110743362,0.5882838345175804,0.588985138358818,0.5897110768469985,-2.0,0.590900607654622,0.5913369086263397,0.5916742207608985,0.591916625414611,0.5920674828434368,0.5921294983742431,0.5921055532130598,0.5919970538941767,0.5918058044406793,-2.0,-2.0,0.5907444261544719,-2.0,0.5896341480435952,0.5889577365313448,0.5882002037119642,0.5873588631709153,-2.0,-2.0,0.584327349448788,-2.0,0.5818645220456912,0.580494168414076,0.5790276549947114,-2.0,-2.0,0.5740215410387168,0.5721393096408084,0.5701447722971993,0.5680329783900335,0.5657992315203679,0.563439789946581,0.5609497075018796,0.5583230365398241,0.5555548539938685,0.5526391170762034,0.5495696582465764,-2.0,0.5429432249289015,-2.0,0.5356191835160864,-2.0,-2.0,-2.0,-2.0,-2.0,-2.0,0.5035299236290668,0.4979971898351684,-2.0,0.4861086043758016,0.47972731910434485,-2.0,0.46602245939874515,0.45866955184089797,-2.0,-2.0,-2.0,0.4255452915357747,0.41624685182494736,-2.0,0.39629414777302896,-2.0,0.3743884943035606,-2.0,-2.0,-2.0,0.3239488213158602,0.30980222381553485,0.2949823728601583,-2.0,-2.0,-2.0,-2.0,-2.0,0.19003718691430982,-2.0,-2.0,-2.0,-2.0,0.07727123559639038,0.05140830042874611,-2.0,-0.004056127660078346,-2.0,-2.0,-2.0,-2.0,-2.0,-2.0,-0.24414284954473808,-2.0,-2.0,-2.0,-0.42061449881574675,-0.4700804738792871,-0.5218905813734303,-0.5761558067381226,-0.6329924342976675,-0.6925222218992482,-0.7548727094742962,-2.0,-2.0,-2.0,-2.0,-1.1138392350090895,-1.1961516114233937,-1.2823637036377378,-2.0,-1.4672347438545226,-1.566289738124491,-1.6700374973181495,-1.7787002928790372,-1.8925109374287685,-2.01171327155944,-2.136562694023649,-2.0,-2.0,-2.5477323145900423,-2.6979747220238486
0.031078661877820123,-0.03210427044112888,-0.025110025425793773,-0.01779334028613634,-0.010178520175423792,-0.002382539345930617,0.0057745080654797165,0.01414394728504702,0.022825196689136455,0.03179739659898594,0.041026368099838714,0.050584708024934234,0.060384687459358356,0.07050789571777953,0.08090183072322286,0.09156330345812319,0.1025736829183229,0.11374108087079748,0.12526084116534408,0.13702402145721718,0.14897636451364082,0.1612244421765367,0.17372056361812616,0.18630723987700262,0.19912041743191275,0.21213211121192252,0.2253132124247543,0.23852262807703176,0.25181167225630635,0.2651781229908002,0.278587607308986,0.2920051440623306,0.305395574217767,0.3186973552819354,0.33181067585103896,0.3447781763074865,0.3575689684845981,0.3701508453012078,0.3824958862809461,0.394582540444221,0.40633156313534624,0.4175970823013487,0.4285146565766083,0.43911136167833853,0.44937126741043026,0.45895503109951274,0.46819316628738317,0.47716172311923455,0.48534033777886837,0.4933953018750324,0.5007316710564659,0.5078871005525978,0.5143345311146437,0.520740966078244,0.5263040217414894,-2.0,0.5370130291966616,0.5414967264941593,0.5460533755483065,0.5502936891474878,0.5539899036377969,0.5573214936640988,-2.0,0.5639808013304587,0.5668429106404977,0.5693820326838889,0.5716405212886491,0.5737361834497876,-2.0,0.5779904891076693,0.5798445989841089,0.5814967496172436,0.5829669368999764,0.5842722684735508,0.5854264428503908,-2.0,0.5873300680449853,0.5880987525054573,0.5887782300150188,0.58947400904128,0.5901701247792985,0.5907620184372765,0.5912458405180312,0.5916268969857083,0.591909303258084,0.5920975108023503,0.5921936690561964,-2.0,0.5921223725167004,0.5919585609456054,0.5917110416589229,0.5913805782868364,0.590968211890205,0.5904739221892952,-2.0,0.5892394018460015,-2.0,0.5876732610216604,-2.0,-2.0,0.5846837219610688,0.583510207511047,0.5822449488524712,-2.0,0.5794292470102771,0.5778735218505734,0.5762150608311453,0.574450681567265,0.5725768302251564,0.5705897268234666,-2.0,0.5662587014996029,0.563905953072101,0.5614219002658851,0.558801336462131,0.5560391498722692,0.5531284305901937,0.5500638938315168,0.5468389826685606,-2.0,-2.0,-2.0,0.5321921408458318,-2.0,-2.0,-2.0,0.5143609370749177,-2.0,-2.0,0.49853526460407227,0.49273488532523224,0.48665173150852414,0.48027279056066474,-2.0,-2.0,-2.0,-2.0,-2.0,-2.0,-2.0,-2.0,-2.0,0.39685770072659765,-2.0,-2.0,0.36321280036128556,-2.0,-2.0,-2.0,-2.0,-2.0,-2.0,-2.0,-2.0,-2.0,0.21019586156372805,-2.0,-2.0,-2.0,-2.0,-2.0,0.07785232284092636,-2.0,0.0249007001222894,-2.0,-2.0,-2.0,-2.0,-2.0,-2.0,-2.0,-2.0,-0.2846592183831176,-2.0,-2.0,-2.0,-2.0,-0.5213030952505086,-2.0,-2.0,-0.6919339621804814,-2.0,-2.0,-2.0,-2.0,-1.0346609575725574,-2.0,-1.1955619768824377,-2.0,-1.3720703228132283,-2.0,-2.0,-1.6694471080184266,-1.7781097745708827,-2.0,-2.0,-2.0,-2.266735702483582,-2.4036943130228363,-2.0,-2.0
0.030192529373589783,-0.036148711420683856,-0.029238058776533186,-0.022129680488167866,-0.014691813059178974,-0.00702408274896028,0.0009006221117231486,0.009183141637907054,0.017617469576690907,0.026442232597722624,0.03546970264287831,0.04485111861720182,0.05446433425344847,0.06442607801694229,0.07460312787047647,0.08516863776778208,0.09588229282290979,0.1069743393050546,0.11829160643002139,0.12985651007640003,0.1417491927997788,0.15380689674136036,0.1660897715303811,0.17863815713076486,0.19140712670567545,0.2042413953812971,0.21726585607600923,0.23045011312920688,0.24376362054744394,0.2571556608796122,0.2705045011456371,0.28388242660525925,0.2972550681570279,0.31058625297497433,0.32384005422591217,0.3369814560329404,0.349972300334486,0.36268818602459735,0.37513615698717745,0.3873270597006,0.39923807821950336,0.41085523715443617,0.42216001550445303,0.4329186842643918,0.44325710675665686,0.45328872299311146,0.4629404488556322,0.4718808542790292,0.48061296124086517,0.4888025366449018,0.4964763569102775,-2.0,0.5106493210901096,-2.0,0.5232642636059723,0.5287448491816356,0.534277679667866,0.5391051680629261,0.5435474921426007,0.5480737375312394,0.5520998170995599,-2.0,0.5589406847726432,0.5623523539530825,0.5654405398459897,0.5681727822211199,0.5705979165044323,0.5727561835826891,0.5748616404682951,0.5770306300204227,-2.0,0.5807838852471414,-2.0,0.583754012367658,0.5849907884153642,-2.0,-2.0,0.5878648669423222,-2.0,0.5892385645133319,-2.0,-2.0,0.5911086333641424,0.5915357797334116,0.5918604371646753,0.5920875903702973,0.5922198660316638,0.5922608062961358,0.592212756657868,0.5920775898590528,0.5918566401478026,0.5915507679621177,0.5911616186117251,0.5906887763255076,0.5901326629284388,0.5894931716371551,-2.0,0.5879611611357914,0.5870669218690837,0.5860853723922081,0.5850153549741746,0.5838545564902717,0.5826012540607655,0.5812531588606233,0.579807672222091,0.578262518897628,0.576613156047508,0.5748578230913957,0.572992482468034,0.5710136576892155,0.5689163607360538,0.5666972003348927,0.5643512629182894,0.5618736587366621,0.5592592030022029,0.5565024051919832,0.5535974605908234,0.5505382362245108,0.5473182601528801,0.543930803630284,0.5403686657799577,0.5366241527094581,0.5326888461731597,0.5285554626388395,0.524214225785852,0.5196564380826231,0.5148716883440508,0.5098506005274582,0.5045820850528459,0.4990548811584222,0.49325717350563847,-2.0,-2.0,-2.0,0.4671040261792477,-2.0,-2.0,0.4439773499694397,0.43551449460148256,-2.0,0.41735030765420844,0.4076100757592565,0.3974035914223737,-2.0,-2.0,0.36376273290949623,-2.0,0.33857458830426734,0.32507312812092315,-2.0,-2.0,-2.0,-2.0,0.24729200618891667,0.22944783604927205,-2.0,-2.0,0.17066577825559748,-2.0,0.12667834107831766,-2.0,-2.0,0.05255446924461915,-2.0,-2.0,-2.0,-0.06375593209290831,-2.0,-2.0,-0.16628137340714477,-2.0,-2.0,-2.0,-0.3271401471740335,-0.3722303896575748,-0.41945761152968775,-0.46892300474721926,-0.5207325501166049,-0.5749972485093966,-2.0,-0.6913626612819463,-0.7537126941889636,-2.0,-2.0,-2.0,-1.0340885648099671,-1.1126771935460371,-2.0,-2.0,-1.3714972347123686,-1.4660713927316054,-2.0,-2.0,-1.7775361091803359,-1.8913464026065057,-2.0,-2.0,-2.2661615564733397,-2.0,-2.546566774971854,-2.0
0.02933166278390044,-0.04007675537831815,-0.03330199086154689,-0.02634066440941081,-0.019114667366624934,-0.011553286446657745,-0.003832305444114392,0.004223613657381764,0.012560062555872933,0.021133672365714305,0.030073539278431607,0.03918801394980929,0.048714937095150575,0.05839330115809118,0.0684862535287044,0.07875124735900069,0.08938401401074796,0.1002578376174108,0.11139849611237891,0.12289522981684796,0.13451304930200497,0.14644560398272483,0.15867937452992736,0.17101988795656917,0.1835964469215153,0.19640550215696337,0.20941831376156447,0.22246748338927944,0.23565476240500818,0.2489608539998877,0.2623528288345143,0.2757969176247651,0.2892417978021351,0.30257313351586296,0.3158435026265761,0.3290208567024014,0.3420690801511212,0.3549539084039225,0.367643641035554,0.38010955847793165,0.3922164034812813,0.40394798017059724,0.4153627517918432,0.426459123378782,0.4372441833251505,0.4474469449855629,0.457188833774944,0.4666719413416539,0.4756036486154202,0.48397691810899807,0.49218935907422934,0.49956555735777014,0.5069181254293822,0.51340739320078,0.519930465985867,0.5256576643556425,0.5311963262710356,0.5365235655859172,0.5411046507843164,-2.0,0.5499912292673036,0.5538165574376578,-2.0,-2.0,0.5638824319685779,0.5668277761048481,0.5694359005114167,0.5717513102467668,0.5738415086358293,-2.0,0.5780890825811331,0.5799825525201862,0.5816667671355862,0.5831626140589156,0.5844873165116219,0.5856565440515223,-2.0,0.5875765957058429,0.5883476208499756,-2.0,0.5896631508193495,0.590336202317239,0.5909232642466851,0.5913988931586311,-2.0,0.5920363647566477,0.5922067359598124,0.5922827738718605,0.592267256189465,0.5921615621777876,0.5919683453942088,0.5916887111868342,0.5913234894823622,0.5908732372152014,0.5903386165062454,0.589718208424675,0.5890130812423517,-2.0,0.5873435288585368,0.5863776667608096,0.5853216443349984,0.5841740856125637,0.5829337445242665,-2.0,0.5801626570134004,0.5786278557907006,0.5769884645921659,0.5752424721837853,-2.0,0.571415150771653,0.5693260430200393,0.5671143333275857,0.5647754452807205,0.5623045135828351,-2.0,0.5569459724935252,0.5540462946533083,0.550992448488821,0.5477775737511332,-2.0,-2.0,0.5370968330215751,0.5331660084220743,0.5290362901707606,-2.0,0.5201445238822531,0.515363509227369,0.5103456264174,0.505080157677677,0.4995558512100763,-2.0,-2.0,0.48130887981443526,-2.0,-2.0,-2.0,-2.0,0.44449697284557455,-2.0,-2.0,-2.0,-2.0,-2.0,-2.0,-2.0,-2.0,0.3519954317798368,0.3391092832420195,0.32560897478100215,-2.0,-2.0,-2.0,0.26486675689066014,0.2478328161554224,-2.0,0.21129824409933828,-2.0,-2.0,-2.0,-2.0,-2.0,-2.0,-2.0,-2.0,-0.002359490638901507,-2.0,-0.06320657255563467,-0.09581091936667263,-2.0,-2.0,-2.0,-0.24243710836916932,-0.28353844563443853,-0.3265879466196324,-2.0,-0.418904747164928,-0.46836982992589493,-0.5201790885463342,-2.0,-2.0,-2.0,-2.0,-2.0,-2.0,-2.0,-2.0,-2.0,-2.0,-2.0,-2.0,-2.0,-2.0,-2.0,-1.7769794331711501,-2.0,-2.0,-2.0,-2.2656043884885246,-2.402562798533276,-2.5460093915562583,-2.696251506932062
0.028495341712609815,-0.043891260998671834,-0.03730961680988565,-0.03042994528635974,-0.02340969201443175,-0.01606380590462712,-0.008428473226703537,-0.0006019426357832096,0.0075877181007313246,0.015978470481002753,0.02469413403215738,0.033688454150384496,0.04295373881172999,0.052534717223110726,0.06237311872413479,0.07251910791360347,0.08295381490272354,0.09363794020277857,0.10469159863289322,0.11588119088427402,0.12742277288065665,0.13923157992973365,0.15120463627917965,0.16347232436851628,0.17600906979790132,0.18862134035182732,0.2014508580365159,0.2144769969207549,0.22767040226817442,0.24092923654592235,0.2542272783387799,0.2675998697815394,0.28101232591205894,0.29442937990274526,0.30781557294349127,0.3211337979177273,0.33426858277596144,0.3472215111264828,0.35999294965350503,-2.0,0.38486469863728134,0.39691517252580727,0.4086660493733942,0.4199224819848848,0.4307878628404122,0.441325525088357,0.45155538573187637,0.461129332064548,0.4702900238478986,0.47922411921267155,0.4873710492646721,0.4953417431650477,0.5026800573241818,0.5097424470828474,0.5161838680917598,0.5225213874959693,0.5280381407331969,0.5336197298193187,0.5386493261294586,0.5430965964250679,0.5476383109944478,0.5518117028779419,0.555448071712422,0.5587499427808126,-2.0,0.5653362203732012,0.5681460782426213,0.5706345248389005,0.572844370998,0.5749106061349265,-2.0,0.5790882865752887,0.5808921730579041,0.5824943002765622,0.5839141919637284,0.5851678519648388,-2.0,0.5872329570929626,0.5880662170814077,-2.0,-2.0,-2.0,0.5906896396421728,0.59121662374336,-2.0,0.5919445696434481,-2.0,0.5922675296115216,0.5922856931874514,0.592211662373297,0.5920477116791802,0.5917953457216654,-2.0,0.5910285535706262,0.5905152662234917,-2.0,0.5892296392943042,0.5884562963966936,0.5875948987044984,0.586644305604331,0.585603113219263,0.5844697729303268,0.5832422576253113,0.5819180106816856,0.580495212329367,0.5789709366427851,0.577342243515366,0.5756060552863776,0.5737589210218393,-2.0,-2.0,-2.0,-2.0,0.5627158433963357,0.5601142458976393,-2.0,0.5544762246600151,-2.0,-2.0,-2.0,0.5412876429049163,0.5375518479710532,0.53362529788566,0.5294996386679688,-2.0,0.5206153906406008,-2.0,0.5108233691608528,0.5055609574808524,-2.0,0.49424753236337804,0.4881722472073695,0.4818008061840987,0.47511953994608774,0.46811419306784335,0.4607697615230737,0.45307052520559454,0.44500000429887243,0.43654092012254714,-2.0,0.4183837437092067,-2.0,-2.0,-2.0,-2.0,-2.0,-2.0,-2.0,-2.0,-2.0,0.2971706710948296,-2.0,-2.0,-2.0,-2.0,0.21182484566858628,0.19224639818757094,-2.0,-2.0,-2.0,0.1041829344468489,0.07949386430243088,0.053633252282195176,-2.0,-2.0,-2.0,-2.0,-2.0,-2.0,-0.16519562193795578,-0.20266040432359078,-0.24190124111917344,-2.0,-2.0,-2.0,-0.4183674623666881,-0.4678322358889152,-2.0,-2.0,-2.0,-2.0,-2.0,-2.0,-2.0,-0.9579601407113195,-1.0329933432849376,-1.1115815820116737,-2.0,-1.2801046499561193,-1.3704003692393725,-1.4649743938664082,-1.564028792809721,-1.66777597775999,-1.7764382259239673,-2.0,-2.009450190258942,-2.0,-2.0,-2.0,-2.5454674499749714,-2.0
0.027682866303920653,-0.0475955395905004,-0.04120144124581504,-0.03451026720498181,-0.02758063898110514,-0.02044402277093772,-0.012975953246353089,-0.005288128778962326,0.0026682135766157218,0.010972231195545265,0.01943963488498611,0.028300082569925673,0.037349256753385136,0.046768302448329545,0.0564036871606532,0.06640524727797067,0.07660475728976936,0.08720835888212294,0.09794817715859992,0.10906231413348429,0.1204240101110524,0.13201019260653643,0.14392344447486446,0.15602794720688012,0.16832998357186313,0.18089613557059192,0.19370027151194047,0.20656442918925683,0.21960237247891468,0.23279819697561888,0.24612056509532723,0.2595371535325993,0.272917060609484,0.28629683251801863,0.29966774983137406,0.31299332317839756,0.3262373033992044,0.33936435463076814,0.3523408927782579,0.36509062765542,0.3775174447274286,0.389675953733035,0.401548394830748,0.41312136410092254,0.42439168589825194,0.43516605272171854,0.4454427142027089,0.4554051209823842,0.46504305596757356,0.4739433788797083,-2.0,0.4907949619967764,0.4983688332793164,0.5057864500803152,0.5124445065330367,0.5189727474989683,0.5249605960837885,0.5304289759796136,0.5359118123776436,0.5406614772035521,0.5450918017886566,0.5495786833556225,0.5535393709864411,-2.0,0.5603070594526075,0.5636839161548176,-2.0,0.5693956154535762,0.57176981332254,0.5738818209349685,0.5759628842586596,-2.0,0.5800285672766294,-2.0,0.5832663224750889,0.5846113123750433,0.5857952350125206,-2.0,-2.0,-2.0,-2.0,-2.0,0.5904056506122195,-2.0,0.5914534222872757,0.5918102839962436,0.5920625603085463,0.592213776101366,0.5922678418914716,-2.0,-2.0,0.5918693240072199,-2.0,0.5911536769767113,-2.0,0.5900852760318426,0.5894189329618416,0.5886642652347901,-2.0,0.58688624195256,0.5858603106088269,0.5847412839857218,0.5835272152672908,0.5822161254098184,0.5808054045903791,0.5792921815921763,0.5776743850744924,-2.0,0.5741100618296034,-2.0,0.5700842854775493,0.5678887525459544,0.5655642532735909,0.5631073795183003,0.5605125491339461,0.5577743398679594,0.5548870246144815,0.5518444726681173,0.5486403224776106,0.5452677798200806,0.5417197012351743,0.5379885591326131,0.5340664262262799,0.5299449597056257,-2.0,-2.0,0.5162945537931086,0.5112833756688829,0.5060242979723514,0.5005060676728997,-2.0,-2.0,-2.0,-2.0,-2.0,-2.0,0.4535547277419656,0.44548627987550793,0.437029508421751,-2.0,-2.0,-2.0,0.39893863832209076,-2.0,0.3770472182513229,-2.0,0.35301375277639596,0.34013013539370907,-2.0,0.31249108192318825,-2.0,-2.0,-2.0,-2.0,-2.0,-2.0,0.19275779465283427,-2.0,-2.0,0.12826702262212475,-2.0,0.08000886993247414,-2.0,-2.0,-2.0,-2.0,-2.0,-2.0,-2.0,-2.0,-2.0,-2.0,-0.28248169629113207,-2.0,-0.37061965363673155,-2.0,-0.46730990649446946,-0.5191189863029115,-2.0,-2.0,-0.68974663563293,-2.0,-2.0,-0.885797439090696,-2.0,-1.0324691229975458,-1.111057159369787,-1.1933686187351429,-1.2795798573839798,-2.0,-1.4644492453149056,-1.5635034846528753,-2.0,-2.0,-2.0,-2.0,-2.0,-2.2645365412667706,-2.0,-2.0,-2.0
0.026893556656722693,-0.05120501286753177,-0.044980858818318176,-0.038480444169367176,-0.03167760831407424,-0.02469775672392586,-0.017442543186715592,-0.009849892807311867,-0.0021092728424971035,0.0059793695685095485,0.014336784635101366,0.022944823226447926,0.031906481402709526,0.04105727797165359,0.050606444413205755,0.06032324429037478,0.07043853244848729,0.08074427700583581,0.0913991609073302,0.10231633778381864,0.11347851025824969,0.12499687357963317,0.13665959712950737,0.14861241866651356,0.16086485903993933,0.17325371937281467,0.18584735189808352,0.19867178370656266,0.21169929830036624,0.22479736923756002,0.23799519001884678,0.251309198768656,0.264706183510229,0.2781520595237242,0.2916122277116674,0.30497619743245635,0.31823912677388816,0.33140517333528097,0.3444376856513146,0.3573013074399192,0.3699648406137842,0.3824007292946789,-2.0,0.40623764423285946,0.4176050529343201,0.4286474661118964,-2.0,0.4496048038547039,0.4592744022163549,0.4686781719651207,0.4776295035962521,0.48591444214692064,0.494084279833163,0.5014181949273155,0.5087111201950915,0.5151579564535113,0.5216406044332628,0.5272896455842138,-2.0,0.5380763493192623,0.5425986957470502,0.5470906100309473,0.551416672848872,0.5551774314374364,-2.0,-2.0,0.5651343124513458,-2.0,0.5705785576194603,0.5728424871262008,0.5748948794590035,0.5769980222895823,0.5790686377516919,0.5809091132144905,0.5825406116494637,-2.0,0.5852540730438432,0.586368761172906,0.5873394024125533,0.5881755884125521,-2.0,0.5894922560751676,0.5900942624844935,0.5907081437366942,0.5912269803426333,0.5916321035994239,0.5919285449826044,-2.0,0.5922124595727107,-2.0,0.5921046058634857,0.5919102302897737,0.591624245976791,0.591247740566829,0.590781632726285,0.590225576323122,0.5895802305051776,0.5888453032846265,0.5880193282663602,0.5871025415371633,0.586092383112514,0.5849883335638294,0.5837883503501825,-2.0,-2.0,-2.0,-2.0,0.5762682385005253,-2.0,0.5724960126532308,0.5704322465350447,-2.0,0.5659283637649037,0.5634790659097645,0.5608910250324816,0.5581594984145315,0.5552783912179484,0.5522418072017435,0.5490432949204747,-2.0,0.5421330869432972,0.5384067533446699,0.5344891836616711,-2.0,0.5260465875954169,0.5215035834093728,-2.0,-2.0,0.5064699917090533,0.5009550036895041,0.4951688010385379,0.4890991869181083,0.4827331268186643,-2.0,0.469056542341377,-2.0,0.454021945836517,0.4459556357229003,0.43750093116882555,0.42863861918059487,-2.0,-2.0,-2.0,-2.0,-2.0,-2.0,0.35349830131053045,0.34061599838214884,-2.0,-2.0,-2.0,-2.0,0.26638974132170196,0.24935902407135824,0.231518451915181,0.21282980378765082,0.19325304164803858,0.17274622458904532,0.15126541941538835,-2.0,0.10519560295455921,-2.0,-2.0,-2.0,-2.0,-2.0,-2.0,-0.09425600202982087,-2.0,-2.0,-2.0,-2.0,-0.281977073634461,-2.0,-2.0,-2.0,-2.0,-2.0,-0.5728761423853904,-2.0,-2.0,-2.0,-0.8168917860161469,-2.0,-2.0,-1.031960672429831,-2.0,-2.0,-2.0,-1.3693663476038154,-2.0,-1.5629939115079965,-2.0,-2.0,-2.0,-2.00841414419509,-2.0,-2.0,-2.0,-2.0,-2.6946720586355175
0.026126752255633278,-0.05479812295195164,-0.04865114399818879,-0.04233597574372548,-0.035727216321910095,-0.028828685370755485,-0.02178017805171617,-0.014404102705458567,-0.006748858948385792,0.0011093126374652124,0.009332823437664242,0.017744107335516686,0.026495361258851526,0.035511061467111936,0.044813919973424134,0.054416706405630094,0.06429486972640962,0.07446275989682821,0.08493960941284003,0.09564541485212978,0.10673320531016973,0.11795452822050383,0.12951671579009993,0.14137273749362186,0.15336543284208723,0.16565122861279172,0.17820670280885595,0.1908665179629033,0.20371075036899264,0.2167495790254639,0.22995344167976428,0.2432633888225989,0.2565684936651609,0.26994500097811486,0.2833582812867125,0.2967722399444254,0.31015155504960307,0.3234604432543914,0.33663560154774474,0.3495767373892506,0.3623253992696136,0.3748546007653019,0.38713534729618243,0.39914569319743676,0.4108714137124981,0.4221429351860241,0.43295165462331064,0.44342578610117955,0.4536029966882626,0.4631853234881978,0.47226334242714585,0.4811448055315077,0.48927249084778673,0.49714269012319706,0.504493334127022,-2.0,0.5178909316395504,0.524146084418157,0.5296211972951739,0.5351764545167734,0.5401220392332369,0.5445363864571842,0.5490558214320016,0.5531584491013224,0.5567312729281796,0.5600054858703009,0.5633865523286196,0.5665089177636181,-2.0,0.5716973026679993,-2.0,0.5758910160786341,-2.0,-2.0,-2.0,0.5832800293572852,0.5846451031009731,0.5858433345961466,0.5868891036213308,0.5877939252463423,0.5885677819425403,-2.0,0.5897913437150908,-2.0,-2.0,0.5914099218025682,-2.0,0.5919880200586957,-2.0,-2.0,0.5920817221360976,-2.0,-2.0,-2.0,-2.0,0.5903380908705436,-2.0,-2.0,0.5881929864386096,0.5872935253608413,0.5863003543745686,0.585211962866547,0.5840266442609569,-2.0,0.581357050599242,0.5798680063065542,0.5782726297759158,-2.0,0.574749800261174,0.5728155467780266,0.5707611073606715,-2.0,0.5662737302542067,0.5638316271187132,0.5612512505534606,0.5585263421993701,0.5556521902907875,-2.0,0.5494286686762601,0.5460669976357715,0.5425292279431225,0.5388080355027199,0.5348950106336802,-2.0,0.5264611381420099,-2.0,0.5171557695456618,-2.0,0.5069001785869798,0.5013877512331655,0.4956047311103772,-2.0,0.48317485566144613,-2.0,0.46950351814888086,0.4621661680022935,-2.0,0.4464095666877458,0.4379565903274298,0.4290966474930076,0.4198107686398438,-2.0,0.3998807148172744,0.38919385984288213,-2.0,-2.0,0.3539678944753461,0.34108694717735166,0.32759157184998644,0.313452862514443,-2.0,0.28312284722491465,0.2668665676722101,-2.0,0.23199726876996057,0.21330954232848753,0.19373365971273715,-2.0,-2.0,-2.0,-2.0,-2.0,-2.0,0.028047888097904705,-2.0,-2.0,-2.0,-2.0,-0.12791640791730308,-0.16368402078585187,-2.0,-2.0,-2.0,-2.0,-2.0,-2.0,-0.46631253384332616,-0.5181205302898946,-2.0,-2.0,-2.0,-0.7510951601628159,-2.0,-0.8847956825633182,-2.0,-2.0,-1.1100539951896926,-2.0,-2.0,-1.3688713259508092,-2.0,-1.5624985406987077,-1.666245249698186,-1.7749070465090235,-2.0,-2.007918164671482,-2.132766710578232,-2.2635298761637737,-2.0,-2.543933955384764,-2.0
0.025381811418260458,-0.0582874896602165,-0.052273891106059706,-0.046080207824251915,-0.039659872141680465,-0.03294071707665876,-0.025992622058552822,-0.018826799730265003,-0.01132756932223434,-0.003620210880582045,0.004368825813210173,0.012693433466467265,0.021195354232470577,0.030092548697058814,0.03916273028612836,0.04862055181546693,0.05827738957347677,0.06831999507821548,0.07854091560296224,0.08916683262889834,0.09994925068654222,0.11108441625419595,0.12249198339597227,0.1340982852124559,0.1460307885927615,0.15818374896856177,0.17050351787643567,0.18308591576284464,0.1959049568283007,0.20881933221313678,0.2218692122099037,0.23507458979839096,0.2484038409700251,0.26182464016097545,0.275255504171215,0.28863540448057984,0.30200164472241103,0.31531924452316873,0.3285506786815643,0.34166034667543915,0.3546144921906157,0.3673745943813594,0.37980671530487836,0.39192926701736164,0.40375950321569604,0.4152833186981799,0.4264997867600123,0.43729901515230896,0.44751657603243417,0.4574053614801556,0.4670087639339815,-2.0,0.48443595276166346,0.4926479009002646,0.5001292604528235,-2.0,0.5140999612605351,0.5206201172554092,0.5265025203080272,0.5319655503824946,0.537387371913187,0.5420561657761195,-2.0,0.5509172370695082,-2.0,-2.0,0.5615022800846801,0.5648376157735836,0.567810342789611,-2.0,0.5727531394851473,0.5748167393375399,0.5768713287179728,0.578960208468645,0.5808379993452165,-2.0,0.5839644657954198,0.5852527875499499,0.5863794401544512,0.5873567091657612,-2.0,-2.0,-2.0,0.590054661204246,0.5906327326935412,0.5911427224214145,-2.0,-2.0,-2.0,0.592056677210876,-2.0,0.5918942114208895,0.5916675092132273,0.5913464077256333,-2.0,-2.0,-2.0,-2.0,0.5883415678680957,0.5874604373329664,0.5864846299692568,0.5854129342330044,-2.0,0.5829725473150674,0.5816006402822556,0.5801243371748955,0.5785409224272727,-2.0,0.575039707426482,0.5731157722109058,0.5710705559587066,0.5689000026540212,-2.0,0.5641662534620167,0.5615931890929037,-2.0,0.5560077452016651,0.5529840571548811,0.5497974555582718,0.5464410776931116,0.542908727224775,0.5391925011659189,-2.0,-2.0,0.5268601202926841,0.5223248603329246,-2.0,-2.0,0.5073137481757305,0.5018051264430905,0.4960253327935714,0.4899620561054707,-2.0,-2.0,-2.0,-2.0,-2.0,-2.0,0.43839793006129185,-2.0,-2.0,-2.0,0.40032974302135527,-2.0,-2.0,-2.0,-2.0,-2.0,-2.0,-2.0,0.2991012471248549,0.2835845297548395,0.2673293469535823,-2.0,-2.0,-2.0,0.19420034418265242,-2.0,-2.0,-2.0,-2.0,-2.0,-2.0,-2.0,0.00014969435663969577,-0.02956634228028099,-2.0,-0.09329372662030688,-0.12744160902290902,-2.0,-2.0,-0.23991084284635988,-2.0,-0.3240577459312908,-2.0,-0.416370962918848,-2.0,-0.5176420406908471,-2.0,-0.6287393385837189,-2.0,-2.0,-2.0,-2.0,-2.0,-1.0309857633365827,-1.109573153158168,-1.191883996850196,-1.2780946417396915,-1.3683898061185342,-1.4629629371401807,-2.0,-2.0,-1.7744248389207087,-2.0,-2.007435656625796,-2.0,-2.0,-2.0,-2.0,-2.6936924996310063
0.024658110758226028,-0.06167616845900773,-0.05583419259831193,-0.049719765508314126,-0.04347907450493816,-0.03695157653222393,-0.030119944588354874,-0.023121910128458222,-0.01583657092367314,-0.008213699280783924,-0.0004519862550575041,0.007670397533994434,0.01604813156309571,0.024691709247017957,0.033674404018338246,0.042862719970801905,0.052433281666924285,0.06218980323230233,0.07232648849169722,0.08267430680898345,0.09335032423747348,0.10431206470413294,0.11549486190145274,0.12703317504095266,0.13874300336274462,0.15071449192232458,0.1629843808342463,0.175423034538522,0.18803233665680127,0.20087060904920453,0.2139100136758525,0.22705988131667626,0.24026630039927305,0.25358617149096213,0.26698606514054213,0.28043150890591856,0.29388757799454673,0.3072973886570419,0.32055564932240777,0.3337077115122021,0.3467211630620811,0.35956105687874645,0.37219504422082156,0.3845961178625572,0.396729777315245,-2.0,0.41974643160454683,0.43073071817718145,-2.0,0.4516421826797052,0.4612462233514719,0.47056526007859395,0.4795193802144981,0.4877275297112102,0.4958375401014238,0.503140326810198,0.5103580905920696,0.516771288837167,-2.0,0.5287763422467303,-2.0,-2.0,0.5439374332237189,-2.0,0.5526768372294597,0.556369366629027,0.5596525585794108,-2.0,-2.0,0.569038796317671,-2.0,0.5737450375926268,0.5757578654255241,0.5778333329928621,-2.0,0.581632787958729,0.5832069794315622,0.5845916565158613,0.5858047812686504,0.586859648794324,0.5877691841081057,-2.0,0.5891914772130832,-2.0,0.5902784832604209,-2.0,-2.0,0.5915997235892719,0.5918162545676682,0.5919251503541251,0.5919306846733946,0.591834235582241,-2.0,0.5913477447341915,0.5909598267334549,0.5904771955120124,0.5899002231994478,0.5892284632814907,0.5884622405086904,0.5876007962885088,0.5866432288940773,-2.0,-2.0,-2.0,0.5818207415831161,0.5803576519344653,0.5787863276334536,0.5771043409040475,0.5753080842393788,-2.0,-2.0,0.5691974335456388,0.5669069338214577,-2.0,0.5619155209803697,0.559205376226254,0.556344392442522,0.5533272753220178,-2.0,0.5467964639016039,0.5432697145673647,0.5395588011139447,0.5356558582552232,0.5315526014683953,0.527240314667059,-2.0,0.5179514615407586,0.5129551085679052,0.5077101002134307,0.502205241826097,0.49642904904103724,0.4903683700083953,0.48401106378801084,0.47734326855422776,0.4703507253731984,0.46301847659401496,-2.0,0.4472713487451826,0.4388227701710517,0.4299670127990355,-2.0,-2.0,0.40076247653733776,-2.0,0.37888409900468933,-2.0,0.3548624746207926,-2.0,-2.0,-2.0,-2.0,0.2840303356814762,-2.0,0.25074889104169873,-2.0,-2.0,-2.0,-2.0,-2.0,-2.0,-2.0,-2.0,-2.0,-2.0,-2.0,-0.02910869034449648,-0.06023368745862756,-2.0,-2.0,-2.0,-2.0,-0.23945007349777325,-2.0,-2.0,-0.368683786652504,-2.0,-0.46537161122029014,-2.0,-2.0,-0.6282755719075899,-0.6878029330351991,-2.0,-2.0,-2.0,-0.9554883049563404,-2.0,-2.0,-2.0,-2.0,-2.0,-2.0,-1.5615500528704465,-1.6652964230459484,-2.0,-2.0,-2.0,-2.131816672844839,-2.2625795645499664,-2.3995372446702565,-2.5429831410715216,-2.6932245934015855
0.023955044663499153,-0.06496706607936607,-0.05929176033696827,-0.053351902252724556,-0.047188088855165906,-0.04084671800405042,-0.03421003292349298,-0.027293176433979976,-0.020215504232310257,-0.01280833289386816,-0.005133761218931318,0.002757164747424996,0.011015299357251603,0.019446604642369514,0.028234520203155377,0.037270891865948425,0.0466124713624465,0.05623626887942662,0.06615540706679528,0.07634431338281912,0.08686460188100524,0.09759111522680704,0.10869932154747865,0.11996642909241939,0.13154808765655324,0.1434522043536529,0.15546366087696895,0.1677664241687442,0.18033735197147327,0.1930482238983542,0.20590545198744012,0.2189553029341196,0.23216764723931263,0.2455107433724828,0.2588405468417269,0.2722190672482716,0.2856310281153258,0.2990396573411959,0.3124094713752424,0.325704583512042,0.3388888578005665,0.35184992339905363,0.3645728327363824,-2.0,0.38931390755523143,0.4012807577701731,0.4129576355520252,0.4242542951688562,0.4350128642230142,-2.0,0.45552235085768206,0.46512936111899594,0.4741198486638376,0.48292814263111217,0.4910521856776103,0.49881392098919575,0.506178527070351,-2.0,0.519463156642316,0.5256220974093562,0.5310620329793161,0.5365803476732592,0.5414381114286475,0.5458236181879196,0.5503123834794262,0.5543408648915428,0.5578466840606956,-2.0,0.5644460479300708,-2.0,0.5701987196195465,0.5725758326320105,-2.0,-2.0,0.5787632245065921,0.580679106293945,-2.0,0.5838589486834042,0.5851643011184476,0.586302394330339,-2.0,-2.0,-2.0,0.5894223658662493,0.5899345934958701,-2.0,-2.0,0.5913423623266957,0.5916050254235242,0.5917566644337141,0.5918008743306594,0.5917410238383891,-2.0,0.5913186615826466,0.5909596793548207,0.5905037562553045,-2.0,-2.0,0.5885583893130565,-2.0,-2.0,0.5857407420046912,-2.0,-2.0,0.5820201775251023,0.5805711633417467,0.5790125780329552,0.577342757127044,0.5755577592594329,0.573654229492172,0.5716288364997878,0.5694773671430586,0.5671954043283454,-2.0,0.5622210601587759,0.5595184217898163,0.5566650579775243,0.5536541272152877,0.5504801463750901,-2.0,0.5436154924636923,0.5399098415404125,0.5360121062657156,0.5319137906861905,-2.0,-2.0,0.5183260152576904,0.5133336636750946,0.5080924640038224,0.5025912237242546,0.4968181990349464,-2.0,-2.0,-2.0,0.4707522862099605,-2.0,0.45573760987196343,0.44768098958779445,-2.0,-2.0,0.42110089548387886,0.41137497814398444,0.40118212742060844,0.3905005164424912,0.37930727106162254,0.36757842063971735,0.3552888379051496,-2.0,0.3289209520640004,-2.0,0.2999775695286378,-2.0,-2.0,0.251184365350681,0.23334758744686673,-2.0,-2.0,-2.0,-2.0,-2.0,-2.0,-2.0,-2.0,-2.0,-2.0,-2.0,-2.0,-2.0,-2.0,-2.0,-2.0,-2.0,-2.0,-0.3231467112126435,-2.0,-2.0,-0.464921021043718,-0.5167279743857793,-2.0,-2.0,-0.6873510006311796,-2.0,-2.0,-0.8833977956428658,-0.9550352730107952,-1.030067097694172,-2.0,-1.190964420161873,-2.0,-1.3674694095717919,-2.0,-2.0,-2.0,-2.0,-2.0,-2.0,-2.1313607787058437,-2.0,-2.3990816088651785,-2.542527385240273,-2.69276871376569
0.023272024789604086,-0.06816305961995735,-0.06264961705411551,-0.05687928968161109,-0.05083971247556238,-0.044629550034917906,-0.03818218810256857,-0.031434264956410565,-0.024468207654341136,-0.017272299896369088,-0.009741033109735522,-0.002014694265487803,0.006007999014283485,0.01435263303821534,0.022890004971820765,0.03182497885193378,0.04091548431838079,0.050413222823672665,0.06009070598017489,0.07017561197669593,0.08041710188775285,0.09106362659251845,0.10189054126958065,0.11304562256020373,0.12450047028575857,0.1361257623414427,0.14807627807851187,0.16027923931604088,0.17261526956241485,0.18521249144850122,0.19804450278199223,0.2110109180464246,0.22407106806101265,0.23728420765869718,0.25061842103515025,0.26404111118988105,0.2775118879059063,0.29090142994097806,-2.0,0.3175684408890491,0.33078465192913903,0.34387435824958734,0.35680331817011046,0.36954018349999634,0.38200351135653643,0.39409265168397284,0.4058767163696024,0.4173478949653347,0.4285042890257307,0.43930405323479593,0.44948524046234034,0.45929502283614587,0.4688414015747351,0.477711260817291,0.48616253081100186,0.49436309524894245,0.5017629327497962,0.5091220401616904,0.515622050435879,0.5221215896115332,-2.0,0.5333597382342693,0.5387091191059541,0.5432965300079061,0.5477135472285185,0.5520941171526007,0.5559128461206547,-2.0,-2.0,0.5658174485422369,0.568726937289343,0.5712893930036314,0.5735507364052543,-2.0,0.577590692958809,-2.0,0.581447671070253,0.5830485008678435,0.5844534898293253,0.5856805136678899,-2.0,0.587658260902862,0.5884323854066271,0.589076064139585,0.5895994718761198,-2.0,-2.0,0.591039938353059,0.5913515637587997,0.5915480069195215,0.5916335329670436,0.5916119362630106,0.5914854149808201,-2.0,0.5909281613745275,0.5905000679089992,0.5899738486553765,0.5893496839070694,-2.0,0.5878071450121705,0.5868879334675339,0.5858688456823782,0.5847483865117031,0.5835250637025546,0.5821969464468134,0.5807616781884928,0.5792167332435437,0.5775594004115769,0.5757861092580611,-2.0,0.5718792154415825,0.5697376605679318,0.5674650535161561,0.565056774652081,0.5625082018712418,0.559813480366509,-2.0,0.5539633392218901,-2.0,-2.0,-2.0,0.5402437602647591,0.5363514092653411,0.5322581978753821,0.5279554389071353,0.5234339850114115,-2.0,-2.0,0.5084587484419029,0.5029612439822831,0.4971917684883028,0.4911380017033503,0.4847870092652028,0.4781252169563395,-2.0,0.46381156433134485,-2.0,0.44807451822959465,0.439630616682475,-2.0,0.4215016563010612,0.4117777897331237,-2.0,0.3909071348004761,0.37971565677323094,-2.0,-2.0,-2.0,0.3293356121010509,-2.0,-2.0,0.2848823089475848,0.26863040212856354,-2.0,-2.0,-2.0,0.1955140046848971,-2.0,0.1535349330332924,-2.0,-2.0,-2.0,0.05693314459745613,0.02985015504112587,0.0014819751238956957,-2.0,-2.0,-2.0,-0.12610228336435925,-2.0,-0.19932885973196057,-0.23856704111784088,-2.0,-2.0,-2.0,-2.0,-2.0,-2.0,-2.0,-0.627386265133179,-2.0,-2.0,-2.0,-0.8829587412727644,-0.9545961211674345,-1.0296276918275074,-2.0,-2.0,-2.0,-2.0,-2.0,-2.0,-2.0,-2.0,-1.8868709984272034,-2.0,-2.0,-2.261682384227236,-2.3986397938439437,-2.542085427593136,-2.6923266330222786
0.022608479567277774,-0.07130299034807971,-0.06591066575906934,-0.060304978617535046,-0.05443784574706565,-0.04830334480364003,-0.042039846071169035,-0.03548450140803806,-0.02862326125569404,-0.021607616073655363,-0.014291237430939144,-0.006648948303474754,0.0011449791429719658,0.009302036661115832,0.0176994514739585,0.02637984699915702,0.035382573283687345,0.04460949049013921,0.0542006322414651,0.06399796960556199,0.07415520994984896,0.08454630140147647,0.09524249510737633,0.10625012749454266,0.11745244123574979,0.1290096298628156,0.1407678212104599,0.15275681553537118,0.16504290473501082,0.17753271293471778,0.19015655905812281,0.20300674516323577,0.21605610982081838,0.2292583461797335,0.2424724980033591,0.255796557566096,0.26919756811461315,0.28264046108726654,0.29608986959879624,-2.0,0.3227980259837388,0.33593345782170136,0.34892527912404103,0.3617382761482852,0.3743395279660994,0.3867014269519133,0.39880260859870925,0.410528660516798,0.4217922286670329,0.43271448996909145,0.4433129549293526,0.4535510771431809,-2.0,0.4723389887034518,0.4812754369053657,0.48942210855356066,0.4974533316532722,0.504737575524303,0.5118635548246762,-2.0,0.5246149352882266,0.5301236437269302,0.5356544011494331,-2.0,0.5451267104403229,-2.0,0.5537754216828213,0.5573965419320961,-2.0,-2.0,0.5671098721439883,-2.0,0.5723130658490865,0.5744624983642584,0.5764350229028701,-2.0,0.5804342338270418,-2.0,0.583667999064082,0.5849904488594085,0.5861402701468532,0.5871303639532579,0.5879738473114855,0.5886803447442902,0.5892586575485282,0.5897353687254319,0.5902160417178912,-2.0,-2.0,0.5912986296774777,0.5914276808411446,-2.0,0.5913564707031801,-2.0,-2.0,0.5904663084404519,-2.0,0.5893681526973725,-2.0,0.5878712830552308,0.5869725225520994,-2.0,0.5848701117518742,0.5836636049470341,0.5823511849264563,0.5809306943686632,0.5793996250389976,0.5777555518432012,0.5759944913385592,0.5741139893309002,0.5721100842210655,0.5699788132462924,0.5677161321656954,0.5653167876807125,0.5627769923705391,0.5600899737313502,-2.0,0.5542552071798068,-2.0,0.5477637925244282,0.5442550309900002,-2.0,-2.0,0.5325866941327074,-2.0,-2.0,-2.0,-2.0,0.5088095965763321,-2.0,-2.0,0.49149985704930976,0.48515217411956535,-2.0,-2.0,-2.0,-2.0,0.4484539481968013,-2.0,0.4311635235874338,-2.0,-2.0,0.4019774417475137,-2.0,-2.0,-2.0,-2.0,-2.0,-2.0,-2.0,-2.0,-2.0,-2.0,-2.0,0.23417806708918115,-2.0,-2.0,-2.0,-2.0,-2.0,-2.0,-2.0,-2.0,-2.0,-2.0,-2.0,-2.0,-0.09153699394470638,-2.0,-2.0,-2.0,-2.0,-2.0,-2.0,-0.3673755373722506,-2.0,-2.0,-2.0,-2.0,-2.0,-2.0,-2.0,-2.0,-2.0,-2.0,-1.0292014397417688,-2.0,-1.1900978088512373,-2.0,-1.3666019179608422,-1.461174257008703,-1.560227224734638,-1.6639730445193848,-2.0,-1.886442873322255,-2.0,-2.0,-2.0,-2.3982110567698784,-2.5416565570137974,-2.691897629707931
0.02196385372416546,-0.07440068898592812,-0.0690777214548302,-0.06363193023316974,-0.05793220396634526,-0.051966524555294644,-0.045786335231434244,-0.039418014511349644,-0.03275262833351978,-0.02581802139915968,-0.018710354443401897,-0.011271263936743235,-0.003577952165101559,0.004346401900241565,0.012640336138795876,0.021091039673578393,0.029916553725720513,0.038972874331295954,0.04835421898591514,0.05799822524910179,0.06795944228490765,0.07816849491280596,0.08873336805350922,0.09947964949418434,0.11060718410143754,0.12192133233641353,0.13352131373058143,0.14545085365886065,0.1575035908468678,0.1698224278708603,0.18240713128771946,0.19517006943175252,0.20803909884704685,0.22109830714386638,0.2343179564181227,0.2476651868531215,0.26104763695124705,0.27442605956488264,0.28783400731926756,0.30123523353715925,0.3145933145281581,0.3278722749627168,0.3410362170122548,0.35403064810861606,0.36673885619708463,0.3792020111049923,0.3914047055741766,0.4033244076081819,0.4149471485815654,0.42624049703979766,0.4369752990178041,-2.0,0.45733198755237775,0.4669486238913672,0.47586425214936556,-2.0,0.4927138126272015,0.5003611259830794,0.507731495456106,0.5144431615237085,-2.0,0.5269507577045298,0.5323632253438834,0.5378330606629826,0.5425997168746712,0.5469610462257675,0.5514096907339595,-2.0,-2.0,0.5620198037253413,0.5653338460393937,-2.0,0.5709554962800865,0.5732713192973481,0.5753127393294974,-2.0,-2.0,0.5811766111536353,0.5828042482241735,-2.0,-2.0,0.5865430028198819,0.5874604476030493,0.5882337405327785,-2.0,-2.0,0.5898312105245112,0.5902964820836645,-2.0,0.5910076652008789,0.5911825569983059,0.5912429220709047,-2.0,-2.0,0.590769733606861,-2.0,-2.0,0.5893586486691894,-2.0,-2.0,-2.0,0.5860521743289947,0.5849684341179836,-2.0,-2.0,0.5810785733737392,0.5795618556689297,0.5779314232329534,0.5761837952643825,0.5743147095353149,-2.0,-2.0,0.5679484762840716,0.5655592846534346,0.5630275805215379,0.5603494696650848,0.5575193050248516,0.5545303186715612,-2.0,0.5480527917926167,0.544550445302665,-2.0,0.5369816254729064,0.532899149814358,0.5286065725818634,-2.0,0.5193546680274365,0.514374665328441,0.5091456564411488,0.5036559951147408,-2.0,0.49184728176231474,-2.0,-2.0,0.47186698311364145,0.46454582724746984,0.4568688504241767,0.4488195112801362,0.44038058680596753,0.4315340182258973,-2.0,-2.0,0.4023544779805941,-2.0,-2.0,-2.0,-2.0,0.3436106929216315,-2.0,0.31599343970821275,0.301188936873597,0.2856787147390093,-2.0,-2.0,-2.0,-2.0,-2.0,-2.0,-2.0,0.13185192319847872,-2.0,-2.0,0.0577518049257828,0.030670303771464402,-2.0,-2.0,-0.05853173693496483,-2.0,-2.0,-2.0,-2.0,-0.2377372079271063,-2.0,-2.0,-0.36696549826116587,-2.0,-2.0,-2.0,-2.0,-2.0,-2.0,-2.0,-2.0,-0.882119924237725,-2.0,-2.0,-1.1073737982344296,-1.1896834853942868,-1.275893035061256,-2.0,-2.0,-2.0,-1.6635576598721031,-2.0,-1.8860271265406399,-2.00522760916156,-2.0,-2.0,-2.0,-2.5412400408386637,-2.691480978789872
0.021337607820153946,-0.07740910325780412,-0.07222767430455711,-0.0668630033509643,-0.06132598589289808,-0.055530594464125574,-0.04946440986085196,-0.04323818702422101,-0.03676307879197075,-0.029985670027672585,-0.02300214760774162,-0.015775352968664245,-0.008211236145457178,-0.000466483794781102,0.0075907406921514415,0.015954740121301964,0.02452851176398445,0.03349852645150436,0.042612356445663975,0.0521510505839791,0.0618483852155726,0.07197333101209384,0.08223789164180183,0.09290403730991523,0.1037766272708328,0.11495061795017211,0.12645391683904159,0.13809709202514212,0.1500644154140178,0.16231834062160952,0.17466962954302795,0.18728029828579423,0.20012372288251323,0.21314350066589424,0.22621229660941128,0.23943173887677227,0.25276876805402765,0.26619102026447194,0.27966445133934126,0.29310092425378936,0.3064524743853776,0.3197460783895411,0.33294494064772423,0.34601145505401565,0.3589122673167158,0.371615093884648,0.3840833998662161,0.3961699162726635,0.4079048548406016,0.419319687462335,-2.0,0.4411835017996894,0.4513528986146151,0.461079528599507,0.47054444182038113,-2.0,0.48777404551558456,0.49594387407394525,0.5032753179296028,0.5105805150090016,0.517015659471722,0.5234801212301758,-2.0,-2.0,-2.0,-2.0,-2.0,0.5531128397619357,0.5568553827612647,0.5601341409513244,-2.0,0.5666264607155016,0.569468855828572,0.5719669848020701,0.5741659984337976,-2.0,0.5781222806002452,0.5801058058053394,-2.0,0.5833941948542635,-2.0,0.5858944131699556,-2.0,0.5877350916500049,-2.0,0.5890087007870055,-2.0,0.5898880564796871,-2.0,0.5906749538519575,0.5908982871293141,0.5910031147838811,0.5909934760434826,0.5908727055680044,0.5906433639999273,0.5903078789613339,0.5898667869742814,-2.0,0.5886742002642492,0.5879225894688574,0.587067734741209,0.5861091198197713,0.5850444882680574,0.583873692628742,0.5825954057277626,0.5812057256858881,0.579704173650736,0.5780879918718231,0.5763529788425875,0.5744968270527134,0.5725160024998407,0.5704064792385574,-2.0,0.5657843003150623,0.563262442025567,0.560593119580932,-2.0,-2.0,0.55164417218588,-2.0,0.5448311600871347,-2.0,0.5372745821724432,0.5331977502753861,0.52891052160448,0.5244037990003817,0.5196680062162512,0.5146930705164952,0.5094683970901391,0.503982851885824,0.49822473542274615,0.49218176086609877,0.48584102321145284,0.47918897892787465,0.47221141179433906,0.4648934505701773,0.45721931094880097,-2.0,-2.0,0.43189230717313287,-2.0,0.4129041956325104,-2.0,-2.0,0.38086007693402724,-2.0,-2.0,-2.0,0.33049981888770696,-2.0,-2.0,-2.0,-2.0,0.2527894320176749,0.2349574881600089,-2.0,-2.0,-2.0,-2.0,-2.0,0.108678560806025,-2.0,-2.0,0.031062835842284087,-2.0,-2.0,-0.05813708111194882,-2.0,-2.0,-2.0,-0.19810347027778452,-0.2373396149434095,-0.2784360980564706,-2.0,-2.0,-2.0,-2.0,-2.0,-0.5693163651930502,-2.0,-2.0,-0.7480210293009695,-0.8133221033848819,-2.0,-2.0,-1.028384685189449,-2.0,-1.1892799400870269,-1.2754893383318489,-2.0,-2.0,-2.0,-2.0,-2.0,-2.0,-2.0,-2.0,-2.0,-2.0,-2.0,-2.0
0.02072921779595371,-0.08033085321166734,-0.07529745859034163,-0.07002860756287774,-0.06462195560008437,-0.05899198055491216,-0.05309910393882675,-0.046948345566841534,-0.0406580015540134,-0.03407411425662619,-0.027182403144561815,-0.020149757606829154,-0.012801612422960844,-0.005140827778797968,0.0026865042991926864,0.010879075927766962,0.01929554383443634,0.028013121092367532,0.037035707055759266,0.04630219722345864,0.05591311993711565,0.06575233917719735,0.07592923306436396,0.08636467432187067,0.09708010651525335,0.10813475017188018,0.1193555727728523,0.13093037035080618,0.14273825533692058,0.15474356580541376,0.1670445521948856,0.17958676081963057,-2.0,0.2050843133510688,-2.0,0.23136682383553106,0.2446181928521331,0.25794447939339116,0.27134436689311403,0.284782339823521,0.29822336949311934,0.3116315229710847,0.3249579071863326,0.3380866115149954,0.35105404344157304,0.36383700632308225,0.37640266377677134,0.3887226021272904,0.4007748794736831,0.4125112084939883,0.42374706284146046,0.4346025918721041,0.44512676472248286,0.455332565686045,0.46486899889430977,0.47400393468417124,0.4829009052188711,0.49100245041957336,0.4989348742364684,0.5062144457290254,0.5132308069283531,0.5196070420560446,0.5258869717416198,0.5313355425806281,0.5368441376402762,0.5418048888679857,0.5461703253163246,0.5506256184727737,0.554715790594414,0.558261855622905,0.5614630173691886,0.564761566229326,0.567839400937552,0.5705384749270327,0.5729103166679721,0.5749964457984131,0.5769276500849319,0.5789352814731963,0.5808234405559318,0.5824788159671886,0.583924179845328,-2.0,0.5862594898662166,-2.0,0.5879514824926049,0.5885841694440913,0.5890862530058432,-2.0,-2.0,0.5902972587989597,-2.0,0.5907234241961155,0.5907568087191313,0.5906756955786097,0.590482969795437,0.5901810227718256,0.5897717555825629,0.5892560001799408,0.5886348115378023,0.5879084746148537,0.5870769606569792,0.5861398326365825,0.5850959229570539,0.5839443076734859,0.5826830927957412,0.5813107568777145,0.5798248651511481,-2.0,-2.0,-2.0,0.5726903442613971,0.570592618667805,0.5683607523854585,0.5659913245488233,0.5634788489548166,0.5608186123709006,0.5580057825015785,0.5550322638891083,0.5518941720030165,-2.0,-2.0,-2.0,-2.0,0.5334803915619815,0.5291986949122259,-2.0,0.5199665770659415,0.5149961825556995,-2.0,-2.0,-2.0,0.49250147416248746,-2.0,0.47951579695344754,-2.0,-2.0,0.4575555192523718,0.44951175031749313,0.44107812289545406,0.43223659482677224,-2.0,0.4132532294611078,-2.0,0.39239903122317865,0.3812151963431719,0.3694953044093753,-2.0,0.3443457631315331,0.3308622502273314,-2.0,0.30193328233804856,0.2864258627200347,-2.0,-2.0,0.23532827697373265,-2.0,-2.0,-2.0,-2.0,-2.0,-2.0,-2.0,-2.0,-2.0,-2.0,-2.0,-2.0,-2.0,-0.12449668042685402,-2.0,-2.0,-2.0,-2.0,-2.0,-0.3661801526109335,-0.4134023825220473,-2.0,-2.0,-2.0,-0.625760345514065,-2.0,-2.0,-2.0,-0.8813278378223388,-2.0,-1.027994386123178,-2.0,-1.1888892024788922,-1.2750982602683294,-1.3653919020844376,-2.0,-1.5590159232604606,-2.0,-2.0,-2.0,-2.0,-2.0,-2.0,-2.0,-2.0,-2.0
0.020138174534552102,-0.08316845270093486,-0.07827882816262609,-0.07316055987718817,-0.06782300847076972,-0.062353741965365375,-0.056629129018740204,-0.050636913097936595,-0.04444078463887247,-0.038044841857181246,-0.031350154838249975,-0.024398243235991705,-0.017259828516273355,-0.00978807747251349,-0.002076587917308294,0.005882128231298661,0.014211615503590588,0.022681989167035788,0.03154604240054885,0.040621641443500285,0.05004368108055105,0.05970713912877816,0.06971142570635759,0.07993978859605144,0.0905507447281086,0.10131542742946237,0.11246126579427251,0.12382357193414865,0.13544078847893604,0.147386626507306,0.15948995013211612,0.17182292678271963,0.18442047453176988,0.19723686555732173,0.21011603881631133,0.22318335694352195,0.23640727633946834,0.24975714520400125,0.26318905102551593,0.2765705531397743,-2.0,0.30336407560306944,0.3167079703232498,0.32996781678353987,0.3431080033008411,0.35609473615824466,0.3688281183772186,0.38125409839766217,0.39341286043698864,0.405281948231219,0.41684691130106294,0.4281042086496848,0.4388447772658469,0.4491013819784734,0.4590399012377669,0.46864093172051197,0.47750090002433515,-2.0,-2.0,0.5017900220303637,0.509149807199907,0.5157515425972506,0.5222127601024416,0.5281380526466363,0.5335305673665339,0.5389395141684253,0.5436118567959124,0.5479535917283815,0.5523524642274062,-2.0,-2.0,0.5627854355740818,0.5660543649970469,0.5689752517082757,0.5715369915190298,0.5737870346792479,-2.0,0.5777068086618323,-2.0,0.5814776276017174,0.5830370802733404,0.5843936469739905,0.5855650059110398,-2.0,0.5874110407550269,0.5881099048061638,0.5886717562589918,-2.0,0.5894810538970133,-2.0,0.5902016142239345,-2.0,0.5904817599609015,0.5904424245026906,0.5902882962330919,0.5900217825087261,0.5896452368093841,0.5891601559985128,0.5885673822936749,-2.0,0.5870602644067779,-2.0,0.5851229546015912,0.5839911308278052,-2.0,0.5813936717161237,0.5799240484333265,-2.0,-2.0,0.5748015157679156,-2.0,0.5707593091069698,0.568539010095124,-2.0,0.5636776769600033,0.561026877884034,0.5582222811752271,0.5552581080368764,-2.0,0.5488252065140856,0.5453434551649151,0.5416751843806343,0.5378128136220196,-2.0,-2.0,0.5249756564299007,0.5202499806327386,0.51528464047655,0.5100690736742021,0.5045921723430052,0.49884226326230185,0.4928070821524736,0.4864737492502641,0.4798287401444908,0.4728578588379669,-2.0,-2.0,0.4498373036661978,0.44140697735036744,-2.0,0.42330172461672166,-2.0,-2.0,0.3927393887025207,-2.0,0.3698396411232764,0.3575604668930939,0.3446937497614656,0.33121193122883996,0.31708613934896585,-2.0,-2.0,0.2705350632692976,0.25351601996024586,-2.0,0.21700853258066888,0.1974418831880933,-2.0,0.15547309373927226,0.13298104526554178,0.10942037407939986,-2.0,-2.0,-2.0,-2.0,-0.02626530403413818,-2.0,-0.08998257066075355,-2.0,-2.0,-2.0,-2.0,-2.0,-2.0,-0.36580588474147546,-2.0,-2.0,-0.5142924010285863,-0.5685523539812514,-2.0,-2.0,-0.7472548239973975,-0.8125552319871425,-2.0,-2.0,-2.0,-2.0,-1.1885102655508444,-1.2747190675707638,-1.3650124658860414,-1.459583913375681,-1.5586360328137605,-2.0,-1.771041213439729,-1.884849355173742,-2.004049298966859,-2.1288964410746614,-2.2596582559263956,-2.396614904343282,-2.5400598213586294,-2.6903003338982474
0.01956398343517064,-0.0859243405386232,-0.08117434468161462,-0.07620232213379781,-0.07099761463695342,-0.06561868413166967,-0.06005751749079577,-0.05423648961273338,-0.04814312929410095,-0.04190125890941374,-0.035397753555600917,-0.028590218130436933,-0.021589720076384926,-0.014331315264663701,-0.006733672313432267,0.0010289911340628228,0.009121533354413227,0.017504253399754588,0.02611527449839666,0.03510451516744859,0.04425765726297307,0.05383512939779482,0.06355475869251019,0.07369968304293081,0.08400738433161174,0.09469219849242391,0.1056115111066668,0.11680339523244172,0.128351595711629,0.1400161844312501,0.15199910139991285,-2.0,-2.0,0.18929306064436555,0.20214647718987333,0.21520246466909398,0.2282966284923413,0.24152023150686752,0.25485866163501203,0.2682790099465519,0.28174618195441314,0.29522055860570456,0.30857756647982365,0.3218556847296642,0.33503378236032183,0.3480753302277695,0.36094485383607944,0.37361087179306895,0.3860455088286597,0.39815998259407065,0.40984792131094105,0.4212024174491252,0.43222796128471525,-2.0,0.45312381145426683,-2.0,0.47213131800496755,0.48103420370411276,0.4892742088549336,0.4973929959281906,-2.0,0.5119031918713037,0.518284304180101,0.5246989515534872,-2.0,-2.0,-2.0,0.5453413081694126,0.5497415066150274,0.553975421301555,0.5576384395628776,0.5608596418302506,0.5641026238205555,0.567265896113394,-2.0,-2.0,0.5745994564511308,0.5765110190699477,-2.0,0.5803870465919065,-2.0,0.5835353607099388,0.5848039211023538,0.5858925671616062,0.5868153091907307,0.5875843664537065,-2.0,0.5887011389200628,-2.0,-2.0,-2.0,0.5900418288852161,-2.0,0.5901730878881347,0.5900593949222491,-2.0,0.5894882807246694,0.5890350135454816,0.5884717611698018,0.5877992535683729,-2.0,0.5861275695468987,0.5851266974964239,0.5840156005487035,0.5827926191176597,0.5814556620568795,0.5800029913058548,0.5784326648094339,0.5767407444149026,-2.0,0.5729827515808887,0.570908721304502,0.5687000767347535,-2.0,0.5638601359078916,0.5612191115837738,-2.0,0.5554680935545047,0.5523460944295785,0.549051391927916,0.5455770297591531,0.5419157268547665,-2.0,0.5340010720220337,-2.0,0.5252405645473627,0.5205202044987057,0.5155599067332677,0.5103491237172861,0.5048767605567961,0.49913115853983625,0.49310006786900473,-2.0,-2.0,-2.0,-2.0,-2.0,-2.0,0.44172289541824,-2.0,-2.0,-2.0,-2.0,0.3930683231503842,0.38188849979103967,-2.0,0.3578953493920832,-2.0,-2.0,0.31742626904255317,-2.0,-2.0,-2.0,-2.0,-2.0,-2.0,0.1977916616543891,0.17729561717458675,-2.0,-2.0,-2.0,-2.0,-2.0,-2.0,0.003802791231356295,-0.025907042264049385,-0.05702670452987968,-2.0,-0.12376536651872827,-0.1595273524061369,-2.0,-2.0,-2.0,-0.3203580798802035,-0.3654420846519576,-0.4126633636877677,-2.0,-2.0,-2.0,-2.0,-0.6845425351092735,-0.7468880742745763,-0.8121881378747315,-0.8805826222122407,-0.9522180671727857,-1.0272479501576486,-2.0,-2.0,-1.2743501962339983,-2.0,-1.4592145527191933,-1.5582664423389474,-2.0,-1.770671198433797,-1.8844791424871605,-2.0,-2.0,-2.0,-2.396243983485079,-2.5396887400199244,-2.6899291044263913
0.019006163999369864,-0.08860090277058667,-0.08398651496951338,-0.07915652617009465,-0.07410058559481332,-0.0688078610120187,-0.06338723362944682,-0.057732465913517134,-0.05181324390862314,-0.04564670529927021,-0.03932887887191487,-0.03271582273874559,-0.025795271752622494,-0.018743840241876097,-0.011363222822008596,-0.0036845372100013656,0.004176956863850574,0.012405797552015594,0.02084069653933022,0.029596546459815975,0.038638005327030496,0.04794494241573098,0.05757485662978677,0.06745685924234393,0.07765283741042943,0.08813331879434796,0.09886705742301063,0.10996970495772647,0.12120803666976553,0.13279940476704996,0.14465797080879172,0.15667857872591368,0.1689929960073484,0.18157688353793708,0.19423623106860022,0.2071071171660253,0.22017168527758188,0.2334005134006763,0.24670674996288905,0.26003338476771726,0.2734302828190177,0.2868614209101857,0.3002915880795575,0.3136844722229529,0.32700424132237943,0.34016958217766324,-2.0,0.3658610579503292,0.37838791038775915,0.39066263374265014,0.4026628955018412,-2.0,0.42561359047265074,0.43639909963355555,0.4468451624946531,0.4569896258527034,0.46652798344575774,0.47556345389044785,-2.0,0.49247112103321616,-2.0,0.5075742513883951,0.5144618674774338,0.5208365352185127,0.5270185044643287,0.5324147190206224,-2.0,-2.0,0.5470703605535017,0.5514951068290279,0.5554984835300882,-2.0,0.5621290501677766,0.5653949546921787,-2.0,0.5710254251165047,-2.0,-2.0,0.5772354523917378,0.5791991343634832,-2.0,0.5825990873911838,0.5839724500924288,-2.0,0.5861602316318922,0.5870045077858915,-2.0,0.5882503810171541,-2.0,-2.0,-2.0,0.589636637541318,0.5898142456909029,0.5898657740627108,0.5897945632982671,0.589604712298232,0.58929911445394,0.5888792107557796,0.5883471247028216,0.5877037156599629,0.5869485782785513,0.5860833618765227,0.5851056184873247,0.5840163345152165,-2.0,0.5814952773788223,-2.0,-2.0,0.5768301370863961,-2.0,0.5731001653382595,0.5710393728324794,0.5688429932882348,-2.0,-2.0,-2.0,-2.0,0.5556617282825427,-2.0,-2.0,-2.0,-2.0,0.5382917569423138,0.5342395069806704,0.5299755682054508,-2.0,0.5207760561538558,0.5158209694317528,0.5106151285067544,0.5051474652208168,-2.0,-2.0,0.48705400237975194,-2.0,0.47345273944371064,-2.0,0.45848624690997275,0.45045151411485373,-2.0,0.433193130649263,-2.0,0.414225422381654,-2.0,0.3933844874155439,0.3822070325148996,-2.0,0.358217954630817,0.3453549641866198,-2.0,0.31775450642357744,0.3029574841891622,0.2874545984420348,0.27121242233234316,-2.0,-2.0,-2.0,-2.0,-2.0,-2.0,-2.0,-2.0,-2.0,-2.0,-2.0,-2.0,-2.0,-2.0,-2.0,-2.0,-0.1591778175800973,-2.0,-0.2358691273126311,-2.0,-0.32000619783509443,-0.3650896827451364,-2.0,-0.46176971078540197,-0.5135733914962399,-2.0,-0.6246632643255776,-2.0,-2.0,-2.0,-0.8802264845818274,-2.0,-1.0268911746410179,-2.0,-2.0,-2.0,-2.0,-1.458856380835618,-1.5579080739274223,-1.6616526413665305,-1.77031239255323,-1.8841201335331021,-2.003319692994088,-2.1281664658585377,-2.2589279309283734,-2.395884246015016,-2.539328842127719,-2.6895690492400397
0.018464249428955436,-0.09124080350267079,-0.08671775002080762,-0.08202570521995434,-0.07711424484176738,-0.0719728474507423,-0.06662112963813807,-0.06112783649175439,-0.0553777405849415,-0.04935852125909499,-0.04314689132146392,-0.03672271510061755,-0.0299980890353893,-0.023029417731366252,-0.015859582486914204,-0.008354500110119067,-0.0006253910342591354,0.007368422211889046,0.01571788206927772,0.02422367489327427,0.033127024339806806,0.042221217221598675,0.05168501051447284,0.06136694309786572,0.07141517153055014,0.0816620238702406,0.09231565022592023,0.10310216911716137,0.11426530056564109,0.12567675117536045,0.13731012674334303,0.14927066081797735,0.1614260254107363,0.17377209992097328,0.18638091858724887,0.19922608522576696,0.2121396566564194,0.22521284073701248,0.23844052361627666,0.2517907474618541,0.26523102027084067,0.2786556190352166,-2.0,0.3054298452888293,0.3187569245009076,0.33199523194626823,0.3451088492132375,0.3580638163479668,0.37081487030400834,0.38323014599122646,0.39534170810958447,0.40715653026867277,0.41866033190173685,0.4298518672086958,0.4406169234048892,0.4507990883539179,0.460648564119601,0.47020826686683515,0.4790346763549321,0.48753058392859766,0.49568659622184746,0.5031039660506822,0.5104350393466686,0.5169370935859307,0.5233846945287982,-2.0,0.5345665049814257,0.5399014678533591,-2.0,0.54880406843915,0.5531418945145655,0.5569268635251474,0.5602125733351837,0.5633927498098844,0.5666075105393091,0.5694534112899698,0.5719430630425734,0.5741229897425426,-2.0,0.5779404923534259,0.5798696217398907,0.5815809043241607,0.5830669491418268,0.5843487079536939,0.5854443955298537,0.5863688155741941,0.5871346150607737,0.5877525233280333,0.5882308483599892,-2.0,0.5888775204339418,-2.0,-2.0,-2.0,-2.0,0.5893453565289852,0.5890778945755438,0.5886931203489183,0.5881935013025397,0.5875801490917275,0.5868532932651958,0.5860135862492792,0.585060863551304,0.5839938210077433,0.5828122176313836,-2.0,-2.0,0.5785605879976466,0.576900412868519,0.5751146885459709,0.573199911449449,-2.0,-2.0,-2.0,0.5641738610935493,0.5615535078819157,0.5587775500788636,0.5558403193442697,0.552735774507136,0.549457492622003,0.5459986590837463,0.5423520333306057,0.5385099822171785,0.5344644201488876,-2.0,-2.0,-2.0,-2.0,-2.0,0.5054057296903016,0.49966917851238135,-2.0,0.48732538591807684,0.48069181262721034,0.47373179713932617,0.4664304700934595,0.45877223073033846,-2.0,0.4423187267314374,-2.0,-2.0,0.4145254706024965,-2.0,0.3936898882855593,0.38251474923175355,-2.0,-2.0,-2.0,0.33219286217799326,-2.0,-2.0,0.28777533210309825,-2.0,-2.0,0.23669448131425014,-2.0,0.19845731568541536,0.17796363986036356,-2.0,0.1340064968375858,-2.0,-2.0,-2.0,-2.0,-2.0,-2.0,-2.0,-2.0,-2.0,-2.0,-0.1962950111538616,-2.0,-0.27662194357851577,-0.31966416285119714,-0.3647471112703027,-2.0,-0.46142613263529797,-0.5132293551373692,-0.5674880086502301,-0.6243183572718771,-0.6838421617314255,-0.7461869399848958,-2.0,-0.879880064435499,-0.9515148489087695,-1.0265441008859855,-1.1051285689893793,-1.1874366299856831,-1.2736446209078678,-2.0,-1.4585079526024978,-2.0,-1.6613037009260705,-2.0,-1.8837707607294907,-2.0,-2.0,-2.0,-2.0,-2.0,-2.0
0.01793778623534893,-0.09383316675798298,-0.08937213349865686,-0.08481233787077286,-0.08004120095405265,-0.07504677485095097,-0.0698183583866726,-0.06442553575885962,-0.058839699178343814,-0.05299252249267634,-0.04687147739397539,-0.04061436365726744,-0.034081876597343234,-0.02724363099575867,-0.02022664124508732,-0.012935942723369315,-0.0053041334663045765,0.002475879944588809,0.01060449501486808,0.019005251706883924,0.027654287368466517,0.03666199823757234,0.04585530856620114,0.055452023228697966,0.0652133152881454,0.07537677070887142,0.08572951916618718,0.09643190149052251,0.10739885445911622,0.11860764838100538,0.13017326091441767,0.1418867737899301,0.1538839844838556,0.16618012181183708,0.17862112858038104,0.19125451730237336,0.20411636224002336,0.21717852346237648,0.2303274987740475,0.24355374611791641,0.2568916893450077,0.2703078920288637,0.2837674835344593,0.29723529003810156,0.31064002883267955,0.32390090298402274,0.3370562041228472,0.3500694449555195,0.36290529861364434,0.375531390986607,0.3879199264690856,0.4000347371190684,-2.0,0.42300039377671556,0.4339539675369455,0.44458606729302985,0.45478983442459686,0.464347742817556,0.4736158193535169,0.48251785858078483,0.4906656774866997,0.4987123393792627,0.505948601744219,-2.0,0.5194313923349424,0.5257807490206708,0.5312698416262475,0.5367268872503546,0.5417843083036774,-2.0,0.5505402352178855,-2.0,0.5582637019514601,0.5614293899794419,0.5646493485506228,0.5677373736655423,0.5704332843116795,0.5727900386575514,0.5748513160064705,0.5767097146236976,0.5786249104622043,-2.0,0.5820809549302657,0.5834707906707374,0.5846627753091869,0.5856731532343472,0.5865165122147669,0.5872036600889815,0.5877452623034329,0.5881492225501511,0.5884362563955977,-2.0,0.5889806180517294,0.5891327990601637,-2.0,0.5890496818884813,0.5888224902869549,0.5884749721456043,0.5880095056188671,0.5874276757031603,-2.0,0.5859181208545623,-2.0,0.583947153598072,0.5827872000647852,-2.0,0.5801122456813699,-2.0,0.5769502801898466,-2.0,-2.0,-2.0,-2.0,0.5667637443762884,0.5643052916075773,0.5616958639683293,-2.0,-2.0,-2.0,-2.0,0.5461870323711475,0.5425484373500489,-2.0,-2.0,-2.0,0.525951272387348,0.5212479724698791,0.5163038465539899,0.5111083976765809,0.5056505806304263,0.49991878197826056,0.4939007921080685,0.48758378041660744,0.4809542722223335,0.47399811690552224,0.46670045829540974,0.45904570288796054,0.45101749114308465,0.44259865832914896,0.43377119991956425,0.4245162306071816,-2.0,0.40464359441010767,-2.0,-2.0,-2.0,-2.0,-2.0,0.33249665534272366,-2.0,0.3035842751261954,-2.0,-2.0,-2.0,-2.0,-2.0,0.19877380476663464,0.1782813681874058,0.15681427254435382,0.13432653014322704,0.11076996516693816,-2.0,0.06024610297573929,0.0331705655865312,0.004809492501264612,-0.02489787615965333,-0.05601519207861416,-2.0,-2.0,-0.1585094257229538,-0.19596557274796922,-0.23519816483274503,-0.27629126126381365,-2.0,-0.36441529498305003,-0.4116350375020371,-0.4610932859808422,-2.0,-0.567154228631151,-0.6239841392039058,-0.6835075242284614,-0.7458519064346862,-2.0,-2.0,-0.9511787269322167,-1.0262076490561727,-2.0,-1.1870995583500412,-2.0,-1.363599614693384,-1.4581700641797224,-2.0,-2.0,-1.7696246288555293,-1.883431938826736,-2.0,-2.127477477014647,-2.0,-2.0,-2.0,-2.0
0.0174263338600965,-0.09635095464900599,-0.092017551257965,-0.08751881490568783,-0.08288396389205596,-0.07803228122653898,-0.07295337054855856,-0.06763635096637607,-0.062202090089240734,-0.05652200617160808,-0.050575971575742215,-0.044394062571433184,-0.03804822845459626,-0.03140544187509937,-0.024468138914271843,-0.017385715638178867,-0.009972016900560496,-0.002276013030810571,0.005620336961664511,0.013886124758699528,0.022338853197209,0.031133706891858005,0.04019335273608936,0.04954151262994466,0.05918965611573541,0.06911527182374436,0.07932894547776834,0.08985590406336715,0.10060736549389947,0.1117415571409747,0.1230134263823966,0.13462031210617548,0.14653046767954608,0.1585652027856789,0.17089207739555828,0.18348667231409727,0.19619954026666211,0.2090781082298236,0.22214822844654303,0.23537959953439552,0.24873436825964582,0.26206684013899156,0.2754585893529003,0.2888812446731184,0.3022984380840052,0.31567366936294927,0.32897139280084076,0.34215215266896426,-2.0,0.36781424874595275,0.38029934156142253,0.3925257364555595,0.40447074889136986,0.4161208403538376,0.42738611508403446,0.43810812683867073,0.44847198113919506,0.45852833178706387,0.46808950262568466,0.4770223846801896,0.48576817460946836,0.4938338390180646,0.5015207209098093,0.5088202268469693,0.515566738828419,0.5219457690183047,0.5280131776971916,0.5333652267307988,0.5387914234894717,-2.0,-2.0,0.5522138719427296,0.5561271503792966,0.5595127991883995,-2.0,0.5658637032125391,0.5687874304153117,0.5713389830612656,0.5735680284114002,-2.0,-2.0,-2.0,0.581010901763218,0.5825172555685708,-2.0,-2.0,0.5858406376949574,0.5866022019878604,-2.0,0.5876757719144938,-2.0,0.5882482071952567,0.5884986814190585,0.5887042984648939,-2.0,-2.0,0.5885323525936749,0.5882239844823663,-2.0,0.5872458983186681,0.5865794355829876,0.5857954768633201,0.5848944394281399,0.5838759081664757,-2.0,0.5814829109051108,-2.0,0.5786055149836964,-2.0,-2.0,0.5733420547564287,-2.0,-2.0,-2.0,-2.0,-2.0,-2.0,-2.0,-2.0,-2.0,-2.0,-2.0,-2.0,-2.0,0.5306268845037284,0.5261608608902761,0.5214636421266923,0.5165252778685527,0.5113352959070735,0.5058826523649355,0.5001557654149485,0.49414243545007575,0.48782984731418744,0.48120453790209133,0.4742523697952972,0.4669584971780354,0.459307340185782,0.45128254813976243,-2.0,-2.0,-2.0,0.4150910776353864,0.40492337898592634,-2.0,-2.0,-2.0,0.35911918098458445,-2.0,-2.0,0.31867277147981005,0.30388118383927737,-2.0,0.27214582019840733,0.25513407046168,0.2373115723479165,-2.0,-2.0,-2.0,-2.0,-2.0,-2.0,-2.0,0.06055892895054993,0.033484349373093525,0.00512418947052018,-0.024582310343352676,-0.05569879379516918,-0.08829192459064872,-0.12243153302998977,-0.1581907592635986,-2.0,-0.234878157614268,-0.27597062718962195,-0.3190116679537226,-2.0,-2.0,-2.0,-0.5125726739033228,-0.5668304016446974,-0.6236598651328901,-0.6831828184046556,-0.7455267919564933,-2.0,-0.8792184103685495,-2.0,-1.025881073386298,-2.0,-2.0,-2.0,-2.0,-2.0,-2.0,-2.0,-1.769295840653675,-1.8831027602865023,-2.0,-2.0,-2.0,-2.0,-2.0,-2.0
0.01692946430619779,-0.09879632883581965,-0.0945868842776142,-0.09017993851907372,-0.08564498097710116,-0.08093193419918093,-0.07599822966656934,-0.07083329538158745,-0.06546780501155439,-0.059950008195268946,-0.05417395040417779,-0.04812725399710629,-0.041900554485058354,-0.03544760188643884,-0.028692499963150892,-0.021707576034357662,-0.014505714289720315,-0.006966706432360361,0.0007794680308530014,0.008809031150866073,0.017176150840970888,0.025719850054443872,0.034663071947233906,0.04377518259283783,0.05328103102181584,0.06298112266566222,0.07307407578239142,0.08333876400268493,0.09401020226106226,0.1048431554784878,0.11602257621608164,0.12748403772220995,0.1391326792724093,0.15110676152115296,0.1633148560990887,0.1756727756591404,0.18829163257986345,0.2011443477342157,0.2141128612516896,0.22719069070181475,0.24042049154929135,0.2537689234149792,0.26720433053534437,0.280678427281183,0.2940688275319014,0.3074339828660012,0.3207425255206068,-2.0,0.3470415406781648,0.3599611631061535,0.3726846791985462,0.3851276118308577,0.3971940044425292,0.4089512622182519,0.4203901459573399,0.4315093937360571,0.4422694547915613,0.45240569499541183,0.462161706952493,0.4716503612225155,0.4804664016878933,0.4888463107532765,0.496982502839233,0.5043054319240685,0.5115882262401582,0.518003244224791,0.5244203509572112,0.5300963440163683,-2.0,0.5407190137392702,-2.0,-2.0,0.5537780949038931,0.5574746565426772,-2.0,0.5638414258975765,0.5669926674525418,0.5697591190943191,-2.0,0.5742774471656494,0.5761293242789768,0.577987071546351,0.5798500930559953,-2.0,0.5828886250726153,0.5840902462585683,-2.0,0.5859453185100124,0.5866254968814291,0.5871551866813391,0.5875430389390036,-2.0,0.5880126112509539,-2.0,0.5883570758333653,-2.0,0.5882065556798287,0.5879391062906871,0.5875475098331954,0.5870339347436797,-2.0,0.5856457892536048,0.5847726521522306,0.5837797822292323,0.5826673375590727,-2.0,0.580076979735329,-2.0,-2.0,-2.0,0.5733843848652304,0.5713804688530096,-2.0,-2.0,-2.0,-2.0,-2.0,0.5562800417929293,0.5532040330317455,0.5499526897226219,0.546519296289537,-2.0,0.5390778544855275,-2.0,0.5308160995634883,0.5263567198161998,0.5216657927689015,0.5167333883102244,0.5115490484616789,0.5061017645164557,0.5003799561124461,0.4943714405777574,0.4880634223856325,0.48144245049103834,0.4744944004305414,-2.0,-2.0,0.4515357345306914,0.44312350616266455,-2.0,0.42505332617583813,0.41535672459693546,-2.0,0.3945367029624106,-2.0,-2.0,-2.0,0.346542451136028,0.33307196932965955,-2.0,0.30416723158428477,0.28867107147518034,0.27243556729030066,-2.0,0.23760417041721554,0.21893420018893517,0.1993752446703395,-2.0,0.15742077095105073,-2.0,-2.0,-2.0,-2.0,0.03378778627622803,0.005428567409872853,-0.02427703449146079,-2.0,-0.08798497816419537,-0.12212380712994297,-0.15788229382789287,-0.19533704380307393,-0.23456830610656398,-2.0,-2.0,-2.0,-2.0,-0.46045764728855576,-2.0,-2.0,-2.0,-0.682868132968766,-2.0,-2.0,-0.8789025176475262,-2.0,-1.025564464812853,-1.1041479636648193,-1.1864550929550108,-1.272662197864901,-2.0,-2.0,-2.0,-1.6603181204825792,-2.0,-1.88278380584395,-2.0,-2.0,-2.25758919771685,-2.3945447850793617,-2.0,-2.6882282268165083
0.016446761779946636,-0.10117138760319155,-0.09708233620267465,-0.09280148890108239,-0.08832661667674546,-0.08374822115347115,-0.07895554572990432,-0.07393832335863772,-0.06868580345296296,-0.06327946430685355,-0.05766849579280671,-0.05179471167914181,-0.04564543246786575,-0.039373577384011794,-0.0328115874391758,-0.025942123509064302,-0.018909115929354608,-0.011585614015994646,-0.003922346580703913,0.0038778289724467428,0.012043038852565451,0.020461306297872423,0.029149027838833233,0.038174691999406235,0.0474086938235569,0.05702320455432861,0.06682777674094287,0.07700846963614848,0.08740693651951094,0.09812632170380758,0.1091417199859053,0.12036643363042197,0.13194687779358613,0.14371157677987612,0.15572199787907107,0.16802974452634964,0.18052451331533598,0.1931675500142874,0.20603616731871535,0.21910284992256904,0.2323077106742464,0.24553469972417155,0.25887046397919483,0.2722807752543289,0.28573079441922355,0.2991844221828155,0.3126061378065122,0.32588414591916814,0.33901418402095856,0.35199665308148226,0.3647958879258678,0.3773797192021699,0.3897180048566023,-2.0,0.41348854660548484,0.4247157566829862,0.4355940451458855,0.44614243815117927,0.45633339637551834,-2.0,0.47500041034571666,0.4838759375772121,0.4919516565479724,0.4999029731238331,0.5071159052575508,0.5141504773649506,0.5204587019970821,0.5267256337197925,0.5321358733252044,0.5375731829017087,-2.0,0.5468222948320925,0.5511902597120706,-2.0,0.5587308600113363,-2.0,-2.0,0.5680392330351385,0.5706547469167623,0.5729342916839268,-2.0,0.5767229780455909,0.5785925700338428,-2.0,-2.0,0.58319561644281,-2.0,-2.0,0.585987047011832,0.5865857705645233,0.5870355286913168,-2.0,0.5875406588173412,0.5877277526733586,-2.0,0.5879376037799001,-2.0,0.5876199584567489,0.5872682469028407,0.5867912590954077,0.5861909240424901,0.5854684487103814,0.5846243478555525,0.5836587190518214,0.582571598987972,0.5813609719923223,0.5800263011533267,0.578566193499872,-2.0,-2.0,-2.0,-2.0,-2.0,0.567018739143258,0.564597836464187,0.562023752133706,0.5592913838590278,0.5563952441983872,-2.0,0.5500877677773243,-2.0,0.5430495076719165,0.5392383210498904,0.5352219483085798,0.5309919633685991,0.5265394604662373,0.5218550433236891,0.5169292719417963,0.5117503052539114,0.5063085573513547,0.5005919961381451,0.4945884596766673,0.4882851639768174,0.48166867363606786,0.4747248773911789,0.46743895564002014,0.45979535059558685,0.45177773232063323,0.44336896804440057,0.43455140302561146,0.4253056608797027,0.4156115785798396,-2.0,-2.0,-2.0,-2.0,-2.0,0.3468123500235065,0.3333439724472139,-2.0,-2.0,-2.0,-2.0,-2.0,0.23788682596105876,0.21921834925173145,-2.0,-2.0,-2.0,0.13522483272664176,-2.0,0.0869990895115561,0.061154188075689064,-2.0,-2.0,-2.0,-0.055096049247978396,-2.0,-0.12182556578572079,-0.1575832854711654,-0.19503730902767558,-0.23426787663483362,-2.0,-0.3183988324792022,-2.0,-0.4106975352993901,-2.0,-0.5119553983012834,-0.5662121426331486,-0.6230406648786843,-0.6825627211793038,-2.0,-0.8102035846721806,-2.0,-0.9502291980806559,-1.0252570716471068,-1.1038402261409253,-2.0,-2.0,-2.0,-2.0,-2.0,-2.0,-2.0,-2.0,-2.0016723286302662,-2.0,-2.2572785751565934,-2.3942339651119457,-2.0,-2.0
0.01597782234298378,-0.1034781742389745,-0.09950605467752964,-0.09534767745641116,-0.09099413306315474,-0.08648355861175334,-0.08182785862015116,-0.07695406667005017,-0.07185184310762495,-0.06651315849470867,-0.06106260923557415,-0.05535676583684392,-0.049383478048850425,-0.043186737647563485,-0.036812310204951314,-0.03013929588769257,-0.02318600272775374,-0.016071820047399377,-0.008624465885156187,-0.0009117171552914439,0.007020092644613628,0.015323420464779126,0.023793451058889234,0.032627887032771974,0.04170499768752748,0.051095336722594316,0.06076091271458178,0.07073060689880979,0.08096141396579747,0.09153530193990198,0.10230289214100713,0.11345333732495784,0.12477450472618944,0.1363957840337662,0.1483470558694755,0.16040560426405875,0.172743864572619,0.18534754480450405,0.19811525959121606,0.21100024739362822,0.22407422065114357,0.23730640196853586,0.25066527511479436,0.26404696247448645,0.2774318839530539,0.2908436127386401,0.304245614620251,0.3176011096968212,0.33087360339866373,0.34402781644867947,0.35700764145642483,0.3696984011930708,0.38213856970893983,0.39431345938152257,0.4061998550889072,0.41778388564838,0.429037949448724,0.43973113264057617,0.4500087819709752,0.4599703986390487,0.46953384560774075,0.47838044453856093,-2.0,0.49508970629746846,0.50264423659528,0.5099421098341899,0.5165523211627906,0.5229338539338941,0.5288694439686092,-2.0,0.5395507042041557,0.5441979233982349,0.5484497668649627,-2.0,-2.0,0.559898756148976,0.5629908054597131,0.5661644527717461,0.569004292849255,0.5714754882218593,0.5736258880339106,-2.0,0.5772943729918356,-2.0,0.5808034161341191,0.5822264218353924,-2.0,0.5844544009845443,0.585292544708991,0.5859644461714522,0.5864808531281147,-2.0,-2.0,0.5872339862794087,-2.0,0.587487292571839,0.5874436184121763,-2.0,0.5869551395698714,-2.0,0.585952162069084,0.585262610699137,0.5844491585198627,0.5835118387596234,0.582450559319613,0.5812647028146994,0.5799530568847572,0.5785143337486507,0.5769460145292982,-2.0,-2.0,0.5714401001976769,-2.0,0.5670687153463768,0.5646613236194338,0.5620999443476751,-2.0,-2.0,-2.0,0.5502077965734046,-2.0,0.5431878925984467,-2.0,0.5353769932147613,0.5311542512352123,0.526709030333948,0.5220312490137133,-2.0,0.5119389386514477,0.5065028463728853,0.500791711843967,-2.0,-2.0,-2.0,0.4749436453451928,0.4676618957670028,0.4600222529080925,-2.0,-2.0,0.4347887173016808,0.4255460767689273,-2.0,-2.0,0.39504671574659656,0.3838839435815944,-2.0,0.3599221394589764,0.34707180653599823,-2.0,-2.0,-2.0,0.2892163072673892,0.2729840429447616,-2.0,0.23815943499086983,-2.0,0.1999364267958963,-2.0,0.15798733278946547,0.135504445125616,0.1119525317862855,0.08728106321603901,0.061437262990322816,-2.0,-2.0,-2.0,-2.0,-2.0,-0.12153689559128966,-0.15729382856135354,-0.19474710039688803,-2.0,-0.2750674299437954,-2.0,-0.36318658925563563,-0.41040406054453826,-2.0,-0.5116608195820986,-2.0,-2.0,-0.6822666665994986,-0.7446093364003966,-0.8099066543406458,-2.0,-2.0,-1.0249589766952987,-2.0,-2.0,-1.2720547118650027,-2.0,-2.0,-1.555965296881503,-1.6597083722620987,-2.0,-2.0,-2.0,-2.0,-2.2569771539251935,-2.393932340708575,-2.5373758599554277,-2.0
0.015522253574270471,-0.1057186660377062,-0.10186011570762958,-0.09782068896600722,-0.09359173057724707,-0.08916413090418288,-0.08461763229216339,-0.07988321610906951,-0.0749269018565027,-0.06973806982906192,-0.06435920369564534,-0.05881647400533483,-0.05301402937151705,-0.046939436863570085,-0.040698100540555136,-0.0342158911368689,-0.027429835638239763,-0.020429162394040773,-0.013194743402969463,-0.005621285634102765,0.0021413989443630306,0.010207288066265825,0.01859148231905404,0.027173436291836304,0.03615734607645297,0.04528670008737102,0.054835545934769775,0.06455274910919602,0.07469126876388789,0.08497244984562924,0.09566050586727057,0.10654123621465493,0.11773594651744297,0.12924816121637883,0.14091076687492568,0.15289745454396678,0.16515908357736864,0.17752754710307309,0.1901547974176662,0.20301393871945247,0.2160380937755814,0.22911901169572155,0.24234853015207805,0.25569411451019397,0.26912218232678314,-2.0,0.2960314109862471,0.30938021224249435,0.3226674935406831,0.33585585566232495,0.34890839171349697,0.3617903174482748,0.3744696059795863,0.3869117424415918,0.3989716865336599,0.4106680479325606,0.42203839127502274,0.43308066443690163,0.4438004885367018,0.45392220202471983,0.46358006541347246,0.4729699947539571,0.48179892751038605,0.4900571498039861,0.4981502085053012,0.5053945644800327,0.5126096405455669,0.5189496765921378,-2.0,-2.0,0.5362488729097271,0.541392426083955,0.5457797077430208,0.5500786640563742,0.5542601154767303,0.5578644319190412,-2.0,-2.0,0.5672079484956625,-2.0,0.5722219505442837,0.5742473947207779,0.5760329282625701,-2.0,0.5796303552711098,0.5811775163964665,0.5824983554387775,0.5836132629958416,0.5845390491200406,0.5852890088680069,0.585876114717676,-2.0,0.5865985198613847,0.5867539195136647,0.5868758875068619,0.586994291328915,-2.0,0.5868729029396187,0.5866070708008931,0.5862095876587002,0.5856822259660455,0.5850275660422305,0.5842457387450944,0.583338116976272,0.5823044390328993,0.5811442130085177,-2.0,-2.0,0.5768923719087383,0.5752119072701616,0.573395752392684,0.5714409953484038,0.5693437603920684,0.5671006487525464,0.5647076993079782,0.5621591293387906,0.5594511377111165,0.5565779500832888,0.5535337932188928,-2.0,0.5469074322216699,0.5433116135207496,0.5395175719011812,0.5355174025798168,-2.0,0.5268647208099206,0.5221940156209837,0.5172809522576711,0.5121147827940804,0.5066845160672958,-2.0,0.4949858501619995,0.48869247947279315,0.4820854056337133,0.4751505454202694,-2.0,0.460237554813705,0.4522275870464516,0.44382650702728027,-2.0,0.42577579846521674,-2.0,-2.0,0.39528548496751814,0.3841254378225556,-2.0,0.36016869068203133,-2.0,0.33385673338140387,0.31974791705656497,0.3049640685920993,-2.0,0.2732430915638156,0.25623802613203983,0.2384218975991656,0.21975654505392905,-2.0,-2.0,-2.0,-2.0,-2.0,-2.0,-2.0,0.034640057124646795,0.0062838342009894355,-2.0,-0.054531813936078866,-0.087121530836753,-0.1212578827035874,-0.15701400539627752,-0.19446650240370633,-0.23369561481112167,-0.2747853931933574,-0.3178238642519171,-0.36290323930448354,-2.0,-2.0,-2.0,-2.0,-2.0,-0.6819800478645429,-2.0,-0.8096191351054486,-2.0,-0.9496431389552513,-1.024670252381099,-2.0,-2.0,-1.271764950514898,-1.3620558054853709,-2.0,-2.0,-2.0,-2.0,-1.881881620517513,-2.0,-2.0,-2.2566850105593974,-2.0,-2.0,-2.6873223015729
0.015079674241700076,-0.1078947753051991,-0.10414653095553306,-0.10022263474346134,-0.09611468324234332,-0.09181387101150942,-0.087327247264772,-0.08272810316216227,-0.07791360243356459,-0.07287323611008586,-0.06759626778544801,-0.06217668115140484,-0.056540272059693746,-0.050639476144754315,-0.04447226281055138,-0.038175375441433096,-0.03158342446621502,-0.02468228387760213,-0.01763374486236401,-0.010276903500962628,-0.0025971736119045257,0.005238094466248277,0.013440497566982304,0.021875596963140457,0.030602594884656286,0.039645116546946,0.04892082665779399,0.05855225382059894,0.06840069134851588,0.07859805646683829,0.08904294903619847,0.09977826499287214,0.11084279242861576,0.1220824442496778,0.1336766279382871,0.14549296966794933,0.15751570169514326,0.16983379643509722,0.1823830807547258,-2.0,0.2079083200295354,0.22097791449048332,0.23421245730868306,0.24746608586886235,0.26079746177256563,0.27419978919735144,0.28763805359886574,0.3010754959460501,0.3144766864713712,0.327793315039641,0.3409097877538625,0.3538588677993156,0.3666186865616889,0.3791561021855468,0.3914424978985368,0.403455329266163,0.41515472945443765,0.4263500079824529,0.43714876074596903,0.4476099747768703,-2.0,0.46723419465813315,0.4762864403461264,0.4851079266355384,0.4931329714264934,-2.0,0.5081715765185635,0.5150759337239347,0.5213667044742257,0.5275338830607236,0.532873636860998,0.5382771926268829,-2.0,0.5473527638405818,0.5516883909836711,0.5556370800831948,-2.0,0.562098188300314,-2.0,0.5681684053026667,0.5706994867412649,-2.0,-2.0,0.5765471931257752,0.5783631294298156,0.5800446981991239,0.5814841549866929,-2.0,0.5837234480246936,0.584557831404584,0.5852202383445296,0.58572211919061,0.5860724617590578,-2.0,0.5863760534361679,0.5864658509758797,-2.0,-2.0,0.5862240886033697,0.5858692652684515,0.5853815225726466,0.584763001525757,0.5840150464419397,-2.0,0.5821339570355564,-2.0,0.5797376842715095,0.5783441561594829,0.5768184025027036,0.5751581863127341,0.5733612559910888,0.5714237796562185,0.5693432880040362,0.5671157439543413,0.5647370120114246,0.5622025625378279,0.5595078027235656,0.5566464312897977,0.553613708576418,0.5504031736248397,0.5470082776585343,0.543422040922383,0.5396372872296143,-2.0,0.5314388237206832,-2.0,0.5223449536244107,-2.0,0.5122787865661539,-2.0,-2.0,0.4951675187863098,0.4888793636613571,0.48227723575453935,0.47534706812107946,0.46807408260727945,0.4604427626088804,0.4524368051708516,-2.0,0.4352317587397898,0.4259958930233311,-2.0,-2.0,0.3955149170951471,-2.0,0.3726631052029814,0.36040615476893384,-2.0,-2.0,0.31999230103069737,0.3052105391721531,-2.0,-2.0,0.2564901864299338,-2.0,-2.0,0.2004590516048157,0.17997488213441115,0.1585156662962927,-2.0,-2.0,-2.0,-2.0,0.03490615285995269,0.006550990841168058,-0.023150743813743158,-0.05426268178470062,-0.08685148006624477,-0.12098695696132966,-2.0,-2.0,-0.2334222972291431,-2.0,-2.0,-0.36262784549489724,-2.0,-0.45929898498418653,-2.0,-2.0,-2.0,-2.0,-2.0,-0.8093394530377782,-2.0,-0.9493626081748637,-1.0243893361153846,-2.0,-2.0,-1.2714829519405724,-1.361773482093053,-2.0,-1.5553916970816837,-2.0,-2.0,-2.0,-2.0007956525958153,-2.1256406967675394,-2.256400560278373,-2.0,-2.0,-2.0
0.014649713983072856,-0.11000899420240927,-0.10636726437727205,-0.10255558096234708,-0.09856515600921185,-0.094387441371457,-0.0900134841600036,-0.08549140158981221,-0.08081451235558487,-0.07591834526389211,-0.07079240870167625,-0.06544058269560916,-0.0599652397976542,-0.054233211882544936,-0.048232320609226685,-0.04202115726788347,-0.03561773366982255,-0.02891405506909367,-0.02194528907733744,-0.014798844837873462,-0.007317367451158759,0.00041156049210343563,0.008379464433734649,0.016720802633459656,0.02520729588366581,0.03408198483488476,0.04317594998348015,0.052608484334828086,0.06229078829487479,0.07230566752770312,-2.0,0.09317424909567389,0.10395756725630097,0.11512225208634484,0.1264938661990748,0.1381286987328791,0.15009158414350632,0.16220304675117622,0.1745511218951342,0.18716258944688133,0.19998576264222748,0.21287572482817493,0.2259518699884747,0.23918333244002327,0.25253823031770684,0.2659715337064629,0.27935219879634304,0.2927510954146107,0.3061358030557718,0.3194690999355555,0.33271428697451993,0.3458354244842826,-2.0,0.37151324674659436,0.3839077900775257,0.39602801692879513,0.4078524470292337,0.4193668722013923,-2.0,0.44126930902035955,0.4514564008993157,0.4613189303978784,0.47085416468274865,-2.0,0.488151414866424,0.49623866982770404,0.5036577716232106,0.5109332401512252,0.517420287500785,-2.0,-2.0,0.5348798591916961,0.5401666706681794,0.5447029896837497,0.5489279152729074,0.5531924677635168,0.5569145140220781,-2.0,0.5631830028017878,-2.0,0.569046796733299,0.5714323161568926,-2.0,-2.0,-2.0,0.5788208896929818,0.5803886325504801,0.5817219212413062,0.5828419031073505,-2.0,0.5845094159649779,0.5850840491652034,0.5854999404834317,0.585766097601209,-2.0,0.5859440208088394,-2.0,0.5859736837662725,0.5858038505353919,0.5854943201707987,0.5850480704304142,0.5844680731038769,0.5837551204236975,0.5829113953725387,0.5819367737375895,0.5808316280137871,0.5795947891364815,0.5782257288841952,-2.0,0.5750837881038702,-2.0,0.5713872887077254,-2.0,0.5671127501846603,0.5647493607088695,0.5622290446113448,0.5595473706517431,0.5566990519548418,0.553678116206459,0.550478737672279,0.5470943791758517,0.5435180803940179,-2.0,0.5357596893388002,-2.0,-2.0,0.522482967720287,0.5175836111494979,-2.0,0.5070129259117825,0.5013194317980699,0.4953373256127932,-2.0,-2.0,0.4755322286589861,0.4682638446061137,-2.0,0.45263508112080464,-2.0,-2.0,0.4262054002170159,-2.0,-2.0,-2.0,0.3845797285126875,0.37288791125389664,0.36063358631437553,-2.0,0.33433122166199913,-2.0,-2.0,-2.0,0.2737341666452389,-2.0,-2.0,0.2202580876097323,-2.0,-2.0,-2.0,-2.0,-2.0,0.08807159757936756,0.0622312954232207,-2.0,0.006809034292368787,-2.0,-0.05400260478819641,-0.08659045700730483,-0.12072503013050184,-2.0,-0.19393033693165773,-2.0,-2.0,-2.0,-0.3623613162039149,-2.0,-2.0,-2.0,-0.5650847310755103,-2.0,-2.0,-2.0,-2.0,-2.0,-0.9490907908864297,-1.0241171129889908,-2.0,-2.0,-2.0,-2.0,-2.0,-1.555117404191706,-2.0,-1.7675171436942834,-2.0,-2.0,-2.125365098221444,-2.0,-2.0,-2.5365221568475227,-2.68676075174451
0.014232012996167009,-0.11211509990124376,-0.10852421475430557,-0.10482151871340455,-0.10094524636538489,-0.09688709096631244,-0.09263835590822549,-0.0881899446976725,-0.08363210855524607,-0.07887599885837902,-0.07389675488543652,-0.0686837095964704,-0.06329184883532742,-0.05772381408768693,-0.051894612343629236,-0.04579175710243216,-0.03953620332082739,-0.03302431718610499,-0.02620689564002922,-0.01919096458318852,-0.011923524548621073,-0.00431516173329678,0.003463491784610848,0.011566203800220696,0.019966841339979734,0.02858765445471007,0.03759609179229037,0.04675864005315419,0.05635082841204252,0.06608460869641841,0.0762487975001255,0.08656649264102355,0.09726950759172777,0.10819902786158068,0.11940804379814504,0.130970554391564,0.142647214475214,0.1546452924306134,0.16694335407918823,0.17933902675192756,0.19197331283288463,0.20483719950024185,0.2179017310370027,0.23100015488697562,0.24422811605519212,0.25756886881039737,0.2709882188570489,0.28445157515368963,0.29792034942422263,-2.0,-2.0,0.3376936306883158,-2.0,-2.0,0.3761857665695382,0.38858120602100016,0.4006655859317358,0.41230920181699376,0.4236075065667624,0.43456956981187866,0.4452113009851395,0.4553509160690197,0.464906821468522,0.47418520108794804,-2.0,0.49116602360371203,-2.0,0.5063744870657969,-2.0,0.5197790722343885,0.5260839515190391,0.5315346407756563,-2.0,0.541921932562243,-2.0,-2.0,-2.0,0.5580957991072338,-2.0,0.5642585982663125,0.5672518992298987,0.5698452062202763,0.5720902306996045,0.5740305926799584,-2.0,-2.0,0.5792066385070711,-2.0,-2.0,0.582911912995333,0.5837412440452779,0.5843932973221071,0.5848794640702039,0.5852087227886315,0.585389621774414,-2.0,0.5854574054795478,-2.0,0.5853454859239459,0.5850836935124835,-2.0,0.5841410921624313,0.5834656351156551,0.5826562284948915,-2.0,-2.0,0.5794281477825493,0.5780844473389144,0.5766050158572337,0.5749879991063491,0.5732311467788486,0.571331666362026,0.569286484787858,0.5670920235719231,0.5647444572168302,0.5622389898590078,-2.0,0.5567360440322189,0.5537274229827509,-2.0,0.547166468557092,0.5436002763484719,0.5398347384670895,-2.0,0.5316712157006518,0.5272569275635711,0.5226089102297836,-2.0,0.5125705025369681,-2.0,0.501471912885778,-2.0,0.48921872470532446,0.48262699538138315,-2.0,-2.0,0.4608206174399274,0.4528230934990982,0.44443341307109224,0.4356336533578147,0.4264050119930296,0.416727755051221,0.4065811932165315,0.3959436227610419,0.3847922829362078,-2.0,-2.0,-2.0,0.33455436094368296,-2.0,-2.0,-2.0,0.27396598558817026,0.25696649637567204,-2.0,0.22049538570826133,0.2009456726285972,0.18046462524871554,-2.0,-2.0,-2.0,-2.0,0.06247866245117617,-2.0,-2.0,-0.022640912003230818,-2.0,-0.08633771149002989,-2.0,-2.0,-2.0,-0.23290169427777774,-2.0,-0.31702556389683056,-2.0,-2.0,-0.4587714722528178,-2.0,-0.5648238258391893,-0.6216497405021812,-2.0,-0.7435100527576295,-2.0,-2.0,-2.0,-2.0,-2.0,-2.0,-1.270944203657449,-2.0,-1.4558021020491425,-2.0,-1.6585929196490823,-2.0,-1.8810554683984118,-2.0,-2.0,-2.2558566902405994,-2.0,-2.5362536849202355,-2.6864920798118486
0.013826221737646556,-0.11416083242830906,-0.11064311788314754,-0.10702239272118742,-0.10325699323412646,-0.0993149640419968,-0.09518785774807334,-0.09086683447088019,-0.08636881112538106,-0.08174873627388372,-0.07691197176333525,-0.07184815715589109,-0.06654644048565173,-0.06111417885748243,-0.05545176849286864,-0.0495236077000927,-0.04334220607813869,-0.03701659090414419,-0.030394289316077534,-0.02346108272438201,-0.016397489883855743,-0.009006867994137784,-0.0013113118161039296,0.006559853448322858,0.014799641239002969,0.023250951814526664,0.03201772973244718,0.041076599893659686,0.05039434808325878,0.06004197688564993,0.06993486224045325,0.08014797405445402,0.09063987818910284,0.10139019736901252,0.11250442940680555,0.12375818900500136,0.13536487162019076,0.14723364947600381,0.15926732634659868,0.17159480046851683,0.1841894188201682,0.19685618732995586,0.20973490613632711,0.22280588931208792,0.23603877638271756,0.24934814040122322,0.26267397839585127,0.27606684088706335,0.2894910691744565,0.30291043956770786,0.3162888500572404,0.32958913289456054,0.3427414969148755,0.3556580484885989,0.36837543051750954,0.3808640685108384,0.3930946427569596,0.4050445225819327,0.4166998514164572,0.4279042591252415,0.4386208173824881,0.44899015608990506,0.45905316936210355,0.4685376197896675,0.4774751367517958,0.48621467750345715,0.494210574420678,0.5019048224627044,-2.0,-2.0,-2.0,0.5282044901415031,0.5334836342229361,-2.0,0.5435502480468217,0.5477423933851695,0.5520330727724656,0.5558784719644486,-2.0,-2.0,0.5652996615520041,0.5681226762767675,0.570563875518739,0.5726731003355394,-2.0,-2.0,-2.0,0.57951920083909,0.5808646537211681,0.5819893019914759,0.5829115013435013,0.5836466054300294,0.5842070149693944,-2.0,0.5848457753705173,-2.0,0.5849298813629447,0.5849124547746193,-2.0,0.5846348976390817,0.5842786039152459,0.5837810812913641,0.5831446800032553,-2.0,0.5814617580652164,0.5804167523450106,0.5792361438019725,0.5779189402426003,-2.0,0.5748702969527565,0.573134929813327,0.5712555605995041,-2.0,-2.0,-2.0,-2.0,0.5595779485257255,0.5567562538208101,0.553760546610611,0.5505848585352469,0.5472227892948852,0.5436674959242026,0.539911744298971,-2.0,0.531767028434822,0.527361224697042,-2.0,0.5178365176861335,-2.0,-2.0,0.501612191483572,0.49564227675986383,-2.0,0.482784589030224,0.47586946510976075,-2.0,-2.0,0.4529998699461124,0.4446143899522376,0.43581861961366486,0.42659376507735713,0.4169201096306267,-2.0,0.39614264703765634,-2.0,0.37330839603175825,-2.0,0.3482217163474538,0.33476739703229175,0.32066780815115864,0.3058926863081551,-2.0,0.2741879726831476,-2.0,0.23938152387519457,-2.0,0.20117498864495054,-2.0,0.15924084479600614,-2.0,-2.0,-2.0,-2.0,-2.0,-2.0,-2.0,-0.05350828679531061,-0.08609415604845871,-0.12022684466430411,-2.0,-0.19342863443680158,-2.0,-2.0,-2.0,-2.0,-2.0,-2.0,-2.0,-0.5645718669169374,-0.6213972104091389,-2.0,-0.7432564653785175,-0.8085514533036948,-2.0,-0.9485719212358943,-2.0,-2.0,-2.0,-2.0,-1.3609770894515347,-2.0,-2.0,-2.0,-1.7669919149806352,-2.0,-1.99999396203345,-2.0,-2.0,-2.0,-2.0,-2.686232130265348
0.013432000630554154,-0.11614782516404075,-0.11273089001901872,-0.10916007726535787,-0.10550236693994323,-0.10167312896316974,-0.09766415775647548,-0.093466865818044,-0.08907226007058175,-0.08453899901275538,-0.07984062419626445,-0.07492175490648725,-0.06977185148944876,-0.06440721427009073,-0.05890681173066658,-0.05314832962890639,-0.04711943461811447,-0.040894294874316894,-0.03446129870716643,-0.027726773396522315,-0.020743047308064606,-0.013563927423710969,-0.006047912487669601,0.0016966266099580933,0.009700851704159002,0.018067378516371888,0.026583285779314455,0.035498650922414436,0.044608708998305394,0.054084252508433565,0.06378248805725181,0.07384282344863931,0.08410538588568787,0.09477348208479071,0.10557275729592969,0.11675127346131144,0.12817366748279582,0.13982074169349812,0.15179423911175294,0.16395918950147664,0.17631571646694844,0.18893372412336945,0.20178663118577678,0.21470634025341936,0.22778316482523622,0.24101227937756162,0.25436104906258983,-2.0,0.2812211175406238,0.2946050732735009,0.3079702480030776,0.32127916540016604,0.3344946088150769,0.3475802783615342,0.36050159954263583,0.3732213381697801,0.3856082324943626,0.3976706071733118,0.40942970110191085,0.4208709472407746,0.4319926845729681,0.4427088500540937,0.45281718416250677,0.46257579405596144,-2.0,0.480802956654115,0.4891860400333335,0.4972618854024683,0.5045613859209737,0.5117926296511512,0.5181703826401851,0.5245149534520724,-2.0,-2.0,0.540637646107205,0.5450603595972799,0.5492625316761569,0.5534492386811496,-2.0,-2.0,0.5632127044733537,-2.0,0.5689106790653257,-2.0,0.5731827278924875,-2.0,0.5765830118656887,0.5782875726911848,0.5797595692224378,0.5809960669158349,-2.0,0.5828415109046389,0.5834818408028246,-2.0,0.584257303393598,-2.0,0.5844183198689508,-2.0,-2.0,-2.0,0.5838405743887554,0.5833877470707439,0.5827925366202413,0.5820569764705191,0.5811825411814635,-2.0,0.5790192214848433,0.5777299740928075,0.5763011787567909,0.5747313237652085,0.5730186471159275,0.5711600195531895,0.5691534994555963,0.5669950276833452,-2.0,0.562206938790067,0.5595689421408536,0.5567611325296312,0.5537788710252609,0.5506155739042684,0.5472654971531827,0.543721580390728,0.5399758729880233,0.5360219496737313,0.5318502804121398,-2.0,-2.0,0.5179447319162089,0.512813199700508,0.5074159280509051,0.5017414943153166,-2.0,-2.0,-2.0,-2.0,0.4687684008920576,0.4611554388875626,-2.0,0.44478577186890206,0.4359945731525575,-2.0,-2.0,-2.0,-2.0,-2.0,-2.0,0.3612586709302941,0.3484235840157188,0.33497187354012403,0.3208747423847294,-2.0,-2.0,-2.0,0.25740620670448433,-2.0,0.22094255745536262,-2.0,0.18091852137938147,-2.0,0.13699099703873818,-2.0,-2.0,-2.0,-2.0,-2.0,-2.0,-2.0,-2.0,-2.0,-2.0,-2.0,-2.0,-2.0,-2.0,-2.0,-2.0,-0.4582773952077519,-2.0,-2.0,-2.0,-2.0,-2.0,-2.0,-2.0,-2.0,-1.0233492233615864,-2.0,-2.0,-2.0,-2.0,-2.0,-1.5543429348017965,-2.0,-2.0,-2.0,-2.0,-2.0,-2.2553451929489743,-2.3922990907473296,-2.535741343235641,-2.0
0.013049019780144023,-0.11807777481084421,-0.11475872451579618,-0.1112835087849967,-0.10768328664034457,-0.10396360155818164,-0.10006937363674807,-0.09599226099253062,-0.09172352766658948,-0.08725402626886658,-0.0826852164298915,-0.07790713088392189,-0.07290468239907233,-0.06766715088601336,-0.0622626964874683,-0.05666902276150068,-0.05081274311081419,-0.04468131016879942,-0.038411980458654786,-0.031870052285683424,-0.025020909872323128,-0.01799008510140891,-0.010689371256969102,-0.0030457156049087638,0.004748414230895791,0.012888389544889056,0.021304807701127467,0.029964886075255152,0.03898901253712071,0.048193321387892694,0.05780671358007864,0.06757918097082431,0.07775827711357498,0.08812224859697719,0.09883983168242563,0.10981846104017344,0.12104077254175288,-2.0,0.144343780663418,0.15635229880303683,0.168658369325858,0.18110822112147087,0.19374851221717052,0.20661571933995837,0.2196811583751503,0.2328353639484062,0.24606006253588353,0.2593939116223375,0.272803023958414,0.286251433348961,0.2997043780563181,0.3131015267823249,0.3263428232511238,0.33947138868591215,0.35245233338850934,0.3652505929459118,0.3778332165231816,0.39017190889405895,-2.0,0.4138749972545788,0.42509730101137694,0.4359757750871898,0.4465241487180202,0.45666840443386364,0.46614074855006143,-2.0,0.4841274125659079,-2.0,0.5001022322731876,0.5072430443571098,-2.0,0.5204889149402506,0.5267095916728955,0.5320620139111522,0.5374047741989796,-2.0,0.5465249248105936,0.5507813500125093,0.5547564891970537,-2.0,-2.0,0.564220775577645,0.5671183300139131,0.5696171503057912,0.5717701789334848,0.5736193054522384,-2.0,0.5769607202647618,-2.0,-2.0,0.5810557263143044,-2.0,0.5827004758511959,0.5832457595663136,-2.0,0.5838377355634197,-2.0,-2.0,-2.0,0.5836213348889076,0.5833653712458398,0.5829597634174933,-2.0,0.5817122584468453,-2.0,0.5798960166801399,0.5787767856264003,0.5775167230286601,0.5761150295297167,0.574570453664095,0.5728809582922391,0.5710444486941835,0.5690580808144481,-2.0,0.5646225174599241,0.5621653962790077,0.5595429651401639,0.5567504068564241,0.5537816302277174,0.5506315239078239,0.5472934412205326,0.5437609453040452,0.5400262988735711,0.5360823210818888,0.5319207111579402,-2.0,-2.0,-2.0,0.5129171754848294,0.5075271774286082,-2.0,0.4959025207054858,-2.0,-2.0,0.47616423455642026,0.46891585125503876,0.4613078695463798,-2.0,-2.0,-2.0,-2.0,0.417277015697537,0.407141051518088,0.3965135514127992,0.3853717853906403,0.37369191849874983,-2.0,0.34861669955811814,-2.0,0.32107311128947164,0.3063028134327485,-2.0,0.2746070142668698,-2.0,0.23980864388058493,0.22115389371245053,0.20160943346408167,0.18113340126625,0.15968193452060658,-2.0,0.11366671569180375,-2.0,-2.0,0.03610602350410419,-2.0,-2.0,-2.0,-0.08562997074304157,-2.0,-2.0,-2.0,-2.0,-2.0,-0.31630199390349145,-0.3613771043456879,-2.0,-2.0,-0.5098379338711067,-2.0,-2.0,-2.0,-2.0,-0.8080652438871475,-2.0,-2.0,-1.023108370558866,-2.0,-2.0,-2.0,-2.0,-2.0,-2.0,-2.0,-2.0,-1.8803015028574692,-2.0,-2.0,-2.0,-2.3920539285198026,-2.535495927387514,-2.0
0.012676958697817228,-0.11995232989780184,-0.11672835550227736,-0.1133527185710448,-0.10981818900140083,-0.10618833898279054,-0.10240556148383981,-0.09844517771719263,-0.09429870393187278,-0.08995725476032418,-0.08544817821256898,-0.08080683651252282,-0.07594760923328543,-0.0708600857840802,-0.06553336357269735,-0.060088693842746024,-0.054400078116956664,-0.0484442527327506,-0.042249125355998916,-0.03589445730775192,-0.029241136811607022,-0.02228942708116836,-0.015197678027549164,-0.007772907963908113,-6.210105149913759e-05,0.007844812654778604,0.01612315823766949,0.024589827945153346,0.03339680231650484,0.04247132927457727,0.05183163068187913,0.061494591681197676,0.07143239235590036,0.08166040356445177,0.09219978112496591,0.10296424581147824,0.11411248124449566,0.12539526183973604,0.13701354666984217,0.14893521955944833,0.16097867191855136,0.17331368374524836,0.18591517042371442,0.19863629211139847,0.21151756206930508,0.2245883659950548,0.23781792660093728,0.251171655667488,0.2645020727074286,0.27788333681364225,0.291291713897297,0.304690625383311,0.31804338645323277,0.3313131753011455,0.344464658967193,0.3573946375215543,0.3700671939360436,0.38250407251805374,0.3946757627058785,0.40655925059862547,0.4181407281359409,0.4293564358899921,0.44001007104258844,0.4502840298869662,0.460242605591705,0.46974207484090647,0.4785670607609381,-2.0,0.49518442291054343,0.5027337990890763,0.5099474930423606,-2.0,0.5228255034573402,0.5287366262092855,0.5339646586998318,0.5392538167387114,0.5438444601002839,0.5479892573386336,0.5522215934918798,0.5559591331815518,0.5591652680204886,0.5621257536409645,0.5651726980303988,0.5678972464743746,0.5702430135766844,0.5722586255937205,0.5739831604210659,-2.0,0.577288713972019,0.5787768255592992,0.5800209316229457,0.5810426544459324,-2.0,0.582486814256794,0.5829370397034084,-2.0,-2.0,-2.0,-2.0,0.5830535547517771,0.5828512442462017,0.5824957136497316,-2.0,0.5813357793588014,0.5805368589021186,0.5795939710127707,0.578507825117908,0.5772783180962259,0.5759051853392633,0.5743868019708261,0.5727220590638737,0.5709082224207104,0.5689431928710045,0.5668236770158503,0.5645461445113927,0.5621065254491544,0.559500445217831,0.5567229930019865,0.5537689937308268,0.5506322187233296,0.5473069001740621,0.5437862063991931,0.5400631510602811,0.5361296444589999,-2.0,0.5275996055124986,0.5229851893317407,0.5181251486247591,0.5130092794040155,0.5076268116707129,0.501966383362597,0.49601624470350225,-2.0,-2.0,0.4762958916817775,0.4690529381963626,0.4614501048735553,0.45347118625800287,-2.0,0.4363161658456389,0.427103440802567,0.4174413025262465,-2.0,-2.0,-2.0,-2.0,-2.0,0.34880095098809416,0.3353547108764371,-2.0,0.30649499854938883,0.29101973924275815,-2.0,0.2578126596832212,0.24000972677820281,-2.0,-2.0,0.18134009830432285,-2.0,0.137419095157026,-2.0,0.08921755389199482,0.06338368423097174,-2.0,-2.0,-2.0,-0.05282682587040255,-0.08540949692451971,-0.11953913086280454,-2.0,-2.0,-2.0,-2.0,-2.0,-0.3611502433432232,-2.0,-2.0,-2.0,-2.0,-2.0,-2.0,-2.0,-2.0,-2.0,-2.0,-2.0,-1.1014544775861541,-2.0,-2.0,-1.3602497362126265,-2.0,-1.5538638765596282,-2.0,-1.7662605291912215,-2.0,-2.0,-2.124104321879968,-2.0,-2.0,-2.53525776747507,-2.685495264148612
0.012315506032928256,-0.1217730935312737,-0.11864146460699593,-0.11536254927783048,-0.11192932142865039,-0.10834924266732823,-0.10467471504230806,-0.10082771073796144,-0.09679998766431543,-0.0925829152951089,-0.08816745898804412,-0.08362334679708704,-0.07890323242671377,-0.07396141210357639,-0.06878729609317796,-0.06341026097153041,-0.057884498806763364,-0.05209924115410611,-0.046042088964476056,-0.03980342402991854,-0.03334091929747029,-0.026574842951380167,-0.019576682834371514,-0.012364520700375772,-0.0048136242173828685,0.0029459557789301475,0.010986999062836119,0.019368951366709873,0.027923807149593124,0.03688009551771023,0.046005749692120464,0.05552451113697738,0.06523790723334576,0.07534411747720639,0.0856212957729825,0.09630633047356531,0.10715092490323178,0.11834208127200067,0.12981575218283725,0.14147369884789407,0.15345689673329171,0.1656756912677264,0.17803948326411467,0.19066257531098837,0.20351798614129132,0.21649356707692788,0.22956948007665082,0.24279434939535702,0.25613555520210934,0.2695594881901578,0.2830265360417977,0.2964068537046825,0.309750330664381,0.3230324748603964,0.33621580263111206,0.3492635732074726,0.3621405196584012,0.3748151882752352,0.387225077541207,0.399242063577195,0.4109324090615391,0.4222968775874468,0.4333334726447537,0.44402507732403257,0.454090354437591,0.4637414850740068,0.4731227964262687,0.48186773301415986,0.49011830909408716,0.49815610417434103,0.5053550115001029,0.5125191384378978,0.5188019499002939,0.5250993348820708,-2.0,-2.0,0.5409617596189171,0.5452746772729145,0.5494527834698376,0.5535472085270196,0.5570612631548717,-2.0,0.5630761030533978,0.5660326129876752,0.568591095319344,0.5707891344703403,0.5726710106006465,-2.0,0.5759242070564142,0.577539233960574,-2.0,0.580040173845688,0.5809553446145892,0.5816703535811784,0.5821988835977167,-2.0,0.5827405129574244,-2.0,0.5826535442897864,-2.0,-2.0,-2.0,0.581535469313872,0.5809261867544246,0.5801680225206156,0.5792630115858927,0.5782112054414027,0.5770138650257873,0.5756702869314166,0.574179760428946,0.5725404273436281,0.5707506914492115,0.5688079450403764,0.5667092284851161,-2.0,0.562029946097809,-2.0,0.5566791550815542,-2.0,0.5506174214163075,0.5473053212744095,-2.0,0.5400856883406336,0.5361632269458946,0.5320220237118456,0.5276535011785194,0.523048644532689,0.5181969038583409,0.513089285900319,-2.0,0.5020615642081752,0.49611833697176466,-2.0,0.4833094090633702,-2.0,-2.0,-2.0,0.45360811358189135,0.44524087782693594,0.4364624242005898,-2.0,0.4175959684947919,0.40746765702382814,0.3968474271308766,0.38571256995849834,-2.0,-2.0,-2.0,0.3355328522200701,-2.0,-2.0,-2.0,0.27499215678879113,0.2580031700315306,0.2402023642335665,0.22155160323152268,-2.0,0.18153852564488815,0.16009050400459818,0.13762093641098083,-2.0,-2.0,-2.0,0.03652951903925483,-2.0,-0.02151099955541458,-2.0,-0.08519686974266061,-2.0,-2.0,-2.0,-0.2317418748168435,-0.27282520293981327,-2.0,-0.36093103778756896,-2.0,-2.0,-0.5093875026634485,-2.0,-0.6204612410817174,-2.0,-2.0,-2.0,-0.8759963972402367,-2.0,-2.0,-1.1012280138729222,-1.1835309540852776,-2.0,-2.0,-2.0,-2.0,-2.0,-1.7660313840222295,-1.879835217773191,-2.0,-2.123874271528449,-2.0,-2.0,-2.5350269267643517,-2.685264184780243
0.01196435931223849,-0.12354161736080915,-0.12049968383366208,-0.11731471279015011,-0.11397988069152172,-0.11048804286513902,-0.10687876659855379,-0.10314187468971095,-0.0992295089323509,-0.09513324444373647,-0.0908443186431531,-0.08635905887831254,-0.08177406573056911,-0.07697373636248091,-0.07194787994788793,-0.06668563321694412,-0.06126896916423787,-0.055649386604095935,-0.04976576305497129,-0.04360543121399648,-0.037322811019336065,-0.03075054176099405,-0.023869284370023516,-0.01682445059591658,-0.009489849249181549,-0.0018127338058277994,0.005998532304276325,0.014175883807686631,0.022607467061918976,0.031307321315677615,0.04034660823105405,0.049593131178025086,0.059221198696151625,0.06903768198669684,0.07923136974183517,0.08964220012536854,0.1003732398696669,0.11140138319534638,0.1226360431224512,0.13422596995014777,0.14600174540836716,0.15801932481260403,0.17033271815536452,0.18283722644594147,0.19548211015588146,0.20835116527710817,0.2214154230061346,0.23462581973598018,0.24784578191992315,0.26117122693379113,0.27456727796435737,0.2879991522670897,0.3014307291114888,0.3148258929756401,0.32809522102856364,0.34118969139463123,0.3541311315302415,0.36688333069565465,0.379413649599174,0.3916918855037771,0.40369765064227003,0.41535224125745585,0.4265088378911793,0.43729877052115107,0.4477508207076527,0.45786140012203286,0.46728266460372425,0.4763242209477116,0.4851016548054729,0.49306991496052416,0.500884016287742,-2.0,0.5148815612456452,0.5210787688768114,0.5271960203048853,-2.0,-2.0,0.5425366786404876,0.5466827524870429,-2.0,0.554763480131973,-2.0,0.5609965352257493,-2.0,0.5668030081813827,0.5692016360259202,-2.0,-2.0,0.5745791188409307,-2.0,0.5777123513923356,0.5789635134312159,0.5799843630173253,0.5807934733666903,0.581406278978775,0.5818355937264287,-2.0,-2.0,0.5821199967891587,0.5819268553024468,0.58170994644639,0.5814522624938374,-2.0,0.5804828275603409,-2.0,0.5789018177676681,0.5778867978492851,-2.0,-2.0,0.5739490468490482,0.5723367127722155,0.5705719921801513,0.5686525117145904,0.5665755111663452,0.5643376708254338,0.5619352309488806,0.5593641147851587,-2.0,-2.0,-2.0,0.5472891607711771,0.5437938202593907,0.5400944664822157,0.5361837233177006,-2.0,0.5276946867104767,0.5230991233551315,-2.0,-2.0,0.5077911956902857,0.5021461204020351,-2.0,0.4899701539297522,0.4834141567519042,-2.0,-2.0,0.461704171469123,0.4537355179938738,-2.0,0.436599472268673,0.4273955142204615,-2.0,-2.0,0.39700099043964265,-2.0,-2.0,0.36196644960335417,-2.0,-2.0,-2.0,-2.0,0.2913836710299543,-2.0,-2.0,0.2403872897083122,0.22173861641469006,-2.0,-2.0,-2.0,-2.0,-2.0,-2.0,0.06378915547162523,0.03673002583866802,-2.0,-2.0,-2.0,-0.08499134041717471,-2.0,-2.0,-2.0,-2.0,-0.27261460736412535,-2.0,-2.0,-0.4079292003333572,-0.45737844766413494,-2.0,-0.5634230633252095,-0.6202453002558324,-0.6797613591101088,-0.7420987521104063,-0.8073910397324198,-0.8757781074129367,-0.9474064748932156,-2.0,-1.1010082280237743,-1.1833107208677613,-2.0,-1.3598009342201247,-2.0,-2.0,-1.6571535189944762,-2.0,-1.879612349689824,-1.9988078756143064,-2.0,-2.0,-2.0,-2.0,-2.0
0.011623224686798524,-0.12525940999118879,-0.12230459726260404,-0.11921087512668713,-0.1159716150431646,-0.11257987471957272,-0.10902839465387903,-0.10538968617078452,-0.10158934028655985,-0.0976104173847158,-0.09344439339435245,-0.08908228899474994,-0.08456255720086527,-0.0798996280019228,-0.07501780979192475,-0.06990636089129396,-0.0645562389294205,-0.059097715144012714,-0.05338248477444948,-0.047398895915218946,-0.04119051531969794,-0.03480649543134019,-0.028122507706497782,-0.02115650165765356,-0.014031990318875049,-0.006572769032446824,0.0011526936487822577,0.00909631116274103,0.017412457226386305,0.025894297487093734,0.034742219276062115,0.043831255889455585,0.05323432361086321,0.06291198630656443,0.07289505956205033,0.08313709967897066,0.09372431109717153,0.10450184901232072,0.11566208502202717,0.12699525049186527,0.13862412115240857,0.15058218539273993,0.1626510629290071,0.17499258324097763,0.18759830530717778,0.20037474930765267,0.21325741257621614,0.22632636336419523,0.23955089004462304,0.2528988335410057,0.26628249150036754,0.27964999427269915,0.29304042739477204,0.30641665658875666,0.31974154603880245,0.33297823711972774,0.346090732772235,0.3590371942163171,0.3716943554953565,0.38407618415292827,0.396185749325664,0.4079998258189759,0.41950301733955025,0.4306843187555995,0.4413157270962443,0.4514898306084266,0.46133920674672085,0.47082179843823646,0.4795604816736986,0.4880560943291911,-2.0,-2.0,0.5106467206191866,0.5170953047009056,0.5233695092543581,0.5291269963338476,0.5343136298704927,0.5395207412629145,-2.0,0.54808915543322,0.5522491925892492,0.5558745736210114,-2.0,0.5618891668649908,0.5648649917220839,-2.0,0.5697296540903121,-2.0,0.5732717127633745,-2.0,0.5764272017667665,0.5778073269686076,0.5789421042420587,0.5798523478751223,0.5805554344237243,-2.0,-2.0,0.5815533142248843,0.5815485876894306,-2.0,0.5811355342310807,-2.0,0.5805173053922756,0.5800041584893156,0.5793342287308176,0.5785100719871099,0.577533391036721,0.5764052114412427,-2.0,0.5736941216744995,0.5721099337356592,0.5703713497084133,0.5684763881017116,-2.0,0.5642052382335386,0.5618225564260381,0.5592697614196331,0.556542276112197,0.5536350223796404,0.5505421127642207,0.5472582543412817,0.5437761325622824,0.5400897405095071,0.5361904089319015,0.5320711809883891,-2.0,-2.0,0.5183047494742954,0.5132145442683868,0.5078563214606016,-2.0,0.4962904900912759,0.490057746755136,0.48350844742298954,-2.0,-2.0,0.4618165006982444,-2.0,-2.0,-2.0,0.42752780857351114,0.41787836406438544,0.4077582171727375,0.39714574097694344,-2.0,0.37435194428627394,0.362121875258583,-2.0,-2.0,0.3217810253481303,0.30702126987706185,-2.0,0.2753450464688478,0.25836075551626625,0.24056440542008867,-2.0,0.20238126277870339,-2.0,-2.0,-2.0,0.11446632727782557,-2.0,-2.0,-2.0,0.008579163559470304,-0.021111974261271982,-2.0,-0.08479298132768498,-0.11891923741826527,-2.0,-2.0,-2.0,-0.27241102882031776,-2.0,-0.36051338782066455,-0.40772303831240764,-0.457171668847982,-0.5089652208380901,-0.5632146592761397,-0.6200360956413453,-2.0,-2.0,-2.0,-2.0,-0.9471944372357772,-2.0,-2.0,-2.0,-1.2692994424224648,-1.359586566055762,-2.0,-1.5531984309176607,-2.0,-1.7655929541747442,-1.8793961275965154,-1.9985913352598375,-2.0,-2.0,-2.391143970760554,-2.5345849516953414,-2.0
0.011291816686047524,-0.12692793380966566,-0.12405774329687715,-0.12105265198231108,-0.11790622351932521,-0.11461171376933538,-0.1111620654793958,-0.10757301979550307,-0.10388149387777428,-0.10001654752281892,-0.09596989897266647,-0.09173287699147135,-0.08729640508141966,-0.08274177139130384,-0.0779997056287947,-0.07303472725617065,-0.06783620050297687,-0.0624471689268655,-0.05689575535635135,-0.05108353765636072,-0.04499790964196528,-0.03874615583338871,-0.03225357917447509,-0.025455980500026672,-0.0184439214874448,-0.01119843567076042,-0.003612316702764298,0.004161665130073563,0.012239810915026446,0.020636416630685297,0.029230636780317763,0.03822818424946512,0.0473683549189778,0.056931224813931335,0.066658781759457,0.07681120992807496,0.08710211454007996,0.09779997551667995,0.1086933717048618,0.11989613517222326,0.13142120749580394,0.14308941167180733,0.15508080102009908,0.16735406318200333,0.17972349124790213,0.19235037775544264,0.20520663352657578,0.2182382908999482,0.23131215186074489,0.24453067498272038,0.2578623894308003,-2.0,0.2847273685736202,0.298156660375733,0.31147642154489175,0.32472938677946905,0.33787785028539497,-2.0,0.3637147239454706,0.37633546416454117,-2.0,0.40074190140699,0.41236026729954783,0.42364425592086147,0.4345918064437661,0.445216842870366,0.45527587005360254,-2.0,0.4740754055880466,-2.0,0.4909453566118399,0.49891886616782005,0.5060359328159282,0.513110362649561,0.5193130505214546,-2.0,-2.0,0.5361750017499953,0.541134105368789,-2.0,0.5494932698886642,-2.0,-2.0,0.5598253723007541,-2.0,0.5656274511616505,0.5680807762251108,0.5701756824560303,0.5719556506824013,-2.0,0.5750516615576564,0.5765656191623469,-2.0,0.578842588703615,0.5796428749650411,0.5802395650006822,0.5806467424065367,0.5808751701147531,0.5809339668374974,-2.0,-2.0,-2.0,-2.0,0.579488528929069,0.5788664018636049,-2.0,0.5771498167316416,0.576058771767449,-2.0,-2.0,-2.0,0.5701480611517984,0.5682784918318784,0.5662477900832735,0.564053219556585,-2.0,-2.0,-2.0,-2.0,-2.0,0.5472115880246036,0.5437436357451324,0.540070032495541,0.5361833790336725,0.5320757703229565,-2.0,0.5231634729081199,0.5183403352930801,-2.0,0.5079097659332396,0.5022807176989648,0.49635952255275706,0.4901344587294928,0.48359209077802806,0.47671915560805295,0.46949923476824384,0.461918804792567,0.45396112417412116,-2.0,0.43684534920074636,-2.0,0.4180058219061504,0.40788995973053,0.39728155191120595,0.3861579229563227,0.37449528963920486,0.362268707323351,-2.0,0.33601780797816727,-2.0,-2.0,0.29171549996391,0.27550947473418524,-2.0,-2.0,-2.0,0.20255493035690886,-2.0,0.16064581158200858,0.13818155717113223,-2.0,-2.0,0.06416515492625474,-2.0,0.008766373286658191,-0.020923400660506575,-0.05202393825047669,-2.0,-2.0,-2.0,-2.0,-0.23113404779326674,-0.27221453664713724,-0.3152441521453607,-0.36031508061290085,-2.0,-2.0,-2.0,-0.5630131988150315,-2.0,-2.0,-0.741684938740641,-2.0,-2.0,-2.0,-1.022011324046825,-1.1005889622060163,-2.0,-1.2690922693717235,-1.3593789573844393,-2.0,-1.5529900041992013,-1.6567291819656313,-1.7653837876280316,-2.0,-2.0,-2.123223789079243,-2.0,-2.3909332275634645,-2.534373934761867,-2.6846104183858586
0.010969857978923836,-0.12854861152517422,-0.12576061579933895,-0.12284161506131609,-0.1197853528484907,-0.11658528354697882,-0.11323454859546773,-0.10972596899940583,-0.10610786955547132,-0.1023536836017309,-0.09842298717903003,-0.0943074107274548,-0.08999811105062216,-0.08550233523557756,-0.08089610512382284,-0.07607339841540514,-0.07102388232769002,-0.06573673764297462,-0.060308256809163845,-0.0546621891536137,-0.048751355902039405,-0.04257290051969802,-0.036266448996281134,-0.02966325373922504,-0.022750191970522877,-0.015691442483784925,-0.008322911882848397,-2.0,0.007215408320406859,0.015431052594949448,0.023876897531029177,0.0326169171392482,0.041670454620652206,0.0509591971992658,0.06060116049225036,0.0704627637339988,0.08066960819112082,0.09112759175791883,0.10187127208820244,0.11294914739850483,0.1241948655750854,0.13579460305881047,0.14762279988865618,0.15964807787560722,0.1719672534086443,0.18452693312284782,0.19717453125050902,0.21004387903937402,0.22310560946443375,0.23632967670121,0.2495857642005379,0.2629007483845048,0.27628226518763416,0.28969521036890983,0.3031032646284134,0.3164694964811333,0.3297561473220587,0.342848989456902,0.3557480897147905,0.368451207567928,0.3809251337202669,0.39314065477246524,-2.0,0.4167057603168978,0.42784073309907716,-2.0,0.4488898666210231,0.4589279859216987,0.4683308304884568,0.4772467313531405,0.48594618877176354,0.49386436003699813,0.5015337442983624,0.508643211069512,-2.0,-2.0,-2.0,0.5327245397191053,0.5379788165323905,0.542615241577272,0.5466918522183536,0.5508599069891535,0.5546028857621802,-2.0,0.560658909526405,-2.0,0.5662979838067552,0.5685906588110293,0.5705400420124062,-2.0,0.5736805384254595,0.5752317559299903,0.5766227739445574,0.577759488609005,0.5786637572038665,0.5793536407166786,0.5798441734330995,0.5801473362811931,0.5802736896096742,-2.0,0.5800275368336103,0.5796986121737817,-2.0,-2.0,0.5783625842145161,-2.0,0.5767350336307385,0.5756828977734877,0.574473787456075,-2.0,0.5715838328553267,0.5699017869324845,0.5680582938577196,0.5660525960179404,0.5638809905428551,0.5615404812610794,0.5590270633462879,-2.0,-2.0,0.550403124110735,0.5471496259794101,0.5436959561861587,0.5400359923870919,-2.0,0.5320666220742329,0.5277409994267899,0.5231763931429863,0.5183633492776961,0.5132918496776515,-2.0,-2.0,0.4964175641321954,0.49020008595101483,0.4836648935244204,0.47679837406467934,-2.0,-2.0,0.45405900294658263,0.44571258725717394,0.4369538790729899,-2.0,0.4181239328823623,-2.0,-2.0,0.3862886543877113,-2.0,-2.0,-2.0,0.3361626055198844,-2.0,0.30733123724533146,0.29186912211592797,0.27566575473739124,0.2586864459775474,0.24089483683238738,0.2222528348496774,-2.0,-2.0,0.16081555167421485,0.13835317767492294,-2.0,0.09016796165607377,-2.0,0.03728727987104585,-2.0,-2.0,-2.0,-2.0,-2.0,-2.0,-2.0,-2.0,-2.0,-2.0,-0.3601238755975128,-0.40733180826761295,-2.0,-0.5085707934003277,-2.0,-2.0,-2.0,-2.0,-0.8067788851874196,-2.0,-2.0,-2.0,-2.0,-2.0,-1.2688919169044963,-1.3591781712231361,-2.0,-1.5527882786893263,-2.0,-1.765181398921841,-2.0,-2.0,-2.123020383661927,-2.0,-2.3907292083765848,-2.534169639526752,-2.6844058685347405
0.010657079141786952,-0.13012282083995488,-0.12741466450714564,-0.12457928403266381,-0.12161060411214229,-0.11850226447425213,-0.11524760639616458,-0.11183965625099147,-0.10827120210190404,-0.10462377694842173,-0.10080574300084155,-0.09680812999454012,-0.09262240833210779,-0.08823960926961151,-0.08370946925945741,-0.07902495550897075,-0.07412017878184818,-0.06898451962811557,-0.06362288613455895,-0.05813894810922562,-0.05239706584024361,-0.046385357076285674,-0.040164190187802054,-0.03375058788657467,-0.027035401353454298,-0.020055832508297563,-0.012898435083630286,-0.0054045257125899335,0.0023349905056923147,0.010315197094443253,0.01867021987103518,0.027166106620901142,0.03605441307701644,0.04515836358773933,0.054604208887816245,0.06429568417028576,0.07432428725531684,0.08457945412102878,0.09521475425334501,0.10600445110397279,0.1171754868731301,0.12855947302588078,0.14019764757818742,0.15216329965797668,0.16428544591877572,0.17663206052920186,0.18924080022835524,0.20207195739545372,0.21495499213467473,0.22802041489474154,0.24123830225971973,0.2545756248121002,0.2679975505244712,0.2813669854673309,0.2947373007903453,0.30808855990192086,0.32138324749425706,0.3345841061263136,0.34765479425758844,-2.0,0.3732419368767232,0.3855799304464848,0.39762385733450506,-2.0,0.4207861727845446,0.43188857569104344,0.44253449743531853,0.45260721289032313,0.46234361478934094,0.4717723712453105,0.48045380948811967,0.48881005706662534,0.49680132341152916,0.5040562738199713,0.5112079178723314,-2.0,0.5237716313919851,-2.0,0.5345262722116237,0.5396338826330633,-2.0,0.5480368953775895,0.5521097835563796,0.5556180911862777,0.5586116062131896,0.5614765826622599,0.5643685422867486,0.5668785122955722,0.5690148063344295,0.5708234179282039,-2.0,-2.0,0.5753347136141759,0.5765985535678053,0.5776155777166838,0.5784048393833341,0.5789845929541377,0.5793677430836343,-2.0,0.5795891346305143,-2.0,-2.0,0.5787490275021058,-2.0,-2.0,0.5771366583139201,0.5762877217773409,-2.0,0.5741059489920426,0.5727748818185849,0.5712835167280088,0.5696311557846248,0.5678160058208237,0.5658360498353632,0.5636887671417025,-2.0,-2.0,-2.0,0.5533526712860538,0.5503094768237282,0.5470718429798653,0.5436335153202816,0.5399877353654813,0.5361272346794429,0.5320442289821208,-2.0,0.5231769102373994,0.5183743397339173,0.5133131242126017,0.5079814794975,0.5023694602240518,0.49646486215452557,-2.0,-2.0,0.47686775481170735,0.46966157267437947,-2.0,-2.0,0.4458067733237761,-2.0,-2.0,0.41823338163565865,0.4081265206303195,-2.0,-2.0,-2.0,-2.0,-2.0,0.3362996101338319,-2.0,0.30747446933886674,-2.0,-2.0,-2.0,-2.0,-2.0,0.20287906512246812,0.1824167233916031,0.1609782956764177,0.1385178613004333,0.11498731351647906,0.09033625830151404,-2.0,-2.0,-2.0,-2.0,-2.0,-2.0,-2.0,-0.15410654705092586,-2.0,-2.0,-2.0,-2.0,-2.0,-2.0,-2.0,-2.0,-2.0,-0.6194499235108859,-0.6789632718148926,-0.7412980807192483,-2.0,-0.8749726170899711,-0.9465987397820101,-1.021619728839136,-1.1001963141331896,-1.1824968472525685,-1.268697663517869,-2.0,-1.4535476092636581,-2.0,-2.0,-2.0,-2.0,-2.0,-2.0,-2.0,-2.0,-2.0,-2.0
0.010353218432956621,-0.13167139038105258,-0.12902129324160636,-0.12626713550999627,-0.12338352693933492,-0.12036428890908393,-0.11720295232684004,-0.1138927452194674,-0.11042657307244667,-0.10682886206016286,-0.10312019082943888,-0.09923715860597829,-0.09517144580090002,-0.09091434124387039,-0.08645672538577909,-0.08189190264918253,-0.07712762576520191,-0.07213941755393594,-0.0669163172115807,-0.061515706772896535,-0.05593855164971628,-0.05009908602780398,-0.04398479927745193,-0.03772044000419128,-0.031197712843499804,-0.024368288805000134,-0.01734282807432697,-0.01006374531588423,-0.0024423733484591637,0.005345535703867833,0.013461023157849004,0.021871652576931504,0.030505056678818938,0.039523332515636354,0.048698577122097485,0.058304010408568314,0.06804649574967267,0.07821901039620847,0.08854925964074654,-2.0,0.11020125151580694,0.12141467201964755,0.1329845850501789,0.14466825253310636,0.15666676491891188,0.16896396395387545,0.1813686034550768,0.1939973083194554,0.20685317365376454,0.219907393314459,0.23301012293158904,0.2462214668932926,0.259541744978877,0.2729367053215998,0.28637161352294993,0.2998097756489949,0.3131488382211739,0.32636965229337445,0.33948073862759914,0.35244411657474045,0.3652240722216434,0.37778785156452505,-2.0,0.4021359515875896,0.41371218282008576,0.42491190262033696,0.4357665220408489,0.44629122192480564,-2.0,0.46579321891515074,0.4749272598636145,0.48367511507751065,0.49166601711521085,0.49954698032376443,0.5066018277326653,0.5135618102414375,0.5196988482871936,-2.0,0.5311098412438392,0.536331961328151,0.5411503513766133,-2.0,-2.0,0.5532447990324998,0.5565316287810368,0.5593860836149714,0.5622782470341186,0.5650290676491616,0.567370736166592,-2.0,0.5710265017459967,0.5724722934988092,0.573954012390989,0.5753548108058519,0.5764925062222211,0.5773896858633644,0.578064943957879,-2.0,0.5788091080994551,0.5789013912074958,0.5788193187250663,-2.0,-2.0,0.5777260812665208,0.5772429984716636,-2.0,0.5758079562641288,0.5748408683658571,0.5737096264661884,0.5724154927153391,0.5709582304650357,0.569337209017605,0.5675513272536836,0.5655985832235352,0.5634764872475798,-2.0,0.5587114864941922,0.5560611354401647,0.5532255091718693,0.5502002730283984,0.5469793266791031,0.5435567213188923,0.5399256950708836,0.5360791183137742,0.5320090727775737,0.5277075037617672,-2.0,0.5183738435600651,0.5133224666558412,0.5080008949958004,0.5023979973517166,0.4965020135284106,0.49030053209865154,0.48378046397882785,0.4769280171458476,0.4697286712522212,0.46216714669385495,0.4542273738670656,-2.0,-2.0,0.42796530928541343,-2.0,-2.0,-2.0,-2.0,-2.0,0.36265976601355393,0.3498539658471943,0.33642954303671746,0.3223586287408036,0.307610826556503,-2.0,-2.0,-2.0,0.24119621108927586,-2.0,0.20303124363113367,-2.0,-2.0,0.13867634879355772,-2.0,-2.0,0.06467580117108707,-2.0,-2.0,-2.0,-2.0,-2.0,-2.0,-2.0,-0.1913714657178941,-2.0,-0.27166495948940816,-2.0,-2.0,-0.4069658280239905,-2.0,-2.0,-2.0,-2.0,-2.0,-2.0,-0.8064022983483827,-2.0,-2.0,-2.0,-2.0,-1.1823083711587898,-2.0,-2.0,-1.4533576964196473,-2.0,-2.0,-1.764793856207767,-1.8785955876130955,-1.9977894148648545,-2.1226307118095247,-2.0,-2.3903382802126627,-2.0,-2.0
0.010058021573680418,-0.13319407829344854,-0.13058187431655327,-0.1279066109626331,-0.12510563344704706,-0.12217294302075227,-0.1191022535805133,-0.11588698697105289,-0.1125202543498224,-0.10899484152420291,-0.10536830754111204,-0.1015965727624031,-0.09764742887591457,-0.0935124165655324,-0.08918260211814368,-0.08467669483808364,-0.08004906787421162,-0.07520379982997143,-0.07013050842291263,-0.06481832331226506,-0.059378426364412505,-0.053706298962961294,-0.047767491354230376,-0.04157655794520884,-0.03524083495573712,-0.028607303844563333,-0.021661721598368325,-0.014589597617785064,-0.007186785514645399,0.0005185293086326049,0.00840164107100658,0.016654981600387208,0.02511463105071023,0.03389467789188954,0.04296205028517199,0.052293030139082826,0.06194845348411359,0.07185462743739497,0.0820742637335219,0.09257959318524132,0.10333468061078362,0.11446259618223227,0.12571857529679356,0.1373267774915951,0.14920753334342773,0.161239346629317,0.17356289284179188,0.18615297803691144,0.19882691871166155,0.21169489617223158,0.2247522138289349,0.237968161677216,0.25128047242366625,0.2645826781680801,0.27794780924792,0.29133965090629016,0.3047217717232593,0.31805709232782525,0.33130892803157286,0.34442965748915066,0.3573026129464659,0.36995375550789467,0.38236862775928526,0.3945175912444586,0.40637762417383716,-2.0,0.4290855239032383,0.439694290977975,0.4499399820154531,0.45986933764047844,-2.0,0.4780685494987045,0.4866586037851049,-2.0,-2.0,0.5091694130043419,-2.0,0.5218851216810733,0.5277339726500904,0.5328516160251558,0.5380342681829204,0.5425339441864434,-2.0,0.5506485326937783,-2.0,0.5573442520896865,0.560142706801837,0.5630262120045858,0.5655949428029158,-2.0,0.5696117302412486,-2.0,-2.0,-2.0,0.5752889241897118,0.576302025625904,0.5770801213156025,0.5776412115066939,0.5779982491945873,0.5781645047020436,-2.0,-2.0,0.5776043071900929,0.5771280252992887,-2.0,0.5760439711902938,0.5752923535643951,0.5743709855010095,-2.0,0.5720265423728488,0.5706051061771443,0.5690172262267075,0.5672619915494166,0.5653376796870894,-2.0,0.5609720777089072,-2.0,-2.0,-2.0,-2.0,0.546869808598741,0.5434635262264628,0.5398478506079089,0.536015796302023,0.5319591781778654,0.527670339323992,0.5231403693539066,0.5183599397248307,0.5133191930291822,0.5080076443921547,0.5024142034106104,0.496527147359653,0.49033416416231435,-2.0,0.4769773567748257,-2.0,0.46223009001333115,0.45429670249984166,0.44596783702090564,0.4372257613417836,0.4280521262397725,0.4184265423141627,0.40832928948191993,0.39773854561054034,0.3866316852272933,0.37498497432509537,-2.0,0.34997119725130854,0.33655063680169484,0.32248312223922987,0.30773855190610316,0.2922853701485918,0.27609050012457154,0.2591194007954224,-2.0,-2.0,-2.0,0.18271743248138017,-2.0,0.13882690213851778,-2.0,0.09065284538538387,0.06483197171400068,-2.0,-2.0,-2.0,-2.0,-2.0,-2.0,-0.1537661153373474,-0.19120376970565378,-2.0,-2.0,-2.0,-0.35958772179448195,-0.4067928811970123,-2.0,-2.0,-2.0,-0.6190900827737114,-2.0,-0.7409353479802652,-2.0,-0.8746072537895966,-0.9462321501061053,-2.0,-2.0,-2.0,-2.0,-2.0,-2.0,-2.0,-2.0,-1.7646096449338051,-1.8784109860804907,-2.0,-2.0,-2.0,-2.3901522943134887,-2.0,-2.0
0.009771241535346491,-0.13467312495557793,-0.13213339107903668,-0.12949909909170187,-0.12677838663107613,-0.12392976061942475,-0.1209470663134891,-0.11782401276310774,-0.11455392903920016,-0.11112968042633602,-0.10755199936703003,-0.10388837025722256,-0.10005245412416597,-0.09603603358680513,-0.09183050308886383,-0.08742685171069237,-0.08288670407039299,-0.07818036723376515,-0.07325258783422309,-0.06809280995926195,-0.0627197344800244,-0.05721035523112532,-0.05144179367088826,-0.045401689769025866,-0.039168218916396345,-0.032724763739501526,-0.025978318092832357,-0.01898573641061533,-0.011795197860577021,-0.004266506788417672,0.0034864477188805464,0.01150334113579089,0.019878606975097846,0.02840698515968908,0.03733610264988981,0.04645308736422491,0.05594252420105216,0.06564696116252962,0.07572126010367576,0.08598895826076934,0.09666467858584694,0.10747322079898437,0.11865390774582989,0.1300887313924401,0.14173503296560414,0.15370672046668493,0.16588228915839004,0.17823282313196182,-2.0,0.20368469087547936,0.21661052952335336,0.22967098671775263,0.2428804597960961,0.2562052171072175,0.269612791014339,0.28303462558478715,0.2963824713032956,0.3097063954263025,0.3229683967617417,0.3361308213209172,0.349156930991377,0.3620117950706986,-2.0,0.38701261476396653,0.39898955257780355,-2.0,0.4219894621436012,0.43299723297032594,0.44363224028481923,0.45363464249854846,0.4632520482312818,0.4725920885612077,0.4812451964059074,0.4894566611466061,0.49741292425254563,0.5045447462587683,0.5116281464580401,0.5178305977620902,-2.0,-2.0,-2.0,0.5395889650677197,-2.0,0.5478275156461957,0.5517978801938338,0.5551836848982843,-2.0,0.5608813988650106,0.5636757773008861,0.5660686793223858,0.5680897786707405,0.569783974626968,-2.0,0.5726083600575539,0.5739997789553807,-2.0,-2.0,0.5766862935557714,0.577131760665741,0.5773772423136674,0.5774330483381183,0.5773084805811279,-2.0,-2.0,0.5760083889308844,0.5754395740869893,-2.0,-2.0,-2.0,0.5716086909088873,0.5702247891111555,-2.0,0.566948628333694,0.5650541126382304,0.56298609184164,0.5607419760280637,-2.0,0.5557112763692058,0.5529166756311545,-2.0,-2.0,-2.0,0.5397554186816135,0.5359381775796853,0.5318958151099316,0.5276202070655328,0.5231028933951222,0.5183341448499091,0.5133046721745708,0.5080031007182925,0.5024194690253493,0.4965416663637726,0.49035758825081965,0.48385351257215553,-2.0,-2.0,0.4622837678741931,-2.0,0.4460343816981162,-2.0,0.42812993829212864,0.4185099520930596,0.4084177527685551,0.39783179888672426,0.38672948355215175,0.37508708815660163,0.36287972340929336,0.3500812946796975,0.33666442857656964,-2.0,0.3078591905676636,-2.0,0.2762173240702997,0.2592489630337128,-2.0,-2.0,0.20331276944027898,-2.0,-2.0,-2.0,0.11544644080972011,-2.0,-2.0,-2.0,-2.0,-2.0,-0.051176462004658974,-2.0,-2.0,-0.15360549926453315,-2.0,-2.0,-0.2713305697127957,-2.0,-2.0,-2.0,-2.0,-2.0,-0.5621022870515981,-2.0,-0.6784304157229346,-0.7407630744184885,-2.0,-0.8744336047428489,-2.0,-2.0,-2.0,-1.1819508688643159,-2.0,-2.0,-1.4529972075274868,-1.5520409884674866,-1.6557780904110617,-1.764430768754088,-1.878231709206156,-2.0,-2.0,-2.0,-2.0,-2.0,-2.0
0.009492638332763457,-0.136109787044032,-0.13364296288715932,-0.13105973806197374,-0.1284032053972389,-0.12563623720337908,-0.12273912138251646,-0.11970565091297426,-0.11652932689245257,-0.11320334367883077,-0.10972057410483144,-0.10611449823447579,-0.10238856688101429,-0.09848733965801404,-0.09440245988073862,-0.09012517507048912,-0.08564631986446604,-0.08107164976752051,-0.07628521479508472,-0.07127347612434987,-0.06602569435401343,-0.06061391139652608,-0.05501082827688518,-0.04914403249297111,-0.04300096357749888,-0.03672446593931138,-0.03017149256769808,-0.023310044022249794,-0.01627172248514723,-0.008958780148607657,-0.0013020626907602707,0.006499067687402475,0.014652314612052648,0.02307599859854619,0.03174899122547189,0.04078037541579197,0.049997433979324955,0.059617046433832935,0.06940213377133643,0.07958642670810671,0.08996333022350574,0.10068370776689141,0.11167524821046969,0.12289797330765445,0.13447642273309734,0.14621115468005885,0.15821541594406013,0.17051586624183612,0.18297470479836128,0.19560437158076743,0.20845784491276614,0.2215066241547948,0.2346649618813805,0.24786666503507299,0.2611735579029582,0.2745513755639958,0.2879633580272834,0.3013748792888813,0.31474440758764893,0.327952620376266,0.341023614137908,0.35394060357694185,0.36666748937144417,0.3791714362342877,0.3914226549130115,0.40339990318788743,0.41498479229479796,0.42609807729479887,0.4368552701993609,0.44727339465644217,-2.0,0.4666747194093605,0.47567693420117785,0.48438205515495747,0.4922766979057182,0.5000367565596004,0.5070487566161691,0.5138699808684101,0.519955517856655,0.5259878291295771,0.5311500235355366,0.5363314415716748,0.5410041243478466,0.5450231643978094,0.5490945220948391,0.5528310200109956,0.5559954641545333,0.5587641393088095,0.5615981756574903,0.5642279141025235,0.5664508639311774,0.5683185479358233,-2.0,0.5712225551056643,0.5726182682662585,0.5738924264819424,-2.0,-2.0,0.5762060990909149,0.5765361304967076,0.5766677611045405,0.5766118426024391,0.5763762868911639,0.57596776587591,0.5754098917691463,-2.0,-2.0,0.5733297132852989,-2.0,0.571160376492898,0.5698161495024858,-2.0,0.5666103467948046,0.5647470294632368,0.5627079604111487,0.5604906634530211,0.5580921512599408,-2.0,0.5527355459876432,0.5497686751000566,0.5466024593025185,-2.0,0.5396479701519865,0.5358463307851831,0.5318186106963612,0.5275567567068685,0.5230521530815374,0.5182956101664562,0.5132773490137481,0.5079869899707177,0.5024135294144522,0.49654534930029715,0.4903700737327287,0.4838747849899138,-2.0,-2.0,0.4623281820866618,0.45440805523064853,-2.0,0.4373619058408116,-2.0,0.41858493887637066,0.40849798813123006,0.3979169568836941,0.38681957035714587,0.3751813976878865,0.3629782655405173,0.35018397391238565,0.33677080380831204,0.3227104234391979,-2.0,0.2925258961948972,0.27633715191911495,-2.0,-2.0,0.22296394618552806,-2.0,-2.0,-2.0,-2.0,0.1155862735367611,0.09094281177584773,0.06512566669499431,0.03807953743185488,0.009746490610629599,-2.0,-0.05102603293901775,-0.08359569209483331,-2.0,-2.0,-0.19088594543043846,-0.23009849358382617,-2.0,-2.0,-2.0,-2.0,-2.0,-2.0,-2.0,-0.6187541898381295,-2.0,-2.0,-2.0,-0.8742654993614543,-2.0,-1.0209076776093382,-2.0,-2.0,-2.0,-2.0,-2.0,-2.0,-2.0,-1.7642572793334672,-1.8780578084019446,-1.9972504591896887,-2.1220906923943716,-2.0,-2.389796216494848,-2.0,-2.0
0.009221978823334321,-0.13750528367264286,-0.13510928043369494,-0.1326002319558907,-0.1299814729028723,-0.12729382056695024,-0.12447977882358763,-0.12153331880562744,-0.11844812570095424,-0.11521758948228067,-0.11183479419424831,-0.10829248466384843,-0.10465766411051934,-0.10086841636165021,-0.09690073058007248,-0.09274619096661695,-0.08839589719390609,-0.0838800299740786,-0.07923096455270796,-0.07436295724589233,-0.06926585278500703,-0.06392853362758057,-0.05847758294073678,-0.05277917584658795,-0.04681242484095557,-0.04060951145603533,-0.03424456329750836,-0.027580049504033068,-0.02062001888198657,-0.013517142799686247,-0.006079838500697927,0.0016384160085983852,0.009557505637281794,0.017848933799793815,0.026322386727745475,0.03514231208176042,0.044222566251363414,0.053596123346828076,0.06326392146699321,0.07321513830157829,0.08344625727703135,0.09399906194942574,0.10476451439888419,0.11591352722964551,0.12720773177942615,0.13882306820564153,0.1507563608540066,0.16279342141379574,0.1751199330291276,0.18771049725024744,0.20043868544677543,0.21330392934696468,0.22635556502039433,0.23956162476364803,-2.0,-2.0,0.2795636102162762,0.292932009697645,0.30628556130147294,0.3195869731542225,0.3327993127933115,0.34588685428018856,0.3587851779965853,0.37138981356285444,0.3837423348077756,0.39582169734007155,0.4076031868657734,0.41907427710601064,0.4302040419848604,0.44076306161599327,0.4508988880528736,0.4607086529242696,-2.0,0.4787870274491032,0.48723721149870786,0.4951251578254471,0.5024727725758205,0.5095612394759491,0.5159424216065579,0.5220933190288514,0.5277764758044861,0.5328358079553994,0.5379285303712111,0.5422872744371646,0.546241748673889,0.5502606574168034,-2.0,0.5567056731248188,0.5594392428747698,0.5622379274307361,0.5646837867574805,0.5667420638179316,0.5684602171065588,-2.0,0.5712012387451153,-2.0,0.5736962597331146,0.57457597872792,0.57521720975054,0.5756375902518794,0.5758509162305336,0.575867890782302,0.5756983683782861,0.5753496341678136,-2.0,0.5741912118600884,-2.0,0.5727548913599728,0.5718066146735649,-2.0,-2.0,0.5678997645890712,0.5662459002683438,0.5644154267317993,-2.0,0.5602177746023213,0.5578452061453893,0.555285950205263,0.5525358911515212,-2.0,0.5464437056286621,0.5430907874995489,0.5395250604128335,0.5357397092783475,0.5317271776214987,0.5274796265971198,0.5229885414416037,0.5182445565090813,0.5132381890512621,0.5079590306567193,0.502396125518434,0.49653787428617,-2.0,0.4838855906048641,0.47706494066048327,0.469895659020619,0.4623625737088307,0.45445004101043107,-2.0,0.43741661022023315,0.4282603501544574,-2.0,0.4085697630110817,0.397993877229152,0.38690111262996774,-2.0,0.3630690163057025,0.35027932721468547,0.3368696438418505,0.3228130063266568,0.3080787721276998,-2.0,-2.0,0.2594875321577801,0.24171205488458097,-2.0,0.20356766592971143,-2.0,-2.0,0.1392400512162968,0.11571964190100814,0.0910782303180212,0.06526303804746048,0.03821876703115379,-2.0,-0.019791488185476602,-2.0,-2.0,-2.0,-2.0,-2.0,-2.0,-0.2710200182831255,-0.3140422709172713,-2.0,-2.0,-0.4557497879349729,-2.0,-0.5617794130335991,-2.0,-0.6781042221286726,-0.7404353376288665,-0.8057216369542081,-0.874102993283035,-2.0,-2.0,-1.0993175142982168,-2.0,-2.0,-2.0,-1.4526584248058545,-2.0,-2.0,-1.7640892282996734,-1.8778893264740084,-2.0,-2.0,-2.0,-2.0,-2.0,-2.683299224848551
0.008959036511956614,-0.13886080152452998,-0.13653358988365596,-0.13409659147229935,-0.13154458486990253,-0.1289039194491581,-0.12617057232542908,-0.12330862795465614,-0.12031195752758508,-0.11717413707304375,-0.11388844602996256,-0.11044784269786481,-0.10686190863644034,-0.10318128720218434,-0.09932743807945614,-0.09529212758797799,-0.09106671113218334,-0.08664213409286406,-0.08209233787977463,-0.07736407640369286,-0.07241320244011351,-0.06722910844070464,-0.06184513772513632,-0.056310206668616275,-0.05051472333288506,-0.04444626568552062,-0.03820098984312034,-0.03172768043297978,-0.024949765698209156,-0.017944707789044976,-0.010721095168339214,-0.003157374077475868,0.004608888463936911,0.012661962124825638,0.02105044324599017,0.02961763098333812,0.038587921397878554,0.04771739235556531,0.05725017839823028,0.06696686051234167,0.07708677161215728,0.08736545460706853,0.09805155754874866,0.1089082196041058,0.12009776609777545,0.13158364745809487,0.14323661836941765,0.1552132245360774,0.16744204718322378,-2.0,0.19240458129465343,0.20524355594698276,0.21822423049881398,0.23127777734754318,0.2444764130334504,0.2577876067068501,0.2711759527079121,0.2846084008456665,0.2979752781878995,0.31126920176750106,-2.0,0.3376171550483055,-2.0,0.36339645759557226,0.3759867494899155,-2.0,0.40028083316264107,0.41186345035679167,0.42311074339932825,0.4340199282745564,0.4445970799865708,0.4545691421418788,0.4640631985652984,0.47327853913961276,-2.0,0.48999222798693076,0.4978834126742517,-2.0,0.5119022116787805,0.5180047192849505,0.5241283476421443,-2.0,0.5345247190082465,0.5393783513450742,0.5434636267714225,-2.0,0.551304423067372,0.5545622952658827,0.5573399935675637,0.5600927675253636,0.562775863758317,-2.0,0.56694244914781,0.5685140280508466,0.5698243033923996,-2.0,0.572407231363141,0.5734101316170385,0.574160898293092,0.5746785166481778,0.5749785555072251,-2.0,-2.0,0.5746895567736752,0.574225318901843,-2.0,0.5728877110792384,0.5721415311518825,-2.0,0.5701672634892001,0.5689087081083238,-2.0,0.5658544353921329,0.5640584097669118,-2.0,0.5599220952886329,0.5575771069745585,0.5550432285772076,0.5523168191950101,0.5493932691894189,0.5462675051300036,0.5429340659032705,-2.0,0.5356178090015976,0.531621138419283,0.5273884390233093,-2.0,0.5181804749363464,0.5131864606847626,0.5079189296722549,0.5023669778589875,0.49651905211573244,0.49036293007983744,0.4838856979877167,0.4770737264488923,-2.0,0.46238730948029194,-2.0,0.44617930546196,-2.0,-2.0,0.41870901542502464,-2.0,-2.0,-2.0,0.375346522368763,-2.0,-2.0,-2.0,-2.0,-2.0,-2.0,0.2765554217999709,-2.0,0.2418237305508844,-2.0,-2.0,0.1832368910501273,0.1618121023346903,0.13936465148053778,0.11584646345753302,-2.0,0.06539398673387464,-2.0,-2.0,-2.0,-2.0,-2.0,-2.0,-2.0,-2.0,-2.0,-0.2708735166822849,-2.0,-0.35895739869599297,-0.4061584513213634,-2.0,-2.0,-0.5616266034754445,-2.0,-0.6779496805928207,-0.7402799902320027,-0.8055655201784169,-2.0,-2.0,-2.0,-2.0,-2.0,-2.0,-2.0,-2.0,-1.55153967023355,-2.0,-1.7639266650839536,-1.8777263339555792,-2.0,-2.0,-2.0,-2.3894616795100205,-2.5328998817831785,-2.0
0.008703591361485156,-0.1401774895723586,-0.1379170990452817,-0.13555008719048475,-0.13307138269737165,-0.1304756753241273,-0.12781293476537942,-0.1250330866422807,-0.12212240026818853,-0.11907452835811655,-0.11588327111162391,-0.11254146205672982,-0.10904204973855144,-0.10542773552753966,-0.10168463608104425,-0.09776508992960459,-0.09366102448484222,-0.08936348781667752,-0.08487175923556187,-0.08027917563405002,-0.0754702495805821,-0.07043514932681326,-0.06516261918064993,-0.05974011028112797,-0.054110990631118926,-0.048216782699753845,-0.0420451748894031,-0.03575663868014071,-0.029173213209494994,-0.022279853786049495,-0.015229292235215432,-0.007882774113134473,-0.00019880599522252291,0.007623505149645817,0.0158140449233686,0.02425060523043383,0.03296325624708867,0.04200696270106995,0.051265883859133485,0.06089731053181478,0.07072652585346818,0.08092173232040813,0.0913450996147465,0.10207537554015389,0.11311602766229095,0.12434724103773782,0.1359320546392762,0.14771834844523135,0.15972736211545627,0.17202932889157868,0.18454205109216582,0.197170758422453,0.21002065653871246,0.22306265350776017,0.23626375428362345,0.24946600969480667,0.2627574763577515,0.27611510256178806,0.28950311314665067,-2.0,0.3162247392986714,0.32946804723788187,0.3425055513171355,0.35537318813799784,0.36804389180061786,0.38048395785826616,0.3926649154987722,-2.0,0.41613831696103876,0.4272009509705376,0.4378566061946082,-2.0,0.458145471050432,0.46745717583633273,0.4763220922696207,0.48495033902974494,0.49277412608171706,-2.0,0.5073728621732205,0.5140302734092391,0.5200792377203448,0.5259796251886305,0.5310449920319902,0.5361656711080517,0.5406890888019973,0.5446202126908511,0.5486308305679735,-2.0,0.5552678771243582,0.5579508806156623,0.5607132862780324,-2.0,0.565310496997246,0.5670526523051753,0.5684805281962518,0.5697306213090781,0.5710277144494648,0.5721643958398828,0.5730331102122684,0.5736553131944765,0.5740485756147731,0.5742274718340722,0.5742031933067427,-2.0,0.5735830197277609,-2.0,-2.0,-2.0,0.5706478260871127,0.569620132299047,0.5684080734319782,0.5670131567336071,0.5654355189566772,-2.0,-2.0,0.5596037020468034,0.5572873996864556,0.5547803177055435,0.552078728005531,0.5491782969999355,0.5460740997088225,0.5427606244211711,0.5392317866143689,0.5354809262761102,0.5315008058923352,0.5272836156542783,0.5228209559985378,0.5181042582114113,0.5131226569903505,0.5078672025297835,0.5023266220900964,0.4964894102951266,0.4903433896212588,0.4838756869832331,0.47707271111272015,-2.0,-2.0,0.45450488007716006,0.4462095612823676,0.43749924754438374,-2.0,-2.0,-2.0,-2.0,0.38704069400014385,-2.0,-2.0,0.3504459102814429,-2.0,-2.0,-2.0,-2.0,-2.0,-2.0,0.24192912505400616,-2.0,0.203796031438936,0.1833506819256362,0.16192842304575,-2.0,-2.0,-2.0,0.06551926426510146,-2.0,-2.0,-2.0,-0.050611018903527594,-2.0,-2.0,-2.0,-0.1904532972310209,-2.0,-2.0,-2.0,-0.35881370729862283,-2.0,-2.0,-2.0,-2.0,-0.6182923268257333,-2.0,-2.0,-2.0,-0.8737941667572959,-2.0,-1.020432244694868,-1.099004607749636,-2.0,-2.0,-2.0,-2.0,-2.0,-2.0,-2.0,-2.0,-1.9967594584020503,-2.1215984677868884,-2.0,-2.389301768504207,-2.0,-2.0
0.008455429608599185,-0.14145646682040308,-0.13926098344972826,-0.13696195322613966,-0.1345544509262587,-0.13203331838069837,-0.12940826127604804,-0.12670815790214968,-0.1238809188363267,-0.12092071046724101,-0.11782090488070666,-0.11457512008017615,-0.11117621688979616,-0.1076169284162592,-0.10397433222043027,-0.10016723085136837,-0.09618098670146327,-0.09200692241594302,-0.08763602730273178,-0.08311080263406069,-0.07844006982536073,-0.07354938837127933,-0.06842828071820758,-0.06307180907454504,-0.057604286531965664,-0.051879056568374014,-0.045884683730090164,-0.03967030452777199,-0.03327596568049669,-0.026580495265338375,-0.019608432712979237,-0.0124724880692282,-0.005001110371396678,0.002729271429243803,0.010684750702697806,0.019014558390468905,0.027499968633413332,0.036360526512266386,0.04545285062129596,0.054869008643471925,0.06454828040178996,0.07454435290439966,0.0847861531428356,0.0953863133772323,0.10616120776278737,0.11731764511791233,0.12866190828441848,0.1402836519779193,0.15223256481179778,0.16431039939854886,0.1766382881768977,0.18922792407106956,0.2020101512139694,0.21487081599990526,0.22791423714640352,0.24110914109626244,0.25442301541505524,-2.0,0.28112848203506347,0.29447123612919024,0.307794093013979,0.3210589263174881,0.3342293439384525,0.34726786969136647,0.3601402362116325,0.37275573242654997,0.38504429498613824,0.39704958037981514,0.4087494382955275,0.4201294560177733,-2.0,-2.0,-2.0,0.4614485664231371,-2.0,0.4793980137376515,0.4876961049182662,-2.0,0.5027606304480391,0.5098036474801367,0.5160323700606346,0.5221508182922316,0.5276596554704669,0.5326705049856383,0.5376537377898546,-2.0,0.5457675183930355,0.5496872275939207,0.5530426661835853,-2.0,0.5585380958322207,0.5612370559098989,0.5635523888916018,-2.0,0.5670718315212305,0.5683629216127176,0.5695923215817651,0.5708315783415298,0.5718278758005927,0.5725627640055098,0.5730562655604752,0.573324288671254,-2.0,0.5732352824969775,0.5728977108685452,-2.0,-2.0,0.5708611847682845,-2.0,-2.0,0.5678733455000445,0.5665231867198521,0.5649871323033688,0.5632653345623856,0.5613572162030701,-2.0,0.556974795782643,0.5544958567687257,0.5518200257337984,0.5489437621521668,0.5458620874149483,0.54256963035877,0.5390604286814277,-2.0,0.5313652147394579,0.5271639355291559,0.5227163954527038,0.5180134691904418,0.5130456296258462,0.5078027202087111,0.5022739459737614,0.49644785412812154,0.490312312652914,0.48385449341646575,0.4770608427431316,0.46991706058449123,0.46240807144369356,0.45451799364558987,0.44623010877863817,-2.0,-2.0,0.4187991479112512,-2.0,-2.0,-2.0,-2.0,-2.0,0.3505179156960633,-2.0,-2.0,-2.0,-2.0,0.27674609725346927,-2.0,-2.0,-2.0,0.2039001394450335,0.1834575342100594,0.1620378858737465,-2.0,-2.0,0.09144692581077019,-2.0,0.03859962450151766,0.010273993434030793,-2.0,-0.05048473063707626,-2.0,-0.11715910920321004,-2.0,-2.0,-2.0,-0.2705969822545413,-0.3136155950411551,-0.35867603669488013,-2.0,-2.0,-2.0,-2.0,-2.0,-0.6776563242874083,-0.7399849473300746,-0.8052688687459477,-0.8736479568184223,-0.9452687122908838,-2.0,-2.0,-1.1811521627829868,-2.0,-2.0,-1.4521901905510384,-2.0,-1.6549662046150349,-2.0,-2.0,-2.0,-2.0,-2.0,-2.0,-2.532584870927155,-2.0
0.008214343584919423,-0.14269881647030097,-0.14056638222580842,-0.1383333857544506,-0.13599504563654077,-0.13354635205471954,-0.13098205857127188,-0.1283352609162435,-0.12558922633335237,-0.12271391721849086,-0.11970311122860773,-0.11655054042778781,-0.11324926762343027,-0.10979228113824609,-0.1061984621112928,-0.10250073920014816,-0.09862890164746298,-0.09457463771042988,-0.09032930486245473,-0.08588377740801607,-0.0813245339749477,-0.07657445518120717,-0.07160037047144287,-0.06639198547766469,-0.06099756966376004,-0.05543702347324674,-0.04961457064743885,-0.0435177316501666,-0.037261113804257104,-0.0307580161468882,-0.023948514522164895,-0.016931636497497782,-0.009674434524817404,-0.0020760638880100253,0.005702125860545606,0.013792737870657833,0.02219272088949722,0.030798791937198883,0.039806091860302775,0.04895197110734213,0.05852782800617941,0.06825553222558638,0.07841485240992264,0.08871022522446029,0.09940538475417185,0.11031023035283764,0.12150727730401713,0.13304363223426438,0.14470266579544638,0.1566825708346498,0.1689586693322995,0.181318492623453,0.19392601652577784,0.20676022302567174,0.2197884089531473,0.23284013282494337,0.24602631190479987,0.25932055783817853,0.27268882075024076,0.28609513754754407,0.29949861888307433,0.3127755953928633,0.3259643087349477,0.33904147870652873,0.3519700016120572,0.3647129685801276,0.3772384395851914,0.38951794740875256,0.401481315732129,0.4129931525236877,-2.0,0.434953208159867,0.4454279938202931,0.4554058768819984,0.4647729010286383,0.4738495049914726,-2.0,0.4904115434237438,0.49820763093316667,-2.0,0.5120242954538009,0.5180420374447244,0.5240704266424542,-2.0,0.5342960174841922,0.5389947653763398,0.5429614631286448,0.5469046629604665,0.5506203098881621,0.5537437891046741,0.5564143318916581,-2.0,0.5616566700101915,-2.0,0.5655593064154892,0.5669992690336553,0.5681944860939381,0.5694078000238464,0.5705399391821158,0.5713965662535362,0.5719977604257618,0.5723618982713146,0.5725037896475591,-2.0,-2.0,0.5717076499718757,-2.0,0.570244054947597,-2.0,-2.0,0.5673040383919674,0.5660012907645767,-2.0,0.5628270641328843,0.560955868203633,0.558893866255243,0.5566390980372626,-2.0,-2.0,-2.0,0.545631653207633,0.5423611416936709,0.5388724288722926,0.5351592072697566,0.5312141808953574,0.5270297857737678,0.5225979792294371,0.5179098510914389,0.5129558488713983,0.5077259734297307,0.5022094620422741,0.49639491505330524,0.4902702477125147,0.4838226797119977,0.47703869979442676,0.4699040439951877,0.46240367351809875,0.45452186006452366,0.4462415512606123,-2.0,-2.0,-2.0,-2.0,0.39821957503326055,0.38714791781190416,0.3755346009859222,-2.0,-2.0,-2.0,-2.0,-2.0,-2.0,0.27683104606870584,-2.0,-2.0,-2.0,-2.0,0.1835581844636177,0.162141229810908,0.13970123278076885,0.11619013616124474,0.09155758928181479,0.06575085481774545,0.038714597511527504,-2.0,-0.019280693070566013,-0.0503640393457645,-2.0,-2.0,-2.0,-2.0,-2.0,-2.0,-2.0,-2.0,-0.405741237121369,-2.0,-2.0,-2.0,-2.0,-0.6775176197171033,-2.0,-0.8051284413071372,-0.8735067286658248,-0.945126720020639,-1.0201418587160491,-1.098712868113444,-1.1810080816532418,-2.0,-2.0,-1.4520442959569095,-2.0,-1.654819239030748,-1.7634690695252941,-2.0,-2.0,-2.0,-2.0,-2.3889977442620967,-2.0,-2.0
0.007980131543225704,-0.14390559431918312,-0.14183440140882794,-0.1396655485665107,-0.13739439105824078,-0.13501606219230566,-0.1325254656617216,-0.12991726604870563,-0.1272485476587137,-0.12445577889517466,-0.12153148435912968,-0.11846939823666232,-0.11526293231479748,-0.11190517106161459,-0.10838922731697857,-0.10476733630136198,-0.10100667439874081,-0.097068869473397,-0.09294548491688004,-0.08862758367451995,-0.08412674833593374,-0.07951291647638488,-0.07468166726198959,-0.06962296884200439,-0.06432559940387558,-0.0588928682721361,-0.053237680315195934,-0.04731595414399659,-0.04113226246738648,-0.034815954228561964,-0.02820213088796816,-0.02127662558355899,-0.01421439206812784,-0.006834069090795212,0.0008618485124010605,0.008719839186115585,0.016947821845968627,0.02539648895942419,0.03414885450381379,0.04320370201919081,0.05250444996168156,0.062146652743888885,0.07202004367112556,0.08222513931491798,0.0926950153092923,0.10343393373499778,0.114523669666787,0.12576162240166755,0.1373519034691448,0.14918955475826878,0.1612011519342864,0.17350438118841913,0.18606751951325548,0.19869648282339403,0.21154132747659582,0.22457366073041,0.23776424108732605,0.2510182623391565,0.26429213632380893,0.2776279760764326,0.29098924150599886,0.3043389349641456,0.3176409487747304,0.3308586978393027,0.34392065256880805,-2.0,0.3693504591697592,0.38172353536727555,0.39382899516427416,0.4056437329795974,-2.0,-2.0,-2.0,0.44895732527307985,0.45883016953569494,0.46813522954175935,0.4768574152168245,0.4853744404092766,0.49315226171074833,-2.0,0.5075673381127213,-2.0,0.520061491619401,0.5258077122511342,0.5307861546581699,0.5358263660533674,0.5401958787026282,0.5440440264999292,-2.0,-2.0,0.5543366214828277,0.5569336934295849,-2.0,0.5619729588749758,0.5639344699754332,0.5655423809140177,0.566835217584325,0.5679791716137244,-2.0,0.5701517844501464,-2.0,-2.0,0.5715699789883367,0.5715844141613292,0.5713905290597332,-2.0,-2.0,0.5696402383713501,0.5687241189892258,-2.0,0.5666982983220837,0.5654456340650474,0.5639990194326523,0.5623594574668815,0.5605270351137973,0.55850085234124,-2.0,0.5538601865783667,0.5512402792242637,0.5484156694102663,0.5453824732712738,-2.0,-2.0,0.5349739804996303,0.5310475297382983,-2.0,0.5224652962195175,0.5177924993719537,0.5128529493103053,0.5076366254749971,0.5021328538837729,0.49633029406896556,0.4902169168105702,0.483779985636893,-2.0,0.4698808414754291,0.46238943024676826,-2.0,-2.0,-2.0,0.4284320742177855,-2.0,0.40880314276066154,-2.0,-2.0,-2.0,-2.0,0.3506397884030972,0.33725299649657137,-2.0,-2.0,0.29307704144120694,-2.0,-2.0,0.24220415291598912,-2.0,0.2040893941733083,-2.0,-2.0,-2.0,0.11629243105077525,-2.0,-2.0,0.038823729988836764,0.01050216406818083,-2.0,-0.050249007904972665,-2.0,-2.0,-2.0,-2.0,-2.0,-2.0,-2.0,-0.35841647319759584,-2.0,-0.4550489160248733,-0.5068304445313517,-2.0,-0.6178790421461356,-0.6773840273506923,-2.0,-2.0,-0.8733705357498652,-2.0,-2.0,-2.0,-1.1808689481294086,-1.2670640293549789,-2.0,-2.0,-2.0,-1.6546771351175105,-2.0,-2.0,-1.9963143050507606,-2.121152010960924,-2.251904825233731,-2.3888528807258105,-2.0,-2.6825222882486703
0.007752597488629456,-0.1450778221022166,-0.14306611581344247,-0.14095957018297584,-0.13875366972048278,-0.13644369093622344,-0.13402468212792276,-0.13149146039429557,-0.12886036363757294,-0.12614777058242826,-0.1233074507389637,-0.12033331823729276,-0.11721900068996616,-0.1139578255542346,-0.11054280576436419,-0.10696904353829328,-0.10331637333517812,-0.0994913341531736,-0.09548675757969753,-0.09129303754287353,-0.08690152934048426,-0.08236725595433005,-0.07767487661536487,-0.07276145597297208,-0.06761639753010099,-0.06224947616943181,-0.056757075332143525,-0.051005604139090034,-0.04498304572153235,-0.03875762028464722,-0.032333990694391655,-0.025607565640745723,-0.018624077587373455,-0.011455744817736934,-0.003949991460402483,0.0037922962091199814,0.011784064313487382,0.020148203818615585,0.02864889650629703,0.037549927247910994,0.04665346759838833,0.056112149101213836,0.06580216269415957,0.07584287436432294,0.08609431858514902,0.09674189029009748,0.10752480564999957,0.11868795554768351,0.1300818824472098,0.14170838524716986,0.1536599574458172,0.1657895645522019,0.17811752024174599,-2.0,0.20352234626692509,0.2163946878352993,0.22942869877535293,0.24260970697701584,0.2559061456687712,0.2692838510381212,0.2826413120361035,0.2959558547730648,0.309245449461046,0.32247087224284904,0.33559564405204295,0.34858255471034993,0.36139692274556506,0.3740019506092138,-2.0,0.3981994308420897,0.40981342400491527,0.4210985653635925,0.432052894308932,0.442604900287877,0.452529541664853,0.46208534114630717,0.47135129359639855,0.47989716834070684,0.48803703135383714,0.49588266555812505,-2.0,0.5098901444927721,0.5159824626661804,0.5220447682630028,-2.0,0.532347104885862,0.5372012931446066,0.5412655136836789,0.5451149698981981,0.5489180126244674,0.5521320537969323,0.5548294571405414,0.5574266423726549,0.5600107842990083,0.5621875140069924,0.5639791381047803,0.5654309375892527,-2.0,-2.0,0.5688216289200718,0.5696647664359784,0.5702431565752341,0.5705759169736768,0.5706788930928459,-2.0,0.5702422268878535,-2.0,0.5690080526984602,-2.0,0.5671067067895191,0.5660550398121856,0.5648553594965611,-2.0,-2.0,0.5600705591934916,0.5580820970394407,0.555895471096175,0.5535084339619976,0.5509182941697527,0.5481214468654437,0.5451136597873316,0.5418900383385749,0.5384450488949247,0.5347727896419591,0.5308656760297847,0.5267170883356489,0.5223187252879614,0.5176619210589286,0.5127373750590174,0.507535139521777,0.5020446100316114,0.4962545020414023,0.4901532912429307,-2.0,0.47696340851773106,0.4698480291705398,0.46236585175579337,0.45450109796834903,0.44623714364385564,0.43755684579707366,-2.0,-2.0,-2.0,0.39828407124149157,0.38722407823217553,0.37562181450234944,0.3634525225458775,-2.0,0.3373076378280834,0.32327618620292037,0.3085658655767371,0.2931452205430565,-2.0,0.2600394210381314,0.24228342958064458,0.22367529248302964,-2.0,-2.0,-2.0,0.13989540732452943,0.11638942069918068,0.09176173618755668,0.06595960730670491,0.03892777360780031,0.010608334928812413,-0.01905936733818625,-0.05013888204220529,-0.08269678203447095,-2.0,-2.0,-0.18995500880293004,-2.0,-2.0,-0.3132372422273815,-0.35829387357038334,-0.4054890510340763,-0.4549238827212525,-0.5067042752752097,-0.5609411713408605,-2.0,-0.6772547442835833,-0.7395806680309638,-0.804861990365714,-2.0,-2.0,-2.0,-1.09844016179526,-1.180733987876032,-1.2669283989698474,-1.3572080650752087,-1.4517664117090185,-1.5508060315029546,-1.6545391113939134,-2.0,-2.0,-2.0,-2.1210120069147735,-2.2517643819863524,-2.3887120213478505,-2.5321483384257686,-2.682380645607811
0.007531551014560001,-0.14621649057760958,-0.14426257085077232,-0.14221654721009727,-0.1400740362801021,-0.13783045077196623,-0.1354809798200323,-0.1330205901801699,-0.13044401231538727,-0.12779132829121326,-0.1250325790544612,-0.12214388164793664,-0.1191190464456489,-0.11595159230452526,-0.11263473372761766,-0.10916136278078777,-0.10555968840931426,-0.10184496435545524,-0.09795528906356947,-0.09388209543209407,-0.08961682315098723,-0.08515033528045139,-0.08058235731065899,-0.07581011455893469,-0.07081294496381811,-0.06558008563517988,-0.060175746634124394,-0.05458953646133178,-0.048740159848095446,-0.04261495040934591,-0.03634760673169401,-0.02981448551073017,-0.02297359563728486,-0.0159453943562655,-0.00865541422699909,-0.0010217699183314069,0.006767724358053725,0.014894949972104516,0.023306622407731643,0.03195160352562369,0.04096987045795626,0.05015640981790367,-2.0,0.06951369611730718,0.07968224686162362,0.09002327518294918,0.10072621500406785,0.11167903489310822,0.12288233890833902,0.1344411370920799,0.14613216516271804,0.15811456102845825,0.17039208576115697,0.18280197425022066,0.19540628055929765,0.20823392421319134,0.22125575538412043,0.23435700816300306,0.24752863730119265,0.260804215110014,0.2741493592197282,0.28752793452831577,0.3009039783788103,0.31421982957254885,0.32737160370134494,-2.0,0.35327607352087415,-2.0,0.3784159021602038,0.39061927384987244,0.4025438057893572,-2.0,0.42509440395610987,-2.0,0.44615096834997886,0.45611024219082064,0.4653764544466627,0.47430879206994503,-2.0,0.4907097222668754,-2.0,0.5052651072907095,-2.0,0.5179356095476023,0.5238452314480361,0.5288723093643469,0.5338932605399327,0.5384283469115662,0.5422823977164966,-2.0,-2.0,0.5527166957923241,0.5552797995616607,-2.0,0.5603046365737911,0.5622991346894061,-2.0,0.5652237796747852,-2.0,-2.0,0.5683792439369424,0.569077617234234,-2.0,0.5697140872272267,-2.0,0.5694385696185669,0.5689864205953119,0.5683353316269981,-2.0,0.5664735922237377,-2.0,0.5642278214724173,-2.0,-2.0,0.5595842944697137,0.5576354958902189,-2.0,0.5531322123504702,0.5505733608448458,0.5478058314485015,0.5448246817290949,0.5416261194611514,0.5382044689928146,0.5345538959502243,0.5306673737157706,0.5265375912981313,0.5221570048197962,0.517517243504797,0.5126079201776758,0.5074206352801344,0.5019437055657573,0.4961664029153745,-2.0,-2.0,-2.0,0.4698045397344952,0.46233224029913744,-2.0,0.4462208782730171,0.4375483102128118,0.42844018456248567,0.4188771647180311,0.4088393626931617,0.3983040893167269,-2.0,0.37565377775816855,0.363489992318385,0.3507329091049227,0.33735528223580624,-2.0,-2.0,0.2932062526789846,-2.0,-2.0,0.24235592173849269,0.22375123010712006,-2.0,0.18382366671117834,0.16241570594396165,0.13998350479694144,-2.0,-2.0,-2.0,-2.0,-2.0,-0.01895703480513733,-0.05003456092468794,-2.0,-2.0,-2.0,-0.18984363676609006,-2.0,-2.0,-2.0,-2.0,-0.40537058796115344,-2.0,-2.0,-2.0,-2.0,-0.677130730543664,-0.7394556652958856,-0.8047360660232781,-2.0,-0.9447293529539564,-1.0197421750067193,-1.0983109698993032,-1.1806040663836863,-2.0,-1.3570767988308168,-1.4516345175890326,-1.5506735348471592,-2.0,-2.0,-2.0,-2.0,-2.1208768995955465,-2.0,-2.0,-2.5320119345319134,-2.6822438470692007
0.007316807143427192,-0.1473225673525731,-0.14542477868841652,-0.14343754531399572,-0.1413566099726428,-0.1391775144481587,-0.13689559146237443,-0.13450594984066064,-0.13200346916292097,-0.12938772632807166,-0.12670832970274654,-0.12390262274233411,-0.12096470851758565,-0.1178882934123938,-0.11466678579566629,-0.11129328420066678,-0.10776055925286696,-0.10413123129020806,-0.10035306346850947,-0.09639700715739519,-0.09225419643961918,-0.08791634645177761,-0.08340660817896071,-0.07877149762400554,-0.07391801216860168,-0.06883567252066353,-0.06351361654795967,-0.05807099846734543,-0.05238972603842905,-0.04644069813738958,-0.04024637926780857,-0.03390118777759587,-0.027256966214515243,-0.02030660025664009,-0.013226191774194766,-0.005812136063991659,0.0018948426563636064,0.00978841265077764,0.018053974606834795,0.026513426814003996,0.03530525371496991,0.044371026043440225,0.05371347861500259,0.06336596984988879,0.07328289052912995,0.08349680476556055,0.09401298016129277,0.10475970884118803,-2.0,0.12714157355301048,0.13873573469401018,0.150624386967763,0.16263746028128725,0.1749393923999239,0.1875046263224544,0.20018053713438885,0.2130174460195101,0.22603986135309886,0.2392156040071182,0.2525101747072488,0.2657762400954268,0.2790873894618463,0.29241917178359317,0.3057345302539573,0.3189961568813644,0.33216703249826635,0.3452110675271639,0.358036526345992,0.3705848862196444,0.38288728114264514,0.39491395434398496,0.406641651787253,0.41805522377432097,0.4291065209515294,0.439580542758525,0.4496512009017583,0.4593921308632316,0.46869069498079124,0.4772778731916503,-2.0,0.4934058141499748,0.5006667850516573,0.5076197683930317,0.5138986024026412,0.5198959809343161,0.525464734696697,0.5303657329698737,0.535304776620449,0.5395145281240056,-2.0,-2.0,-2.0,0.5531900462730567,0.5557006327450739,0.5582729090838005,0.5604912530343796,0.5623087231287456,0.5637722939103215,0.5649197003467711,0.5659510816699564,-2.0,0.5678341349372742,0.5683877638591979,0.5686868679300885,-2.0,0.5685834728197245,0.5682046600333454,0.5676197539329368,0.5668353749887994,-2.0,0.564736862963834,-2.0,0.5622684426967322,0.5607698487691756,-2.0,0.5571598162972927,0.5550484232191106,0.5527305104460376,-2.0,0.5474673533939433,0.5445144395087963,0.5413420958057026,0.5379448427012709,-2.0,0.5304515008312056,-2.0,-2.0,0.5173568560443799,0.5124641773400419,0.5072918408116013,0.5018293866385976,0.4960656666541191,0.4899888289833044,0.4835862982193662,0.4768447558829692,0.4697507008113321,0.46228749859314355,0.4544412883960376,0.44619467823469033,0.43753048880018697,0.4284302816326535,0.4188747482401896,0.4088435864986306,0.3983154581256173,-2.0,-2.0,-2.0,-2.0,0.3373952202807884,-2.0,-2.0,-2.0,-2.0,-2.0,-2.0,0.22382039274189214,0.20432718279147744,-2.0,0.16249412545968694,-2.0,0.11656466877624416,-2.0,-2.0,-2.0,-2.0,-2.0,-2.0,-2.0,-2.0,-0.1523162839672304,-0.18973792110195065,-2.0,-2.0,-0.3130111008973463,-2.0,-2.0,-2.0,-2.0,-2.0,-0.6175100124030062,-2.0,-2.0,-0.8046153593373584,-0.8729901900154526,-2.0,-1.0196188837885607,-1.098186892189782,-1.1804792478556165,-2.0,-1.3569505852230108,-1.4515076488212473,-2.0,-2.0,-2.0,-1.876721875944181,-2.0,-2.120746729744089,-2.0,-2.0,-2.0,-2.0
0.007108186171827296,-0.14839698705552531,-0.14655372212807263,-0.14462359588280152,-0.14260247296564293,-0.1404860243229409,-0.1382697141691512,-0.13594879426426426,-0.13351829154678396,-0.13097299781805993,-0.1283361186703505,-0.12561102541915567,-0.12275754434077737,-0.11976956199461508,-0.11664067684738494,-0.11336418488627394,-0.10993306556622888,-0.10635190244246356,-0.1026824221263694,-0.09884002940960777,-0.09481649423793076,-0.09060310376771111,-0.08619110096265195,-0.08164817966890722,-0.07693421313462953,-0.07199802790332821,-0.06682905368265227,-0.061452631315819996,-0.05593486660237855,-0.05015696015120983,-0.04410654598367147,-0.037870854968163885,-0.03141769973639218,-0.024660445367478145,-0.017666174126202226,-0.01046536058986174,-2.0,0.004827987335652279,0.012855851820108887,0.021230907535376223,0.02976962472663182,0.03871081310482621,0.04782466657273369,0.057325698006969635,0.06702503748740019,0.07711059293105628,0.08737040841475317,0.09803767607924592,0.10885535568391261,0.12002361174068878,0.1314668621642372,0.14309671439402935,0.15504944603599527,0.16723048800449952,0.17955674490482848,0.19213890129163105,0.20494948259564452,0.21787431844582347,0.23089613911755566,0.24406186541858765,0.2573384066590067,0.27069200758886475,0.2840835457334419,0.2973837521508678,0.3106366500428847,0.32382060775178734,0.33689680068237365,0.3498287077910597,-2.0,0.37512030010312075,0.38739578527875884,0.39926750486643187,0.4107912901100582,0.42197708388954647,0.4328224234305596,0.44332176282776103,-2.0,0.46261293930243563,0.4717513160266791,-2.0,0.48825346303419176,0.4960305387561538,0.5029439547975869,-2.0,0.5157847795401296,0.5217662079659808,0.5269269785368342,0.5318566390322239,0.5365609832003339,-2.0,0.5442728223814723,0.5479409445376425,-2.0,-2.0,0.5560914813064946,0.5585441073210287,0.5605724199220036,0.5622169262937471,0.5635207734228214,0.5645444318893469,0.5655510765895455,0.5665078554811888,-2.0,0.5675941557656384,0.5677525188632926,-2.0,0.5673748083201511,0.5668604144099567,-2.0,0.5652189088115539,-2.0,0.562894529857134,0.5616195350732373,0.56017334163423,0.5585183118939745,-2.0,0.5545841884302779,0.5523041840416478,0.5498123038419512,-2.0,0.5441837246965212,0.5410388309185378,-2.0,0.5340628341747701,0.5302196682239577,0.5261306211211721,0.5217878283764966,0.5171830970944623,0.5123073465469716,-2.0,-2.0,0.4959535767738683,-2.0,0.48349971140904263,0.47677000753528126,0.4696861257647853,0.46223383893966896,0.454397287657915,0.4461599582758314,0.4375044518309774,0.42841244799572475,0.41886466939469097,0.4088408408527222,-2.0,-2.0,0.3756944814563543,-2.0,0.35079617998516976,-2.0,-2.0,-2.0,0.2933080639950709,-2.0,-2.0,-2.0,-2.0,0.20439435897067637,0.1839701644848053,-2.0,0.14014210830716567,-2.0,0.0920246091290442,-2.0,-2.0,-2.0,-2.0,-0.04984195838273353,-0.08239400173771982,-2.0,-0.15221637002964583,-0.18963627048692555,-0.22883431303384782,-2.0,-2.0,-2.0,-2.0,-2.0,-2.0,-2.0,-2.0,-0.6768968589212175,-2.0,-2.0,-2.0,-2.0,-2.0,-2.0,-2.0,-2.0,-2.0,-2.0,-1.550421975276844,-2.0,-2.0,-2.0,-1.9957840881740052,-2.0,-2.0,-2.0,-2.5317522052731896,-2.681983296615916
0.006905513520162323,-0.14944066030202646,-0.14765035745345692,-0.14577570501159642,-0.1438126835890214,-0.14175708725115424,-0.13960451289774076,-0.13735034475582564,-0.13498976236045582,-0.13251769879956654,-0.129928860700637,-0.12727054068871158,-0.12449907697620916,-0.12159699685052104,-0.11855789006262153,-0.11537582424224334,-0.11204340298125859,-0.10855367823555674,-0.10494502491874115,-0.10121310510440507,-0.09730527311919974,-0.0932130367392571,-0.08892799253940571,-0.0844425310589356,-0.07986407370120523,-0.07506990658656593,-0.0700496308601097,-0.06479253072887009,-0.05937864218357798,-0.05376690079208827,-0.047890574478193025,-0.041736951427675466,-0.0354594455060646,-0.028896659060365214,-0.02202426121707474,-0.014985607452096834,-0.0076624465351732875,6.47516928277761e-06,0.007806065176196741,0.01597017712371533,-2.0,0.03307604606068162,0.0421042526118845,0.05133164358729154,-2.0,0.07074136664376675,0.0809177562595864,0.09130397159907673,0.10201370398261075,0.11301419583403206,0.12422239386058413,0.13578445033567935,0.14752503711910916,0.15950790039812834,0.17178369954387912,0.18424510337163416,0.19684437804651964,0.20966371309441142,0.22267316649020366,-2.0,0.24898157390895018,0.26223624368902687,0.27555534737533705,0.2889036121842655,0.3022437444713441,0.31553984797608975,0.3287142658296829,0.34169472083244906,0.3545119652072814,0.36713008897943167,0.3795153652202235,0.3916385463709472,0.40347728339996364,0.4149715093381144,0.4259488458429668,0.4365355468566891,-2.0,0.4566653336838044,0.4658680056657852,0.47464997865160674,-2.0,0.49087939514215445,0.49839244308236963,0.5052352540347284,0.5117842557434623,0.5176762822974841,0.5234433054854992,0.5283526062788829,-2.0,0.5376683488269584,0.5414139916494848,0.5452244085243105,0.548633906157482,-2.0,0.5539216497617784,0.556441546550467,0.5587032918145749,0.5605467517406376,0.5620218500789212,0.5631682409557079,0.5641136771591038,-2.0,-2.0,0.5664296727755707,0.5666928842221602,0.5667092023354574,0.5664922778885985,0.5660531066403249,0.565400408641587,0.5645410197978973,0.5634800167749797,-2.0,-2.0,0.5595398964470654,-2.0,0.5561190005783384,0.5540905429459597,0.5518494745618632,0.5493942077748777,0.546722132989424,0.5438300770802326,0.5407139360501542,-2.0,0.53378948923758,0.5299694645959303,0.5259020827383277,0.5215794515573239,-2.0,0.5121353602850746,0.5069957423056678,0.5015633427430389,0.4958281464020514,0.48977811020099093,0.4834009724897113,0.4766829603031449,-2.0,0.4621690905893199,0.4543432698611505,0.44611484952825115,0.43746834307977167,0.4283848380096036,0.4188450906349746,0.40882894384994173,0.3983148466974734,0.3872806972639935,0.3757029075302257,0.36355680178942423,-2.0,0.33745472735031457,0.32344303494877374,-2.0,0.2933486026632085,0.2772015350637869,0.2602757207769192,0.24253495776983108,-2.0,0.20445513855804176,-2.0,0.1626352578275933,-2.0,-2.0,0.09210067542767009,-2.0,-2.0,-2.0,-2.0,-2.0,-2.0,-2.0,-0.1521222988154013,-2.0,-0.2287367401598701,-2.0,-2.0,-2.0,-0.4050447498969916,-2.0,-2.0,-2.0,-2.0,-2.0,-2.0,-2.0,-0.8727594091411066,-2.0,-2.0,-2.0,-2.0,-1.2664332692159506,-2.0,-2.0,-2.0,-2.0,-2.0,-1.8764752882522908,-2.0,-2.0,-2.0,-2.3881943686962077,-2.5316289617610446,-2.0
0.006708619586547219,-0.15045446505561158,-0.1487156140572433,-0.14689484626762023,-0.1449882612769153,-0.1429917777752525,-0.14090111469766206,-0.1387117459868794,-0.1364191253123753,-0.13401819537256301,-0.13150385998954928,-0.1288825697149663,-0.12619077547491941,-0.12337213887685733,-0.12042062187065426,-0.11732989947199425,-0.11409335114854195,-0.11070404269927357,-0.1071547104779675,-0.1035182759717669,-0.09972272182160287,-0.09574834058122163,-0.09158657021156318,-0.08722830728831169,-0.082710186315993,-0.07805384398648904,-0.0731780352026364,-0.06807224528069061,-0.06272546630737964,-0.05727355866796852,-0.05156633603790258,-0.04558994819019573,-0.039385660752791915,-0.03301167351126042,-0.02633715632428477,-0.019376393435178375,-0.012264118554689844,-0.004816341191381895,0.0029009060083136527,0.010829929943504858,0.019132790326281637,0.027602451156850803,0.036433611622379715,0.04550948205209796,0.0548933901362956,0.06455384704993046,0.07451486296537489,0.08473648876364161,0.09529873619160664,0.10605136249059628,0.11718511017104886,0.12848620089150184,0.1400828189018847,0.15200593049620803,0.16403510428671225,0.17633417807328725,0.18889388376006325,0.20162159043516306,0.21444912520402284,0.22745858145944509,0.2406174140162384,-2.0,0.2672077470211579,0.2804919604323066,0.2937916600880448,0.30706945835026583,0.3202876968598678,0.3334089498277342,0.3463966488579075,0.3592138477304302,0.37174364692284706,0.3839714756867757,0.39591526005011973,0.40755105896811966,0.41886409578015893,-2.0,-2.0,-2.0,0.4598431333119107,0.4690929324157217,0.4775775296278705,-2.0,0.4935262132490674,0.5006032283181389,0.5075045672194761,0.5136084005895323,0.5195654070078912,0.5249408683554727,-2.0,0.534590425119093,0.5386347055489354,0.5423307197205156,0.5460503881071052,0.5492034699179412,0.55181431222745,0.5542368846052607,0.5566891286197404,0.5587522961382508,0.5604153702476863,0.5617240316900385,-2.0,0.5636260298336393,-2.0,0.5651897396883143,0.5655658524839152,0.5656825566365877,-2.0,0.5651964706762835,0.5646162957873538,0.5638221434922528,0.5628205191496326,0.5616158400350029,0.5602746646582735,-2.0,0.5573184712619969,0.5555509492815843,-2.0,0.5513677733559403,0.5489505702855739,-2.0,0.5434544944652012,-2.0,0.5370511280179252,0.533497698762481,0.5297018643911005,0.5256568900177961,0.5213553454603276,0.5167891100852026,0.5119493759321502,0.5068266387575578,0.5014106949967919,0.4956906289282951,0.4896547975361888,-2.0,-2.0,0.46952505931831723,0.4620946194399993,0.4542789198900423,0.446061213462225,-2.0,0.4283488779501914,-2.0,0.40880908067916066,0.398302599525335,0.3872753942072289,0.3757042631423967,-2.0,-2.0,0.3374740167104928,-2.0,-2.0,-2.0,0.27724067353334886,-2.0,0.24258256556109187,-2.0,-2.0,-2.0,-2.0,0.1402777669373323,0.11678625146757071,-2.0,-2.0,0.03936314786996076,-2.0,-0.018601187577312994,-2.0,-2.0,-2.0,-2.0,-2.0,-2.0,-2.0,-2.0,-2.0,-2.0,-0.45437339722856396,-0.5061475901454418,-2.0,-0.6171825329384395,-2.0,-2.0,-2.0,-2.0,-0.9442642909331878,-2.0,-2.0,-2.0,-1.2663199077297862,-1.3565960735321236,-2.0,-2.0,-2.0,-2.0,-1.8763579583762995,-2.0,-2.0,-2.2511296009404322,-2.3880749497379132,-2.5315090800931728,-2.681739300163029
0.00651733960488242,-0.1514392686368055,-0.14975039167736073,-0.1479819666188097,-0.14613020560789453,-0.14419114095860502,-0.1421606174080329,-0.14003428653298433,-0.1378075896491566,-0.1354757525607994,-0.13303378543056593,-0.13047646923322864,-0.127834072883573,-0.1250964926828937,-0.1222298716110029,-0.11922806761254512,-0.11608464919613792,-0.11279288193502472,-0.10934571260306244,-0.10575749704228755,-0.1020712386027851,-0.09821119188468763,-0.0941690877743539,-0.08993626524631951,-0.08550365666188911,-0.0809524584570992,-0.07621689296512513,-0.07125813517949293,-0.06606532403687015,-0.06067989790831633,-0.05513695052133324,-0.049332612965376964,-0.043254452998243195,-0.03700888603332942,-0.03052649477633149,-0.023738564326314205,-0.016734188118413016,-0.009500829153566741,-0.0019267078975613143,0.005836893178827752,0.013900375103239396,0.022285395199525125,0.030862356161061845,0.039843205377820164,0.0489665759055079,0.05850962758330737,0.06821733075884538,0.07834718835119638,0.08861430123672895,0.09928742881180698,0.11015133269912168,0.12132395280716744,0.13281612776360338,0.14444774594740906,0.15640004293489562,-2.0,0.18095472448276365,0.1935305259661628,0.20633155022862384,-2.0,0.23231590302687724,0.24546387299472075,0.25871803505167856,0.27204462976935084,0.2854076664706434,0.2987498026432753,0.31196608363436373,0.3251045233630457,0.3381293119340773,0.35100274175538004,0.3636889895260093,-2.0,0.3883722465397485,-2.0,0.41167852861072707,0.4227602283632697,0.43349172757930143,0.4438882414506969,0.45374624020554094,0.46302549270277427,-2.0,0.4805280813207189,0.48833866297389794,0.49601388883372904,0.502824394681806,0.5095640989594992,-2.0,0.5213057699636284,-2.0,0.5311884136548065,0.5357214397628912,0.5395007370799103,0.5432284537244377,0.5467426447243159,-2.0,-2.0,0.5545166940343103,0.5568203626595206,0.5586906290874264,0.5601769439794948,-2.0,0.5622004862712386,-2.0,0.5638674497087219,0.5643658384925118,0.5645904657506815,0.5645593959940324,-2.0,0.5637835524339535,-2.0,0.5621205674130235,0.5609729684165652,0.5596280757219971,-2.0,0.5566644118202201,0.5549487550281681,0.5530130170314898,0.5508566454691579,0.548479550424964,0.5458796613321809,0.5430542932720671,0.5399999013391353,0.536712207546265,0.5331859252674883,0.5294154744083266,0.5253939963012207,0.5211143954432583,0.5165686660048358,0.5117480964624389,0.5066432913042772,0.5012441418893293,0.4955398214382335,0.48951876493813706,-2.0,-2.0,-2.0,0.462009325896481,0.45420424732638787,-2.0,-2.0,0.42830360798507083,0.4187807251563274,0.4087805006130609,0.3982816295627013,0.38726179842160136,-2.0,0.3635647092734942,0.35083609819464956,-2.0,0.3234850808306759,-2.0,-2.0,0.27727303867166625,-2.0,0.2426236791052337,0.22403810427453885,-2.0,0.18414557453207803,-2.0,0.14033717923506872,-2.0,0.09223744755617291,-2.0,0.03943419586449037,0.011129004372262052,-2.0,-2.0,-0.08213736502811697,-0.11623170374591307,-0.1519477943847024,-0.18936214481274816,-0.22855490725633842,-0.26961003633640424,-0.3126154844979142,-0.35766338244828055,-2.0,-2.0,-2.0,-0.560279664934229,-2.0,-0.6765798489022907,-2.0,-2.0,-0.872545817909754,-0.9441588012311022,-1.019167260706529,-2.0,-1.1800210312825752,-1.2662109703494104,-1.3564863708615418,-1.4510406491777896,-2.0,-2.0,-1.7624510201826613,-1.876244930248453,-1.9954312964719152,-2.0,-2.0,-2.0,-2.531393424956809,-2.0
0.006331513506973245,-0.1523960140516021,-0.15075556569535592,-0.14903798564098092,-0.1472394794586324,-0.14535619082898588,-0.14338408819295925,-0.14131894334241826,-0.13915630494537623,-0.13689162242195232,-0.134519959901264,-0.132036263828346,-0.12943521368958846,-0.1267715164240479,-0.12398736297879241,-0.12107193249121481,-0.1180189795938293,-0.11482193212134509,-0.11147403332444152,-0.10796801603816829,-0.10435245876913578,-0.10060349100202658,-0.09667764499989306,-0.09256662279660584,-0.08826168721021438,-0.08376821103152336,-0.07916892651829634,-0.07435289308677018,-0.06930955357061953,-0.06402830867170735,-0.05860543778309559,-0.05296822705037648,-0.04706511202576687,-0.040891972434469216,-0.034595990915688775,-0.0280037454230256,-0.021100179954075097,-0.014051237135493982,-0.006695499807404426,0.0009862281474085754,0.008817558389231941,0.017018189004025484,0.025449903119941115,0.034172121657399974,0.043209316153385746,0.05247726004410409,0.06209984246551944,0.07193752900760382,0.0821210659573782,0.09255218409654854,0.10326730958972173,0.11431494374394895,0.125526964722688,0.137089993813867,0.1488800621459771,0.16086170514215167,0.1731337090710696,0.18564661801218105,0.19823832639163383,0.21104672293087745,0.22404254592994358,0.23719473582100895,0.2503831316748526,0.2636145339324368,0.27690515522794334,0.2902201403166607,-2.0,0.3167727277847265,0.3299372200302166,-2.0,0.3556739375125298,0.36822392112016333,0.38053315409903593,0.392571951487198,0.40431706667333056,-2.0,0.42670529087073705,0.43717456541259386,0.44728177836058763,0.45706613329198686,0.46624125244132253,0.47486674412597407,0.4832747925531498,0.4909134384107165,0.498241648688649,0.5050577494995547,-2.0,0.5172551819350361,0.5228544002291312,0.5276559105246682,0.5325114995590899,0.5367031883936311,0.5403443046655817,0.5440594630863235,0.5473047547288868,-2.0,0.5523249096648284,0.5547366356820641,0.556836029231894,0.5585176239545455,0.5598305608665932,-2.0,0.5616219364442361,0.5624565765987941,0.5630869345610953,0.5634282829989417,-2.0,-2.0,0.5628995587972513,0.5622494907531137,-2.0,0.5602911476762145,0.5589937033571171,-2.0,0.5559758551452779,-2.0,-2.0,0.5503147034943441,0.5479798884201359,0.5454188550550704,0.5426293855578691,-2.0,0.536351123916338,-2.0,-2.0,-2.0,-2.0,0.5163315929903328,0.5115310134469694,0.5064453744939795,-2.0,0.49537538183799945,0.48937044514963024,-2.0,0.4763555565016389,0.4693202448276471,0.461912925770007,0.4541191398085418,0.44592213149872734,0.437304662890845,0.4282485653801338,0.41873469682195436,0.40874291267814566,0.39825202071673116,0.3872397279010136,0.3756826209468248,0.3635560943292154,0.3508343026241677,0.33749012022050673,0.3234952359394356,0.30881927491136413,0.29343138214459497,0.2772985071840835,0.2603861639294899,0.24265818727523808,-2.0,0.20460227160048805,-2.0,-2.0,-2.0,-2.0,0.09229715598066779,-2.0,-2.0,-2.0,-2.0,-0.04951878648391095,-2.0,-2.0,-2.0,-2.0,-2.0,-0.2695249486240787,-2.0,-2.0,-0.4047602949290341,-2.0,-0.5059571424745237,-2.0,-2.0,-2.0,-2.0,-0.804076010464452,-2.0,-2.0,-2.0,-2.0,-2.0,-2.0,-2.0,-1.4509346411355084,-1.5499696605747193,-1.6536983549159194,-2.0,-2.0,-2.0,-2.0,-2.0,-2.0,-2.0,-2.681511335113402
0.006150985788580498,-0.15334789585651332,-0.15173198515231154,-0.15006379646142762,-0.14831702044458484,-0.1464879136949483,-0.1445725579946552,-0.14256684978732848,-0.14046649064878183,-0.13826698051580805,-0.13596348547414513,-0.13355143735113884,-0.1310252518710268,-0.1283986245726646,-0.1256945452599525,-0.12286305129125802,-0.11989797619813991,-0.11679299980840897,-0.11354147014950979,-0.11013642103642787,-0.10657045434873315,-0.10292736030369205,-0.0991146094898828,-0.09512199248622132,-0.09094099448827123,-0.08656261882662104,-0.08203655615334618,-0.07735913129109596,-0.07246103285077618,-0.06733190764916137,-0.06197471792150588,-0.056499854741550774,-0.050766779735322135,-0.044763208258088834,-0.03854956836068569,-0.03214686264008775,-0.02544229813686136,-0.01847184306477399,-0.0113279087195864,-0.003846844912736862,0.003880112572239539,0.011844342762661768,0.020184238614266915,0.028663207459835808,0.037533404684727434,0.04661749563926125,0.05604262929185604,0.06571113862740498,0.07571543571828374,0.08594354271802364,0.09655118310039427,0.10730873597333067,0.11844572502946389,0.1297944272856425,0.14139207649150864,0.15331360810501157,0.1653921588986825,0.17768680775699616,0.19023906906643676,0.20301495253526836,0.2158337954512091,0.22882767519126526,0.24196773870062646,0.2552210504393013,0.2685540949315325,0.2818382770347801,0.2951030460931314,0.3083407198488399,0.3215119278949275,0.3345803889214296,0.347508278552306,0.36026022536130653,0.37279176823634624,0.38497151481242015,0.3968276826785523,0.40836719970387175,0.41957457861284153,-2.0,-2.0,-2.0,0.46017562203384443,-2.0,0.47774805280659477,0.48578060474162815,0.49348291192113686,0.5003912489939315,0.5072110921948871,0.513156010853881,0.5190463999091123,-2.0,-2.0,0.5336691393045481,-2.0,-2.0,0.5447515072370787,0.5477401355879817,0.550195904252631,0.5525245050308211,0.5548386757030458,0.5567361421570385,0.5582337615384647,0.5593757296549271,-2.0,0.5609798298161686,0.5617241771590845,-2.0,0.5623752555473375,0.5622938651310927,0.5619616281316574,0.5613909552216483,0.560590933352001,-2.0,0.5583298693625571,-2.0,0.5552955892333052,-2.0,0.5518028600631284,0.5497412506483994,0.5474509981149052,0.5449308846455659,0.5421791394686907,0.5391928011685988,-2.0,-2.0,0.5287837599285601,-2.0,0.5205800886300654,0.5160781183801889,0.5112984019935044,0.5062317805319058,-2.0,-2.0,-2.0,0.48288716549428506,0.47622259236834635,0.46920036764507433,0.46180593114294943,0.4540238724664545,0.44583790903284276,0.43723085011846274,0.4281845695644775,0.4186799669375412,0.4086969283065882,0.3982142969315138,0.3872098170151925,-2.0,0.3635405543456834,0.3508253775814588,-2.0,-2.0,0.30882816430954657,0.2934455991935966,0.27731777716155476,-2.0,-2.0,-2.0,-2.0,-2.0,-2.0,0.1404387037003605,-2.0,0.0923517891102934,-2.0,0.039560182272758926,-2.0,-2.0,-0.04945047826678295,-2.0,-2.0,-0.15179329927500407,-0.18920366317040938,-2.0,-2.0,-0.3124461359039895,-0.3574907522713463,-0.40467447899308007,-0.454098398483181,-2.0,-2.0,-2.0,-2.0,-2.0,-0.8039809927248838,-2.0,-0.9439607584274434,-2.0,-2.0,-2.0,-2.0,-1.3562795131584675,-2.0,-2.0,-1.6535945399922283,-2.0,-1.8760311124890452,-2.0,-2.1200493077458495,-2.250797663351438,-2.0,-2.0,-2.681402938493056
0.005975605379290422,-0.15427266640786003,-0.15269002638962176,-0.1510602647073249,-0.14936373913904008,-0.14758726436411276,-0.14572703268288834,-0.1437790601700846,-0.14173917252962204,-0.13960299886649827,-0.13736596148074798,-0.13502326959892255,-0.1325698993937322,-0.13000060210550193,-0.12735296218265954,-0.12460293763347548,-0.1217232076198936,-0.11870765720670404,-0.11554977107730466,-0.11224273657507554,-0.10877965686761053,-0.10518475989890227,-0.10148178821055952,-0.09760416724919421,-0.09354358371899917,-0.08929134028469073,-0.0848383247088657,-0.08027925060142847,-0.07552242336727405,-0.07054102312073676,-0.06532451274737157,-0.059930480580872185,-0.054362513829597184,-0.04853200969002156,-0.04242627503556124,-0.03617164759799737,-0.029660162568324103,-0.022841610234242426,-0.01582784968149632,-0.008562453483528258,-0.0009542861980687957,0.006818447149538407,0.01491783072139328,0.023311919852462813,0.0319261416276824,0.04092526594130623,0.0500784792513241,0.059661334249830736,0.0693782922888222,0.07952382952786245,0.08982516721743712,0.10050292195863493,0.1114127390212966,0.12258791839996001,0.13411781368606465,0.14576016072763115,0.1577105177547541,0.1699548346636227,0.18231007594858328,0.19487718833555837,0.20766656547407736,0.22064858710178942,0.2336852702617448,0.24681271612997138,0.26004259113592804,0.27333948380431594,0.2866676529608902,0.2999917361146692,-2.0,0.32631962411123,-2.0,0.35210054670272245,0.3647170784778543,0.37710552004948783,0.38923689111988063,0.4010798172112632,0.4124696861642467,0.4234421640181696,0.43405448845380945,-2.0,-2.0,0.4633162708041259,0.4721443381885283,0.48061431378976355,0.48828298737890447,0.495823800502719,0.502551343664922,0.5091329676478097,0.5149083147241774,-2.0,0.525502267111985,0.5303211912803678,-2.0,0.5383123932604291,-2.0,0.5453074748000621,-2.0,0.5503540393626061,-2.0,-2.0,0.5565214115157453,-2.0,-2.0,0.5595368655595858,0.5602707753588997,0.5608745394086101,0.5611783879049002,0.5612033964154062,0.5609662807541824,-2.0,-2.0,0.558803751965645,0.5576268769548871,-2.0,-2.0,-2.0,0.5511450082245394,0.5491346935407202,-2.0,0.5444144665349232,0.5417025082045863,0.5387526767886374,0.5355617639696055,0.5321251706592843,0.5284380413390641,0.5244938152530425,0.5202862460517144,0.5158077542684398,0.5110496991352559,-2.0,-2.0,0.49500593730811693,0.48903291986259956,0.48272788563686614,0.4760779736608323,0.4690695208992466,0.4616880302163058,0.45391815067021046,0.44574365332255556,0.43714739697709504,0.4281112995947335,-2.0,0.40864233147245355,0.39816826283050033,0.3871719540758565,0.3756297995919642,-2.0,-2.0,0.3374777187309965,-2.0,0.30883037465601,0.29345331903576244,0.2773307217980397,0.2604281228395643,-2.0,0.2241366352499592,0.20467012676125462,-2.0,-2.0,-2.0,0.11700287850637048,-2.0,-2.0,-2.0,0.011318659301948308,-2.0,-2.0,-2.0,-2.0,-2.0,-0.18913106919174583,-2.0,-2.0,-2.0,-2.0,-2.0,-0.4540152068610912,-2.0,-2.0,-0.6168080928355248,-2.0,-2.0,-0.8038898748543091,-0.8722575715672672,-2.0,-2.0,-1.0974348068887427,-1.1797212660928253,-2.0,-1.356181617682414,-2.0,-1.5497670946625346,-1.6534943589602276,-1.7621376014930417,-1.875929591912627,-1.9951141248365638,-2.119946554931484,-2.250694334948358,-2.387637590931452,-2.531069726452695,-2.0
0.005805225516094896,-0.15517098444882516,-0.15363396664139098,-0.15202823205571536,-0.15038052020244203,-0.1486551717862168,-0.1468484881891974,-0.14495660056816903,-0.14297545372569906,-0.14090080374002825,-0.1387281929675167,-0.13645300103091923,-0.134070324330316,-0.13157504408624693,-0.1289639153441695,-0.1262930625587327,-0.12349627324516331,-0.12056755432950321,-0.11750063226122176,-0.11428885826598383,-0.11092558381759057,-0.1074033694367953,-0.10378127072014685,-0.10001534025859302,-0.0960717405405314,-0.09194202135625398,-0.08761733539799739,-0.08311613051021562,-0.07849614668235756,-0.07365836331508324,-0.06859219744624721,-0.06328686697146678,-0.05785555568684188,-0.05219303763828271,-0.046263317608334915,-0.040081270464463296,-0.03375757312193226,-0.027135544173867248,-0.020200948399712936,-0.013143231026412698,-0.005754490551059269,0.0019362512890008987,0.009801996586597925,0.018038815721402594,0.026479294173340686,0.035239556218501514,0.04428468140248084,0.05359277224035437,0.06322230701290063,0.07310222294392378,0.08329141298626107,0.09376690218494836,0.1044860457290588,0.11558032037492279,0.12679400132239205,0.13835720080338595,0.1501957439126925,0.16217469183662156,0.17444114330918184,0.18696958032678274,0.19958606634434353,0.21238255737034947,0.22536154604899863,0.23849321261955822,0.2517290928641056,0.26493546569903836,0.27819539013174543,0.29147373783693065,0.30473330273103605,0.3179366660399985,0.33104667445373176,-2.0,0.3567575331921406,0.3692353363221497,0.38146457003089207,0.39341422242651175,0.40506148726104485,-2.0,-2.0,0.4377037634282348,-2.0,0.45731798473583973,0.46648168981165955,0.47495094965914875,0.4832055143032913,0.49080278221953066,0.4979359387527747,0.5047183492317965,0.5108530736246556,-2.0,0.5220673150965266,0.5267698994527286,0.531508378405965,-2.0,0.5390586275703427,0.5426581862035486,0.5457306053907303,0.5482397596756589,0.5504714611521383,0.5527563433853615,0.5546818928250965,0.5561905284155622,-2.0,-2.0,0.5587977259417772,-2.0,0.5599048843957507,0.5600446626215951,0.5599095801595392,0.5595147628261803,0.5588725916555767,0.5579926507093436,0.5568823617777074,0.5555472569666927,-2.0,-2.0,-2.0,0.5484933235334142,0.546299615280746,0.543868230713107,0.5411980163831424,0.5382867799571213,0.5351313662989056,-2.0,-2.0,0.5241550181229514,0.5199736916020324,0.5155194977817993,0.510784431745163,-2.0,0.5004347408104849,0.4948005314255831,-2.0,-2.0,-2.0,0.46892693287043985,0.46155889744016165,0.45380167123982584,-2.0,0.4370540366185196,0.42802850452607055,-2.0,0.4085788992756809,-2.0,-2.0,-2.0,-2.0,-2.0,0.3374607441028128,-2.0,-2.0,-2.0,0.2773372034757465,0.2604397263753674,0.2427258521352263,0.224157703340356,0.20469556750323514,-2.0,-2.0,-2.0,0.1170437146592892,-2.0,0.06667134860079371,0.03966614870274476,-2.0,-0.018271544366143977,-0.049328105321870264,-0.08186418747300306,-0.11594943695610338,-2.0,-0.1890629496517381,-2.0,-2.0,-2.0,-2.0,-2.0,-2.0,-2.0,-0.5599273005024039,-2.0,-2.0,-2.0,-2.0,-0.8721692559597267,-2.0,-2.0,-2.0,-2.0,-1.2658153575078197,-1.3560874040839475,-2.0,-1.5496713362068482,-2.0,-2.0,-1.8758316949139409,-1.9950155788335344,-2.1198473913616827,-2.2505945818355597,-2.3875372752341777,-2.530968873662732,-2.681196678364036
0.005639703620576279,-0.15604361385808105,-0.15455090986008532,-0.15298758422523584,-0.15136822402832772,-0.14969253670615634,-0.14793787000981387,-0.14610039437698497,-0.14417637843812442,-0.14216149289564087,-0.14005148966780662,-0.13784180744469274,-0.13552783605992522,-0.133104492615278,-0.13056662592907825,-0.12793485288978634,-0.12521861371397952,-0.12237426202325957,-0.11939570306361953,-0.11627655611199515,-0.11301006490544677,-0.10958944726477057,-0.106014993997344,-0.1023575614767173,-0.09852731562564576,-0.09451661017202719,-0.09031687563498715,-0.0859184306982417,-0.081384978494173,-0.07668656219590247,-0.07176644192140313,-0.06661395920239661,-0.061248651375904004,-0.055749383033443935,-0.049990644172725314,-0.04396009598688113,-0.03773775362404603,-0.03130663151283171,-0.024572002525242758,-0.01759303989001658,-0.010417454538844031,-0.002903286060578333,0.004832428958834881,0.01283152883811745,0.02118794786318495,0.029695419196266157,0.038604252736400134,0.04769625749480701,0.05716163556593046,0.06683709078079618,0.07688416252747933,0.0871171578657929,0.0977573442201674,0.10853076132512911,0.11966963588718335,0.1310649762055615,0.14266170699642283,0.15458038693753368,0.16670722984221215,0.17899555323405922,0.19153859084890396,0.20430795055997247,0.21716911142864237,0.2301455350860882,0.2432639699143822,0.2564911951477352,0.26979298378570366,-2.0,0.2963502652303016,-2.0,0.3226653323437234,0.3356769004523515,0.348541181373643,0.3612221172207555,0.3736875388774769,0.38586927911922886,0.3976462487163111,0.40908462867568063,0.4201811793508735,0.43093349147533583,0.4413233779641165,0.4510698647775148,0.4603830775935135,0.46940781195195397,0.47778171761480065,-2.0,0.49326026199014833,0.5000217742315681,0.5067297457010311,0.5125312902868159,0.5183281090311662,0.5233110630899193,0.5280251915135793,0.5325290600122462,0.536233351404087,-2.0,0.5432082467343605,-2.0,0.548321853514231,-2.0,0.5527027753699205,0.5544230082961003,0.5557429234091626,0.5567053219646179,-2.0,0.5579880161096191,0.5585483439762705,-2.0,0.5587872416362771,0.5584899718093177,0.5579351049227749,0.5571335329790504,0.5560938737697296,0.554822655541819,0.553324610080257,0.5516055296110851,0.5497568667527272,-2.0,0.5456740652026779,0.5432907132673109,0.5406645799605089,0.5377938889974527,0.5346758411725695,0.5313066826530797,-2.0,0.5237955411047762,0.5196416874471514,0.5152130351974317,0.5105016325928105,0.5054987423510972,0.5001948502225462,0.4945796588035887,-2.0,0.4823703573163088,0.4757514749843234,0.4687722419942789,0.461418195768595,0.4536741171089326,0.4455238931190492,0.4369504908996672,0.42793618335091554,0.4184612239757089,0.40850640058671595,0.3980504045624652,0.3870710826715882,0.3755451381181586,-2.0,-2.0,-2.0,0.3234663045706207,-2.0,-2.0,0.2773370933790414,-2.0,0.24273605633818846,-2.0,-2.0,-2.0,-2.0,0.1405504403910176,0.11707909661092719,-2.0,0.06671353743020136,-2.0,0.01142038558359404,-0.018220358279569138,-2.0,-0.08180770911847546,-2.0,-0.1515956111391623,-0.18899950626871131,-0.2281823118011561,-2.0,-0.3122243838847635,-2.0,-2.0,-2.0,-0.5056268537874553,-2.0,-0.6166454427236298,-2.0,-0.7384500002506349,-2.0,-0.872084901919299,-0.9436925778767373,-2.0,-1.0972557867803054,-2.0,-1.2657258719169686,-1.3559970895448221,-1.4505473823279478,-1.5495793120507357,-1.6533050613163511,-1.7619468599114936,-1.875737468908231,-1.9949206877622603,-2.0,-2.2504984427323373,-2.3874405604065525,-2.0,-2.6810988828711992
0.005478901179593939,-0.15689128475817074,-0.1554416293887712,-0.1539233927572912,-0.1523333193745021,-0.15070023898337337,-0.14899610086558038,-0.14721160903089023,-0.14534295952252094,-0.14338612925712266,-0.14133693167883926,-0.13919094632773976,-0.1369436644559948,-0.13459018511364226,-0.1321254913780861,-0.12954427198348545,-0.12689170157840743,-0.12412930400355918,-0.12123645829981144,-0.11820733526275619,-0.1150350776451735,-0.11171294245814795,-0.10823401462186681,-0.10463280290519883,-0.1009132296990167,-0.097018151032766,-0.09293921953747729,-0.08866769735505668,-0.08419439665891183,-0.07962803208017673,-0.07484991869483713,-0.06984614285414625,-0.06460612003820619,-0.05920403428464508,-0.0536113918108433,-0.04775480562578604,-0.041621731877532105,-0.035358601606244974,-0.028818390161443035,-0.021969484361820682,-0.014946738858931483,-0.007649797874240257,-7.932331870260864e-06,0.00777312161182867,0.015907841876260927,0.0243097997039836,0.03296134054691354,0.041967677907957315,0.051159999152218916,0.06075048159457936,0.07050743875193703,0.08065750479836963,0.09100206459826428,0.10168279396422443,0.11263816394023107,0.12381422546381955,0.13534301850335637,0.1470326613610721,0.15897863412502108,0.17121645433702237,0.18361982178389027,0.19617718375163193,-2.0,0.221916768126264,0.23500190816219765,0.24810622711283178,0.2613082730714862,-2.0,-2.0,0.30114412950631253,0.31437779119055914,0.32746186367725205,0.34037265175341186,0.35311810299839835,0.3656605992535882,0.3779671175092008,0.39000798598277486,0.40176063836417303,0.4131456561905587,-2.0,-2.0,0.44463603913977434,0.45441032244844864,0.46347761735261583,-2.0,-2.0,0.4880783995634717,0.4954516700702726,0.5021155857421603,0.5085096850902172,0.5142081004582525,-2.0,0.5245030034868473,0.5292344496040967,0.5333912120414258,0.5369012311680165,0.5404588317638452,0.5436195007618371,-2.0,0.548355091848292,0.5505698826330543,0.5525243123484753,0.5540438653155484,0.5551779495341582,-2.0,0.5565281661099855,0.557103160669539,-2.0,-2.0,0.5574030289494074,0.5569415757101913,-2.0,0.5552595204314463,0.5540563101065524,0.5526198598903228,-2.0,0.5490836508221346,-2.0,0.5450137285876184,-2.0,0.5401015047092125,-2.0,0.5341949131748033,0.5308619174295971,0.5272705114137923,0.5234153313106299,0.5192902570175754,0.5148883362045537,0.5102017981829942,0.5052220691098944,0.49993977721224236,0.49434475661283683,0.4884262182356035,0.4821718554766395,0.47556961009341264,-2.0,0.46126638403911935,0.4535359737093041,0.44539859967066947,0.43683728743600314,0.4278341026918273,0.4183701276906829,0.40842541556939627,0.39797895752663115,0.3870086392162002,0.3754911979120842,0.36340217120673374,0.3507158550740318,0.3374052438526687,0.3234419784242672,0.308796285391954,0.2934369136544316,0.2773310736818398,0.2604443638659214,0.2427406971391442,-2.0,0.20472928301388937,0.18434060879776515,-2.0,0.1405773040677889,0.11710975298260562,0.09251860684621627,0.06675122079409368,0.039752432649193814,0.011464484459770663,-2.0,-2.0,-2.0,-2.0,-2.0,-2.0,-0.22812046721343382,-2.0,-0.31215848521024936,-2.0,-2.0,-2.0,-0.5055539455292177,-0.5597748658448283,-2.0,-2.0,-2.0,-0.8036395752758916,-2.0,-2.0,-2.0,-2.0,-1.1794548224647,-1.2656394159833446,-2.0,-2.0,-2.0,-1.653215195948659,-1.7618562376488305,-2.0,-1.9948286558283899,-2.1196591759719468,-2.0,-2.387346651548003,-2.0,-2.6810038613426035
0.005322683629372804,-0.15771472011891974,-0.15630688150553992,-0.15483244128850937,-0.1532882404070815,-0.15167912712051793,-0.15002407292848094,-0.14829099644742733,-0.14647618474280863,-0.14457574936962986,-0.14258561815430076,-0.1405015278774563,-0.13831901246843653,-0.13603339587078603,-0.13363978195103798,-0.13113303999384374,-0.12851695347064643,-0.12583411073431375,-0.12302482442534991,-0.12008280096453954,-0.11700212074102517,-0.1137757589080074,-0.1103970655281093,-0.10685891607680434,-0.10323065744787767,-0.09944788923687749,-0.09548659088030373,-0.09133827327705532,-0.0869940489466977,-0.08248568359454626,-0.07784519369268207,-0.0729858124036431,-0.06789696962368234,-0.06256771760171781,-0.057128639411295846,-0.0514410403354821,-0.04548495818057622,-0.03929455388443369,-0.0329432230068976,-0.0262917169384662,-0.019347212380629017,-0.012260649502208378,-0.004839591503139359,0.0028592716682180656,0.010759055979909891,0.019031661427278065,0.02747968296187061,0.03627770816175026,0.04532968252383712,0.05467740060658339,0.0643126617216953,0.07423421848440774,0.08442771638006082,0.0949469058824068,0.10566859324137423,0.11677057505760181,0.12802290513754386,0.13958411536322277,0.15146733447703373,0.16344422318522372,0.17570333842108424,0.18822076452456463,0.20088567253502707,0.21366670927312956,0.22662776993207492,0.239736067450778,0.25296038758019174,0.26619658396708684,0.2794224622011925,0.292661667474112,0.3058755803499753,0.3190273991167955,-2.0,0.344994844588593,-2.0,-2.0,0.3823031097760627,0.39415941153501444,0.4057038755101352,0.4169211454060306,0.42780037194905657,0.43811588068460666,0.4479497483416436,0.45743971922094223,0.4665502184162989,0.47489338208025345,-2.0,-2.0,0.4974676208415999,-2.0,0.5101224497073663,0.5158762591768569,0.5210686398484055,0.5256798637683606,0.5302779314308973,0.5340998828407438,0.5375407453213128,0.5410032626739428,-2.0,0.546225786264696,0.5483412355059523,0.5504794742916114,0.5522193590513563,0.5535419792683823,0.5544925308785135,-2.0,0.5556138984190355,0.556104696079453,0.5563260715035571,-2.0,0.555886704799274,0.5552586601806065,-2.0,0.5532441457198901,0.5518732048597619,-2.0,-2.0,0.5464197323456244,-2.0,-2.0,0.5395057104405119,0.5367227747488406,0.5336854671229562,0.5303907051418328,-2.0,-2.0,0.5189169758503258,0.5145430446769149,0.5098825175318591,0.5049269961346167,0.49966726394310657,0.4940932933043093,0.48819424183293547,0.48195844829949813,0.4753734214752507,-2.0,0.4611014684556758,0.4533852697623729,0.4452612495308575,0.4367124944063351,0.4277211283376936,0.41826828985643344,0.40833406059671074,0.3978974940378024,0.3869365088340012,0.375427877824718,0.36334717507559683,0.3506687262024254,0.33736555423305437,-2.0,0.30877029050465826,-2.0,0.27731735786229667,-2.0,0.24273800465576517,0.22418474740576144,0.2047365013734609,-2.0,0.16298763242045194,-2.0,-2.0,-2.0,-2.0,-2.0,-2.0,-0.01813236081338987,-0.04918053878257744,-2.0,-0.11578627622174298,-2.0,-2.0,-2.0,-2.0,-2.0,-2.0,-2.0,-2.0,-0.5054861758445378,-0.5597056395730655,-0.6164986215515897,-2.0,-2.0,-2.0,-2.0,-0.9435327550852485,-2.0,-2.0,-2.0,-2.0,-1.3558270452223748,-1.450375565779109,-1.5494058105107569,-1.6531299501806025,-2.0,-2.0,-2.0,-2.0,-2.0,-2.0,-2.0,-2.0
0.0051709202428967555,-0.15851460864863892,-0.15714739090570884,-0.15571549691740277,-0.15421585793471052,-0.15264526058793926,-0.15102265151155994,-0.14933951439329607,-0.147577006829507,-0.14573135335547044,-0.1437986003910314,-0.1417746061036205,-0.13965503334478457,-0.13743534019014797,-0.13511077322309573,-0.132676350410263,-0.13012685574530317,-0.12749019075965798,-0.1247619369044927,-0.12190485768811192,-0.11891292164646526,-0.11577971740521642,-0.11249846845073888,-0.10906233851253035,-0.10548182394943056,-0.10180810253203762,-0.09796112605455522,-0.09393249016858014,-0.08971353840428567,-0.08529547016604902,-0.08075493172494883,-0.07603571174364877,-0.07109366837442904,-0.06591838651194372,-0.06054521509319242,-0.05502188028160528,-0.049237728480680705,-0.043180465884055344,-0.03695012872243096,-2.0,-0.023726626639889323,-0.016739675321673482,-0.009532959326098924,-0.0019860698396541817,0.005757471747904639,0.013791041882277045,0.022154740888423112,0.030698472246126273,0.03964542599192861,0.04874382507335665,0.058249780381334514,0.0679300341942294,0.07801898064462796,0.08825609390568544,0.09889843650199368,0.10971584900036034,0.12085449048846884,0.1322960884434583,0.14389027636137386,0.1558041140879682,0.16797823151174057,0.180258325142725,0.19278917352755848,0.20554365995427276,0.21845238425757768,0.23140876425827006,0.2445028913256251,0.25770156090759033,0.27096912574592635,0.28427124791589226,-2.0,0.3106753692407565,0.32374334599375076,0.33669441696280433,0.34949079363583785,0.36209643720230966,0.3744782242435066,0.3866072315262846,-2.0,0.40969663745439405,0.4206768649976909,0.4313023787465036,0.44158704782714986,0.4512985979883379,0.4604557316501873,0.46931463764011716,0.47766698005173996,0.4853335414930203,0.49284786329754293,-2.0,0.5060487892995568,-2.0,0.5173973318687943,0.5221950785275112,0.5268418718928619,0.5311543619425761,0.5346923820275954,0.5381509930296204,0.5414024594505922,0.544034106319337,0.5461721121760814,0.5482796271773775,0.550259143522809,0.5517894965313203,0.5529182909168917,-2.0,0.5541670381160482,0.5546220784421019,0.5549773807320183,-2.0,0.5547683311848772,-2.0,0.5534390527250402,0.5523857203065533,-2.0,0.5495413635365217,-2.0,0.5457500447794805,0.5436093364299929,-2.0,0.5388781967560273,0.536142545105619,-2.0,0.5298946058084046,0.5263750727118058,0.5225866420579862,0.5185233711487202,0.514178768942828,0.5095454734988425,0.504615395670262,0.49937911636407784,0.49382712724990996,0.4879490766739806,0.48173198093471264,-2.0,-2.0,0.4609255049215528,0.45322439054226693,0.44511395278087335,0.43657824785311006,0.4275991583822948,0.4181578695258969,0.40823453249399255,0.39780822755211054,0.3868569211872712,0.37535742459909105,0.3632853477190547,0.3506150478007116,0.33731957899243226,0.32337063641071834,0.3087384958314731,0.29339195526372874,0.2772982665773736,0.260423069060448,-2.0,0.22418219514098525,-2.0,-2.0,-2.0,0.14061360756340024,-2.0,-2.0,0.06681023409447628,-2.0,0.01153674627267498,-0.01809488775938284,-0.0491400875907525,-0.08166533832304013,-0.11574029778630412,-0.15143794737735894,-2.0,-0.22801080171457755,-0.2690500251537038,-0.312040328993595,-0.35707380361079566,-2.0,-0.45366073936017715,-2.0,-2.0,-0.6164303443325316,-2.0,-2.0,-2.0,-0.8718535934389422,-0.9434576812674564,-2.0,-2.0,-2.0,-2.0,-2.0,-1.4502942157600032,-1.5493235773531133,-2.0,-2.0,-2.0,-2.0,-2.0,-2.0,-2.3871698837523208,-2.0,-2.6808247687676454
0.005023484020512821,-0.15929162927034474,-0.1579638712074345,-0.15657330508973524,-0.15511695387715774,-0.15359169229393577,-0.15199425861510837,-0.15035804985235166,-0.1486463104469131,-0.1468539219819256,-0.14497690525022328,-0.14301128773840713,-0.14095285844254557,-0.1387972054908667,-0.13653971122356004,-0.134175537613739,-0.1316996214766242,-0.12910665575479696,-0.12644939057052176,-0.12367472088431967,-0.1207690978962832,-0.11772623284316865,-0.11453979539648025,-0.11120277079203723,-0.10770807008734287,-0.10410091845058404,-0.10036492646522856,-0.09645255201181786,-0.09235544760984851,-0.08806483552579461,-0.08358145067988458,-0.07899843774528993,-0.07419911077288416,-0.06917318827337664,-0.06390989238372184,-0.05850029703481804,-0.05288324637184328,-0.04700092660819648,-0.04084260170888292,-0.03456982900499257,-0.02800122342492488,-0.021122394517926697,-0.014092210573672872,-0.006763400103073575,0.0008988591618890019,0.008700166068408661,0.01686975581557764,0.025278640003042262,0.033966932089541935,0.042979251072970744,0.05221004606349602,0.06180549172480707,0.0716026606919501,0.08175638967570932,0.0921433829930442,0.10282575316032778,0.11382532896198434,0.1250009027262581,0.1365267815695466,0.14826223549348982,0.16020288451304657,0.17243155739568747,0.18488216759694617,0.19742675522091466,-2.0,0.22312992700631148,0.23622815697342667,0.24934032007027912,0.26251193832124503,0.2757408002048632,0.2889905616768476,0.30222429458937217,0.31540480856158887,0.3284927636947395,0.34137357295644266,0.35404839869929045,0.3665129210778476,0.37873280313240193,0.39067816094212343,0.4023255835815792,0.4136539494598108,0.42447626622576873,0.43483282825458053,-2.0,0.45448118607062926,0.46349896696385934,-2.0,-2.0,0.48771281672343647,-2.0,0.5015033438869262,-2.0,0.5133144500988142,0.5187150590653323,0.5232919036944682,0.5279111263879349,-2.0,-2.0,0.5386884286483778,0.5416575982231069,-2.0,0.5460677341603104,-2.0,-2.0,0.5512314428083108,0.5521688636142408,-2.0,0.5531446519258245,-2.0,0.5537151891570515,0.5535795882089455,-2.0,-2.0,-2.0,0.5502489868809334,0.5487729778791365,-2.0,-2.0,0.5429224153001431,-2.0,-2.0,0.535528933926641,0.5325813825219908,0.5293689541282977,0.5258887006527175,0.5221361918366004,0.5181061233765268,0.5137922670614655,-2.0,0.5042837814741664,0.4990722773037969,0.49354324593925314,0.4876862999438204,-2.0,0.4749411416243881,-2.0,0.46073565175673314,0.4530496177530068,-2.0,-2.0,0.4274654411994352,0.4180361518621583,0.40812411308531993,-2.0,0.38676718530107923,0.3752771584625295,0.3632140967824789,0.3505521644052766,-2.0,0.32332327393345034,-2.0,-2.0,-2.0,-2.0,-2.0,0.22417233913700796,-2.0,0.1843595596217832,0.16300423536567948,-2.0,0.11716742638082833,0.09258781037963915,0.06683138036000424,0.03984301631733933,-2.0,-0.018063528897835135,-2.0,-0.08162798240657576,-0.1157001621849334,-2.0,-0.18878945289025484,-2.0,-0.2690000594685926,-0.3119881938957746,-2.0,-0.40419075932211346,-0.453602705565205,-0.5053612979087507,-0.5595774177530304,-0.6163672151675907,-2.0,-2.0,-2.0,-0.8717847277449713,-2.0,-2.0,-2.0,-1.179222036848965,-2.0,-2.0,-2.0,-2.0,-2.0,-2.0,-2.0,-1.9945750774850053,-2.1194035093304864,-2.250147476123665,-2.0,-2.0,-2.6807407648436694
0.004880251583654429,-0.16004643607060284,-0.15875701015121851,-0.1574065909730599,-0.15599228849356767,-0.1545110694084572,-0.15295976157491734,-0.15134748042831656,-0.14968513943077974,-0.14794439772800025,-0.14612147943294007,-0.14421261488244244,-0.14221357129885495,-0.14012013583200092,-0.1379277970089952,-0.13563186594390134,-0.13322742376753136,-0.13070931846218584,-0.12808860279328863,-0.12539398629384277,-0.12257220876396008,-0.11961722354010801,-0.11652269989234812,-0.11328189057511395,-0.1098882085063119,-0.10633350653264673,-0.10270000832519509,-0.09890057055864679,-0.09492175281257252,-0.09075503154106801,-0.0863914787768085,-0.0818764664661134,-0.07721572124517191,-0.0723348894594307,-0.06722355532733898,-0.061879437948053846,-0.05642454916735571,-0.050712075832232764,-0.04473003135470545,-0.038532092326714854,-0.032153376978854245,-0.025473347744063242,-0.01852113503941088,-0.011404169678738302,-0.003951228759774135,0.0037548111916011605,0.011688266024162362,0.019996019511496137,0.028450618419036205,0.03728573915183143,0.04634335752865764,0.05573005520319358,0.06536975678002412,0.07533220306161133,0.08552856508182449,0.09609063506907357,0.10681327953171045,0.11791422410636744,0.12921121115930587,0.14076887239476338,0.15264904281053523,0.16466842424230257,0.17691791838885654,0.18942228903519168,0.20213392564294738,-2.0,0.22783696143268953,0.240919947928723,0.2541133561742259,0.2673801915856927,0.28058220571039383,0.29377819049171117,0.3069435718717285,0.3200400476041856,0.33302967761772423,0.3458753450977281,-2.0,0.37097181163254644,0.3830431774446569,0.3948006852761388,0.4062366789963788,0.4173357946942568,-2.0,0.43839658235804474,0.4480900136770613,0.4574215916624421,0.46643434761967445,0.47468381038015706,-2.0,-2.0,0.4968228905371535,0.5034484988798483,0.5091999136112447,0.5148718832598282,-2.0,0.5243709926898109,0.5288037617844544,-2.0,-2.0,0.5390756147876167,0.5417730250598616,-2.0,-2.0,0.5478825820343319,0.5494235747357691,0.550546147307108,0.5512940946260569,0.551710288092218,0.5520403455251948,-2.0,0.5523176333807315,0.5520012422534344,0.5513951930738886,0.5505132020251923,0.5493659444257857,-2.0,0.5463059513126131,0.5444032406264103,0.5422561946348845,-2.0,0.5375148542070056,0.5348826421361618,0.5319835713977775,0.5288158356927181,0.525376574100381,0.521661836099878,0.5176666433711382,0.5133850465332974,0.5088101600808135,0.5039346759018624,0.4987484697541854,0.49324344315021307,0.4874087005624148,0.48123296423111434,0.47470408812545956,0.46780904769638676,0.460534007703426,-2.0,0.44478322806113285,-2.0,-2.0,-2.0,0.4080049770381807,0.3976003677689228,0.3866695127250501,0.3751893139924709,0.36313543757643735,0.35048233126454953,-2.0,0.3232695201827864,0.30865190285074057,0.2933191038669615,0.27723842329566567,0.26037554341554314,-2.0,0.22415739754622277,-2.0,-2.0,0.16300447035698767,-2.0,0.11717652672069623,-2.0,0.0668484697347852,-2.0,-2.0,-0.018035889447019393,-2.0,-2.0,-2.0,-2.0,-2.0,-2.0,-0.268953219852628,-0.3119391195626996,-2.0,-2.0,-0.45354754611786485,-0.5053043013196095,-0.5595186707142336,-0.6163068004432047,-2.0,-0.7380967521931273,-2.0,-0.871718401159291,-2.0,-2.0,-2.0,-2.0,-2.0,-1.3555976635623717,-1.4501433248726352,-1.5491708441011522,-1.6528923809802754,-1.7615301694868146,-2.0,-1.9944965200023184,-2.0,-2.0,-2.0,-2.5304344473712335,-2.0
0.0047411030715949695,-0.1607796459292841,-0.1595274756562575,-0.15821605662868649,-0.1568426000455814,-0.15540416328185647,-0.15389766415847997,-0.15231987436271133,-0.1506942273335049,-0.14900370186475886,-0.14723342524056787,-0.14537960267130434,-0.14343826473069177,-0.1414052508498584,-0.1392762040683832,-0.1370465644116797,-0.13471155337520804,-0.13226616876966835,-0.12970517096447626,-0.12706410356230474,-0.12432378003325162,-0.12145410243265843,-0.11844892851502158,-0.11530181798054569,-0.11200603014031028,-0.1085545001963567,-0.10496834802063648,-0.10127861917488144,-0.09741470763358483,-0.09336833614882613,-0.08913083352995656,-0.08469312116016701,-0.08014611604677335,-0.07540633590268302,-0.07044274685479299,-0.06524471309663245,-0.0598645336534979,-0.05431733058599568,-0.048508093388998794,-0.042424491510481624,-0.03618687181786147,-0.02969996436042841,-0.022906735894042317,-0.015912328120322946,-0.008674929972833647,-0.0010957946057896396,0.006654595954603985,0.014722138653477225,0.02309197721222267,0.0316713799881277,0.0406443523761506,0.04975917671338171,0.05930435002798481,0.06898872657528356,0.07910269953521609,0.08935862988783168,0.10000173519206536,0.11086199769792073,0.12199887684765784,0.13348446672166447,0.14507512737587067,0.1569816056347995,-2.0,0.18147129332194642,0.1939883455031786,0.2067251791721538,0.21965263190982412,0.2326134224560758,0.24568032625602426,0.2588466553573357,0.27207746632524,-2.0,0.2985891356949534,0.31172969913859805,0.3247400608019058,0.33762647193719386,0.3503507092036127,0.3628762455196428,0.37516950943915983,0.38720133914551796,-2.0,0.4101946295320437,0.4210525669003078,0.4315449958681345,0.4416865909323792,0.4513754667704566,-2.0,0.46906739997987945,0.47736537898548004,0.4848656074531502,0.49223248672197367,0.49876187729317356,0.5051533287899154,0.5107113121943827,-2.0,0.5208591059143028,-2.0,0.529525930812395,0.5328996923779257,-2.0,0.5393121005756742,0.5417491152502427,-2.0,-2.0,0.5474810533661588,0.5488074511323394,0.5497304008656408,0.5502897576795287,0.5505765152823752,0.5508482466071881,0.5509751696341026,0.5507792683126572,0.5502799574416317,0.5494930178298636,0.5484308564075211,-2.0,0.5455161478661527,-2.0,-2.0,-2.0,-2.0,0.5342003193954555,0.5313526112211916,0.5282322318351859,-2.0,0.5211608369138933,0.5172022968583586,-2.0,0.5084110222616628,-2.0,0.49840538032378523,-2.0,0.4871140815456543,-2.0,0.47445161655701024,0.46757559294265105,0.46031827127884195,0.45266491967725875,0.44459987281401986,0.4361065039084575,-2.0,-2.0,0.407875203341283,0.3974820678179698,0.38656201564570514,0.37509199749613686,0.36304773635452675,-2.0,-2.0,0.32320754553751635,0.30859757870495413,0.293272015064619,-2.0,0.26034178192203905,-2.0,0.22413558721933458,-2.0,0.1843443578030498,0.16299834867859647,-2.0,0.11717956513058347,-2.0,-2.0,-2.0,-2.0,-2.0,-2.0,-2.0,-2.0,-0.15132139899679486,-0.188710411277615,-0.22787905541293385,-0.26891122820587765,-2.0,-2.0,-0.4040889456009321,-0.4534969743691365,-0.5052518356159982,-2.0,-2.0,-2.0,-2.0,-0.8032988334602817,-2.0,-2.0,-1.0182527175328013,-1.0968057010326249,-2.0,-1.265263078713351,-2.0,-2.0,-1.549099588459509,-1.6528202103600487,-1.7614571180651635,-1.875243064387326,-1.994421835660388,-2.0,-2.0,-2.0,-2.0,-2.0
0.004605922041145104,-0.16149193768390757,-0.16027591811360112,-0.15900238367812575,-0.15766860547970243,-0.15627172822492513,-0.15480875690788173,-0.1532765562036971,-0.1516744712686605,-0.15003272679479257,-0.14831354217320936,-0.14651323346076273,-0.14462794241948973,-0.14265363070734913,-0.1405860129788558,-0.13842082401099892,-0.1361532596074965,-0.13377851693244305,-0.13129150705133844,-0.12868696082935865,-0.12602528430119891,-0.12323847546261447,-0.12032009538440383,-0.11726383776379454,-0.11406331534595134,-0.11071150995965394,-0.10720129213087799,-0.10358869466153826,-0.09983640483248218,-0.0959069428839958,-0.09179188831138782,-0.08748238366843727,-0.08299275189843336,-0.07838993924068048,-0.07356972400778261,-0.06852191562409671,-0.06323577770357935,-0.05781945756484334,-0.05217807217678312,-0.04627047731115551,-0.040105034497016426,-0.03380578025109036,-0.027208938104285728,-0.02030072936492369,-0.013263556935430633,-0.005903790698328125,0.0017649009380019047,0.009598897646705696,0.017803079625247437,0.026217469593203185,0.034941737808406585,0.04395894905936049,0.05322756996395483,0.06282652828937636,0.07266337924841582,0.08281909566349595,0.09324766611592385,0.1039297627313014,0.11497299529493335,0.12614607010961176,0.13766698305032768,0.14944727162921081,0.16137985357441045,0.17359755351573344,-2.0,0.19862308710437035,0.21136343735818883,0.22428510319085054,0.2373557988708529,0.2505113347322052,0.2636492472623696,0.2768392458134643,0.29004449239236646,0.30322785823027315,-2.0,0.3293776826706278,0.34226247258342357,-2.0,0.3672681291612189,0.3793963522461987,0.39124094246727603,-2.0,0.413992825296809,0.42479904040082406,0.4350312781263522,-2.0,0.4543741391466233,-2.0,0.47168055372220613,-2.0,-2.0,0.49413286232463594,-2.0,0.506641517516334,0.5122139101771047,0.5174017908563214,0.5218537497074349,0.5263351608614729,-2.0,0.5333352340815538,0.5366351149719863,-2.0,0.5415885119880248,0.5434699715913744,-2.0,0.5469429728615567,0.548058418234277,0.5487836244293085,-2.0,0.549356080199193,0.5495472822435069,0.549481757426822,0.5490976031440808,0.5484127640977442,-2.0,0.5461953773533442,0.5446822082986527,-2.0,0.5408777394224551,0.5385930096983825,-2.0,0.5334832038802525,0.5306882910952172,0.5276172359971733,-2.0,0.5206335504953331,0.5167139031055855,0.5125014107157843,0.5079908262279625,0.5031743933921414,0.49804385189626454,0.4925901845177133,0.48680325083405396,0.48067234123176444,0.47418479125861795,-2.0,-2.0,0.4524538568261762,0.44440508314917165,0.43592697829667815,0.4270019999519137,0.41761158892826483,0.4077361251349987,0.39735502943657675,0.3864460658334352,0.37498661723022686,0.3629523229104146,0.35031768917625394,0.3370559429188531,0.32313879764518066,0.308536754832665,0.29321868440579746,-2.0,0.2603022439375634,0.24263368065663055,0.22410841433293294,0.20468696980139978,-2.0,-2.0,-2.0,-2.0,-2.0,-2.0,-2.0,-2.0,-2.0,-0.049027719194619235,-0.0815407035804665,-0.11560399985712899,-0.15129055787908852,-2.0,-0.22784282398479094,-0.2688724965976532,-0.3118537105012308,-0.35687853501410316,-2.0,-2.0,-2.0,-2.0,-2.0,-0.6756778774611645,-0.7379811164231431,-0.8032408437847884,-2.0,-0.943195629766655,-1.0181905551046664,-2.0,-1.1790191032633874,-2.0,-1.3554615170999156,-1.45000512522739,-2.0,-1.6527503619533217,-1.7613863668317877,-1.8751714521730969,-1.9943494018458319,-2.0,-2.249917342063271,-2.0,-2.0,-2.680504687801258
0.00447459536921003,-0.16218385128679239,-0.161002968771106,-0.15976623643142496,-0.15847100428419994,-0.1571144970649767,-0.15569380913443798,-0.1542058948972419,-0.15264755524610654,-0.15103234196419302,-0.1493627893272815,-0.14761446307139556,-0.1457836127696311,-0.14386633144359945,-0.14185849419353255,-0.13975580597148995,-0.1375537607896195,-0.13524764037534295,-0.13283250371213431,-0.13030317678158454,-0.12767810972952218,-0.12497185327529743,-0.12213778629430445,-0.11916988966227013,-0.1160617645206088,-0.11280687138134808,-0.10939811575209853,-0.10583275513265236,-0.1021888973670364,-0.09837300220186779,-0.0943768955096588,-0.0901920142021848,-0.08580939304641542,-0.08128828358134939,-0.07660750449438912,-0.07170561539371201,-0.0665723066427855,-0.061221439218287696,-0.055743383406173644,-0.050006566648426634,-0.0439987783181766,-0.037794283475511205,-0.03138840887512436,-0.024680014410536185,-0.017721222166787568,-0.01057442113741912,-0.0030901264392540835,0.0046221416701167205,0.012588365372306095,0.020919587517891036,0.02939088142092288,0.038262399927633285,0.04732436862257899,0.05674926690748251,0.06639193531798021,0.07639444540056163,0.0865921023821908,0.09719377661294855,0.10791810666261567,0.11901602872939053,0.1303561583890512,0.14190817981702988,0.15378020782762328,0.16584409945539494,0.17808147096727558,0.19057075466834908,0.2032843797498897,0.2160706096509573,0.22898552299053665,0.24203972533947254,-2.0,0.2684315060840393,0.2816695352977422,0.29481891265565185,0.30793152072186697,0.3209685946033597,0.33389172543065876,0.34666340552191377,0.3592477444211586,0.3716121793183221,-2.0,0.3953298940249627,0.40665169193032336,0.4176263404052752,0.4282509429871983,0.4384963600053242,0.4480874941372954,0.45725365935131324,-2.0,0.4743102012031095,0.4819936514239113,0.4894247692798722,0.49598961766253885,0.5024872221813602,0.508069715305111,0.5136300811129642,-2.0,0.5228245783083382,0.5270665616424864,-2.0,0.5337317725223394,0.5368527250164465,0.539345913091087,0.5413022653097534,0.5431578811818994,0.544938418262359,0.5462659134571831,0.5471730126947538,0.5477017914765747,0.5479055127606327,-2.0,0.5481012268742849,0.5478413643556207,0.5472665973070094,0.5463933605683865,-2.0,0.5437999442712015,0.5420965901479133,0.5401300147793862,0.5379034807996443,-2.0,0.5327687748035591,0.5299870234756441,0.5269685291171075,0.5236662842234331,0.5200770809975102,0.5161979365825663,0.5120229238770788,0.5075469259070183,0.5027623352239843,0.49766148002207866,0.492235304373573,-2.0,0.4803665475766576,-2.0,0.4670662167795563,0.45984653728856273,0.4522286482052754,0.4441968208376919,0.43573459969540285,0.4268245260803568,0.4174481107847748,0.40758580027265967,0.3972169447025148,0.3863197573723779,0.3748712781290646,0.3628473216774944,0.35022243857885216,-2.0,0.32306143624351374,0.30846760177829885,-2.0,0.27709787832205285,0.26025512778111404,0.24259310071815637,-2.0,-2.0,-2.0,-2.0,-2.0,-2.0,0.09260791907114518,-2.0,-2.0,-2.0,-0.017982770694717876,-2.0,-0.08152124544211126,-2.0,-2.0,-2.0,-0.22781165327724162,-2.0,-2.0,-0.3568399971585038,-2.0,-2.0,-0.5051574118946578,-0.5593662014492141,-2.0,-0.6756275056438624,-0.7379290885674832,-2.0,-2.0,-2.0,-2.0,-1.096683071938863,-2.0,-2.0,-2.0,-2.0,-2.0,-2.0,-2.0,-2.0,-2.0,-2.0,-2.249847277195819,-2.0,-2.530210072851455,-2.0
0.004347013158125022,-0.16285598936851545,-0.16170924011930163,-0.16050825699125562,-0.1592504683501319,-0.15793317910198817,-0.156553564616946,-0.15510867205264872,-0.15359540356799506,-0.1520105171930176,-0.15038204150347112,-0.1486842204978827,-0.14690626431352385,-0.14504437182609592,-0.143094459935073,-0.14105255567512934,-0.1389141901969888,-0.13667477512380138,-0.13432945797373488,-0.1318732573190579,-0.1293009108384501,-0.12665569057025897,-0.12390352764674813,-0.12102141511580644,-0.1180031780564292,-0.1148423248438722,-0.11153215398143991,-0.10806534762036611,-0.10447415637071106,-0.10076852875995027,-0.09688802563300397,-0.09282416668285283,-0.08856819239906875,-0.08411120807952972,-0.07955839376624127,-0.07479835511854264,-0.06981338071070722,-0.06459310030453319,-0.05920670787942851,-0.05363588949793306,-0.047801961475066865,-0.04169242300014928,-0.03544834931740489,-0.028934154263686448,-0.02211226373804912,-0.01511158421099497,-0.007843954016859812,-0.00023323319867745102,0.0075229532778568215,0.015623744800491456,0.0239986376177208,0.032613000896975754,0.041589844300096816,0.050741416195388286,0.06029968546816054,0.0700119649955455,0.08012682253951363,0.09042293831141067,0.10106464602098653,0.11196706435989241,0.1231003219979964,0.13458448453603367,0.14621371663826555,0.15811095682894033,0.1702972510752489,0.18263217762359202,0.19513303642061058,0.2078494551787207,0.22075195415031632,0.23375569397420273,0.2467922694822662,0.2599235147440537,0.2731135682995658,0.2863268158914547,0.2995263189863578,0.31267322173722545,0.3256500021385737,0.3384673241108528,0.3511147186451614,0.36355560742271037,0.3757547709190467,0.3876837187957232,-2.0,0.41056419485026535,0.4213001369380421,0.43165302699392794,0.4416434528366467,0.45125910110775336,0.4601561338735255,0.4686568732594174,0.47685789327997635,-2.0,0.4914022312253818,0.4978442730600775,0.5040298153473255,0.5094858821140342,0.5148339564321285,0.5192871145436855,0.5237426732374842,0.5276260216095551,0.5308374738303208,0.5340760916146803,0.5369160907726316,0.539146403446481,-2.0,-2.0,0.5443427161765471,-2.0,0.5461511821214645,0.5464837490635622,-2.0,-2.0,0.5465072953025366,-2.0,-2.0,0.5442181393705764,0.5428674019828753,-2.0,0.5393411590236992,0.5371761469496295,0.5347470220737252,0.5320750217193904,0.5292608056922119,-2.0,0.5230340674747558,0.5194916107480262,0.5156549564843929,0.5115196780460264,0.5070799952819396,0.5023288160213354,0.4972591178798407,-2.0,0.4861270123251227,-2.0,-2.0,0.4667887182845962,-2.0,0.45199044700471314,0.44397627542967905,0.4355308902147891,0.42663603039954223,0.41727418931271415,0.4074255336891268,0.39706953256063315,0.38618443944000935,0.374747414181157,0.3627341182830445,0.3501193491076112,0.3368763092566126,0.3229773220013254,-2.0,-2.0,-2.0,-2.0,0.24254692864652666,-2.0,0.20462465700681765,-2.0,-2.0,-2.0,0.11715779038557861,0.09260006882673932,0.06686442072475163,0.03989577100064812,0.011636397822248568,-0.017974194827268142,-2.0,-0.081505641452428,-0.11556253066289424,-0.1512429967714295,-2.0,-0.22778396240157417,-2.0,-0.3117846242942037,-0.35680470437643286,-2.0,-0.4533667517495671,-2.0,-0.5593223813298104,-0.6161033149038643,-0.6755800099713563,-0.7378798842310149,-0.8031364080291045,-0.8714893818540085,-2.0,-2.0,-2.0,-1.1789007778248055,-1.2650765818453715,-2.0,-2.0,-2.0,-2.0,-2.0,-1.8750385129977603,-2.0,-2.0,-2.0,-2.3867155428913094,-2.0,-2.6803624413715434
0.004223068643690165,-0.16350892011526144,-0.16239532773802437,-0.1612290733974475,-0.1600076577215513,-0.15872846387465603,-0.15738875031837152,-0.15598564952957708,-0.15451614301026553,-0.1529771097814664,-0.15137218061464242,-0.1497234065412339,-0.14799682894047195,-0.14618874846586652,-0.1442952919483202,-0.1423123231640265,-0.14023573861395316,-0.13806103115741425,-0.13578363281946632,-0.13339846876265182,-0.13090052398848046,-0.1282914097583944,-0.12561881077908382,-0.12282003026721543,-0.11988907250955455,-0.11681965797460367,-0.1136052082868079,-0.11023875251294248,-0.10671333583891668,-0.10309571106855739,-0.09932731922555167,-0.09538110448958373,-0.0912483717669008,-0.08692028888806476,-0.0824249626121394,-0.07780265951479474,-0.07296204781714577,-0.06789275725528152,-0.06258392641960896,-0.057161511443896376,-0.05149647359864383,-0.04556383308669141,-0.03939229323868342,-0.03306674829034908,-0.02644244495797732,-0.0195191209109042,-0.012462130771297632,-0.005071858395807942,0.002602253159307151,0.010468228544505891,0.018705712221461827,0.02712498730251301,0.03588453080781553,0.044905220276547184,0.05421080763437131,0.06381190670093322,0.07368737007950675,0.08384325418626258,0.09431227310757034,0.104992601335153,0.116051708469859,0.12724655620071557,0.1387609075977142,0.1505843853035253,0.16250632121173758,0.17471091091209,0.18717204321860487,0.19976274450428763,0.21248137029602307,0.2253772106548547,-2.0,0.2515704872101579,0.26471499310420255,0.277862472204339,0.29101937374937786,0.30414791077372405,-2.0,0.33016810895300674,-2.0,-2.0,-2.0,0.3799491901169308,0.3916872616792386,0.40310790865173035,0.41419601422122837,0.4249333914556339,-2.0,-2.0,0.4541076576345825,-2.0,-2.0,0.4790951374983351,0.48644999121240534,0.4931833899158312,0.49967392043663034,-2.0,-2.0,-2.0,0.5201685876859192,-2.0,-2.0,0.531139555894773,0.5342747467925294,-2.0,0.5388035256482503,0.5405339126866663,0.5422744298525108,0.5436025163932418,0.5444923313157916,-2.0,-2.0,0.5451250781819865,0.5450883951071025,0.5447606690457574,0.5441060896321291,0.5431417208544996,0.5418808891929668,-2.0,-2.0,0.5364084487983277,0.5340387990444478,-2.0,0.5285513397940302,-2.0,-2.0,0.5188748584927761,0.5150832682847291,0.510989310534801,0.5065878185620974,0.5018720225239127,0.49683476335340626,0.49146757298840704,0.4857610346762866,0.4797046009060631,0.4732867720706036,0.4664954795011321,0.4593172980213882,0.451737951541185,0.44374218130673254,0.4353137270942101,-2.0,0.41708859240807655,0.4072541730821073,0.3969115314807604,0.3860390015699683,0.37461373129660824,0.3626116376032393,0.35000736157594137,0.3367742162430689,0.3228841371715477,0.30830762185048793,0.2930136719748373,0.27696972832811534,0.2601416046738646,0.2424934161840428,0.22398750570100034,0.20458435744486703,0.18424252844010502,0.16291855021028284,0.1405674903256865,0.1171395787068632,-2.0,-2.0,-2.0,-2.0,-0.017970602973305105,-2.0,-0.08149480423716238,-0.11554833274167997,-0.15122560664239093,-2.0,-0.22776064914027971,-0.26878233702218146,-0.3117559539846976,-0.3567735499793998,-2.0,-0.4533309739636371,-0.5050776584362558,-2.0,-2.0,-2.0,-0.7378343849921961,-2.0,-0.8714406101978674,-2.0,-2.0,-2.0,-2.0,-2.0,-2.0,-2.0,-2.0,-1.6525609588708887,-2.0,-2.0,-1.9941516812381446,-2.0,-2.249714836606906,-2.0,-2.0,-2.0
0.00410265810582719,-0.16414319123064758,-0.16306180969612835,-0.16192929030796,-0.16074320927552183,-0.15950102294495103,-0.15820007103352393,-0.1568375660925492,-0.1554105883424144,-0.15391607987006908,-0.15235084037843838,-0.1507328966598413,-0.1490562282983688,-0.14730042186974163,-0.14546171593769952,-0.14353616901368937,-0.14151956170542415,-0.1394078599066341,-0.1371961807970722,-0.13488009455740413,-0.13245442517762415,-0.12991400850891205,-0.1272850780250068,-0.12456724856738653,-0.12172107674763843,-0.11874046228268162,-0.1156190236028081,-0.11235006871510711,-0.10892659529067797,-0.10535634015250422,-0.10169706785873854,-0.09786497759628915,-0.09385185880734602,-0.08964903766068702,-0.08524773786256098,-0.08072111606413135,-0.07602052535688829,-0.07109795849986493,-0.06594302708930089,-0.060586394812717284,-0.055085346467560845,-0.049324622705954675,-0.043291609939032104,-0.03708106122585885,-0.03064890200249665,-0.023912680079968093,-0.016948135784788106,-0.009772235999596245,-0.0022572213353571056,0.005460264659756474,0.01345858290749382,0.021793768077655658,0.030299143086385528,0.039206233301763996,0.04827116210130301,0.0577333428730991,0.0673774659586404,0.07741899337090001,0.08761625794159872,0.09821750790192886,0.10898024558792417,0.1200734851866362,0.131455658317444,0.14300000987381506,0.15486122796439467,0.16696802993947962,0.17919070159896344,0.19166179255744867,0.20435384079797622,0.21718246079945788,0.23006961297663453,0.243091792384226,0.25621494360757335,-2.0,0.28262422786441804,0.29577841783055514,0.3088338515365449,0.3218069626751132,0.3346589944238936,0.34735175633282084,0.35984899346584903,0.3721173534520647,0.3841254994988317,0.3957386818038607,0.4069401167770849,0.4177837350185961,0.428266223174708,-2.0,0.4479316776043287,0.456924420772862,0.465611391565192,0.4737586174922629,0.48123523168498966,-2.0,0.49495154043251205,-2.0,0.5067154861212037,0.512134338029831,0.5166695219618128,0.5210221175174946,0.5250469003959837,-2.0,-2.0,0.5343116528511395,-2.0,0.538348256584423,-2.0,0.541619120836912,0.5427171238732682,0.5433917443043278,0.5436836412706935,-2.0,-2.0,0.5433897366055185,-2.0,0.542001794627486,0.5408374286336682,0.5393765729066373,0.5376281804648754,0.535598603797655,0.5332921672752041,-2.0,-2.0,0.5248411279515868,-2.0,0.5182259525132314,0.5144819955536762,-2.0,0.5060702204445314,0.5013915608017522,0.49638856080084637,0.49105303132397693,0.48537576070356203,0.47934653695934554,0.47295416277935104,0.46618645928722413,0.45903027074647706,0.45147145509577113,0.4434948718390547,0.4350843743523747,0.42622276206294185,0.4168918102033134,0.40707217841473453,0.39674342595292567,-2.0,-2.0,-2.0,0.3498870404606409,-2.0,0.3227837626425469,0.3082163838381556,-2.0,-2.0,-2.0,0.24243395099033355,0.2239349335236004,0.20453831319991822,0.1842026649275874,0.16288453866590774,0.1405383690930101,0.11711637710595524,0.09256846938452734,0.0668421318880662,0.03988232307112982,0.011631330304626375,-0.01797129757431204,-0.04898893705100427,-2.0,-0.11553805555282726,-0.1512120326924229,-0.18858632104482465,-0.22774096343905847,-2.0,-2.0,-0.356745772881338,-0.40390133841963916,-2.0,-0.5050429131265203,-2.0,-2.0,-0.6754955157519362,-0.7377918156547586,-0.80304493320793,-2.0,-0.9429874381012077,-2.0,-1.0965228800422446,-1.1787945477550124,-2.0,-2.0,-1.4497664167073945,-2.0,-2.0,-2.0,-1.8749167714119992,-1.9940911811647388,-2.0,-2.0,-2.0,-2.0,-2.680231082379686
0.003985680781783775,-0.16475933882206006,-0.16370924716082624,-0.16260949989643467,-0.16145774169658564,-0.16025150612171826,-0.15898820709333172,-0.1576651377586597,-0.15627946620676206,-0.15482821972665514,-0.15330829037420657,-0.15171642155409718,-0.15008535761617475,-0.1483803314958463,-0.14659481002706692,-0.14472497022958236,-0.14276680209046835,-0.14071611265928535,-0.13856850663582623,-0.13631938428839874,-0.13396392474324448,-0.1314970788777132,-0.1289135730945975,-0.12626447376003974,-0.12350068729873771,-0.12060637914623241,-0.11757529857282299,-0.11440097483933125,-0.11107655489277628,-0.10759492460507582,-0.10399903179479836,-0.10027788254888553,-0.09638096107886084,-0.09229991733295799,-0.08802600753127718,-0.08355619395874,-0.07899180143923164,-0.07421192212376992,-0.06920615744729978,-0.06396383089908914,-0.05857184512416273,-0.05297785512878939,-0.04711976777943316,-0.040984857407574564,-0.03473519180410389,-0.02819426421409503,-0.021344297029237687,-0.014338343688354143,-0.007041297913709553,0.000594847848320877,0.008361330540583571,0.016494658108335926,0.024873287507552844,0.03352184645358254,0.04250115819440029,0.05168847442407039,0.06124777395867338,0.07099750288431901,0.08111147392986237,0.09144660349530241,0.10208527546750569,0.1130283438589844,0.12415591261434891,0.13563186880365205,0.14730314761647148,0.15918836296583663,0.17135973132063867,0.18373678627038342,0.19621811356356655,0.20891114474476885,-2.0,0.2348123654514936,0.2478335372128423,0.26092577514360293,0.27407169036615386,0.28723473620348217,0.3003777112143872,0.31346328963558456,0.3264463381919006,0.3392094517308873,0.35177494085498656,0.3641250997707644,0.3762252608063804,-2.0,0.39956197814843436,0.4107473091980418,0.42140886731901733,0.4316147748227883,0.44144667435783636,0.4509370689530854,0.45976043773768854,-2.0,0.4761308410622204,0.4833778032345438,-2.0,-2.0,0.5026612132401154,0.508026895962847,0.5131670708322431,0.5174587964146274,-2.0,0.525432160871918,0.5284808668465466,0.5315738322824601,0.5341887065381626,-2.0,-2.0,-2.0,-2.0,-2.0,-2.0,0.542232638164712,0.5420908623729382,0.5419312086618951,0.5415316972880884,0.5407927436296736,0.5397322023914104,0.5383638984786262,0.5366982728762532,0.5347432278126595,-2.0,-2.0,0.5271848559493828,0.5241365983634585,-2.0,0.5175424361094053,0.513848699336598,0.5098444795510284,0.5055256323045405,0.5008857441385522,0.4959185988444834,0.4906164450533014,0.4849697963007301,0.47896911020601424,-2.0,-2.0,0.45872699227010094,-2.0,-2.0,0.43484124750744724,0.42599715413393324,-2.0,0.40687880035818635,0.39656405931724403,0.38571815392688513,0.3743179210562054,0.3623393912673369,0.3497573072900795,0.33654507717831117,0.32267472030565764,0.30811681478983727,-2.0,0.2768130888138363,-2.0,0.24236729560008802,-2.0,0.2044855490291152,0.1841562947755997,0.16284422440503116,0.14050379265148139,0.11708723844450819,-2.0,0.0668230386306995,0.03986786379143936,-2.0,-2.0,-0.04899083985732278,-0.08148612781454267,-2.0,-0.15120318278887712,-2.0,-0.2277258048832963,-2.0,-2.0,-0.3567222668085541,-2.0,-2.0,-0.5050122193995451,-2.0,-0.6159876483167135,-0.6754586241978129,-0.7377530093189839,-0.8030043874336302,-0.8713524215543482,-2.0,-2.0,-2.0,-2.0,-2.0,-2.0,-2.0,-2.0,-2.0,-1.7610800208699438,-1.8748603765448335,-1.994033852348137,-2.0,-2.2495934243354423,-2.0,-2.0,-2.6801696151008016
0.003872038781812553,-0.1653578832420218,-0.1643381856382252,-0.16327027371727817,-0.16215185837966858,-0.1609805458883927,-0.15975382389776113,-0.1584690656485069,-0.15712351710594724,-0.15571429538235618,-0.15423838228367537,-0.15269261501848908,-0.15108508164683146,-0.14942938425902344,-0.1476955305137931,-0.1458798030512845,-0.14397831279993045,-0.14198698507376614,-0.139901514053461,-0.1377175492790768,-0.135430294494673,-0.13303488697456295,-0.13052619582707206,-0.12791330380365898,-0.1252295455077387,-0.12241899753049576,-0.11947564656558403,-0.11639324546375936,-0.11316498610821897,-0.10978452998037247,-0.10624401438097728,-0.10262184785131256,-0.0988378035270055,-0.09487491623081987,-0.09072489869904174,-0.08637865667595968,-0.08187817667600589,-0.07723661797379172,-0.07237605863259348,-0.06728559728614236,-0.061958570193280535,-0.05652694556145,-0.050838642037957064,-0.04488146000707107,-0.038704741808787496,-0.03235352621375513,-0.025702256774514133,-0.01877400611438475,-0.011688704751537353,-0.004268685151732972,0.0034096931101342464,0.011306888820866482,0.01957715470501663,0.02799969913797552,0.03679361771253357,0.04581627686169863,0.05515788778619084,0.064759295339242,0.0746726771443666,0.08482691514982545,0.09533511817277644,0.10601162703021096,0.117064661206506,0.12829985650635184,0.13980502081012924,0.15163022670752013,0.16357980522707682,0.1757679760141925,0.18820953219217393,0.20084125903846126,0.21353562469602472,0.22640200458649198,0.23940861262263255,-2.0,0.26569901527459755,0.27880493711823173,0.2919099413273942,0.3049789617372426,0.3179752877569316,0.3308601130242987,-2.0,0.3561478599762197,0.36844578053804655,0.38038301744138797,0.39200841277555004,0.4033061809358258,0.414260689036633,0.4248691350204381,0.43499225325959745,0.44451592888434044,0.4536734720155848,0.46249540966683245,0.4705379383507034,0.4782205583925131,0.4855096489334279,-2.0,-2.0,-2.0,0.5092955457698091,0.5139962486986609,-2.0,0.522342119494447,-2.0,0.5286383396711463,0.5315832512128745,0.5339082086370783,-2.0,0.537231721958339,0.5387670263319172,0.5398544880695588,-2.0,0.5407491605621209,-2.0,0.5404142842365637,0.5401228129413894,0.5395103103128421,-2.0,0.5372925271984331,0.5357156889500795,-2.0,0.5316727549776223,-2.0,0.5264771483119731,0.5234521585913365,0.520214922434021,0.5168232065928794,0.513182617959938,0.5092270397034182,0.5049525158963551,0.5003538446690391,0.4954245938359533,0.4901571919525489,-2.0,0.47857235758720434,0.4722340968132744,0.4655168477227959,0.4584076485073063,0.4508926455211659,-2.0,-2.0,-2.0,0.41646139097814233,-2.0,0.3963738853986606,0.38554208902424714,-2.0,0.3621890552702289,0.3496187066919676,0.3364175295737367,0.32255759022923464,0.3080095092529603,0.29274239975972915,0.27672380571501903,-2.0,-2.0,-2.0,0.20442672954712315,0.1841040916254063,-2.0,-2.0,-2.0,0.09251543649587735,-2.0,-2.0,-2.0,-2.0,-0.0489970744082997,-0.08148847020388339,-0.11553125327601577,-2.0,-0.18856603045664777,-0.22771442490594085,-0.2687273297090158,-0.3116926130138187,-0.3567022512395148,-2.0,-0.45324495528370456,-0.5049848088844937,-2.0,-2.0,-0.6754248241563183,-2.0,-2.0,-0.8713130992226295,-0.9429025965927529,-1.017888666005828,-2.0,-2.0,-2.0,-2.0,-1.4496648876017046,-1.5486838238666674,-2.0,-2.0,-2.0,-2.0,-2.118799917653017,-2.0,-2.0,-2.0,-2.0
0.0037616370072543893,-0.16593932355427804,-0.16494915463666912,-0.16391216599805852,-0.16282614446670507,-0.1616887556458752,-0.16049756631967213,-0.15925002301283206,-0.15794345262699153,-0.15657505613936443,-0.1551419004835927,-0.15364091806601443,-0.1520688896858261,-0.15044846608534454,-0.14876480252104227,-0.14700164270113525,-0.14515520992336622,-0.14322147026049634,-0.1411965129856702,-0.13907576822347928,-0.1368547031260863,-0.1345287556708846,-0.1320926931965594,-0.12954151894717048,-0.1269089652997298,-0.12417982306819496,-0.12132172828255501,-0.11832867108155902,-0.11519408659473465,-0.11191141238805591,-0.10847349870457104,-0.10489885159688438,-0.10122445941892805,-0.09737648652749348,-0.09334668787491827,-0.08912643124371203,-0.08470667236895185,-0.08017516704309652,-0.07545540735026432,-0.07051262803707993,-0.06533624846132109,-0.05997454357497884,-0.05445101308524363,-0.04866695855304031,-0.04260927706578127,-0.036393986486926225,-0.029935675345435404,-0.02317233724883243,-0.01620337284799936,-0.008998630778278439,-0.0014538002146782048,0.006267270558824515,0.014297286101040882,0.022635327496481627,0.031173642659430352,0.04011167539865167,0.04918170675037227,0.0586802074996045,0.0683240016588463,0.07839645248918146,0.0885983795880619,0.09919563001186192,0.1099975149070718,0.12108368216630826,-2.0,0.14404004976243703,0.15588851272447643,0.16802639941248942,0.1802413341266062,0.19269201372492384,0.20535883204881913,0.21821255304449616,0.23108349050032956,0.24407019460788265,0.25715288944427295,0.27029580437446366,-2.0,-2.0,0.30964302422494555,0.3225474041090206,0.33532331431837004,0.34793191811334223,0.36033643499474627,0.3725030688874106,0.38440237425868884,0.3959851460787042,0.40709087168535674,0.4177963277638,0.42812918943210937,0.4381038376418265,0.44760013841543145,0.4564196820688011,0.46491157913306447,0.4729910111060181,0.48027350152573617,-2.0,0.49369189660470214,-2.0,0.5051178150605667,0.5103639322053874,-2.0,0.5189365449077965,0.5227207010211288,0.525751990458645,0.528743942294495,0.531424958635323,0.533470422401164,0.5350271800810729,-2.0,-2.0,0.5387417797744761,-2.0,-2.0,0.5389344094571392,0.5386243603737065,0.5381479407260522,0.5373198200323082,0.5361578677343928,0.5346760631759342,-2.0,0.5307947792564353,0.5284086267981,0.5257306420961204,0.5227622968375053,0.5195148648461148,0.5160874882975516,0.5124811821156009,0.5085769818235323,0.5043495235835685,-2.0,-2.0,0.4896738787480742,0.4840935445096958,0.4781542167096711,0.47184510611903147,0.46515522017796973,0.4580707807953588,0.4505791625668607,-2.0,-2.0,0.4255065573934158,-2.0,0.40645536206762745,0.396171717546678,0.38535471932331733,0.3739814048731981,0.3620283000514018,0.3494701399436947,-2.0,0.3224313070528046,0.30789341904844086,0.29263591740009176,0.2766263950338666,0.2598307931371032,0.24221334773586484,-2.0,0.20436086949515397,-2.0,0.16274575612449355,-2.0,-2.0,-2.0,-2.0,-2.0,-2.0,-0.018003225818204238,-0.04900856429610323,-2.0,-2.0,-2.0,-2.0,-2.0,-0.26871752815245364,-0.3116798421979322,-0.356686686235577,-2.0,-0.4532241604530478,-0.5049613378836417,-0.5591575360651095,-2.0,-0.6753949981304621,-2.0,-0.802933112056633,-2.0,-0.9428653648764846,-2.0,-1.0963915365790975,-1.1786588475619943,-2.0,-1.3550835542745048,-2.0,-1.5486366313456794,-2.0,-2.0,-2.0,-1.9939274503923852,-2.0,-2.0,-2.0,-2.529836553044313,-2.0
0.0036543830709572546,-0.166504156614098,-0.1655426686218959,-0.1645357247217811,-0.16348116432763082,-0.16237673124453436,-0.16122005953196497,-0.1600086680195387,-0.15873996245828714,-0.15741122394593637,-0.15601960612127394,-0.15456212629669938,-0.15303566350029843,-0.15143843340471017,-0.1498035246941209,-0.14809143056212382,-0.14629848257250574,-0.1444207506614743,-0.14245447629801827,-0.14039518309647886,-0.13823854598477628,-0.1359799441414213,-0.1336145381482311,-0.13113726129567402,-0.12854280443472363,-0.12589034040345154,-0.12311504491683219,-0.12020876420659474,-0.11716507914569885,-0.11397753023273281,-0.1106392883659727,-0.10714320182635806,-0.10354292926123061,-0.09980652196359747,-0.09589357459244638,-0.09179570290002773,-0.08750412855247663,-0.08302964904194884,-0.07844678008755938,-0.07364727695660744,-0.06862102316633728,-0.06335731296431024,-0.057960612904416224,-0.05234421046750864,-0.04646226939973516,-0.04031901632847769,-0.03404828110257339,-0.02748119700705128,-0.02060388878220562,-0.013593766204578351,-0.0062679772216132435,0.0013716295433217423,0.009168244810582557,0.017333227674673306,0.025714217593864698,0.034395848685670374,0.04337624761386148,0.052598327325748755,0.06215687285705939,0.07194271117275482,0.08205453243458004,0.09242689107364173,0.10306049553673685,0.11404278040810191,0.1251623747163203,0.13662776848148267,0.1483385411175991,0.16020953607365482,0.17236392750872284,0.18477341413745454,0.19723953517177534,0.2099067374797343,0.22275093261243042,0.23574164838011538,-2.0,0.26184800019439947,0.27494555420427663,0.2880540847234446,0.30113604860339727,0.31415365847995497,0.32706930084999536,0.33983033577542515,0.35232283608797754,0.3645768024157789,0.37657157001624736,0.38827648816145344,0.39966737818628423,0.41072924887098017,-2.0,0.4314188064327824,0.4410835663213127,0.4504013541988595,0.45918120068304585,0.46728982372075345,0.47516954097846137,-2.0,-2.0,-2.0,-2.0,0.5063145923474512,-2.0,0.5153523590641379,0.51950608388083,0.5229205142272918,0.5258057021892004,0.5287259191602989,0.5311020674497903,-2.0,0.5343183675920814,-2.0,0.5368571971064311,0.5374736143026381,0.5376751828632024,0.5374973159338501,0.5371165993052394,-2.0,0.5360032154946898,0.5349563412805737,0.5335770140907222,0.5318781240781078,-2.0,0.5275561539008725,0.524944629280102,0.5220365203392878,-2.0,0.5153730771277709,0.511746154933067,-2.0,-2.0,0.4992068050387547,0.4943589831953522,-2.0,0.4836221099946625,0.47771561541900825,0.47143707432209286,0.46477511772438396,0.4577173071147277,0.45025013829018623,0.4423591357962087,0.4340283752423255,0.42524141307209673,0.41598032444238325,0.40622615297034426,-2.0,-2.0,-2.0,0.3618584399367781,0.34931294253805345,0.3361351550655043,0.32229724561931333,-2.0,0.2925223983058334,0.2765222820697277,0.2597355598897132,0.24212650071099012,-2.0,0.20428944347582823,-2.0,-2.0,0.140366120034907,-2.0,-2.0,0.06673504317818091,0.039794739700001136,-2.0,-0.018022796590640877,-0.049023759582124904,-2.0,-2.0,-0.15120169232647562,-2.0,-2.0,-2.0,-2.0,-2.0,-2.0,-0.45320598527871425,-0.5049409234640381,-2.0,-2.0,-2.0,-2.0,-2.0,-0.8712442759282666,-2.0,-2.0,-1.096353154950548,-2.0,-1.2647866126570726,-2.0,-2.0,-2.0,-2.0,-1.7609300052020105,-2.0,-2.0,-2.0,-2.2494315390528987,-2.0,-2.5297830143716893,-2.0
0.00355018721996422,-0.16705285198327546,-0.16611922799451537,-0.16514146693681173,-0.16411747456120365,-0.16304505516258952,-0.1619219126903253,-0.1607456411226252,-0.15951371676684623,-0.15822350455232786,-0.15687223676534667,-0.15545701920237595,-0.15397481071670027,-0.15242246137471344,-0.15081257523373973,-0.14915008705988916,-0.1474090957069415,-0.14558581990392314,-0.1436765046628078,-0.1416769066828986,-0.13958279307461233,-0.13738967661811258,-0.13509285803331458,-0.13268741769408365,-0.13016820021662154,-0.12755199877857057,-0.1248572277781086,-0.12203512254309137,-0.11907973019251503,-0.11598462742455659,-0.11274310473910784,-0.10934853438843664,-0.10579508799715376,-0.10216714306220152,-0.09836771077394912,-0.09438872962541284,-0.09022156231799346,-0.08585754540725361,-0.08135271280540797,-0.07669260905614242,-0.07181221840985796,-0.0667013147838889,-0.06136976222500939,-0.05591643447489205,-0.05020543036255176,-0.04422451373832319,-0.038043362813521726,-0.031667137640864304,-0.02498959808509621,-0.018057520256209564,-0.010944667824404793,-0.003495612291238312,0.004185674447256196,0.01211333506324126,0.02041067891622892,0.02883967582019588,0.03766692512381521,0.0466899988697782,0.0560664359230652,0.06566652094777699,0.07561603256954912,0.08576697288602482,0.0963132359761113,0.1069836080761384,0.11802832173506872,0.12930240487962918,0.14079573981233756,0.15260630530455901,-2.0,0.17676419235859722,0.18918356786398216,-2.0,0.21451954399558995,0.22735349028409516,0.2403230503675468,0.2533949648772934,0.26653385941890256,-2.0,0.2927070406991562,0.3057130178839355,0.31863870662249966,0.33144495050428585,0.3440947131611116,0.356550954550447,0.36878136556868074,0.38068550168291004,0.39219331420338494,0.4033613416770624,0.4141746862030342,-2.0,0.43468961376404563,0.44408441846118263,-2.0,0.4617206285572285,0.46967445957900383,-2.0,0.4843178553819578,0.49062877563499,0.496857377437232,0.5021590734544257,0.5074192962612536,-2.0,0.515974571100878,-2.0,-2.0,0.5258037567780893,-2.0,-2.0,0.5321368275692117,0.5335297765242015,0.5348329749615975,0.5356619607255717,0.5360457321649358,0.5360255169121739,0.5356511852046711,0.5351792067564158,0.5346042976928111,-2.0,0.5324125820742704,0.5308115487597371,0.5288898392883066,-2.0,0.5241151147101049,0.5212710390003884,-2.0,-2.0,-2.0,-2.0,-2.0,0.49858826903269216,0.4937852215943127,0.4886333131592101,0.4831260104945647,0.47725408015266185,0.4710075157366736,0.4643751937357049,0.4573448909669934,0.44990352359869257,-2.0,0.4337275271017711,0.4249612768071368,0.415719576193952,0.4059834906594082,0.3957330626828125,0.3849471009400566,0.37360315319216064,0.3616775158537309,0.34914517700678716,0.33597976430498566,0.32215350414152305,0.30763715817801246,0.29239997033457277,0.27640960764227523,0.2596320897394053,0.24203172034586012,0.22357101818109226,0.2042106339601385,0.1839092716164631,-2.0,-2.0,0.11691528710989751,-2.0,-2.0,0.039759783165770446,0.01153232828207662,-0.018047697645421135,-0.04904441247603586,-0.08152334447274046,-0.11555429374932236,-2.0,-2.0,-0.2277053982133943,-0.26870866830137263,-2.0,-0.3566657151436383,-0.4038078767656038,-0.45319223561638144,-0.5049245705327766,-0.5591156977935136,-2.0,-0.6753441828836675,-2.0,-0.8028741625650807,-0.871214864923097,-2.0,-1.0177800475394556,-1.096318522284962,-2.0,-2.0,-2.0,-2.0,-1.5485494808212648,-1.6522592299799408,-1.760885772342028,-1.8746618380245124,-2.0,-2.0,-2.0,-2.0,-2.5297327668235527,-2.679949099964098
0.0034489622604057563,-0.16758587214145626,-0.16667931716248038,-0.16572990573747967,-0.1647356062574679,-0.16369428572514144,-0.16260371799365364,-0.16146156104460688,-0.1602653695395507,-0.15901258083752925,-0.15770051034185345,-0.15632634717148472,-0.1548871462507322,-0.15337982433507072,-0.15180115212239279,-0.1501785032105405,-0.14848798385960835,-0.14671762181823242,-0.1448636231467436,-0.14292201586096914,-0.14088863962685994,-0.13875913799019765,-0.13652894859572037,-0.1341932922159112,-0.13174716542687043,-0.1291852030825013,-0.12654958126055635,-0.12380937250089381,-0.120939656938567,-0.11793439132314408,-0.11478703102445463,-0.11149087059087544,-0.10803877657477808,-0.10446025356874564,-0.10077117476143604,-0.09690768719790299,-0.09286159965359887,-0.08862424230357704,-0.08418653657936506,-0.07965084870912663,-0.07491225318431564,-0.06994970798533683,-0.06475257852319062,-0.0593866158001024,-0.05384141362210165,-0.048034293823052174,-0.04195277962767017,-0.035733452133375185,-0.029250024356568233,-0.02245978995804253,-0.015487788953825334,-0.0082554887605892,-0.0006810109772715325,0.007042221942161904,0.01510272272580238,0.023442180875005228,0.032012380122953446,0.0409505032024936,0.050053727875520614,0.059569560484519356,0.06922896133720426,0.07929723106453095,0.08953555297871682,0.10012633418772708,0.11096537464896686,0.12204253395813379,0.13346783195583498,0.1450249150948264,0.15685732646626638,0.1689764912232663,0.18122906808458503,0.19365570571775625,0.20629432429501499,0.21911610888714,0.23202168666203482,0.24496907137039167,0.2580068594725867,0.27109952477024146,0.2842106827663795,0.29730336969682786,0.310333585658193,0.3231819710508712,-2.0,0.3483950751865541,0.36070089179540676,0.3727594864567239,0.38454090323289203,0.3960216460280009,0.4070897928689498,0.41765237873183236,0.42782755648473525,0.4376322490270733,-2.0,0.455725178221382,0.46401219305762176,0.4719781289611522,0.4790932666505785,-2.0,0.4921922188934079,-2.0,0.5032563319752337,-2.0,0.512425081936287,0.5165321976235129,0.5200635215080583,0.5228961612498038,0.5257336778134861,0.528163973950589,-2.0,0.5313075286391287,-2.0,0.5337192776921762,0.5343035006654733,0.5344555875565825,0.5342128877798148,0.5336854508653152,-2.0,0.5323293737715613,0.5311788548112428,0.5296831887021961,0.5278554993284171,0.5257054664052258,0.5232402123836116,0.5204642994249072,-2.0,-2.0,-2.0,-2.0,0.5023493140737137,0.49793842380643893,0.49318157670107576,0.48807282982261124,-2.0,-2.0,0.4705563015849737,0.4639550534179243,0.4569535648795915,0.44953872984753884,0.4416963308748482,0.4334110830936788,0.42466641187076415,0.4154448658549306,0.4057276720487364,0.395494924093872,0.38472550715029286,0.37339707426991053,0.3614859982947752,0.3489673365726823,0.3358147836112828,0.32200061984501266,0.30749566294161595,0.2922692067211946,0.2762889604703796,0.2595209851617394,0.2419296528965445,0.223477429139327,0.20412508328174694,-2.0,0.1625528359086123,-2.0,0.11685776281039961,0.0923435440544802,0.0666491409321468,0.039719655663805975,0.011497786355412876,-0.018078031017565332,-2.0,-2.0,-0.11557104616273017,-0.15122287285419656,-2.0,-2.0,-0.26871060382099166,-2.0,-0.35666130181541267,-2.0,-2.0,-2.0,-2.0,-0.615863945962015,-2.0,-0.7376082964291151,-0.8028498567648441,-0.8711885812442182,-0.942770874323047,-1.017750088817413,-2.0,-2.0,-2.0,-1.3549653281539067,-2.0,-1.5485104153275913,-1.6522188871043557,-1.7608442121081995,-2.0,-2.0,-2.0,-2.2493372198908697,-2.3862663497717547,-2.0,-2.67990047420575
0.0033506234845336077,-0.16810366921056388,-0.16722340766840918,-0.1663015341135804,-0.16533608160074512,-0.16432497290891612,-0.16326604653005336,-0.16215703085191,-0.16099555068454535,-0.15977911707207954,-0.1585051245512044,-0.15717084152617586,-0.15577341240502462,-0.1543098399821852,-0.15277698952222074,-0.15117754221823163,-0.14953605380145063,-0.14781704520891653,-0.14601683285565767,-0.14413155916252623,-0.14215718594141,-0.140089482054582,-0.13792401735746618,-0.1356561510456692,-0.1332810277494934,-0.13079355491675965,-0.12819351898487885,-0.12553291146381132,-0.12274652421288729,-0.11982846311149258,-0.11677247472930384,-0.11357201352040538,-0.1102202184679928,-0.10670991486259426,-0.10310598907037316,-0.09935469618789596,-0.09542611838273521,-0.09131175386768929,-0.08700303861028778,-0.08252459581159796,-0.07792367365620528,-0.07310532303365161,-0.06805921800845238,-0.06277454673965846,-0.0573738081542495,-0.05173549251231395,-0.04583067820575549,-0.03968363285890701,-0.03338871107545155,-0.026796431881013955,-0.019901166151795664,-0.01287933371296567,-0.005525671258820012,0.0021160786855328024,0.009941857549458926,0.018137674685120078,0.026519310760876144,0.03523296128098404,0.04421271691900618,0.05346822611188239,0.06302426640304863,0.07284487923653567,0.08295175438769425,0.09336052852339023,0.10398684851686796,0.1149899330797864,0.12611581661187765,0.1375680774937115,0.14931673359388595,0.16117089607225135,0.1733042565097319,0.1856911044222064,0.1981921247901384,0.2108291050448666,0.22363924042593317,0.23659061288155087,0.2496501635435144,0.262682972668399,0.2757276936014472,0.2887770875520472,0.3017931299515954,0.31473781032362486,-2.0,0.34026048231126643,0.35273865126494225,0.36489988636882176,0.37678261107688044,0.3883653670377364,0.39962375269678796,0.4105413621612767,0.42109436271688144,-2.0,0.44053945812161605,0.44966834178227033,-2.0,0.4663014665887803,0.4739602153180651,0.48104598296184903,-2.0,0.493721574774474,-2.0,-2.0,0.5089580634874793,0.5129425176883178,0.5169011991759094,0.5200632501071872,0.5227824678334182,-2.0,-2.0,0.5291475585870352,-2.0,-2.0,-2.0,-2.0,0.532699496515714,-2.0,0.531594392802305,0.5308922436339819,0.5298705023092208,0.5284883810723975,0.5267614446542214,0.5247015013651937,0.5223170264295987,-2.0,0.5165951362054961,-2.0,-2.0,0.5057070592340394,-2.0,-2.0,0.4925477854311059,0.4874840485021261,0.4820575935096205,0.4762601837829496,0.470082442979386,0.46351379949771965,-2.0,0.4491557014809665,0.4413393446301492,0.43307828918949054,-2.0,-2.0,0.4054582597343529,-2.0,0.38449173721155316,0.3731794546553657,0.3612835273554808,0.3487790880373517,0.33563989855978216,0.3218383016536018,0.30734517144379087,0.2921298609226963,0.2761605542381285,0.2594020236304875,0.24182000111274332,0.22337662221152665,0.20403260427920789,0.1837467116496898,0.16247566980960998,0.1401740748606829,0.11679448726887864,0.09228638831370728,0.06659796011517982,0.03967408867535449,0.011457191228580021,-0.01811309544794948,-0.049100041122752236,-2.0,-0.11559235620971886,-2.0,-2.0,-2.0,-0.2687166155508919,-0.3116661061684278,-0.35666075972257827,-0.4037969440998421,-2.0,-2.0,-2.0,-2.0,-2.0,-0.7375893746094777,-0.8028287928334974,-0.8711654794422489,-0.9427458306961596,-1.0177231966610447,-2.0,-2.0,-1.2646821304959708,-1.3549318809746023,-1.4494617088823594,-1.5484741360579195,-1.6521812896989272,-1.760805362469238,-1.8745790712710502,-1.993746174236331,-2.118561983403544,-2.2492939139844266,-2.0,-2.5296397735004206,-2.0
0.0032550885998350564,-0.1686066748521386,-0.16775195693872016,-0.16685683951962793,-0.1659194046007682,-0.16493764445073625,-0.16390945636165286,-0.16283263434187517,-0.16170487384098509,-0.16052375854138662,-0.1592867554486127,-0.15799113187382688,-0.1566341270867829,-0.15521329051108718,-0.15372494316005447,-0.152166162176905,-0.15055418728503542,-0.1488850650063868,-0.14713710258394644,-0.14530655390100233,-0.14338948138850133,-0.141381825835857,-0.13927916456962774,-0.1370772268211155,-0.13477107661747978,-0.13235584596996486,-0.12982635923660377,-0.12720722083799813,-0.12450174745972095,-0.12166838814019745,-0.11870120745755988,-0.11559371198391859,-0.11233928930875271,-0.1089309672232788,-0.10537411369273134,-0.10173181239871541,-0.09791738767573448,-0.0939226680534226,-0.08973909035786538,-0.08535770231067422,-0.08084908075493363,-0.07617070792444298,-0.07127130810745447,-0.06614035909354585,-0.06080518361027601,-0.05533086469579841,-0.049597816113334754,-0.04359375470989767,-0.03740931752221793,-0.031008764620732005,-0.024305824735227556,-0.017371115433954885,-0.010231596257706208,-0.002754632603728479,0.004928394213444825,0.012885190240341004,0.021183124243314658,0.029642806471147993,0.03850208356526832,0.04752384958034494,0.05693378134325929,0.06653063686936077,0.07651499804113351,0.08666041612544949,0.09720762389217893,0.10790497640023526,0.11893916124446105,0.13024956343667926,0.14172856876338202,0.15352193457157154,0.1655469671173949,0.17769496625635095,0.19008772894708265,0.20269807907763643,0.21542861229484278,0.22822625626169044,0.2411544581375741,0.2541794099656732,0.26726573190974107,-2.0,0.29340460507972277,0.3063418581538284,0.3191913892109372,0.33191356088246426,0.34447057716665785,0.3568257294795942,0.3689453668434146,0.3807944670568831,-2.0,0.40326072895949827,0.41392527866669115,0.4242203421439972,0.43415456030257915,0.44346447732237965,0.4522417237823987,0.4607035132778231,-2.0,0.4758216520331388,0.4828563182259925,-2.0,0.4950283692916963,0.5001427754799537,0.5052342605127125,-2.0,0.5134163424399779,-2.0,0.5199065411451275,0.5226065819148109,0.5250892702009008,0.5269135098158937,-2.0,-2.0,0.5304359376745105,0.5309858442902359,0.5310854168354328,0.5307740856681368,0.530115847952378,-2.0,0.5284823869491426,0.5272229511166676,0.5256045760137208,0.5236412504281865,0.521343158948881,-2.0,0.5157687699981524,0.5124993699142325,0.5089096374765357,0.505003310467714,-2.0,0.4965379904550754,0.49188233852427976,0.4868663860649133,0.48148365516213054,0.47572636165818977,0.4695858380826597,-2.0,0.45611166922811797,0.44875422222038996,0.44096512669927174,0.4327294181596786,0.4240309739920596,-2.0,0.4051755324878421,0.39498038711812,0.3842461639129999,0.37295069975511186,0.36107053962269436,-2.0,0.3354555987608723,0.3216670615063732,0.30718621505478155,-2.0,-2.0,-2.0,0.2417037746862623,0.22326921144541323,0.2039342002383513,0.1836560840942939,-2.0,-2.0,0.11672556376693743,-2.0,-2.0,0.039623918088462995,0.01141257150045405,-2.0,-0.04913441434675836,-0.08159960146708611,-2.0,-2.0,-0.18860622507641256,-0.2277333030993851,-0.2687259601940437,-2.0,-0.3566633403225842,-0.4037963866460095,-2.0,-2.0,-2.0,-0.615838015511798,-2.0,-0.7375729903376997,-0.8028101996962513,-0.8711447819101732,-0.9427231329609465,-2.0,-2.0,-2.0,-2.0,-2.0,-1.449428851758566,-1.5484398553077716,-1.6521456530624146,-1.760768429930429,-1.874540908656311,-1.9937068373848095,-2.118521526291654,-2.0,-2.386179513636897,-2.0,-2.0
0.0031622776601683794,-0.16909531450728696,-0.1682654103155198,-0.16739627998489426,-0.16648606702319707,-0.16553281827494454,-0.16453448987210995,-0.1634889438377347,-0.16239393972887325,-0.16124713147608116,-0.1600459685265737,-0.15878815719209483,-0.15747072365512085,-0.1560909369856946,-0.15464584115282848,-0.15313233968375162,-0.15154718983099177,-0.14992258191000007,-0.14822537602257213,-0.1464479899548051,-0.14458661347546828,-0.14263725955871767,-0.14059575137025127,-0.1384577151960335,-0.13621856949842243,-0.13387351679566994,-0.13141753237164716,-0.1288453550974808,-0.12620684348139805,-0.12345582270275295,-0.12057477753048171,-0.1175576376855043,-0.11439783820374821,-0.11108858641817307,-0.10762282380678033,-0.1040410428593392,-0.10033746569166302,-0.09645893770609518,-0.09239701179848413,-0.08814303041977263,-0.0836909483083411,-0.07914874866215692,-0.0743918765017631,-0.06941014009476243,-0.06419276746058641,-0.05882357147760335,-0.053257383469341064,-0.04742799984296407,-0.041323051128463184,-0.0351009603298612,-0.028592966501972246,-0.021777732384913394,-0.014803160170229682,-0.007544080613826153,5.7096623720170533e-05,0.007782859215661535,0.01587284332482826,0.02421204464426065,0.032812915244494555,0.041749293863500285,0.05088458940535883,0.060396631359018495,0.0700892311209492,0.08015154110644128,0.09042428281614126,0.10100632566756561,0.11188101299848804,0.1229461201494408,0.13435694383685592,0.1459498267697017,0.1577634586853718,0.16986033696574077,0.1821482770431309,0.19454707406539873,0.20715458994134078,0.21993967176990878,0.23286837225554355,0.24578136028529796,0.2587700781045892,0.271807690204986,0.28485748076040013,0.2978817626779929,0.3108431994609204,-2.0,0.33630801633376955,0.34873108100786376,0.360931269019981,-2.0,0.3845313047639909,0.39587617191424584,-2.0,-2.0,0.4273464169613966,0.4369719157658828,0.44624286717590006,0.4548236234352852,-2.0,0.47070210016794284,0.47767417500818277,0.4843657676780416,-2.0,0.49607745480623616,0.5011071251305353,0.5059114208686396,0.5098417847290279,-2.0,-2.0,0.5196773276174642,-2.0,0.5244951543227688,0.5260304617782147,0.5271525325876808,0.5282829411673797,0.5290634898125867,0.5293597899713876,-2.0,0.5286733742514674,0.5278645921680405,-2.0,0.5258797867721422,-2.0,-2.0,0.5203136293085989,0.5177708711767746,-2.0,0.5116946793282193,0.5081659435163071,-2.0,0.5001530119907152,-2.0,-2.0,-2.0,0.48087991587213685,0.47516500847053705,0.46906331950809516,0.4625648786858818,0.45565851823463244,0.44833185503195716,0.44057131130019006,0.4323621259187923,0.42368835454052844,0.4145332139066243,0.4048773361863065,0.3947022119931749,0.3839867071158177,0.37270876302309797,0.36084501675574926,-2.0,-2.0,0.3214849522663728,0.3070174624490786,-2.0,-2.0,0.25914040649552883,0.24157811089503295,0.22315351696742736,0.2038270659483542,0.18355760915125063,0.16230250308796018,0.1400154999408385,-2.0,-2.0,0.06647927632056516,0.039567316252768325,-2.0,-0.01819788104314435,-0.04917468277525883,-0.08163498142784398,-0.11564824636848015,-2.0,-0.18862838056218356,-0.2277514894165058,-2.0,-2.0,-0.3566707732293847,-2.0,-2.0,-2.0,-0.5590748897111885,-0.61583079105856,-0.6752836609964286,-2.0,-0.8027957884197865,-2.0,-2.0,-2.0,-1.0962093031961506,-2.0,-2.0,-1.3548729415160397,-2.0,-2.0,-2.0,-2.0,-2.0,-1.9936710433361147,-2.118484577862291,-2.2492143431280143,-2.0,-2.5295561675989724,-2.0
