gamma,3.1622776601683795,3.019252937358979,2.8826969922892336,2.7523172525659017,2.627834378373631,2.5089816639867832,2.395504466349916,2.2871596595026467,2.183715113680003,2.0849491979722248,1.9906503054784581,1.9006163999369865,1.8146545828606475,1.7325806802500106,1.6542188479988584,1.579401195146539,1.5079674241700078,1.4397644875448803,1.3746462598396758,1.3124732246407111,1.2531121756368728,1.196435931223849,1.1423230620163467,1.0906576306844964,1.041328943557035,0.9942313134590756,0.9492638332763457,0.9063301597607478,0.8653383071140456,0.8262004499074295,0.7888327349147111,0.7531551014560001,0.7190911098669457,0.6865677777260395,0.6555154234890924,0.6258675171958726,0.5975605379290422,0.5705338377199952,0.5447295116100164,0.5200922735883637,0.4965693381414727,0.4741103071594969,0.45266706195788614,0.4321936601826527,0.4126462373784474,0.3939829130085526,0.3761637007254389,0.3591504226996411,0.3429066278233999,0.32739751361382197,0.3125898516482341,0.29845191637197505,0.2849534171260982,0.27206543324934984,0.2597603521153814,0.24801180997243857,0.23679463545877594,0.22608479567277773,0.2158593446822417,0.206096374362503,0.1967749674580726,0.18787515276722067,0.1793778623534893,0.17126489069246054,0.16351885566624869,0.15612316132215037,0.14906196231566,0.1423201299616701,0.1358832198211223,0.1297374407536605,0.12386962536998372,0.11826720182059093,0.11291816686047523,0.1078110601320594,0.10293493961127173,0.09827935816415723,0.09383434116379495,0.08959036511956614,0.0855383372729865,0.08166957611638573,0.07797579279269574,0.07444907333649699,0.07108186171827297,0.06786694365554635,0.06479743115621105,0.061866747760944335,0.05906861445308137,0.05639703620576279,0.05384628913753366,0.051410908248873656,0.04908567571338429,0.04686560969854705,0.0447459536921003,0.04272216631116735,0.04078991157230093,0.03894504960159792,0.037183627764980874,0.035501872199642195,0.03389617972850788,0.03236311014039673,0.03089937881933562,0.02950184970723898,0.028167528584874982,0.026893556656722693,0.025677204425975857,0.024515865846570437,0.02340705273970635,0.022348389462901214,0.021337607820153946,0.020372542202313566,0.019451124947241293,0.01857138190982502,0.017731428232354834,0.01692946430619779,0.016163771916119476,0.015432710558991754,0.014734713928999454,0.014068286561815399,0.013432000630554154,0.012824492886639467,0.012244461739031423,0.011690664465555443,0.011161914550358322,0.010657079141786952,0.010175076625242984,0.009714874305813416,0.009275486195712066,0.008855970901791447,0.008455429608599185,0.008073004152657435,0.007707875183839596,0.0073592604099049766,0.007026412920430313,0.006708619586547219,0.006405199533056866,0.006115502679648496,0.005838908348096256,0.005574823932450256,0.005322683629372804,0.005081947225899414,0.004852098942027476,0.004632646325652764,0.004423119197486164,0.004223068643690165,0.004032066054076735,0.003849702203805974,0.00367558637661806,0.0035093455277199854,0.0033506234845336077,0.0031990801835925474,0.003054390941953023,0.0029162457615576004,0.0027843486650614476,0.0026584170616980873,0.0025381811418260457,0.0024233832988591543,0.0023137775773420226,0.0022091291459881727,0.002109213794551796,0.0020138174534552102,0.0019227357351427742,0.001835773496178634,0.0017527444191500821,0.001673470613480748,0.0015977822342983779,0.0015255171185405974,0.0014565204375190303,0.0013906443651973829,0.0013277477614727685,0.0012676958697817227,0.0012103600283829951,0.0011556173946985643,0.0011033506821222624,0.0010534479087321177,0.0010058021573680419,0.000960311346560808,0.0009168780118215463,0.0008754090968231632,0.0008358157540262835,0.0007980131543225704,0.0007619203052875607,0.0007274598776536365,0.0006945580396313453,0.0006631442987240953,0.0006331513506973246,0.0006045149353785442,0.0005771736989793168,0.0005510690626441899,0.000526145096944946,0.0005023484020512821,0.00047962799332116934,0.0004579351920657803,0.0004372235212549416,0.00041744860593965946,0.00039856807817837753,0.00038054148626326314,0.00036333020805204416,0.0003468973682197067,0.0003312077592527663,0.00031622776601683794
1.0,2.0,2.0,2.0,2.0,2.0,2.0,2.0,2.0,2.0,2.0,2.0,2.0,2.0,2.0,2.0,2.0,2.0,2.0,2.0,2.0,2.0,2.0,2.0,2.0,2.0,1.0,1.0,1.0,1.0,1.0,1.0,1.0,1.0,1.0,1.0,1.0,1.0,1.0,1.0,1.0,1.0,1.0,1.0,1.0,1.0,1.0,-0.1562445031204563,1.0,1.0,1.0,1.0,-0.179462166710527,1.0,1.0,1.0,1.0,1.0,1.0,1.0,1.0,1.0,1.0,1.0,1.0,1.0,1.0,1.0,1.0,1.0,1.0,1.0,1.0,1.0,1.0,1.0,1.0,1.0,1.0,1.0,1.0,1.0,1.0,1.0,1.0,1.0,1.0,1.0,1.0,1.0,1.0,1.0,1.0,1.0,1.0,1.0,1.0,1.0,1.0,1.0,1.0,1.0,1.0,1.0,1.0,1.0,1.0,1.0,1.0,1.0,1.0,1.0,1.0,1.0,1.0,1.0,1.0,1.0,1.0,1.0,1.0,1.0,1.0,1.0,1.0,1.0,1.0,1.0,1.0,1.0,1.0,1.0,1.0,1.0,1.0,1.0,1.0,1.0,1.0,1.0,1.0,1.0,1.0,1.0,1.0,1.0,1.0,1.0,1.0,1.0,1.0,1.0,1.0,1.0,1.0,1.0,1.0,1.0,1.0,1.0,1.0,1.0,1.0,1.0,1.0,1.0,1.0,1.0,1.0,1.0,1.0,1.0,1.0,1.0,1.0,1.0,1.0,1.0,1.0,1.0,-41.70365970517253,1.0,1.0,1.0,1.0,1.0,1.0,1.0,1.0,1.0,1.0,1.0,1.0,1.0,1.0,1.0,1.0,1.0,1.0,1.0,1.0
0.971487430581342,2.0,2.0,2.0,2.0,2.0,2.0,2.0,2.0,2.0,2.0,2.0,2.0,2.0,2.0,2.0,2.0,2.0,2.0,2.0,2.0,2.0,2.0,2.0,2.0,2.0,2.0,2.0,2.0,2.0,2.0,2.0,-0.1108277319316576,-0.1122594602083082,-0.1138558770674468,-0.1156159840213809,-0.117539222618552,-0.1196255362118848,-0.1218754819579612,-0.1242902872227371,-0.1268717891920806,-0.1296225498205447,-0.1325457474971846,-0.1356452396886546,-0.1389254998438775,-0.1423916333081243,-0.1460493708913217,-0.1499050092774931,-0.1539653114692183,-0.1582381582573483,-0.1627313712294775,-0.1674535599494711,-0.1724140624833685,-0.1776226497490077,-0.1830899988503743,-0.188826987447132,-0.1948454055382319,-0.2011576297324862,-0.2077767093321342,-0.2147163865515681,-0.2219911511724613,-0.2296162000362576,-0.2376075336005182,-0.2459819546546465,-0.2547571047587423,-0.2639515087021344,-0.2735845967850098,-0.2836767522272652,-0.2942493762482242,-0.3053248816081956,-0.3169267745603142,-0.3290797065140671,-0.3418095128997566,-0.3551432714395847,-0.3691093590120918,-0.3837375119031633,-0.3990588930918195,-0.4151061369832887,-0.4319134945104632,-0.4495167450228065,-0.4679534984007913,-0.4872630410969027,-0.5074866257026205,-0.5286673831788723,-0.5508505459645789,-0.5740835007810359,-0.5984158492513729,-0.6238995751178253,-0.6505891285538001,-0.6785415394610448,-0.7078165406019664,-0.7384767103898201,-0.7705875834752114,-0.8042178116118708,-0.8394392713700519,-0.8763273588508423,-0.9149608801695756,-0.95542247965517,-0.9977987081652924,-1.0421802155887487,-1.0886619395670083,-1.1373433176605998,-1.1883284346792091,-1.2417265954912418,-1.2976518518264408,-1.3562239449421636,-1.4175682193870025,-1.481815978461286,-1.5491047042283397,-1.6195784400607682,-1.6933879881471448,-1.7706914261604545,-1.8516541663443404,-1.936449571248574,-2.025259130766832,-2.118272976832568,-2.215690282781782,-2.317719599501328,-2.424579422732474,-2.5364984704040787,-2.6537164981056667,-2.776484296463048,-2.905065127480315,-3.0397339989815695,-3.180779401688121,-3.3285033871444556,-3.483222272708911,-3.645267463357367,-3.814986020613067,-3.9927413127461793,-4.1789142079531,-4.373903249493614,-4.578126206570561,2.0,-5.016043893396208,-5.25067671317585,-5.496421405102897,-5.753804113282277,-6.023376324229106,-6.3057151644896425,-6.601426096224743,-6.911141721214657,2.0,-7.575273679236647,-7.93111236828235,-8.303804347059332,2.0,2.0,-9.53117505136414,2.0,-10.449369094529905,-10.941334839208942,2.0,2.0,2.0,-13.153517704545028,2.0,2.0,-15.103161235244611,2.0,-16.56169553097055,2.0,2.0,2.0,-19.91681564848468,-20.857219200841115,2.0,2.0,2.0,-25.08588684923657,2.0,-27.51253346695945,2.0,2.0,-31.60081005729245,2.0,-34.65927974183107,-36.29800979761264,2.0,2.0,2.0,-43.66683027549296,2.0,-47.895487795876384,2.0,-52.53425197600439,-55.019707198576086,-57.62289752077523,2.0,2.0,-66.19598475331767,-69.3285927816891,2.0,2.0,2.0,2.0,2.0,2.0,2.0,2.0,2.0
0.943787827777538,2.0,2.0,2.0,2.0,2.0,2.0,2.0,2.0,2.0,2.0,2.0,2.0,2.0,2.0,2.0,2.0,2.0,2.0,2.0,2.0,2.0,2.0,2.0,2.0,2.0,2.0,2.0,2.0,2.0,2.0,2.0,2.0,-0.1090584171111845,-0.1097982743683426,-0.1107561626515683,-0.1119399029632344,-0.1133542314906487,-0.1149940779737619,-0.1168550896551734,-0.1189338092331074,-0.1212278133711727,-0.1237357046125252,-0.1264571583517754,-0.1293928929642616,-0.1325446184013827,-0.1359149996610838,-0.1395076390992177,-0.1433270229688503,-0.1473784707380218,-0.1516681574926311,-0.156203012494064,-0.1609907561471845,-0.1660399235999628,-0.1713597079724949,-0.176960127016921,-0.1828518333569023,-0.1890465966535444,-0.1955564564102376,-0.2023944873031616,-0.2095745454063181,-0.2171112743998834,-0.2250201629104898,-0.2333175366839939,-0.2420206169334431,-0.2511475445436927,-0.2607174030871187,-0.2707502630820094,-0.2812672187037616,-0.2922904338822206,-0.3038431756489542,-0.3159498701948433,-0.3286361302024012,-0.3419289109592701,-0.3558563567676097,-0.3704480710464443,-0.3857350643474684,-0.4017498591147302,-0.4185265355038908,-0.4361007928415044,-0.4545101626967959,-0.4737937921388018,-0.4939928380698038,-0.5151503738233856,-0.5373115504721391,-0.5605236644238201,-0.5848362659512772,-0.6103012706393581,-0.6369730764618243,-0.6649086385643218,-0.6941676632173184,-0.7248126611349418,-0.7569091330090412,-0.790525678261932,-0.8257341714589086,-0.862609878321851,-0.901231653963554,-0.9416821238971966,-0.9840477463918892,-1.0284191579892914,-1.0748912762231468,-1.123563376659172,-1.1745400662712435,-1.227929826242626,-1.2838472773330556,-1.3424118707706558,-1.4037490601020637,-1.4679899900609563,-1.5352723036306806,-1.6057398866505517,-1.679543597305268,-1.7568414416042923,-1.8377988490189916,-1.922589174646781,-2.01139392964002,-2.1044032015331697,-2.2018161246613435,-2.303841265619437,-2.4106970750767185,2.0,-2.6398267332065015,2.0,-2.8911685587414624,-3.0258343158827787,-3.166876743720636,2.0,-3.4693141025304004,2.0,-3.8010727169421816,-3.978825668349739,-4.164996309299422,-4.3599832626474875,-4.564204052393419,2.0,-5.002118037801082,-5.2367490595877895,2.0,-5.739873158959144,2.0,2.0,-6.58749062838199,2.0,-7.221587965339601,-7.561334327407801,2.0,-8.289862841062432,2.0,-9.089036149502554,-9.51723036263396,2.0,2.0,-10.927387657260754,-11.442654258425131,-11.982326653777276,-12.547560824815983,-13.139567591498157,2.0,2.0,2.0,-15.801603838348973,-16.54774226726852,2.0,2.0,-19.004986980227113,-19.90286041134681,2.0,-21.82821179557309,2.0,2.0,-25.07192952765729,2.0,2.0,-28.79877328706484,2.0,2.0,2.0,-34.645320417111805,2.0,-38.00040493355979,2.0,2.0,2.0,2.0,-47.88152689566498,2.0,2.0,2.0,2.0,2.0,2.0,2.0,2.0,-72.59562933555807,2.0,2.0,-83.40095037717916,2.0,-91.48451677920949,-95.81570455737577,2.0,-105.1033064863462
0.9168780118215468,2.0,2.0,2.0,2.0,2.0,2.0,2.0,2.0,2.0,2.0,2.0,2.0,2.0,2.0,2.0,2.0,2.0,2.0,2.0,2.0,2.0,2.0,2.0,2.0,2.0,2.0,2.0,2.0,2.0,2.0,2.0,2.0,-0.1062755056402742,-0.106139385936429,-0.106312939986213,-0.106786668481735,-0.1075505942923313,-0.1085946075407742,-0.109892252878619,-0.1114269418447099,-0.1132031300157717,-0.1152413078441895,-0.1175372397947143,-0.1200868659527712,-0.1228876799024882,-0.1259385785079827,-0.129239870869372,-0.1327930720205733,-0.136600937243771,-0.1406673107534613,-0.1449971182316437,-0.1495962768700425,-0.154471696040173,-0.159631192914822,-0.1650835124878034,-0.1708382749161404,-0.1769059770086023,-0.1832979912313022,-0.1900265686912752,-0.1971048176434651,-0.2045467409564763,-0.212367230361081,-0.2205821092805018,-0.2292081219169602,-0.2382629710589555,-0.2477653612733836,-0.2577350045864027,-0.2681926976599043,-0.2791602819511954,-0.2906607622182777,-0.3027183474356155,-0.3153584508579643,-0.3286077209685497,-0.3424942226126012,-0.3570473046210903,-0.3722979458875599,-0.3882783937001646,-0.4050226559902369,-0.4225663007035516,-0.4409467245746558,-0.4602029965060459,-0.4803761642955223,-0.5015092055154867,-0.5236471892571646,-0.5468373645794609,-0.5711291655100958,-0.5965744628977087,-0.6232275713410018,-0.6511454146948464,-0.6803876197693456,-0.7110166667109202,-0.7430979941883087,-0.7767001703193483,-0.8118949947009264,-0.8487577355391652,-0.8873672141390678,-0.9278059249945892,-0.970160435481372,-1.0145212716159588,-1.060983298968102,-1.1096460088116242,-1.1606134232606216,-1.2139945886986423,-1.2699037496123753,-1.3284605098238904,-1.38979019992117,-1.454024022016522,-1.5212995674360843,-1.591760690527733,-1.66555827987597,-1.7428502855528996,-1.8238020546651377,-1.908587141888789,-1.997386837436564,-2.090391278853539,-2.1877995858539543,-2.2898203155711636,-2.3966719987925456,-2.508583334104772,2.0,-2.7485547532947914,-2.8771286899569537,-3.011791203671999,-3.152830441096199,-3.300548587917469,-3.455261978731761,-3.617301879139071,2.0,-3.9647658399910974,-4.150934070544714,-4.3459187249987075,-4.550137368758417,-4.764027539373361,-4.988047465233066,-5.222676519571596,2.0,-5.7257970960848485,-5.995366228253289,-6.277702008281539,2.0,-6.883123028682706,-7.207504568671246,2.0,-7.903086094379506,-8.275775781688253,-8.666117307650516,-9.074946999880154,-9.503140285009176,-9.951614449456768,-10.421330558737983,-10.913294711728444,2.0,2.0,-12.533465503136153,2.0,2.0,2.0,2.0,-15.787505230489431,2.0,-17.315123178559283,2.0,-18.990886205474272,-19.88875908754057,2.0,2.0,2.0,2.0,2.0,2.0,2.0,-28.7846686887019,2.0,-31.57274615602222,2.0,2.0,2.0,-37.98629851690332,2.0,2.0,2.0,2.0,-47.86741965075321,-50.13313836787479,-52.5061831049738,-54.99163798940225,2.0,2.0,2.0,2.0,-69.30052200367672,2.0,-76.01794101139163,2.0,-83.38684113024141,2.0,2.0,2.0,2.0,-105.0891969574681
0.890735463861044,2.0,2.0,2.0,2.0,2.0,2.0,2.0,2.0,2.0,2.0,2.0,2.0,2.0,2.0,2.0,2.0,2.0,2.0,2.0,2.0,2.0,2.0,2.0,2.0,2.0,2.0,2.0,2.0,2.0,2.0,2.0,2.0,2.0,-0.1027073005253483,-0.1020883074484141,-0.101764654282546,-0.1017268984053168,-0.1020317560600978,-0.1026787577056347,-0.1036529868006951,-0.1049413798600698,-0.1065328140256739,-0.1084059452807612,-0.1105319929458756,-0.1129132614294283,-0.1155803661700467,-0.1185342643242103,-0.1217722332333731,-0.1252933237925534,-0.1290982104055558,-0.1331890553918804,-0.1375693981925649,-0.1422440348726702,-0.1472189283786495,-0.1525012799121073,-0.1580992117560246,-0.1640220232408337,-0.1702798906056807,-0.1768842323951295,-0.1838471235958342,-0.1911818388561987,-0.1989025899295209,-0.2070245395821964,-0.2155638697870805,-0.2245377852843262,-0.2339645253879473,-0.2438633904064938,-0.2542547042476181,-0.2651602223000027,-0.2766024140324841,-0.288605267662373,-0.3011939195556417,-0.3143948307419212,-0.3282358063196805,-0.3427460627195315,-0.3579562578011235,-0.3738986468736193,-0.3906069735146238,-0.4081167268670546,-0.4264651072733086,-0.4456911038135979,-0.4658356844808052,-0.4869416779550548,-0.5090540710007639,-0.5322199835953602,-0.5564888521616537,-0.5819123951194716,-0.6085448801024339,-0.6364432254145793,-0.6656669110722302,-0.696278375651488,-0.7283430477163241,-0.7619293946258628,-0.79710920858604,-0.8339576923262845,-0.872553604951714,-0.9129794623352352,-0.9553217371016948,-0.9996709467064632,-1.0461219386604896,-1.0947741162981717,-1.1457314968511625,-1.199103162234331,-1.255003276741444,-1.3135514100407093,-1.3748727927494917,-1.4390989619268613,-1.506367066925273,-1.576820967937721,-1.6506119890748638,-1.7278975668887826,-1.8088433147816811,-1.8936225302050695,-1.9824166535843208,-2.075415809818763,-2.172819124839598,-2.2748350679583496,-2.381682185120406,-2.4935890922590045,-2.6107955565745717,-2.73355246889275,-2.8621225925590763,-2.9967815221717906,-3.1378173726519987,-3.285532214348069,-3.4402424423212024,-3.602279416646028,-3.7719900189601585,-3.949737747768981,2.0,-4.33088570032564,-4.53510210280825,2.0,-4.973007726918627,-5.207634771632969,-5.4533739678862405,2.0,2.0,-6.262653231924385,-6.558359443498102,2.0,2.0,-7.532194759722372,-7.888029536422838,2.0,-8.65105853963407,2.0,2.0,2.0,2.0,-10.898230405283254,-11.41349546195218,2.0,2.0,-13.110403854395758,2.0,2.0,2.0,-15.772434786880154,-16.51857197900224,-17.30005157342945,2.0,2.0,2.0,2.0,-21.799035263841468,2.0,-23.911103780942792,2.0,2.0,2.0,2.0,2.0,2.0,2.0,2.0,2.0,2.0,2.0,-41.65168642228955,2.0,2.0,2.0,-50.11805835291297,2.0,2.0,-57.57974729432397,2.0,2.0,2.0,2.0,2.0,2.0,2.0,2.0,2.0,2.0,2.0,2.0,2.0
0.8653383071140456,2.0,2.0,2.0,2.0,2.0,2.0,2.0,2.0,2.0,2.0,2.0,2.0,2.0,2.0,2.0,2.0,2.0,2.0,2.0,2.0,2.0,2.0,2.0,2.0,2.0,2.0,2.0,2.0,2.0,2.0,2.0,2.0,-0.1019088434925526,-0.1001151324892604,-0.0986320218034958,-0.0975243044786561,-0.0968423999674911,-0.096559932132018,-0.0965923213123257,-0.0969099008046188,-0.0975798890943822,-0.0986176313323692,-0.1000054731060452,-0.1017290409879434,-0.1037768655093094,-0.1061371935056515,-0.108773994784115,-0.1116780711365885,-0.1148798860721912,-0.1183961648052603,-0.1222252697397468,-0.1263675311183377,-0.1308250202186789,-0.1356013632429536,-0.1407017067181275,-0.146132497218325,-0.1519014314556757,-0.1580174805005694,-0.1644907140624461,-0.1713323332388545,-0.1785543509887058,-0.1861710708905833,-0.1941960450144876,-0.20264509986406,-0.2115349294809171,-0.2208831966292427,-0.2307087669243845,-0.241031624958314,-0.2518729264589371,-0.263255026624542,-0.2752015169187127,-0.2877372847149037,-0.30088851492927,-0.3146827965230724,-0.3291491199298787,-0.3443179733743234,-0.3602213964884888,-0.3768930090250096,-0.3943681280884347,-0.4126838250197579,-0.4318789747952672,-0.4519943760222347,-0.4730728143293765,-0.4951591324837574,-0.5183003987144883,-0.5425459085441399,-0.567947366515198,-0.5945589649506023,-0.6224374727619955,-0.6516423338425935,-0.6822360137890371,-0.7142837636680046,-0.7478540485375544,-0.7830186686305812,-0.8198526902238333,-0.8584348579492607,-0.8988477077362772,-0.9411775901910566,-0.9855150493676768,-1.031954865522525,-1.0805964108130754,-1.131543704677026,-1.1849057343486609,-1.2407966709284433,-1.299336144503244,-1.3606493502690542,-1.4248675217118796,-1.492128125973431,-1.562575048311859,-1.6363590859375712,-1.7136382281575446,-1.7945778181218526,-1.8793511425574176,-1.968139691376002,-2.0611335318438844,-2.1585317382873628,-2.26054283522282,-2.3673852403182245,-2.479287921292573,-2.5964901775415115,-2.7192430668473575,-2.8478094865028822,-2.982464705460849,-3.123496985216283,-3.271208684430273,-3.425915743323095,-3.587949696149327,-3.757657278966779,2.0,-4.121565585113833,-4.316545236449221,2.0,-4.734645101932215,2.0,2.0,-5.439022791351952,-5.6963985235501555,2.0,-6.248296657716516,2.0,2.0,2.0,2.0,2.0,2.0,-8.63669215419798,2.0,2.0,-9.922182686583112,-10.39189673177514,2.0,-11.399122761307517,2.0,2.0,-13.096028648514064,-13.716074033607878,2.0,2.0,-15.75805656047457,-16.504193343332727,2.0,2.0,-18.96143296858497,2.0,-20.79970663721472,2.0,-22.8162548192751,-23.89672105315131,2.0,2.0,-27.455010808666344,2.0,2.0,2.0,2.0,-34.60175103262387,2.0,2.0,2.0,2.0,2.0,2.0,2.0,2.0,2.0,-54.962169525815824,2.0,-60.29186114608585,-63.14751688959443,2.0,2.0,2.0,-75.98847033133514,2.0,2.0,2.0,2.0,2.0,2.0,2.0
0.8406652885618325,2.0,2.0,2.0,2.0,2.0,2.0,2.0,2.0,2.0,2.0,2.0,2.0,2.0,2.0,2.0,2.0,2.0,2.0,2.0,2.0,2.0,2.0,2.0,2.0,2.0,2.0,2.0,2.0,2.0,2.0,2.0,2.0,2.0,-0.0978989280642694,-0.0956513150670567,-0.093891956427788,-0.0925002317910128,-0.0914198548908038,-0.0907671460637864,-0.0905635572616873,-0.0907676474583471,-0.0912777948677653,-0.0920844520281669,-0.0932754631877195,-0.0948489492360319,-0.0967875416808068,-0.0990778203619119,-0.1017096945791542,-0.1046730962856294,-0.1079309193358231,-0.1114749672027738,-0.1153415428403211,-0.1195496685298987,-0.1240996856403039,-0.1289939267363266,-0.1342364892406806,-0.1398330747655022,-0.1457909572497098,-0.1521186676558455,-0.158826140689379,-0.1659245833867438,-0.1734263680730764,-0.1813451020138324,-0.1896955093393,-0.198493696392296,-0.2077566227080153,-0.2175026320577649,-0.2277512741277639,-0.238523218270153,-0.2498404368976955,-0.2617261860731884,-0.27420501555076,-0.2873028893246174,-0.3010470358076529,-0.3154662637991275,-0.3305908293219857,-0.3464525658213777,-0.3630849246275517,-0.3805230634639605,-0.3988038749256155,-0.4179661344894068,-0.438050463251121,-0.4590995660777784,-0.4811581738338678,-0.5042732504199362,-0.5284939579369172,-0.5538719710266117,-0.5804613511756582,-0.6083188089616575,-0.6375037515302133,-0.6680785093780647,-0.7001083697981385,-0.7336616835866387,-0.7688101832956964,-0.8056288798525318,-0.8441965841543919,-0.8845956517913998,-0.9269124341507284,-0.9712373371592796,-1.0176654289104496,-1.066295706246971,-1.1172323283958732,-1.170584255330234,-1.226465576999857,-1.2849958314957897,-1.34630032548529,-1.4105101828370987,-1.4777628219190313,-1.5482022549975496,-1.6219791517992417,-1.6992514005895418,-1.7801844674934932,-1.864951659090358,-1.9537342890575335,-2.046722579892365,-2.144115441445771,-2.246121511611632,2.0,-2.464857031527354,-2.5820548701231383,-2.70480357891998,-2.8333659258966644,-2.9680174187086,-3.1090460581888295,-3.2567540753443787,-3.4114579976099852,-3.5734887989479676,-3.7431936546987066,-3.92093586427236,-4.107096077844631,-4.302073101249203,-4.506284776765059,2.0,2.0,-5.178804327024953,2.0,2.0,-5.951476830338868,-6.233807664323246,2.0,-6.839218826000384,2.0,-7.503336680184713,-7.859168892626395,2.0,-8.622192663032331,2.0,-9.459208490865944,-9.9076797499906,2.0,2.0,-11.384616863757374,-11.924285673218147,2.0,2.0,-13.701564649505492,2.0,2.0,2.0,2.0,2.0,-18.08965407235212,2.0,-19.84479008484917,2.0,-21.770137424805853,2.0,-23.882204513708174,2.0,2.0,2.0,-28.740689321977264,2.0,-31.528764578376062,2.0,2.0,2.0,2.0,2.0,2.0,2.0,2.0,2.0,2.0,2.0,2.0,2.0,2.0,-63.13299413703678,2.0,2.0,2.0,2.0,2.0,-83.3428465092092,2.0,2.0,-95.75759933290192,2.0,2.0
0.8166957611638572,2.0,2.0,2.0,2.0,2.0,2.0,2.0,2.0,2.0,2.0,2.0,2.0,2.0,2.0,2.0,2.0,2.0,2.0,2.0,2.0,2.0,2.0,2.0,2.0,2.0,2.0,2.0,2.0,2.0,2.0,2.0,2.0,2.0,-0.0963864474256766,-0.0935128218615266,-0.0910156100829684,-0.0888597891662178,-0.0872181768666724,-0.0860323113307762,-0.0851570024841337,-0.0846643987969779,-0.0846552145818023,-0.0850961465879683,-0.0858926275655972,-0.0869777036009455,-0.0884267976786265,-0.0902841696644085,-0.0925306655192053,-0.0951519392741544,-0.0981375246826096,-0.101480207217766,-0.1051626461668966,-0.109150524947139,-0.11345479387357,-0.1181219110627585,-0.123158604756168,-0.1285679494242235,-0.1343549510946537,-0.1405263291414428,-0.1470903981742565,-0.1540568872767208,-0.1614371641007987,-0.1692436369655522,-0.1774902315916612,-0.1861920934987506,-0.1953656454650198,-0.2050285753345646,-0.2151998314109818,-0.2258996129451394,-0.2371495282924172,-0.2489723651940584,-0.2613923319274862,-0.2744350319204147,-0.2881274889665884,-0.3024982042560346,-0.3175772201632257,-0.3333960620409113,-0.3499882302473109,-0.3673884590883309,-0.3856335641406884,-0.4047621511221781,-0.4248147324498201,-0.4458338865942793,-0.467864195223238,-0.4909525191544249,-0.5151479923671548,-0.5405020803559163,-0.5670688640186272,-0.5949049334004279,-0.62406963135442,-0.6546252035835132,-0.6866368652930044,-0.7201729491854465,-0.7553050741642343,-0.7921082874914085,-0.8306612294809687,-0.8710463250395012,-0.9133498664546492,-0.9576622798703656,-1.0040782870286598,-1.0526972466496416,-1.1036230853381903,-1.1569646650418255,-1.212836248130616,-1.2713572388876622,-1.3326528911945754,-1.396854323851525,-1.4640990212510814,-1.5345308140703942,-1.6083004557823348,-1.685565866464792,-1.7664924228673151,-1.8512532781149411,-1.940030036253718,-2.033012583815563,-2.130400005294113,-2.2324009512958902,-2.339233727220289,-2.4511268437701914,-2.568320302760233,-2.691064772764159,-2.8196231523768898,2.0,-3.0952958109777393,2.0,-3.3977008332610907,-3.5597285809470467,-3.7294302132830417,2.0,2.0,-4.288301614929831,2.0,-4.706391642800952,-4.930402649636039,2.0,-5.410756392005221,2.0,2.0,-6.220018969374903,2.0,-6.825426700751717,-7.149802451478422,2.0,-7.845372540832737,2.0,-8.608393429575987,2.0,-9.445407085898644,2.0,2.0,2.0,2.0,2.0,2.0,-13.067711624696956,2.0,2.0,2.0,2.0,-16.475868878658407,-17.25734643789399,-18.075840624731853,2.0,2.0,2.0,2.0,2.0,2.0,2.0,2.0,2.0,-28.72687110907381,2.0,2.0,2.0,2.0,-36.212140043462675,2.0,2.0,-41.60895813563843,2.0,2.0,2.0,2.0,2.0,2.0,2.0,2.0,2.0,2.0,-69.24270593777888,2.0,-75.96012369286856,2.0,2.0,2.0,2.0,-95.74377543322402,2.0,2.0
0.7934096665797492,2.0,2.0,2.0,2.0,2.0,2.0,2.0,2.0,2.0,2.0,2.0,2.0,2.0,2.0,2.0,2.0,2.0,2.0,2.0,2.0,2.0,2.0,2.0,2.0,2.0,2.0,-0.1314117019239458,2.0,2.0,2.0,2.0,2.0,2.0,2.0,-0.0917333568691842,-0.0884899436901939,-0.0857764475702138,-0.0835012265117425,-0.0815472245454406,-0.0801125090692506,-0.0791896012421456,-0.0785919811504451,-0.0783540900809555,-0.0786198865950181,-0.0793591950546897,-0.0804978793465642,-0.0819329501237722,-0.0837152288502089,-0.0859264813822156,-0.0885483937281421,-0.0915665079481878,-0.0949705669631851,-0.0987539658080026,-0.1029102785564803,-0.1074027309365558,-0.1122234150648515,-0.1174175454475072,-0.1230096115034765,-0.1290037644153307,-0.1354061885309929,-0.1422248495509497,-0.1494694250979071,-0.1571511207565006,-0.1652826904023283,-0.1738784360229203,-0.1829537128424677,-0.1925255321805561,-0.2026121804458625,-0.2132332934599347,-0.2244099130045739,-0.2361643829045464,-0.2485205436219351,-0.2615035721660402,-0.2751401933456926,-0.2894585836800766,-0.3044885387193576,-0.320261407802158,-0.3368102319375596,-0.354169787597281,-0.3723766213770026,-0.391469168085167,-0.411487798989018,-0.4324748698097042,-0.4544749790037282,-0.4775348398765821,-0.5017033667705217,-0.5270320205999958,-0.5535747113786282,-0.5813879963679272,-0.6105311619539496,-0.6410663250039335,-0.6730586704006736,-0.7065764100381459,-0.7416912289229145,-0.7784779741668011,-0.8170152757692385,-0.8573856294914317,-0.899675048768074,-0.943974145022359,2.0,-1.0389844469145535,-1.089898690560645,-1.1432296091095284,-1.1990907964629702,-1.2576020179540957,-1.318888257300416,-1.3830808966817174,-1.4503170903578548,-1.520740894547249,-1.5945029130562878,-1.671761081059328,-1.7526806303672722,-1.8374350047967656,-1.9262054333549496,-2.0191820043505846,-2.1165637412401397,-2.218559313108672,2.0,-2.437275201312532,-2.554463950046354,2.0,2.0,2.0,-3.0814228163260964,-3.229123563300526,-3.3838206171634084,-3.545844825116841,-3.7155434417618705,-3.893279654830608,-4.0794343366749946,2.0,2.0,-4.692490984378353,-4.91649945679215,-5.151118036378138,-5.396848923649034,-5.65421862343586,2.0,2.0,-6.501804900760387,-6.811509735471768,2.0,2.0,-7.831450722855546,-8.204133860301216,2.0,2.0,2.0,-9.879948771955736,2.0,2.0,2.0,-11.896546528522856,2.0,2.0,2.0,2.0,2.0,2.0,2.0,-17.24340760594697,2.0,2.0,2.0,-20.757434903043247,2.0,-22.77398011944524,2.0,2.0,2.0,2.0,2.0,2.0,2.0,2.0,-34.55946569163204,2.0,2.0,2.0,2.0,2.0,2.0,2.0,2.0,2.0,2.0,2.0,2.0,2.0,2.0,-69.228756349582,2.0,2.0,2.0,-83.3150727827234,2.0,2.0,2.0,2.0,2.0
0.7707875183839599,2.0,2.0,2.0,2.0,2.0,2.0,2.0,2.0,2.0,2.0,2.0,2.0,2.0,2.0,2.0,2.0,2.0,2.0,2.0,2.0,2.0,2.0,2.0,2.0,2.0,2.0,2.0,2.0,2.0,2.0,2.0,2.0,2.0,2.0,-0.0903051237715972,-0.0864499619043281,-0.0831141019374809,-0.0800944302239985,-0.0776275496000548,-0.0756328459263575,-0.073953509261413,-0.0728130352294682,-0.0722126879758133,-0.0719434861740347,-0.0720360661681454,-0.0726507982173555,-0.0737569739454211,-0.0752862950196139,-0.0771215480585167,-0.0793065262749633,-0.0819379008655101,-0.0849996839841197,-0.0884780769218003,-0.0923637219522135,-0.0966509732452942,-0.101337055461135,-0.1063929778806475,-0.1117982536390349,-0.1175891597251675,-0.123807097121438,-0.1304581139466742,-0.137549685847131,-0.1450914904122235,-0.1530947754441025,-0.1615723395048968,-0.1705387545768632,-0.1800099645239376,-0.1900034445514583,-0.2005382938318925,-0.2116346741412521,-0.2233145102621004,-0.2356011628694199,-0.2485193386147386,-0.2620953230954214,-0.276357091552232,-0.2913338940068495,-0.3070571335536582,-0.3235593121766418,-0.3408750448817651,-0.3590407238617262,-0.3780945633285881,-0.3980767475060653,-0.4190295458799517,-0.4409973038309734,-0.4640265905232635,-0.4881663129019763,-0.5134677831795336,-0.539984807174257,-0.5677738142095657,-0.596894003817181,-0.6274074224938841,-0.6593791769392374,-0.6928775178265913,-0.7279738175617223,-0.7647430797746806,-0.8032638868318578,-0.843618445373345,-0.8858929777346648,-0.9301779504578618,-0.97656789709138,-1.0251620220611977,-1.0760642713171933,-1.1293834755576628,-1.1852338645374925,-1.2437346492966368,-1.3050110408583704,-1.3691942805963,-1.4364216023828449,-1.506836774648874,-1.580590752328221,-1.6578412429617642,-1.738753517077836,-1.8235008460289204,2.0,-2.0052349159404987,-2.1026106905902777,-2.2046004507349783,-2.3114226144703953,-2.423305692641549,-2.540489412455148,-2.6632247527712587,2.0,2.0,-3.0674308739990326,-3.21512792107114,-3.3698210811524265,-3.5318417497639847,-3.7015370286817206,-3.879270101802776,-4.065421625003229,-4.260390546741384,-4.464594154155769,-4.678469970549067,-4.9024759759807095,-5.137091822814999,2.0,2.0,2.0,2.0,-6.4877682596845565,2.0,2.0,-7.461579808810671,2.0,2.0,-8.58042284255348,-8.989244792809327,-9.417430913537244,2.0,-10.335608043213426,2.0,-11.342825949793532,-11.88249187113708,-12.44771991674945,-13.039720789432916,2.0,2.0,2.0,2.0,2.0,2.0,2.0,2.0,2.0,-20.743371167089965,2.0,2.0,-23.840379634110036,2.0,-26.15727235759637,-27.398664274317163,-28.698859204001504,2.0,2.0,2.0,2.0,2.0,-37.90047724864742,2.0,2.0,2.0,2.0,2.0,2.0,-52.42035093413491,-54.905804955168975,2.0,2.0,-63.0911500321364,2.0,2.0,2.0,2.0,-79.53130303316918,2.0,2.0,2.0,-95.71575124999444,2.0,-105.00335169421228
0.7488103857590023,2.0,2.0,2.0,2.0,2.0,2.0,2.0,2.0,2.0,2.0,2.0,2.0,2.0,2.0,2.0,2.0,2.0,2.0,2.0,2.0,2.0,2.0,2.0,2.0,2.0,2.0,2.0,-0.1312906399936869,2.0,2.0,2.0,2.0,2.0,2.0,-0.0894926840420422,-0.0851242577506499,-0.0811065727908672,-0.0775611975497229,-0.0745272930520136,-0.0718185191833285,-0.0697245779164224,-0.0680678399088557,-0.0667456246888708,-0.0660124226696073,-0.0658089681339033,-0.0659205176429321,-0.0664353417803425,-0.067491023233084,-0.0690485555947584,-0.0710280163905433,-0.0733167615466882,-0.0759836905291012,-0.0791150814903828,-0.0826938041129159,-0.0867077014486123,-0.0911491131268688,-0.096014011893325,-0.101301470934509,-0.1069854779583472,-0.1130432833595451,-0.1195107518706107,-0.1264357529891392,-0.133825957721804,-0.1416908385270556,-0.1500418817871019,-0.1588920911897436,-0.1682563114541771,-0.1781513137439442,-0.1885949413927319,-0.1996069350269956,-0.2112084818658961,-0.2234222601766397,-0.2362727344268418,-0.2497856392583133,-0.2639884174142632,-0.2789102793917594,-0.294581801661672,-0.3110358277796523,-0.3283063398528345,-0.3464295647198078,-0.3654435133058396,-0.3853882184099111,-0.4063057555490627,-0.4282403064569153,-0.4512383192310676,-0.475348553303004,-0.5006221724339317,-0.5271129036973897,-0.5548770773463777,-0.5839738503708855,-0.6144651260029299,-0.6464159011531372,-0.6798943485262339,-0.7149718937870243,-0.7517234062201621,-0.7902273152214505,-0.830565867548647,-0.8728252516093497,-0.9170956891901132,-0.9634721340141396,-1.0120533088652384,-1.0629432850088176,-1.116250873170241,-1.1720901004714812,-1.2305802225453786,-1.2918467687019013,-1.3560204837359584,-1.4232387493434788,-1.493645418678362,-1.5673911112452945,-1.6446336942839208,-1.725538648247144,-1.8102788359846056,-1.8990358927068531,-1.9919998748520744,-2.0893697037510663,-2.1913536371680986,-2.298170281465387,2.0,-2.527226918112378,-2.6499574954859724,-2.7785026264025494,-2.9131375402846253,2.0,-3.2018436593521735,2.0,-3.5185503473191315,-3.688242108181621,-3.865971989451346,-4.052120386761769,2.0,2.0,2.0,2.0,2.0,-5.369503612829456,2.0,-5.89642440731289,2.0,2.0,-6.784144232226162,2.0,-7.448249324912165,2.0,2.0,2.0,-8.975908502057212,2.0,2.0,2.0,2.0,2.0,-11.869148471359072,2.0,2.0,-13.64641646220719,2.0,2.0,2.0,2.0,2.0,2.0,-18.89175037241371,2.0,2.0,2.0,2.0,2.0,2.0,-26.143916925182875,2.0,2.0,2.0,2.0,-32.96742593244961,2.0,2.0,2.0,-39.68477340387608,2.0,2.0,2.0,-47.76823050655256,2.0,2.0,2.0,2.0,2.0,2.0,2.0,2.0,2.0,-75.91873893040837,-79.51794092948346,2.0,2.0,2.0,2.0,2.0,2.0
0.7274598776536367,2.0,2.0,2.0,2.0,2.0,2.0,2.0,2.0,2.0,2.0,2.0,2.0,2.0,2.0,2.0,2.0,2.0,2.0,2.0,2.0,2.0,2.0,2.0,2.0,2.0,2.0,-0.1420827813515615,2.0,2.0,2.0,2.0,2.0,2.0,2.0,-0.089291026906204,-0.0843706155554584,-0.079781315286119,-0.0757652421937532,-0.0720603992825281,-0.0689554747628269,-0.0662660883787184,-0.0639739873166623,-0.06233928545537,-0.0610621845967816,-0.0601973240499576,-0.0599674908994211,-0.0602057978270122,-0.0607472463416345,-0.061779589976431,-0.0633565089093703,-0.0654402209232511,-0.0679167393475622,-0.0707108123555278,-0.0739388062762935,-0.0776446446623351,-0.0818133273411636,-0.0864351561691014,-0.0915047272978642,-0.0970201221749572,-0.1029821583810928,-0.1093602900550431,-0.1161383132594565,-0.1233637795553142,-0.1310790233274153,-0.1392936510246259,-0.1480195691585195,-0.1572698491697063,-0.1670601139542842,-0.1774073529643792,-0.1883303488585123,-0.1998496318150911,-0.2119872166488532,-0.2247668367243184,-0.2382139582489151,-0.2523554511911362,-0.2672201535002014,-0.2828384108176731,-0.299242433630834,-0.3164662484101425,-0.3345456348724968,-0.3535186049626999,-0.3734247132907933,-0.3943060409241731,-0.4162066017251732,-0.4391725611692403,-0.4632525981949794,-0.488497760317912,-0.5149616960941129,-0.5427005686413091,-0.571773399927022,-0.6022420704262286,-0.6341715214379431,-0.6676297699001503,-0.7026881979914222,-0.7394215986925091,-0.7779083955919992,-0.818230737376503,-0.8604746864525118,-0.904730700095592,-0.951093147474636,-0.9996612933133489,-1.05053877220751,-1.1038345570949688,-1.1596625715323197,-1.2181421664372385,-1.279398410704234,-1.3435625287061834,-1.4107715814926494,-1.4811693426337214,-1.5549071248777366,-1.632141920539048,-1.7130392852144354,-1.797772527585142,2.0,-1.9794802345646536,-2.076843759927342,-2.1788219643797033,-2.2856329633023114,-2.397505684806088,-2.5146793903176348,-2.637405151384121,2.0,-2.9005762045947887,-3.041585058851627,-3.189274271226412,-3.3439600106212395,2.0,2.0,2.0,2.0,2.0,-4.438694890993284,-4.652565095619783,-4.876566197911617,2.0,-5.356901316181477,2.0,-5.883817772115498,-6.166138908144199,2.0,2.0,2.0,2.0,2.0,2.0,2.0,-8.96328646804415,2.0,2.0,2.0,2.0,2.0,2.0,2.0,2.0,2.0,2.0,2.0,-15.675752972647365,2.0,2.0,2.0,2.0,2.0,-20.717379785699148,2.0,2.0,2.0,-24.94602824639807,2.0,2.0,2.0,-30.03464362345273,2.0,2.0,-34.51939554676253,2.0,2.0,2.0,-41.5549368991794,2.0,-45.59233998791872,-47.75558495153887,-50.02130184178284,2.0,-54.879798052954385,-57.482986461861024,2.0,2.0,2.0,-69.18867490308362,-72.46967272421097,2.0,2.0,2.0,2.0,2.0,-95.68974030003255,2.0,2.0
0.7067181273927491,2.0,2.0,2.0,2.0,2.0,2.0,2.0,2.0,2.0,2.0,2.0,2.0,2.0,2.0,2.0,2.0,2.0,2.0,2.0,2.0,2.0,2.0,2.0,2.0,2.0,-0.1537847319139754,2.0,2.0,2.0,-0.1222690694347341,2.0,2.0,2.0,2.0,-0.0893900064434966,-0.0839034107286435,-0.0788718097454604,-0.074248756997873,-0.0700779003137098,-0.0664144606295247,-0.063115064537526,-0.06047197736075,-0.0581474763792556,-0.0563868177028497,-0.0552148164873131,-0.0543464990222776,-0.0540361248513082,-0.0543496592681046,-0.0550409703883247,-0.0560822274482186,-0.0576853549431662,-0.0598338746535339,-0.0624832086153813,-0.0654923415207831,-0.0688517109765054,-0.0726974063176421,-0.0770348948176989,-0.0818522346508077,-0.0871424534423607,-0.0929027588496672,-0.0991335866718844,-0.1058357746263883,-0.1129725947201799,-0.120541245546668,-0.1286015652669536,-0.1371872379252731,-0.1463098066490526,-0.1559831685305214,-0.1662232879643432,-0.177047772480116,-0.1884762312967745,-0.2005299368051,-0.213231882836774,-0.2266069994911236,-0.2406816091202294,-0.2554840513274027,-0.2710442898050076,-0.2873942064212507,-0.3045674379041146,-0.3225995845380824,-0.3415281531824959,-0.3613928258917134,-0.3822351384521082,-0.4040990480500314,-0.427030598042036,-0.4510781986555293,-0.4762929567685622,-0.5027281334419961,-0.5304399170922897,-0.5594871434811698,-0.5899317375764459,-0.6218383974428262,-0.6552751184891996,-0.6903131951564838,-0.7270273272991081,-0.7654958853307391,-0.8058009580096093,-0.8480286338700688,-0.8922689217846402,-0.938616834925604,-0.987170975376088,-1.038035307730459,-1.091318598947313,-1.1471346329118768,-1.205602977012953,-1.266848507587601,-1.3310024214100244,-1.3982018792182418,-1.4685905700154231,-1.5423192918893822,-1.619545800063659,-1.7004353382893165,-1.7851609370059158,-1.8739041570221753,-1.9668547857835208,-2.0642118767175885,-2.166183775642124,-2.2729890753621422,-2.3848560945849897,-2.502024427988855,-2.624745235756131,-2.7532809090270014,-2.887906794910739,-3.0289113113035357,-3.176596243802406,-3.331278162087824,-3.493287963179428,-3.662972698128248,-3.840695728469018,2.0,-4.221797728553104,2.0,-4.639860196844715,-4.863858547273431,2.0,2.0,-5.601549277192125,-5.871100490227278,2.0,-6.449110964352163,2.0,2.0,2.0,-7.778729199020806,-8.151406054189874,2.0,2.0,-9.378735335664404,2.0,2.0,2.0,2.0,2.0,2.0,-13.001001405479249,2.0,-14.27044945459359,-14.950618862395167,2.0,2.0,2.0,2.0,2.0,-19.76423136339146,2.0,2.0,2.0,2.0,2.0,2.0,2.0,2.0,2.0,2.0,2.0,2.0,2.0,2.0,2.0,2.0,2.0,2.0,2.0,2.0,-52.381586110839166,-54.867039098531066,2.0,-60.19672786208316,2.0,2.0,2.0,2.0,2.0,2.0,-83.26222877189007,2.0,2.0,2.0,2.0,2.0
0.6865677777260395,2.0,2.0,2.0,2.0,2.0,2.0,2.0,2.0,2.0,2.0,2.0,2.0,2.0,2.0,2.0,2.0,2.0,2.0,2.0,2.0,2.0,2.0,2.0,2.0,2.0,-0.1574903517587361,-0.1489971897190637,-0.14069373246237,-0.1325796143135331,-0.1247174464604051,-0.1170990907338544,-0.1097627304613249,-0.1027544511368448,2.0,-0.0897450925674266,-0.0837459815527539,-0.0782611724342157,-0.0730762177479039,-0.0684729921855456,-0.0641784826538853,-0.0605136235445682,-0.0571986541194212,-0.0544497144787806,-0.0522313007954251,-0.0503617598301475,-0.04920181266172,-0.0484656501304925,-0.0481024701503219,-0.04840351819277,-0.0492581667856862,-0.0504285084010412,-0.0520640372206544,-0.054286105390133,-0.0570549400949324,-0.0602955079588636,-0.063877999993879,-0.0678773311459524,-0.0723977095648588,-0.0774257796139011,-0.082952755155455,-0.0889751879842232,-0.0954923124298018,-0.1025073409842102,-0.1100172058842738,-0.1179833470655113,-0.1264207348072477,-0.1353989088653938,-0.1449409830722618,-0.1550611166512814,-0.1657759143493288,-0.1771035741412185,-0.1890644733584627,-0.2016808559655433,-0.2149767925555677,-0.2289780613700006,-0.2437124491505632,-0.2592093981496918,-0.2755003838778898,-0.292618660525712,-0.3105994796000332,-0.3294800916501241,-0.3492998433396542,-0.3701000671824025,-0.3919245375277168,-0.4148190340170031,-0.4388317760590077,-0.4640137923655074,-0.4904181712369224,-0.5181008281647662,-0.5471208231195644,-0.5775394153436989,-0.6094217922679568,-0.6428355682167832,-0.677851853333783,-0.7145454909740158,-0.7529945206573976,-0.7932812861609101,-0.8354915270291409,-0.8797155212835217,-0.926047618689975,-0.974587048602614,-1.025437159071567,-1.0787070903778757,-1.134510426494513,-1.1929669925528992,-1.2542011780974396,-1.3183441756625396,-1.3855333168694062,-1.4559123916887025,-1.5296318874284722,-1.6068495868411614,2.0,-1.772448278322669,-1.861183995714453,-1.9541274281186805,-2.0514775148280053,-2.1534431121361464,-2.2602420919290993,-2.3721032560499062,-2.4892659001507753,-2.61198134972476,-2.7405119029399567,-2.875133000766468,-3.0161329166741915,-3.163813492822539,-3.3184909646778897,-3.4804968098809854,-3.65017761304936,2.0,2.0,2.0,-4.413184327153273,-4.627048836152016,2.0,-5.085649985124887,-5.331368805681543,-5.588727180614615,-5.858275950331027,-6.140592620626684,2.0,-6.7459776311675395,2.0,2.0,-7.765892547543631,2.0,2.0,-8.937711871191008,2.0,2.0,-10.284059394122416,2.0,2.0,-11.83092940922646,-12.396153214957772,2.0,2.0,2.0,-14.937764651254469,-15.650151128877138,2.0,-17.17775507102971,2.0,2.0,2.0,2.0,2.0,-22.70830871808098,-23.78877116064801,2.0,2.0,2.0,2.0,2.0,2.0,2.0,2.0,2.0,2.0,2.0,-41.52931287342181,2.0,2.0,2.0,-49.99567528873256,2.0,2.0,2.0,2.0,-63.039513201868665,2.0,2.0,2.0,2.0,-79.47966264385265,2.0,-87.19762536912276,2.0,2.0,2.0,-104.95170799331925
0.6669919663030122,2.0,2.0,2.0,2.0,2.0,2.0,2.0,2.0,2.0,2.0,2.0,2.0,2.0,2.0,2.0,2.0,2.0,2.0,2.0,2.0,2.0,2.0,2.0,2.0,2.0,-0.1610972497674498,-0.1523914050135382,-0.1438491231703285,-0.13547304300366,-0.1273198119985574,-0.1193927141712113,-0.111708177590793,-0.1043488059039849,2.0,-0.0905456698923905,-0.0841466939798571,-0.0781852966737858,-0.0725995245462796,-0.0674603193383803,-0.0627619043293119,-0.0585427760269426,-0.054764523568125,-0.0515655429288181,-0.0487207970458652,-0.0465908816992753,-0.044786013223467,-0.0435689110034563,-0.0429876767735364,-0.0427130788073311,-0.0430203825634819,-0.0439923616165502,-0.0453724049772665,-0.0471083804444677,-0.0494338886268184,-0.0523400398829501,-0.0557899019523324,-0.0596449620477521,-0.0638649623162184,-0.0685965918734417,-0.0738632291719597,-0.0796547655046294,-0.0859662282077637,-0.0927968995623633,-0.1001495372399736,-0.1080299377405249,-0.1164205059179662,-0.1252947487290872,-0.1346958934798739,-0.1446871378558012,-0.1552842267006921,-0.1665045605479503,-0.178367024531686,-0.1908928403243688,-0.2041052820105317,-0.2180295218834001,-0.2326925037205431,-0.2481233569797184,-0.2643528957517024,-0.2814139918611582,-0.2993415337727135,-0.3181724720923296,-0.337945711209918,-0.3587025163917703,-0.3804862288028137,-0.4033425869567202,-0.4273196349631463,-0.4524679108075464,-0.478840675959306,-0.5064936133789611,-0.5354855622643511,-0.5658778078105302,-0.5977352412177576,-0.6311254540350552,-0.6661196665477518,-0.7027923214531236,-0.7412216326816433,-0.7814895576052949,-0.8236821491968932,-0.8678893388117537,-0.9142056477222612,-0.9627296611252408,-1.0135659964635446,-1.066822270717892,-1.1226129886034522,-1.181057124076852,-1.2422795309549548,-1.3064119717145288,-1.3735906559111966,-1.443959893396524,-1.517669888537727,-1.5948787444393455,-1.675751393744965,-1.760461047945849,-1.849188999334806,-1.9421251629002452,-2.0394684175946685,-2.141427183464094,-2.248219907210854,-2.3600751689640527,2.0,-2.599942149965547,-2.728467684764144,-2.8630838644284737,-3.004079054753496,-3.1517552560215663,-3.3064285889373384,-3.4684303183757668,-3.63810743920695,-3.815823146714248,2.0,-4.196911559210544,-4.4011001722245995,2.0,-4.838953996282312,-5.073557346580591,2.0,2.0,-5.846175638339194,2.0,-6.42417736017124,-6.733870871141292,-7.0582337830822794,-7.397961020610503,-7.753780389656185,2.0,2.0,2.0,-9.35377390828045,-9.8022347617766,2.0,-10.76388941669369,2.0,2.0,-12.384026855365764,2.0,-13.596060014370918,2.0,2.0,2.0,-16.384150130221506,2.0,2.0,2.0,-19.739237155555056,-20.67963384318339,-21.664575289000823,-22.696171977084987,2.0,2.0,2.0,2.0,2.0,2.0,2.0,2.0,2.0,2.0,-37.83670987798485,2.0,2.0,-43.48916465862519,2.0,2.0,2.0,2.0,-54.842026324946595,2.0,2.0,2.0,2.0,2.0,2.0,2.0,2.0,2.0,2.0,2.0,2.0,2.0,2.0
0.6479743115621104,2.0,2.0,2.0,2.0,2.0,2.0,2.0,2.0,2.0,2.0,2.0,2.0,2.0,2.0,2.0,2.0,2.0,2.0,2.0,2.0,2.0,2.0,2.0,2.0,2.0,-0.1646075231990902,-0.1557441736110961,-0.1470197817889649,-0.1384396813097373,-0.1300502819527611,-0.1218721785388975,-0.1138984038490965,-0.1062384104580345,2.0,2.0,-0.0850137518795691,-0.0785985081216444,-0.0726667083855178,-0.0670327869266374,-0.0619729515820052,-0.0572207374563916,-0.0531038912555828,-0.0492990044217674,-0.046190751533073,-0.0434010140835619,-0.0412922050153191,-0.0396545284609219,-0.0384321919031188,-0.0379645201431982,-0.0378797293722636,-0.0382366851198232,-0.0393019107146384,-0.040910089985185,-0.0428394735072137,-0.0453005024439155,-0.048374525536737,-0.0520246197742447,-0.0561701269022637,-0.0606816233429292,-0.0656545540678658,-0.0711885683638496,-0.0772729232878987,-0.0839018407350156,-0.0910739461467047,-0.098792222958027,-0.1070624597330027,-0.1158892206522025,-0.1252345275701983,-0.1351063088380824,-0.1455774734775068,-0.1566830307962972,-0.1684407649679987,-0.1808707727347869,-0.1939952201826324,-0.2078383801402905,-0.22242664449978,-0.2377883166009113,-0.2539537650474584,-0.2709554319369884,-0.2888276928262178,-0.3076071084405933,-0.327332335753845,-0.3480443201963503,-0.3697861075712177,-0.3926031983775694,-0.4165434921706794,-0.441657300353563,-0.4679976378675107,-0.4956201631234687,-0.5245834391691413,-0.5549487898341037,-0.5867807369218881,-0.6201470354786777,-0.6551185547891734,-0.6917698926391894,-0.7301792163171291,-0.7704281117748124,-0.8126027235187954,-0.8567929252241475,-0.9030931166378652,-0.9516019283646509,-1.0024237892827177,-1.0556665273802728,-1.1114440010555628,-1.1698758601238233,-1.2310868784144378,-1.295207794806298,-1.3623760414505055,-1.432735557069612,-1.5064360619788066,-1.5836358558140344,-1.6645000224346214,2.0,-1.8379218446280632,-1.930850670348009,-2.0281868930922347,-2.130139233312784,-2.236925600446172,-2.348774733126787,-2.465926121976464,-2.588630446712725,-2.717150908549077,2.0,-2.9927525448627668,-3.140424299225302,-3.2950933399716984,-3.4570910371108385,-3.6267644122496914,-3.804476567981065,-3.990608107090214,-4.185558029796957,-4.389743269342825,-4.603602085753288,-4.827591507375496,-5.06219186035255,-5.307905636658996,2.0,2.0,2.0,2.0,2.0,-7.04685237818076,2.0,2.0,2.0,2.0,2.0,2.0,2.0,-10.260543547828584,-10.752494006070144,2.0,2.0,2.0,2.0,-13.584658813023706,-14.23406468574442,2.0,2.0,-16.372745290625048,2.0,2.0,2.0,2.0,-20.6682253610931,2.0,2.0,-23.76522335381806,2.0,2.0,2.0,2.0,2.0,2.0,2.0,-34.47021867259214,2.0,2.0,2.0,2.0,2.0,2.0,-47.70639881957545,2.0,2.0,2.0,2.0,2.0,2.0,2.0,2.0,2.0,2.0,2.0,2.0,2.0,2.0,2.0,2.0,2.0
0.6294988990221887,2.0,2.0,2.0,2.0,2.0,2.0,2.0,2.0,2.0,2.0,2.0,2.0,2.0,2.0,2.0,2.0,2.0,2.0,2.0,2.0,2.0,2.0,2.0,2.0,2.0,-0.1680213880271525,-0.1590342116561176,-0.1501614701281139,-0.141410424368338,-0.1328193798395914,-0.1244216400356097,-0.1162016906415899,-0.1082610891856073,2.0,2.0,-0.0860845420751482,-0.0793019334870356,-0.0729710047537253,-0.0669901062244338,-0.0614304921883865,-0.0563513331304959,-0.0516605868944831,-0.0475557277999516,-0.0438368254883003,-0.0407331303805145,-0.0380926588458312,-0.0359472343662426,-0.0344850000688235,-0.0333392414066303,-0.0329319176763212,-0.0330600463380219,-0.0335305387986468,-0.034690551122131,-0.0365020717354823,-0.0386825411401323,-0.0412977588995891,-0.0445528611315778,-0.0484134489433245,-0.0528374978361781,-0.0576740604319175,-0.0629242539700061,-0.0687432798240017,-0.0751385992449202,-0.0821038040686413,-0.0896374045603898,-0.0977419975321177,-0.1064236869992144,-0.115691783032613,-0.1255324680132375,-0.1359185784371653,-0.1468968019898913,-0.1585375576713641,-0.1708608714166065,-0.1838875878979106,-0.1976413624715,-0.2121472836778608,-0.2274330245664091,-0.2435283269855034,-0.2604650094084246,-0.2782770211387483,-0.2970004431451315,-0.3166734942588131,-0.3373369385092197,-0.3590334072869686,-0.3818081034847641,-0.4057086740115962,-0.4307853527788592,-0.4570908564973857,-0.4846806925080545,-0.5136131489744755,-0.5439496321542798,-0.575754434542706,-0.609095163923916,-0.6440426313405698,-0.6806711218037572,-0.7190589041116023,-0.7592874519222579,-0.8014429541889114,2.0,-0.8918981004619595,-0.9403909690453702,-0.9911971953082116,-1.0444253505326155,-1.100189225419029,-1.1586078285855854,-1.2198066280263644,-1.2839160324923662,-1.3510732031354011,2.0,-1.4951121921535897,-1.5723026501132458,-1.6531576254603506,-1.7378506250229149,-1.8265624703442875,-1.919483701960915,-2.0168126541233797,-2.1187578994827243,2.0,-2.3373804459687064,-2.4545257857487464,-2.5772245396476503,2.0,-2.8403452993302825,-2.9813309546714932,-3.1289978518291504,-3.28366245484889,-3.4456558753123128,-3.615325045239017,-3.7930333117167594,2.0,2.0,-4.378289654857616,-4.5921450946857565,-4.816131490626329,-5.050728903199848,-5.296439869913758,-5.553790420480006,2.0,-6.10564182930787,-6.401324527376098,-6.711013608558269,-7.035372458714033,-7.375095866041066,-7.730911440407333,2.0,-8.49390410183394,2.0,-9.330891889586937,-9.77934986727158,-10.249050207400872,2.0,-11.256250867370795,-11.795908913115134,2.0,2.0,2.0,2.0,-14.902728760942487,2.0,-16.361240791393474,2.0,2.0,2.0,-19.71632183748201,-20.65671676283301,2.0,2.0,2.0,2.0,2.0,2.0,2.0,-29.973958903498943,2.0,2.0,2.0,2.0,2.0,2.0,-41.49423878878232,2.0,2.0,-47.694882257622695,2.0,2.0,2.0,2.0,2.0,2.0,-65.9953573237446,2.0,2.0,2.0,-79.4445783345038,2.0,-87.16254006835068,2.0,2.0,-100.16537754291708,2.0
0.6115502679648499,2.0,2.0,2.0,2.0,2.0,2.0,2.0,2.0,2.0,2.0,2.0,2.0,2.0,2.0,2.0,2.0,2.0,2.0,2.0,2.0,2.0,2.0,2.0,2.0,2.0,-0.1713414272561145,-0.1622618916078715,-0.15327263166006,-0.1443822087292777,-0.1356223031334105,-0.1270357019772223,-0.1186066711193755,-0.1104107298140503,2.0,-0.0947259399233751,-0.0873597115173302,-0.0802745073543194,-0.0735225049111276,-0.0672140518968919,-0.0612021669205516,-0.0557469649782126,-0.0506273290106417,-0.0460714802370784,-0.0419289447001537,-0.0383636170687452,-0.0352252806646064,-0.0327562706609957,-0.0306359747760123,-0.0293033866277229,-0.0283130215568289,-0.0279412615631232,-0.0282723265359486,-0.0289237164035093,-0.030187760904796,-0.0321742139528358,-0.0346263133405838,-0.0374473827529869,-0.0408972229694368,-0.0449829938542358,-0.0496729261667619,-0.0548522394649592,-0.0604289927259372,-0.0665507645204429,-0.0732758233712769,-0.0805972749097565,-0.0885127986932245,-0.0970255053045751,-0.1061414057864895,-0.115870097020421,-0.1262185235710054,-0.1371493653951099,-0.1486759494647902,-0.1608798659500483,-0.1737979962454102,-0.18745220154586,-0.201867077220972,-0.2170691503526741,-0.2330872819036345,-0.2499527871380739,-0.2676988457162903,-0.2863611644591816,-0.305977543939846,-0.3265881717947888,-0.3482353762251505,-0.3709642091523529,-0.3948219521895739,-0.4198584504367418,-0.4461264264309842,-0.4736810551061756,-0.5025805273233392,-0.5328859918225606,-0.5646615341079544,-0.597974848033442,-0.6328963312944861,-0.6695005170619465,-0.7078652593579029,-0.7480723577505438,-0.7902072727624526,-0.8343600577524962,-0.8806248043432672,-0.9291001953022532,-0.979890332562688,-1.0331029384018846,-1.0888522930682194,-1.147257243523275,-1.2084426363991756,2.0,-1.3396848706586848,-1.4100220041249396,2.0,-1.5608822768302644,-1.6417278579088133,-1.7264114824901848,-1.8151147944064367,-1.908027888255236,-2.005349069534695,-2.107286824450086,-2.2140593526376944,-2.3258954997858736,2.0,-2.565727182260543,-2.6942360875060603,-2.8288367575222955,-2.9698169283649527,2.0,-3.2721388850785345,-3.4341277343210064,-3.6037926283950408,2.0,2.0,-4.1625634236488676,-4.366741899258553,-4.58059381752744,-4.804577176955614,2.0,-5.284879525121174,2.0,-5.811766086366519,2.0,2.0,2.0,2.0,-7.363518501320713,-7.719331607520655,2.0,2.0,2.0,2.0,-9.767761843759208,2.0,-10.729408267084365,-11.244658732733518,2.0,-12.349534543278084,2.0,2.0,-14.210964721216085,2.0,2.0,-16.349639562501846,2.0,2.0,2.0,2.0,2.0,2.0,2.0,2.0,2.0,2.0,2.0,-28.600568892467596,2.0,2.0,-32.88248269938729,2.0,2.0,2.0,2.0,2.0,2.0,-45.52002477308866,2.0,2.0,2.0,2.0,2.0,2.0,-62.992815989159155,2.0,2.0,2.0,2.0,2.0,2.0,2.0,2.0,2.0,2.0,2.0
0.5941133984965034,2.0,2.0,2.0,2.0,2.0,2.0,2.0,2.0,2.0,2.0,2.0,2.0,2.0,2.0,2.0,2.0,2.0,2.0,2.0,2.0,2.0,2.0,2.0,2.0,2.0,-0.1745717581435202,-0.1654420189426602,-0.1563799321496022,-0.147395885664637,-0.1385107570794685,-0.1297828908516389,-0.1211935842536915,-0.1127863802574771,2.0,2.0,-0.0889988831481956,-0.0816517790081128,-0.0745631973315373,-0.067918458449042,-0.0616121042680782,-0.0556840819824812,-0.050280341949835,-0.0451986772638006,-0.0407641066260414,-0.0366511960174783,-0.0332400560812595,-0.0301578258167345,-0.0278407786724458,-0.0258414971354025,-0.0246181012186729,-0.0238468087026474,-0.0235625189180778,-0.0240814946013025,-0.0249780998095769,-0.0263860135594235,-0.0285532432849536,-0.0312933426173694,-0.0343812519326327,-0.0380598685353436,-0.0424028445380988,-0.0473759221789147,-0.0529107580602442,-0.0588618371139358,-0.0653189673134844,-0.07240489879224,-0.080112950023007,-0.0884410526504578,-0.0973922119317359,-0.1069728567636278,-0.1171932309171188,-0.1280663091282894,-0.1395711460095772,-0.1516921333325478,-0.1644943101551076,-0.1780429018486659,-0.1923612477149274,-0.2074749156986535,-0.2234120016957932,-0.240202766831768,-0.2578799832924313,-0.2764785735877006,-0.2960359299473775,-0.3165916072241166,-0.3381879937653168,-0.3608693308730857,-0.3846827236598423,-0.4096779949491964,-0.4359073078994946,-0.4634257805522579,-0.4922913837682254,-0.5225649419828063,-0.5543107840139054,-0.587595894587498,-0.6224911635145715,-0.6590704604309706,-0.6974118317785394,-0.7375967806150344,-0.7797107821635239,-0.8238439144265222,-0.8700901777811653,-0.9185482731093992,-0.9693216351257216,-1.022518475347478,-1.0782530647880488,-1.1366438520752469,-1.1978159390200844,-1.2619002901422185,-1.3290336611046318,-1.3993597353623906,-1.4730289472089195,-1.550198934330481,-1.6310344815369917,-1.7157089868985782,-1.804403656640366,-1.8973084641923013,-1.9946216109756272,-2.096551962169407,-2.2033175567834715,-2.315146850497539,-2.4322793886955276,-2.554966009520737,-2.6834690214905788,-2.818064232111736,-2.959039097515327,-3.10669610156668,2.0,-3.423335562994777,-3.5929961523817355,-3.770696197758887,-3.9568161907965265,-4.151755151166873,-4.355930195038354,-4.569778743783769,-4.793758730445921,-5.028350055655688,-5.274055071239735,2.0,-5.800936286021344,2.0,-6.3789187919682915,-6.6886034551463664,-7.012957931977645,2.0,2.0,2.0,-8.471473829608447,-8.88028173501267,-9.308454814358134,2.0,2.0,-10.718553242411542,-11.233802053890455,2.0,-12.338675296433252,-12.930666437331151,2.0,-14.200101970683336,-14.880265903865832,2.0,2.0,2.0,2.0,2.0,2.0,2.0,2.0,2.0,2.0,2.0,2.0,2.0,2.0,2.0,2.0,-32.87160700248458,2.0,2.0,2.0,2.0,2.0,2.0,2.0,2.0,2.0,2.0,2.0,2.0,-60.12628279855796,2.0,2.0,2.0,2.0,2.0,2.0,2.0,2.0,2.0,2.0,-100.14287776586954,2.0
0.577173698979317,2.0,2.0,2.0,2.0,2.0,2.0,2.0,2.0,2.0,2.0,2.0,2.0,2.0,2.0,2.0,2.0,2.0,2.0,2.0,2.0,2.0,2.0,2.0,2.0,2.0,-0.1777129511294116,-0.1685585531315671,-0.1594490426945361,-0.1503973607355713,-0.1414167294243135,-0.1325714546081274,-0.1238470534228273,-0.1152618751833742,2.0,-0.0987544635437258,-0.090812606136291,-0.0832156001408435,-0.0758721568724117,-0.06884934510426,-0.0622576609081965,-0.055958969226651,-0.0501657357988005,-0.0447797878296269,-0.0398134278809177,-0.0354417610196801,-0.0314254176894935,-0.0281222024310587,-0.0251570086020513,-0.0229537096679958,-0.0211313512537852,-0.0199862838635171,-0.0194476836463934,-0.0192971158145802,-0.019984633709772,-0.0211470681258668,-0.022735014659067,-0.0250937043722473,-0.0281150969782159,-0.0315098335533417,-0.0354327865031462,-0.0400491644706796,-0.0453233672707718,-0.0512138239385604,-0.0575628665964061,-0.0643888509084437,-0.0718561553387119,-0.0799723710529447,-0.0887354714451065,-0.0981483378553247,-0.10821826714873,-0.1189558350677939,-0.1303750802511861,-0.1424768124576048,-0.1552271106672406,-0.1686638007852705,-0.1828747786179707,-0.1978905247764376,-0.2137379159870178,-0.2304462824036037,-0.2480479651102573,-0.2665767831727474,-0.2860695855578946,-0.306565643268532,-0.3281063996953858,-0.3507363551490717,-0.3745018087264912,-0.3994523588381531,-0.4256398652941998,-0.4531193208625396,-0.4819483952203188,-0.5121878678798433,-0.5439014552418817,-0.5771565234579348,-0.6120234258379815,-0.6485761035920896,-0.6868923962086635,-0.7270538530222689,-0.769145664417418,-0.8132577985497971,-0.8594842089085649,-0.907923605112098,-0.958679266784342,-1.0118596666254294,-1.06757810229592,-1.1259541343504231,-1.187112184555021,-1.2511830215709288,-1.3183037185410271,-1.3886176353266833,-1.4622755706450623,-1.539434313715112,2.0,-1.7049249538015532,-1.793610336242313,-1.886506099430925,-1.983811047854595,-2.085733543987222,-2.192491512314161,-2.3043135980160043,-2.421439309288666,-2.544119339878516,-2.6726162857087923,-2.8072054942447293,-2.948174930796581,-3.0958267305986356,-3.2504767246053987,-3.4124563140845905,-3.5821121456173093,-3.759807824288154,-3.945923892776392,-4.14085875061164,2.0,-4.5588749231036685,2.0,2.0,2.0,-5.5204836751089115,-5.790016772848073,-6.072319071769709,-6.367994503276391,2.0,2.0,2.0,2.0,2.0,2.0,2.0,2.0,2.0,2.0,-10.707607336634378,2.0,2.0,-12.327725413713727,-12.91971541482978,2.0,-14.18914830499268,-14.86931113385072,2.0,2.0,2.0,2.0,2.0,2.0,2.0,2.0,2.0,-23.720270838195773,2.0,2.0,2.0,-28.5787291608268,2.0,2.0,2.0,2.0,2.0,-37.78032221610715,2.0,2.0,2.0,2.0,2.0,2.0,2.0,-54.78562566239252,2.0,2.0,2.0,2.0,2.0,2.0,2.0,2.0,2.0,2.0,2.0,2.0,2.0,2.0
0.5607169938205457,2.0,2.0,2.0,2.0,2.0,2.0,2.0,2.0,2.0,2.0,2.0,2.0,2.0,2.0,2.0,2.0,2.0,2.0,2.0,2.0,2.0,2.0,2.0,2.0,2.0,-0.1807687490419821,-0.1716251283279491,-0.1625026750625921,-0.1534213477889042,-0.1443889625670456,-0.1354594906162806,-0.1266414989998852,-0.1179362047220562,-0.1094229823735319,-0.101105799111701,-0.0929707618835219,-0.0851251481355305,-0.0775663068170448,-0.0702553794740009,-0.0633575805176141,-0.056811046375609,-0.0505851762515053,-0.0449159745338764,-0.0395861854120106,-0.0347887827054585,-0.0304871852133915,-0.0266390787898687,-0.023436302206745,-0.020653876149882,-0.0185665540551874,-0.0169690831597387,-0.0159346736904877,-0.0156390415651673,-0.0156848183342811,-0.0165555948627037,-0.0180026317579665,-0.0198275998785286,-0.0224154220678195,-0.0257266475361764,-0.0294582060805932,-0.0336696478189001,-0.0385937196431771,-0.0442007301016475,-0.0504619490478907,-0.0572316195618776,-0.064470070676406,-0.0723516022983435,-0.0809084525701543,-0.0901387784920089,-0.1000459857598814,-0.1106378712221169,-0.1219259069240753,-0.1339248245923522,-0.1466475842428054,-0.160059134363812,-0.1741754344545508,-0.1890873084092171,-0.2048400014249365,-0.2214619013313377,-0.2389838840516954,-0.25743973377264,-0.2768652587600814,-0.2972991047895125,-0.3187823685173077,-0.3413587889338211,-0.3650748266784309,-0.3899791839730619,-0.416123756676765,-0.4435629898315701,-0.4723546383065242,-0.502558890587293,-0.5342398639279413,-0.5674639899802592,-0.6023021039169456,-0.6388275937203312,-0.6771184112784847,-0.7172555818186117,-0.7593250155541352,-0.8034158074708516,-0.8496221725367321,-0.8980424784814883,-0.9487803095548792,-1.0019436051165589,-1.0576462023823696,-1.1160071411516963,2.0,-1.2412081740860093,-1.30831598770487,2.0,-1.452263760371769,-1.5294123623738125,-1.6102274212388088,-1.6948825944083092,-1.7835584524668608,-1.87644557627146,-1.9737420206223075,-2.0756564703035267,-2.1824066033871863,2.0,-2.411340732238032,-2.534013903817298,-2.662505108020297,-2.797088342859565,-2.9380522564883775,-3.0856985224939435,-3.2403434538856466,-3.4023180649531826,-3.5719695798901645,-3.749660795209688,-3.935772644162491,-4.130703645994575,-4.334871147242409,-4.548712394726471,-4.772685585397996,2.0,-5.252969276148992,-5.510308063955857,2.0,-6.062138275941508,2.0,2.0,-6.991840503681538,-7.331555251716819,2.0,2.0,2.0,2.0,2.0,2.0,2.0,2.0,-11.212648586720276,2.0,2.0,-12.909505155569688,-13.529535565791171,-14.178935786316975,-14.85909751738049,2.0,-16.317601625393973,2.0,2.0,2.0,2.0,-20.613060852590376,2.0,-22.629590696155827,2.0,2.0,-26.02692906521169,2.0,2.0,2.0,2.0,2.0,2.0,-36.05374611128784,2.0,2.0,2.0,2.0,2.0,2.0,2.0,2.0,2.0,2.0,2.0,2.0,2.0,2.0,2.0,2.0,2.0,2.0,2.0,2.0,2.0,2.0,2.0
0.5447295116100163,2.0,2.0,2.0,2.0,2.0,2.0,2.0,2.0,2.0,2.0,2.0,2.0,2.0,2.0,2.0,2.0,2.0,2.0,2.0,2.0,2.0,2.0,2.0,2.0,2.0,-0.1837399072952888,-0.1746271414101799,-0.1655120322990802,-0.1564222041085954,-0.1473627775891092,-0.138368963620304,-0.1294791734088259,-0.1206834408980331,2.0,-0.1035671455435565,-0.0952776072482822,-0.0871923933254518,-0.0794296103211754,-0.0719080583366293,-0.0646684273561466,-0.0578684835657474,-0.0513719263680402,-0.0452736671652238,-0.0396878322841456,-0.0344296759637975,-0.0298014673711552,-0.0255786461040586,-0.0219247958929488,-0.0188154836368017,-0.0162458746450007,-0.0142658134310403,-0.0129046647335636,-0.0120123807278018,-0.01195180842858,-0.0122247000071422,-0.0132821384425564,-0.0150203148918236,-0.0171118302896555,-0.0199437234161143,-0.0235474905882102,-0.0276314124642642,-0.0321611807447544,-0.037411099921802,-0.0433699568916036,-0.0500114911858384,-0.0572218031517467,-0.0649038170398641,-0.0732219091927827,-0.0822427992694203,-0.0919648538964182,-0.1023918659711429,-0.1135322653390163,-0.1253984278071653,-0.1380061052807424,-0.1513739044155713,-0.1654784871679526,-0.1803142970336591,-0.1959618315886762,-0.2124878440297897,-0.229922316658898,-0.2482977842460014,-0.2676494904412956,-0.2880152957914179,-0.3094357702423511,-0.3319541808747448,-0.3556162286728573,-0.3804705333793268,-0.4065685648387547,-0.4339645382550981,-0.4627156424710394,-0.4928820541591199,-0.5245275484595497,-0.5577188744205464,-0.59252582552968,-0.6290222404501418,-0.6672856808267402,-0.7073971814647215,-0.7494423683772766,-0.7935104116688754,-0.8396952085382683,-0.8880954295950613,-0.938814039477102,-0.991959461740499,-1.0476449331132964,-1.105989743207219,-1.1671182886746911,-1.2311611802753668,-1.2982550032282578,2.0,-1.4421784299435048,-1.519314997057979,-1.6001192030092386,-1.6847639028731325,-1.773430122597738,-1.8663074455299071,-1.9635952748335683,-2.06550106723036,-2.172243508867171,-2.2840508318853976,-2.401162396066222,-2.523829087856406,-2.652313370569505,-2.78689047607114,-2.927848479086894,-3.075489029565338,-3.230128608654065,-3.392098275962672,-3.5617445822873965,-3.739431603148104,2.0,-4.120465772592548,-4.324629290284087,2.0,-4.762436376712703,-4.997017791205836,2.0,-5.500049020910375,-5.769576674659714,-6.051873146955712,2.0,-6.657220541665172,2.0,2.0,2.0,2.0,-8.440058422372674,2.0,2.0,-9.725478025928124,2.0,2.0,2.0,2.0,2.0,2.0,2.0,2.0,2.0,2.0,2.0,-17.088766010611366,-17.907249183820134,-18.76450266200852,2.0,2.0,2.0,-22.619282811327093,-23.699740181242785,2.0,-26.016618441086532,2.0,-28.55819364617228,-29.91997131895131,2.0,-32.84010124977707,2.0,-36.04343246916528,2.0,2.0,2.0,2.0,2.0,2.0,2.0,2.0,2.0,2.0,2.0,2.0,2.0,2.0,2.0,2.0,2.0,2.0,2.0,2.0,2.0,2.0,2.0
0.5291978735958441,2.0,2.0,2.0,2.0,2.0,2.0,2.0,2.0,2.0,2.0,2.0,2.0,2.0,2.0,2.0,2.0,2.0,2.0,2.0,2.0,2.0,2.0,2.0,2.0,2.0,-0.1866298289510683,-0.1775758218505208,-0.1684966470787067,-0.1594291492619011,-0.1503756424903785,-0.1413514591623025,-0.1324227428558184,-0.1235730801297573,-0.1148156668011887,-0.1062431575409142,-0.0978365838840195,-0.0895957888923921,-0.0816190161609586,-0.0739210914384943,-0.0664635814492451,-0.0593544425526644,-0.0526391171996801,-0.0462251345361878,-0.0402884998939796,-0.0348036925219192,-0.0296766950150203,-0.0252129007605727,-0.0211113988445296,-0.0176673883235877,-0.0146973642179028,-0.0123576214333098,-0.0105340850166975,-0.0094251176235409,-0.0087323338616469,-0.0089202473999895,-0.0094589760335579,-0.0107473568469672,-0.0127876450878436,-0.0151834402403721,-0.0182994457604717,-0.0222201515977422,-0.0266763349135828,-0.0315649269100345,-0.0371759543802811,-0.0435207597337942,-0.0505725293678233,-0.0582433984957413,-0.0664027008049161,-0.0751924913245971,-0.0847117143333338,-0.0949596859693346,-0.1059409890154229,-0.1176649100941318,-0.1301447161773253,-0.143397352801243,-0.1574428855028025,-0.1722741491892939,-0.1878699881393173,-0.2042956673039502,-0.2216377687104253,-0.2399288980162741,-0.2592033405750362,-0.2794982126011296,-0.300853335571206,-0.3233113796533551,-0.3469176254170791,-0.3717201067678078,-0.3977702322433438,-0.4251213262958157,-0.45383109338374,-0.4839588008289318,-0.5155681837827659,-0.5487254737900118,-0.5835007114367927,-0.6199674843768193,-0.6582029087120119,-0.6982882926484587,-0.7403087905255246,-0.7843537211884624,-0.8305168274828738,-0.8788965012278404,-0.9295957305021858,-0.9827228842725626,-1.038391340737549,-1.0967196805926944,-1.1578329321401917,-1.2218612066701846,-1.2889415644599949,-1.3592174775780852,-1.432839128041126,-1.5099641904363708,-1.5907574740506794,-1.6753913907174744,-1.764047861225736,-1.8569159290589297,-1.9541947307518357,-2.0560921163604116,-2.1628264872130076,-2.2746261599781676,-2.39173048487749,-2.5143902007359227,-2.642867928300612,-2.777438543233851,-2.918390837976512,-3.066025852016868,-3.220660084897629,-3.382624326368364,-3.552266262278385,2.0,-3.916051202159552,-4.110973787258388,-4.315133376420575,-4.528967118753162,-4.752933190020987,-4.98751080316149,-5.233203162274112,2.0,-5.76006062362961,-6.042354422312605,2.0,2.0,2.0,2.0,2.0,2.0,2.0,2.0,-9.267489115177192,2.0,2.0,2.0,-11.192811122052657,-11.732460643868649,-12.29767322445348,2.0,2.0,-14.159085121200258,2.0,2.0,2.0,2.0,2.0,2.0,2.0,2.0,2.0,-22.609721034326785,2.0,2.0,2.0,2.0,-28.548628617198354,2.0,2.0,-32.83053459124261,-34.39514237449614,2.0,2.0,2.0,2.0,-43.40265819090454,2.0,2.0,-49.89701729515084,-52.270057114005795,2.0,2.0,-60.08519087112369,2.0,-65.93176690550303,2.0,2.0,-75.7817825048022,-79.38098259080368,2.0,2.0,2.0,2.0,-100.1017764006724,2.0
0.5141090824887365,2.0,2.0,2.0,2.0,2.0,2.0,2.0,2.0,2.0,2.0,2.0,2.0,2.0,2.0,2.0,2.0,2.0,2.0,2.0,2.0,2.0,2.0,2.0,2.0,2.0,-0.1894394122915825,-0.1804592566740759,-0.171437380377404,-0.1624037434803389,-0.1533734643715859,-0.1443525625125084,-0.1353888938100225,-0.126503498223934,2.0,-0.1090008167266344,-0.1004941687685556,-0.0921373035974817,-0.0839573599218992,-0.0760860318932601,-0.0684536619728781,-0.0610664189479358,-0.0540947815932704,-0.0474648563185432,-0.0411464418411089,-0.0353702977218717,-0.0299933984216693,-0.0250236296282976,-0.0207129818169392,-0.0167516167375147,-0.0135155541742934,-0.0106962573199964,-0.0085942401629328,-0.0069466459076952,-0.0060924075523797,-0.0056199398302663,-0.0060604693339234,-0.0068843870416488,-0.008417925574865,-0.0107679577644748,-0.0134885866952587,-0.0169053499118326,-0.0211550254651632,-0.0259991932980217,-0.0312698783530835,-0.0372619583637426,-0.0440130595481945,-0.0514960887610791,-0.0596446247759892,-0.0683077864372495,-0.077593787087734,-0.0876368944565486,-0.0984373755996297,-0.1100006059830039,-0.1223369068702733,-0.1354606202827694,-0.1493898495013673,-0.1641459954682036,-0.179735120243684,-0.1961272967861662,-0.2133723907082627,-0.2315703650753962,-0.2507597501331898,-0.2709767093941484,-0.2922603078698377,-0.3146524838558969,-0.3381978503637712,-0.3629443354810248,-0.3889422948983889,-0.4162451023226968,-0.4449097706759991,-0.4749958128916058,-0.506566055725094,-0.5396868433110789,-0.5744280859422208,-0.6108629317645532,-0.6490684138720676,-0.689125815912256,-0.7311201025434092,-0.7751402112229147,-0.8212800929926112,-0.8696377802422727,-0.920316552207634,-0.9734242409541805,-1.0290742041542615,-1.087385317968828,-1.1484821772148024,-1.212495084274908,-1.2795609490964452,-1.3498227007947046,-1.4234315605269872,-1.5005442131987028,2.0,-1.6659486943913624,-1.754594438696735,-1.8474525423778057,-1.9447218103294424,-2.046610284902018,2.0,-2.265127645071521,2.0,-2.5048764062587665,-2.633347505834492,-2.767911725170977,-2.9088574277769057,-3.056486573136743,-3.2111150193734845,-3.3730740416440157,2.0,-3.720387942380268,-3.9064863276528983,-4.101404407879587,-4.305559602575243,-4.519389422618343,-4.743351682343398,2.0,-5.223614696454154,-5.480944270807659,-5.750465615408124,2.0,-6.328420893154439,-6.638092684335563,2.0,2.0,-7.657943031346752,2.0,2.0,2.0,-9.25787002440643,2.0,2.0,2.0,-11.183184882393668,2.0,2.0,-12.880028671185318,2.0,2.0,2.0,2.0,2.0,2.0,-17.888052721366034,2.0,2.0,2.0,2.0,2.0,2.0,2.0,2.0,2.0,2.0,2.0,2.0,-32.82088608632047,2.0,-36.024215568177205,-37.74056269990015,-39.53821241726387,-41.42101603843685,2.0,-45.458410813524374,2.0,2.0,2.0,2.0,2.0,2.0,2.0,2.0,2.0,2.0,-75.77212816893031,2.0,2.0,-87.0892867309751,2.0,2.0,2.0,2.0
0.4994505115855139,2.0,2.0,2.0,2.0,2.0,2.0,2.0,2.0,2.0,2.0,2.0,2.0,2.0,2.0,2.0,2.0,2.0,2.0,2.0,2.0,2.0,2.0,2.0,2.0,2.0,-0.192170823171536,-0.1832783405371494,-0.1743307448176813,-0.1653445306558918,-0.1563538842817621,-0.147356524079577,-0.1383739715547285,-0.1294703188607738,-0.1206236711335918,-0.1118508618435679,-0.1032459165795021,-0.0947891101640734,-0.0864830201010133,-0.0784017573271726,-0.0706053831545458,-0.0630416076480346,-0.0557533269839094,-0.0489000278243688,-0.0423605789396113,-0.0361655985661115,-0.0305342138650788,-0.0252724610953087,-0.0204835778400687,-0.016317688134495,-0.0125181798702337,-0.0094857434569639,-0.0068359541097458,-0.0049728034438871,-0.0035215674252468,-0.0029243887478388,-0.0026918682876997,-0.0033912180658858,-0.0045186328759996,-0.006313726244976,-0.0089814742905361,-0.0120468915551787,-0.0157818322115098,-0.0203762764156544,-0.0256230232440762,-0.0312988151385881,-0.0376924821251777,-0.0448710770202686,-0.0528075451033551,-0.0614518935910249,-0.0706429340854545,-0.0804541632529686,-0.0910476453490883,-0.1024283175087285,-0.1146024647304891,-0.1275814033621245,-0.1413806406234896,-0.1560195483687178,-0.171520892034108,-0.1879007071611695,-0.2051267855401446,-0.223234374151614,-0.242329782598007,-0.2624610208087907,-0.2836660881335697,-0.3059861300361623,-0.3294651770633998,-0.3541503139185933,-0.3800915551439461,-0.407342217176122,-0.4359581221105455,-0.4659988246746903,-0.4975268106854849,-0.5306084297348175,-0.5653129922992456,-0.6017135666673773,-0.6398868985557877,-0.6799144411137094,-0.7218803963416905,-0.7658738529478094,-0.8119889414373482,-0.86032319428443,-0.9109799515556916,-0.9640669592162728,-1.0196973515051198,-1.0779900879240896,-1.139069380478081,-1.2030657795555746,-1.2701162912089252,-1.3403636595759143,2.0,-1.4910575335081064,-1.5718267464537834,2.0,-1.7450726555134946,-1.8379202679107027,-1.9351793854953436,-2.037058065611728,-2.1437750477515016,-2.2555580671942295,-2.372646581885331,-2.495291128428061,-2.6237547040222893,-2.7583120061096933,-2.899251009109001,-3.046873735459508,-3.201496344962456,-3.3634497568334782,-3.5330808164952505,-3.710752759695842,2.0,-4.0917597909275125,2.0,2.0,2.0,2.0,-5.213950121459211,2.0,-5.740794323802595,2.0,2.0,-6.628412221473978,2.0,2.0,-7.648254767617982,-8.020908069400091,2.0,2.0,2.0,2.0,2.0,2.0,2.0,2.0,-12.278336606155248,2.0,2.0,2.0,2.0,2.0,2.0,2.0,-17.87833538602721,2.0,-19.6334440940539,2.0,-21.558766512150772,-22.590355739197836,2.0,2.0,2.0,2.0,2.0,2.0,-31.31731439520301,2.0,2.0,2.0,2.0,2.0,2.0,-43.38327677773315,2.0,2.0,2.0,2.0,2.0,2.0,2.0,2.0,2.0,2.0,2.0,2.0,2.0,-83.1312869657072,-87.07955160997149,-91.21484656259469,-95.54603116763047,-100.08238502584555,-104.83362717439115
0.4852098942027478,2.0,2.0,2.0,2.0,2.0,2.0,2.0,2.0,2.0,2.0,2.0,2.0,2.0,2.0,2.0,2.0,2.0,2.0,2.0,2.0,2.0,2.0,2.0,2.0,2.0,-0.1948273585491311,-0.1860419307956527,-0.177190500971663,-0.1682798220294292,-0.1593476646214836,-0.1504009105433758,-0.1414455917503371,-0.1325327961616758,-0.1236818333958265,-0.1148878013746188,-0.1061871605270988,-0.0976637881712188,-0.0892754827747346,-0.0810412640141017,-0.0730802047734166,-0.0653733128680509,-0.0579040804506322,-0.0507532442504277,-0.044021082391528,-0.0376032796120923,-0.0315674783815338,-0.0260919989045553,-0.0209821894063039,-0.0163950632277596,-0.012406245073616,-0.0088073988751337,-0.0059967548823153,-0.0035628748432317,-0.0019532865853304,-0.0007444817452227,-0.0004239525314197,-0.0004689786427999,-0.0014602828623659,-0.0029113281905622,-0.0050152549215707,-0.0080277824143679,-0.0114613940167093,-0.0155569983120345,-0.0205350633053309,-0.0262043760526938,-0.0323151186877814,-0.0391486297199423,-0.0467913789662186,-0.0552168511667784,-0.0643845361167003,-0.0741296662467823,-0.0845044735121565,-0.0956859533253167,-0.1076844261073948,-0.1205077104929563,-0.1341679200192312,-0.1486821186180634,-0.1640710156449685,-0.1803589953806549,-0.1975683043160325,-0.2156686066595237,-0.23468539618546,-0.2547264287961707,-0.2758491957642148,-0.298093951780839,-0.3215038946308992,-0.3461254579733966,-0.3720081224351787,-0.399204265479328,-0.4277701181499425,-0.4577640879704266,-0.4892490470979815,-0.5222902744139177,-0.5569570408655411,-0.5933226250652834,-0.6314634430962374,-0.6714601364824042,-0.7133973484703934,-0.7573640942446247,-0.8034537633619434,-0.8517643192219138,-0.902398645330618,-0.9554644809446248,-1.011075263891986,-1.069349184733403,-1.130410998824765,-1.1943909137877855,-1.2614254184344342,-1.3316579456871516,-1.4052388857176816,-1.4823250905326844,-1.563081386803598,-1.6476809629779994,-1.7363043074640432,-1.8291411229969596,-1.926390258734478,-2.0282593134349005,-2.134967165305555,-2.246741672564257,-2.3638220222682444,-2.4864585811631277,2.0,-2.7494653057122083,-2.890397803896306,-3.038014269893634,-3.1926307288085125,-3.354578440170678,-3.5242042270622096,-3.701870903276544,-3.8879597054960313,-4.082868497396047,-4.287014665419784,-4.500836105977816,2.0,-4.959356765700057,-5.205038147747877,-5.462360823951709,-5.731875712354851,2.0,-6.309818800558825,2.0,-6.943821605737907,-7.28352382905747,-7.639319423781275,-8.011970473300895,2.0,-8.811069321313802,-9.239228740566515,2.0,-10.157356499945188,-10.649291272137248,2.0,-11.704173762672646,2.0,2.0,2.0,2.0,-14.810937061747127,2.0,2.0,2.0,-17.869370929671078,-18.72662053747929,2.0,2.0,-21.549798145109825,-22.58138709956599,2.0,-24.79347554761157,2.0,2.0,2.0,2.0,-31.308340655175954,2.0,2.0,2.0,2.0,-39.51950601660287,2.0,2.0,2.0,2.0,2.0,2.0,2.0,2.0,2.0,2.0,-65.90339890418498,2.0,2.0,-75.75341244556104,2.0,2.0,2.0,-91.20586442593064,-95.53704883474587,2.0,2.0
0.4713753134116723,2.0,2.0,2.0,2.0,2.0,2.0,2.0,2.0,2.0,2.0,2.0,2.0,2.0,2.0,2.0,2.0,2.0,2.0,2.0,2.0,2.0,2.0,2.0,2.0,2.0,-0.1974099810544559,-0.1887411761164182,-0.1799967863496745,-0.1711819267612329,-0.1623127714596254,-0.153430113055759,-0.1445245607277259,-0.135613484625819,-0.1267704738969405,-0.1179707629586124,-0.1092292297167308,-0.1006196015955395,-0.0921632809022359,-0.0838450425262849,-0.0756962793787641,-0.06784803692111,-0.0602339166043138,-0.0528633685056305,-0.0458601468670695,-0.0392483254329265,-0.0329581606247302,-0.0270945708013986,-0.0217740728934886,-0.0168242759394621,-0.012444948661885,-0.0086425937360014,-0.005256116623018,-0.0026734048480467,-0.0004685437963234,0.0008799806861749,0.0018324192091317,0.0018665544141714,0.001529964739713,0.0002336458250383,-0.0015533202121812,-0.0039840515918059,-0.0073559181964417,-0.011173936664583,-0.015649098428168,-0.0210301631233487,-0.027139395640468,-0.0337058652550582,-0.0410014187840264,-0.0491314882069314,-0.0580699284553971,-0.0677839144022338,-0.0781083861354189,-0.0890754726307097,-0.1008737256070324,-0.1135205135562536,-0.1270241976299923,-0.1413986691699252,-0.1566623163248668,-0.1728373159148692,-0.1899497608460393,-0.2080264711604975,-0.2270421287270904,-0.2470127208113397,-0.268044888018252,-0.2902069020251812,-0.313541138792476,-0.3380932484007641,-0.3639119421169129,-0.3910492990435338,-0.4195603806366415,-0.4495041845258445,-0.4809421647647949,-0.5139399176927015,-0.5485663355308917,-0.5848939151448413,-0.6229996843292939,-0.6629633632532577,-0.7048698248559351,-0.7488077082321388,-0.7948702810567202,-0.843155395726535,-0.8937658561285194,-0.946809292412491,-1.0023989531491222,-1.0606531459623554,-1.1216960502125355,-1.1856582001217622,-1.2526762954391264,-1.322893219938975,-1.3964589888141246,-1.4735311556421091,-1.554273827684041,-1.6388611630942478,-1.7274722334431127,-1.8202982089732287,-1.9175365224643768,-2.0193957774710625,2.0,2.0,-2.354930856346228,-2.477559652949476,-2.606007917003973,-2.74055064946954,-2.881476192211617,-3.029086042121127,-3.1836962366192285,-3.345637991201296,-3.515257933437372,-3.6929190723472383,-3.879002737771032,-4.07390666607036,-4.2780482283683,2.0,-4.715815074409244,-4.950377695513062,-5.196055331541644,-5.453374190462188,2.0,2.0,2.0,-6.6104851025117135,2.0,2.0,2.0,-8.002960041896577,-8.393261916605889,-8.802053917547875,-9.230211589672654,2.0,2.0,2.0,2.0,2.0,-12.260353973831506,2.0,2.0,2.0,2.0,-15.514276119624611,-16.260393452660605,2.0,2.0,2.0,2.0,2.0,2.0,2.0,2.0,-24.784430277614096,2.0,-27.211050850739216,2.0,-29.873011057893702,2.0,2.0,2.0,2.0,2.0,2.0,2.0,-43.36524716255134,-45.430649528593555,2.0,2.0,-52.232639873625686,-54.71808869096375,2.0,2.0,2.0,-65.89434335934185,2.0,2.0,2.0,2.0,2.0,2.0,2.0,2.0,2.0,2.0
0.4579351920657804,2.0,2.0,2.0,2.0,2.0,2.0,2.0,2.0,2.0,2.0,2.0,2.0,2.0,2.0,2.0,2.0,2.0,2.0,2.0,2.0,2.0,2.0,2.0,2.0,2.0,-0.1999211784688131,-0.1913881993464974,-0.1827627765087535,-0.1740624404943494,-0.1652894340642097,-0.1564778942308786,-0.1476458649345853,-0.1387910543322702,-0.1299500753671413,-0.121172650404869,-0.1124380444032979,-0.1037658981277894,-0.0952568722009267,-0.0868854379411915,-0.0786575865345655,-0.0706226942616649,-0.0628919245526445,-0.0553954639456057,-0.048150769162821,-0.0413060422187244,-0.0348442740701738,-0.0287138985924477,-0.023036806867664,-0.0179033237630942,-0.0131510684957622,-0.008991719373232,-0.0054164622788467,-0.0022696292785021,5.561584937957553e-05,0.0019936605420673,0.0030577355619708,0.0037146313925529,0.0034355343694883,0.0027756288429564,0.0011346858516606,-0.0010055877307243,-0.0038093666148757,-0.0075727262763788,-0.01179461223683,-0.0166928899559933,-0.022516843643649,-0.0290911715115529,-0.0361401668691346,-0.0439374718843425,-0.0525930706861153,-0.062081807673208,-0.0723745451829078,-0.0833063584982126,-0.0949028834831409,-0.1073579622227554,-0.1206928765639843,-0.1349177172806294,-0.150047866211739,-0.1661032723692025,-0.1831078957372542,-0.2010893876165936,-0.220077844773932,-0.2400527672041045,-0.2610251396880602,-0.2831005276873749,-0.3063557862948138,-0.3308356225935598,-0.356587959943994,-0.3836642591801418,-0.4121192195187795,-0.4420109137796445,-0.4734006747402459,-0.5063538963435686,-0.5409388596041718,-0.577228047638473,-0.6152975894986059,-0.6552277776759254,-0.6971027959016649,-0.7410113524328859,-0.7870464109091183,-0.8353057260746537,-0.8858919752497747,-0.9389129501421268,-0.994481131252281,-1.0527151909608603,-1.113739182344499,-1.17768365992153,-1.244684721683103,2.0,-1.3884367091732677,-1.46549468139848,-1.5462244496185016,-1.630798641042118,-1.71939802511469,-1.812212368555273,-1.9094400827359532,-2.01128899196144,-2.1179774282417636,-2.229733793028052,-2.34679660614384,-2.4694173950473948,-2.597857908818437,-2.7323933531059925,-2.87331162929199,-3.0209148727958945,-3.1755185876647425,-3.3374544043670857,-3.5070686102599433,-3.684724574161474,-3.8708029433295112,-4.065701709620131,-4.2698389191868245,-4.483651284753154,-4.707596996139105,-4.942155461647165,-5.18782922543282,-5.445144592537172,-5.71465232279025,-5.996930119022154,-6.292582355304983,-6.602242367997033,-6.926573404703098,2.0,-7.622060814094566,2.0,-8.385006310608663,-8.793796105734717,2.0,2.0,-10.140071297014725,2.0,-11.1472367838884,2.0,-12.25208306560172,2.0,2.0,-14.113473671241984,2.0,-15.50599822379619,2.0,-17.03357404689176,-17.852050824594983,2.0,-19.60715326181877,-20.54753929353775,-21.532470640453734,2.0,-23.644509699648214,-24.776142675812466,-25.961379977669655,2.0,2.0,2.0,2.0,2.0,2.0,2.0,-37.70451346519338,2.0,-41.384962623936154,2.0,2.0,2.0,2.0,2.0,2.0,2.0,2.0,2.0,-65.88604528504021,2.0,2.0,2.0,-79.33525592323238,-83.10494903305931,2.0,-91.1885073265249,2.0,2.0,2.0
0.4448782831127584,2.0,2.0,2.0,2.0,2.0,2.0,2.0,2.0,2.0,2.0,2.0,2.0,2.0,2.0,2.0,2.0,2.0,2.0,2.0,2.0,2.0,2.0,2.0,2.0,2.0,-0.2023619939991927,-0.1939730133837596,-0.1854745411928765,-0.1768947640463094,-0.1682353702126441,-0.1595022664393033,-0.1507501771119562,-0.1419671853484074,-0.1331622433657773,-0.1243965763478995,-0.1156817284462931,-0.1070128379258584,-0.0984204801777087,-0.0900054498296376,-0.0817210103010761,-0.073586366218229,-0.0656743062333428,-0.0580585108992664,-0.0506841288107197,-0.0435718179501135,-0.0368877956473923,-0.0305822226799908,-0.0246185919167117,-0.0191325695650484,-0.0141941897196736,-0.0096484469547309,-0.0057150154365232,-0.002377164428998,0.0005211285012124,0.0025788609594328,0.0042385264145816,0.0050077848737368,0.0053560590025687,0.0047515290386463,0.0037547136972288,0.0017538808330751,-0.00075288547602,-0.0039478661266507,-0.0081195182878972,-0.0127616966628192,-0.0181031264976074,-0.0243907357693735,-0.0314503957150467,-0.0390030560438343,-0.0473260066380861,-0.0565319673806113,-0.0665969491929029,-0.0774951336134396,-0.0890620540433048,-0.1013172866255049,-0.1144605622726699,-0.1285165440056337,-0.1434969462799858,-0.1594187690836456,-0.1763035499083021,-0.1941771580151859,-0.2130690600709875,-0.2330120218516136,-0.2539911003779618,-0.2760127956207688,-0.2991812968792529,-0.3235818834119763,-0.3492617803943184,-0.3762716456112289,-0.4046654394482965,-0.4345006841426511,-0.4658382998040318,-0.4987433216608351,-0.5332833649982198,-0.56953111798726,-0.6075619282674727,-0.6474559957263368,-0.6892973912704973,-0.7331744500377027,-0.7791799626361339,-0.8274120759798564,-0.8779725898172628,-0.930969126829253,-0.9865145102718706,-1.0447271693518885,-1.105731111646045,-1.1696565385247977,-1.236639817373267,-1.3068236356298502,-1.3803589904185167,-1.4574018271354052,-1.5381173339024912,-1.6226780277501027,-1.7112650986102502,-1.8040673012119548,-1.901283552498872,-2.003121894161217,-2.109800248016757,-2.221546524638198,-2.3386006956829553,-2.4612126226047764,-2.58964484087592,-2.7241725386465756,-2.8650835790690903,-3.01267967626948,-3.1672767586374344,2.0,-3.498814359191448,-3.676464587842723,-3.862537073928644,-4.057430984284129,-4.261563154394294,-4.475371011047576,-4.699312140484626,-4.93386649286952,-5.179536252188528,-5.4368475696927065,-5.706351889315668,2.0,2.0,-6.593931831669045,2.0,2.0,-7.613741612245649,-7.986385057144007,2.0,2.0,-9.213622812327529,2.0,2.0,2.0,-11.138899597714945,2.0,2.0,2.0,2.0,2.0,2.0,2.0,2.0,-17.02522390417107,-17.84369961122299,-18.70094616936062,-19.5988000033947,-20.539184860080717,2.0,2.0,-23.636152431604533,2.0,2.0,2.0,2.0,-29.856359467403113,2.0,2.0,2.0,2.0,2.0,2.0,2.0,2.0,2.0,2.0,2.0,-52.21597620547295,2.0,2.0,-60.031103929325745,2.0,-65.87767638472205,-69.01027875791375,2.0,2.0,-79.32688590996408,2.0,2.0,2.0,2.0,2.0,2.0
0.4321936601826526,2.0,2.0,2.0,2.0,2.0,2.0,2.0,2.0,2.0,2.0,2.0,2.0,2.0,2.0,2.0,2.0,2.0,2.0,2.0,2.0,2.0,2.0,2.0,2.0,2.0,-0.2047344431161548,-0.1964947081044642,-0.1881400143662285,-0.1796779981578855,-0.1711407580936937,-0.1625198342906097,-0.1538343816559694,-0.1451343474653976,-0.1363993839976192,-0.127645474110027,-0.1189558059965449,-0.1103039749733786,-0.1017019193643417,-0.0932010338395008,-0.0848725585611317,-0.0766777114727385,-0.068639567790864,-0.0608544233497451,-0.0533565298801492,-0.0461090943062308,-0.0391366290368173,-0.0326152578651758,-0.0264725070014859,-0.0206830286956537,-0.0153929877586877,-0.0106583379253865,-0.0063285979294956,-0.002627449124346,0.0004620825737529,0.0031023433590593,0.0048820020575238,0.0062509817415051,0.0067145234526774,0.0067402490281442,0.0057975640543096,0.0044493212399117,0.0020726798988117,-0.0008145466488009,-0.0044195105410759,-0.0090173433868709,-0.0140971798639126,-0.0199027585532778,-0.0266757800114893,-0.0342418658386575,-0.0423205570450639,-0.0511941179395149,-0.0609765145556074,-0.0716450944578714,-0.0831765989431564,-0.0954068989741549,-0.108352303975654,-0.1222166290255661,-0.1370280872610043,-0.1528000158403304,-0.1695511523801408,-0.1873048879816786,-0.2060887562055332,-0.2259343461348237,-0.246876622534759,-0.2689069474198547,-0.2920276446054594,-0.316341283204285,-0.341941841637267,-0.3688790231851565,-0.3972061982543761,-0.4269801454879464,-0.4582613622517796,-0.4911138455129734,-0.5256058136899562,-0.561808509226661,-0.5997976970467297,-0.6396529976033911,-0.6814581967699331,-0.725301620778684,-0.7712757969610979,-0.8194781774714442,-0.8700110120249644,-0.9229816203578836,-0.9785027320973456,-1.036692568113561,-1.0976747732346244,-1.161580248312935,-1.2285444270394366,-1.2987107937928002,-1.3722288441407853,-1.449255687108018,-1.5299561137483737,-1.614502672494182,-1.7030760567161685,-1.795865849162218,-1.8930700749761655,-1.9948971749175264,-2.1015646753745165,-2.2133005545306697,-2.3303451706626412,-2.452947806118209,2.0,2.0,-2.8567940893382717,-3.004382754286049,-3.158972891393028,-3.3208953580729466,-3.490497336109811,-3.6681412711532073,-3.8542084972652337,-4.049096845184026,-4.2532237241123685,2.0,-4.690962911405284,-4.925512716509638,-5.171178183485793,-5.428485634940222,2.0,-5.9802565101402925,-6.275902039387066,2.0,2.0,2.0,2.0,2.0,-8.368291421905152,2.0,2.0,-9.65366063507565,-10.123338255502649,-10.615265228434945,-11.13049597116519,-11.6701337312046,2.0,2.0,-13.447328212809294,2.0,2.0,-15.489235242935134,2.0,-17.01680597126853,2.0,2.0,2.0,2.0,-21.51569172252912,2.0,2.0,-24.75935841401118,-25.944594152695803,2.0,2.0,2.0,2.0,2.0,2.0,2.0,2.0,2.0,-41.36816432948471,-43.34015273453669,2.0,2.0,2.0,2.0,-54.69298805644331,-57.29617118696375,2.0,2.0,2.0,-69.00184080470638,-72.28283419676436,2.0,2.0,-83.0881397046563,2.0,2.0,-95.50288061165926,2.0,2.0
0.4198707084443909,2.0,2.0,2.0,2.0,2.0,2.0,2.0,2.0,2.0,2.0,2.0,2.0,2.0,2.0,2.0,2.0,2.0,2.0,2.0,2.0,2.0,2.0,2.0,2.0,2.0,-0.2070409734967603,-0.1989541436739831,-0.1907488194076153,-0.1824251653423776,-0.1740038233975747,-0.1655042235454989,-0.1569199510519349,-0.1482887032290714,-0.1396349509415841,-0.1309475777487501,-0.1222553388826499,-0.1136333628670476,-0.1050454900047826,-0.0965118903213216,-0.0881079248743208,-0.0798653239247688,-0.0717631170624869,-0.063825234132628,-0.0561699815502804,-0.0487946224854055,-0.0416794691321798,-0.0348538017700169,-0.028498269081937,-0.0225254790773112,-0.0169180880503402,-0.0118292897330129,-0.0073075550811109,-0.0032038627103928,0.0002581723012934,0.0030878763152469,0.0054598172393589,0.0069503968817929,0.0080155017094618,0.0081619704032161,0.0078502920286847,0.0065562034111655,0.0048412296459079,0.0020720534429868,-0.0012108847542244,-0.0052453051435067,-0.0102876917544872,-0.0158241543913755,-0.0221155732349816,-0.0293967712294243,-0.0374915771524018,-0.046119689615089,-0.0555700751410922,-0.0659561957831393,-0.0772569868916759,-0.0894510896608644,-0.1023752499749482,-0.1160430012559157,-0.130662702908918,-0.1462656382777168,-0.1628667701421343,-0.1804867552498045,-0.1991506584116483,-0.2188881349016902,-0.2397326702646167,-0.2617215670207747,-0.2848519764363076,-0.3091237133423897,-0.3346371616513575,-0.3614948597149617,-0.3897492328244881,-0.4194562927328785,-0.4506761231725266,-0.4834720861649171,-0.5179115156574237,-0.5540658141879569,-0.5920098708601977,-0.6318235387298157,-0.6735898249081965,-0.717397002669963,-0.7633372932469416,-0.8115080020210901,-0.8620113394276581,-0.9149541920500864,-0.970449403369258,-1.028614773473315,-1.0895743223595455,-1.1534578023176438,-1.2204020108057243,-1.290549343010141,-1.364049463720472,-1.4410594250244844,-1.5217439555797774,-1.606275532762901,-1.694834620833097,-1.7876106790432529,-1.8848019538399257,-1.9866171560745327,-2.0932730632693364,-2.204998781930206,-2.3220326648585927,-2.4446254753406045,-2.573040166123691,-2.707550569254062,-2.848445721190678,-2.9960265454914343,-3.1506091254102584,-3.312524753069031,-3.4821198020347977,-3.6597577343649577,2.0,2.0,-4.2448226559815785,-4.458619986907011,-4.682551607889742,-4.917096633900791,-5.162757412664018,-5.420060492439288,2.0,-5.971824013104499,2.0,-6.57711580242995,-6.901437407872492,2.0,-7.596906816167398,-7.96954446545872,2.0,-8.768618973254348,2.0,2.0,2.0,2.0,-11.122026918819584,2.0,2.0,-12.818835840750562,2.0,2.0,2.0,2.0,-16.226866488935787,2.0,2.0,2.0,2.0,2.0,2.0,-22.538786075147208,2.0,2.0,2.0,2.0,2.0,2.0,2.0,2.0,2.0,2.0,2.0,-39.47686410372898,2.0,-43.331652099744474,2.0,2.0,-49.82600110064262,2.0,2.0,2.0,2.0,2.0,2.0,2.0,2.0,2.0,2.0,2.0,2.0,2.0,2.0,-100.03072622303402,2.0
0.4078991157230092,2.0,2.0,2.0,2.0,2.0,2.0,2.0,2.0,2.0,2.0,2.0,2.0,2.0,2.0,2.0,2.0,2.0,2.0,2.0,2.0,2.0,2.0,2.0,2.0,2.0,-0.2092831854730142,-0.2013629478155367,-0.1933103559596274,-0.1851419585322186,-0.176853555502014,-0.1684793104924588,-0.1600234883054794,-0.1514836540552471,-0.1429134126566383,-0.1343157068935929,-0.1256873987445361,-0.1170711216262569,-0.1085231686410629,-0.1000144754640464,-0.0915663644565941,-0.0832671207006209,-0.0751295042385697,-0.0671409424042393,-0.0593262600032387,-0.05180946146372,-0.0445818130935232,-0.0376261720213428,-0.0309703087189258,-0.0247965756907343,-0.0190255964298737,-0.0136344339194322,-0.0087575615515033,-0.0044856898785785,-0.0006475075670658,0.0025633881453999,0.0050906264975234,0.0071638081912562,0.0083366342447197,0.0090554399404435,0.008863211304526,0.0081698902980099,0.0064992883941415,0.004380283457947,0.001180409427742,-0.002518655023655,-0.0070319602358919,-0.0125522997821104,-0.0185685974650167,-0.0253912652098683,-0.0332229701641223,-0.0418752917450639,-0.0510830480808607,-0.0611531016519024,-0.0721849297683909,-0.0841592000064739,-0.0970543978486522,-0.1107055642610346,-0.1251361968152937,-0.1405565173736161,-0.1569967498060074,-0.1744739400538135,-0.193010444552953,-0.2126337754058833,-0.2333754570918585,-0.2552712907109539,-0.2783608375130108,-0.3026441003500127,-0.3281215199757043,-0.3548962498510953,-0.3830748751320591,-0.4127127248488342,-0.4438688724555829,-0.4766063207001584,-0.5109918668460576,-0.5470962332101372,-0.5849942672202146,-0.6247650396231481,-0.6664916260534759,-0.7102617091363851,-0.7561675059623962,-0.8043061812698717,-0.8547793021734826,-0.907694190671557,-0.963162946167878,-1.021303766017765,-1.0822401570177855,-1.1461021003887897,-1.2130256297870134,-1.2831535940720973,-1.356635551998712,-1.433628551268179,-1.5142969723528772,-1.5988133400724802,-1.687357872454344,-1.7801205490329497,-1.877299214476864,-1.9791019455899272,-2.085746868509763,-2.1974612662016075,-2.3144852747854943,-2.437068503310707,-2.565473732109185,-2.6999756264017933,-2.840862209983567,-2.988435201378774,-3.143010336462993,-3.304918775611582,-3.47450723706453,-3.6521386606161297,-3.838193728818305,-4.033070322828806,2.0,2.0,2.0,-4.909445795220525,2.0,2.0,-5.68189333268184,2.0,2.0,2.0,-6.893759062939667,-7.233443946666552,-7.589222677968716,-7.961857553028962,-8.352146792188162,2.0,-9.189072157578908,-9.637501102295792,-10.107173883376229,-10.599096499772289,2.0,2.0,-12.219154687225666,-12.811126332353856,2.0,2.0,2.0,-15.47303847361762,2.0,2.0,2.0,2.0,2.0,-20.514550670642286,2.0,2.0,-23.61150938415272,2.0,2.0,2.0,-28.46993294202299,2.0,-31.25798156253058,2.0,2.0,2.0,-37.67148432795584,2.0,-41.35192944908972,2.0,2.0,-47.552554475880896,-49.81826438958004,2.0,2.0,2.0,-60.006424945782385,2.0,2.0,2.0,2.0,-75.70300377791875,-79.30220123893865,2.0,-87.02015641329928,2.0,2.0,2.0,2.0
0.3962688638701477,2.0,2.0,2.0,2.0,2.0,2.0,2.0,2.0,2.0,2.0,2.0,2.0,2.0,2.0,2.0,2.0,2.0,2.0,2.0,2.0,2.0,2.0,2.0,2.0,2.0,-0.2114621707252845,-0.2037120283798749,-0.1958205764366753,-0.1878032798569693,-0.1796698087962458,-0.1714152683537754,-0.1630892369933557,-0.1546764258988033,-0.1461808983898508,-0.1376728678935736,-0.1291316681195892,-0.1205634570235247,-0.1120248188764915,-0.1035523849383526,-0.0951251700754248,-0.0867654423858431,-0.0785728649079514,-0.0705438705700153,-0.0626732063900381,-0.0549866079999823,-0.0476110489174074,-0.0405368606120867,-0.0337471728834778,-0.0272678397317086,-0.0212804437276312,-0.01571951079732,-0.0105535807056154,-0.0058945022339685,-0.0018824990250011,0.0016789819460222,0.0046313575107353,0.0068434171335792,0.008602158643947,0.0094495929866542,0.0098036883536933,0.0092643728100525,0.0081695826288139,0.0061113912480824,0.0035683539624006,-7.69201485122939e-05,-0.0042118994078281,-0.0092244221310039,-0.0152405103844944,-0.0217591828384904,-0.029136368066847,-0.0375428997528029,-0.0467760123701802,-0.0565901689100173,-0.0673081365286253,-0.0790150264004644,-0.0916938418724418,-0.1053219996928281,-0.1197330409387743,-0.1349622509571194,-0.1512206830574464,-0.1685375344723065,-0.186931820080001,-0.206428127983911,-0.2270558867918276,-0.2488491439999133,-0.2718458469021905,-0.2960879712624448,-0.3215779640785421,-0.348317629298783,-0.3764134341462149,-0.4059756054045438,-0.4370625217030554,-0.4697363641528364,-0.5040633968487038,-0.5401138825932893,-0.5779620934044406,-0.6176866743408072,-0.6593703887774295,-0.7031007246694371,-0.7489695961031686,-0.7970737320746011,-0.8475146727509282,-0.9003993611489137,-0.9558401360554158,-1.0139544133119442,-1.0748662544138976,-1.1387049651501773,-1.2056067631120788,-1.2757142334480094,-1.3491769242063494,-1.4261517934217878,-1.506803116443054,-1.5913032226306971,-1.679832856427546,-1.7725808353601369,-1.869746000444684,-1.9715362657699365,-2.078168871556695,-2.1898720870210497,-2.30688494659327,-2.4294579876707267,-2.5578533626711413,-2.692346001790913,-2.8332238852972567,-2.9807886271065205,-3.1353560690114204,2.0,2.0,-3.644463046613742,-3.8305115247634927,-4.02538229761289,-4.229492425143972,-4.443279441515966,2.0,2.0,-5.147387861509859,-5.404682427521226,-5.674170248135972,2.0,2.0,2.0,-6.886021203005117,2.0,2.0,2.0,2.0,-8.75317300348698,-9.181316298772114,-9.629742613950144,-10.09941307105476,2.0,2.0,2.0,2.0,2.0,2.0,-14.072751475649174,2.0,-15.465260973647544,2.0,2.0,-17.811294020584942,2.0,2.0,2.0,2.0,2.0,2.0,-24.73534941097373,2.0,2.0,2.0,2.0,2.0,-32.74402719553302,2.0,2.0,2.0,-39.46133287158196,2.0,2.0,2.0,2.0,2.0,2.0,2.0,2.0,2.0,-62.854272403172,-65.84519271109617,2.0,2.0,2.0,2.0,2.0,-87.01235258133732,2.0,2.0,2.0,2.0
0.3849702203805975,2.0,2.0,2.0,2.0,2.0,2.0,2.0,2.0,2.0,2.0,2.0,2.0,2.0,2.0,2.0,2.0,2.0,2.0,2.0,2.0,2.0,2.0,2.0,2.0,2.0,-0.2135810061754997,-0.2060041996282927,-0.1982880506044977,-0.1904286083065026,-0.1824515826363725,-0.174358020736676,-0.1661449416405169,-0.1578713896258882,-0.1495098533580518,-0.1410692751446711,-0.1326284494008608,-0.1241554106524853,-0.1156605634685092,-0.1072057993028064,-0.0988240328781961,-0.0904951332825811,-0.0822423344850826,-0.0741634229866224,-0.0662636110496751,-0.0585332092134178,-0.0509988422108933,-0.0437725632965046,-0.0368782926560793,-0.0302829745664712,-0.0240094775429854,-0.0182188745514288,-0.0129010164258372,-0.007995571583509,-0.003573012087768,0.0001491843774706,0.0033934096476599,0.0060696341107463,0.0079281565663842,0.0093291219515769,0.0098338099397382,0.0097692963671409,0.00887091609144,0.0073198113621263,0.0048572869361742,0.0018436759250409,-0.0022784360967746,-0.0068791132735733,-0.0124392134361763,-0.0189798937904489,-0.0260320140320349,-0.0340092813754289,-0.0430338531062842,-0.0528754462594938,-0.0633314952154622,-0.0747417167776868,-0.0871676043086608,-0.1005942587786425,-0.1149952302410733,-0.1302019612412618,-0.1462746354864976,-0.163419265222159,-0.1816616986529486,-0.2010232287670524,-0.2215307815492072,-0.2432160274784955,-0.2661155854820833,-0.2902697935441281,-0.3157232172247632,-0.3424772564782113,-0.3705392370618117,-0.400022773543864,-0.4310379031263521,-0.4636461362878714,-0.4979128754995348,-0.5339078702208359,-0.5717046689231406,-0.6113822969303446,-0.6530222705384784,-0.6967120812489727,-0.7425431689159525,-0.7906122219033921,-0.8410204197733231,-0.8938747773315979,-0.9492867646930482,-1.007374567641012,-1.068261298443372,-1.1320768263811167,-1.1989565828244333,-1.269043407307504,-1.3424868548694977,-1.41944338400473,-1.5000776382303798,-1.5845615905887884,-1.6730759355209706,-1.7658097066101193,-1.8629612851450967,-1.964738431184177,-2.0713589199650206,2.0,-2.3000527101348727,-2.422615419812322,-2.5510011790315184,-2.685484667110462,-2.826353787746576,-2.9739101739723277,-3.128469604183416,-3.2903633702452253,-3.459937450484116,-3.637555471658176,2.0,-4.018462185934551,-4.222566948618506,-4.43634836750405,-4.66026448725956,-4.894795090588638,-5.1404421394557875,-5.397731983452751,2.0,-5.949470454351301,2.0,-6.554740089860177,-6.879051331712318,2.0,2.0,-7.947130725824289,2.0,-8.746188520679436,2.0,-9.622752847890496,-10.092421086834149,2.0,-11.09956174376462,2.0,2.0,-12.796352859029804,-13.416364213610937,2.0,2.0,-15.458252272851974,2.0,2.0,-17.804280916353186,2.0,-19.55936952894187,2.0,2.0,-22.51625476971268,2.0,-24.728328674342272,2.0,-27.1549373479533,2.0,2.0,-31.24316330510072,-32.737001746915105,2.0,2.0,2.0,-39.45430491686064,-41.337103347306595,2.0,2.0,2.0,2.0,2.0,2.0,2.0,2.0,-62.847239769859016,2.0,-68.97076106409996,-72.25175325663875,-75.68816683817859,2.0,2.0,2.0,2.0,-95.47179307303313,-100.00814501029993,-104.7593853258368
0.3739937302478797,2.0,2.0,2.0,2.0,2.0,2.0,2.0,2.0,2.0,2.0,2.0,2.0,2.0,2.0,2.0,2.0,2.0,2.0,2.0,2.0,2.0,2.0,2.0,2.0,2.0,-0.2156399401251937,-0.2082427479795945,-0.2006943497959248,-0.1930107269817313,-0.1851823476451076,-0.1772462107572893,-0.1691921787297981,-0.1610224441004519,-0.1528003588475052,-0.1444908157602649,-0.136107117808393,-0.1277336898138138,-0.1193306201922185,-0.1109114818649752,-0.1025417981060965,-0.0942536742354757,-0.0860265968709961,-0.0778847912841565,-0.0699214095568093,-0.0621555617294009,-0.05457081504315,-0.0471947206885899,-0.0401205745769267,-0.0334131153580671,-0.0270197435155934,-0.0209640989225483,-0.0153710130580419,-0.0103056213638564,-0.0056708425410898,-0.0015041017276473,0.0019298542342505,0.0048443743076304,0.0072218205116036,0.0087271265277944,0.0097444771416743,0.0099064917227874,0.0094031114278896,0.0081362440971637,0.006101426441558,0.003228290115304,-0.000283748018916,-0.0048931494606779,-0.0099865388931104,-0.0161151193324758,-0.0231962132320342,-0.0308102263821666,-0.0394120672105855,-0.0490806209880487,-0.0595541412093632,-0.0706837022367927,-0.0828165341585808,-0.0959932837387418,-0.1102015687991377,-0.1254089555400349,-0.1414478161384948,-0.1584037552625375,-0.176475476382898,-0.195686344592635,-0.2160600787741221,-0.2376259274052587,-0.260418192222753,-0.2844756941824697,-0.3098416628551613,-0.3365631845427206,-0.364640316325546,-0.3940867055022743,-0.425023559032,-0.4575602544638162,-0.491761556304736,-0.5276964534957018,-0.5654382608882711,-0.605064575900589,-0.6466574323721744,-0.6903035391600019,-0.7360941805628349,-0.7841255435882328,-0.8344988007944545,-0.8873204233729689,-0.9427020355749302,-1.0007614866067192,-1.061621606157527,-1.1254118895890193,-1.1922684788033706,-1.2623333733917914,-1.3357562058030197,-1.4126933806332769,-1.4933091161250394,-1.5777762244209852,-1.6662743246442024,-1.7589929390365018,-1.856130166133261,-1.9578937445491615,2.0,-2.176180880169835,-2.293171514359005,-2.415723310901378,-2.5440988355702543,-2.6785725660445796,-2.819432499811869,-2.9669801073938444,2.0,-3.283417214298942,-3.452983951259484,-3.630594900283081,-3.816630481577026,-4.011488861468008,-4.215587189527637,-4.42936267574411,-4.653273390153483,-4.8877988898141,-5.133441094256112,-5.390726389453151,2.0,2.0,2.0,-6.547718037467031,-6.8720256623514855,2.0,2.0,2.0,-8.33037559183938,-8.739146950555241,-9.167284678891862,2.0,2.0,2.0,2.0,2.0,2.0,2.0,2.0,-14.058682165978896,-14.738824104736844,2.0,-16.197291796290635,2.0,2.0,2.0,2.0,-20.4926737749519,-21.47759763826766,2.0,2.0,2.0,-25.90648050882674,-27.147856227287885,2.0,2.0,2.0,2.0,2.0,2.0,2.0,2.0,2.0,2.0,-45.36739972391496,2.0,-49.796344350025926,2.0,2.0,2.0,2.0,2.0,-65.83106794088528,2.0,2.0,2.0,-79.28026982770247,2.0,2.0,2.0,2.0,2.0,-104.75229001933236
0.3633302080520442,2.0,2.0,2.0,2.0,2.0,2.0,2.0,2.0,2.0,2.0,2.0,2.0,2.0,2.0,2.0,2.0,2.0,2.0,2.0,2.0,2.0,2.0,2.0,2.0,2.0,-0.2176408687331338,-0.2104232225475838,-0.2030516643937194,-0.1955322177717414,-0.1878801718494434,-0.1800824423157201,-0.1721878190633017,-0.1641734103553596,-0.1560489628669334,-0.1478778152318385,-0.139621407939387,-0.1312964667796283,-0.1229912843845745,-0.1146604239447103,-0.1063197655031226,-0.0980365933620573,-0.0898454980216454,-0.0817242022975575,-0.0736979055616863,-0.0658521799780221,-0.058225565423162,-0.0507923323905867,-0.0435809768757798,-0.0366629724612358,-0.0301490549972835,-0.0239657138059367,-0.0181367842503625,-0.0127480751357035,-0.0079433015449676,-0.003589999656999,0.0002990510864785,0.00344756768939,0.0060192030932755,0.0080728901659933,0.0092261215109565,0.0098347010108565,0.0096518047598335,0.0086915585846278,0.0070427229184399,0.0045022767497395,0.001204702370135,-0.0028352824844415,-0.0079429235836989,-0.0135576645686635,-0.0202767068348062,-0.0279151234125736,-0.0361207540984587,-0.0453732720187463,-0.055711125554018,-0.066842916091265,-0.0786793499823926,-0.0915666931665845,-0.1055278238534097,-0.1205529299006138,-0.1366021308515853,-0.1535111736359665,-0.171392428271048,-0.1904340472117442,-0.210658266046412,-0.2320912033756333,-0.2547647074733047,-0.2787157750773217,-0.3039855890859034,-0.330620165012317,-0.358669053728663,-0.3881313131847445,-0.4190272504608183,-0.4514860304367127,-0.4856161286324716,-0.5214858159178732,-0.5591677195022275,-0.5987388849304014,-0.6402809373264432,-0.6838800048452819,-0.7296271348347547,-0.7776180145201614,-0.8279537731560493,-0.8807405172344988,-0.936089661756178,-0.9941184794960763,-1.0549502207251356,-1.118714070387952,-1.1855456058211558,-1.2555871293533454,-1.3289879479551152,-1.405904665684285,-1.4865012645829134,-1.5709497629833074,-1.6594306212327443,-1.7521332294079657,-1.849255212638284,-1.9510044705988157,-2.057598431442988,-2.169264909231301,-2.2862436138316813,-2.408784071099743,-2.537148683075988,-2.67161227500371,-2.812462575451747,2.0,-3.11454350639727,-3.2764208333208007,-3.4459798495708327,-3.623583358795349,-3.809611663675121,-4.004463422205832,-4.208555423092377,2.0,-4.6462298578919885,-4.880749975720371,-5.126387165260644,2.0,-5.653142013561262,-5.935388065373002,2.0,-6.540641570369999,-6.864945545346168,-7.20461638570384,-7.560381916081315,-7.933004318288398,2.0,-8.732050137991685,-9.160185201175736,-9.608603885970528,2.0,-10.570180330878788,2.0,-11.625023227585032,2.0,-12.782177156340817,2.0,2.0,2.0,-15.44406192145095,2.0,-16.971615360895502,-17.790081804759016,2.0,2.0,-20.485541787403132,2.0,2.0,2.0,2.0,2.0,-27.14071790186685,2.0,2.0,-31.228938545898796,2.0,2.0,2.0,-37.642429947725425,2.0,-41.32287034758058,-43.29485546799332,-45.360253333747565,2.0,-49.78919690179143,-52.16223137085472,2.0,-57.25085709730764,2.0,2.0,2.0,-68.95651784990805,2.0,2.0,-79.2731185019261,2.0,2.0,2.0,-95.45754561196344,2.0,2.0
0.3529707302730649,2.0,2.0,2.0,2.0,2.0,2.0,2.0,2.0,2.0,2.0,2.0,2.0,2.0,2.0,2.0,2.0,2.0,2.0,2.0,2.0,2.0,2.0,2.0,2.0,2.0,-0.2195857728809692,-0.212546602314504,-0.2053544373738212,-0.1980075209289166,-0.1905176326564735,-0.1828966743426129,-0.1751304328556726,-0.1672772438522917,-0.1593030063394732,-0.1512253576436017,-0.1431055927251155,-0.1349039225039777,-0.126639521791595,-0.1184040923259097,-0.1101481240410869,-0.1018891551793887,-0.0936941213029332,-0.0856039178638471,-0.0775928034075285,-0.0696869653096575,-0.061961370001266,-0.0544797416128656,-0.0472043581898617,-0.0401647169547951,-0.0334127357950011,-0.0270941891782478,-0.021129562953941,-0.0155367070887007,-0.0103693229592701,-0.0058244832288022,-0.0017641499844211,0.0018227597789167,0.0046898414976971,0.0069046566970495,0.0086072932271812,0.0094102960201591,0.0095929706111124,0.0090529732105961,0.007616993301538,0.0055652058674358,0.0025046695881661,-0.0012340482328481,-0.0058330630327185,-0.0114505756036049,-0.0176169010129298,-0.0249496571074678,-0.0331632324861185,-0.0419920051079318,-0.0519222240930616,-0.0629546277989596,-0.0747739467988933,-0.0873523740682712,-0.1010277570979197,-0.1158084518808127,-0.1316873963114616,-0.1486154790919888,-0.1664342964756719,-0.1852852726617168,-0.2053416825456784,-0.226626297976496,-0.2491680131143469,-0.2730010183086954,-0.2981648978734454,-0.3247038943943019,-0.352666618480928,-0.3821053104467945,-0.4130174517536258,-0.4454313174344662,-0.4794838055389344,-0.5152825516455188,-0.5528993809163121,-0.592410908376381,-0.6338979609345002,-0.6774463288886206,-0.7231465058465909,-0.7710939928142577,-0.8213894806477803,-0.8741385354346151,-0.9294528802744396,-0.987449271898529,-1.0482504489729754,-1.1119860539474755,-1.1787909982284748,-1.248807406241827,-1.3221852054237822,-1.3990799379264964,-1.4796559158395235,-1.564085289644024,-1.6525479640344791,-1.7452328588406196,-1.8423390654560097,-1.9440731237393032,2.0,2.0,-2.279271674030458,-2.401799963206054,-2.530153061233546,-2.6646057450920964,-2.805445770120787,-2.9529745426468086,-3.107507661105511,-3.269376432178367,2.0,-3.6165229509318353,-3.8025440598932754,-3.997388611036608,-4.201474000608732,-4.415236732742192,-4.639136129300616,-4.873650317765303,-5.1192819118326245,-5.376557050834993,-5.646026785412411,-5.928268020032577,2.0,-6.533513006494078,2.0,2.0,-7.55324175093107,2.0,-8.31613471103784,2.0,2.0,2.0,-10.07110798499735,2.0,2.0,2.0,-12.183044494457944,2.0,2.0,-14.044387654614496,2.0,2.0,2.0,2.0,-17.7828988587223,2.0,2.0,2.0,2.0,2.0,2.0,-24.706921104413706,2.0,2.0,-28.433701455217708,2.0,-31.221741955352392,2.0,2.0,2.0,-37.63523038614241,2.0,-41.315669346120096,-43.28765383636527,2.0,2.0,2.0,2.0,2.0,2.0,2.0,2.0,2.0,2.0,2.0,2.0,-79.26591094217956,2.0,2.0,2.0,2.0,2.0,2.0
0.3429066278233998,2.0,2.0,2.0,2.0,2.0,2.0,2.0,2.0,2.0,2.0,2.0,2.0,2.0,2.0,2.0,2.0,2.0,2.0,2.0,2.0,2.0,2.0,2.0,2.0,2.0,-0.2214757125298616,-0.2146225833170654,-0.2076056725205196,-0.2004423996690913,-0.193124044371824,-0.1856673216311712,-0.1780829191985562,-0.1703543197277113,-0.162547235342933,-0.1546215170458581,-0.1465949966193893,-0.1385365747765917,-0.1304010104914618,-0.122205636406779,-0.1140493689975867,-0.1058828392081297,-0.0977215916831562,-0.0896203832659284,-0.0816489434098425,-0.0737674526577688,-0.0660031466830352,-0.0584064339553748,-0.051090899652349,-0.0439982045972028,-0.0371568978385257,-0.0305996956740858,-0.0244848450814647,-0.0187697881435314,-0.0134459022545964,-0.0085392175071516,-0.0042605057574645,-0.0005308973743989,0.0027033034985477,0.0052869587678138,0.0071016658334115,0.008394650661238,0.0088454334791318,0.0085527112402319,0.0076263363483571,0.005674088274067,0.0031772907857751,-0.0004374053845294,-0.0046444782050714,-0.0098653886023489,-0.0160078902951105,-0.022777312448769,-0.030770379389927,-0.0395800697238203,-0.0490806186279445,-0.0597361877747292,-0.0715015683829891,-0.0840406741337776,-0.0974102502477252,-0.1119222829932451,-0.1275711782822198,-0.1443528656750578,-0.1622017740168626,-0.1809739434142802,-0.2008501879008793,-0.2219765964246945,-0.2443782910382947,-0.2680868415606229,-0.2931394220023121,-0.3195783461837418,-0.3474508797974475,-0.3768086195007131,-0.4077053950894258,-0.4401362430745033,-0.4741411423795354,-0.5098664734367588,-0.5474162910975148,-0.5868663081860344,-0.6282969378131591,-0.671793339397284,-0.7174455536450716,-0.7653487454387851,-0.8156031047875211,-0.8683141639477966,-0.9235929248822748,-0.9815563326760226,-1.0423269110296771,-1.1060336642706954,-1.172811473810136,-1.2428034088895474,-1.316157377162558,-1.3930298558446248,-1.4735853926866629,-1.5579952159509107,-1.6464396338737664,-1.7391078924381358,-1.836197541225336,-1.937916210457088,-2.044481255540939,-2.15612112249351,-2.273073785121385,-2.395589954149046,-2.523931920146778,2.0,-2.799203336590694,-2.9467225862012665,-3.1012465923054116,-3.2631067575954136,-3.432649315697943,-3.61023689486036,-3.7962507498747486,-3.991088139001171,2.0,2.0,-4.632816787396362,-4.867325148214405,-5.112951524487376,2.0,2.0,2.0,2.0,-6.5271590782755595,-6.851455022042165,-7.191118208325998,-7.546876442470481,-7.919492091329131,-8.309762722953321,2.0,-9.14665399254899,2.0,-10.064724493378357,-10.556632776289671,-11.071845591528398,2.0,2.0,2.0,2.0,-14.037988500462928,2.0,2.0,-16.176582518513058,2.0,-17.776491341762366,-18.63372619730638,2.0,2.0,-21.456863068783196,-22.488439417988086,2.0,2.0,-25.88573288346618,2.0,2.0,2.0,-31.215320727901112,2.0,2.0,2.0,-37.628806349703915,-39.42644789745586,2.0,-43.281227661416104,2.0,2.0,2.0,2.0,2.0,2.0,2.0,2.0,-65.8102813566387,-68.94288057663137,2.0,2.0,2.0,2.0,2.0,2.0,2.0,2.0,-104.73149403612926
0.3331294787934673,2.0,2.0,2.0,2.0,2.0,2.0,2.0,2.0,2.0,2.0,2.0,2.0,2.0,2.0,2.0,2.0,2.0,2.0,2.0,2.0,2.0,2.0,2.0,2.0,2.0,-0.2233129914797348,-0.2166399611428031,-0.2098115712734904,-0.2028168825004579,-0.1956828670434877,-0.1883935044550325,-0.1809704089341979,-0.1734234566676639,-0.1657335537829086,-0.1579735044768665,-0.1500981582767926,-0.142123602076103,-0.1341288344652721,-0.1260622010532072,-0.1179397491494426,-0.1098632705556858,-0.1017900323134598,-0.0937308653358739,-0.0857260793154364,-0.0778776057248347,-0.0701312906948706,-0.0625146126025657,-0.0550616711434371,-0.0479070377212073,-0.0410045504739239,-0.0343697278814551,-0.0280330011245733,-0.0221096376033936,-0.0166540645457602,-0.0116098038153096,-0.0069986373718657,-0.0029696614684873,0.0004163226559422,0.0032833928638701,0.005559844715894,0.0069741659492562,0.0078263991631346,0.0079276909491963,0.0071410264028073,0.0057862372716214,0.0033250861334948,0.0003420990521325,-0.0038245790903945,-0.008539877587964,-0.0143976311010811,-0.0210767049148676,-0.0284882664787308,-0.0371558542981748,-0.0465863006112828,-0.0567979186522312,-0.0682078083419456,-0.0807305766357119,-0.094021269510336,-0.1082237961896817,-0.1236086597582439,-0.1401639533277945,-0.1578886853162937,-0.1766971415334871,-0.1964695452585301,-0.217418195586642,-0.2396635889761376,-0.2632337575503367,-0.2881631606770745,-0.3144919316913485,-0.342265346999672,-0.371533619572165,-0.4023515910792978,-0.4347741073129866,-0.4687946430413903,-0.504466339320212,-0.5419432768748726,-0.5813266569440418,-0.6226961816180725,-0.6661364549308619,-0.7117369962475633,-0.759592444455055,-0.8098026886253029,-0.8624728628502687,-0.9177136986380352,-0.9756414958189668,-1.0363795251980266,-1.100055620264378,-1.166805163643846,-1.236770038160702,-1.3100988501648487,-1.3869482847731731,-1.46748137899381,-1.5518707107644498,-1.640295712146406,-1.7329457544377007,-1.8300182118617467,-1.9317208572101123,-2.0382707831115106,-2.1498962024352246,-2.266835315364847,-2.389338853458679,-2.517668295810118,-2.652098858365111,-2.792917800128946,-2.940426638527534,-3.094941328050678,-3.256792116620637,-3.4263258957487115,-3.603905593332023,-3.789911377024566,-3.984741519771795,-4.188813281696559,-4.4025635626437785,-4.626449958866643,-4.8609526034023505,-5.106572881211432,-5.363837700592824,-5.633297183687524,-5.915529233744269,2.0,-6.5207563469651975,-6.8450475022613695,-7.184707060527904,-7.54046175185229,-7.91307366349267,-8.303340999440596,-8.712099526689183,2.0,-9.588635680015145,-10.058290410676442,2.0,2.0,2.0,2.0,2.0,-13.382165827076324,2.0,2.0,2.0,2.0,-16.95157029635411,-17.77003197867181,2.0,2.0,2.0,-21.450398340445044,2.0,2.0,2.0,2.0,2.0,2.0,-29.78257571479555,2.0,-32.70268198867955,2.0,-35.90599166696494,2.0,2.0,-41.30276602519781,2.0,2.0,2.0,-49.76908553737469,2.0,2.0,2.0,2.0,2.0,2.0,-68.93639693802928,2.0,2.0,2.0,2.0,2.0,2.0,-95.4374178112612,2.0,2.0
0.3236311014039673,2.0,2.0,2.0,2.0,2.0,2.0,2.0,2.0,2.0,2.0,2.0,2.0,2.0,2.0,2.0,2.0,2.0,2.0,2.0,2.0,2.0,2.0,2.0,2.0,2.0,-0.225097789309444,-0.2186107645662976,-0.2119553209348105,-0.2051517702708436,-0.1981796714166206,-0.1910753883037548,-0.1838158432387271,-0.1764269707989126,-0.1689187569837174,-0.161268993538908,-0.1535570629127557,-0.1457343093857784,-0.1378133867212194,-0.1298843762514694,-0.1218898859707374,-0.1138457546988815,-0.1058488537033578,-0.0978731903269811,-0.089920872238679,-0.0820212894473709,-0.0742945901493596,-0.0666894486212807,-0.0592269498891809,-0.0519371989716714,-0.0449347117070884,-0.0382304847795512,-0.031810821736457,-0.0257072187075235,-0.0199837523889513,-0.0147918247735814,-0.0100384920231266,-0.0057400863524688,-0.0019724068653558,0.0010653002674279,0.0035506683937561,0.0054763363332317,0.006507441385595,0.0069015343086455,0.0066274098442357,0.0053403607491395,0.0035133045824611,0.0005503058141207,-0.0029616780534481,-0.0076798751393216,-0.0129441881531397,-0.0194452034803453,-0.0266820282497462,-0.0347770066475174,-0.0441337202228286,-0.0542119321162262,-0.0651757705493618,-0.077370745223382,-0.0906760342677391,-0.1047524621746799,-0.1198315379218836,-0.1361271513180309,-0.1536290017015612,-0.1723390668619788,-0.192147747214006,-0.2129701332556242,-0.2350400982456727,-0.2584558803803987,-0.2832485063274868,-0.3094553530765,-0.3371196088633658,-0.3662896921057576,-0.3970189975403721,-0.4293655638107198,-0.4633846554015451,-0.4990694022740421,-0.5364871610723836,-0.5757981736048401,-0.6171015617059059,-0.6604809737141528,-0.7060258650778097,-0.7538299146496359,-0.8039926055665783,-0.856618857572957,-0.911818826779368,-0.9697093081678314,-1.0304119544052754,-1.0940550474127335,-1.1607743445372272,-1.2307106223698931,-1.30401300494044,-1.380837243669449,-1.4613473048872634,-1.5457146329633444,-1.6341191846772405,-1.7267497106942238,-1.8238035897353828,-1.9254894367245696,-2.0320233216176815,-2.1436334669853925,-2.260558347218414,-2.383048251635974,-2.5113650692560134,-2.6457835052053964,-2.786591043473337,-2.9340891779292573,-3.0885934833994733,-3.250434804851098,-3.4199592391797276,-3.5975303839366175,-3.783527951448963,2.0,-4.182414662985229,-4.396157928301336,-4.62003797398177,2.0,-5.100148255504267,-5.357407282230759,-5.626861714439343,-5.909088454938184,2.0,-6.514305914548023,-6.838592951086595,-7.178248339194211,-7.533998444848025,2.0,-8.296870559336892,-8.705625717009873,2.0,-9.58215524442595,-10.051807227046831,2.0,-11.058917596553547,2.0,2.0,-12.755668971955622,2.0,2.0,2.0,2.0,2.0,2.0,2.0,-18.6207543880923,2.0,2.0,-21.44388303243929,2.0,2.0,-24.687517329420174,2.0,-27.114113743564545,-28.414288428628833,2.0,-31.20232335804705,2.0,2.0,2.0,-37.615802114145055,2.0,2.0,-43.26821948785593,2.0,-47.496848144543826,2.0,-52.13558634488497,2.0,2.0,2.0,2.0,2.0,2.0,2.0,-75.64726340000317,2.0,2.0,2.0,-91.09969947269828,2.0,2.0,-104.71846949663065
0.3144035471591499,2.0,2.0,2.0,2.0,2.0,2.0,2.0,2.0,2.0,2.0,2.0,2.0,2.0,2.0,2.0,2.0,2.0,2.0,2.0,2.0,2.0,2.0,2.0,2.0,2.0,-0.2268330847269665,-0.2205268518908284,-0.2140630652216606,-0.2074281572780145,-0.2006528835401198,-0.1937083293103756,-0.1866368200143544,-0.1794134464906949,-0.1720620841021612,-0.1646004108443816,-0.1569995944394257,-0.149339790947682,-0.1415802007380935,-0.1337221716343558,-0.1258658633597977,-0.1179569856802031,-0.1100065731244908,-0.1020936751170641,-0.094232131264778,-0.0864046703144786,-0.0786367280264742,-0.0710309187369183,-0.0635883405933068,-0.0563029939962691,-0.0492061120592378,-0.0423598072843915,-0.0358789841602847,-0.0297030441727039,-0.0238629797816465,-0.0183905568900455,-0.0134533199188913,-0.0090258440233182,-0.0050772448262008,-0.0016312316138484,0.0010668353129593,0.0031281537873917,0.0046301036029303,0.0052912758793062,0.005178709846043,0.0044657234481179,0.0026730135089213,0.0003010435377482,-0.0031659672201078,-0.0072792828404834,-0.0125581203941369,-0.0184347708615832,-0.0256047780237897,-0.0334293728587539,-0.0422755841506256,-0.0523490136319978,-0.0631091347067059,-0.0748872816448569,-0.0879167859874267,-0.1020372462045017,-0.1169444409908755,-0.1329544673754668,-0.1502133451160571,-0.1687146363352264,-0.1884617134503372,-0.2093153589058673,-0.2312445151821965,-0.2544957327257172,-0.2791433799846771,-0.3052217162912342,-0.3327714759134263,-0.3618390376289401,-0.3924759679664303,-0.4247391743103721,-0.4586901422434458,-0.4943820038404486,-0.531810378811449,-0.5710592395569083,-0.6122944109067419,-0.6556116450484359,-0.7010992098016766,-0.7488507097462547,-0.7989650091058478,-0.8515464880700081,-0.906705228971785,-0.964557043446498,-1.0252242606728343,-1.088834513237472,-1.1555227046017809,-1.2254302958411838,-1.2987055523075035,-1.375505017620352,-1.455991225190378,-1.5403367092922364,-1.6287204049780757,-1.721331658877588,-1.8183676509078737,-1.9200358191101232,-2.0265540416849426,-2.1381489113161627,-2.255059563871902,-2.377536016528096,2.0,-2.64024655573178,-2.781042670893775,-2.928530124732357,-3.0830241894288437,-3.2448555383760165,-3.4143713717930195,-3.591933812947414,2.0,2.0,2.0,-4.390531171293549,-4.614404555344457,2.0,2.0,-5.351756085908267,-5.621204938871144,2.0,2.0,2.0,-6.8329176270132095,2.0,-7.528315351745874,-7.9009196920942815,2.0,-8.699931648059426,-9.128051000756772,-9.57645497683757,2.0,-10.538003815974497,-11.05320863197032,2.0,-12.157999801610458,2.0,-13.36994929445793,2.0,2.0,2.0,-16.15789439889561,2.0,2.0,2.0,2.0,2.0,2.0,2.0,-23.550158578869016,2.0,-25.86700322020243,-27.10837268436809,2.0,2.0,-31.196579219428827,2.0,-34.255007480162526,2.0,2.0,2.0,2.0,2.0,-45.327864816278066,-47.49109748718811,2.0,2.0,-54.61527670654715,2.0,2.0,2.0,2.0,-68.92410724835584,2.0,-75.6415078957901,2.0,2.0,2.0,2.0,-95.4251232218211,2.0,2.0
0.3054390941953024,2.0,2.0,2.0,2.0,2.0,2.0,2.0,2.0,2.0,2.0,2.0,2.0,2.0,2.0,2.0,2.0,2.0,2.0,2.0,2.0,2.0,2.0,2.0,2.0,2.0,-0.2285187236262483,-0.2223981277132761,-0.2161082709660791,-0.2096683292637564,-0.2030548900969089,-0.1963085164173479,-0.189393085270704,-0.1823548548636116,-0.1751696657670591,-0.1678564599862744,-0.1604437932190823,-0.1528954189022695,-0.1452880386171693,-0.1375949555733998,-0.1298084439166697,-0.1220212659697445,-0.1142023197663819,-0.106350416255196,-0.0985233018331414,-0.0907812613931601,-0.0830845408235269,-0.0754596506466604,-0.0679724571784733,-0.0606995855085404,-0.0535991139633873,-0.0467033849315466,-0.0400465588061765,-0.0337693118860249,-0.0278470366072716,-0.0222811334644825,-0.017103058007099,-0.0123980576462295,-0.0083064549372358,-0.0047212311901035,-0.0016560679985418,0.0007374507101099,0.0023585053846937,0.0033920350924903,0.0036962138573158,0.0030599228274361,0.0018456703324943,-0.0004264009052266,-0.0034023749309642,-0.007355465605695,-0.0121262665057975,-0.0179553370813721,-0.0244981261807507,-0.0323351925220959,-0.0407957961409821,-0.0504209184361669,-0.0612226580227199,-0.0727106345520673,-0.0853353347420776,-0.0992323320321342,-0.1141920826345764,-0.1299794688074019,-0.1469595088272447,-0.1652230991330943,-0.1847676598829596,-0.2055921269244689,-0.2275389240902507,-0.2506316244914593,-0.2751175270105721,-0.3010531173455899,-0.3284763762731104,-0.3574309092395964,-0.3879666521865733,-0.4201386434527984,-0.4540071764232301,-0.4896374373143516,-0.5270786713272925,-0.5663326907217943,-0.6075005504343933,-0.6507502084265473,-0.6961760472921615,-0.7438708946567094,-0.7939330590041573,-0.8464664478174525,-0.9015808430387672,-0.9593917735101984,-1.020020621084771,-1.0835954101572822,-1.1502506803186354,-1.2201276203910538,-1.2933747126340278,-1.3701472411881828,-1.450608586759265,-1.5349305203703325,-1.6232926695690653,-1.7158832670684938,-1.812899838395659,-1.9145500131451536,-2.021051014060525,-2.1326298915720483,-2.249525436658164,2.0,-2.5002781727317074,-2.634671753821601,-2.7754562231717603,2.0,-3.0774154822824005,-3.2392370787203095,-3.408743180043823,-3.5862961036106453,-3.772277310023795,-3.967083761374308,2.0,2.0,-4.608728562970174,-4.843211800528561,-5.0888142509379035,-5.346061581818389,-5.615504748327482,-5.897721100068748,-6.193315028612067,-6.5029193248645845,-6.827197450679749,-7.166844298574488,-7.522586489991233,-7.89518703935572,-8.285443558884353,-8.694191786598102,-9.122307617416316,2.0,2.0,-10.53225100478847,-11.04745322097385,-11.58706395501063,-12.152239375707548,-12.744189996358852,-13.364183913116747,-14.01354969063458,2.0,2.0,-16.152121144602177,2.0,2.0,2.0,-19.50708139681304,2.0,2.0,-22.46393571927022,2.0,2.0,2.0,2.0,2.0,2.0,-31.19078704784998,2.0,-34.2492136215431,-35.88792336144278,2.0,2.0,2.0,2.0,2.0,2.0,2.0,-52.12403424720136,2.0,2.0,2.0,2.0,2.0,2.0,2.0,2.0,2.0,2.0,-86.95284694426604,2.0,-95.4193175348238,-99.95566727930094,-104.70690550052475
0.2967302408188869,2.0,2.0,2.0,2.0,2.0,2.0,2.0,2.0,2.0,2.0,2.0,2.0,2.0,2.0,2.0,2.0,2.0,2.0,2.0,2.0,2.0,2.0,2.0,2.0,2.0,-0.2301572877177815,-0.2242145481029062,-0.2181136619915417,-0.2118409785985718,-0.2054256069464956,-0.1988352375325506,-0.1921181871190289,-0.1852338137547028,-0.1782295214644852,-0.1710848590553706,-0.1638106851937563,-0.156449803960564,-0.1489570982844404,-0.1414032808990085,-0.1337804224853861,-0.1260705695094524,-0.1183530985712862,-0.1106287892863429,-0.1028805468673939,-0.0951425573135575,-0.0875246604886431,-0.0799649727045091,-0.0724899550904526,-0.0651348097896732,-0.0580290751766241,-0.0511216833688494,-0.0444359172218607,-0.0380055479499254,-0.0319099141268671,-0.0262514657661354,-0.0209710055310902,-0.0161007380016798,-0.0116758967389475,-0.0078917753852886,-0.0046842757397465,-0.0020234751067221,3.636055214201184e-05,0.0012268593766703,0.0017736551233229,0.0016677910494034,0.0005272974177488,-0.0012509747241188,-0.0039779001290574,-0.0075953425568556,-0.0120400756227195,-0.0175180909870254,-0.0238967158177736,-0.0311606481027116,-0.0396642847993349,-0.048813603147585,-0.0592439396262079,-0.0707849709279729,-0.0830523995615501,-0.0965558976647282,-0.111355057224649,-0.1271802136999331,-0.1438993077623129,-0.1618904164450108,-0.1812022330944133,-0.2018359212864534,-0.2237805714614325,-0.2468714642980087,-0.2711868537785019,-0.296963500358288,-0.3242462103968506,-0.3530759481332191,-0.3835002560316221,-0.4155722891012355,-0.4493507048104945,-0.4848994259511507,-0.5222874644628086,-0.5615589655073866,-0.6027238198296186,-0.6459030078231419,-0.6912619269388331,-0.7388954783013989,-0.7889014556124755,-0.8413832978874428,-0.8964499861664524,-0.9542167778910456,-1.0148049349400128,-1.0783419857964922,-1.14496208312181,-1.2148063775686442,-1.2880227127758004,-1.3647668064243876,-1.4452016933189935,-1.529498715073791,-1.6178376735602888,-1.7104065059480358,-1.8074028422510244,-1.9090335451599796,-2.015516501581424,-2.1270784615936837,-2.243957864294148,-2.3664049453311353,-2.494681586687679,-2.629061987153693,-2.7698335081675465,-2.9172975135735895,-3.0717695719637517,-3.233580433746944,-3.4030765428761924,-3.5806204171940914,-3.76659220015768,-3.961390120019967,-4.165431288624767,-4.379152455023035,-4.603011833905716,-4.83748806452961,-5.083083711391765,-5.340325003865474,-5.609762433568603,-5.89197322859591,2.0,-6.497161115437947,-6.8214344148442745,-7.161076368949125,2.0,-7.889410810791259,2.0,-8.68840774144723,-9.116520148680156,-9.564917443303,2.0,2.0,2.0,2.0,2.0,2.0,-13.35837374559748,2.0,-14.687863700829984,-15.400210000007952,-16.146302268508812,2.0,2.0,2.0,-19.501255761991423,2.0,-21.42653585500041,2.0,2.0,-24.670158442861673,2.0,2.0,2.0,2.0,-31.18494836973185,2.0,2.0,2.0,-37.5984170789395,2.0,2.0,-43.250827853340944,2.0,2.0,2.0,2.0,2.0,2.0,2.0,2.0,-65.7798568757961,2.0,2.0,-75.62985294267743,-79.22904664585954,2.0,2.0,-91.08228476298648,2.0,2.0,2.0
0.2882696992289233,2.0,2.0,2.0,2.0,2.0,2.0,2.0,2.0,2.0,2.0,2.0,2.0,2.0,2.0,2.0,2.0,2.0,2.0,2.0,2.0,2.0,2.0,2.0,2.0,2.0,-0.2317490707715662,-0.225987673999818,-0.2200592671413827,-0.213978552807225,-0.2077244148420168,-0.2013342210537108,-0.1947690100151539,-0.188081726995674,-0.1812306454895065,-0.1742611540218095,-0.1671597209136953,-0.1599256189398757,-0.1526196804275261,-0.1451862261420953,-0.1376873519117361,-0.1301388081945537,-0.1225101394283848,-0.1148642349760916,-0.1072396611044521,-0.0996006608035642,-0.0919702518736479,-0.0844667937286509,-0.0770509170712084,-0.0697330647106316,-0.0625434234656606,-0.0555831736842059,-0.0488776110556718,-0.0424111775354003,-0.0362188098512444,-0.0303390322316096,-0.024925622020339,-0.0199425480976332,-0.0153928238352509,-0.0113063953920301,-0.007794628058686,-0.0049793977782385,-0.0027390638464874,-0.0010825255307388,-0.0002824242807887,-0.0002415717748322,-0.0008258648345338,-0.0024379702656156,-0.0048154038105609,-0.0080048830485351,-0.012286464504346,-0.0172643369840083,-0.0234579595824477,-0.030409794250826,-0.0384499471130294,-0.0476211258377171,-0.0575135495196061,-0.0687770996000808,-0.0810707446307526,-0.0941700768098624,-0.1085868082353158,-0.1243173552828614,-0.1410429453650807,-0.1587475230703503,-0.1777929898796999,-0.198198790165344,-0.2199698538252273,-0.2430794919708804,-0.2673673419818686,-0.2929680859918866,-0.3200943188240051,-0.3487857604756843,-0.3790870337491778,-0.4110491432262269,-0.4447288892075519,-0.4801886103695929,-0.5174960691246253,-0.5567242070959884,-0.5979098152278042,-0.6410756944205268,-0.6863627298460478,-0.7339300804805431,-0.7838752971765954,-0.8363014532257979,-0.8913168978116435,-0.9490363326054276,-1.0095807266753214,-1.073077273150754,-1.1396598562669982,-1.2094692049678688,-1.282653064653659,-1.3593669287258197,-1.4397735217057592,-1.5240443174064309,-1.612358382845356,-1.704903994480182,-1.8018787266961032,-1.9034893451976775,-2.009952841891525,-2.1214968373245005,-2.238359430638713,-2.3607907116252713,-2.489052176067448,-2.6234183511376523,-2.764176504889974,-2.911627872712723,-3.0660885527580417,2.0,-3.3973733099242662,-3.574907033019694,-3.760869465454026,-3.955658436232332,-4.159690865774145,-4.373404239767605,-4.597255542436505,-4.831725043090518,-5.077313902108545,-5.3345484360194355,2.0,2.0,-6.181767354658622,2.0,-6.8156292781919525,-7.155266685758398,-7.511000489321303,-7.883592585701717,-8.273840584694797,-8.68258129649249,-9.110690349864113,2.0,-10.028722833175651,2.0,-11.035809972672672,2.0,-12.140584940264368,-12.732530052807745,2.0,2.0,-14.682004622978146,-15.394348894449042,-16.140439207617348,2.0,2.0,2.0,-19.495385403110703,-20.435750638753536,-21.420661932644013,-22.452230428961816,-23.53266501603813,2.0,-25.84950200796898,-27.090867964245987,2.0,-29.752797961961836,2.0,-32.67289459548513,2.0,2.0,2.0,-39.39016677430975,-41.27295831461171,2.0,2.0,-47.47356139468048,2.0,2.0,2.0,2.0,2.0,-62.7830453173982,2.0,2.0,-72.18754661146389,2.0,2.0,2.0,2.0,2.0,-95.40756616754996,-99.9439152320748,-104.69515287760268
0.280050389418363,2.0,2.0,2.0,2.0,2.0,2.0,2.0,2.0,2.0,2.0,2.0,2.0,2.0,2.0,2.0,2.0,2.0,2.0,2.0,2.0,2.0,2.0,2.0,2.0,2.0,-0.2332960444299123,-0.227709968772686,-0.221964649011509,-0.2160518964192393,-0.2099919613074303,-0.2037583513587797,-0.1973938060717328,-0.1908558954759103,-0.1841992486677062,-0.1773840421306232,-0.1704503968615417,-0.1633952124998483,-0.1562024828066612,-0.1489549903017263,-0.1415846982223267,-0.1341424581656606,-0.1266726706674238,-0.1191300709068483,-0.1115579484199897,-0.1040386215473989,-0.0965148241154521,-0.089010512807845,-0.0816125943293341,-0.0743477490211816,-0.0671948213346043,-0.0601851474786179,-0.0533714634625613,-0.0468743411620626,-0.0406371759469594,-0.0346934309903362,-0.0290788216878519,-0.0238801446988616,-0.0192063963144867,-0.0149906779442631,-0.0112633881473575,-0.0080659385095177,-0.0056203679588863,-0.0038175295347578,-0.0026245702225933,-0.0021859582202229,-0.0026712036011188,-0.0038015187789769,-0.0058556473981394,-0.0088571842908292,-0.0125636144560444,-0.0174997358704779,-0.0230732106279379,-0.0299710232315885,-0.0375468582550752,-0.0463936141275285,-0.0562364361066937,-0.0669278460625724,-0.0790470525577546,-0.0921154884854911,-0.106101249944723,-0.121467472214731,-0.1381566506859254,-0.1558239340695862,-0.1745697333843525,-0.1947151036362757,-0.2162630080379816,-0.2392222283148161,-0.2635444185794219,-0.2890846193901318,-0.3160358869103923,-0.3445734110316012,-0.3747385079334628,-0.4065792726405213,-0.4401505125615259,-0.4755128055205578,-0.5127322550248213,-0.5518807169823307,-0.5930350985662758,-0.6362231358225684,-0.6814845519224151,-0.7289803090053898,-0.7788598682596601,-0.8312259277462155,-0.8861861446096366,-0.9438547086573034,-1.0043521825327162,-1.0678052580104231,-1.1343476227947646,-1.204119661786692,-1.2772689047312558,-1.3539504071034263,-1.4343269813824735,-1.518569425299552,-1.6068571658834188,-1.699378461227302,-1.796330123480504,-1.8979191589985465,-2.0043624759840823,-2.1158874204628013,-2.2327316980553156,-2.3551465104256253,-2.483392123942103,-2.6177435065157884,-2.75848732259826,2.0,2.0,-3.2221613178786135,-3.3916355858578804,-3.5691583479917552,-3.7551109425751994,-3.949890418656828,-4.153913958355317,-4.367618977835886,-4.591462456796881,-4.8259238538999725,-5.071505601659844,-5.3287331245341765,-5.598157415882537,2.0,-6.175933638793819,-6.48552214597242,-6.809785112526103,-7.149417065349126,-7.505145839887901,-7.877733402200686,-8.267977460709329,-8.67671412306038,-9.1048188658298,-9.55320875369673,-10.022844613953469,-10.514731439093843,-11.02992421339055,2.0,2.0,-12.726636574803289,-13.346622879476127,2.0,-14.676103382804817,-15.38844526440269,2.0,-16.915965925501617,-17.734416910347132,2.0,2.0,-20.42983535369728,2.0,2.0,2.0,2.0,-25.843579370487337,-27.084944048285298,-28.3851126802043,2.0,2.0,2.0,-34.23155805793338,2.0,2.0,2.0,2.0,2.0,2.0,2.0,2.0,2.0,2.0,2.0,2.0,2.0,2.0,2.0,2.0,2.0,2.0,2.0,-86.9351546842807,-91.07044391775368,2.0,-99.93797193823674,2.0
0.2720654332493498,2.0,2.0,2.0,2.0,2.0,2.0,2.0,2.0,2.0,2.0,2.0,2.0,2.0,2.0,2.0,2.0,2.0,2.0,2.0,2.0,2.0,2.0,2.0,2.0,2.0,-0.234799360367339,-0.2293895064445444,-0.2238192294820914,-0.2180921121307832,-0.212199312894872,-0.206162533303935,-0.1999550066168104,-0.1936186993703021,-0.1871148884856143,-0.1804917572523957,-0.1737205172039655,-0.1668259329871535,-0.1598264328803589,-0.1526823894713853,-0.1455004075771274,-0.1382053517975705,-0.1308238847173316,-0.1234464274369258,-0.1160047486514215,-0.1085193476943833,-0.101113658615813,-0.0937228904956673,-0.0863640784772097,-0.0790791408860226,-0.0719848813016644,-0.0650194203157758,-0.0582138142988103,-0.0516017177095723,-0.045291911918264,-0.039311891568313,-0.0336463714536099,-0.0283323725436167,-0.0234065136436779,-0.0190243928020291,-0.015178660826958,-0.011848600346149,-0.0090606655788397,-0.0069442303228466,-0.0056220018664425,-0.0049418959471989,-0.0049337033373215,-0.0059391258261363,-0.0076798025207295,-0.010200212066623,-0.0138655411064881,-0.0181777942778036,-0.0237634701385967,-0.0300189583532243,-0.0376256666453096,-0.0459015599272825,-0.0555835342359767,-0.0661237252335054,-0.0776968355594056,-0.0907007924741751,-0.1045803236429444,-0.1195281368011899,-0.135899254531401,-0.1535839481635934,-0.1722372127664804,-0.1920970889888945,-0.2134025323286003,-0.236153667007076,-0.2603636446875771,-0.2859495730564547,-0.312807766251743,-0.3411817333613549,-0.3712028857454925,-0.4029162271030513,-0.436373907606268,-0.4716345471457475,-0.5087627012095212,-0.5478285974800522,-0.5889083212325997,-0.6320812475114155,-0.6773658338459505,-0.7248246106467144,-0.7746369280325041,-0.8269412260200372,-0.8818448935749257,-0.9394616306053262,-0.9999109990576712,-1.0633202690440662,-1.129821832532781,-1.1995560542664658,-1.27267000184961,-1.349319133175512,-1.429665312980578,-1.5138795970292462,-1.6021410293232714,-1.694637123024756,-1.7915659503189785,-1.8931334342413193,-1.9995562499617132,-2.1110623394602355,-2.227889182217184,-2.3502867436893755,-2.4785165864686647,-2.6128528059938354,-2.7535832439777463,2.0,-3.05544336248947,-3.2172192122200083,-3.3866824833538933,-3.564195057752738,-3.750137234421916,-3.944907390965892,-4.148922241524636,2.0,-4.586454168706716,-4.820907883837605,-5.066482267983927,-5.323703287954332,-5.593121685063268,-5.875314207037174,-6.170885434426158,-6.480468367068703,-6.804726269285103,-7.1443531339215,-7.5000773887759165,-7.872660323367947,-8.26289989148819,2.0,2.0,-9.548119755527376,2.0,-10.50963543185061,-11.024825813332912,2.0,2.0,2.0,2.0,-13.990868722877725,2.0,-15.383327990219334,2.0,-16.910844358482194,2.0,2.0,2.0,-20.424706736383015,2.0,-22.44118023089927,-23.52161162836036,2.0,2.0,-27.07980684133573,-28.37997457830755,-29.741731932570183,2.0,2.0,2.0,-35.86512151472188,2.0,2.0,-41.26187902671676,2.0,2.0,2.0,2.0,2.0,-54.58664767664494,2.0,2.0,2.0,2.0,2.0,2.0,2.0,-79.21205365629513,2.0,2.0,2.0,2.0,2.0,2.0
0.2643081486974105,2.0,2.0,2.0,2.0,2.0,2.0,2.0,2.0,2.0,2.0,2.0,2.0,2.0,2.0,2.0,2.0,2.0,2.0,2.0,2.0,2.0,2.0,2.0,2.0,2.0,-0.2362597618437806,-0.2310240064792179,-0.2256281156441437,-0.220075566533506,-0.2143673143873217,-0.2084967977689145,-0.2024839397617281,-0.1963052142390491,-0.1899980652958361,-0.1835314872335345,-0.1769429654359881,-0.170219263493921,-0.1633650448206178,-0.1564252619677031,-0.1493445392886526,-0.1422195344910717,-0.1350046396392619,-0.1276933094772649,-0.1204063637427111,-0.1130715316888479,-0.1057013435555855,-0.0983900716643516,-0.0911394076649806,-0.0839336558914549,-0.0768009318873449,-0.0698501820481951,-0.0630811471130873,-0.0564891309583039,-0.050109039516064,-0.0439855539231258,-0.0382604855337437,-0.0328851751406683,-0.0278845052591657,-0.0232954599418368,-0.0191779188713646,-0.0157026027498141,-0.0127857363245943,-0.0104403837108228,-0.0087021332778828,-0.0078263097882114,-0.0076790813670513,-0.0081977925271297,-0.0096643357993869,-0.0120388393692436,-0.0151131090813731,-0.0193997413865327,-0.0244016968150379,-0.0306036081906162,-0.0376190841626711,-0.0459133731505748,-0.0549627792291902,-0.0654698597295699,-0.0767494040828751,-0.0892603469733624,-0.1031562185232896,-0.1178913675194969,-0.1338577539421225,-0.1512730350254837,-0.1699791948947615,-0.1896744886710997,-0.2107025640115937,-0.2332176221845655,-0.2572245828815279,-0.2827397348277002,-0.3096398830709232,-0.3378867452265505,-0.3677477371757612,-0.399319939744246,-0.4326525287874111,-0.4678015799673375,-0.5048297468061509,-0.5438057491449503,-0.5848041319253331,-0.6279051215680951,-0.673188353011488,-0.7206680504417267,-0.7704307744582621,-0.8226685094614776,-0.8775113387465785,-0.93507222247375,-0.995470546328906,-1.0588322628119946,-1.125290170022094,-1.1949839186788394,-1.268060637417781,-1.344674804399668,-1.4249885465633307,-1.5091729227876476,-1.5974062244561915,-1.6898764281362846,-1.7867804406319396,-1.8883247518377797,-1.9947264145195724,-2.1062118905059353,-2.2230200440242114,-2.345399890148308,-2.4736131108889228,-2.607933828600742,-2.748649274378966,2.0,-3.050482442018719,-3.212246034674226,-3.381697205876877,-3.5591987550397177,-3.7451306168853646,-3.939890895712249,-4.143896329848346,2.0,-4.581410637453758,-4.8158567828010845,2.0,2.0,-5.588049030587309,-5.870234970693275,-6.16580021698988,2.0,-6.7996298371662505,-7.139251796874427,-7.494970927054405,2.0,2.0,-8.666512202317167,-9.094609615271958,-9.54299209412259,-10.01262045268119,2.0,-11.019687373911657,2.0,2.0,2.0,-13.336362935537402,-13.985716481357624,-14.665833089819635,2.0,2.0,2.0,-17.72412968111222,2.0,-19.47917691908997,2.0,2.0,2.0,-23.51643753232027,2.0,2.0,2.0,2.0,2.0,2.0,2.0,2.0,2.0,2.0,2.0,-41.256691327475814,2.0,-45.29405903415709,-47.45728752792344,2.0,-52.096016691129165,2.0,2.0,2.0,2.0,2.0,2.0,2.0,2.0,-79.20685734941397,2.0,2.0,2.0,2.0,-99.92761736994194,2.0
0.2567720442597586,2.0,2.0,2.0,2.0,2.0,2.0,2.0,2.0,2.0,2.0,2.0,2.0,2.0,2.0,2.0,2.0,2.0,2.0,2.0,2.0,2.0,2.0,2.0,2.0,2.0,-0.2376793405940864,-0.2326109023317467,-0.2273920607397138,-0.2220108555250226,-0.216478229682751,-0.2107896593864901,-0.2049440247889644,-0.1989560260594488,-0.1928091147128932,-0.1865322290100798,-0.1801063109597172,-0.1735537243304024,-0.1668814213421044,-0.1600691381694531,-0.1531934103888531,-0.1461819684611111,-0.1391147184523676,-0.1319852656975551,-0.1247663569593044,-0.1175558841097636,-0.1103342296428356,-0.1030878344377393,-0.0958724697986916,-0.0887694175228584,-0.0817247503137189,-0.0747677667848573,-0.0679509191611785,-0.0613870366418717,-0.0550187138536642,-0.0488813505073714,-0.04301185019203,-0.0374925757505387,-0.0324199955822748,-0.0277460792517515,-0.0235090210858836,-0.0197447471149398,-0.0165757109849857,-0.0140889046047492,-0.0122040095745874,-0.0109411811679879,-0.0104476035803111,-0.010854185368625,-0.0119618640839386,-0.0138787436862812,-0.0169005794977171,-0.0206197558948413,-0.0254837646198415,-0.0312521490740228,-0.038046862344814,-0.0459002122955738,-0.0548641838041153,-0.0647612405165006,-0.076085965248608,-0.088174585626621,-0.101655185904078,-0.1164521085489627,-0.1321084508804176,-0.1491328436644848,-0.1676338366090518,-0.1873895853091298,-0.2081927686197368,-0.2304382098011265,-0.2542151221016671,-0.2795329850521344,-0.3064040791985124,-0.3346782293477638,-0.3643876608281565,-0.3958031166240774,-0.4289972656851181,-0.4640234102834402,-0.5009419209489012,-0.5398195113717041,-0.5807293674068722,-0.6237502450113417,-0.6689671621220639,-0.7164564736660038,-0.7662349231856985,-0.8184132760328633,-0.8731903798772336,-0.9306910878044592,-0.9910342196001652,-1.0543451732901952,-1.1207562508279163,-1.1904068131059584,-1.2634434645037262,-1.3400205146066606,-1.420299991864641,-1.5044521332142606,-1.5926554817420309,-1.6850977100520683,-1.7819757423349727,-1.8834961832148875,-1.9898749421945257,-2.10133935794945,-2.2181269175249487,-2.3404881690258685,-2.468683853087831,-2.602987649463665,-2.7436874526696227,-2.8910838701762382,-3.045491933568682,-3.207242617260121,-3.3766816558367014,-3.5541715437486645,-3.740092380597976,-3.934842270117425,2.0,-4.352515605333106,-4.576334354366524,-4.810771931212015,-5.056331039525354,-5.313537089403331,-5.582941497773779,-5.865120794597064,-6.1606795451215355,-6.470250762046373,-6.7944974041313335,2.0,2.0,2.0,-8.252631638627376,2.0,-9.089448302954462,2.0,-10.007451388127212,-10.49932836735741,2.0,2.0,-12.119261588306149,-12.711195754277355,2.0,2.0,2.0,2.0,-16.119055460285406,-16.900481484276064,-17.718926686202405,-18.576144101886523,2.0,-20.41432862023059,2.0,-22.43079535493338,2.0,2.0,2.0,2.0,2.0,2.0,2.0,2.0,2.0,2.0,2.0,2.0,-41.25146338690407,2.0,2.0,-47.45205692698195,-49.71775756347231,2.0,2.0,2.0,2.0,2.0,2.0,2.0,2.0,2.0,2.0,2.0,2.0,2.0,2.0,2.0,-104.6736146261604
0.2494508135230315,2.0,2.0,2.0,2.0,2.0,2.0,2.0,2.0,2.0,2.0,2.0,2.0,2.0,2.0,2.0,2.0,2.0,2.0,2.0,2.0,2.0,2.0,2.0,2.0,2.0,-0.2390584719796286,-0.2341614593141085,-0.2291064616371558,-0.2239066996886414,-0.2185422211508344,-0.2130344541871894,-0.2073678469344693,-0.2015531924020384,-0.1955925964767522,-0.1894848015426855,-0.1832410045589864,-0.1768643006506451,-0.1703507954114557,-0.1637397531253421,-0.1569751425292094,-0.1501724482836068,-0.1432426744306719,-0.1362373314740993,-0.1292071608117198,-0.122096655588547,-0.1149666826732512,-0.1078748422745712,-0.1007701985574979,-0.0936769958619383,-0.0867208554760916,-0.0798583768780365,-0.0730996912558653,-0.0664769720749371,-0.0600899715316516,-0.0539714557831686,-0.0481045771117332,-0.0425275615335702,-0.0372788864819224,-0.0324770888213024,-0.0281636756225654,-0.024314285108877,-0.0209662564163267,-0.018155973012662,-0.0160758584316402,-0.0146944346477567,-0.0139690215706215,-0.0139272779583492,-0.0148678366081289,-0.0166161933382884,-0.0190947579182094,-0.0227289202917438,-0.0272002481874956,-0.0326190793999927,-0.0392225575257444,-0.0466492101160177,-0.0554061873025865,-0.065056590941112,-0.0759085865006014,-0.0880512142788124,-0.1010369090072177,-0.1155431548649178,-0.1312553259244314,-0.1479132690095034,-0.1660545705467841,-0.1856964821614484,-0.206535622662671,-0.2285240860361584,-0.2520516305319665,-0.2771563183954327,-0.3038528430377006,-0.3321369721374313,-0.3618500296195411,-0.3931061570784766,-0.4261543650734694,-0.4610516847464206,-0.4978557167622979,-0.5366311078940061,-0.5774491825989295,-0.6203874203413874,-0.6655295211028172,-0.7129650439024038,-0.7627623506055623,-0.8149483704170815,-0.869662379566187,-0.927101631242476,-0.9873885138302904,-1.0506477972948811,-1.1170113878948529,-1.1866181505615452,-1.2596142044450287,-1.3361539719171105,-1.416398702026596,-1.5005185875131029,-1.5886920307840544,-1.681106374552218,-1.777958424729532,-1.879454203607892,-1.985810257781782,-2.097253316914472,-2.214021403173789,-2.3363634135885354,-2.4645413693413856,-2.598829149391521,-2.739513345982886,-2.886894989936639,-3.0412895312708033,2.0,-3.372453715574153,-3.549932035466419,2.0,-3.93058134402644,2.0,-4.3482363156350035,-4.572045792449167,2.0,-5.052026393281646,-5.309225372930563,-5.57862265224116,2.0,-6.156347740083076,-6.465912962933682,-6.790153936546776,-7.12976502587466,-7.485473617359611,-7.858042280064333,-8.248267977920182,-8.656987743851685,-9.085075880467048,-9.53345021923235,-10.003071577393206,-10.494944648792847,2.0,-11.54971346944188,2.0,2.0,2.0,2.0,2.0,-15.368567761338316,2.0,-16.89607084554186,-17.714513822993872,-18.57172919136658,2.0,2.0,2.0,2.0,2.0,-24.638408834113893,-25.82362317874324,-27.064982552172697,-28.36514616219706,-29.72690003617144,2.0,-32.646985821765966,-34.21157328215837,-35.850276632188645,-37.56660569236155,2.0,2.0,-43.21900142848552,-45.28439021945075,2.0,-49.71331686807179,2.0,2.0,2.0,-59.90144103208493,2.0,2.0,2.0,2.0,2.0,2.0,2.0,2.0,2.0,-95.38158270368947,-99.91793002115624,2.0
0.2423383298859155,2.0,2.0,2.0,2.0,2.0,2.0,2.0,2.0,2.0,2.0,2.0,2.0,2.0,2.0,2.0,2.0,2.0,2.0,2.0,2.0,2.0,2.0,2.0,2.0,2.0,-0.2403982236634678,-0.2356657127838609,-0.2307821427375944,-0.225741647611222,-0.2205604618930548,-0.2152125221731302,-0.2097300206119813,-0.2040851916430277,-0.1983015775629168,-0.1923682616184767,-0.1862992838956211,-0.1800885525449209,-0.1737603911395458,-0.1672861011939367,-0.1607352627921161,-0.1540332806196004,-0.147287632714056,-0.1404377834463637,-0.1334950321085689,-0.1265620734028364,-0.1195575621939872,-0.1125101101659986,-0.1055445843414691,-0.0985786674231541,-0.0916369321592975,-0.0847971698847509,-0.0781133680030163,-0.0715491367512444,-0.0651378763817035,-0.0589212120951298,-0.0530370989222321,-0.0474363097459444,-0.042147121536755,-0.0372093471464892,-0.0326682772262775,-0.0286820536448901,-0.025215597219927,-0.0222788244680261,-0.0199065200782589,-0.0181732939692741,-0.0172769476035577,-0.017084426641856,-0.017591630618707,-0.0189793691575404,-0.0213648548524323,-0.0244938307314683,-0.0286665319099502,-0.0338908153505036,-0.0399269581444937,-0.0473213250293655,-0.0554618717302887,-0.0650665760562997,-0.0754650030739528,-0.0872859078660114,-0.1002352089874535,-0.1141798384327849,-0.129715530853166,-0.1463577218432954,-0.1640788829173229,-0.1833614841396225,-0.2041588815988719,-0.2261284644262184,-0.2493661456019172,-0.2742170251546152,-0.300695715984445,-0.3288219940781658,-0.3585675827236783,-0.3897860620364899,-0.422663991253176,-0.4574113711861739,-0.4940825018780445,-0.5327398925451813,-0.5734523329780329,-0.6162956201290534,-0.661352053841877,-0.7087097803817332,-0.7584638691204023,-0.8106728943162179,-0.8653796739454032,-0.9227494787272034,-0.9829724399962751,-1.0461731519786612,2.0,-1.182040059196503,-1.2549906378776703,-1.3314878938072696,-1.411693555694427,2.0,-1.5839166892352914,-1.6762997122578802,-1.7731223275147223,-1.8745908985869837,-1.9809213264605685,-2.0923404471304123,-2.209086129733594,-2.3314074281650425,-2.4595657822959445,-2.5938346410961692,-2.734501629862802,-2.8818669423150145,2.0,-3.197968835626418,-3.3673820248044546,2.0,-3.730745330970404,-3.925473279782508,-4.129448274109641,-4.343106978518838,-4.566906711793884,2.0,-5.046869452455236,-5.30406006129733,-5.573449686382534,-5.85561469955662,-6.1511602798077565,-6.460718670887072,-6.784953392108543,2.0,-7.480261617519109,-7.852824662306162,-8.243045617623249,-8.651760111761906,-9.07984399221784,2.0,-9.997830532959986,-10.489700138835836,-11.00487582162417,-11.544461374440582,-12.109613045695024,-12.701540484970083,-13.321513553570108,-13.970858773350448,2.0,2.0,2.0,2.0,-17.709236175550522,2.0,2.0,-20.40462588996287,2.0,-22.42108537586568,2.0,2.0,2.0,2.0,-28.35985084172543,-29.721603333033876,-31.147863285565855,-32.641686327452284,2.0,2.0,2.0,2.0,2.0,2.0,-45.27908351781546,2.0,2.0,2.0,2.0,2.0,2.0,-62.751770164097195,2.0,2.0,2.0,2.0,2.0,-82.96154484097002,-86.90980166686583,2.0,-95.37626623762714,2.0,2.0
0.2354286414322417,2.0,2.0,2.0,2.0,2.0,2.0,2.0,2.0,2.0,2.0,2.0,2.0,2.0,2.0,2.0,2.0,2.0,2.0,2.0,2.0,2.0,2.0,2.0,2.0,2.0,-0.2417005045720983,-0.2371281022875128,-0.2324123050544664,-0.2275441516842103,-0.2225226381865023,-0.2173622204012359,-0.2120330957161164,-0.2065816388448299,-0.2009611306909474,-0.1952155228598619,-0.1893123106770427,-0.1832903295691861,-0.1771158234622332,-0.1708456429819471,-0.1644141438150013,-0.1579342373077389,-0.1513088738361029,-0.1446223643912037,-0.1378657730314913,-0.1310063872307882,-0.1241693606584264,-0.117286915222039,-0.1103629279047429,-0.103506021694529,-0.0966978795010073,-0.0899280264976143,-0.08322636454189,-0.0767288157319927,-0.0703828045078649,-0.0642083064225108,-0.0582415057687793,-0.0525494377819153,-0.0472431007035664,-0.0422726387938829,-0.0376784644703926,-0.0335014093907033,-0.0298013733390287,-0.0267403595458081,-0.024254380934088,-0.0223647783117255,-0.0211016501257162,-0.0206251125073221,-0.0210132832723813,-0.0221384529808443,-0.0240343309220211,-0.0270517252642493,-0.0309133190230505,-0.0356486456103249,-0.0416627424567018,-0.0484306749844807,-0.0565953594674695,-0.0655591239760728,-0.0760047055029923,-0.0872483221211345,-0.1000612926478361,-0.1138462361333498,-0.1288501035559068,-0.1454421765919915,-0.1630572413898361,-0.181933116257256,-0.202419450759636,-0.2244116824639349,-0.2475653376164691,-0.272139511437297,-0.2983832054913555,-0.3263073185846507,-0.3559359927364252,-0.3872029665882721,-0.4200030507618495,-0.4545913865804104,-0.4911233309930441,-0.5296568767988047,-0.5702590971972334,-0.6130037470382437,-0.6579715266649824,-0.7052493091160856,-0.7549308529215946,-0.8071152967284744,-0.8618470363258895,-0.919194424067893,-0.9793518699771828,-1.0424927772097714,-1.1087476954244346,-1.178254467238344,-1.2511585700064556,-1.3276130936709063,2.0,-1.491825868648586,-1.579931515275739,-1.672282907846037,-1.769076151251277,-1.8705171322897192,-1.976822061633892,-2.0882167805308107,-2.2049402707270707,-2.327240798082961,-2.455379346612061,-2.589630037085609,-2.730279441706573,-2.8776285928411705,-3.0319920494212527,-3.193700850041332,-3.3631003048754975,-3.5405529978338475,-3.7264386737658066,-3.9211548117847737,-4.12511937384191,-4.338767592690794,2.0,2.0,2.0,-5.299685586970877,-5.569067407101924,-5.851225319602894,-6.146763648123994,-6.456315783476861,-6.780544147726675,-7.120143228138608,-7.47584088083901,-7.848398319009065,2.0,-8.647324090273974,-9.07540334372154,-9.523769046365777,-9.993381568540974,-10.48524693605777,-11.000419098107232,2.0,2.0,-12.697073765762022,-13.31704352477261,2.0,2.0,2.0,-16.10489273829105,2.0,-17.704750651426764,-18.561961652161,-19.4597815576653,-20.40013415569832,2.0,2.0,2.0,2.0,2.0,-27.0551863993333,-28.35534770179053,2.0,2.0,-32.63717913790848,2.0,2.0,-37.55679272774352,-39.35442337415368,2.0,-43.20918233938001,-45.27456946090064,-47.43779461638323,2.0,-52.07651787830977,2.0,2.0,2.0,2.0,2.0,-68.87075622472989,2.0,-75.58814743288693,-79.18733749174612,2.0,2.0,2.0,2.0,-99.90808913224092,2.0
0.2287159659502646,2.0,2.0,2.0,2.0,2.0,2.0,2.0,2.0,2.0,2.0,2.0,2.0,2.0,2.0,2.0,2.0,2.0,2.0,2.0,2.0,2.0,2.0,2.0,2.0,2.0,-0.2429655585645197,-0.2385550147092305,-0.2339943150501933,-0.2292974450061727,-0.2244457406852564,-0.2194463385964939,-0.2143078363475816,-0.2090007894430268,-0.2035819413182682,-0.197987217329555,-0.1922835752307486,-0.186412136605669,-0.1804415617945866,-0.1743051968742401,-0.1680978808067537,-0.1617272353291719,-0.1553078084374774,-0.1487648771474494,-0.1421402162915686,-0.1354832544860731,-0.1287323255141226,-0.1219763258111619,-0.1152234293171017,-0.108440647545462,-0.1016868005767257,-0.0950451679424145,-0.0884564826728577,-0.0819505769908229,-0.0755971541637915,-0.0694801932288065,-0.0635539386036902,-0.0578558839415443,-0.0524246941481797,-0.0473583583733512,-0.0427208331255339,-0.0384852965049452,-0.0346940509316481,-0.0313881085407376,-0.028652352201537,-0.0266310342048043,-0.0252438931511639,-0.0245176879522918,-0.024490755811402,-0.0254229751904933,-0.0271905377700188,-0.0297281050000994,-0.0332901397409166,-0.0379133966839824,-0.043329117891127,-0.050071053818332,-0.0576809630759614,-0.066567957575187,-0.0764561042044167,-0.0877107220224649,-0.0998940707349692,-0.1136818384160236,-0.1283646283657529,-0.1444888072795161,-0.1621419935368778,-0.1807905786765175,-0.2008864614323725,-0.2226234307402557,-0.2458392935794235,-0.27024751626504,-0.2962235798783834,-0.3239196904352515,-0.3533521548990243,-0.384549247324994,-0.4173965657770659,-0.4518653905553648,-0.4882422108695835,-0.5266393372922087,-0.5671205083449071,-0.6097572465952827,2.0,-0.7018191806557561,-0.7514219043460781,-0.8035354110838691,-0.8582606349492875,-0.9156330955360916,-0.9757501797813504,-1.03882664103016,-1.1050225954987514,-1.174475289648799,-1.247329714198488,-1.3237384200662046,-1.4038620911027362,-1.4878697944513717,-1.5759390186245223,-1.668256754605271,-1.7650185100542364,-1.8664301103069223,-1.97270832235578,-2.0840781214620185,-2.2007777638855877,-2.323055825163589,-2.451173339646361,-2.585404657121567,-2.726035989789068,-2.873367673369019,-3.02771538318647,-3.189408864464136,-3.358793616122853,-3.5362326555929897,-3.722105970134787,-3.916810144106115,2.0,-4.334401282010726,-4.55818113054775,-4.792582782838977,-5.038107695055112,-5.295281617009722,-5.564654883275472,-5.846805695540226,-6.142336680882955,-6.451881930597212,-6.776103326966205,-7.1156967830283655,2.0,-7.843940262508352,-8.234150827167683,-8.642855676400135,-9.0709298373048,2.0,-9.988899482548936,2.0,-10.995928917122816,-11.535507118724263,-12.100651977932973,2.0,2.0,2.0,-14.641982154366984,-15.35430656957367,-16.100377811980515,2.0,2.0,2.0,2.0,2.0,-21.380505209387344,-22.412059897569865,2.0,2.0,-25.80929482037529,-27.050649682345295,2.0,-29.712558982181143,-31.138816356168807,2.0,-34.19722093035672,2.0,-37.552246804779806,2.0,2.0,2.0,2.0,-47.43324402988125,2.0,-52.07196555941036,2.0,2.0,2.0,2.0,2.0,-68.86619991276211,2.0,2.0,2.0,2.0,2.0,-91.0360062401506,2.0,-99.90352888783936,2.0
0.2221946860939523,2.0,2.0,2.0,2.0,2.0,2.0,2.0,2.0,2.0,2.0,2.0,2.0,2.0,2.0,2.0,2.0,2.0,2.0,2.0,2.0,2.0,2.0,2.0,2.0,2.0,-0.2441944425912663,-0.2399404102356132,-0.2355437060038082,-0.2309983594578316,-0.2263207832898892,-0.2214867251075344,-0.2165127685268769,-0.2113975197897991,-0.2061211902681108,-0.2007315707459266,-0.1951643941104465,-0.1895068537657698,-0.1836691046607467,-0.1777546075345191,-0.1716634758758384,-0.1655193136707003,-0.159221572709892,-0.1528587950725832,-0.1464044194116878,-0.1398446792753686,-0.1332940806234712,-0.1266587997681073,-0.1199876107968145,-0.1133721502876645,-0.1067389610703583,-0.1001126113323781,-0.0936269773612468,-0.0872292279026741,-0.0809307175594224,-0.074764416939618,-0.0688499338782516,-0.0631839972250361,-0.0577674811551532,-0.0526404362857209,-0.0478436977133742,-0.0435037892208714,-0.0396427240352315,-0.0362540413407345,-0.0333802577378756,-0.0310613811926827,-0.0294253230197504,-0.0285613877125467,-0.0283940342958223,-0.0289466881293337,-0.0303397454050547,-0.0327702195968322,-0.0360173328041952,-0.0401411160054891,-0.0455205814598423,-0.0517366749549502,-0.0591451376881804,-0.0676800330698795,-0.077272052207983,-0.0881751892801293,-0.1002209276151392,-0.1134385286401918,-0.1281874460167559,-0.1438584984222596,-0.1611394522307928,-0.1798616458684684,-0.1996278812443627,-0.220989930801329,-0.2440275959131478,-0.2684984724926721,-0.2942435858210457,-0.3216806791665045,-0.3508919204270068,-0.3818991337587686,-0.4147247716713452,-0.4492239388447593,-0.485452573324067,-0.5236986118455023,-0.5640463983440589,-0.6065647284749669,-0.6513300377349629,-0.6984260054080904,-0.7479433205419317,-0.7999794968104792,-0.8546386129364425,-0.9120194237450004,-0.9721571090756403,-1.035179513910227,-1.1013120042090525,-1.1707066400506747,-1.243507704051557,-1.319867315668125,-1.3999456544518072,-1.4839117154792494,-1.571942396250814,-1.6642242302117631,-1.7609528286617957,-1.862333797932808,-1.9685826718815416,-2.0799256764090206,-2.1965999755460803,-2.3188546009383564,-2.446950528688102,-2.5811608830739923,-2.7217726592510596,-2.8690865434067816,-3.0234172055222035,-3.185094452427489,-3.3544643668992307,-3.5318895477844743,-3.7177489244985273,2.0,2.0,-4.3300084814967175,-4.5537775952649575,2.0,-5.033684756202196,-5.290849505816669,-5.560215019730831,-5.842357004149694,-6.137880852833952,-6.447418354198572,-6.7716335308277,-7.111220082350678,-7.4669056043147615,-7.839451808055653,-8.229656682502613,2.0,-9.066425680936074,-9.514782083873762,-9.984385691763991,-10.476242857100848,2.0,-11.530981342137409,-12.0961221596576,-12.68804006738665,2.0,-13.957339039212432,-14.637439390310185,-15.349760626478355,-16.095829454637247,-16.877243432830003,2.0,-18.55288352490338,2.0,2.0,2.0,2.0,-23.487915620909256,-24.61951717512687,2.0,2.0,2.0,-29.707984826775142,2.0,2.0,2.0,-35.83134106532557,-37.54766642669369,2.0,2.0,-43.20004969985806,-45.26543510467796,2.0,2.0,-52.0673784247716,2.0,2.0,2.0,2.0,2.0,2.0,-72.14259230038883,-75.57899746829443,2.0,-82.94787045388378,-86.89612586312742,2.0,-95.362587792971,2.0,2.0
0.2158593446822416,2.0,2.0,2.0,2.0,2.0,2.0,2.0,2.0,2.0,2.0,2.0,2.0,2.0,2.0,2.0,2.0,2.0,2.0,2.0,2.0,2.0,2.0,2.0,2.0,2.0,-0.2453890495112607,-0.2412864826687804,-0.2370496597082699,-0.2326687201029382,-0.2281435094679179,-0.2234873445021458,-0.2186731860652684,-0.2137306665663509,-0.2086411787326955,-0.2034027708051538,-0.1980450955285254,-0.1925213636952394,-0.1869054498138398,-0.1811173701644735,-0.1752559874465366,-0.1692348274245836,-0.1631437450434774,-0.1569310628183885,-0.1506292673122168,-0.1442769924710366,-0.1378116355365124,-0.1313578118010941,-0.124854409358022,-0.1182958907039359,-0.1118136243104088,-0.1053491961488031,-0.098906288485718,-0.0925485150764109,-0.0863640583004928,-0.0802967549343618,-0.0743809124660734,-0.0686556532687679,-0.063262017988445,-0.0581561566412965,-0.0533641011346461,-0.0489281386453116,-0.0448909340206644,-0.0413884948458202,-0.0384396123582712,-0.0360373387310982,-0.034223242037641,-0.0330350766431393,-0.0326469828642846,-0.0330857683982317,-0.0342847412600346,-0.0362592927695288,-0.0392901914134199,-0.0433034045279563,-0.0481451480583994,-0.0542112897581372,-0.0613278718450017,-0.0694163175721005,-0.0789278111020514,-0.0893142361300847,-0.1012566825015809,-0.1141414191740541,-0.1285081583306506,-0.144210308569625,-0.1609789360777425,-0.1794770487521222,-0.199280655741089,-0.2202642412426778,-0.242958714374403,-0.2673529953346334,-0.2931231906677691,-0.3203002310987751,-0.3492730444372985,-0.3800761947504797,-0.4127371798029057,-0.4472569245457335,-0.4834859237585115,-0.5215763366676751,-0.5617842525909894,-0.6041788559368826,-0.6488341888307548,-0.695831964582819,-0.7452611727092415,-0.7972178420106018,-0.8518050600658197,-0.9091326900774472,-0.9692907351889096,-1.0323246222660734,-1.098396947382882,-1.167732446342954,-1.2404792402629283,-1.3167892725275512,-1.3968219230263623,-1.4807457032145537,-1.5687374565239507,-1.6609832051604836,-1.7576780091609974,-1.8590282174061832,-1.9652482397079991,-2.076564296000587,-2.1932136263389457,-2.315444652175226,-2.443518604494935,-2.577708639796106,-2.71830126991439,2.0,-3.0199105102202832,-3.1815719326578167,2.0,2.0,-3.7141841868066097,-3.908863681511322,-4.112792927751988,2.0,2.0,-4.784548998857143,-5.0300545765269575,2.0,-5.556567714996655,-5.838702129974562,-6.134218186794296,-6.443748848301523,-6.767956952179027,-7.107537127026864,-7.463216468333326,-7.835757053860641,2.0,-8.634650248708791,-9.062715183968969,-9.511066979126714,2.0,-10.47251909247275,2.0,-11.527249877006849,-12.09238690984194,-12.684301505735148,-13.30426130665872,-13.953594094730132,2.0,-15.346010229652103,2.0,2.0,2.0,-18.54912257541804,-19.446936214652386,2.0,-21.372175707927067,2.0,-23.48414466417361,2.0,2.0,2.0,2.0,2.0,2.0,2.0,-34.188859985221214,2.0,2.0,2.0,2.0,2.0,2.0,2.0,2.0,-52.06358662120418,2.0,-57.152190702400105,2.0,-62.73431155750487,-65.72522171375891,-68.85781306631381,2.0,2.0,-79.17438929381979,-82.94407277428641,-86.89232770216053,-91.0276131008699,2.0,2.0,2.0
0.2097046401323232,2.0,2.0,2.0,2.0,2.0,2.0,2.0,2.0,2.0,2.0,2.0,2.0,2.0,2.0,2.0,2.0,2.0,2.0,2.0,2.0,2.0,2.0,2.0,2.0,2.0,-0.2465494761127939,-0.2425979753204456,-0.2385095115429154,-0.2342902340514097,-0.2299255437231528,-0.2254223127758751,-0.2207880524374912,-0.2159944529151296,-0.2110848461718439,-0.2060218462982994,-0.2008225878943417,-0.1954977085655154,-0.1900214872819138,-0.1844450615338685,-0.1787149626576714,-0.1729002586889944,-0.1669496133057276,-0.1609129665879875,-0.1547854375162627,-0.1485464929293806,-0.1422962045625708,-0.1359413552440255,-0.1295702033381471,-0.1231981105816769,-0.1167822984810236,-0.1104055495819483,-0.1041089377178854,-0.0978482785049193,-0.0916527407560049,-0.0856503314051645,-0.0798128843901861,-0.0741459076622715,-0.0686867634782826,-0.0634954576077588,-0.0586967032089537,-0.0542380279190953,-0.0501611427953115,-0.0465101256718017,-0.0433312937488427,-0.0407809119039539,-0.0388490338296027,-0.0375386124628132,-0.0368888429712008,-0.036947804684108,-0.037944994003164,-0.0397898911639089,-0.042448488707467,-0.0460158184659815,-0.0507797105583629,-0.0564309786953945,-0.0631236409859662,-0.0711397474708529,-0.0800210323369008,-0.0904307169862473,-0.1017182112096376,-0.1146337368380217,-0.1284555057197957,-0.1439554624176098,-0.1606157912682152,-0.1785616710764522,-0.1982705396120607,-0.2191905244103331,-0.2414694241625464,-0.26553004507925,-0.2912986377285725,-0.318427711849541,-0.3471170726328753,-0.3776783621358819,-0.4101318601637401,-0.4445103245224122,2.0,-0.5188228522805826,-0.5588677289647924,-0.6011190094629427,-0.6456469326523682,-0.6925319395908043,-0.7418598498595168,-0.7937254753585731,-0.8482304398857605,-0.9054836796489656,-0.965600955928166,-1.0286602475061812,-1.0947270415988393,-1.163995591373039,-1.2366811203617272,-1.3129345146484068,-1.3929157388539308,-1.476791801482295,-1.5647395800865205,-1.6569446399281094,-1.7536022630160062,-1.8549171750003897,-1.961104572472749,-2.0723904173528984,-2.189011318260765,-2.311216486305291,-2.439265590888869,-2.5734328075009705,-2.714003978595831,-2.8612793540215655,-3.0155740154858472,-3.17721787651172,-3.3465562009135237,2.0,-3.709782794876989,-3.9044478668305778,-4.108363849752202,-4.321967291924279,-4.545714441097888,2.0,-5.025580781784772,-5.282726475531045,-5.552074128779371,-5.834199876831533,-6.1297075628017215,2.0,-6.763430706228638,2.0,-7.458676677472962,-7.831210272489864,-8.22140406817733,-8.630092542457998,-9.058151665248042,-9.506498079929532,2.0,-10.467940633623131,-10.983096182104482,-11.522662801515986,-12.087796021169206,-12.67970650207449,2.0,-13.948992178944328,2.0,-15.341401435158105,-16.087464630066012,2.0,-17.687301561838986,2.0,2.0,2.0,2.0,2.0,2.0,2.0,-25.79631661035598,2.0,2.0,-29.699566451178775,2.0,2.0,-34.18421655306244,2.0,-37.539235170231954,2.0,2.0,2.0,2.0,2.0,2.0,-52.05893337453346,2.0,2.0,2.0,2.0,-65.72056443792881,-68.85315482508736,2.0,2.0,2.0,2.0,2.0,2.0,2.0,-99.89047138486556,2.0
0.2037254220231357,2.0,2.0,2.0,2.0,2.0,2.0,2.0,2.0,2.0,2.0,2.0,2.0,2.0,2.0,2.0,2.0,2.0,2.0,2.0,2.0,2.0,2.0,2.0,2.0,2.0,-0.247676816503899,-0.2438736312051145,-0.2399361190041831,-0.2358660321003032,-0.231666387903872,-0.2273201349908643,-0.2228443457435145,-0.2182344215186616,-0.2134640533815604,-0.2085939575075817,-0.2035603095628314,-0.1984080687470538,-0.1931191511397538,-0.187699520513265,-0.1821661385558178,-0.1765043461324687,-0.1707402688570111,-0.1648717924244009,-0.1588939767171281,-0.1528646364421343,-0.1467054978796565,-0.1405596481280809,-0.1343309783720616,-0.1280483424444401,-0.1218248244556423,-0.1155702600150397,-0.1093117077217058,-0.1031974710001149,-0.0971407372049709,-0.0911662085935678,-0.0853205871327368,-0.079736475238159,-0.0743450485354235,-0.0691834313244238,-0.0642919182598628,-0.0597423614921338,-0.055648614311478,-0.0519650972776679,-0.0487365474172636,-0.0460082798282077,-0.043828066996756,-0.0423633708417111,-0.0416001815897082,-0.0415349073879485,-0.0422020318052172,-0.043683932958332,-0.0462091606659931,-0.0496099382068972,-0.05386723541344,-0.0593098921864224,-0.0658372830017082,-0.0732766436239029,-0.0821658509289089,-0.0919871864718228,-0.1032545511507836,-0.1155813058197974,-0.1294480905688717,-0.1443301966058399,-0.1609673510892389,-0.1786472765641631,-0.1978764722440646,-0.2188175715518224,-0.2409155165095006,-0.264592610956449,-0.2900902614060665,-0.3172745977708001,-0.3458355814172976,-0.3761348961993661,-0.408365313792668,-0.4425518565845948,-0.4787337146659918,-0.5168279445786648,-0.5567776831260141,-0.5988777983823363,-0.6432730954503036,-0.6900397450977234,-0.7392625407915083,-0.791034092751937,-0.8454544599999887,-0.9026311637522556,-0.962679010334562,-1.025719285175964,-1.0918129530002003,-1.1610577355285523,-1.2336806206063662,2.0,-1.389805404665991,-1.473633251778101,-1.561536523833659,-1.653700385533008,-1.7503201616810042,-1.8515997147851135,-1.9577547425741684,-2.0690102482193855,-2.1856032519083968,-2.307781843046959,-2.435806593957549,-2.5699503074129257,-2.710500032402975,-2.857755446378699,-3.012031073001112,-3.173657418188886,-3.342978799553376,-3.5203584403313353,2.0,-3.9008271011501856,2.0,2.0,-4.542056148167028,-4.7764161963826135,-5.021901206861235,-5.279037698799319,-5.548375962173615,-5.830492689216066,2.0,-6.435507074130865,-6.759700260740134,-7.099266456723322,2.0,2.0,2.0,-8.626330218246649,-9.054383937262076,2.0,2.0,-10.464158521394069,-10.979309786843414,-11.518872080468425,-12.084001274292136,2.0,2.0,2.0,-14.625277521577772,2.0,-16.083649762294293,2.0,-17.68348158125771,-18.54068053495967,2.0,-20.37883065574685,2.0,-22.39526640420472,2.0,-24.607276738876084,2.0,2.0,2.0,2.0,-31.12197615752706,2.0,2.0,-35.81906493402012,2.0,2.0,2.0,2.0,2.0,2.0,2.0,2.0,2.0,2.0,-59.87015929615645,2.0,2.0,2.0,2.0,2.0,2.0,-82.93554928610908,-86.88380315747327,-91.0190875544267,2.0,2.0,-104.6378395145188
0.1979166867853556,2.0,2.0,2.0,2.0,2.0,2.0,2.0,2.0,2.0,2.0,2.0,2.0,2.0,2.0,2.0,2.0,2.0,2.0,2.0,2.0,2.0,2.0,2.0,2.0,2.0,-0.2487720231305742,-0.2451122666987124,-0.2413254174583506,-0.2374032459762965,-0.2333550899569533,-0.2291765196746901,-0.2248502991819164,-0.220405953845378,-0.2158221065007178,-0.2110866472243453,-0.2062507874601551,-0.2012485849541414,-0.1961483278551024,-0.1908977393447591,-0.1855401599970816,-0.1800524686431036,-0.1744649578564494,-0.1687545346811001,-0.1629747403414166,-0.1570592081545182,-0.1511351767758358,-0.1450898364257539,-0.139026156958011,-0.1329319326732926,-0.1267712622087112,-0.1206766570753955,-0.1145929082255651,-0.1085163171201048,-0.1025369638766464,-0.0966952200411545,-0.0909533825438744,-0.0853452678400139,-0.0799541879140535,-0.0748518612222315,-0.0700020746581148,-0.0654465872799055,-0.0612283852760515,-0.0574248276154018,-0.0541509328626225,-0.0513634697233989,-0.0491080102755551,-0.0474303615314411,-0.0463799665449612,-0.0461412027498401,-0.0466845506902662,-0.0480006702470378,-0.0501167068801284,-0.053206292753272,-0.0573790021492111,-0.0624524875587122,-0.0685262048830706,-0.0759437826873805,-0.0842827342704451,-0.0939605659241538,-0.104839244224461,-0.1169227785401046,-0.1304070891844857,-0.1451912676043313,-0.1612501292482691,-0.1790016099448427,-0.1978074542971797,-0.2183649734263266,-0.2405425163348434,-0.2639164447452972,-0.2890477642197844,-0.3160391525971444,-0.344672496891925,-0.3747624425470887,-0.4067404720737302,-0.4407117899564151,-0.4767078754764502,-0.5147662496230897,-0.5547580920769929,-0.5967241801126414,-0.6409725672435714,-0.6876097121355158,-0.7367174454916041,-0.7883862995838807,-0.8427146622162891,-0.8998084230260176,-0.9597814145172464,-1.0227544596340248,-1.0888493339648906,-1.1581199325089186,-1.2306993937049784,-1.3068342653166214,-1.386706390653448,-1.4704825974002516,-1.5583383995139777,-1.6504586130788246,2.0,-1.84827995390443,-1.9544003368066507,-2.065623709259415,-2.182186458742056,-2.304337267573384,-2.4323359765309087,-2.5664556930268256,-2.7069825686615183,-2.8542168501271235,-3.0084726317215704,-3.170079994057565,-3.33938427858546,-3.516747027483732,-3.702548949517551,2.0,2.0,-4.314653208938541,2.0,-4.77272470064678,-5.018198842774435,-5.275325244783979,2.0,-5.826761488829678,-6.1222520901066595,-6.431758974677536,-6.755944406054994,2.0,-7.451162211092509,-7.823683345550573,-8.213864519272454,-8.622541437688774,2.0,-9.49892546744248,-9.968509592479576,-10.460348675244102,-10.975494928157664,-11.515053149079492,-12.080178415256086,-12.672081116739314,-13.29203005493871,2.0,-14.621440027486608,-15.333749225335518,2.0,2.0,-17.679632113273076,-18.536828170293266,2.0,2.0,-21.359860490171197,-22.39140496136621,2.0,2.0,-25.78861202567217,2.0,-28.330110040025044,2.0,2.0,2.0,2.0,2.0,-37.53150679626317,-39.329130603955,2.0,-43.18387701023993,2.0,2.0,-49.67817053316643,-52.051190478297336,-54.53662170464351,2.0,2.0,2.0,2.0,2.0,2.0,-75.56278676722745,-79.1619734804475,2.0,2.0,-91.0151924880474,2.0,2.0,2.0
0.1922735735142774,2.0,2.0,2.0,2.0,2.0,2.0,2.0,2.0,2.0,2.0,2.0,2.0,2.0,2.0,2.0,2.0,2.0,2.0,2.0,2.0,2.0,2.0,2.0,2.0,2.0,-0.2498365412709657,-0.2463149630163666,-0.2426739366885416,-0.2389048278044534,-0.2349994839690581,-0.2309769808143418,-0.2268211305256509,-0.22251670511437,-0.2181079984852348,-0.2135521779702567,-0.2088580196672401,-0.204056821804588,-0.1990884405234687,-0.1940453591095485,-0.1888357314825657,-0.1835459074748939,-0.178106885995469,-0.1725999041541113,-0.1669464981517591,-0.1612622156244224,-0.155434451381196,-0.1496015289666483,-0.14367790978512,-0.1377009812613864,-0.1317498677454265,-0.1257442157560312,-0.1197601934914193,-0.1138572939136919,-0.1079765525330253,-0.1021475617486769,-0.0965203956023433,-0.0910235292878608,-0.0856800953307243,-0.0805272027157177,-0.075677605377528,-0.0711546710629442,-0.0669510754281438,-0.0631113393498313,-0.0596808653779014,-0.0567372381635767,-0.0544071012497985,-0.0526449975140202,-0.0514952485415828,-0.0510028601294143,-0.0512223566401122,-0.0523593348295938,-0.0543512147236813,-0.0571862700826878,-0.0608942825568427,-0.0657829641138244,-0.0717082039625228,-0.0785651120253147,-0.086782607069829,-0.096121564043423,-0.106571647034747,-0.1185441840567146,-0.1315232534563459,-0.1461777182001756,-0.1619192400350099,2.0,-0.1981069343348684,-0.2181492835870189,-0.2400786206795937,-0.2635016110838356,-0.2882548706850313,-0.3148960712480116,-0.3434343596892345,-0.3735606661057969,-0.4052805029939021,-0.4390085284968626,-0.4747964650959884,-0.5126816531941022,-0.5526851001195449,-0.5946638418349308,-0.6387573572290938,-0.6852515889927975,-0.7342329982627095,-0.7857896897986013,2.0,-0.8970216198242583,-0.9569133883412242,-1.0198130472624336,-1.085848128499005,-1.1551348400470205,-1.227732926364571,-1.3038109442761114,-1.383622652760921,-1.467343504882642,-1.5551484777452702,-1.6472218844613806,-1.7437577388605243,-1.8449603858018553,-1.9510438188516588,-2.0622330164713625,-2.178764153305728,-2.3008851266458823,-2.4288565895644307,-2.5629506071176333,-2.7034534539143973,-2.850665155121413,-3.0049000653785862,-3.16648763654624,-3.3357731306046756,-3.5131193370057976,2.0,-3.893526193497213,2.0,2.0,-4.534676147821101,-4.769012268718061,-5.014475328502405,-5.271590747625817,-5.540908817647897,-5.8230069539927145,-6.118488895547174,-6.427986990966291,2.0,-7.091715442317009,-7.447367178146688,-7.819881220659772,-8.210055594577923,-8.618726406982992,-9.046768789679083,-9.495099400865254,-9.964678073458488,-10.456511963135886,2.0,2.0,2.0,-12.668226980121114,-13.288171916791969,-13.93749024856224,2.0,-15.329880504489749,-16.075934259906447,-16.857333993758672,2.0,2.0,-19.43075127954275,2.0,2.0,2.0,2.0,-24.599516748568604,-25.78471557293232,2.0,-28.326209510618643,2.0,2.0,2.0,2.0,2.0,2.0,-39.32522022435594,2.0,2.0,-45.24534423518215,2.0,2.0,2.0,-54.53270396497783,-57.13587052178265,2.0,-62.71798520632701,-65.7088926630582,2.0,2.0,2.0,2.0,2.0,-86.87598380230752,-91.01126713994611,-95.34244079288412,-99.87878419744054,2.0
0.1867913599020782,2.0,2.0,2.0,2.0,2.0,2.0,2.0,2.0,2.0,2.0,2.0,2.0,2.0,2.0,2.0,2.0,2.0,2.0,2.0,2.0,2.0,2.0,2.0,2.0,2.0,-0.2508706334316822,-0.2474884307075674,-0.2439828858277469,-0.2403619249742398,-0.2366120850799116,-0.2327252657990464,-0.2287322976731118,-0.2246009821285842,-0.2203239136988123,-0.2159516516120302,-0.2114260387505135,-0.2067780502898632,-0.2020139313301402,-0.1970946857150576,-0.1921015095674456,-0.186935765834407,-0.181719676590837,-0.1763326118259327,-0.170912701162089,-0.1653313407484663,-0.1597384054354458,-0.1540210261141197,-0.1482686153393881,-0.1424750508173904,-0.1365958543708906,-0.130790977690539,-0.1249499680216264,-0.1190910197831711,-0.1133710527816542,-0.1076972851414999,-0.1020910512426361,-0.0966256207435964,-0.0913865973495093,-0.0863214363251796,-0.0814686686134435,-0.0768685894762829,-0.0726540309360044,-0.0688189465825336,-0.065375252968918,-0.062369910228365,-0.0598503843116734,-0.0578918495975467,-0.0566375860274362,-0.0560385693046668,-0.0561344628596389,-0.0569680134742701,-0.0586089684788513,-0.0612781205292602,-0.0648618945121459,-0.069350728072571,-0.0748622791941175,-0.0816621263345798,-0.0894459924015255,-0.0983910413550605,-0.1087669155693663,-0.1201225390297425,-0.133135255968011,-0.1471455432171975,2.0,-0.179738796338812,-0.1983818785074376,-0.2183341864544958,-0.2397243228931002,-0.2630481394949335,-0.2877539947286934,-0.3139916491117379,-0.3422017464588444,-0.3723226185732234,-0.4040106918985064,-0.4374643134757376,-0.4730175755140505,-0.5107015677618787,-0.5505602078787026,-0.5925809112207481,-0.6366402208271849,-0.6829766628734912,-0.7318192467787954,-0.783252835512539,-0.8373712038001029,-0.8942771164257968,-0.9540808193084016,-1.0169007435830435,-1.0828641003974433,-1.1521046048355537,-1.2247275633021697,-1.3008100600875896,2.0,-1.4642197530257528,-1.5519702481587472,-1.643993736486955,-1.7404838568312129,-1.8416439454666227,-1.94768799354244,-2.058840621685936,-2.175338058910232,-2.297427775973581,-2.4253700698062888,-2.559436735009627,-2.6999145658606105,-2.8471024218749057,-3.0013154182363304,-3.1628817049661517,-3.332148629557839,-3.509476158075609,-3.695243445093971,-3.88984971297905,-4.093709499586532,-4.307259492543919,-4.530956738675502,-4.765280157480442,-5.010731305460496,-5.26783545522328,2.0,-5.8192307535445185,-6.114703223964254,-6.424192525364036,-6.748361444075583,-7.087904358284707,-7.443548281327336,-7.816055483868401,-8.206223170452418,-8.614887343637164,-9.04292348777822,-9.4912478957112,-9.960821609084,-10.452650187144949,-10.967786786514957,2.0,-12.072451871293875,-12.664346511278872,-13.284286964296106,-13.933602233458831,2.0,-15.3259847924236,-16.072035220185313,2.0,2.0,-18.52903976425017,2.0,2.0,2.0,2.0,-23.464003653538533,-24.59559410635452,2.0,2.0,-28.32228128394768,2.0,2.0,2.0,2.0,2.0,-37.52365968617923,-39.321280958952904,2.0,-43.176022668658256,2.0,2.0,-49.6703097769957,-52.04332777888724,-54.52875715181135,2.0,2.0,2.0,2.0,2.0,2.0,2.0,2.0,2.0,2.0,-91.00731240400766,2.0,2.0,2.0
0.1814654582860647,2.0,2.0,2.0,2.0,2.0,2.0,2.0,2.0,2.0,2.0,2.0,2.0,2.0,2.0,2.0,2.0,2.0,2.0,2.0,2.0,2.0,2.0,2.0,2.0,2.0,-0.2518751813904664,-0.248628214400216,-0.2452618369410082,-0.2417758874116542,-0.2381765786253827,-0.2344477349883255,-0.2305856784959642,-0.2266219341524668,-0.2225171685695622,-0.2182775051948682,-0.2139384218787293,-0.2094454137778756,-0.2048486862519595,-0.2001243105213101,-0.1952652703118301,-0.190319515839608,-0.1852188570640484,-0.1800647801843424,-0.1747534034464568,-0.1694072947130374,-0.1639263418425023,-0.1584079601246267,-0.1528089581003889,-0.1471418793482935,-0.141487088448936,-0.1357566576372725,-0.1300620002919205,-0.1243957253340544,-0.1187245196248556,-0.1131424499383658,-0.1076873445606808,-0.1023172986960002,-0.0970655805988609,-0.0920532893487535,-0.087280667253595,-0.0827430745049665,-0.0784822904535849,-0.0745424123104634,-0.0710648160334548,-0.0680355234179938,-0.0654748581426581,-0.0634317418963956,-0.0619550185144905,-0.0611178167624238,-0.0610808755763785,-0.0617902977498345,-0.0632781267940491,-0.0655824972615524,-0.0688153748759013,-0.0731708816995533,-0.0784876671933083,-0.0847631362956422,-0.0923463377352724,-0.1011062101760356,-0.110894060394723,-0.1222562042864398,-0.1346640258895707,-0.1486542724467373,-0.1638295759236898,-0.1806903290403766,-0.1987038845625569,-0.2186304714076562,-0.2397518208395898,-0.2625867349502144,-0.2873121625715908,-0.3133697593778022,-0.341190629961515,-0.3710323708682665,-0.402774336703814,-0.4361047987484571,-0.4713921067750548,-0.5088493020192733,-0.5485133817864399,-0.5904336586095623,-0.6345486034544506,-0.680797233050711,-0.7294863148010573,-0.7807846433606694,-0.8347831237108655,2.0,-0.95128991686775,-1.0140238213974953,-1.0799089901388186,-1.149079041319073,2.0,-1.297785481623811,-1.377517731455114,-1.4611154434568228,-1.548807546275428,-1.640777689498739,-1.737218492711745,-1.838333233289988,-1.9443354522522376,-2.0554495068239063,-2.1719110177202476,-2.293967643177088,-2.421878767790288,-2.5559166036254335,-2.6963673549695644,-2.8435303758258303,-2.997719956972432,-3.159264519503716,-3.3285105446277763,-3.505819025610962,-3.691568956088695,-3.88615751863069,-4.090001332181026,-4.303536334372637,-4.527219664452874,-4.761529807055615,-5.006967912519835,-5.264060473371029,-5.533357223526785,-5.81543460602453,-6.1108968615055845,-6.42037657440501,-6.744536421315649,-7.0840709596549205,-7.439707187230736,-7.812206439407575,-8.202367045204769,-8.611024370294015,-9.03905429243026,2.0,-9.956940656599365,-10.448763594612764,-10.963894946926594,2.0,2.0,-12.660440564383848,2.0,2.0,2.0,-15.322062882093547,2.0,2.0,2.0,-18.525105075672258,-19.42290298187387,-20.363234171955423,2.0,2.0,-23.460056491602355,2.0,2.0,-27.01817933043973,2.0,2.0,-31.106307407744655,-32.600116299450434,2.0,2.0,-37.51969389832155,2.0,2.0,2.0,-45.23743079706978,-47.40064717512339,2.0,-52.03935376005095,-54.524782072304674,2.0,-59.85442506599701,2.0,2.0,2.0,2.0,2.0,2.0,2.0,2.0,2.0,2.0,2.0,2.0
0.1762914118095947,2.0,2.0,2.0,2.0,2.0,2.0,2.0,2.0,2.0,2.0,2.0,2.0,2.0,2.0,2.0,2.0,2.0,2.0,2.0,2.0,2.0,2.0,2.0,2.0,2.0,-0.2528510916657967,-0.2497355148279209,-0.2465069733655744,-0.2431584921897845,-0.2396969573124348,-0.2361216020137186,-0.2324161697543871,-0.2285868849637468,-0.2246530145403163,-0.2205776303303436,-0.216382600216707,-0.2120798301874141,-0.2076227179164155,-0.2030858195471736,-0.198404848574057,-0.1936157868155247,-0.1887215291912616,-0.1837032823738802,-0.1786094683672668,-0.1733952313884847,-0.1681189026342882,-0.1627521277143624,-0.1573139332212942,-0.1518485538053713,-0.1462796506224241,-0.1407738870625684,-0.1352114259671595,-0.129633273795819,-0.1241615102916844,-0.1187003993939227,-0.1132780004562307,-0.1080504054200579,-0.1029410543250228,-0.0979704355866582,-0.0931756260867228,-0.0887027507125592,-0.0845102476520056,-0.0806203991684312,-0.0770781453079271,-0.0739298970453545,-0.0713047204630152,-0.0692265676353301,-0.0677004162236992,-0.0667761844729147,-0.0665035356296762,-0.0669460455028448,-0.0682898776024663,-0.070482831474619,-0.0735379117394862,-0.0774858790278608,-0.0825117084720313,-0.088717961753451,-0.0959294879379148,-0.1042451137437678,-0.1140261455848174,-0.1248484829026624,-0.1371168780927046,-0.1507359027870253,-0.1656668217175638,-0.1821676985789311,-0.2000832924648237,-0.2194481954397886,-0.2406508646772443,-0.2630686349478394,-0.2874238966584303,-0.313567736961879,-0.3410927120715554,-0.370580277629278,-0.4021349643088431,-0.4355422970282617,-0.4706287264057222,-0.5078425617715794,-0.5472983822284441,-0.5890393798989362,-0.6331163770070396,2.0,-0.7279754015417663,-0.7791320790330916,-0.8330053547695451,-0.8896934753326999,-0.949302399063439,-1.011947465640076,-1.0777529885639308,-1.1468507084531865,-1.2193812778944102,-1.295488955603459,-1.3752494299556366,-1.4588111238958408,-1.5464440675822182,-1.6383597640069805,-1.734750924007306,-1.8358199177721597,-1.9417800117085324,-2.0528551280388783,-2.169280650663723,-2.291303717286171,-2.419183881625237,-2.5531933829038476,-2.693617156659267,-2.8407552153344593,-2.9949211845664014,-3.156444348536493,-3.32566972187991,-3.502959141975482,-3.688691102041698,-3.883262462931936,-4.087091045272108,-4.300611245493613,-4.524280307284538,-4.758577188029366,-5.0040033483795625,-5.261083919648567,-5.530369531548432,2.0,-6.107889097206363,-6.4173594628414,-6.7415107691966565,2.0,-7.436665281820126,-7.809157240973388,-8.199310778244424,-8.607961254007801,-9.03598464927444,2.0,-9.953859415562777,2.0,-10.960803539593556,-11.500342399028762,-12.065449284700884,2.0,-13.277267403534722,-13.926574183628938,-14.606646510525074,-15.318942026870545,2.0,-16.846375546694237,-17.664786713210244,-18.521971105535066,2.0,2.0,2.0,-22.376507171288225,-23.45691005765233,2.0,2.0,2.0,-28.31517117135377,2.0,2.0,-32.596956819504506,2.0,2.0,2.0,2.0,2.0,-43.168885171483666,-45.23426187309867,-47.39747714200949,2.0,2.0,2.0,-57.12477288585562,-59.85125021384994,-62.70688243063177,2.0,-68.83037364265051,2.0,-75.54775203576072,2.0,2.0,2.0,2.0,-95.33132004322712,2.0,2.0
0.1712648906924604,2.0,2.0,2.0,2.0,2.0,2.0,2.0,2.0,2.0,2.0,2.0,2.0,2.0,2.0,2.0,2.0,2.0,2.0,2.0,2.0,2.0,2.0,2.0,2.0,2.0,-0.2537994207031944,-0.2508102275336964,-0.2477146937487289,-0.2445057826326971,-0.2411765579778287,-0.2377423435890606,-0.2341923117861069,-0.2305118393974469,-0.2267181050398618,-0.2228157478588894,-0.2187715597460436,-0.2146237719988089,-0.2103592919162924,-0.2059425246031227,-0.2014656586517239,-0.1968305289146395,-0.1921137583007804,-0.1872737343375748,-0.1823400940861699,-0.1773096192203984,-0.1721946045883524,-0.1669915687775842,-0.1617409745893411,-0.1563869993043678,-0.1510572156183941,-0.1456337168072539,-0.1402363930015606,-0.134843740013953,-0.1294222624853995,-0.1241124416781442,-0.1188632638827027,-0.1136692596703008,-0.108609462137981,-0.1037628570931308,-0.0990753121994899,-0.0945849887569755,-0.0903418748198814,-0.0864914874905304,-0.0829750816681794,-0.0798338813308899,-0.0771157260411116,-0.0748695332439449,-0.0732178960864447,-0.0722121427830623,-0.0718445642389727,-0.0721664296725936,-0.0732266392696379,-0.0750935811216525,-0.0779706252540467,-0.0817828852597472,-0.0865356767331484,-0.0922638630293102,-0.0992808849174446,-0.1074441012939532,-0.116650457830935,-0.127333082988048,-0.1392717012025535,-0.1524328885773087,-0.1672692266954373,-0.1832341241644984,-0.2010372477360521,-0.2200571901058888,-0.240858306660362,-0.2633109591119594,-0.2871384337415634,-0.3130417243638738,-0.340611216028426,-0.369712242770476,-0.40091311737833,-0.4342273068394002,-0.4693494952925024,-0.5063014745768979,-0.545511427064693,-0.5870419279726792,-0.6309428457203744,-0.6772488823846168,-0.7258275729415804,-0.7768282743365096,-0.8305571859202268,-0.8871171600123109,-0.9466122730753628,-1.009155837873936,-1.0748698837433586,-1.1438852799682069,-1.2163414315019023,-1.2923863833596283,-1.3721605219494264,-1.4557440989976973,-1.5433221298378716,-1.635176489994972,-1.731511309649494,-1.832528690422892,-1.938441267557773,-2.0494726024627696,-2.165857621877037,-2.2878431702668953,-2.4156887364716693,-2.5496657460489125,-2.6900594340640955,-2.8371696480563027,-2.991309567115147,-3.1528081250023434,-3.3220106009638606,-3.4992786999237673,-3.684990701900663,-3.87954365593888,-4.08335424053654,-4.296857793042377,-4.520511473359127,2.0,-5.000205988994364,-5.257273631428691,-5.526546996565436,-5.8086024352857235,-6.104043808392174,-6.41350404116063,-6.737645334591229,-7.077162444448049,-7.432781989580144,-7.805265737347393,2.0,-8.604054810774931,-9.032070965291297,-9.48037666119932,2.0,-10.441744150414888,-10.956864891375403,-11.496398479635946,2.0,-12.653381045004473,-13.27330882801591,-13.922611135605592,2.0,2.0,-16.06101081821689,-16.842397183359278,-17.660804743624258,-18.517986432739832,-19.41577829637556,-20.35610419915038,-21.340978180004967,2.0,-23.452910920870696,-24.58449427659857,-25.769684664073452,2.0,2.0,-29.67289621021868,2.0,2.0,-34.15751268329739,-35.79619852847992,-37.51251155845376,2.0,2.0,-43.16486233621057,-45.23023758870262,2.0,2.0,2.0,2.0,-57.120742998781125,2.0,2.0,2.0,2.0,2.0,-75.54371696275855,2.0,-82.91257894485247,-86.8608287352704,-90.99611013943873,-95.32728155448716,2.0,2.0
0.1663816886076128,2.0,2.0,2.0,2.0,2.0,2.0,2.0,2.0,2.0,2.0,2.0,2.0,2.0,2.0,2.0,2.0,2.0,2.0,2.0,2.0,2.0,2.0,2.0,2.0,2.0,-0.2547209222407955,-0.2518563535319261,-0.2488880838610065,-0.2458147516557794,-0.2426277240369849,-0.2393201049605799,-0.2359185852840282,-0.2323965053534631,-0.228743744961927,-0.2249921438006808,-0.2211243505648192,-0.217114580207535,-0.2130219159962994,-0.2087992895124618,-0.2044458561242961,-0.2000190571915151,-0.1954339386778852,-0.1907999904047667,-0.1860188192559286,-0.1811816361662692,-0.1762196584954182,-0.1712170873994351,-0.1660930836862953,-0.16097336717728,-0.1557344125530198,-0.1505320351066693,-0.1452719884757609,-0.1399900533192214,-0.134786383592202,-0.1295686728918069,-0.1244030980326717,-0.1193882319413228,-0.114446717870295,-0.1096112753024125,-0.10500703948084,-0.1006300577450118,-0.0964737092513635,-0.0925797158218821,-0.0890027442679553,-0.0858870939394088,-0.083182144121857,-0.0809313870170107,-0.0791854733806488,-0.0779954975337413,-0.0774560655615639,-0.0776878915012309,-0.0786515107939752,-0.0803957308839736,-0.082967434432677,-0.086438160012042,-0.0910343223106694,-0.0966518354255397,-0.1032813599361184,-0.1110256185196829,-0.1201881785013108,-0.1304634145067801,-0.1419893183871693,-0.1551110848048754,-0.1693298209853677,-0.1853447696623497,-0.2025086623420109,-0.2215867784437421,-0.2418538898901202,-0.264137505957882,-0.2878594411068058,-0.3132407854503515,-0.340735152748487,-0.3697805537353487,-0.400590638667158,-0.4335900463025366,-0.4687180756503219,-0.5056358503338261,-0.5445808033737607,-0.585885582379029,-0.629592848660921,-0.6757595200287176,-0.7243831140873753,-0.7753529939682031,-0.8289301374253537,-0.8853565027982047,-0.9447333050243296,-1.0071714781060448,-1.0727912844860183,-1.1417220049068866,-1.2141017525127358,-1.290077522131455,2.0,-1.4534138800343437,-1.541000905783759,-1.6327948104489822,-1.7290724599359493,-1.830037689309965,-1.9359021905681104,-2.0468893342942707,-2.163233638340314,-2.2851816125443243,-2.412992038923406,-2.5469366767285697,2.0,2.0,-2.988496117059555,-3.1499707761950813,-3.3191505909854095,-3.4963968174027165,-3.6820891701933967,-3.876623595904765,-4.080416577734582,2.0,-4.5175419945603466,-4.751809741633026,-4.997208313309564,2.0,-5.523524298588095,-5.805567815162434,-6.100998543249322,-6.410448515086755,-6.734580438565504,-7.074088573194086,-7.429699498945284,-7.80217510155861,-8.19231295180755,-8.6009488872307,-9.028958268755352,-9.477257795901249,-9.94680713566058,2.0,-10.95372823330243,-11.493256209749704,-12.058353018139025,-12.65022920133263,2.0,-13.919450363669243,-14.599514854709303,2.0,2.0,-16.83922110479882,-17.65762555607835,2.0,-19.41259257085117,-20.352915405657782,-21.337787112848623,-22.369316838279023,2.0,-24.581295734830764,2.0,-27.007818086526825,-28.307958090986013,-29.669689091817183,2.0,-32.589732364706606,-34.15430036094192,2.0,2.0,-39.30691166638421,2.0,-43.161642716253105,-45.22701670759635,-47.39022954461219,-49.65591578365569,-52.02892926022273,2.0,2.0,-59.84399205108466,2.0,2.0,2.0,2.0,2.0,2.0,-82.9093461403675,2.0,2.0,2.0,2.0,2.0
0.1616377191611948,2.0,2.0,2.0,2.0,2.0,2.0,2.0,2.0,2.0,2.0,2.0,2.0,2.0,2.0,2.0,2.0,2.0,2.0,2.0,2.0,2.0,2.0,2.0,2.0,2.0,-0.255616103655567,-0.2528751805097652,-0.2500286259362763,-0.2470851590469076,-0.2440358581226885,-0.2408726826505981,-0.2375930778773371,-0.2342244049993233,-0.2307325507122243,-0.2271099461109798,-0.2234054992910573,-0.2195749343225818,-0.2156034411492102,-0.2115705117191781,-0.2073928902497262,-0.2031091465782881,-0.1987357196324291,-0.1942168277135235,-0.1896601115495585,-0.1849419688032445,-0.1802087614021398,-0.1753199199575218,-0.1704380204542416,-0.1654154489502054,-0.1604183819691989,-0.1553295635225175,-0.1502351156436892,-0.1451488498625298,-0.1400128897966581,-0.1349858619431884,-0.1299838110154591,-0.1250102385287211,-0.1202032412427532,-0.1155279374691877,-0.1109789910895547,-0.106594034079793,-0.1025293894979988,-0.098723667088286,-0.0952061388434033,-0.0920219978962699,-0.0892243589752578,-0.0869623638685475,-0.0852004686771691,-0.0839774748959857,-0.083346346414161,-0.0833598564661347,-0.0840921906382796,-0.0857097902018652,-0.0881671981469431,-0.0914980565798456,-0.095744904365919,-0.1009990138730563,-0.1074970091332047,-0.1150811586438382,-0.1237357363304277,-0.1337735160833478,-0.1451705404586776,-0.1576977160778147,-0.1719230940904665,-0.1873758581963018,-0.2044895622045867,-0.2230125740599052,-0.2433132400288751,-0.2649759516724881,-0.2887127307927901,-0.3137941998214009,-0.340830993960486,-0.3699213247611204,-0.4005303768657834,-0.4331572440082765,-0.4680271452415868,-0.5050104512800925,-0.5438218948907455,-0.5848721100907485,-0.6283624047137902,-0.6743423459501667,-0.7228761331259183,-0.773904156436807,-0.8273922868617634,-0.8836716187706782,-0.942918789102804,-1.005241989870235,-1.0707592740508218,-1.1395981798441668,-1.2118953141604936,-1.287796360544494,-1.3674564387678378,-1.4510391927237032,-1.5386553211171765,-1.630436109913112,-1.7266527416787754,-1.827561907976905,-1.9333750748626648,-2.044315041441332,-2.160615895008056,-2.2825237181073863,-2.4102971982327532,-2.5442074651964908,-2.684539403820369,-2.8315917918981572,-2.985677930849582,-3.147126667601077,-3.3162825466154446,-3.493506633995897,-3.679177835608889,-3.87369264715606,-4.077467023142609,-4.29093699976557,-4.514559014713812,-4.748811436013273,-4.994195388478618,2.0,-5.520485128780671,-5.802517534236998,-6.097936903420246,-6.407376169488662,-6.731497855287033,2.0,-7.42659804283292,-7.7990651027258915,-8.189195186087119,2.0,-9.025825301071816,-9.474117699747708,-9.943661291677971,-10.435460642389414,2.0,-11.49009241280092,2.0,2.0,-13.266973695578107,-13.91626749547742,-14.596327647044935,-15.308610805991169,-16.054642844989225,-16.836022508023333,2.0,2.0,-19.409383815045867,-20.349703855945087,-21.334572290953343,-22.36609935660558,2.0,2.0,2.0,2.0,-28.3047286027848,2.0,-31.092695245601195,-32.58649716928634,2.0,-35.78974580739528,2.0,-39.30367011978485,2.0,-43.1583983501745,-45.22377100843437,2.0,2.0,-52.02568027655573,2.0,2.0,2.0,2.0,2.0,2.0,2.0,2.0,2.0,-82.90608804571289,2.0,2.0,-95.32078671693158,2.0,2.0
0.1570290124729377,2.0,2.0,2.0,2.0,2.0,2.0,2.0,2.0,2.0,2.0,2.0,2.0,2.0,2.0,2.0,2.0,2.0,2.0,2.0,2.0,2.0,2.0,2.0,2.0,2.0,-0.2564857165931952,-0.2538645544470481,-0.25114359777415,-0.2483181715857317,-0.2454022730305111,-0.2423790101867153,-0.2392418406632296,-0.2359972992026653,-0.232661314621333,-0.2292021790594826,-0.2256172534631632,-0.2219602915887172,-0.2181698688276646,-0.2142567460474271,-0.2102724124200192,-0.2061432258956452,-0.2019355839453995,-0.1976193283175313,-0.1931884741759931,-0.1886984319243684,-0.1840735746030769,-0.1794264480491888,-0.1746469858281463,-0.1698631348482326,-0.1649788191704641,-0.1600825827002682,-0.1551538140142145,-0.1501739505550096,-0.1452722831483251,-0.140334920982018,-0.13545121413959,-0.1306772858201074,-0.1259492283403333,-0.1213191389436541,-0.1169244366388744,-0.1126771216526711,-0.1086150361896273,-0.1047900167331502,-0.1013495000998288,-0.0982268326008021,-0.0954660187115632,-0.0931154830626693,-0.09122602872415,-0.0899423374993333,-0.0892659671647116,-0.0892186928479196,-0.0898552610301857,-0.0912292895037371,-0.0934033768547966,-0.0965680250523961,-0.1006902505994052,-0.1057781892520605,-0.111866230707942,-0.1191079065930686,-0.1276829242767974,-0.137389841271271,-0.14828915222416,-0.1608040160343408,-0.1745221965596149,-0.1897532587225064,-0.2065657938870422,-0.2247620225927507,-0.2447706804188066,-0.266272347266108,-0.2894779597225804,-0.3146450287603623,-0.3412262049182203,-0.369974403513802,-0.4006714168320154,-0.4329736675861168,-0.4674894475920211,2.0,-0.5431908235696443,-0.5840231119046495,-0.6272692897963115,-0.6730405730677171,-0.7213942566002536,-0.7723929450537272,-0.825926066743442,-0.8820732726381726,-0.9411778841172712,-1.0033752081817393,-1.06878081428019,-1.137519781527982,-1.2097275021753804,-1.2855480568394388,-1.3651350612500948,-1.448652020254149,-1.5362658467995542,-1.628075648191458,-1.7242555364489076,-1.8251047649537295,-1.9308629695252943,-2.041752496563274,-2.158007342565564,-2.279872602980793,-2.407606565737841,-2.5414803603232548,-2.6817785361995443,2.0,2.0,-3.144278206638551,-3.313408703771741,-3.4906091773824968,-3.6762581662238247,-3.8707518716822817,-4.074507155819408,-4.287959176987138,-4.5115639428553695,-4.745800434847724,-4.9911697668183646,-5.248196877566793,-5.517431990246587,-5.799451294146569,-6.094858788618789,-6.404286694456717,2.0,2.0,2.0,-7.795936931334587,-8.186058740276259,-8.594679177402684,2.0,2.0,-9.940495249750256,2.0,-10.94739154892214,2.0,2.0,-12.643860038174209,-13.263773725443375,2.0,2.0,-15.305397421506722,2.0,-16.832801458214508,-17.65119843744944,-18.508369642318915,-19.406152013428933,2.0,2.0,2.0,2.0,2.0,2.0,2.0,-28.301476215841102,2.0,2.0,2.0,2.0,2.0,2.0,2.0,2.0,-43.15513001774464,-45.22050133274479,-47.38371129108046,-49.649395425711035,-52.02240685711399,-54.5078299641924,2.0,2.0,-62.693091515167474,2.0,-68.81657564612905,2.0,2.0,-79.13312894142445,-82.90280543874988,2.0,2.0,2.0,2.0,-104.60507026041132
0.1525517118540597,2.0,2.0,2.0,2.0,2.0,2.0,2.0,2.0,2.0,2.0,2.0,2.0,2.0,2.0,2.0,2.0,2.0,2.0,2.0,2.0,2.0,2.0,2.0,2.0,2.0,-0.2573304867687453,-0.2548253406983781,-0.2522260369853041,-0.2495269571349165,-0.2467282380251265,-0.2438405050539752,-0.240845472683675,-0.2377366430077884,-0.2345319066622997,-0.231231130521016,-0.2278074266947088,-0.2242730083943559,-0.2206589851125011,-0.2169118761155514,-0.2130636079250796,-0.2091308313224621,-0.2050537957978031,-0.2009289433007899,-0.1966739731949541,-0.1923384603193581,-0.1879196581840371,-0.1834051260741667,-0.1788401312676453,-0.1741884344614185,-0.1694986482852884,-0.1647620828211891,-0.1599730709031825,-0.1552147105602441,-0.1503879834011572,-0.1456508436055282,-0.1409240174975304,-0.1362018408838801,-0.131659393743775,-0.1271905648408593,-0.1228178531782075,-0.1186484786322422,-0.1147186736356843,-0.1109974399355462,-0.1075263416788395,-0.1043678969730894,-0.1016582030164339,-0.0993410055015578,-0.0974653413262225,-0.0960829872105833,-0.0952467397797546,-0.0950725676688398,-0.0956353825388175,-0.0969226107977574,-0.0989900586558931,-0.1018910899425842,-0.1056826452930411,-0.1105740060212617,-0.1165386500170461,-0.123558159046501,-0.1316582051791244,-0.1411236912102997,-0.1519265161770965,-0.1638977365030891,-0.1774070889064252,-0.1924075999011192,-0.2086997897018734,-0.226878338729392,-0.2463018966323182,-0.2677679700421292,-0.2905672970948895,-0.3154150564384999,-0.3419989382731976,-0.3702204896691461,-0.4007341434764346,-0.4330598198288978,-0.467188544670899,-0.503667397698754,-0.5424931863334026,-0.5833493852954091,-0.6263341492629777,-0.6718708574985081,-0.7200236160436426,-0.7708570586093207,-0.8244119458449316,-0.8805690478149086,-0.9395209846761758,-1.001580215890329,-1.0668635207612656,-1.135493878046362,-1.2076042617494038,-1.2833375212338527,-1.362845766906665,-1.4462915127565914,-1.5338458375354789,-1.6256722157526546,-1.721874391208338,-1.822670077367228,-1.928369724117616,-2.039205615380561,-2.1554108070944165,-2.2772304434371793,-2.4049227047945276,-2.538757508990207,-2.6790199547586293,-2.826007593065522,-2.9800340358470065,-3.1414265929366376,-3.3105306170123905,-3.4877060723606617,-3.673331767019574,-3.8678040719661255,-4.071538226746235,-4.284971377978661,-4.508558416725873,-4.742778016815374,-4.988131501556248,-5.245143694957243,-5.514364412605525,-5.796370770593607,-6.091765910982021,-6.40118236370448,-6.725282522291954,-7.0647603593032855,-7.420343163763325,2.0,2.0,2.0,-9.01950323245015,-9.467781129054153,-9.937310252135374,-10.429096633532978,2.0,-11.483704265782478,-12.048784656605832,-12.640645013754389,-13.260553791639389,2.0,-14.589888923807113,2.0,-16.0481875140736,-16.829559154141275,-17.647952010394665,2.0,-19.402899411795048,2.0,-21.328074933855827,2.0,2.0,2.0,2.0,-26.99806775613885,2.0,-29.65992588273085,2.0,2.0,2.0,2.0,-37.49950540216576,-39.29711623298663,2.0,-43.15183845517275,-45.21720837512915,2.0,2.0,2.0,-54.504531957819346,2.0,2.0,2.0,2.0,2.0,2.0,-75.5306429742668,-79.12982332372509,2.0,2.0,-90.98302494266306,2.0,2.0,-104.60176054862951
0.1482020705798858,2.0,2.0,2.0,2.0,2.0,2.0,2.0,2.0,2.0,2.0,2.0,2.0,2.0,2.0,2.0,2.0,2.0,2.0,2.0,2.0,2.0,2.0,2.0,2.0,2.0,-0.2581512017243531,-0.2557587409028675,-0.253277605424157,-0.2507024101800674,-0.2480275708574391,-0.2452607846665769,-0.2424038262539887,-0.2394397618953116,-0.2363621480487995,-0.2332037750487731,-0.2299413938402211,-0.2265564569936016,-0.2230804040142502,-0.2195130089105355,-0.2158130985926448,-0.2120389080727802,-0.2081619989364524,-0.2041528522637642,-0.2001102912060295,-0.1959216320668715,-0.1916934975657575,-0.1873515200597739,-0.1829607401295531,-0.1784840760067018,-0.1739750287840785,-0.1693862195449498,-0.1648138597894919,-0.1601458097795815,-0.1555698923649918,-0.1509456279967094,-0.1463521141138023,-0.1418570421916989,-0.1373834095940981,-0.1330186644899649,-0.1288337609325573,-0.1247659431317665,-0.1208511603144185,-0.117229244322315,-0.1138789852721815,-0.1108055618178627,-0.1080541596002852,-0.1056799904951951,-0.1038337585370944,-0.1024714755249653,-0.1016376306900454,-0.101386978384928,-0.1017748576478899,-0.102874663587063,-0.1048462525304171,-0.1076586787024141,-0.1113520026758829,-0.1159781045995477,-0.1215872676756768,-0.128409701815452,-0.1364242816073983,-0.1455768374441972,-0.1559152695709151,-0.1678181151880529,-0.1810247922089889,-0.1955360627163302,-0.2118533551545214,-0.2294169401076277,-0.2488914142192932,-0.2697378738262048,-0.2926189353229224,-0.3168918940011132,-0.3433959613734278,-0.3714447140295892,-0.4014702091723511,-0.4337795712923838,-0.4678048028273375,-0.5039126145872905,-0.5424495811815908,-0.583340825556103,-0.6262623299482781,-0.6715473090661177,-0.7194858922517307,-0.770135394265749,-0.823568667492633,-0.8797789577631052,-0.9386867311134616,-1.0006016670326638,-1.0657577767650197,-1.1342757120937603,-1.2062860017988342,-1.2819295887785185,-1.361357436688014,-1.444730282191093,-1.5322187949726815,-1.6240035960839292,-1.720233633657951,-1.821036512470437,-1.926677610168596,-2.0374590881582897,-2.1536145708292436,-2.275388430315572,-2.4030386189487323,-2.5368347938137097,2.0,-2.8240155533239406,-2.9780111332980557,-3.139375344401641,-3.308452310010503,-3.48560299580292,-3.671205570450896,-3.865656303912788,-4.069370427769961,-4.282784216646661,-4.506353676732925,-4.740556539033616,-4.9858944910105505,-5.242891919313942,-5.512099007855448,-5.794092470270153,-6.089475187314907,-6.398880192041497,-6.722969450719614,-7.0624369712200314,-7.418009760592345,-7.790449731279933,-8.180553290288266,2.0,-9.017136602640676,2.0,-9.934929451266097,-10.42670913255201,-10.941799916135365,2.0,-12.04637938174035,-12.63823446531788,2.0,-13.907417421960892,-14.58746354560247,-15.299733924395891,-16.045753913819848,2.0,-17.645510998010767,2.0,2.0,-20.340761393515688,-21.325621183053695,-22.35713953742748,-23.437526675205767,2.0,2.0,2.0,2.0,2.0,-31.08368578090873,2.0,-34.142042236244784,-35.78071975833087,-37.49702453199306,-39.29463376547574,-41.17739841052085,2.0,-45.21472155262314,-47.37792916773509,2.0,-52.016619434038134,2.0,2.0,-59.8316689985142,-62.68729546427973,-65.67819515760107,2.0,-72.09174932234772,-75.52814393706583,2.0,-82.89699916015913,2.0,2.0,2.0,2.0,2.0
0.143976448754488,2.0,2.0,2.0,2.0,2.0,2.0,2.0,2.0,2.0,2.0,2.0,2.0,2.0,2.0,2.0,2.0,2.0,2.0,2.0,2.0,2.0,2.0,2.0,2.0,2.0,-0.2589488819555174,-0.2566648223467884,-0.2542978582793214,-0.2518424044685992,-0.2492931103047511,-0.2466444654248727,-0.2439131473259567,-0.2410889792578847,-0.2381580836322675,-0.235114068746336,-0.2320055600766841,-0.2287841037608355,-0.2254406831762604,-0.2220264910080556,-0.2185087022665438,-0.2148591954640543,-0.2111626123768232,-0.2073450704802806,-0.2034243324536345,-0.1994509307123299,-0.1953329283851455,-0.1912156349358435,-0.1869551473125102,-0.1826917649887579,-0.1783086481336692,-0.1739460166988866,-0.1694656191061463,-0.1650597493037274,-0.160571214712701,-0.1561298826535468,-0.1517121229684488,-0.1472777852211425,-0.1430111169032115,-0.1387909222185559,-0.1346397218386057,-0.1307165309838078,-0.1269585122084743,-0.1233760333620706,-0.1200116197095177,-0.1170275854868781,-0.1143577483623389,-0.1120383983283348,-0.1101185257490113,-0.1086510024647641,-0.1077866571614831,-0.1075092239633095,-0.10785245980085,-0.1088737750081558,-0.1106304103660872,-0.1131826910341947,-0.1167049686100147,-0.1212023374429415,-0.1266830332367469,-0.1331947500362396,-0.1407927262820799,-0.1497526958019683,-0.1599764469468857,-0.1714065302018861,-0.1842481692771591,-0.1987098185755337,-0.2144233367206479,-0.2319263019314098,-0.250924803341754,-0.2716101802769923,-0.2940289282446225,-0.3182641958001696,-0.3441568417185492,-0.3722707425314625,-0.4019140654635142,-0.4338035329412887,-0.4679063221807206,-0.50375128319248,-0.5419196130251616,-0.5825823211508111,-0.6255828665817421,-0.6706948313058178,-0.7183806399918398,-0.7688143428726486,-0.822061683734185,-0.8782021920689217,-0.937167360167334,-0.9989751115030632,-1.0639846053892663,-1.1323728258046613,-1.2042679413348694,-1.279809044768231,-1.3591448987705854,-1.4424349506035223,-1.5298486360540409,-1.6215656101073437,-1.7177751661819782,-1.8186077070457607,-1.9242301612389716,-2.0349502499364274,-2.151049464963525,-2.272771952627821,-2.4003743964843447,-2.534126895809433,-2.674312876890081,-2.821229959755819,-2.9751910246988205,-3.1365231381487373,-3.305570262941497,-3.482692995489564,-3.6682697701516576,-3.862696263705346,2.0,-4.279780729137025,-4.503330021855352,-4.737514566427999,-4.982834891510583,-5.239815806954953,-5.509007557045413,-5.790986683208549,-6.086355683194588,-6.395747862474591,-6.719824785015175,-7.059280961775789,-7.414843376805373,2.0,-8.17736692824962,-8.58596163442872,-9.013932028571318,-9.462194642819709,-9.931708911145767,-10.423481860313956,-10.938565506788022,2.0,2.0,-12.634981511387997,2.0,-13.904153430802998,-14.584194715652457,-15.296460414039895,-16.04247576241001,-16.823838938059684,-17.642224592034196,2.0,2.0,-20.33746387204719,-21.322320022327556,-22.353834854579823,-23.43421857327875,-24.56578698234224,2.0,-26.992284850768588,-28.292413266083955,-29.654133801762104,2.0,2.0,2.0,2.0,-37.493693788080336,-39.291301249709534,-41.1740641291122,2.0,2.0,-47.374590364243126,-49.64027023446376,-52.01327791112738,2.0,2.0,2.0,-62.68394922374041,2.0,2.0,-72.08840008860146,-75.52479446320167,-79.12397316642206,-82.89364732914089,-86.84189336716898,-90.9771702887786,2.0,2.0,2.0
0.1398713102647238,2.0,2.0,2.0,2.0,2.0,2.0,2.0,2.0,2.0,2.0,2.0,2.0,2.0,2.0,2.0,2.0,2.0,2.0,2.0,2.0,2.0,2.0,2.0,2.0,2.0,-0.2597238085435573,-0.2575482091691836,-0.2552890992590342,-0.2529499402677139,-0.2505225839100509,-0.2480017531805822,-0.2453819826880596,-0.2426918406678933,-0.2399034394014133,-0.2370088092317061,-0.2340127654339906,-0.2309501290363884,-0.2277732039979461,-0.2244750893076969,-0.2211312274587906,-0.2176672274169497,-0.2140839499987853,-0.2104634632675622,-0.2067101835635609,-0.2028890543184584,-0.19899021220396,-0.1949828039906864,-0.1909549651137219,-0.1867971622756307,-0.1826606359475829,-0.1783985589707515,-0.1741777102782289,-0.1698679988115951,-0.1655916534238187,-0.1613019090106794,-0.1570038124487148,-0.1528131444057503,-0.1486217442308553,-0.144532422944737,-0.14058966900338,-0.1367360611646152,-0.1330286512792518,-0.1296081912217297,-0.1263874231280741,-0.1234076843166464,-0.1207179321758583,-0.1184770511229392,-0.1166254033174736,-0.1152053856395272,-0.1142698086486878,-0.113872556177546,-0.1141245427707072,-0.1151069963103556,-0.1168094309897706,-0.1192913619633766,-0.1226111973793518,-0.1268251110198379,-0.1320785714757816,-0.1384737621616646,-0.1459561407411989,-0.1545662134207702,-0.164377764404858,-0.1757013199033487,-0.1883401775973937,-0.2022578957016788,-0.2179220895193644,-0.2350381349061901,-0.2536731625759368,-0.274219740789962,-0.2961902882519308,-0.3202762519982668,-0.3459013142399487,-0.3735915400068223,-0.4033064682344193,-0.4347108288238241,-0.4685523843172075,-0.5044717562425789,-0.5422906922202058,-0.5826194056056602,2.0,-0.6706791562061154,-0.7181313967542438,2.0,-0.8213843803203653,-0.8773548293319295,-0.9363160754040228,-0.9981608110544624,-1.063032719648936,-1.1312859964937865,-1.20306193303609,-1.2784968653712498,-1.3577380221150173,-1.4409431000078046,-1.5282802518120733,-1.6199280481301774,-1.7160753490975753,-1.8169134026764904,-1.922564930796492,-2.0332447710854487,2.0,-2.270957423448728,-2.3985122045955714,-2.532220788699104,-2.672365954244259,-2.819246103751043,-2.973172236249349,-3.134471966398939,-3.3034896388549164,-3.4805847963848526,2.0,-3.860537972791904,-4.064207355447666,-4.277578897654687,-4.501108653336612,-4.735274636184814,-4.980577725646553,-5.237542573900919,-5.506719051990166,-5.788683738710993,-6.0840396428312165,-6.393418864426608,-6.717484107159753,-7.05692859757591,-7.412480657724112,-7.78490014823678,-8.17498512345051,-8.583570911345863,-9.011532751066367,-9.459787095360763,-9.929294244412196,-10.42105920713145,2.0,2.0,-12.040690695830152,-12.632534347947994,-13.252426390854955,-13.901695474343278,-14.581731921425856,-15.293992378597006,-16.0400036032259,-16.821362806579735,-17.639744120341337,2.0,-19.39466933611868,-20.33497270642085,-21.31982547216738,2.0,-23.4317186635417,-24.563283586315528,2.0,-26.98977619530664,-28.289902391055644,2.0,2.0,2.0,-34.13619570012488,2.0,-37.49117030969892,-39.288776045447946,-41.17153765113003,2.0,2.0,-47.3720590277652,-49.637737540418634,2.0,2.0,2.0,-59.82578633882875,-62.68141063878708,-65.67230826737205,2.0,2.0,-75.52225207738707,-79.12142993759763,2.0,-86.83934856784165,-90.974624760025,2.0,-99.84212849934976,2.0
0.1358832198211222,2.0,2.0,2.0,2.0,2.0,2.0,2.0,2.0,2.0,2.0,2.0,2.0,2.0,2.0,2.0,2.0,2.0,2.0,2.0,2.0,2.0,2.0,2.0,2.0,2.0,-0.2604766077141159,-0.2584069871148716,-0.2562550206285727,-0.2540250494841829,-0.2517158494900807,-0.2493188766042728,-0.2468289428073155,-0.2442468892387199,-0.2415965736039025,-0.2388466955738369,-0.2359913081290982,-0.2330508178325411,-0.2300352580670861,-0.22690629167847,-0.2236741637840622,-0.2203899573419006,-0.216983746840707,-0.213486747986962,-0.2099336957916069,-0.2062493508339112,-0.2025356656706228,-0.198716555280648,-0.1948319259036479,-0.1908956565519271,-0.1868785326667526,-0.1828465670548084,-0.1787457442361121,-0.1746437491655568,-0.1705186344342759,-0.1663769119214246,-0.1622980415805896,-0.1581833243231446,-0.1542016937898701,-0.1502678314308883,-0.1463788931705646,-0.1427154829447308,-0.1391754703781028,-0.1357811058189706,-0.1326308365359239,-0.1297901912917595,-0.1272173302558935,-0.124957414870919,-0.1230601966382951,-0.1216824464271855,-0.1207860008826616,-0.1204091821178963,-0.1206080921008808,-0.1214400037631762,-0.1229744099967311,-0.125370537539306,-0.1286096270003888,-0.1327348007533115,-0.1378046711937557,-0.1438739109515967,-0.1510661689875658,-0.1595544501974536,-0.1692367079787811,-0.1801367481755733,-0.192401371424829,-0.2062900985355238,-0.2215126119892615,-0.2382572775949745,-0.2568366106256134,-0.2767787225938968,-0.2988068987680425,-0.3222606733704395,-0.3479454335147798,-0.3751254949853221,-0.404656958389283,-0.4359796448824982,-0.4693081068678338,-0.5051400880527254,-0.5429244602062817,-0.5828712800269346,-0.6254458681047996,-0.6706140834423171,-0.7180531980252745,-0.767998212199404,-0.8208274095060099,-0.8766088174888241,-0.9354247697301104,-0.9973103057279468,-1.0621706285750476,-1.1302758208896868,-1.2019213025651427,-1.2772406903249072,-1.356379070089921,-1.4394922845381988,-1.526746854928529,-1.61832017855701,-1.7143999121433624,-1.815185609389856,-1.9208597523386992,-2.0315578408624786,-2.147545562787026,-2.269160355845799,-2.396664144923596,-2.5303259836583583,-2.670428398783856,-2.817268337150417,2.0,-3.13242394632055,-3.301409837625938,-3.478475711362411,-3.663999301762483,-3.858376306781237,-4.062022046409429,-4.275371502173341,-4.4988805686215505,-4.733027322354001,-4.978312174035054,-5.235260136838995,-5.5044209454127095,-5.786370348559046,-6.081712050628239,-6.391077910616842,-6.715130750096085,-7.054563990305364,-7.410104320336443,-7.78251286169348,-8.172588529277007,-8.58116502711982,-9.009117913599068,2.0,-9.926863037025957,2.0,-10.933690558487932,-11.473175925031189,-12.03823225204215,-12.630069671161753,-13.24995619793009,2.0,2.0,-15.29150689689716,-16.037513172209298,-16.81886773092312,-17.63724496458051,-18.494397603744915,-19.39216255088007,-20.332462382109068,-21.317311540613552,-22.348820537507933,-23.429198646621984,2.0,2.0,2.0,2.0,-29.649086971751267,2.0,2.0,2.0,2.0,2.0,-39.28623024925605,2.0,2.0,-45.20630383894199,-47.369506942190014,-49.635184193959795,2.0,2.0,-57.09675977915845,2.0,2.0,-65.66974774535217,2.0,2.0,-75.51968866837724,-79.11886565477705,2.0,-86.8367826542874,2.0,2.0,-99.83956011506577,2.0
0.1320088400831418,2.0,2.0,2.0,2.0,2.0,2.0,2.0,2.0,2.0,2.0,2.0,2.0,2.0,2.0,2.0,2.0,2.0,2.0,2.0,2.0,2.0,2.0,2.0,2.0,2.0,-0.2612078852845459,-0.2592407614902045,-0.2571962448473973,-0.2550699007703679,-0.2528727226261046,-0.250595515398032,-0.2482311536117785,-0.2457744835538421,-0.2432357764040163,-0.2406258744539563,-0.2379172412748121,-0.2351039825706877,-0.2322228287712418,-0.2292574411880759,-0.226179784940268,-0.2230205144896982,-0.2197965603744938,-0.216452030948213,-0.2130452960023297,-0.209563936977819,-0.2059551115532453,-0.2023509998361622,-0.1986166905188397,-0.1948590729494694,-0.1910199773313543,-0.1871479175021403,-0.1832267502314636,-0.1792917322291377,-0.1753155725328174,-0.1713798589221019,-0.1673815453918055,-0.1635177357254476,-0.1596341140621337,-0.1558281444768793,-0.1521574187548359,-0.1485502366804822,-0.1451013952185104,-0.1418813076102515,-0.1388294009580505,-0.1359851679310401,-0.1334862611897131,-0.1313277528156321,-0.1295108717913996,-0.1280848009851654,-0.1271012377804291,-0.1267101696174109,-0.1269020588559549,-0.1277074267023014,-0.1291858050729699,-0.1313972210332375,-0.1344016138512382,-0.1383525888422171,-0.1432973076285954,-0.1492380565469497,-0.1562320801302684,-0.1643301516753367,-0.1736786364228301,-0.1844494313681448,-0.1965054679458601,-0.2098593662292034,-0.2248697726658528,-0.2414474176516913,-0.2594187768506051,-0.2793704369349392,-0.3008055282163138,-0.3242187060995706,-0.3493210532861475,-0.3765406821540596,-0.4054351612978456,-0.4367641631496793,-0.4697959913560694,-0.5051536839020142,-0.5429770211061463,-0.5827296024363541,-0.624922967456611,-0.6698193033025834,-0.7173200799108457,-0.7671418652147507,-0.8197105217806117,-0.8752696865793292,-0.933894200951822,-0.9956752690008256,-1.06059494970668,-1.1286230262738624,2.0,-1.2753043782643636,-1.3543245088363989,-1.4373329011280558,-1.5244932537938551,-1.6159816854803564,-1.711984991446418,-1.812700993359312,-1.918338718155045,-2.029066964712202,-2.1450518757161676,-2.266603915189349,-2.394050258908114,-2.527659339517923,-2.66771331469941,-2.8145087333333376,2.0,-3.129584829642954,-3.298535390996983,-3.475568538449642,-3.661061469085409,-3.8554103058875793,-4.059029547534815,-4.272354225704292,-4.495840306319946,-4.729965346462403,-4.97523010801779,-5.232159106474963,-5.501302090357206,-5.783234829503721,-6.078560757864824,-6.387911372678124,-6.711950869673672,-7.051370830742368,-7.406898793781901,-7.779296298158072,-8.169360377121652,2.0,-9.005869829789114,2.0,-9.923596865023368,-10.415346432213068,-10.9304084412752,-11.469886104417943,-12.034935356226104,-12.62676598987894,-13.246646105689178,-13.89590360851698,-14.575929210391433,-15.288179447495072,2.0,-16.815530901233373,-17.63390346941331,-18.491051847995585,-19.38881206522352,-20.329107964904185,-21.313953428889707,2.0,-23.425833164530083,-24.557392287369588,2.0,2.0,2.0,-29.645707168782216,-31.071929384317546,-32.56571607280935,-34.13026829554247,2.0,-37.4852352044028,-39.28283715841287,-41.16559516257747,2.0,2.0,2.0,2.0,-52.00478581698884,2.0,2.0,2.0,2.0,2.0,-68.79891458465212,-72.07988403946291,-75.51627559749141,2.0,2.0,-86.83336681120339,-90.96864139126475,-95.2998067158078,2.0,-104.58736674311014
0.1282449288663947,2.0,2.0,2.0,2.0,2.0,2.0,2.0,2.0,2.0,2.0,2.0,2.0,2.0,2.0,2.0,2.0,2.0,2.0,2.0,2.0,2.0,2.0,2.0,2.0,2.0,-0.261918309052697,-0.2600507346908418,-0.2581105499804532,-0.2560935631959532,-0.2539968128352233,-0.2518359570991691,-0.2495935396562854,-0.2472647090020057,-0.244844376927967,-0.2423553378743381,-0.2397892521224398,-0.2371254096067067,-0.2343580191425368,-0.2315440111711322,-0.2286329290821039,-0.2256109024181113,-0.2225337037629537,-0.2193748030401502,-0.2160969966652297,-0.2127912510621495,-0.2093871616372655,-0.2058923673927303,-0.2023775839309524,-0.1987345372778637,-0.1951177902480109,-0.191383059042006,-0.1876714529777551,-0.1838690525942113,-0.1801168684207253,-0.1762757791406058,-0.1725478219859466,-0.1687671779575934,-0.165074590952073,-0.1614440903731055,-0.1578359723946197,-0.1544417450075537,-0.1511419356997737,-0.1479594669345282,-0.1450487714390531,-0.1423689054760137,-0.1399225411109896,-0.1377531112795271,-0.1360113811415843,-0.1346734381718888,-0.1337587226931872,-0.1333203846535698,-0.1334134243326539,-0.1341471024790165,-0.1356047111391584,-0.1377775944132637,-0.1407281242734363,-0.1445186593549224,-0.1492107794179064,-0.1549061655821771,-0.1617698828596259,-0.1697523096066201,-0.1788984066468858,-0.1892523967587769,-0.2010039117511645,-0.2142919362596728,-0.2289444478842434,-0.2450425755133591,-0.2630160313256007,-0.2824533988015347,-0.3036866004212931,-0.3267957064282427,-0.3515844723911144,-0.3785148714717229,-0.4072579984499316,-0.438061761068393,-0.4711874039800738,-0.5060998433894767,-0.5435837706238547,-0.5834310861744975,-0.6253106878977268,-0.6698614787477725,-0.7171917267236979,-0.767094251244,-0.8194565141563118,-0.8747773305703285,-0.933198995426793,-0.99480426282946,-1.0596871178666338,-1.1277676425011125,-1.1991401923674851,-1.2741880659410476,-1.3530860867636465,-1.4359852684833312,-1.5230485080961678,-1.6144498930028726,-1.7103747592637109,-1.8110198368250343,-1.9165932926664349,-2.0273121305894457,2.0,-2.264853581249479,-2.3922416269984907,-2.5257974601826527,-2.665802551264627,-2.8125529118478516,-2.966359648128341,-3.127549387306755,-3.2964645132093393,-3.4734648000296504,-3.658927433348481,-3.85324777063849,-4.056840660768323,-4.270140869996871,-4.493603996556239,-4.727707530827091,-4.9729523103420865,-5.229862460997201,-5.498987819579377,-5.780903998606103,-6.076214335904327,-6.385551068331646,-6.709576128496548,-7.048983288798797,-7.404499259921306,-7.776885133281172,-8.166938287765895,-8.57549431542396,-9.00342784544048,2.0,-9.921137211886526,-10.41287809317552,-10.927932804734516,-11.467403022571991,-12.032445507984258,-12.624269641171546,-13.244143633890756,2.0,-14.57341524493315,-15.285660421122794,2.0,-16.81300124998137,-17.63136959777886,-18.488513454967617,-19.3862699375065,-20.326562067857136,-21.31140395035557,2.0,-23.423276668945785,2.0,2.0,2.0,2.0,-29.643135772358825,2.0,2.0,-34.12769063137641,2.0,-37.48265292853636,2.0,2.0,2.0,-45.20031560387063,2.0,2.0,2.0,-54.48760595535915,-57.090757157699485,2.0,2.0,2.0,-68.79631312016457,-72.077281536067,2.0,-79.11284717811904,2.0,-86.83076061361834,-90.96603438775202,2.0,-99.8335336196926,-104.58475748747024
0.1245883364295007,2.0,2.0,2.0,2.0,2.0,2.0,2.0,2.0,2.0,2.0,2.0,2.0,2.0,2.0,2.0,2.0,2.0,2.0,2.0,2.0,2.0,2.0,2.0,2.0,2.0,-0.262608446881951,-0.2608373527667772,-0.2589983095082567,-0.2570873035146671,-0.2551002100678792,-0.2530397827767424,-0.2509155832596291,-0.2487106516494083,-0.2464201951616404,-0.2440392254927766,-0.2416051764326468,-0.2390861687005418,-0.2364705858338578,-0.2337616219342689,-0.2310120153687076,-0.2281592490119383,-0.2251971091430029,-0.2222089421276019,-0.219119756348591,-0.215920331409853,-0.2127166789951579,-0.209395302043724,-0.2060236252877872,-0.2026036761206169,-0.1990900863184377,-0.195592069827514,-0.1919795890973771,-0.1884281670052836,-0.1847702220465438,-0.1811945598420581,-0.1775553878927317,-0.1739896692292645,-0.1704448579400563,-0.1669288331564382,-0.16356598674683,-0.1602439807833406,-0.1570652589636775,-0.1540895888094115,-0.151253733507511,-0.1486054124344798,-0.1463154425080357,-0.1442872057527147,-0.1425642865649096,-0.1411947417091386,-0.1403257339617271,-0.1399470342734631,-0.1400803199457976,-0.1407826756666672,-0.1421128921502617,-0.1441400042637444,-0.1470219524415035,-0.1507448490838848,-0.1553566483263912,-0.1609211441851329,-0.1675002310493093,-0.1751697399751476,-0.1841462114060967,-0.194385283848503,-0.2058967816618817,-0.2187158767918592,-0.2331393734591346,-0.2491493001328742,-0.2665841150890168,-0.285811203700955,-0.3068320962431109,-0.3294156065338235,-0.3542070544655764,-0.3805481115150283,-0.4092771602878922,-0.4396672168430595,-0.4724968716683647,-0.5074091535542264,-0.5443752349890886,-0.5840532218294053,-0.625957682816349,-0.6701287605250289,-0.7171316024652648,-0.7669793395846326,-0.8193693846177008,-0.8744365705392266,-0.9326302835114884,-0.9940406793427482,-1.0587607843003006,2.0,-1.1982524576206142,-1.2731530135974531,-1.3519170070767166,-1.4346976630369177,-1.5216551518881236,-1.6129624946452377,-1.708802691269953,-1.8093714406032395,-1.9148757333288795,-2.0255345882424822,-2.141563823707161,-2.26311654117183,-2.390456783747252,-2.5239556401326735,-2.663908626722804,-2.810611104633242,-2.964373922498061,-3.125522950839991,-3.294400542381712,-3.4713661268535416,-3.656796316013803,-3.851087044014333,-4.054652109806202,-4.267926356468664,-4.4913651953133105,-4.7254463351457225,-4.970669897578918,2.0,2.0,-5.77856601529162,-6.07386004049421,-6.383181508589911,-6.707192151028003,-7.0465858076654015,-7.402088962686104,-7.7744628282942205,-8.164504568123744,-8.573049821031605,-9.00097342162534,-9.449191525637776,2.0,-10.41039705198857,-10.925443250794942,-11.464905771211525,2.0,-12.621758360869858,-13.2416258231132,-13.890871074203728,-14.570885495206936,-15.2831247169148,-16.029115777521938,-16.810456275971006,-17.628819301146113,-18.485959166752004,2.0,2.0,-21.30883717970645,-22.340335223305907,-23.420702798392888,2.0,-25.737415731231163,2.0,2.0,-29.64054726169283,2.0,2.0,2.0,-35.763759236369424,2.0,-39.277650332963226,2.0,-43.13234870615062,2.0,-47.36090532062711,-49.626578296089995,-51.999578652851866,2.0,2.0,2.0,2.0,2.0,2.0,2.0,2.0,2.0,-82.8798933330055,-86.82813517840448,2.0,2.0,2.0,2.0
0.1210360028382995,2.0,2.0,2.0,2.0,2.0,2.0,2.0,2.0,2.0,2.0,2.0,2.0,2.0,2.0,2.0,2.0,2.0,2.0,2.0,2.0,2.0,2.0,2.0,2.0,2.0,-0.2632789074337265,-0.2616015475532294,-0.2598607257858092,-0.2580526683153691,-0.2561734340157191,-0.254218934912252,-0.2522002975362456,-0.2501157271498206,-0.247951399620415,-0.2457026044336571,-0.2433707005922472,-0.24099240043763,-0.2385242680922419,-0.2359609354513862,-0.2333263026036517,-0.2306379620672447,-0.227848123315723,-0.2249675837189752,-0.2220616475135676,-0.2190475327235717,-0.2159595063557973,-0.212842240005749,-0.2096098004752286,-0.206374317964368,-0.203056098851337,-0.1996971056796442,-0.1963148764478945,-0.192878168773559,-0.1894580025526893,-0.1859998980961661,-0.1825725626907122,-0.179160344389476,-0.1757618174322686,-0.1724743183348978,-0.1691898957243127,-0.1660747304054931,-0.1630640058049489,-0.1601460222482543,-0.1574899066438738,-0.1550296184813865,-0.1527725251327036,-0.1507909116289693,-0.1492141406165533,-0.1479732885351063,-0.1471177178072684,-0.1466990247431577,-0.1468309358793066,-0.1475783274369282,-0.1489347441908619,-0.15096113103299,-0.1537197664710721,-0.1572737750923131,-0.1617267625287557,-0.1672130130400946,-0.1737093643280691,-0.1812771588022241,-0.1899771285154696,-0.1998686616717055,-0.2111888143655095,-0.2239325370313627,-0.2380528498763713,-0.2535959832456332,-0.270958100574759,-0.2899151121111851,-0.3104299854624817,-0.3330580850385678,-0.3572457852536761,-0.383634410353872,-0.4117615595488089,-0.4422396470055694,-0.4744889054463366,-0.5093554268347553,-0.5461275970119277,-0.5853368417131317,-0.627246101178342,-0.6713011491574116,-0.7179459432054746,-0.7675167793463252,-0.8199523275607782,-0.8749518212373373,-0.9329024972278456,-0.9941060746475512,-1.0586485910568744,-1.126632613445068,-1.1980785689099278,-1.2729383440430744,-1.351563028437572,-1.4342210023637838,-1.521069910172406,-1.6122803363751137,-1.708033929353129,-1.8085248477279936,-1.9139589133819408,-2.024554144107088,-2.1405405639102,-2.2621213886742275,-2.3894738633721007,-2.5229167860224724,-2.6628172570901754,-2.8094717391338677,-2.9631903414597556,-3.1242987210330337,-3.293138910959776,-3.4700695465678457,-3.655467852810688,-3.849728840037995,-4.053266277552182,-4.266514815388817,-4.489929651960248,-4.723988095471799,-4.969191197311197,-5.226062042156758,2.0,2.0,-6.072310492372734,-6.381616746899382,-6.7056130137032035,-7.044993265425333,-7.400484006854435,-7.772846044379836,-8.162876838673563,-8.571411596769527,-8.999325421217446,-9.447534195396006,2.0,-10.408722608255816,-10.923760872514206,-11.463216225681034,-12.028244234111368,-12.620054555215004,-13.23991605427396,-13.889155503590484,-14.569163981260324,2.0,-16.027384017940534,2.0,-17.627078066804245,-18.484213277869973,-19.381960794767625,2.0,-21.307079350433575,-22.338573757008664,2.0,-24.550487429602235,-25.73564512795472,-26.976950565374832,2.0,-29.63876761506417,2.0,-32.558762567005076,2.0,2.0,-37.478261490936944,-39.27585759645975,-41.15861012622772,-43.13055216428305,-45.19590959252086,2.0,2.0,-51.99777636901637,2.0,-57.08633625517215,-59.81279900063767,-62.668417313343376,-65.65930915880445,2.0,-72.07284892052249,2.0,2.0,2.0,-86.82632040393406,-90.96159254083533,-95.2927554730094,2.0,2.0
0.1175849554052156,2.0,2.0,2.0,2.0,2.0,2.0,2.0,2.0,2.0,2.0,2.0,2.0,2.0,2.0,2.0,2.0,2.0,2.0,2.0,2.0,2.0,2.0,2.0,2.0,2.0,-0.2639305050335499,-0.262343500990662,-0.260697704361174,-0.2589892428125477,-0.2572144015330991,-0.2553693049048486,-0.2534499362272402,-0.2514771309062471,-0.249434850736424,-0.2473139722443358,-0.24510987602039,-0.2428373923663586,-0.2405119361656024,-0.2380981422885105,-0.2355907474959209,-0.233034866961211,-0.2304117783641277,-0.2276891377737175,-0.224904025076118,-0.2220757428882036,-0.2191416479443131,-0.2161698823226408,-0.213144444740007,-0.2100110559396221,-0.2069126626725163,-0.2037025666372207,-0.2005035997683013,-0.1972442389944633,-0.1939890071203088,-0.1907079616674194,-0.1874557314748424,-0.1841854773352227,-0.1810066616529061,-0.1777966663755983,-0.1747618901585559,-0.1717596172130518,-0.1688601042395299,-0.1661684070098806,-0.1635911672645494,-0.1611960618724543,-0.1591201429183847,-0.1572733950305026,-0.1556991541344388,-0.1544909153333021,-0.1537426482704267,-0.1534122375685726,-0.1535533739033573,-0.1542218275465278,-0.1554964672312729,-0.1575180647498681,-0.1602551299599963,-0.1637696375219499,-0.1681270906585787,-0.1733931317337271,-0.179637890418747,-0.1870426011264728,-0.1956192917598007,-0.2053897959026813,-0.2164100100200356,-0.2287367426730167,-0.242647247602798,-0.2580987001967898,-0.275017812178878,-0.2935670771047728,-0.3140684902834163,2.0,-0.3602033815248201,-0.3861826209116513,-0.414089758298988,-0.4441808923008401,-0.4763514857091525,-0.5106391945869974,-0.5474991091556765,-0.5863003035064175,-0.627824229030189,-0.6719715974214517,-0.718334819819985,-0.7675516265951814,-0.8197805169440852,-0.8748652162901258,-0.932633977011864,-0.9935939197360576,-1.0579291177211696,-1.1257340665188602,2.0,-1.2720383961436823,-1.3505556367526497,-1.4330722791343158,-1.5197963741029468,-1.6108959326918746,-1.7065505846921998,-1.8069528315515104,-1.9123070783793383,-2.0228300971399107,-2.1387510575986313,-2.2603111961576454,-2.387694589419193,-2.5211227039437327,2.0,-2.8075642227378275,-2.9612330064922925,2.0,-3.291093621014123,-3.467985343781772,-3.653347904946724,-3.8475752565362225,-4.051081573062723,-4.264301599312129,-4.487689697911864,-4.721723490597653,-4.9669027586182155,-5.223751844300303,-5.492819977103899,-5.774682518362575,-6.069942873038709,-6.379232480217864,-6.703213230417989,-7.042578389549639,-7.398055378819419,-7.770404079029571,-8.160422752020915,2.0,-8.996848241393156,-9.445046761918867,-9.914500588972446,-10.406216139312958,-10.921245307972914,-11.46069281024418,-12.025712338925128,-12.617516084099098,-13.237370204803398,-13.886602994308458,2.0,2.0,-16.024813054499514,-16.806143311206515,2.0,-18.481627248878223,2.0,-20.319650207704,-21.30448010531204,-22.33597103111527,2.0,2.0,-25.73303150423501,2.0,2.0,-29.636145179992848,2.0,-32.556134167500424,-34.1206771993531,2.0,2.0,-39.27321981748763,2.0,-43.12791082697006,2.0,-47.35646075348682,-49.62213021186386,2.0,2.0,2.0,2.0,2.0,2.0,2.0,2.0,-75.50657816900701,2.0,2.0,-86.82365825514616,2.0,2.0,2.0,-104.57764546641988
0.1142323062016346,2.0,2.0,2.0,2.0,2.0,2.0,2.0,2.0,2.0,2.0,2.0,2.0,2.0,2.0,2.0,2.0,2.0,2.0,2.0,2.0,2.0,2.0,2.0,2.0,2.0,-0.2645635614838267,-0.2630657455662036,-0.2615104066339669,-0.2598985076401512,-0.2582248621314271,-0.2564858280582882,-0.254677618032038,-0.2527981883595335,-0.2508742255804998,-0.2488773623259801,-0.2468032359761531,-0.2446473346615799,-0.2424400438478484,-0.2401712292381319,-0.2378157804174102,-0.23536856737703,-0.2328981425170123,-0.2303449495384338,-0.2276944062528032,-0.2250123034371144,-0.222267063959142,-0.2194187005134734,-0.2165717519445789,-0.2136444218607523,-0.2106517665448189,-0.2076651027806527,-0.2045704621829178,-0.2015421240004934,-0.1984137462831964,-0.1953515745103096,-0.1922186504496744,-0.1891849727963448,-0.1860899321587715,-0.1831502399420512,-0.1802039139382456,-0.1773729831022394,-0.1746688496472141,-0.1720342932094359,-0.1696427765312636,-0.1674246821074702,-0.1653810490144237,-0.1636344626154059,-0.1622193088707531,-0.1611054243419084,-0.1603404039312943,-0.1600227820952952,-0.1602433274686036,-0.1609713993043882,-0.1622648335051529,-0.1641835610291991,-0.1667894461986687,-0.1702305715198279,-0.1745356763060305,-0.1797329613591092,-0.1858911873006782,-0.1930773271525002,-0.2013568895435489,-0.2108760438978728,-0.2217618691325997,-0.2339650982934621,-0.2475354081113202,-0.2625390100110603,-0.2793095397286574,-0.2976952011329932,-0.3176277739536698,-0.3395692861666934,-0.3633268443331308,-0.3888574249379862,-0.4166941906623359,-0.446255194266865,-0.4783396269981858,-0.5122864704796558,-0.5487725276055126,-0.5876181258538511,-0.6286311189102453,-0.6725534012938951,-0.7189731030429557,-0.7678195877752872,-0.8197132239317081,-0.874705256539073,-0.9325249458479056,-0.9932390787526671,-1.057341297740935,-1.1249469945548705,-1.1961616965708064,-1.2710835111359964,-1.3496345469515303,-1.4320085310807862,-1.5185961180735408,-1.6095747240754692,-1.705121934591051,-1.8054281047841068,-1.9106961410773668,-2.021141404322196,-2.1369920027673164,-2.2584888789413995,-2.3858774151594986,2.0,-2.659136637589795,-2.8056790494387576,-2.9592947173438877,-3.1203088013567943,-3.2890618731505685,-3.465912719347234,-3.6512369044242816,-3.8454289527207983,-4.048902522336623,-4.262091997351155,-4.485451864555152,-4.719459283956326,-4.964614102963618,-5.221440107703136,-5.490486633816358,-5.772329584108626,2.0,-6.376842766343787,-6.700807000388542,-7.040156937998859,-7.395618995067743,-7.767954174982168,-8.15795966049449,-8.566470402825225,-8.99436157348806,2.0,-9.911992867955208,-10.403698259178483,-10.918718731866964,-11.458157437621075,-12.023169136647716,2.0,-13.234811465836174,-13.884037399883342,2.0,-15.276255058878622,-16.022228976208186,-16.803553199590468,-17.6219018354831,-18.47902679613492,-19.37676554195283,-20.31704069946444,2.0,-22.33335294399666,-23.413709771148543,2.0,-25.730402047157213,2.0,2.0,2.0,-31.05971527259853,-32.55348985598138,2.0,-35.75668763425503,-37.4729741718857,-39.27056595115889,-41.15331406405431,2.0,-45.19060558249512,-47.35379878540094,2.0,2.0,-54.47787031506564,-57.0810158145073,2.0,2.0,2.0,2.0,-72.06751544545415,-75.50390173430445,2.0,2.0,2.0,2.0,2.0,2.0,2.0
0.1109752496412071,2.0,2.0,2.0,2.0,2.0,2.0,2.0,2.0,2.0,2.0,2.0,2.0,2.0,2.0,2.0,2.0,2.0,2.0,2.0,2.0,2.0,2.0,2.0,2.0,2.0,-0.265178553670831,-0.263768808627538,-0.2623010243300754,-0.260781886587996,-0.2592065344396184,-0.2575705131882296,-0.2558702272782763,-0.2541019960665084,-0.2522731737150444,-0.2503967718769871,-0.2484488809267173,-0.2464252479878209,-0.2443214623687686,-0.2421869983880141,-0.2399791376708931,-0.2376865864705974,-0.2353172393726065,-0.2329286391385725,-0.230450586358728,-0.2278776585507731,-0.2253094353843516,-0.2226533310353325,-0.2199104755796063,-0.2171875312738876,-0.2143653711008845,-0.2115275106843892,-0.2086603778980508,-0.2057346634561042,-0.2028477551918189,-0.1998849625517024,-0.1970081024873181,-0.1940697104464709,-0.1912378107626145,-0.1883964944993449,-0.1856500879217066,-0.182990395700215,-0.1803763081449528,-0.177995471721291,-0.175705866993056,-0.1735764522908336,-0.1717466839997602,-0.1701172409085933,-0.168729621259699,-0.1677358734259075,-0.1671178869270749,-0.1668812890474856,-0.1670779777049908,-0.167781942055144,-0.1691386655325726,-0.1711022191001153,-0.1737338891958065,-0.177097385594857,-0.1812582614764653,-0.1862954200212143,-0.1923731099760061,-0.1994833110884937,-0.2076793698388915,-0.2170296023029683,-0.2275986804953706,-0.2394910278237825,-0.2529329285843028,-0.2678347913186565,-0.2842171887646934,-0.3021845080302989,-0.3220930203541063,-0.3436583346364526,-0.3669777294134229,-0.3925180716889991,-0.4197373874837767,-0.4493690051106904,-0.4808252788189993,-0.5148603988102252,-0.5507969444058989,-0.5895313644392415,-0.6304104446327365,-0.6738427254605703,-0.7202237173112205,-0.7690008694801735,-0.8205269164544426,-0.8752239596101543,-0.9330642053945316,-0.9937457863638685,-1.0575991411787038,-1.124993503210443,-1.1960266371434722,-1.2708143218150212,-1.3494135712246142,-1.4317687072385925,-1.5182142294027816,-1.6090675408013786,-1.7045039565274172,-1.804711436144264,-1.9098911040319937,-2.0202571007995704,-2.136036176619017,-2.257468185563865,2.0,-2.5182890052841023,-2.658110099408467,-2.8045991043632537,-2.9581614514979035,-3.119126481683979,2.0,-3.4646440959458698,-3.649929835538657,-3.844086541917352,-4.047527957207498,-4.260686993388771,-4.484018767296686,-4.717999990864456,2.0,-5.219933912966287,-5.488959382075466,-5.77078206588674,-6.066004906541699,-6.375259365559614,-6.699206879860807,2.0,-7.393989436278248,-7.766311149007152,-8.156303357422177,-8.564802780795947,-8.992682175639636,-9.44085922607584,-9.91029318812871,2.0,-10.917000784013336,-11.456430673472717,-12.021434569398412,-12.613222171471744,-13.233062029957528,-13.882281007454663,-14.562270331324232,-15.2744857605956,2.0,-16.801773541360745,2.0,-18.477237002088703,-19.37497054214621,-20.31524143955069,-21.300063033295643,2.0,-23.411898229303297,2.0,-25.728583636898826,2.0,-28.269982659021046,2.0,-31.05788486293362,2.0,2.0,-35.75484993271711,-37.471133707400185,2.0,2.0,-43.12340572361769,2.0,2.0,-49.617613982522926,2.0,2.0,2.0,2.0,-62.66123169407228,-65.65211972631634,2.0,2.0,2.0,2.0,2.0,-86.81911113305028,-90.95438044695516,2.0,2.0,-104.57309136835964
0.1078110601320593,2.0,2.0,2.0,2.0,2.0,2.0,2.0,2.0,2.0,2.0,2.0,2.0,2.0,2.0,2.0,2.0,2.0,2.0,2.0,2.0,2.0,2.0,2.0,2.0,2.0,-0.2657759795402238,-0.2644515051277839,-0.2630730825499777,-0.2616389190703959,-0.2601587020386156,-0.2586223723043956,-0.2570265875365236,-0.2553678559192377,-0.2536425425246752,-0.2518685742769773,-0.2500428731996041,-0.2481473001330872,-0.2461777062929501,-0.244137731042856,-0.2420727343395145,-0.2399298967283494,-0.2377045330358505,-0.2354268789173604,-0.2331157913142727,-0.2307178577321322,-0.2282487310085887,-0.2257787476725003,-0.2232175502698763,-0.2206079150737129,-0.2179930842675835,-0.2152828422667362,-0.2126057461282522,-0.2098655757977706,-0.2071211383936675,-0.2043777959665635,-0.2016197862479251,-0.1989048042625442,-0.1961978254095328,-0.1935480482421265,-0.1909681187032524,-0.1884262487001904,-0.1860615009008524,-0.1837459301988879,-0.1816283372999082,-0.1796929930843884,-0.1779062804269809,-0.1764092789525385,-0.1752047068037629,-0.1742699053179225,-0.1736508129381168,-0.1735232743625451,-0.1738279723613286,-0.1746009987810522,-0.1758986850012915,-0.1777821350688131,-0.1804130276869049,-0.1837741686478891,-0.1879130415520936,-0.1928975894558005,-0.1987967277929182,-0.2056796142641316,-0.2136771470189662,-0.2229061456234699,-0.23335168590346,-0.2450809363475731,-0.2581555959921685,-0.2726780651842089,-0.2889152526906966,-0.3067378364149299,-0.3261418162845599,-0.3473982544269887,-0.3706454406823924,-0.3955730976112424,-0.4227663446668606,-0.4518934788274842,-0.4832236269040959,-0.5167733333828687,-0.5526977086539381,-0.5908164053968138,-0.6317592322950196,-0.6748315983853508,-0.7207854197464765,-0.7696389413117262,-0.8209243583800128,-0.8752583918180664,-0.932859847953096,-0.9936204198972596,-1.057322798934181,2.0,-1.1952891505512144,-1.2698938146532055,-1.3484081852842609,-1.43082594900023,-1.5171829172266125,-1.60789210233449,-1.7032011593753225,2.0,-1.9083745801576315,-2.0186501429216808,-2.1343478423832867,-2.2557064664116404,-2.3829780336985324,2.0,-2.6562809206626627,-2.8027663202769757,-2.9562681786653053,-3.117178182483664,2.0,-3.462598669400093,-3.6478418482455903,-3.84195878803842,-4.045363480287454,-4.258488632125911,-4.481788951443836,-4.7157407758032805,-4.96084402179014,-5.217622190315082,-5.486623631272365,-5.768424517121197,-6.063626657058785,-6.372861697083558,-6.696791312205148,-7.036108902882589,2.0,-7.763847135418695,-8.153825710747276,-8.562311192190386,-8.990178386699117,-9.438343427762764,-9.907766023793942,-10.399451328446496,-10.914453116119171,-11.453873577559891,-12.018868444494329,2.0,-13.230479770646824,-13.879691001085911,-14.559673342527237,2.0,2.0,-16.799157295170293,-17.61749460775162,2.0,-19.372338211683648,-20.31260385039367,-21.297420382912264,-22.328898440364913,-23.40924719523692,-24.540781588111805,-25.72592517646911,-26.96721714200028,2.0,2.0,-31.05521266105405,2.0,-34.11351643568193,2.0,-37.46845049653006,2.0,2.0,2.0,2.0,2.0,2.0,2.0,2.0,-57.076457628236106,-59.8029144941772,2.0,-65.64941386947422,2.0,2.0,2.0,2.0,2.0,2.0,-90.95166631189232,2.0,2.0,2.0
0.1047370897959449,2.0,2.0,2.0,2.0,2.0,2.0,2.0,2.0,2.0,2.0,2.0,2.0,2.0,2.0,2.0,2.0,2.0,2.0,2.0,2.0,2.0,2.0,2.0,2.0,2.0,-0.2663563647762802,-0.2651146951685934,-0.2638230234414048,-0.2624785262155412,-0.2610838200043653,-0.2596443464383209,-0.25815003975719,-0.2565976461098995,-0.2549837518605751,-0.2533048511671766,-0.2515921946568922,-0.2498209955809072,-0.2479817367857707,-0.2460703854503169,-0.2441087095056622,-0.2421113067111084,-0.2400383304480221,-0.2378852606902675,-0.2357090080806986,-0.2334810470678653,-0.2311691175582714,-0.2288215971436834,-0.2264498810146596,-0.2239904229627804,-0.221527094457157,-0.2190279279162273,-0.2164521233568419,-0.2139362014248963,-0.2113317434903576,-0.2087852801490725,-0.2061951660489726,-0.2036603888186098,-0.2011179829967999,-0.1986627518327546,-0.1962069336760067,-0.1939107318772141,-0.1916265904256689,-0.1895411979685215,-0.1875660084089946,-0.185711167535808,-0.1841585744320888,-0.1827797130768539,-0.1816142612670284,-0.1808514892729847,-0.1804042644964419,-0.1803042160409672,-0.1806016876173581,-0.181467363446968,-0.182858816480221,-0.1848142754143314,-0.1873946033946684,-0.1906627814948129,-0.1947200635372926,-0.1996872745585837,-0.2055516476624004,-0.2123843837305561,-0.220257474147651,-0.2292420057702698,-0.2394178133322554,-0.2509868838700527,-0.2639506748267028,-0.2783314513141914,-0.294185122867051,-0.3116236921072784,-0.3309487595323224,-0.3519667877457483,-0.3746794434431524,-0.3995803639297451,-0.4263704751709772,-0.455150754170724,-0.4863376564906481,-0.5194503816113458,-0.5552255310669307,-0.5930857396429166,-0.6336063893686992,-0.6767590803081263,-0.7222355593145122,-0.7708266383735971,-0.8221955831230314,-0.8761881141914274,-0.9334622382666962,2.0,-1.0578757203225144,-1.124797041753923,-1.195391680374562,-1.2698030970051173,-1.3481504024372453,-1.4305551347624708,-1.5169587762272358,-1.6075389013210857,-1.702715810517097,-1.802693458586318,-1.9076686428441592,-2.017851514144854,-2.133466118221788,-2.2547497844694515,-2.3819536329733433,-2.515342831537513,2.0,-2.8017093647179863,-2.9551821589255285,-3.116036327607236,-3.284643057530555,-3.4613591318481314,-3.646559265773171,-3.8406368515521145,-4.0440044715300205,-4.257096026025877,-4.480364918154524,-4.714287699834502,-4.959363678406751,-5.216116757764296,-5.485095017065715,-5.766873508700225,-6.06205490767619,-6.371271049261739,-6.695182634062029,-7.03448343475859,-7.389899309038808,-7.762191002858824,-8.152155582438926,-8.560628012007712,-8.988482814067321,-9.43663614279114,-9.906047670017657,-10.397723004544147,-10.912714850852849,-11.45212614276924,-12.017112352217977,-12.608883627492952,-13.228707484413366,-13.87791159856641,-14.55788668722588,-15.270089257600816,2.0,2.0,-17.615683430834327,-18.47279294190736,-19.370516697425337,2.0,2.0,-22.327063412024753,2.0,-24.53893826027019,-25.724078215696007,2.0,-28.265462999704415,-29.627152051189565,-31.05335256880365,2.0,-34.11165072669128,-35.75030061800045,-37.46657942663317,-39.26416448491058,2.0,2.0,-45.184185228342216,2.0,-49.61303453281308,-51.98602513833899,2.0,2.0,-59.80102428052179,-62.656635817012656,2.0,2.0,-72.06104798677397,2.0,2.0,2.0,2.0,2.0,-95.28092379128644,2.0,2.0
0.1017507662524298,2.0,2.0,2.0,2.0,2.0,2.0,2.0,2.0,2.0,2.0,2.0,2.0,2.0,2.0,2.0,2.0,2.0,2.0,2.0,2.0,2.0,2.0,2.0,2.0,2.0,-0.2669201843519231,-0.265758807191179,-0.2645512646016758,-0.2632949128681011,-0.2619870007640538,-0.2606363591724609,-0.2592404711495969,-0.2577911923866122,-0.2562853518150735,-0.2547196594503195,-0.2530955484164445,-0.2514449770356522,-0.249732097269022,-0.2479531836562822,-0.2461043161598631,-0.2442275584192952,-0.2423023740030958,-0.2403041617715963,-0.2382285351974714,-0.2361613895758164,-0.2340221969493234,-0.2318022326761955,-0.2295850478290349,-0.2273181587527075,-0.2249673371096194,-0.2226601967963426,-0.2202843033503999,-0.2178839463977145,-0.2155074033797837,-0.2130594604826924,-0.210711280598746,-0.208284178253011,-0.2059860447935023,-0.2036273169797978,-0.2014382190349798,-0.1992283818964732,-0.1971919247810609,-0.1952268955792968,-0.1933903379995824,-0.1917739764242693,-0.1902832922726952,-0.189047794458459,-0.1880980680773787,-0.1873896166947359,-0.1869847244930999,-0.1870495789402186,-0.1874945425666833,-0.1883717401671351,-0.1897358653931791,-0.1917338569624455,-0.1943783708532145,-0.1976909302671462,-0.2017369497778725,-0.2065837867175912,-0.2123003667999538,-0.2190305638562437,-0.2268389312410905,-0.2357463892944713,-0.245827285695466,-0.2571541877673047,-0.2697958565434663,-0.2839260572054256,-0.2996691711978667,-0.3169632257059349,-0.3358532676917858,-0.3565101227339612,-0.3792027221416499,-0.4036584623113753,-0.4300757456429158,-0.4588142375449873,-0.4893934651513011,-0.5225759093069624,-0.557717616377841,-0.5956515053608256,-0.6356567256936556,-0.6786439227105326,-0.724032814097948,-0.772121278918349,-0.8234123149190784,-0.8773713099774896,-0.9342713855923904,-0.994606395561877,-1.0583776496419155,-1.125291152166988,-1.1956338064226024,-1.2698297629632975,2.0,-1.430251377018073,-1.5166952719572355,-1.6072739124946498,-1.7023065113810485,-1.8021569598253655,-1.907019297134687,-2.017102014676597,-2.1326268630930705,-2.2538298866198927,-2.38096103679155,-2.514284468168411,-2.654078632072329,2.0,2.0,-3.1149178398780686,-3.2834704184930623,-3.460136804688712,-3.6452912542404223,-3.839326799072034,-4.042656031465344,-4.25571151278937,-4.478947240807257,-4.712839351380638,-4.9578868645472305,-5.214613291690267,-5.483566872315882,-5.765322449171507,2.0,-6.3696782081582946,-6.693571074341573,-7.032854019255068,-7.388253348456755,-7.760529442217162,-8.15047955283935,-8.558938239502117,-8.98677988804565,2.0,-9.904321531112885,-10.395985754718408,-10.910967480447589,-11.450369171161176,2.0,-12.607108896047244,-13.22692468282946,2.0,-14.556088914190005,2.0,2.0,-16.795534472457632,2.0,2.0,-19.36868267263259,-20.30893850487978,-21.293746114559266,2.0,2.0,-24.53708145394855,-25.722217649746288,2.0,-28.263595330068306,-29.625281485247225,-31.05147827166551,2.0,2.0,2.0,2.0,-39.26227680505207,2.0,2.0,-45.182290867923,-47.3454762007054,2.0,-51.98412500898919,2.0,2.0,2.0,-62.65472919302772,-65.64561297566948,2.0,2.0,-75.4955190112308,-79.09468543436238,2.0,-86.81258275839194,-90.947849032783,2.0,2.0,-104.56655165574044
0.0988495904662558,2.0,2.0,2.0,2.0,2.0,2.0,2.0,2.0,2.0,2.0,2.0,2.0,2.0,2.0,2.0,2.0,2.0,2.0,2.0,2.0,2.0,2.0,2.0,2.0,2.0,-0.267467895454171,-0.2663842678803715,-0.2652581999903479,-0.2640872244605514,-0.2628687697503288,-0.2616001754580197,-0.260297714475368,-0.2589482899053942,-0.2575470843794406,-0.2560910352193891,-0.2545769515598852,-0.2530178070488734,-0.2514273070254586,-0.2497766330318498,-0.2480621680294728,-0.2462801396153268,-0.2444932448905709,-0.2426449975573631,-0.2407265179801123,-0.2387529436981852,-0.2367810238625587,-0.234736353812251,-0.2326150009616389,-0.2305334917748581,-0.2283780912533735,-0.226166599964985,-0.2239984653836255,-0.2217536053638063,-0.2195355006560896,-0.2173068977398017,-0.21506382536928,-0.2128822419952261,-0.210673445672971,-0.2085748304507571,-0.2064706570667666,-0.2044967076075875,-0.2025792513514367,-0.2007780035957478,-0.1991418457562164,-0.197586958499437,-0.1963217089116331,-0.1952242716284319,-0.1943145634635974,-0.1937962294119201,-0.1935574378691545,-0.1936339640180816,-0.1941212068743547,-0.1951259410339678,-0.1965983946857001,-0.198595384970001,-0.2011762463641584,-0.2044587779559577,-0.2085222425936446,-0.2133663553791415,-0.219060028051773,-0.2256751690851856,-0.2332844713369213,-0.2419739919467838,-0.2519205215558458,-0.2631253021515954,-0.275642330021668,-0.2895438306191247,-0.3048962041996491,2.0,-0.3406358252368046,-0.3610861590461582,-0.3832459702219449,-0.4074767275537845,-0.4337532673318151,-0.4618773095971775,-0.4924667049183658,2.0,-0.5601608857948037,-0.5975426207726018,-0.6375778601850937,2.0,-0.7253551922323962,-0.7731270621715411,-0.8239627657543487,-0.8779770721091311,-0.9346717847649908,-0.9946363759636908,-1.058145475464255,-1.125128795212844,-1.1953466535228316,-1.2692893255372228,-1.3472357104611197,-1.4293087053461422,-1.515649360643636,-1.6062899304106966,-1.7012513008553818,-1.8009550937884846,-1.9056882627940104,-2.015655996554833,-2.1310785594392305,-2.2521898483891416,-2.379238445777147,-2.512487167868482,-2.652213894320297,-2.7987108696533687,-2.9522390929433495,-3.113048459081165,-3.281540130441247,-3.4581506130570827,-3.643253765472652,-3.837242177737134,-4.040527879551524,-4.253543233991076,-4.476741880790965,-4.71059946090616,-4.955615257833979,-5.212311836324518,-5.4812376878426825,2.0,-6.058103622876297,-6.367276866782143,-6.691148510562495,-7.030411931756687,-7.385792966766328,-7.758051545342891,-8.147985581202114,-8.556428778407723,-8.98425654760336,-9.43238423563414,2.0,2.0,-10.908394123824513,-11.447785300017046,-12.012752170643028,-12.60450544466104,-13.224312161277842,-13.873499671214512,-14.553459810211532,-15.265647684989114,-16.01158982307456,2.0,2.0,2.0,-19.366013272324967,-20.306263236180676,-21.291065633272748,2.0,-23.4028653645134,-24.534387437911096,-25.71951883349221,2.0,-28.260888833356763,-29.622571408532195,2.0,-32.5425239967282,-34.10705061646188,-35.745695116340144,2.0,-39.25954754560943,2.0,-43.114211762378424,2.0,-47.34273765892471,2.0,-51.98138247062936,2.0,-57.06991932484304,2.0,2.0,2.0,-68.77542569510119,-72.05638315728206,-75.49276336306518,2.0,2.0,2.0,-90.94508849275852,-95.27624478686916,2.0,2.0
0.0960311346560807,2.0,2.0,2.0,2.0,2.0,2.0,2.0,2.0,2.0,2.0,2.0,2.0,2.0,2.0,2.0,2.0,2.0,2.0,2.0,2.0,2.0,2.0,2.0,2.0,2.0,-0.2679999885204666,-0.2669918721096271,-0.2659449322353996,-0.2648568590310601,-0.2637252679738826,-0.2625476742476569,-0.2613250481969546,-0.2600726089402485,-0.2587730302013977,-0.2574234636639695,-0.2560209459863056,-0.2545623921797275,-0.2530752339926367,-0.251549129454647,-0.2499651770508613,-0.2483199032906493,-0.2466241573936909,-0.2449215791492379,-0.2431557355956525,-0.241322745915349,-0.2394657574222368,-0.237591352481493,-0.2356478542925947,-0.2336643899511958,-0.231698820576471,-0.2296626036897885,-0.2276172604939383,-0.2255838980198957,-0.2234789829128793,-0.2214592891005983,-0.2193884832060248,-0.2173681966242101,-0.215364070859139,-0.2134057027490304,-0.2115063152997699,-0.2096836587276874,-0.2079329849803941,-0.2063318329990672,-0.2047806274134135,-0.2034994869027496,-0.2023225211260477,-0.2013570971016809,-0.2006833776871358,-0.2002239421807493,-0.2000647172679067,-0.2003307562759089,-0.200944181432469,-0.2019553064538406,-0.2034636963692894,-0.2055740666160012,-0.2082486822288868,-0.2115497406987163,-0.2155407541466625,-0.2202934689457072,-0.2259728490916269,-0.2325703111658071,-0.2401439137036595,-0.2487692140929938,-0.2585223252307321,-0.2694788365929861,-0.2817663212602208,-0.295544247425534,-0.3107846269267484,-0.3275525549181808,-0.3459088600337303,-0.3660346982959289,-0.3881370691735706,-0.4120413375396084,-0.4378143202383974,-0.4659428979497618,-0.4960581204554985,-0.5284083356604734,-0.5632580206662223,-0.6002714175563348,-0.6400842901463273,-0.6822397929470065,-0.7271840508412686,-0.7750524505825236,-0.8254274410626758,-0.8791369343572997,-0.9359283552781316,2.0,2.0,-1.1255765855265265,-1.195875043538948,-1.2696072571983834,-1.34732326596445,-1.429199254602707,-1.515369850313758,-1.6059791011629485,-1.7009953215928832,-1.800578628155468,-1.9051773295783456,-2.0150264099934354,-2.13034335656013,-2.251360448005344,-2.3783244265343004,-2.5114971000370208,-2.6511551081790192,-2.797589648883184,-2.951106226053203,-3.1119476373785493,2.0,-3.4569726673192287,-3.642024111457956,-3.835965064269794,-4.039207034271623,-4.252182203886594,-4.475343746727769,-4.709167037852023,2.0,2.0,-5.4797163865170635,-5.761420689355042,-6.056532783602074,-6.365683824534031,-6.689534848066815,-7.028778792468259,-7.384141385208187,-7.75638308986161,-8.146300839106786,-8.554728742294918,-8.982542177891926,2.0,-9.900031672404968,-10.391672356964204,-10.906631567473326,-11.446011770099568,-12.010968836058506,2.0,2.0,2.0,2.0,-15.26382240395638,-16.009757636289905,-16.79104447265516,-17.609357712830313,-18.466449148511863,2.0,-20.30440100499651,2.0,2.0,-23.40098863918288,-24.532506011073853,2.0,-26.95891015951852,2.0,2.0,-31.046864477571575,2.0,-34.10514364532756,2.0,2.0,-39.25763262891522,2.0,-43.112292002356945,2.0,2.0,2.0,-51.97945405222399,2.0,-57.067987238323376,2.0,2.0,2.0,2.0,-72.0544434023499,2.0,-79.08998601691285,-82.85964600178423,2.0,2.0,-95.2742977925151,2.0,2.0
0.0932930402628468,2.0,2.0,2.0,2.0,2.0,2.0,2.0,2.0,2.0,2.0,2.0,2.0,2.0,2.0,2.0,2.0,2.0,2.0,2.0,2.0,2.0,2.0,2.0,2.0,2.0,-0.2685168963536761,-0.2675820157198223,-0.2666118160647668,-0.2656041504776245,-0.2645568035743189,-0.2634674714881797,-0.2623337516155025,-0.2611638674554951,-0.2599628576566807,-0.2587165718818043,-0.2574222652385971,-0.2560770876215508,-0.2546780686927682,-0.2532689912277999,-0.2518116328796338,-0.2502989997373883,-0.248727760226571,-0.2471302572734995,-0.245512468121713,-0.2438346009650369,-0.2420929644198092,-0.2403609401406047,-0.2385904941036112,-0.2367549414516492,-0.234919968695816,-0.2330766925393498,-0.2311675086213448,-0.2292991008456364,-0.2274091586822443,-0.2254866736803785,-0.2236442684965778,-0.2217412895182472,-0.2199572096062397,-0.2181416677209018,-0.2164483987533194,-0.214760484326934,-0.2132354332973063,-0.2117221911147483,-0.2104543754482217,-0.2092502530748684,-0.2082613818588671,-0.2074824864013901,-0.2068673806952924,-0.2066067398548421,-0.2066214864457954,-0.206922678114189,-0.207637762614394,-0.2088150235846249,-0.2104253683347794,-0.2125238517838476,-0.215194926126959,-0.2185802327249975,-0.222635446673434,-0.2274271145428002,-0.2330241604520049,-0.2394975697252137,-0.2469469736366842,-0.2555190099510327,-0.2652064520935909,-0.2760845575098479,-0.2882321957581768,-0.3017264726563193,-0.3166522833245805,-0.333239488175284,-0.351485145285834,-0.3714022642791727,-0.3930416609211758,-0.4166624017142101,-0.4423882070040418,-0.4700135445707329,-0.4998369894046252,-0.5320691994195015,-0.566340826925589,-0.6034055463754602,-0.6425957673845166,-0.6847956253599494,-0.729267901114917,-0.7769123260433621,-0.82724587318089,-0.8804444622151568,-0.937116370315382,-0.9967552199793084,-1.0595532515394337,-1.1260718209501277,-1.1963432903946498,-1.270090936685312,-1.3475546669266558,-1.4292112715682774,-1.5151936289996175,-1.6056480165281275,-1.7006932444190448,-1.8002912344487294,-1.9047454142164308,-2.014465133491112,-2.129667473770055,-2.25058262197246,-2.37745539060915,-2.5105463378053168,-2.6501302733363743,-2.7964980001173005,-2.9499559792999044,-3.1108110831617455,-3.279311485174702,-3.455820228493759,-3.6408165630194183,-3.834707091033701,-4.037902650189418,-4.250835300693447,-4.473957189266997,-4.707744521014271,-4.952694624451275,-5.209330583043235,-5.478200069750504,-5.7598768852737,-6.054964254190168,-6.364092068865507,-6.6879212741039495,-7.027144591691826,-7.382488068177575,2.0,-8.144613017704733,-8.553025493442933,2.0,-9.428924458804442,-9.898286377125196,-10.38991460970505,2.0,2.0,-12.009178411901292,-12.600912411449643,-13.220701062111209,-13.869871863395844,2.0,-15.261988151069762,2.0,-16.789195638849133,2.0,-18.46458772748986,-19.362288562982688,2.0,-21.28731974563918,-22.31877383881428,-23.39909995587488,-24.530612571460523,-25.715735964260062,-26.95700871792938,-28.25709003214563,-29.61876504694378,2.0,2.0,2.0,-35.74186288120934,2.0,-39.25570495363901,-41.138436389605324,2.0,2.0,2.0,-49.60452945688731,2.0,2.0,2.0,2.0,2.0,2.0,2.0,2.0,-75.48886708734148,-79.08802952949756,2.0,-86.80591956475212,2.0,2.0,2.0,2.0
0.0906330159760747,2.0,2.0,2.0,2.0,2.0,2.0,2.0,2.0,2.0,2.0,2.0,2.0,2.0,2.0,2.0,2.0,2.0,2.0,2.0,2.0,2.0,2.0,2.0,2.0,2.0,-0.2690190447323298,-0.2681552092463619,-0.2672594313493611,-0.2663297550205514,-0.2653641161778689,-0.2643603942917172,-0.263316370605713,-0.2622297453169374,-0.261117659605545,-0.2599715484608709,-0.2587821944783349,-0.2575469870414913,-0.256263182742074,-0.2549378247635603,-0.253603258308449,-0.2522192889459166,-0.2507828477729459,-0.2492907719276938,-0.2477989411328155,-0.2462715452535659,-0.2446875638938871,-0.2430477231578318,-0.2414451510296039,-0.2397854774875844,-0.2380650612238705,-0.23638847961146,-0.2346754068960855,-0.2329032662383679,-0.2312213406316083,-0.2294839838784442,-0.2277720543977234,-0.2261012508687879,-0.224411914046114,-0.2228428731404872,-0.2212412675961111,-0.219814834045089,-0.2183774954513873,-0.2171407348336299,-0.2159563290225284,-0.2149632268025621,-0.2141333848602189,-0.2134456548049319,-0.2130860428677073,-0.212916576547898,-0.2130154933403287,-0.2135288586155553,-0.2143599402787073,-0.2155572366699115,-0.2172723446801865,-0.2195115312512073,-0.2222778481148901,-0.225631260409963,-0.229636904493257,-0.234466611368828,-0.2400967360236043,-0.2465830289785283,-0.2539992475097271,-0.2624209117744989,-0.2719249568278902,-0.2826418663112526,-0.2946949439734351,-0.3080870338897322,-0.3228978580586182,-0.3392046974403372,-0.3570798650515888,-0.3767544951696061,-0.3983005535858851,-0.4216593739081133,-0.4468765157369719,-0.4743583647190645,-0.503985746178668,-0.5356438778568119,-0.569956550172517,-0.6064302816344725,-0.6456168908598658,-0.6872397075336263,-0.7317772583471969,2.0,-0.8291487233191217,-0.882084572945962,-0.9382976869300388,-0.9979756018092906,-1.0606097997880055,-1.126767863252171,-1.1967715968294974,-1.2705805828389023,-1.347949225369716,-1.429360245341042,-1.5151333488631546,-1.6054076325296005,-1.7003412395705433,-1.7999993232528664,-1.9044018940437324,-2.01398003849516,-2.1290573502454433,-2.2498621360851256,-2.3766363893760714,2.0,-2.6491434351853633,-2.795439433636028,-2.948832402192287,-3.109644031205078,-3.2781731221304504,2.0,-3.639633950357479,-3.8334706561215066,-4.036617298170093,-4.249504499941612,-4.472584812663552,2.0,-4.951248287740196,-5.20785130057293,-5.476690142197855,-5.758339176012222,-6.05339977529791,-6.36250282975407,-6.686309050563458,-7.02551101714641,-7.380834290122437,-7.753039522712708,-8.142922721562293,2.0,-8.979102047421037,-9.42718792527075,-9.896535706436726,-10.388151369851816,-10.90308670423175,-11.442444733817297,-12.007380613665052,-12.599104586066764,-13.2188836214343,-13.868044894517146,2.0,-15.260145031956547,-16.0060645893053,-16.787337706963523,-17.605636909012226,-18.46271624161837,2.0,-20.300644316895273,2.0,2.0,-23.39720075940267,-24.528708578840966,-25.713827167843185,-26.95509574555618,2.0,-29.616844201169343,-31.043027204522744,2.0,-34.10129326286024,-35.739928733002024,-37.45619354646363,-39.25376453573641,2.0,-43.10841329955,2.0,2.0,-49.60257675148358,2.0,2.0,-57.06408253992134,-59.79052953448935,2.0,2.0,2.0,2.0,-75.48689854147956,2.0,2.0,-86.80394717036482,2.0,2.0,2.0,-104.5578987460673
0.0880488358164346,2.0,2.0,2.0,2.0,2.0,2.0,2.0,2.0,2.0,2.0,2.0,2.0,2.0,2.0,2.0,2.0,2.0,2.0,2.0,2.0,2.0,2.0,2.0,2.0,2.0,-0.2695070985124945,-0.2687119289273341,-0.267888348546919,-0.2670343065126535,-0.2661479248030451,-0.2652272461511718,-0.2642702219026136,-0.2632747441610383,-0.2622387067740637,-0.2611895366699893,-0.2601019983794648,-0.258973460651438,-0.2578014258316463,-0.2565833005456406,-0.2553417343550586,-0.25408256349485,-0.252776879218274,-0.2514218058633403,-0.2500173115728316,-0.2486358769899384,-0.2472048285165148,-0.2457209975807983,-0.2442145293023476,-0.2427254815217957,-0.241183830965516,-0.2396011154399168,-0.2380782837246386,-0.2365037793661036,-0.2349191696918496,-0.2333937841798117,-0.2318187197182564,-0.2303302050435819,-0.2288416995831401,-0.2274025548556951,-0.2260379066980561,-0.2247167400232241,-0.2235191125544491,-0.2223961533801699,-0.2214151852791476,-0.2205830716615476,-0.2198756617768571,-0.2194403900654414,-0.2191474901641558,-0.2191533382601113,-0.2194528359642846,-0.2200121051099707,-0.2209695018017304,-0.2223573574607935,-0.2241459783373478,-0.2263886285585696,-0.229242480576766,-0.2327092459799107,-0.2368059647625121,-0.2415976790431256,-0.2471520204622884,-0.2535863934857428,-0.2610035500264351,-0.2694062907355764,-0.2788731447580246,-0.2894840355426507,-0.3013194043493474,-0.3144616749612677,-0.3290954377996606,-0.3452815392433637,-0.363042194850512,-0.3824527020438981,-0.4035795625603658,-0.4266703376978261,-0.4518230677122963,-0.478921426971981,-0.5080756643410398,-0.539745086848729,-0.5735386110083339,-0.6098093387515356,-0.6487006036099174,-0.6900031941769498,-0.7342660783954434,-0.781137417693573,2.0,-0.8840013546546476,-0.9397681809870028,-0.9991132278703408,-1.0618486316163174,-1.1276955018082877,-1.1973596189683473,-1.2709972428728622,-1.348452807575493,-1.429664245510842,-1.5152036542891314,-1.6052780206864696,-1.7000394066548736,-1.7996528867147288,-1.9041147178947508,-2.0135797047917876,-2.1285212073402393,-2.2492051493751637,-2.3758728004362615,-2.5087798219623876,-2.648198783247422,-2.794417664150533,-2.947740711911297,-3.1084895661145993,-3.2770004597014113,-3.4535541060085353,2.0,-3.8322589263451823,2.0,-4.248192241925869,2.0,2.0,-4.9498135458364665,-5.206381751450205,-5.475188312949908,-5.756807339411543,-6.051840257446499,-6.3609174076627,-6.684699474810216,-7.023878990514375,-7.379181026038132,-7.75136622722321,2.0,-8.549610086663453,2.0,-9.425447691703278,-9.894781549860385,-10.386383392359946,-10.901306100375876,-11.440652245241491,2.0,-12.597290181269315,-13.217059186777128,-13.866211483567762,-14.546137464228504,-15.258293633289073,-16.004205504898817,-16.785470792759654,2.0,-18.460835357799432,2.0,2.0,2.0,2.0,-23.39529075249335,-24.526793612760937,-25.71190791468575,-26.953171593514664,-28.25324480131209,-29.61491231438673,2.0,-32.53483723998797,2.0,-35.73798223366592,-37.454244095085734,2.0,-41.13453830439233,2.0,2.0,2.0,2.0,-51.97359004088725,-54.458981687295626,-57.06211138903453,2.0,-62.644157210053926,-65.63503311061756,2.0,2.0,-75.4849169947238,2.0,-82.8537324665825,2.0,2.0,-95.26837386426384,-99.80469646622105,-104.55590879680156
0.0855383372729865,2.0,2.0,2.0,2.0,2.0,2.0,2.0,2.0,2.0,2.0,2.0,2.0,2.0,2.0,2.0,2.0,2.0,2.0,2.0,2.0,2.0,2.0,2.0,2.0,2.0,-0.2699812503152858,-0.2692538615411574,-0.2684993449882881,-0.2677187876642062,-0.266909380160632,-0.2660693474084673,-0.2651968065185349,-0.2642898314035783,-0.2633464059613363,-0.2623732796602163,-0.2613846371363625,-0.2603597012286508,-0.259296198165392,-0.2581917772387813,-0.2570439710017956,-0.2558942493116179,-0.2547155799591339,-0.2534935626692499,-0.2522254856143743,-0.2509360273362262,-0.2496535393221917,-0.2483253368393167,-0.2469484799829563,-0.2455872133741629,-0.2442192117729545,-0.2428034532385791,-0.2413926306883872,-0.2400117595637676,-0.2385849386720543,-0.2372041737207965,-0.2358448624112343,-0.2344548361246249,-0.233195620772834,-0.231901050417555,-0.2307321148475836,-0.2295847050173654,-0.2285660436946648,-0.2276114019048331,-0.2268270923739716,-0.2261175480750302,-0.2256644517397474,-0.2253109915753829,-0.2252484823088343,-0.2254056306150625,-0.2257749361934726,-0.2265750662750904,-0.2276683128296098,-0.2290992501395932,-0.2310389129407998,-0.2334600107901217,-0.2363739867900575,-0.239839075224764,-0.2439852410763308,-0.2488750452048391,-0.2545077584113722,-0.2609536563547013,-0.2682855014485893,-0.2765781431307913,-0.2859750944867643,-0.2965532991351966,-0.3083405272023365,-0.3214208730438579,-0.3358780363798511,-0.3517942319441206,-0.369276032528638,-0.3885510597758027,-0.4095895494249235,-0.4324348803659965,-0.4571443093773121,-0.4840205399390216,-0.5131205185334735,-0.5442816613217922,-0.5778470754342415,-0.6139642254289228,-0.6523234565280664,-0.6936716565315371,-0.7373455492252219,-0.7842484328962764,-0.833648704243541,-0.8864451721312652,-0.9421999892607168,-1.001052485730351,-1.0636549274867535,-1.1295223442746916,-1.198825119697286,-1.2721584743033107,-1.3495760375309565,-1.4308183760402584,-1.5161173816912348,-1.6059805312777518,2.0,-1.8000218094907696,-1.9045081282213956,-2.0139980160109516,-2.1288024329533615,-2.249362433052082,-2.375919974134887,-2.508729301923198,-2.6480608991727186,2.0,-2.9474537931219382,-3.1081386149591212,-3.2765923084885604,-3.453157290669922,-3.63811355437349,-3.831853749940394,-4.034895194138095,-4.247686367212675,-4.470678534226061,-4.704345716620317,-4.949185277474603,2.0,-5.4744935959414605,-5.756082932521123,-6.051087959181908,-6.36013957642789,-6.683897740369534,-7.023054941484014,-7.378336668586874,-7.750502282656437,-8.140349432655189,-8.548710855859058,-8.976461936622096,-9.42451756644078,2.0,-10.385425653158393,-10.900336281475044,2.0,-12.004584264324816,-12.596286786679968,-13.216046427806582,-13.865189470722129,-14.545106723605834,-15.257254629459446,-16.00315872797684,2.0,-17.602701939072205,-18.45976759888995,-19.357449397784716,2.0,-21.282445680990435,-22.31388401555608,-23.394194943324173,2.0,-25.710802262458593,2.0,2.0,-29.61379464537484,-31.039969817815255,-32.53371235471775,-34.09822213870272,2.0,-37.45310974787096,-39.250675017675434,2.0,-43.10531283603449,2.0,2.0,-49.59946160792755,2.0,-54.45782764128045,-57.06095559117093,2.0,2.0,-65.63387205821532,2.0,-72.04737807824938,-75.48375138023016,-79.08290972284868,2.0,-86.80079186302363,2.0,2.0,2.0,2.0
0.0830994194935339,2.0,2.0,2.0,2.0,2.0,2.0,2.0,2.0,2.0,2.0,2.0,2.0,2.0,2.0,2.0,2.0,2.0,2.0,2.0,2.0,2.0,2.0,2.0,2.0,2.0,-0.2704418647923403,-0.2697812331480917,-0.2690928827013816,-0.2683830886102359,-0.2676482634442357,-0.2668863587896247,-0.2660956829624712,-0.2652744724857426,-0.264420909142765,-0.2635330809343373,-0.262627790719762,-0.2617032282986225,-0.2607448932663749,-0.2597506574937132,-0.258718298978699,-0.2576486612090619,-0.2565930475548649,-0.2554999602481823,-0.2543669597713705,-0.2531915264183936,-0.25202316753728,-0.250845763805125,-0.2496269039509326,-0.2483638587024779,-0.2471546170005119,-0.2459151418938073,-0.2446331726750068,-0.243401761419263,-0.2421715119666453,-0.2409015123961667,-0.2397329352623921,-0.2385497478228988,-0.2373966268833971,-0.2363348268171693,-0.2352574869533527,-0.2343572318335248,-0.2334399360251339,-0.2327346890678262,-0.232038294140587,-0.2316034598493314,-0.2312301438826731,-0.231119906221892,-0.2311821933831457,-0.2314622800742066,-0.2320841200872393,-0.232941859925793,-0.2341541274991784,-0.2357981207060109,-0.2378135473741415,-0.2402520349075045,-0.2433094094934322,-0.2469149425070636,-0.2511135955445609,-0.2559687060777852,-0.2615753041828348,-0.2680738311530874,-0.2754373336063188,-0.2837413496931374,-0.2930639005947488,-0.3034848886229042,-0.3150873959982761,-0.3280435077506595,-0.3424044177597685,-0.3582158204530768,-0.3755636210696306,-0.3945307858088263,-0.4152010268207205,-0.4378348068675432,-0.46244804511084,-0.4890221164891294,-0.5176187582109089,-0.5486623188992801,-0.5819932564077226,-0.6175475581555023,-0.655949636671886,-0.6966882568744592,-0.7403753767728272,-0.7866813921934739,-0.8361558336201005,-0.8883358413629403,-0.944083354599922,-1.0026890244593925,-1.0648225689273638,-1.1307189197713725,-1.1998710286543592,-1.2728398022331802,-1.3499813065836923,-1.4312793476221206,-1.516493818987965,-1.606108913566658,-1.7004776244041129,-1.7997570753505567,-1.9041243344513747,-2.0136730382995633,-2.128433533842304,-2.2488506297157276,-2.3752821658411887,-2.5079798275799514,-2.647211708359825,-2.7932631856899857,-2.946435637465444,-3.10704784911889,-3.275435671655784,-3.4519532906006387,-3.636937498816385,2.0,-4.033679388758172,-4.246416167816246,-4.469358721466468,-4.702980279215846,-4.947777887444528,-5.204272025831418,-5.473011286586038,-5.754567555307845,-6.049541993713948,-6.358564823765247,2.0,-7.021428786061361,-7.376687192542269,-7.748831438675183,-8.138657196128001,2.0,-8.974733709762786,-9.422772445341668,-9.892076745982656,-10.383650806973176,-10.898547286242303,-11.437868607203686,-12.00277007760591,-12.594461268361128,-13.214209600065749,-13.863342032752705,2.0,-15.255388800599208,-16.00128406989016,-16.782533764064034,-17.600811423124725,2.0,-19.355544785004245,-20.295759564727923,-21.280528200576768,2.0,-23.392265841626003,-24.52375871377947,-25.70886309321838,2.0,-28.250182142109015,-29.611841466065737,2.0,-32.53175090930753,-34.096256946782006,2.0,2.0,-39.248700038360674,2.0,2.0,-45.16865988519734,2.0,2.0,2.0,2.0,2.0,-59.78540110961807,2.0,-65.63187079187209,2.0,-72.04537365682656,2.0,-79.0809018914298,-82.8505551890361,2.0,-90.93403912332782,-95.26518873793744,2.0,2.0
0.0807300415265743,2.0,2.0,2.0,2.0,2.0,2.0,2.0,2.0,2.0,2.0,2.0,2.0,2.0,2.0,2.0,2.0,2.0,2.0,2.0,2.0,2.0,2.0,2.0,2.0,2.0,-0.2708893333918755,-0.2702934735915732,-0.2696729700884667,-0.269028144094299,-0.2683656634137619,-0.2676795602854402,-0.2669683011236255,-0.2662302909383684,-0.2654639009746023,-0.2646673967308985,-0.2638390087939716,-0.2630071583596147,-0.2621508572211739,-0.2612635109104901,-0.260343142293774,-0.2593876951246007,-0.2584148738870036,-0.2574468682307443,-0.2564449196924663,-0.2554067813199163,-0.2543301370772779,-0.2532912383028862,-0.2522256580579047,-0.2511232079858602,-0.2500025251511769,-0.2489340803401254,-0.2478313058056529,-0.2466920522506583,-0.2456509686311305,-0.2445807884974459,-0.243504667488464,-0.2425339928530491,-0.2415378637420504,-0.2406357157413863,-0.2397833891740222,-0.238986449909532,-0.2383204321310779,-0.237703855539328,-0.2372730005782772,-0.2369239338894964,-0.2367842238223125,-0.2368028635356976,-0.2370179573132757,-0.2375181983975355,-0.2382040006040431,-0.2392716346724999,-0.240648203366709,-0.2423353872751067,-0.2445137517062309,-0.2471432139586922,-0.2502328741758191,-0.2538421165087927,-0.2581646701555955,-0.2631326339387332,-0.2688032757417772,-0.2752453088280076,-0.2825301852185414,-0.2908226786260438,-0.3001445365140773,-0.3105447233113886,-0.3221063258488529,-0.3349139999259992,-0.349053477438668,-0.3646230349865216,-0.3818215751582589,-0.4006654340579521,-0.4212129046293785,-0.4435453770743773,-0.4677383638831558,-0.4940780939224685,-0.5225990437567356,-0.5532271152379015,-0.5861047145943509,-0.6216675457071905,-0.6595255497869823,-0.7000937028602284,-0.7434491317043557,-0.7894612570039823,-0.8386303824902459,-0.8906746444985463,-0.945885804705464,-1.004594005189626,-1.0662889224646386,-1.131836613323693,-1.2010911830063078,-1.2737563123707891,-1.35055504079124,-1.4316692971304583,-1.516972912959245,-1.6063954117902828,-1.7005280924527637,-1.799605733377093,-1.903798851213295,-2.0132947013947944,-2.12811668795608,-2.2484258503066368,-2.3747197670849087,-2.507296055511896,-2.646420143216897,-2.7923751439190925,-2.945461201488243,-3.105995531824828,-3.274313269355674,-3.4507669656320425,-3.635728384421907,-3.829517818043456,2.0,-4.245172235614192,-4.468061835914825,-4.701634841164896,-4.9463877018697335,-5.202841401901071,-5.471542281851176,-5.753063259182956,-6.048005180769171,-6.356997582669004,-6.680701275055184,2.0,-7.37504162151524,-7.747163195313028,-8.136968411765984,-8.545291017824685,-8.973005538611243,-9.421027337050155,-9.890315001905371,-10.381873244889825,-10.896755324063603,-11.436063313508138,-12.000951925395643,-12.592630978568058,-13.212367757162957,-13.861490014808576,-14.54138701928067,-15.253516743302066,-15.999402969816954,-16.780644219346904,-17.598913514377248,-18.45596438906351,-19.353631904076536,2.0,-21.27860231746307,2.0,2.0,2.0,2.0,-26.94816421837493,-28.248223426013745,-29.609878581046413,-31.036045484754275,2.0,2.0,-35.73290388227674,2.0,-39.246714681721414,-41.129431679497735,2.0,2.0,-47.32983121881861,2.0,2.0,2.0,2.0,-59.783392248876154,2.0,2.0,2.0,-72.0433572957116,2.0,2.0,2.0,-86.79675848873045,2.0,-95.26316352604135,2.0,2.0
0.0784282206133767,2.0,2.0,2.0,2.0,2.0,2.0,2.0,2.0,2.0,2.0,2.0,2.0,2.0,2.0,2.0,2.0,2.0,2.0,2.0,2.0,2.0,2.0,2.0,2.0,2.0,-0.2713240404360895,-0.2707910666494874,-0.2702364320022214,-0.2696588913421964,-0.2690626677147717,-0.2684501975025761,-0.2678160707208303,-0.2671588745246286,-0.2664771317605772,-0.2657693085089915,-0.2650338083939864,-0.2642745562721049,-0.2635173615924625,-0.2627338385801024,-0.2619222326432332,-0.2610807196299132,-0.260207416080109,-0.259340100334153,-0.2584654444011968,-0.2575606563304718,-0.2566237035405894,-0.2556706367713377,-0.2547539535734328,-0.2538074797011795,-0.2528290972777215,-0.2518730226846296,-0.2509443106084559,-0.2499870633843717,-0.2490403448172879,-0.2481642756709067,-0.2472643708262885,-0.246417432195651,-0.2456376050506733,-0.244840334939139,-0.244208620601497,-0.2435787991897603,-0.2430837622448961,-0.242666320114137,-0.2423869605743422,-0.2422335803648356,-0.2422612129563062,-0.2424308084162681,-0.2428700091214798,-0.2434494656601862,-0.2443993228139119,-0.2455829200848443,-0.2470598475700865,-0.2489915142385426,-0.2512674847604681,-0.2539390154149885,-0.2572160560583331,-0.2610011183112897,-0.2653446790641471,-0.2703084307191752,-0.2760679955703928,-0.2826074327275388,-0.2899697995989886,-0.298229426110187,-0.3074632566066332,-0.3177565870923409,-0.3292828824483904,-0.3420560138355354,-0.3561451217132491,-0.3716393319599258,-0.3886277928317233,-0.4071984227130244,-0.4274882901976372,-0.4496995015521369,-0.4737991982702864,-0.4998534233144379,-0.5279309577921565,-0.5583701428125759,-0.5911679203807501,-0.62620402867145,-0.6638701881924827,-0.7042448011436954,-0.7470856897617145,-0.7931270807914828,-0.841716794469283,-0.8937739692699905,-0.9485778357431954,-1.0070205932277625,-1.0687196161582535,-1.1337718737298008,-1.2028761096387024,-1.2755732665685204,-1.352010377281235,-1.432816536942001,-1.5180703252249477,-1.6075319472553795,-1.701424891201814,-1.8002889008792138,-1.9042989194952664,-2.0136392267676486,-2.12847943722214,-2.248819656094853,-2.3749775610180617,-2.507428119268077,-2.646441166257388,-2.79229752888238,-2.945295329003706,-3.105750121081732,-3.273996794341123,-3.450386158512379,-3.635289237634046,2.0,2.0,2.0,-4.467572932997796,-4.7010972550050285,2.0,-5.202218143218362,-5.470881198077911,-5.752367188443197,-6.0472763148686095,-6.356239174477736,-6.67991506985733,2.0,-7.3742053044043,-7.746304453029766,-8.136088675665881,-8.5443918728602,-8.972088100473359,-9.420091840688151,-9.889363738453415,-10.380907454363928,-10.89577506528936,-11.435069607821044,-11.999945696030728,-12.59161295339887,2.0,-13.86045022231797,2.0,-15.252457690730118,-15.998335200987045,-16.779568099303958,-17.597829609285135,2.0,2.0,-20.29273488384838,-21.277490716765183,-22.308910405979816,-23.38920441724956,-24.52068668105381,-25.70578071324666,-26.94702549049236,-28.24708074015862,2.0,-31.034893587755903,2.0,2.0,-35.73174092738138,-37.44798921960822,2.0,2.0,-43.100164954655504,-45.16548724985361,2.0,-49.594290202988454,2.0,2.0,2.0,2.0,-62.63779367676851,-65.6286619159233,-68.76121297549955,2.0,-75.4785260200567,2.0,-82.84732977653036,-86.79555337905026,-90.93080864218594,2.0,-99.7982733973872,2.0
0.076192030528756,2.0,2.0,2.0,2.0,2.0,2.0,2.0,2.0,2.0,2.0,2.0,2.0,2.0,2.0,2.0,2.0,2.0,2.0,2.0,2.0,2.0,2.0,2.0,2.0,2.0,-0.2717463370602826,-0.2712743224458168,-0.2707835489002765,-0.2702729090937333,-0.2697412499293189,-0.269197866005377,-0.2686384839866715,-0.2680596055788502,-0.2674599112675363,-0.2668380376118859,-0.2661925995245555,-0.2655221201146846,-0.2648416705385215,-0.2641587642175571,-0.2634525735732484,-0.2627215000435191,-0.261963883598647,-0.261178029733746,-0.2604221071465721,-0.2596465593067134,-0.2588450046967775,-0.2580156347582116,-0.257200586397256,-0.256405292681543,-0.2555852923104865,-0.2547387117063603,-0.253954827325806,-0.2531743188691943,-0.252371538815648,-0.2516273178199309,-0.2509245112510345,-0.2502052235141467,-0.2495968721187615,-0.2490192410101794,-0.2484785450830949,-0.2480821538096734,-0.2476880050734888,-0.2475063577842729,-0.2473520194065406,-0.2474223853440999,-0.2475624770011586,-0.2479803343380414,-0.248496728187331,-0.2493515777717895,-0.2503923974547459,-0.2517307433255595,-0.2534290022517942,-0.2554135946385326,-0.2578434118871594,-0.2607275157066179,-0.2640421258013611,-0.2678647896177514,-0.2723677546824784,-0.2774719438927416,-0.2832415768091978,-0.2897437916385376,-0.2971194405890477,-0.3054308124180233,-0.314695152446834,-0.3249924677665746,-0.3364053452539403,-0.3490184674064248,-0.3629342866371009,-0.3783303359701844,-0.3952204572032948,-0.4136840736045998,-0.4338130238398882,-0.4556962956126805,-0.4794361423586196,-0.5053054897287594,-0.5332807193930876,-0.5633788251010311,-0.59568229961439,-0.630626030927782,-0.6680163590771815,-0.7078430602787006,-0.7507253128330842,-0.7961405515918609,-0.8447592483849427,-0.8962004447058987,-0.9510858720579828,-1.0089139548773456,-1.070586710419426,-1.1354101814004425,-1.2040352301838635,-1.2767495294404978,-1.3530499609228062,-1.433487564719546,-1.518457154979234,-1.607967958424607,-1.7017875132648588,-1.800400898527771,-1.9041973698194232,-2.0133539242819394,-2.128068402359525,-2.2484652465467283,-2.3745869968897972,-2.5068934107524043,-2.645779150495546,-2.791522756093058,-2.9444197994469445,-3.104784807558967,-3.2729503295391957,-3.449266682987914,2.0,-3.8278499952542377,-4.030883718277189,2.0,2.0,-4.699796957924001,-4.944455136040232,-5.20082168152385,-5.469442206764803,-5.750889035697623,-6.045762103560013,-6.354690857545252,-6.678335968526006,-7.017387395599151,-7.372570309779081,-7.744644262763383,-8.13440524125803,-8.54268666544653,-8.970362246071042,-9.41834757605372,-9.887601135424726,2.0,-10.893979544740365,-11.433259224704612,-11.998120997231572,-12.589775658564598,-13.20948889448167,-13.858588944870151,-14.538465008146776,-15.25057498483519,-15.996442673453403,-16.77766593104224,2.0,-18.45295403259536,-19.350606899365378,2.0,-21.275549331484388,-22.306962912273992,-23.387250611488057,-24.518726612256977,2.0,-26.945054323558946,-28.24510422995058,2.0,2.0,-32.526634417321574,2.0,2.0,-37.445987767936714,-39.24353982702749,-41.12625043805334,-43.09815301473642,-45.16347206393726,-47.326632751766695,-49.592269534169304,2.0,2.0,-57.05373488337977,2.0,-62.63576104839163,2.0,-68.75917632725343,-72.04011928265172,2.0,-79.07563773781376,-82.84528645518436,-86.793508235748,2.0,2.0,2.0,2.0
0.0740195999691564,2.0,2.0,2.0,2.0,2.0,2.0,2.0,2.0,2.0,2.0,2.0,2.0,2.0,2.0,2.0,2.0,2.0,2.0,2.0,2.0,2.0,2.0,2.0,2.0,2.0,-0.2721565900752509,-0.2717437606776423,-0.2713150020563294,-0.2708693094831365,-0.2704056952949975,-0.2699243177769867,-0.2694375564464811,-0.2689347439347435,-0.2684147332576941,-0.2678763420437017,-0.2673183372486227,-0.2667394718765269,-0.2661384028984143,-0.2655438175001022,-0.2649400183745373,-0.2643162019253816,-0.2636709570777313,-0.2630028014465399,-0.2623250173251854,-0.2616750086843397,-0.2610049700040163,-0.2603133667365093,-0.2595986109602732,-0.2589329477935617,-0.2582667868995647,-0.2575813678403921,-0.2568859316820091,-0.2562771085535662,-0.2556541795598175,-0.255015688773149,-0.2544898041974019,-0.2539710974173488,-0.2534565069034764,-0.2530922416520261,-0.2527293308095635,-0.2524747060770058,-0.2523181478666697,-0.2522309356666256,-0.2523289357896643,-0.2524913991639513,-0.2528991775366549,-0.2534060044211334,-0.2541863899333376,-0.2551458000657871,-0.2563701970136748,-0.2579049000787298,-0.2596734187067005,-0.2619027758813532,-0.2644705591981566,-0.2674056016156171,-0.2709201091771496,-0.2749226813748424,-0.2794514162237043,-0.2845879139539249,-0.2905026234506453,-0.2971305930570507,-0.3045416508010287,-0.3128087319453724,-0.3220138278222634,-0.3323343817909224,-0.3437615898510033,-0.3563696168002005,-0.3702465494425163,-0.3854823232039738,-0.4021679390807652,-0.420417992506168,-0.4404280847394635,-0.4622077818293874,-0.4858335408620752,-0.5113934028502338,-0.5389724521513907,-0.5688729237328256,-0.6011124126743229,-0.6356378862339995,-0.6726080943037113,-0.7124567817538691,-0.7548007853644645,-0.8000798483802869,-0.8483615275803852,-0.8995415863874847,-0.9541190004333584,-1.0118352595990006,-1.0729807274041754,-1.1379123246412233,-1.2061221406463982,-1.2784927011002298,-1.354899240569857,2.0,-1.5196914047689178,-1.609019554926037,-1.702931049729637,2.0,-1.90493561242441,-2.0138984766402275,2.0,-2.2487878930795837,-2.3749737350258453,-2.507181510270476,-2.645935732802351,-2.791562888101726,-2.9443567718372834,-3.104629838241054,-3.2727127841886365,-3.4489547099837337,-3.633724404182055,-3.827409987781289,-4.030419779507801,-4.243115232308423,2.0,-4.699305688201148,-4.943913596937879,-5.200233781713482,-5.468811994415616,-5.750219691798602,-6.045056920000704,-6.353952502742333,-6.6775661777428095,-7.016588682009588,-7.371745110019248,-7.743794149749684,-8.133532119016392,-8.541791957843273,-8.969447465610445,-9.417413395218375,-9.886649539363134,-10.378159773784576,-10.892996192061725,-11.432260984682983,-11.9971095522956,-12.588750852059636,-13.208452208342012,-13.85754064760587,-14.537406313690058,-15.24950524101187,-15.995363757617696,-16.776578261493835,-17.59482242399481,-18.451849529180308,-19.349494691653497,-20.28968141496214,2.0,-22.30583013253445,2.0,-24.517581959796537,-25.70266481521072,-26.94389917973077,-28.243943894214546,-29.60558497954902,-31.031738679287187,2.0,-34.089950954325836,-35.72856137908842,2.0,2.0,-41.12505841951475,-43.09695772415889,2.0,2.0,-49.59106591425845,2.0,2.0,-57.052524142039225,2.0,2.0,-65.62541003400354,2.0,2.0,2.0,2.0,2.0,2.0,-90.9275332463455,2.0,2.0,2.0
0.0719091109866945,2.0,2.0,2.0,2.0,2.0,2.0,2.0,2.0,2.0,2.0,2.0,2.0,2.0,2.0,2.0,2.0,2.0,2.0,2.0,2.0,2.0,2.0,2.0,2.0,2.0,-0.2725551277245656,-0.2721997491407916,-0.2718311449585221,-0.2714484794339226,-0.2710508782516578,-0.2706374224804579,-0.2702133509207672,-0.2697843439712946,-0.2693416517797385,-0.2688842546254626,-0.268411108440135,-0.2679211175299605,-0.2674131570019871,-0.2668881591808558,-0.2663837093300507,-0.2658639738184585,-0.2653277557396745,-0.2647738070807238,-0.2642008606260939,-0.2636435840521655,-0.2631011578057491,-0.2625432350346227,-0.2619685144348046,-0.2613858404336646,-0.2608689618536622,-0.260339924352471,-0.2597974858405665,-0.2592879816628889,-0.2588395770893814,-0.2583839159600307,-0.2579493612696343,-0.257625283744384,-0.2573018662390606,-0.2570443145600762,-0.2568983102969707,-0.2567630678542768,-0.2568106935748809,-0.2569082363959555,-0.2571577808530323,-0.2575391265299246,-0.2580769263974983,-0.2588003102571616,-0.2597256202193874,-0.2608572379781817,-0.2622830037338032,-0.2638992004656599,-0.2659522723679376,-0.2682711575046129,-0.2709628412719602,-0.2741433106752536,-0.2777274704096044,-0.2817877527675458,-0.2865125211012077,-0.2918059515032627,-0.2977306484118489,-0.3043574616724629,-0.3118781918844224,-0.3202414467940202,-0.3295161595665847,-0.3397810827782885,-0.351117839276429,-0.3636290905605477,-0.377481481894251,-0.3926801318637527,-0.4093127058728915,-0.4274741671599118,-0.4472595248302319,-0.4687629025506984,-0.4921425970749162,-0.5175836184358064,-0.5450635024271984,-0.5746617194293073,-0.6064560409872972,-0.640802177705643,-0.677681694925847,-0.7169950310127295,-0.7591567392730305,-0.8042299282733715,-0.8519989189294407,-0.903203401289889,-0.9572010349321872,-1.0149255425374113,-1.0756659475225536,-1.1403255301659272,-1.2085420213303983,-1.2804148747955364,-1.35666607520966,-1.436853585649586,-1.5211300196737991,-1.6101481530316928,2.0,-1.8024821912276865,-1.9058119143075816,-2.014559747271514,-2.1289229965434724,-2.2491079689123987,-2.375309658635426,-2.507550519492471,-2.646168696408824,-2.791669579133544,-2.9443516271334804,-3.1045253586458905,-3.272519007604375,-3.448681189311119,-3.6333792659625663,-3.8269998743825626,-4.029950599343098,2.0,-4.465460358847512,-4.698840676188838,-4.943394845127649,-5.199666222767555,-5.468199331946295,-5.749565662301897,-6.044364759046179,2.0,-6.67680579062963,-7.015798247164027,-7.370926323316019,-7.742950095233516,-8.132663453667766,-8.540900673577788,-8.968534932249304,-9.416481598379766,-9.885698941807847,2.0,-10.892011910869174,-11.43126173464671,-11.996095609847403,2.0,-13.207412061789556,-13.856488792107452,-14.536343323861075,-15.248432044569384,-15.994280168395363,2.0,-17.59372072787441,-18.45073903148042,-19.348376510754985,-20.28855554843546,-21.27329049016164,2.0,-23.3849657446165,-24.516429839089916,-25.701507009149108,2.0,-28.242775416048666,2.0,2.0,-32.52427832384946,-34.08876447465209,-35.72737094250947,-37.443607980274635,-39.241153288021046,-41.123856963654255,-43.095753434531254,-45.161066068785786,2.0,-49.58985269057373,2.0,2.0,-57.05130330253384,-59.77773343112797,-62.63332025544809,2.0,-68.75672785834007,-72.03766725884036,2.0,2.0,2.0,2.0,2.0,2.0,2.0,-104.54495443427489
0.0698587974678524,2.0,2.0,2.0,2.0,2.0,2.0,2.0,2.0,2.0,2.0,2.0,2.0,2.0,2.0,2.0,2.0,2.0,2.0,2.0,2.0,2.0,2.0,2.0,2.0,2.0,-0.2729422973493027,-0.2726425955908107,-0.2723323224298677,-0.2720107620295293,-0.2716771692756926,-0.2713307701534536,-0.2709707692403783,-0.2706084397644687,-0.270240688681797,-0.2698618111923494,-0.2694709149816891,-0.2690670904355954,-0.2686494118086561,-0.2682168813241208,-0.267782718959507,-0.267363871994285,-0.2669333430755102,-0.2664901234915423,-0.2660331738440452,-0.265561419881721,-0.265131066591277,-0.264702734822084,-0.2642637737423277,-0.2638131617467288,-0.2633870989271759,-0.2630096627518343,-0.262626043813742,-0.2622353111630963,-0.2619201721982323,-0.2616417487885611,-0.2613634220276717,-0.2611567563584651,-0.2610310034892925,-0.2609145001526213,-0.2609245747209961,-0.2610096218954185,-0.2611456935016815,-0.2614773947436074,-0.2618437970718957,-0.2624432294649791,-0.263124193670017,-0.2640516008618692,-0.2651085316390588,-0.2664677626247712,-0.2679718170225854,-0.2698795505299177,-0.2720026574700508,-0.274499570407262,-0.2773880990110442,-0.2806192336039824,-0.2843821126339924,-0.2886375560373484,-0.2933891417111761,-0.2987448812495084,-0.304828666108767,-0.3115899832837968,-0.3190968931758777,-0.327420613240698,-0.3367338758180912,-0.3470490321121373,-0.3584145826354208,-0.3709151895587814,-0.3846385619323533,-0.3996746007327922,-0.4161465153898646,-0.4342162817787474,-0.4539004768002362,-0.4752938731437576,-0.4984948697403558,-0.5235991402527271,-0.5507236557275673,-0.580144660754992,-0.6118316638776533,-0.645820680402793,-0.6822079833993474,-0.7214352322389177,-0.7633057471943969,-0.8078329930955906,-0.8556416801800653,-0.906213169621862,-0.9602429422208184,-1.0173443470961523,-1.0781677842593504,-1.1422100254844143,-1.2103958504883354,-1.2820432403652986,-1.357810962747494,-1.438012173328381,-1.5221553364720355,-1.610802641512899,-1.7043728654414918,-1.8028963274327243,-1.9061559667635837,-2.0146516427482744,-2.128800070242524,-2.24880010444458,-2.3748728053748427,-2.507169814437273,-2.6457549993852685,-2.791110729736902,-2.943664903374334,-3.1037250646048733,-3.271617594632183,-3.447689108790484,-3.632305576282576,-3.825852531759153,-4.028736669089511,-4.2413857731104,-4.464220049415767,-4.697621423104939,-4.9421206932248225,-5.198337014431442,-5.466819590316673,-5.74813945010939,-6.042895758023517,-6.351716855756862,-6.675260876735976,-7.0142200652743885,-7.369317014828382,-7.741310871184042,-8.130997270368164,-8.53920916824522,-8.966819899444546,-9.414744081300023,-9.883941367524336,-10.375414688472754,-10.890216874359275,-11.429449790203073,-11.994267949025716,-12.58588083253238,2.0,-13.854618347093846,-14.534460252015984,-15.246537791210535,2.0,-16.773569289285717,-17.591794876117905,2.0,-19.34643255708694,-20.28660313181927,2.0,-22.302723144788025,2.0,-24.51444855800995,-25.699519204255203,-26.940742020602944,2.0,2.0,-31.028550816544993,-32.52226353375416,-34.08674491114047,2.0,2.0,-39.23912112296079,-41.12182134872307,-43.09371413706579,-45.15902392517811,2.0,-49.58780353940874,-51.96076198850778,2.0,-57.049246008974045,-59.77567351774376,-62.6312582627112,-65.62211820696406,-68.75466092703633,2.0,-75.47195919542254,-79.0711059215323,-82.84074981319448,-86.78896666991855,2.0,-95.25535730415234,-99.7916697419076,2.0
0.0678669436555463,2.0,2.0,2.0,2.0,2.0,2.0,2.0,2.0,2.0,2.0,2.0,2.0,2.0,2.0,2.0,2.0,2.0,2.0,2.0,2.0,2.0,2.0,2.0,2.0,2.0,-0.273318431492396,-0.2730727965009647,-0.2728191684690535,-0.2725569475882991,-0.2722855175017447,-0.2720042270139154,-0.2717124249360399,-0.2714094277204663,-0.2711142702063206,-0.2708116562186001,-0.2705006531240296,-0.2701805253627277,-0.2698504978783939,-0.2695097982591055,-0.2691576189870696,-0.2688219561510293,-0.2684940860560529,-0.2681584082965496,-0.2678141091811181,-0.2674603681878329,-0.2671054379594536,-0.2668029803081193,-0.2664958921710366,-0.2661834094697077,-0.2658647572874816,-0.2656075867781103,-0.2653782354037706,-0.2651491056866753,-0.2649203984585216,-0.2648135912817778,-0.2647156226792133,-0.2646256042560542,-0.2646639045576635,-0.2647485567798493,-0.2648520193896422,-0.2651490014761595,-0.2654790660363295,-0.2659346278644264,-0.2665393663276568,-0.2672308695369034,-0.2681649289304993,-0.2691821813463692,-0.2705076540844272,-0.2719536153063749,-0.2737410193890128,-0.275732686254689,-0.2780618550503168,-0.2807314864618699,-0.2836937402371883,-0.2871890493235947,-0.2910638518719733,-0.295375216841069,-0.3003453524043286,-0.3058542719343368,-0.3119618194917117,-0.3187802193873226,-0.3264316687792385,-0.3348803959816975,-0.3442004469027475,-0.3544690968873355,-0.365789171131863,-0.3783217678606661,-0.3920576095571753,-0.4070864440746717,-0.4235018709430473,-0.4413995505962673,-0.4608765461071915,-0.4820674444021164,-0.5051555619369876,-0.5301533013926902,-0.5571530848114207,-0.5862503184026503,-0.6175412713114952,-0.6513431335069406,-0.6876581395605346,-0.726454902752165,-0.767911617176918,-0.8124570218930455,-0.8597172636379028,-0.9101611676541852,-0.9638418166434792,-1.0206880407359362,-1.081193352386545,-1.1451290961424243,-1.2127803134493345,-1.284535298374546,2.0,-1.4397402314185417,-1.5239897471583224,-1.6123539614308773,2.0,-1.803927347124514,-1.907279793342422,-2.0155990195169036,-2.1295191893010212,-2.2493242368090707,-2.375228802603229,-2.5074676001307443,-2.646117344454832,-2.791376664213067,-2.9437982500525353,-3.103741365748446,-3.271529965615676,-3.447508774083504,-3.632041978571346,-3.82551402872058,-4.028330539998678,-4.240918566776562,-4.46372649649585,2.0,2.0,2.0,-5.466249905577767,-5.747523446756905,-6.042236816721289,-6.351018600432319,-6.674526737051753,-7.013451776304605,-7.36851756720054,-7.740482583745967,2.0,-8.538328925970987,-8.965916376402975,-9.413819189481329,-9.882995454305522,-10.374450162864894,-10.889234433116863,-11.428450585528497,2.0,-12.584851114563554,2.0,-13.853562143251985,-14.53339220131507,2.0,2.0,-16.772467883522417,-17.59068392102919,-18.44768399311875,-19.345304008490768,-20.285466614806293,-21.27018589816569,-22.301571375931537,-23.38183228650427,-24.51328298702177,2.0,-26.93956500542946,-28.239593608930388,-29.601218836652013,-31.027357766685828,-32.521065665885274,-34.08554272032734,-35.72414052059903,-37.440369316825766,-39.23790686455892,-41.120603308380126,-43.0924924622153,-45.157798936894416,-47.32094750096947,-49.58657254155479,-51.95952800651714,-54.44489783036733,-57.04800675436672,2.0,2.0,2.0,-68.75341275798954,2.0,-75.47070688712674,2.0,-82.83949393585601,2.0,-90.92295701441014,2.0,-99.79040769106298,2.0
0.0659318827133354,2.0,2.0,2.0,2.0,2.0,2.0,2.0,2.0,2.0,2.0,2.0,2.0,2.0,2.0,2.0,2.0,2.0,2.0,2.0,2.0,2.0,2.0,2.0,2.0,2.0,-0.2736838264919248,-0.2734906633890395,-0.2732920007267625,-0.2730873631221461,-0.2728762494711047,-0.2726581437563102,-0.2724325208744786,-0.272198828418544,-0.2719623703918133,-0.2717337608715031,-0.2715002830893596,-0.2712613598466735,-0.2710164141047233,-0.2707648253930695,-0.2705059888093024,-0.2702392522815999,-0.2700089606047594,-0.2697776416107409,-0.2695426740311593,-0.2693034468715194,-0.2690593531569645,-0.2688413363561391,-0.2686622121852435,-0.2684837826041591,-0.2683055518621006,-0.2681288297230111,-0.2680491723180367,-0.2679768768941843,-0.2679116399359831,-0.2678916678608209,-0.2679687384168951,-0.2680620729693083,-0.2681892969685401,-0.2684691727315372,-0.268776763656663,-0.2691657582697692,-0.2697133928300314,-0.2703029643021415,-0.2710957158095143,-0.2719895279694085,-0.273056030434089,-0.2743117694574601,-0.2757463737909004,-0.2774295424506713,-0.2793399205955316,-0.2815248420222594,-0.2840331931869261,-0.2868039117508981,-0.2900481595237927,-0.2936129367590968,-0.2976348171384517,-0.3021855463385902,-0.3072052269325773,-0.3127959599883992,-0.3190995450691258,-0.3260478994753988,-0.3337073347126392,-0.3421724981629336,-0.3516083606784601,-0.3619722197812869,-0.373344504853643,-0.3858088985799936,-0.3994519625892199,-0.4144017642248914,-0.4307963383668559,-0.4486546919042279,-0.4680762289204727,-0.4891620277375116,-0.5120137141752683,-0.5367321913927428,-0.5635006720108686,-0.5924794617129163,-0.6236644921939773,-0.6571474197856018,-0.6930170144792411,-0.7316447777679624,-0.7729984895343407,-0.8170004661770363,-0.8640898131648913,-0.9143127736460804,-0.9674844177786692,-1.0243487168631626,-1.0842753011878266,-1.1482130337937018,-1.2154626480633004,-1.286937571467767,-1.3623016753491195,-1.4416533060913126,2.0,-1.61414345566899,-1.7070171523373625,-1.805041062326029,-1.9083347895440217,-2.016698618455235,-2.1303784769627523,-2.2499670335771578,2.0,-2.507765901333951,-2.6464291661553982,-2.791723972680845,-2.94400976888413,-3.103825510095485,-3.2715018430997804,-3.447380463040335,-3.6318241417782833,-3.825215634242803,-4.027960104622009,-4.24048238027062,-4.4632308925440185,2.0,-4.941198654959877,-5.1973264563635055,-5.465704606292416,-5.746928582731949,-6.041596882677499,-6.3503365999635415,-6.6738065313732235,-7.012696024575527,-7.367729008120184,-7.739663212241964,-8.129294738806356,-8.537455296826733,-8.965018291761258,-9.412898272705476,-9.882053578940775,-10.373487646644463,-10.888253723982356,-11.427452421118277,-11.99223822962742,-12.583821390171968,-13.203467555780964,-13.85250439338844,-14.532321571472336,2.0,-15.990189759664636,-16.771363615297226,-17.589569425984592,-18.446559930002373,2.0,-20.284324993594893,-21.269036283292618,2.0,-23.380668078437083,2.0,-25.69717036017359,2.0,-28.23840415325728,-29.600023909018567,-31.02615765127613,-32.51986066381564,-34.08433300757351,-35.72292637334781,-37.439151262072066,-39.23668450798269,-41.1193770751456,-43.091262271551365,-45.15656574081545,-47.319710897892875,-49.58533283424466,-51.95828550345229,-54.44365246846077,-57.04675876924062,-59.77318100646371,2.0,-65.61961669964236,-68.75215532739891,-72.03308849508655,-75.46944547721549,2.0,2.0,2.0,-90.92168847465288,2.0,2.0,2.0
0.0640519953305686,2.0,2.0,2.0,2.0,2.0,2.0,2.0,2.0,2.0,2.0,2.0,2.0,2.0,2.0,2.0,2.0,2.0,2.0,2.0,2.0,2.0,2.0,2.0,2.0,2.0,-0.2740387968151668,-0.273896555532809,-0.2737512356785614,-0.2736024717570735,-0.2734498834965097,-0.273293089881394,-0.2731316892381534,-0.2729652766659223,-0.2727934171857697,-0.2726289430593679,-0.2724706954666494,-0.2723105932136062,-0.2721481994563997,-0.2719830953313691,-0.2718148449970578,-0.271642999051755,-0.2714793495614167,-0.2713493116516124,-0.2712204279166903,-0.271092335946015,-0.2709646571547173,-0.2708370297264659,-0.2707647316563572,-0.2707163926657235,-0.270674440359781,-0.2706386716774517,-0.2706413241308551,-0.270721219909035,-0.2708154233301958,-0.2709240199944833,-0.2711257526130908,-0.2713970458015645,-0.271693148868134,-0.2720797571271367,-0.272585837473754,-0.2731295894005115,-0.2738223901502489,-0.2746331170543844,-0.2755170169594907,-0.2766459788827908,-0.2778455921733951,-0.2793075603951909,-0.2809034654042803,-0.2827776863154776,-0.2848389859172978,-0.2872382179400004,-0.2898431866703423,-0.2928950132034831,-0.2962143198596586,-0.2999804016315041,-0.3041841953386602,-0.3087931156177967,-0.3140163839091474,-0.3197870786950352,-0.3261266829544762,-0.333162067008146,-0.3409922705837265,-0.3495843396877348,-0.3590106209063992,-0.3693471793166585,-0.3807832174617054,-0.3933114381246485,-0.4069973479058287,-0.4219311150102621,-0.4382058006024996,-0.4559172442937269,-0.4751991518389562,-0.4962114586895492,-0.5189794259553453,-0.5436062288610423,-0.5701973403024188,-0.5988559161419742,-0.6297051211454163,-0.6630295877316671,-0.6988108474754557,-0.7370913853773833,-0.7779723365586634,-0.8219067838082886,-0.8687174250090625,2.0,-0.9716382188902676,-1.0278896721346045,-1.0878574354809127,-1.151192627215663,-1.2185329403970584,-1.289409523594231,-1.3647524755994658,2.0,-1.527510856257713,-1.6159329347702265,2.0,-1.806348694293024,-1.909366384491022,-2.017780309916557,-2.131395602461008,-2.2507427768116908,-2.376256083913162,-2.5081591399342176,-2.6466985478741187,-2.7920503094155804,2.0,-3.103984908500264,-3.2715388197101527,-3.4473092725544356,-3.631656336111447,-3.8249617773918496,-4.027628140170556,-4.240080192888587,-4.4627654073415695,-4.69615331716477,2.0,-5.196859777517499,-5.465185544373735,-5.746357314494516,-6.040977504050584,-6.349673307458671,-6.673102422325278,-7.0119544409243515,-7.366952789013436,-7.738855342925,-8.128456710611745,-8.536589250547456,2.0,-9.411983027155602,-9.881115922940086,-10.372529194130816,-10.887275531253918,-11.426455985200054,-11.991225147001307,-12.58279187806524,-13.202423067844586,-13.85144564858766,-14.531249580583658,-15.243290450539565,-15.989093472371648,-16.7702561919949,-17.588451524087258,-18.445432052676125,-19.343033300477583,-20.28317905281002,-21.26788201014799,2.0,-23.379498474918627,-24.510935294907956,-25.695986935299747,-26.93719160325976,-28.237208501607142,-29.598822455896453,-31.024950751917405,-32.51864864003621,-34.08311633298015,-35.721704729173055,2.0,-39.23545471796878,-41.118143112270694,-43.09002522560856,-45.15532471434816,-47.31846652354937,-49.584084980877265,-51.95703482779953,-54.44239893280031,-57.045502422982445,-59.77192230550158,-62.627499797835064,-65.6183528206065,2.0,2.0,2.0,2.0,2.0,2.0,-90.9204108479674,2.0,2.0,2.0
0.0622257083673022,2.0,2.0,2.0,2.0,2.0,2.0,2.0,2.0,2.0,2.0,2.0,2.0,2.0,2.0,2.0,2.0,2.0,2.0,2.0,2.0,2.0,2.0,2.0,2.0,2.0,-0.2743836390781754,-0.2742908072033376,-0.274197254164536,-0.2741027131537334,-0.2740069290591786,-0.2739096372285621,-0.2738105636961299,-0.2737094326082857,-0.2736059588943524,-0.2734998474746965,-0.2734127826671941,-0.2733291533642015,-0.2732468666633396,-0.2731656980466433,-0.2730853541920495,-0.2730056034652094,-0.2729261744929957,-0.2728748341953245,-0.2728489094546305,-0.2728286633193015,-0.2728139685301808,-0.2728046818617727,-0.2728053697782479,-0.272883281870485,-0.2729735797740921,-0.27307636017278,-0.2731917241901089,-0.2733846531891802,-0.2736335922369263,-0.2739042778482544,-0.2741971723448878,-0.2746335797162256,-0.2751105974094595,-0.2756215305542077,-0.2762823434090382,-0.2770279043559233,-0.2778217716629881,-0.2788352943129724,-0.2799245409436701,-0.2811645605509969,-0.2826033196077845,-0.2841552690107463,-0.2860051199745518,-0.2879671723525405,-0.2902979187472803,-0.2927818736709454,-0.2956725014694897,-0.2988049894851089,-0.3023446061009033,-0.30626830610826,-0.3105573763318972,-0.3154325070466253,-0.320751476228158,-0.3265901048974105,-0.3331490746648261,-0.340322293601096,-0.348174273393451,-0.3568357499925391,-0.3664056972576378,-0.3768653470757708,-0.3882942408401826,-0.4007738101121833,-0.4144219982096004,-0.4293868220443422,-0.4456712980296898,-0.4633731039881903,-0.482591023841273,-0.5034272676186737,-0.5259853908750278,-0.5504089045967024,-0.57688441742865,-0.6054327983148289,-0.6361550810668284,-0.6691546685859671,-0.7045350934440961,-0.7426202132973161,-0.7834293744067655,-0.8269364832486807,-0.8733211184180534,-0.9230359213768446,-0.9757167630986734,-1.0318237764845255,-1.0914555125340737,-1.1545188157260895,-1.2215535131719817,-1.2923100334248352,-1.3671241104928016,-1.4463682236701076,-1.529568743203093,-1.6176455998089747,-1.710500224373635,-1.8078791395769744,-1.9105634484980696,-2.0187931171279905,-2.132501225714609,-2.2516679663794816,-2.376952532114861,-2.508659958130492,2.0,2.0,-2.944647268152016,-3.1042269430134475,-3.2716478407535705,-3.447300828624869,-3.631543654977373,-3.824755930700376,-4.027338672702868,-4.239716063020245,-4.462333020862787,-4.695659453270286,2.0,2.0,-5.464695828172685,-5.745811752880101,-6.040381046828254,-6.349030110569023,-6.6724162311215816,-7.0112286602232405,-7.366190457098134,-7.738059158842907,-8.127628980714926,-8.535733131485761,2.0,2.0,-9.880183470799588,-10.371575245060088,-10.88630122290191,-11.425462493155113,-11.990213527216532,-12.581763681120812,-13.201379192627336,-13.850386661996255,2.0,2.0,-15.987995154823718,-16.769146382642848,-17.587330753797715,2.0,-19.341893181212583,2.0,-21.26672361225855,-22.298085244733,-23.378324006299707,2.0,-25.694798333488663,-26.93599644343573,2.0,2.0,-31.02373804249232,2.0,2.0,2.0,2.0,-39.23421785000688,-41.11690251506056,-43.08878043640034,-45.15407623950373,-47.31721460619621,-49.58283005139824,-51.955776352578944,2.0,2.0,-59.77065523252105,2.0,-65.6170807067284,2.0,-72.03054349562153,-75.46689629571738,2.0,-82.83567178835196,-86.78388184175537,2.0,-95.25025930417392,2.0,2.0
0.0604514935378544,2.0,2.0,2.0,2.0,2.0,2.0,2.0,2.0,2.0,2.0,2.0,2.0,2.0,2.0,2.0,2.0,2.0,2.0,2.0,2.0,2.0,2.0,2.0,2.0,2.0,-0.2747186429245722,-0.274673761263904,-0.2746304416175781,-0.2745885278686556,-0.2745478673441353,-0.2745083144289458,-0.2744697298410257,-0.2744319484913213,-0.2743948495349482,-0.2743582586542462,-0.2743273623714621,-0.2743179542761936,-0.2743134354027131,-0.2743137030813839,-0.2743186826957678,-0.27432829892981,-0.2743424854159164,-0.2743611793616942,-0.2744295923945992,-0.274514022462264,-0.2746089675122518,-0.2747145433019536,-0.2748308613690516,-0.2749864256440197,-0.275205081322674,-0.2754423157641198,-0.2756985291620119,-0.2759741494490717,-0.2763687253784258,-0.27679672546114,-0.2772544059674458,-0.2777746266794054,-0.2784272436144023,-0.2791221128571111,-0.2798697022335744,-0.2808111069779078,-0.2818101408505517,-0.2829132120789422,-0.2842207304676793,-0.2856045878439498,-0.2872202350414768,-0.28898660492149,-0.2909556810958421,-0.2931695258194158,-0.2955950020953146,-0.2983299419074368,-0.3013288118972994,-0.3046680265100599,-0.3083725088817729,-0.3124097972530085,-0.3169687199273573,-0.3219102758246591,-0.3273900469779174,-0.3334545971452867,-0.3400605034494292,-0.3473284098105507,-0.3553762101236021,-0.3641527737836625,-0.3737286991445981,-0.3842165443406727,-0.3957596432762634,-0.4083328714411322,-0.4220216554666209,-0.4369148761044883,-0.4531047148045345,-0.4707336997932352,-0.4899283006705406,-0.5107222068264564,-0.5332219716079531,-0.557535176184041,-0.5837707317499732,-0.6120368446289397,-0.642524592773126,-0.6754020852472573,-0.7106745842863664,-0.7484416026641629,-0.7888003218807298,-0.8321283517013425,-0.8784150921617577,-0.9275859088095726,-0.9800798417050148,-1.035979356027603,2.0,-1.158177727238733,-1.2246223288535665,-1.2953901780716706,-1.369788669179938,-1.4487620596039412,-1.5319655056626922,-1.6195395150127596,-1.7122392469096124,-1.8096512296174905,-1.9119688788945373,-2.01988588233963,-2.133539332029979,-2.25274810990176,-2.3777905303163624,-2.509281134940894,-2.647465677741806,-2.7926015009311573,-2.944938141550435,-3.1045520941384064,-3.2718363473902112,-3.447361476920338,-3.631491504757411,-3.824603206762737,-4.027096485382312,-4.239392796483963,-4.461937161415614,-4.695197740710072,-4.939666856478639,-5.195854257167175,-5.4642113936778705,-5.745294586945535,-6.03980964991132,-6.348409140283494,-6.6717494827845965,2.0,-7.365443430402309,2.0,2.0,-8.534886994768396,-8.962368477007566,2.0,-9.879257517286188,-10.370626975273751,-10.88533095234622,-11.4244725368505,-11.989204824253177,-12.58073739755142,-13.200336255852676,-13.849328704048627,-14.529103904909311,-15.241118439118903,-15.986896274855456,-16.768035348493065,-17.58620820911006,2.0,-19.34074959452557,-20.28087592108056,-21.26556160437724,-22.29691489371835,-23.37714515728681,2.0,-25.693604935477087,2.0,2.0,2.0,2.0,2.0,-34.08066375295262,-35.71924240292384,-37.43545408714571,-39.23297442380837,-41.11565480944039,-43.08752870843474,-45.152820688677195,2.0,-49.58156741963639,-51.954510440207315,-54.439868414770466,-57.042966074885754,-59.769380139356045,2.0,2.0,-68.74833222987088,2.0,2.0,2.0,2.0,-86.78258884076035,2.0,-95.24896276738528,-99.78526752292656,-104.53646284390943
0.0587278661318948,2.0,2.0,2.0,2.0,2.0,2.0,2.0,2.0,2.0,2.0,2.0,2.0,2.0,2.0,2.0,2.0,2.0,2.0,2.0,2.0,2.0,2.0,2.0,2.0,2.0,-0.2750440892153162,-0.2750457515598425,-0.2750511790771384,-0.2750603324471706,-0.2750731695233989,-0.2750896563123642,-0.2751097704909377,-0.275133488227102,-0.2751607872018839,-0.2751916681314105,-0.2752261099144171,-0.2752779008055929,-0.2753488335242927,-0.2754281444139448,-0.2755159215917895,-0.2756122776515902,-0.2757173255386655,-0.275831192521492,-0.2759639069787249,-0.2761499274571388,-0.2763512921762433,-0.2765683322047143,-0.2768014218574783,-0.2770509466145876,-0.2773709756069145,-0.2777387078316237,-0.2781316167661292,-0.2785504302673296,-0.2790233255361471,-0.2796040063597046,-0.2802216298387521,-0.2808774034704467,-0.2816461117749035,-0.2825195141982324,-0.2834450209701797,-0.2844826682591699,-0.2856808283209835,-0.2869480967613175,-0.2883900557091003,-0.2899959076666045,-0.2917006345160043,-0.2937029537116864,-0.2958156844637452,-0.2982241528062009,-0.3008226533340664,-0.3037359993855236,-0.3068978883272756,-0.3104382023646019,-0.3142513465615954,-0.3185572298606542,-0.3231894240026763,-0.3283462580041192,-0.333993380230858,-0.3401143465842782,-0.3469379619719148,-0.3543712453989419,-0.3624530780654219,-0.3713294570502277,-0.3810755859209147,-0.3916760299759441,-0.4032078062848857,-0.4157545856548033,-0.4295149095076934,-0.4444701847769114,-0.4607008404983856,-0.4783027859984823,-0.497375152489667,-0.5180199524212572,-0.5403825605452766,-0.5646204504650094,-0.5907690952111666,-0.6189403536804472,-0.649247358778654,-0.6818019172632928,-0.7167339122956295,-0.7543374519016239,-0.7946059457156867,-0.8375894241256863,-0.8833966515170018,-0.932491060555492,-0.9847155754934204,-1.0400771295379687,-1.099239904049228,-1.161716826475939,-1.2281956439730235,2.0,-1.37284982894135,-1.4512188895770934,-1.534409077339395,-1.6217567969650697,-1.7139922948366315,-1.8114291337390016,-1.9136138354558103,-2.0211743335730583,-2.134552385810748,-2.253813883146962,-2.378787791734665,-2.510036380475833,2.0,-2.79297324278851,-2.9451863684103374,-3.1048581978989205,-3.2721124568768687,-3.4474985596961476,-3.631505779110918,2.0,2.0,2.0,-4.461581083801759,-4.694771293834302,-4.939176710007301,-5.195313724430572,-5.463696514979265,-5.744802883476111,2.0,-6.347812655164902,2.0,-7.009831292138137,-7.364713395613335,-7.736508872808562,-8.126011244723909,2.0,2.0,-9.4092805029632,-9.878340132922393,-10.369684806363937,-10.884366624921926,-11.423486840824728,2.0,-12.579713896842676,-13.19929563549535,-13.848271588132771,-14.528032138106624,-15.240031947938004,-15.985796269755966,-16.766922948194658,-17.585083861345716,2.0,-19.339603890837548,2.0,-21.264396463009867,-22.2957409289605,-23.37596275909148,-24.50737739112568,2.0,2.0,-28.233588738650376,2.0,-31.02129544776952,-32.51497683340306,-34.07942863880045,-35.71800256817302,-37.43420896702467,-39.231724695542454,-41.11440068876902,-43.086270416261705,-45.15155798125325,2.0,-49.58029742957125,-51.95323744280548,2.0,2.0,-59.768098186386446,2.0,2.0,2.0,-72.02796600446733,2.0,2.0,-82.83308160668037,2.0,2.0,-95.24765767992956,-99.7839611118678,-104.53515481398482
0.0570533837719995,2.0,2.0,2.0,2.0,2.0,2.0,2.0,2.0,2.0,2.0,2.0,2.0,2.0,2.0,2.0,2.0,2.0,2.0,2.0,2.0,2.0,2.0,2.0,2.0,2.0,-0.2753602586305573,-0.2754070774750322,-0.2754598202329225,-0.2755185362014577,-0.2755832931056718,-0.2756541678085319,-0.2757312539387845,-0.2758146452045188,-0.2759044599928046,-0.2760008202965765,-0.2761038523670958,-0.2762137092272461,-0.2763539967303687,-0.276510024072235,-0.2766781689543558,-0.276858709737289,-0.2770519302756719,-0.2772581702025804,-0.2774777735115332,-0.2777378659120356,-0.2780425071282733,-0.2783677419599271,-0.2787141665907839,-0.2790824028531251,-0.2794735824593167,-0.2799676154000898,-0.2804931992982356,-0.2810509991808173,-0.2816420890659581,-0.2823286777023336,-0.2831015370691164,-0.2839199242274867,-0.2847854699221965,-0.2858168323468885,-0.2869238492485444,-0.2880934750075136,-0.2894373806514531,-0.2909071195828299,-0.2924581464927236,-0.2942575540283472,-0.2961788204116031,-0.2982799467988321,-0.3006325975409041,-0.3031292723286345,-0.3059826140057151,-0.3089875741634239,-0.3124142928914707,-0.3160377980513954,-0.3201374181616469,-0.3245222192065509,-0.3293884512947223,-0.3346885914100416,-0.340433189973394,-0.3468213144765198,-0.3537253086726487,-0.3612388608685943,-0.3695404198298493,-0.3785398853913031,-0.3883061079986805,-0.3989879702858626,-0.4106624565808348,-0.4233286906247188,-0.4370704701350136,-0.4519750759846094,-0.4681769150094768,-0.4858079813133459,-0.5048881455057284,-0.5255206056744106,-0.5478115732265638,-0.5718698646897952,-0.597806190234661,-0.6257738105136038,-0.6559629609459603,-0.688403481471988,-0.7232066175935193,-0.7604839546773495,-0.8003473857875814,-0.8431278262521659,-0.8888628461889111,-0.9375326435033822,-0.989320603673947,-1.0447014956462135,-1.1033233479171192,-1.1656410816513767,-1.231795082886222,-1.301676425764318,-1.375867922362625,-1.4541048540389114,-1.5367710337508786,-1.6242280422927369,-1.7160336180151523,-1.813129232050219,-1.9154214597571024,-2.0226870594243653,-2.1357309837974094,-2.254810881350764,-2.3798778040861603,-2.510942414740455,-2.648691420091425,-2.793453852160096,-2.945497807323064,-3.105113703869316,-3.2724327586271516,-3.4477194941533895,-3.631593249487279,-3.8244785146386873,-4.026769548340886,-4.238886355100474,-4.4612689183349685,2.0,-4.938720399346154,-5.194796000172724,-5.46315163889536,-5.744291588758661,2.0,-6.347242967187669,-6.670484012509981,-7.009163609523002,-7.364002619099755,-7.735758047229771,-8.125223919578449,2.0,2.0,-9.408398976601331,-9.877430832456076,-10.3687502070372,-10.883408212985485,-11.422506731839766,-11.987198982882957,-12.578693977037162,-13.198257763717042,-13.847217060530904,-14.526961553416172,-15.23894677500153,2.0,-16.765810599382064,-17.58395941226433,-18.44089613209251,-19.33845642927621,2.0,-21.263228838164164,2.0,2.0,-24.506182900137222,-25.69120559471857,2.0,-28.23237266296977,-29.593961639362483,-31.020066148484553,-32.513742044001155,-34.07818808708862,-35.71675682225035,-37.43295818194917,-39.2304690917749,2.0,-43.08500543367354,2.0,2.0,2.0,-51.95195729884137,-54.43730894599392,-57.04040051274893,2.0,-62.62237545235513,2.0,2.0,-72.0266661297997,-75.46301200387224,2.0,2.0,2.0,-90.9152160046475,2.0,2.0,2.0
0.055426645206631,2.0,2.0,2.0,2.0,2.0,2.0,2.0,2.0,2.0,2.0,2.0,2.0,2.0,2.0,2.0,2.0,2.0,2.0,2.0,2.0,2.0,2.0,2.0,2.0,2.0,-0.2756675511889993,-0.2757580521476384,-0.2758567086185524,-0.2759635343248041,-0.2760786799192214,-0.2762023382298979,-0.2763347164005081,-0.2764760328492845,-0.2766265193506249,-0.2767864327630325,-0.2769560356429903,-0.2771356196440925,-0.2773298324663365,-0.2775603162820931,-0.2778064567074141,-0.2780686995175334,-0.2783475135892507,-0.2786434020513018,-0.2789569133740188,-0.2792886251768709,-0.2796841643777041,-0.2801143989317516,-0.2805708234219904,-0.2810542881240061,-0.2815657297661277,-0.2821310657044473,-0.2827854208100678,-0.2834781217325188,-0.2842105107371187,-0.2849840651953302,-0.2858967547603878,-0.286872974461244,-0.287903859602893,-0.2890170699953969,-0.2903002815337572,-0.2916544575936318,-0.2930837174221548,-0.2947494833884966,-0.2965063916328158,-0.2983934815403898,-0.3005337723795339,-0.3027884735701913,-0.3053072899031737,-0.3080300996088446,-0.3109900585854567,-0.3142541039138476,-0.3177674737498031,-0.3216552758949061,-0.3258491377555689,-0.3304536508820986,-0.3354711837742596,-0.3408969638804091,-0.3468986682260292,-0.3533518444700664,-0.3604296980807082,-0.3681557186052284,-0.3765025831119255,-0.3856091217027799,-0.395570977875142,-0.4063537065883337,-0.4180325819946281,-0.4307377852899835,-0.4445929178197128,-0.4595899793333313,-0.4758199184379628,-0.4933774250559875,-0.5123606546236403,-0.5329272720208068,-0.5551924921976072,-0.5792059322339298,-0.6050809669412797,-0.6329330363902822,-0.6628787804428944,-0.6950346583773391,-0.7296001643353106,-0.7667518742016967,-0.8065049088666868,-0.8489681825293769,-0.8942484108857934,-0.9427297940835694,-0.9944240062194858,-1.04926109267484,-1.1076810828492385,-1.1698026533264545,-1.235421950125105,2.0,-1.3789272188201562,-1.457183289390004,-1.5394220033739758,-1.6266159504828908,-1.7184173852288152,-1.8150075194796331,-1.917150174184898,-2.024444545103462,-2.1371196376386483,-2.255885962882275,-2.380901077706681,2.0,-2.649511053989986,2.0,-2.9459129850490537,-3.1053691706298463,-3.2727042312340253,2.0,2.0,2.0,2.0,-4.23871194924091,-4.4610043981041505,-4.694038068396815,-4.938302040304512,-5.1943115239791675,-5.462607166304195,-5.743750239684104,-6.038244169521564,-6.3467027955734725,-6.669889399608039,-7.008519094610316,-7.363312501054044,-7.735026083017177,-8.124452802298533,-8.532424010904926,-8.9598113340813,-9.407528089954448,-9.876531404553976,-10.367824304809796,2.0,-11.421533069028149,-11.986203689441007,-12.577678566490537,-13.19722349125093,-13.846165297743491,-14.525893189550104,2.0,2.0,-16.764697942915493,2.0,2.0,-19.337307659220496,-20.277403188885355,2.0,-22.29338468881051,2.0,2.0,2.0,-26.931169556618723,-28.23115286010874,-29.59273504146761,-31.01883325288748,-32.512502547360604,-34.07694262787722,-35.715505726126636,-37.43170176744673,-39.22920771459081,-41.111874671352446,-43.08373559170827,2.0,2.0,2.0,2.0,-54.436019143136086,2.0,-59.765512622834336,2.0,-65.61191624305862,-68.74443987173034,-72.02535901665286,2.0,-79.06083277112668,2.0,-86.77866279576244,-90.91389778640328,-95.24502535461735,2.0,2.0
0.0538462891375336,2.0,2.0,2.0,2.0,2.0,2.0,2.0,2.0,2.0,2.0,2.0,2.0,2.0,2.0,2.0,2.0,2.0,2.0,2.0,2.0,2.0,2.0,2.0,2.0,2.0,-0.2759660726457011,-0.2760997970599969,-0.2762422043159347,-0.2763957119556731,-0.2765597647274883,-0.2767346620458586,-0.2769207064667918,-0.2771182336185124,-0.2773276085887705,-0.2775491986174641,-0.2777834177526404,-0.2780306812422597,-0.278291445971159,-0.2785799601288896,-0.2789017999938472,-0.2792433486005894,-0.2796052231633545,-0.2799881260644722,-0.2803927877380832,-0.2808199753385307,-0.2812777238854686,-0.2818098907311744,-0.2823730690691299,-0.2829683732005125,-0.2835969681766039,-0.2842600972669744,-0.2850103681881062,-0.2858340030823942,-0.2867035503611157,-0.28762077016082,-0.288609823825828,-0.2897392494760576,-0.2909306109070727,-0.2921863338663798,-0.293577359993531,-0.2951106833348879,-0.2967262451257396,-0.2984786770851351,-0.3004354167981243,-0.3024959231795729,-0.3047603754134355,-0.3072378195301304,-0.3098457468627118,-0.312803642532903,-0.3159174751409234,-0.3193651426317473,-0.3230628689150946,-0.3271170603865312,-0.3314856380350653,-0.3362792409249811,-0.3414165495439063,-0.3470990839636438,-0.3531726999749999,-0.3598542777469852,-0.3670857933735243,-0.374866763397118,-0.3834447835014593,-0.3927029156731214,-0.4026974081971018,-0.4135918415833294,-0.4254405080875009,-0.4382448536154391,-0.4520869745357131,-0.4670609118630633,-0.4833675514206937,-0.5009854911045599,-0.5200077477111192,-0.5405365241363537,-0.5626774883343294,-0.5865395672398164,-0.6122806037236935,-0.6400554611528523,-0.6699113374965173,-0.7019691916718027,-0.7363508820701822,-0.7731766215865793,-0.8125854463880794,-0.854880636967598,-0.9000684136688925,-0.9482081392042556,-0.9994156662157442,-1.0541679452586423,-1.1123270346430392,-1.173900933615207,-1.2395738382356338,-1.3088756967253417,-1.3824946873974286,-1.4601535859652774,-1.542476345947856,-1.6290613277513284,-1.7208557583319233,-1.8172107432705848,-1.9188899038311236,-2.0262134439401813,-2.1387491401999443,-2.257158227062447,-2.3818985671540585,-2.5130578994596906,-2.6504912699176644,2.0,-2.946443830722259,-3.105722226007913,-3.272933568234249,-3.4483132862893644,2.0,2.0,-4.0266908876726575,-4.238597014800596,2.0,2.0,-4.9379244989890445,-5.193862923395006,-5.462094784793902,2.0,2.0,2.0,-6.6693233794202165,-7.007900040421758,-7.362644975007486,2.0,-8.12369967812695,2.0,-8.958985268813814,-9.406669365456969,-9.875643054109128,-10.366908055989082,-10.881515465304192,2.0,2.0,-12.576668173711695,-13.196193705362145,-13.84511665413285,-14.52482723535844,-15.236780919275184,-15.982501562079316,-16.76358647038407,-17.58170901276457,-18.438621412475964,-19.336157974786826,2.0,-21.26088742924872,-22.292203500513377,-23.372398551952607,2.0,2.0,-26.92995359147258,-28.229929345838,2.0,-31.017595844156812,-32.51125838089793,2.0,-35.71425035390822,-37.43044085388121,-39.22794177845956,-41.110603579993544,2.0,-45.14773508155603,-47.31085395974345,-49.57645054867956,-51.949379449262686,2.0,-57.03780845502604,-59.76421038898298,2.0,-65.6106077868969,2.0,2.0,2.0,2.0,-82.8291395635801,2.0,2.0,-95.24369796216864,2.0,2.0
0.0523109930805626,2.0,2.0,2.0,2.0,2.0,2.0,2.0,2.0,2.0,2.0,2.0,2.0,2.0,2.0,2.0,2.0,2.0,2.0,2.0,2.0,2.0,2.0,2.0,2.0,2.0,-0.2762560805267079,-0.2764322382505871,-0.276617039341169,-0.2768154351841388,-0.2770269663733557,-0.2772515791822123,-0.2774897150704058,-0.2777418174742794,-0.278008344630142,-0.2782898059347017,-0.278586731593427,-0.2788996896416253,-0.2792292600031819,-0.2795760772812182,-0.2799651781466805,-0.2803836975248583,-0.2808262044545985,-0.2812935653084001,-0.2817867027573845,-0.2823065539528212,-0.2828541617965504,-0.2834557289322729,-0.2841225408940153,-0.2848263980467106,-0.2855686992019706,-0.2863509345820009,-0.2871746750342794,-0.2881207725735098,-0.2891234464901375,-0.2901801284766749,-0.2912929451240951,-0.2925213237000622,-0.2938684642767395,-0.2952873617287672,-0.2967809494056677,-0.2984652859702124,-0.3002630135405115,-0.3021549761999692,-0.3042488061090027,-0.3065125127623338,-0.3088938439785306,-0.3115560880230487,-0.3143896490759103,-0.3174364124766354,-0.3207910467012013,-0.324325288724347,-0.3282788088739587,-0.3324343902067941,-0.3370574552373783,-0.3419349308262455,-0.347357556987687,-0.3531174760905594,-0.3594383239317389,-0.3662496693091813,-0.3735903952512264,-0.3816394242141797,-0.3902834249577159,-0.3996336785424389,-0.4098479707121912,-0.4208519489147113,-0.4327191354746909,-0.4456163896963548,-0.4596005444615854,-0.4746879228713191,-0.4909678260195361,-0.5085334396269869,-0.5275353966076726,-0.5480914768756129,-0.5702382207923349,-0.5940857033257192,-0.619747357731206,-0.6473395079594679,-0.6769806340232232,-0.7088349551435236,-0.7430964413182972,-0.779805437879669,-0.8190826073847493,-0.8610500553331766,-0.9058288598370934,-0.953758622557203,-1.0048942731122223,-1.0592236846213232,-1.1169365740467918,-1.178530174091333,-1.2436642832904006,-1.312793602899567,2.0,-1.463456852894199,-1.5454941400128157,-1.63193598615145,-1.7232111098034206,-1.8196752976452175,-1.9209179238886456,-2.027903498002213,-2.1405468138345665,-2.2586562344777805,-2.383061836001829,-2.5140417886875417,-2.651567934456237,-2.795683019856521,-2.9471034744688698,-3.1061851509370326,-3.2732269896604227,-3.448551081530674,-3.632320938278656,-3.824838148066463,-4.0267593833143085,-4.238547186614974,-4.460637133152519,-4.693489933977633,-4.937591602805892,-5.193454445327445,-5.461617241649654,-5.74264777495993,-6.03714047679404,-6.3456556632555134,2.0,-7.007308709564014,2.0,-7.733623992784026,-8.122966353445225,-8.530859611649477,-8.958175241006154,2.0,2.0,-10.366002595132912,-10.880582899845075,-11.419608445241789,-11.98423290274,-12.575664493158753,-13.19516908595518,-13.84407316637459,2.0,2.0,-15.98140689219052,2.0,-17.58058564216492,2.0,-19.335008845864984,-20.275081380045673,-21.25971570899461,-22.29102055347601,-23.371206090370325,-24.50258528169712,-25.687582061672295,-26.928734927135412,-28.22870261254292,-29.5902700955931,-31.01635482604472,2.0,-34.07443901726681,-35.7129904156317,2.0,-39.226670571963545,2.0,2.0,-45.14644962854773,-47.309563731453295,2.0,2.0,-54.43342213343213,2.0,2.0,-62.61845922473104,-65.60929303481892,2.0,2.0,-75.45906305361063,-79.05818839181688,2.0,2.0,-90.9112400623266,2.0,2.0,2.0
0.0508194722589941,2.0,2.0,2.0,2.0,2.0,2.0,2.0,2.0,2.0,2.0,2.0,2.0,2.0,2.0,2.0,2.0,2.0,2.0,2.0,2.0,2.0,2.0,2.0,2.0,2.0,-0.2765378151024468,-0.2767551752116276,-0.2769831287871672,-0.2772232312301699,-0.2774808758464579,-0.277753803774845,-0.2780425385899124,-0.2783476329862714,-0.2786696761047533,-0.2790092829526637,-0.2793671159479818,-0.2797438610121342,-0.2801402459008087,-0.2805570529807045,-0.280998781270351,-0.2814920726946156,-0.2820129014213178,-0.2825622988256604,-0.2831413509103531,-0.283751218620024,-0.2843930866279112,-0.2850682546092902,-0.2858237762635861,-0.2866330835686153,-0.2874858335225142,-0.2883837570096398,-0.2893286638353004,-0.290345722501226,-0.2914777241198848,-0.2926698516879457,-0.2939245519667043,-0.2952443862574332,-0.2967282506438178,-0.2983056522614253,-0.2999652640990728,-0.3017328947755683,-0.3037075629093635,-0.3057848718308197,-0.3079690898020781,-0.3104267631406967,-0.3130149328267279,-0.3157675909728589,-0.3188211692369526,-0.3220310561204127,-0.325546803958777,-0.3293186678603204,-0.3333725699160318,-0.3377884684220776,-0.3425029630433354,-0.3476552163283534,-0.3531683977262945,-0.3591607290774189,-0.3656277378994782,-0.3725765416684327,-0.3801711416309226,-0.3882925446166761,-0.3971232643876097,-0.4066829883623876,-0.4169515067623548,-0.4280747210966273,-0.4401486421660932,-0.4531451848705976,-0.4671447232910848,-0.4822819720344958,-0.4986876147366171,-0.5163585223328254,-0.5353916470995056,-0.555888001177881,-0.577952407840983,-0.6017408710155046,-0.6273919249656105,-0.6549549602989184,-0.6845513178998652,-0.7163047058913705,-0.7503403639166919,-0.7867837851980464,-0.8258255689330619,-0.8676832882768116,-0.91237340166145,-0.9600116063050548,-1.0107103730738451,-1.0648479436103733,-1.1224975765858844,-1.1835760383451253,-1.24849570322684,2.0,-1.3902428039282455,-1.4676567880619018,-1.5491040010713553,-1.6355874041462048,-1.7264360282274578,-1.822667664481969,-1.92390023873952,-2.030399496885065,2.0,-2.261048862623684,-2.385098896615867,-2.5157797368527337,-2.6532668208786574,-2.7974200792196022,-2.9486052777410117,-3.107479624822346,-3.2743438393523077,-3.4495164003862344,-3.6333073986721978,2.0,-4.027646865889855,-4.239313091726809,-4.461295364985962,-4.694052296571478,2.0,2.0,-5.461947689004735,-5.742915724397457,2.0,2.0,2.0,-7.007527724928594,-7.362169721357469,-7.733744399058417,-8.123043364388476,-8.530897117543022,-8.958175541739687,-9.405791980190184,2.0,-10.36590886361632,-10.880462243020938,-11.419462660074474,-11.984063348698584,-12.575473650278091,-13.19495800203177,-13.843842925270948,-14.523517508042191,-15.23543726054233,-15.981126576079316,-16.762181660446082,-17.580277079340394,-18.437162920226935,-19.334675214717524,-20.27473630264501,-21.259359497429138,-22.29065483529029,-23.370830420972464,-24.502200660103675,-25.68718864582568,-26.92833370607364,2.0,-29.58985398685497,2.0,-32.50958136176132,-34.0740036425614,2.0,-37.42872869081721,-39.22621888579147,-41.108870670430875,-43.08071742326309,-45.14598363145877,-47.30909394015154,-49.57468247984178,2.0,-54.43294039655343,2.0,2.0,2.0,-65.60879866074664,-68.74131392107039,-72.02222485335605,2.0,-79.05768359869892,-82.82730461852819,2.0,2.0,2.0,2.0,-104.52932885336948
0.04937047852839,2.0,2.0,2.0,2.0,2.0,2.0,2.0,2.0,2.0,2.0,2.0,2.0,2.0,2.0,2.0,2.0,2.0,2.0,2.0,2.0,2.0,2.0,2.0,2.0,2.0,-0.276811511603391,-0.2770688529347169,-0.2773386852329757,-0.2776215283407055,-0.277921505360075,-0.2782412816666427,-0.2785790920289828,-0.2789355937045105,-0.2793114858791066,-0.2797075027713928,-0.2801244153006674,-0.2805630473626032,-0.2810242709386033,-0.2815089805680665,-0.2820181350242666,-0.2825668604588119,-0.2831636547287468,-0.2837926264650153,-0.2844550366084903,-0.285152211964525,-0.2858855471795742,-0.286656515447042,-0.2874723665498993,-0.2883839474430291,-0.2893438321019863,-0.2903539880480882,-0.2914164491799224,-0.2925333959545363,-0.2937578414452126,-0.2950813731241595,-0.2964737068500609,-0.2979377199386521,-0.2994962011057598,-0.3012273605024981,-0.3030480204400009,-0.3049619658393702,-0.3070395829611443,-0.3092966863330464,-0.3116692836708863,-0.3142105760078341,-0.3169993289256358,-0.3199300969163816,-0.323102361021519,-0.3265358151752715,-0.3301429219258105,-0.3341469957350499,-0.338359095826833,-0.3429537519157161,-0.3478573460700056,-0.3531708030244763,-0.3588631359569887,-0.3650397871787459,-0.3716300289541698,-0.3788319025855716,-0.3864966103408373,-0.3948508827980406,-0.4038310851680282,-0.4134447562442679,-0.4239468979272983,-0.4352188293969179,-0.4473239490609671,-0.4604319815891902,-0.4746002187946285,-0.4898365086147608,-0.5062276175033935,-0.5238723597657342,-0.542978967093154,-0.5635336201656591,-0.5856345824940538,-0.6093909958150716,-0.6349158046713892,-0.6623254580229123,-0.6917753097472866,-0.7234458065274705,-0.7573879408938153,-0.7937294534869705,-0.8326015048637792,-0.8741342834059438,2.0,-0.9659174909507022,-1.016524685802537,-1.0703437874200905,-1.1274936888348863,-1.1884588352732022,-1.2531538591482505,-1.321558090173891,-1.3943828890682055,-1.4711973752473733,-1.5526503364138304,-1.638552919187133,-1.729474451101135,-1.8250910425111324,-1.926336046330377,-2.0325762528838016,-2.1446341786104446,-2.262810709862804,-2.3867039918299344,-2.517028854188503,-2.654246188496751,-2.7984608067592296,-2.949562876804687,-3.1081947267164445,-3.27485261733783,-3.44984758772146,-3.6335188770947737,-3.826129946720539,-4.027882026417975,-4.239408649481609,-4.4612678527964,2.0,-4.937833831435803,-5.193533109975474,-5.461548128113438,-5.742445108699741,-6.0368172012793915,-6.34528766273961,-6.668480857612743,2.0,-7.361581274930494,-7.733103061107894,-8.122353543447026,-8.530162402369253,-8.957400209688803,-9.404978570670067,-9.873853710383626,-10.365027908862544,-10.879551054494389,-11.418523645676949,2.0,-12.574484227623218,2.0,2.0,-14.52246419168186,-15.234365801070076,-15.98003787571436,-16.761076778539334,-17.579156621401367,-18.436027807434566,-19.333526903161832,2.0,2.0,-22.28946996113809,-23.36963558598925,-24.500995764598095,-25.685974451753857,-26.92711037189566,2.0,-29.588614587588857,-31.01468460292727,-32.50832723908629,2.0,-35.711281469229924,2.0,-39.22493930078039,-41.10758563316059,2.0,-45.14468828231819,2.0,-49.57337840769188,2.0,2.0,2.0,2.0,-62.616644179882485,2.0,-68.73998427173628,-72.02089225246627,-75.457225265636,-79.05634543243877,2.0,2.0,-90.9093833642404,-95.24050245382098,-99.7767941764018,2.0
0.0479627993321169,2.0,2.0,2.0,2.0,2.0,2.0,2.0,2.0,2.0,2.0,2.0,2.0,2.0,2.0,2.0,2.0,2.0,2.0,2.0,2.0,2.0,2.0,2.0,2.0,2.0,-0.2770774000993008,-0.2773735497294384,-0.2776840341352398,-0.2780094559311738,-0.2783504540368767,-0.2787146769187499,-0.2791001248156309,-0.2795065265314533,-0.2799346896849392,-0.2803854604202625,-0.2808597205511064,-0.2813584428390303,-0.2818825814741009,-0.2824332086650821,-0.2830114058802777,-0.2836183309120115,-0.2842808551207015,-0.2849870721277058,-0.2857303977969619,-0.2865123297430736,-0.2873344427778737,-0.2881984015210297,-0.289105952466983,-0.2900836157238446,-0.2911475044349002,-0.2922665978080854,-0.2934431749784441,-0.294679651280356,-0.295978558914582,-0.2974222631856765,-0.2989482153317907,-0.3005521823851362,-0.3022374885949311,-0.3040633928780527,-0.3060404085488232,-0.3081181242559133,-0.3103008767658825,-0.3127054322671223,-0.3152608580691693,-0.3179454028448308,-0.3208666953242823,-0.3240014099816627,-0.3272939633370701,-0.3309081102040535,-0.33474257296617,-0.3388331826815263,-0.34328701838328,-0.3479671376692425,-0.3531271957089752,-0.3585453238686508,-0.3644885255081778,-0.3707506707732197,-0.377624388355009,-0.3849022691341228,-0.3928188949258658,-0.401298158557534,-0.4103899590770432,-0.4202715635972838,-0.4308360871509462,-0.4422012791564226,-0.4545258920216548,-0.4677416203691228,-0.4819270694007513,-0.4972546234423861,-0.5137865094007446,-0.5315445794918933,-0.5506241591428969,-0.571124768652835,-0.5931984539670706,-0.6169798294986956,-0.6425077603363997,-0.6698999177850421,-0.6992776418264944,-0.7307654987317507,-0.7644907027104081,-0.8006145735400508,-0.83935733328973,-0.880769508948196,-0.92497644202439,-0.9721116072102982,-1.0223024655435458,-1.075883589318157,2.0,-1.193530511083541,2.0,-1.3261769341254963,2.0,-1.4750829598398008,-1.5562588513796285,-1.6418257216257863,-1.7324940297798244,-1.827937276732096,2.0,-2.035030460797299,-2.1466377628143105,-2.2644906721685536,-2.3884910572650124,-2.518503653786635,-2.6553870192581104,2.0,-2.950626534207452,-3.109063061079274,-3.2754909020575207,-3.450289366113994,-3.63379117227263,-3.826353236484133,-4.028169062588901,-4.239589912873895,-4.461315381523504,-4.693844778225775,-4.937658008708639,-5.193262732912981,-5.46119431365516,-5.742015362829443,-6.036318575342753,-6.3447270035902275,2.0,-7.006440023508213,2.0,-7.732490258544227,-8.121689191992992,2.0,-8.956645131332207,-9.40418343415713,-9.873021642485316,-10.364161517347412,-10.87865295679716,-11.417596107257069,-11.982143782650706,-12.57350353509758,-13.192941632291747,-13.84178317309846,-14.521417656718048,-15.233299555704422,2.0,-16.759975579325197,-17.578039110372643,-18.434895607482694,-19.33238030821015,-20.27241546835443,-21.25701456288476,-22.28828638053724,2.0,-24.499790178081906,-25.68475886566149,-26.925885618423123,2.0,-29.587372723641742,-31.0134345289684,-32.50706958492533,2.0,-35.710010595819455,-37.42617747273791,2.0,-41.106296795569286,-43.07813295702423,2.0,-47.30648995679534,-49.572069619814435,-51.944981973882754,-54.43031081034156,2.0,-59.7597687886551,-62.61531597499457,-65.60614019250986,2.0,-72.01955405808994,-75.45588416315617,-79.0550016511597,-82.82461749977733,-86.77280761939105,-90.90803197483908,-95.23914907241952,-99.77543857469192,-104.52661936986702
0.0465952566866468,2.0,2.0,2.0,2.0,2.0,2.0,2.0,2.0,2.0,2.0,2.0,2.0,2.0,2.0,2.0,2.0,2.0,2.0,2.0,2.0,2.0,2.0,2.0,2.0,2.0,-0.2773357051562423,-0.277669540548763,-0.2780194901750357,-0.2783862531747234,-0.2787705530386139,-0.2791746375118683,-0.2796063608165091,-0.2800612387575247,-0.2805401798999257,-0.2810441272461852,-0.2815741065326296,-0.2821311709255724,-0.2827164319207231,-0.2833310670065312,-0.2839763108927615,-0.2846534635521494,-0.2853668492638781,-0.2861480976645083,-0.2869700273653897,-0.2878342807909572,-0.2887426178928894,-0.2896969013936951,-0.2906990583692446,-0.2917511413477275,-0.2929015837891049,-0.2941264938783238,-0.2954139139879239,-0.2967664874778472,-0.2981870000363141,-0.2997000440877324,-0.301355781138018,-0.30309569698968,-0.3049233939950285,-0.306842669485041,-0.3089534865056796,-0.3111902880304639,-0.3135396561197058,-0.3160260125283244,-0.3187590405319924,-0.3216295965842188,-0.3246437600687687,-0.3279692644770231,-0.3314693530599935,-0.3351725909104145,-0.3392279125614145,-0.3434857478265899,-0.3480961031818941,-0.3530188190538602,-0.3582739121585336,-0.3639533676685277,-0.369986703965544,-0.3765260214579679,-0.3834877081313738,-0.3910024660022447,-0.3990607106715776,-0.4076803301040534,-0.4170231499457496,-0.4269759878732593,-0.4377295772715921,-0.4493018599927303,-0.4616794300873602,-0.475014874560416,-0.4894064942839648,-0.5048320486272014,-0.5213781778371777,-0.5391831933309003,-0.5583871103330409,-0.5789912980387544,-0.6010994162786023,-0.6248193970506477,-0.6502630209948193,-0.6775860747900755,-0.7069500704498544,-0.7384057341015897,-0.7720827773162726,-0.8081138258827196,-0.846633548144736,-0.8877780166676421,-0.9317312906361832,-0.9787466046482228,-1.0288488648072136,-1.0821595257997318,-1.138801008406802,-1.1991392201623936,-1.2633172924941418,-1.331236329446574,-1.4032859399448288,-1.4797691543745757,-1.5603892190938204,-1.646024957958206,-1.736087130884565,-1.831590206710244,-1.9318822397960196,-2.038021753221362,-2.149598834106333,-2.2669643321861375,2.0,-2.5208775461235224,2.0,-2.801150491301751,-2.952315630162329,-3.1107824114532745,-3.2769725696427923,-3.4515637506266854,-3.634888087700641,-3.8272996899723153,-4.029140871845733,-4.240591832891404,-4.4621831375927155,2.0,2.0,2.0,-5.461650974166897,-5.742394848068386,-6.03662877884727,-6.344974336187105,2.0,-7.006637500274802,2.0,-7.732688659251508,2.0,-8.529550561212641,-8.956701288089564,-9.404199559243272,-9.873001092000006,-10.36410689868429,2.0,2.0,-11.982001541202148,-12.573336596495505,-13.192751073407184,-13.841570834861418,-14.52118475217533,-15.233047588765444,2.0,2.0,2.0,2.0,2.0,-20.272071926343507,-21.256658782201907,-22.28791934646059,-23.368062437619074,-24.499401476745227,-25.68436099866415,2.0,2.0,2.0,-31.013003500769663,-32.506631521488615,2.0,-35.709558469622515,-37.42571975465686,-39.22319228925918,-41.10582751103938,-43.07765847030779,2.0,2.0,-49.5715808496702,2.0,-54.429813632500995,-57.03287961011728,-59.759264118112874,-62.61480793124004,-65.60562914512263,2.0,2.0,-75.45536422725895,2.0,2.0,2.0,2.0,-95.2386169867968,-99.77490440019425,2.0
0.0452667061957886,2.0,2.0,2.0,2.0,2.0,2.0,2.0,2.0,2.0,2.0,2.0,2.0,2.0,2.0,2.0,2.0,2.0,2.0,2.0,2.0,2.0,2.0,2.0,2.0,2.0,-0.2775866404535207,-0.2779570465343042,-0.2783453027944571,-0.278752184922997,-0.2791785090213077,-0.2796251255906521,-0.2800977021795213,-0.280599602627184,-0.2811277940663864,-0.2816833377949251,-0.2822673613848929,-0.2828810330260434,-0.2835255876086913,-0.2842023334066353,-0.2849126413420089,-0.2856579384529272,-0.286439744182154,-0.2872739281566648,-0.2881720973555847,-0.2891162212644557,-0.2901082227009833,-0.291150125756264,-0.2922440793417448,-0.2933923116006137,-0.2946013847787014,-0.2959289534363931,-0.297323909604414,-0.2987891233396921,-0.3003276257784379,-0.3019425954558692,-0.3036875773337739,-0.3055593802679976,-0.3075252363626261,-0.3095892250318524,-0.3117730960525811,-0.314164235042548,-0.3166752842882643,-0.3193114906338497,-0.3221430466025466,-0.3251941296949227,-0.3283973371438761,-0.331805075080519,-0.3355065070033086,-0.3393921117708511,-0.3435612617459037,-0.3480435484772538,-0.3527480074884394,-0.3578996540922055,-0.363316910728851,-0.3691707648566852,-0.3753975933917713,-0.3820934868877664,-0.3892383983024661,-0.3969333631969566,-0.4051178662141087,-0.413987527663628,-0.4233994765117053,-0.4335884759605123,-0.4444882076073956,-0.4561136933987186,-0.4687265954449413,-0.4822087514343939,-0.4966302808143904,-0.5121673169819583,-0.5288811468490504,-0.5467851666889718,-0.5659730905628029,-0.5865481111322353,-0.6087261870661749,-0.6325024435014378,-0.6579805999239543,-0.6852773626812525,-0.7145135748901603,-0.7458139407730862,-0.7793333204564459,-0.8152747263211162,-0.8536976818156179,-0.8947360736825434,-0.938531914829878,-0.9852255682967676,-1.0349620209101271,-1.0880617380120303,-1.1446097284557435,-1.2046555568874555,-1.2683218259159164,-1.3360985148876052,-1.4079575368368047,-1.4838528674825378,-1.564518251034702,2.0,-1.7396134902986289,-1.8345544768107136,-1.9349057497788136,-2.0404265036134888,-2.1520336620599347,-2.269117603652923,-2.3925563764937685,-2.5226345186538697,-2.6589864806753756,-2.802378500553083,-2.953279729013257,-3.111814083952319,-3.27790998387914,-3.4522592383858965,-3.635377233166865,2.0,-4.0293370871410605,-4.240850572549967,-4.462398668712083,-4.694666791483258,2.0,2.0,-5.461396854178622,-5.742053954890878,-6.03620933506947,-6.344484048801246,-6.667530543221028,-7.00603387605495,-7.3606803271109875,2.0,-8.12122762779692,2.0,2.0,-9.403444702235262,2.0,-10.36327297955416,-10.877697666853164,-11.416579086593774,-11.981069579319586,-12.572376554828814,-13.191764833934062,-13.84056037909943,-14.520151572168414,-15.2319931101876,2.0,-16.758596411594333,-17.576626793567335,2.0,-19.330907831363337,-20.27091559522974,-21.255489031236507,-22.286736720781455,-23.36686788102331,-24.49819608988638,-25.68314470503185,-26.92425202994487,2.0,-29.585703601698825,-31.011749976613157,-32.50537001931183,-34.06976355970744,2.0,-37.42443624710991,-39.2219024843002,2.0,2.0,2.0,-47.30469362280788,2.0,2.0,-54.42848716466885,-57.03154928526307,-59.757929770695526,-62.6134696061104,-65.60428715502556,-68.73678960678005,-72.01768829509876,2.0,-79.05312431809169,2.0,2.0,2.0,2.0,2.0,-104.5247134979626
0.0439760360930271,2.0,2.0,2.0,2.0,2.0,2.0,2.0,2.0,2.0,2.0,2.0,2.0,2.0,2.0,2.0,2.0,2.0,2.0,2.0,2.0,2.0,2.0,2.0,2.0,2.0,-0.2778304121563084,-0.2782363296119216,-0.2786617865417831,-0.2791076265365543,-0.2795747527118251,-0.2800641071612944,-0.2805766747714007,-0.2811226988711869,-0.2816987385173092,-0.2823044034471079,-0.2829409138170419,-0.2836095772324525,-0.2843117279800851,-0.2850487939919457,-0.2858222805274226,-0.2866337651393972,-0.2874848884598252,-0.2883773873083107,-0.2893406193771024,-0.2903623194713965,-0.2914355828836384,-0.2925626103841854,-0.293745711313946,-0.2949873133699945,-0.2962899910887799,-0.2976819768066724,-0.2991813893812687,-0.300756016060062,-0.3024091190909772,-0.3041441288791571,-0.305964642798511,-0.3079566033729174,-0.3100566567618754,-0.3122612018182003,-0.3145748629393101,-0.3170596060345885,-0.3197276976123568,-0.3225283960705207,-0.3254675786350571,-0.3286662534401265,-0.3320530823553529,-0.3356075621744431,-0.3394414567227408,-0.3435319407247242,-0.3478244982813828,-0.3524885487078679,-0.357421388848862,-0.3626635651614357,-0.3683235654161628,-0.3742673009484355,-0.3807519149140789,-0.3875556360465179,-0.394954743538322,-0.4027384640995379,-0.4112104383800831,-0.4201627776100033,-0.4298304384866465,-0.4401492194043298,-0.4511624232583198,-0.46306525943027,-0.4757473143806034,-0.4893235108779032,-0.5039747952297557,-0.5196290981516714,-0.5363706226359556,-0.5543647277253244,-0.573704894976819,-0.5944067165578513,-0.616572293439196,-0.6403080198603076,-0.6657520202099456,-0.6930866767618241,-0.7223399879571964,-0.7536374471869607,-0.7871090558867014,-0.8228880881022219,-0.8611122747973089,-0.9019324045434192,-0.9455977908327824,-0.9921889159101058,-1.041824413039974,-1.0946485219431334,-1.1508007241134184,-1.210579355964974,-1.2742102692291857,-1.3416344241493454,-1.413012943244762,-1.4889382771077515,-1.5691350806656006,-1.6539341621519892,-1.743768489490089,-1.838347150488636,-1.938502228765851,-2.0438238716787556,-2.1549801789932785,-2.272171646685292,-2.39516237713299,-2.5249528182660126,-2.661411139728603,-2.80449116031683,-2.95507513437776,-3.1134646522155975,-3.279650287367631,-3.453803133168044,-3.636703007393272,2.0,-4.030315439793164,-4.241791515319636,-4.463403037967683,-4.695565204581855,-4.9390205942239955,-5.194308449102003,2.0,-5.742524670706583,-6.036600326678595,-6.344803267154489,-6.667784948357772,-7.006229558262717,2.0,-7.732342587424274,2.0,2.0,-8.956092723850904,-9.403501663110434,-9.872220862282065,-10.363251029166864,-10.877640944252526,-11.416490115310516,-11.980950643723451,-12.572229586025935,-13.19159216354413,-13.840363778534988,-14.519932088655086,-15.231752923534216,-15.977349399179454,2.0,2.0,-18.43314130719658,2.0,-20.27057545028887,-21.25513547518213,-22.28637121181061,-23.366490598881057,-24.497807482873228,-25.68274591202698,-26.923843319437765,-28.223758988061007,2.0,-31.01131518702545,-32.504927281028046,-34.069313514012826,-35.70782513516826,-37.423972744419416,-39.22143283495714,2.0,-43.07587526812608,-45.1411158883203,-47.30420172355451,-49.569766872237565,-51.94266607930492,-54.42798212835831,-57.03103995275068,-59.75741623197457,-62.61295223691625,-65.60376646640172,-68.73626535800828,-72.01716102823706,-75.45348193119185,-79.05259116712516,-82.82219892210237,2.0,-90.9055983718979,-95.23670837115051,-99.77299130569034,-104.52416577201166
0.0427221663111673,2.0,2.0,2.0,2.0,2.0,2.0,2.0,2.0,2.0,2.0,2.0,2.0,2.0,2.0,2.0,2.0,2.0,2.0,2.0,2.0,2.0,2.0,2.0,2.0,2.0,-0.2780672361186295,-0.2785076184009766,-0.2789691680440744,-0.2794528210569169,-0.2799595504177136,-0.2804903849412269,-0.2810463994244913,-0.2816303684605697,-0.2822528191362798,-0.2829071070517307,-0.2835945522852156,-0.2843165575144783,-0.2850745896381639,-0.2858701921500238,-0.28670499550797,-0.2875806911084372,-0.2884990817428956,-0.289462041169942,-0.2904736868643197,-0.2915706556808032,-0.2927227615154476,-0.2939323701827328,-0.2952019763324984,-0.296534196769296,-0.297931782164544,-0.2993976179016137,-0.3009814849647553,-0.3026622740447888,-0.3044265741278382,-0.3062780550228064,-0.3082205775011362,-0.3102783491693531,-0.3125086029218069,-0.3148495429781485,-0.3173060484566372,-0.3198832936205714,-0.3226824823779938,-0.3256427814053282,-0.3287491484455654,-0.3320249709762424,-0.3355899737536439,-0.3393311146328263,-0.3432561367863996,-0.3475345852240037,-0.3520353765342546,-0.3567827259979675,-0.361937175362962,-0.3673450794724636,-0.3731575095874792,-0.3793430922835574,-0.3859173431496117,-0.3929832990284479,-0.4004649454645083,-0.4085262610925978,-0.4170785207138265,-0.4262638110015567,-0.4360691878758547,-0.4465222304959843,-0.4577843155810581,-0.469747864224911,-0.482611255164513,-0.4963927488399424,-0.5110853805642318,-0.5268481300537208,-0.5437835074722813,-0.5618753673370849,-0.5812157020874649,-0.6019477608987452,-0.6242221117376087,-0.6480447941710619,-0.6735266854240213,-0.7007832391189578,-0.7299343911943238,-0.7611354733830338,-0.7945713913886652,-0.8302966235471056,-0.8684492284631476,-0.9091718260302925,-0.9526093998560498,-0.9989081072524244,-1.0482512092456462,-1.1009200530856786,-1.1569562723427729,-1.2164861841439434,-1.279645021641798,-1.3467828655054377,-1.4181179631634686,-1.4935363582179,-1.5734089047671005,-1.6581224373435048,-1.7473493967706288,-1.841998679464488,-1.9415092326688763,-2.0469022297945076,-2.1575520900754928,-2.274554254415367,-2.397478915721161,-2.526761104005931,2.0,-2.806189477314684,-2.9563979950308092,-3.114476147004193,-3.280643243615099,-3.45481140164587,-3.637460236246695,-3.829290684449988,-4.030669471718247,-4.241989930275721,-4.46363090899256,-4.6958145494410495,-4.939128127184968,-5.1942875859104705,-5.4618224960477475,-5.742289086025958,-6.036274243950928,-6.344396083059733,2.0,-7.005682583817829,-7.36024849073226,-7.731744907767824,-8.120866193959966,2.0,-8.955435379679766,-9.402794138865252,-9.871467336879478,-10.362455032602051,-10.87680610811062,-11.41561915133104,-11.980046292464944,-12.571294394274522,-13.190628222914462,2.0,2.0,-15.23071409843338,-15.97628913910908,-16.757237396236352,2.0,-18.432023530374124,2.0,2.0,2.0,-22.285192004116972,2.0,2.0,2.0,-26.92261668103363,-28.222522222651904,2.0,-31.01005946600873,-32.503662925068575,-34.06804103688625,-35.7065450826974,-37.42268497686268,-39.22013797422965,-41.102754622614555,-43.07456813851238,-45.13980241982969,-47.30288260254617,-49.56844306318775,2.0,-54.426647673451384,-57.02970103308138,-59.756073647206456,-62.61160544699233,-65.60241549010605,-68.7349110586351,-72.01580306461405,-75.45212088691508,2.0,-82.82083142188846,-86.76901134585871,-90.9042251688216,2.0,2.0,-104.52278532435815
0.0415040475785047,2.0,2.0,2.0,2.0,2.0,2.0,2.0,2.0,2.0,2.0,2.0,2.0,2.0,2.0,2.0,2.0,2.0,2.0,2.0,2.0,2.0,2.0,2.0,2.0,2.0,-0.2782973076343494,-0.2787711582126184,-0.2792677605286056,-0.2797881251500098,-0.2803333089845294,-0.2809044140827111,-0.2815026164680044,-0.2821291248768501,-0.2827912174593436,-0.2834927340019473,-0.2842296561856902,-0.2850034833042206,-0.2858157937087563,-0.2866682516328891,-0.2875625972984644,-0.2885006710542552,-0.2894843900024369,-0.2905157728038906,-0.2915969382668664,-0.2927453289836369,-0.2939740224934489,-0.2952638491922046,-0.2966174814330836,-0.2980377098145448,-0.2995274756425894,-0.3010898620698561,-0.3027323345130608,-0.3045162373457241,-0.3063885505794695,-0.3083531687545509,-0.3104141860021397,-0.3125759013153469,-0.3148945736063476,-0.3173679945161035,-0.3199632820173052,-0.322685864798926,-0.32555943102591,-0.3286747620384485,-0.3319435299964495,-0.3353725609468144,-0.3390355505299098,-0.3429579731554225,-0.3470729072037835,-0.3514362654933253,-0.3561393379010152,-0.3610730184047646,-0.3663416395744612,-0.3719750431008423,-0.3778840452822314,-0.3843013274449456,-0.3910411310574014,-0.3982840318141762,-0.4059627893999282,-0.4141836916321037,-0.4229224216676864,-0.4322918759443312,-0.4422259686563092,-0.4529348227256137,-0.4642732560996081,-0.4764758784306971,-0.4894920966019844,-0.5033342231576109,-0.5182651801264443,-0.534183946627981,-0.5511592430430048,-0.5693614225477455,-0.5888808306166529,-0.6097255933934553,-0.6319960556555355,-0.6557973879918788,-0.6813488587096177,-0.7086747031527236,-0.7378737282688371,-0.7690709019420698,-0.8023956897323679,-0.8379820430068023,-0.8759772442359506,-0.9166112348808728,-0.9599681853870136,-1.0061790755046365,-1.055395945510931,-1.1077716873594212,-1.163456712907034,-1.222754491277375,-1.285841636314907,-1.3527403843386845,2.0,-1.49882791942257,-1.5785703321871891,-1.662703385670535,-1.751974990699102,-1.8460906522871057,-1.945556448864642,-2.050440696074058,-2.161136078243752,-2.2775420939856073,-2.400524147272826,-2.5295111339622,-2.6654518103009592,-2.8085911653488957,-2.9586150584107074,-3.116355764057962,2.0,2.0,-3.6390710114691,-3.830671416598476,-4.0318544108543195,-4.243006364505263,-4.464544363197309,-4.69679333856274,-4.940059715441228,-5.195086927209192,-5.462504950832849,-5.74286826223273,-6.036761240849915,2.0,-6.667634076329487,-7.005945357771834,-7.360450556922824,-7.731902153805752,-8.121052998850892,-8.528643646843536,2.0,-9.40289907686054,-9.871526355968086,2.0,-10.87678382431006,2.0,-11.9799549680716,-12.571172367727357,-13.190477439341873,-13.839195904980556,-14.518715146633824,-15.230489548603206,-15.97604308602865,-16.756971720230016,-17.574947371243194,-18.43172155263914,-19.32912861851638,-20.269091184607586,-21.253622355889995,-22.284830586267073,-23.36492387062727,-24.496217073170182,-25.681132416483827,2.0,-28.22210371652599,-29.583602785470013,-31.0096226075028,-32.50321717502132,-34.06758772471834,-35.70608415905456,-37.42221733538035,2.0,2.0,2.0,-45.13930975077336,2.0,-49.56793935822688,2.0,2.0,2.0,-59.75555204721582,-62.61107989620121,-65.60188637052451,2.0,2.0,-75.45158133399264,2.0,2.0,-86.76846301932306,2.0,2.0,-99.77105732103446,-104.52222716290528
0.0403206605407673,2.0,2.0,2.0,2.0,2.0,2.0,2.0,2.0,2.0,2.0,2.0,2.0,2.0,2.0,2.0,2.0,2.0,2.0,2.0,2.0,2.0,2.0,2.0,2.0,2.0,-0.2785208158316032,-0.2790271454897847,-0.2795577679086786,-0.28011376599604,-0.2806962731731983,-0.2813064702912122,-0.2819456239707748,-0.2826150172854118,-0.2833160286223692,-0.2840610404434252,-0.2848459579283157,-0.285670064254782,-0.2865350405806172,-0.2874426661249979,-0.288394798132903,-0.2893933936939084,-0.2904405147499864,-0.2915383032714406,-0.2926890253890132,-0.2938950485835079,-0.2951873495069035,-0.2965550116298905,-0.2979901726631984,-0.2994957929051286,-0.3010750194196893,-0.3027311041392541,-0.3044674962674414,-0.3063129143849748,-0.3082900301361631,-0.3103644224841489,-0.3125404355906996,-0.3148225977535612,-0.3172156880641031,-0.3198073631382306,-0.3225372987703854,-0.3254009155463224,-0.3284042469339559,-0.3316097023921235,-0.3350360468826162,-0.3386301154786368,-0.3423995834214258,-0.3464668106673635,-0.350766030797351,-0.3552752064423132,-0.3601071646175983,-0.3652464531040984,-0.3706365422543722,-0.3764486822696424,-0.3825868822537018,-0.3890882658141015,-0.3960717921960626,-0.4033981202674124,-0.4113351255114297,-0.4196594652532479,-0.4286502457069783,-0.4381027004587648,-0.4483229159406094,-0.4591055194870697,-0.4706945501569155,-0.4830238808377962,-0.4961458616091893,-0.5102571656222082,-0.5252534274767487,-0.5412556900642372,-0.5584494905421327,-0.5767683024278231,-0.5963023927482106,-0.6172221968458199,-0.6396305655470408,-0.663548321414734,-0.6890847224647598,-0.7163538053851348,-0.7454961799777545,-0.7767116561929713,-0.8100339810791447,-0.8455964741125198,-0.8835391369970307,-0.9240046568879142,-0.9671410595849652,-1.0131043802971391,-1.0621542721732888,-1.11440097194426,-1.1699641699147492,-1.2290013385484475,-1.2916642845687094,-1.358240710013754,-1.4290191473695106,-1.5039357028295892,-1.5831500367700992,-1.6672817314022927,-1.7560971515631536,-1.849890588703201,-1.9491813637096689,-2.053638612226966,-2.1641643222996048,-2.280320356367975,-2.4028595968428768,-2.5319396702626973,-2.667399426115082,-2.810258040495536,-2.960378649648576,2.0,-3.2833732566517924,-3.457479488065117,-3.6401103209869623,-3.8314955327442295,-4.032449794329266,-4.24340653128724,-4.464775637474935,2.0,-4.940318166018318,-5.195228130591691,-5.462512832202605,-5.742757929509553,-6.036545859546075,-6.344490879379662,-6.667240973521855,-7.005476171923312,2.0,-7.731302191928267,2.0,-8.528058102506566,-8.954994844012317,-9.40224729926335,-9.870822915592246,-10.361721003115328,-10.87598951549598,-11.414726290649188,-11.9790834331358,-12.570266261946816,-13.189539872072515,-13.838228668668902,-14.517720090604657,-15.229469555653834,-15.974999197690272,-16.755905456119454,-17.573859893996083,-18.430615106544728,2.0,2.0,-21.252464903717957,-22.283657165139957,-23.363737258840303,-24.495016810986854,-25.679919642128375,-26.92098375603788,2.0,-29.58235663860059,-31.008366498688662,-32.50195217382757,-34.06631343057434,-35.70480157538068,-37.420926785801925,-39.21836554484503,-41.10096860058225,-43.072768910078,-45.137991219347064,-47.30106019691585,2.0,-51.93949290659882,2.0,2.0,-59.75420214464032,2.0,-65.60052790989435,-68.73301525317443,-72.01390056510054,2.0,2.0,2.0,-86.76708355615622,2.0,2.0,2.0,-104.52083683365711
0.0391710149080925,2.0,2.0,2.0,2.0,2.0,2.0,2.0,2.0,2.0,2.0,2.0,2.0,2.0,2.0,2.0,2.0,2.0,2.0,2.0,2.0,2.0,2.0,2.0,2.0,2.0,-0.2787379474646897,-0.2792758200058426,-0.2798394738857939,-0.2804300829262923,-0.2810488353276919,-0.2816970017762474,-0.2823759108385522,-0.2830869449892081,-0.2838315750847741,-0.2846132929894003,-0.2854448373561556,-0.2863177850098665,-0.2872339169936763,-0.2881951284467507,-0.289203377300888,-0.2902607724324704,-0.2913694631721018,-0.2925317455031752,-0.2937500186974601,-0.2950267971203041,-0.2963669399097925,-0.2978102189411135,-0.2993245719150127,-0.3009131543598031,-0.3025792565768254,-0.3043263478998536,-0.3061580568128605,-0.3080782105000073,-0.3101394674621557,-0.3123204990730922,-0.3146081960969089,-0.3170073547266256,-0.3195229745796963,-0.3221812631150768,-0.325041993107679,-0.3280426243762501,-0.3311894432925385,-0.3344890807800225,-0.3380470024131012,-0.3418014372107887,-0.3457388108529208,-0.349885303753192,-0.3543635412634723,-0.3590602231896356,-0.3639852829409842,-0.3693142805882015,-0.3749135746392451,-0.3808124786268219,-0.3871733349890754,-0.3938436505941507,-0.4009816424127772,-0.4085534622424183,-0.4165824348192997,-0.4251702687399201,-0.4342490488354069,-0.4439809386869662,-0.4542870750730214,-0.4653059962460274,-0.4770376262784783,-0.4895030820416726,-0.5028807701365426,-0.5170612226157957,-0.532240240597109,-0.5484568583850622,-0.5657014525806098,-0.5841281618285429,-0.6038669055608916,-0.6248969640989431,-0.6473169608154149,-0.6712611788246968,-0.6969184923769515,-0.7242871431968271,-0.7534859225380415,-0.7846385158690963,-0.817873709341323,-0.8533376506159691,-0.8912506696795779,-0.931677731133144,-0.9747587275158563,-1.020647122091349,-1.0694992375634818,-1.1214730688956327,-1.1767432969034015,-1.2356212181697646,-1.2981888390115148,-1.364563683060974,-1.4348957542978944,-1.5094966843974968,-1.588702933338446,-1.6723728824226582,-1.7608338937405033,-1.8545962282889363,-1.9532823131852315,-2.0578280224371976,-2.167723737040289,-2.2839733880475537,-2.4060001095924624,-2.5349337114073323,-2.6703066017630155,-2.8126819117379895,-2.9627351312814407,-3.1201110359969064,-3.285344035816937,-3.4591549976486937,2.0,-3.8331771324113406,-4.033891007370192,-4.24464139302921,-4.465833462835429,-4.697903656387017,-4.941266767187603,-5.19619452499434,-5.463342593503981,-5.743466129848226,-6.037146455206881,-6.34499589331926,-6.66766009103535,-7.005818348296523,-7.360185563487294,2.0,2.0,-8.528223580707778,-8.955193763612288,-9.402408347641682,-9.870932265007308,-10.3617830577623,-10.876007983206428,-11.41470498895399,-11.979024819508728,-12.570174037033674,-13.18941587550858,-13.838075465738038,-14.517539904860632,-15.229263965018148,-15.97477007569615,-16.755654450026444,-17.573588563119326,-18.430324411481937,-19.327695853820956,-20.26762468279162,2.0,-22.283302014676597,-23.36336748797793,2.0,-25.67952474039765,-26.920577456044843,-28.220450767545145,-29.581928729086204,-31.007929279291726,-32.50150583223168,-34.065858353308876,-35.70433848600127,-37.420455991402946,-39.21788747345665,-41.10048364195004,-43.07227769565262,-45.13749394904499,-47.300556889900406,-49.56610065332594,-51.93897891220977,-54.42427546963953,2.0,-59.75367364479462,2.0,-65.59999110674408,2.0,2.0,2.0,2.0,-82.81835530625386,-86.76652638868973,2.0,2.0,2.0,2.0
0.0380541486263263,2.0,2.0,2.0,2.0,2.0,2.0,2.0,2.0,2.0,2.0,2.0,2.0,2.0,2.0,2.0,2.0,2.0,2.0,2.0,2.0,2.0,2.0,2.0,2.0,2.0,-0.2789488850342795,-0.2795173813952145,-0.2801131171394319,-0.2807373142832382,-0.281391252473437,-0.2820762776777208,-0.2827937889151901,-0.2835452558982687,-0.284332232806204,-0.2851563212368734,-0.2860263925521141,-0.2869467540813795,-0.2879125605560663,-0.2889257923198856,-0.2899885375397435,-0.2911030005200708,-0.2922714727598765,-0.2934963678545014,-0.294780226043807,-0.2961256969790417,-0.29753557300371,-0.299028967207794,-0.300620209203892,-0.3022893229084588,-0.3040397863506532,-0.3058752317071748,-0.3077994866306414,-0.3098165668643567,-0.3119351186320727,-0.3142196843642909,-0.3166158273670746,-0.319128564488101,-0.3217631582681304,-0.3245251375813768,-0.3274738005829981,-0.3306074438785628,-0.3338935877237193,-0.3373391468762255,-0.3409702710396025,-0.3448803321265403,-0.3489807710455597,-0.3532802078329909,-0.3578562589858376,-0.3627349994879364,-0.3678507462246708,-0.3732635845784153,-0.37906599253883,-0.3851500714430547,-0.3916261016085189,-0.3985229577019908,-0.4057542616400287,-0.4135609517263741,-0.421752609505337,-0.4305203429557972,-0.439792985587447,-0.4496877839329214,-0.4601762436110452,-0.4713839730974102,-0.483238338363974,-0.4959658794855847,-0.50941911045595,-0.5238316565516841,-0.5391708458082296,-0.555447326083197,-0.5729206680468018,-0.5915133536122676,-0.611291012670806,-0.6324179925800518,-0.6550157207916203,-0.6790869228073964,-0.7047389349241858,-0.7320849727863905,-0.7613329186967763,-0.7925523631729258,-0.8258326184529359,-0.8613076782966452,-0.8991165863427798,-0.939402627985354,-0.9823160919142716,-1.028088689387152,-1.076856393468323,-1.128737872175392,-1.183898405915273,-1.2425035550457584,-1.304716866634474,-1.370810725088342,2.0,-1.515473210469363,2.0,-1.6776201577605012,-1.7660038374998692,-1.8591744406192283,-1.9578787684495236,-2.0619299950335144,-2.171731181372797,-2.287518266143146,-2.409556559710222,-2.537900989004816,-2.673354967561658,-2.8153997397569297,-2.9650489473904225,-3.122511174727767,-3.287533627119911,-3.461009659824975,-3.6434078958099754,-3.83488428077848,-4.035478624676967,-4.246000508047795,-4.466997404981418,-4.698899784246574,2.0,-5.197163307559114,-5.464254295449919,-5.7442459363494915,-6.037809873075332,-6.345556115955469,-6.668128169684119,-7.006204071044729,-7.360496965713381,2.0,2.0,2.0,-8.955366024628212,2.0,-9.871068738542226,-10.36186969579768,-10.8760487133201,-11.41470331758275,-11.978984395143687,-12.570097774526056,-13.189306572650532,-13.837935218553124,-14.517371493619152,-15.229068725548146,-15.974550319703503,-16.75541175147689,-17.573324679342722,-18.430040266462505,-19.327392852308705,-20.267304304413415,-21.25178701827758,-22.28294985020305,-23.363001034192493,-24.49425397659028,-25.679131766322293,-26.920172465736545,-28.22003452532651,-29.58150229917524,-31.00749229936227,-32.50105894263164,-34.06540310770593,-35.703874619237325,-37.41998418845642,2.0,2.0,-43.07178443524933,-45.13699428780122,2.0,2.0,2.0,2.0,-57.02678778804788,-59.753142026855045,2.0,-65.59945089374882,-68.7319308903525,-72.01280830842529,-75.44911226797524,-79.04820489815997,-82.81779710962535,2.0,2.0,2.0,2.0,2.0
0.0369691270719502,2.0,2.0,2.0,2.0,2.0,2.0,2.0,2.0,2.0,2.0,2.0,2.0,2.0,2.0,2.0,2.0,2.0,2.0,2.0,2.0,2.0,2.0,2.0,2.0,2.0,-0.279153807114228,-0.2797520198779537,-0.2803788907131599,-0.2810356976675265,-0.2817237919538662,-0.2824445893585488,-0.2831995703681554,-0.2839902859371688,-0.2848183632360886,-0.2856855173741007,-0.2865935186397976,-0.287557086061488,-0.2885710812807558,-0.2896347900088567,-0.2907504224066974,-0.2919202679439016,-0.2931467523997192,-0.2944324208800347,-0.2957799224171082,-0.2971920698364329,-0.2986717783820763,-0.3002221237827437,-0.3018765686545209,-0.3036238419322239,-0.3054561588909719,-0.3073773492405544,-0.3093914183271558,-0.3115025769757203,-0.3137152297319143,-0.3160602183893959,-0.3185615920616865,-0.321184557045241,-0.3239346107128089,-0.3268175275629854,-0.3298393495380715,-0.3330917841254617,-0.3365131363389969,-0.3401003317132095,-0.3438609124276335,-0.3478608735806618,-0.3521195240396146,-0.3565846753337544,-0.3612657585693141,-0.36629032785269,-0.3715911335194684,-0.3771485556599268,-0.3830808318199787,-0.3893714833313335,-0.3959666032723853,-0.4030443645186136,-0.410505846709476,-0.4183956395861626,-0.4268320682903037,-0.4356815974328151,-0.4452141083792554,-0.4552080225178836,-0.465953273745598,-0.4772398068344587,-0.4893848514459126,-0.5021852194409974,-0.515883296818777,-0.5304287764802084,-0.5458653485710441,-0.5624105979643428,-0.5799576470049072,-0.5986228293148275,-0.6186182654896355,-0.6398732359239064,-0.6624846214162796,-0.6866154528129484,-0.7124040093124989,-0.7398646288700255,-0.7691144858422705,-0.8002758844843476,-0.8334840375227442,-0.868966360582947,-0.9067697225087268,-0.9470290128244292,-0.9898946868153944,-1.0355205412421051,-1.0840652855032418,-1.1356903697526697,-1.190648864551615,-1.2491205716802374,-1.31120791422755,-1.3770825081167732,-1.4469106622794414,-1.520953648906466,-1.5995882741627043,-1.6827483704834725,-1.7705776279548124,-1.863718620948894,-1.9620145821653967,-2.065681879120211,-2.175366288256592,-2.29067188658253,-2.4125916714146074,-2.5406396796028443,-2.6756894966011098,-2.8178110819434554,-2.9669650398401446,2.0,-3.289283632092546,-3.462407971147538,-3.6444774606159114,2.0,-4.036505304710944,-4.246801488487415,-4.467571544919076,-4.699279109296743,2.0,2.0,-5.4644993685363055,-5.744367515296237,-6.037798321675201,-6.345426549189974,-6.667894143608552,2.0,-7.36008525847169,2.0,-8.120214549303935,-8.527746655858992,-8.954731926951428,-9.401998151517711,-9.87045559407496,-10.361199964413704,-10.875327432339391,-11.413934925901156,2.0,-12.569245248759804,-13.188417017015045,-13.837011511331063,-14.516415932945272,-15.228083813340351,-15.97353793521108,2.0,-17.572262920911758,-18.42895616682415,-19.326288160957592,-20.266179939036206,-21.250644605713223,-22.281790254117745,-23.36182540195674,-24.493063208172963,-25.67792695794535,-26.91895419462636,-28.21880381667935,-29.580259725827325,2.0,-32.49979525195414,-34.06412903186825,2.0,2.0,-39.21610746762311,-41.09868858315597,2.0,2.0,-47.29872132572811,-49.56425281459332,2.0,2.0,-57.025434436719834,-59.7517835363796,-62.60729377327688,-65.59808289676201,-68.73055849894911,-72.01143174124108,-75.44773173455256,2.0,2.0,-86.76457366494591,-90.89977319315612,-95.23086686469574,-99.76713399368823,2.0
0.0359150422699641,2.0,2.0,2.0,2.0,2.0,2.0,2.0,2.0,2.0,2.0,2.0,2.0,2.0,2.0,2.0,2.0,2.0,2.0,2.0,2.0,2.0,2.0,2.0,2.0,2.0,-0.2793528830736927,-0.2799799667220561,-0.2806370663370868,-0.281325537959709,-0.2820468073082698,-0.2828023401489835,-0.2835937135059528,-0.2844225388412671,-0.2852905419202907,-0.2861994990708572,-0.2871512918775962,-0.2881501988184674,-0.289211015513993,-0.290323767530504,-0.2914907580789904,-0.2927144052558931,-0.2939972413340205,-0.2953419316226603,-0.2967512586662773,-0.2982281538428433,-0.2997756811872397,-0.3013970636727471,-0.3030980733238079,-0.3049212601002146,-0.3068331002204588,-0.3088375759970486,-0.3109388837811281,-0.3131414104132164,-0.3154497716129786,-0.3178687836588293,-0.3204542097027567,-0.3231842438380017,-0.3260464526148769,-0.3290468349784645,-0.3321917044670117,-0.3355095869588911,-0.3390622841558838,-0.3427870257847275,-0.346691697823588,-0.3507845017841912,-0.3551756168131186,-0.3598017684853854,-0.3646514783349177,-0.3697542906785464,-0.3752348662201055,-0.3809805835036036,-0.3870036166987289,-0.3934861728815246,-0.4002913774655713,-0.4074549530275996,-0.4151400435327043,-0.4231964622184209,-0.431789759075043,-0.4408833229913821,-0.4505096061399588,-0.4607679888160723,-0.4716003710199041,-0.4831659890814431,-0.4953976738971624,-0.5084292760939155,-0.5222755104190501,-0.5369499173550225,-0.5526499531308715,-0.5692636653548595,-0.5869842614202703,-0.6058734994328654,-0.6259188329278753,-0.6472693201761511,-0.6700843855816803,-0.6943385696591997,-0.7201377278797707,-0.7476080228757735,-0.7769760205166634,-0.8082348746448447,-0.8415111312502508,-0.8769375797812899,-0.9146523412202971,-0.9548012462109984,-0.9976174022608268,-1.0432010695354883,-1.091686857428031,-1.143240099786546,-1.1980294896642876,2.0,-1.3180055475840236,-1.3836849435243006,-1.4534132550489598,-1.527292574097447,2.0,-1.6882840327367832,-1.7761122316744675,-1.8688276029055184,-1.9667156590648844,-2.070391474995729,-2.179455491731828,-2.2948500502070144,2.0,2.0,-2.678795408735068,-2.8208089068390767,-2.969840151583833,-3.126572135480405,-3.2916399058939696,-3.4647113702553227,2.0,-3.837489409490999,-4.038175759539275,-4.248461892431656,-4.468991272098023,-4.700493630217746,-4.943418477212152,-5.198248417793576,-5.465439403229602,2.0,-6.038609596491815,2.0,-6.668476710612338,2.0,2.0,-7.731593436002273,2.0,-8.527939736926717,2.0,-9.402150721604746,2.0,-10.361343792750333,2.0,2.0,-11.97817383501226,2.0,-13.18834160747708,-13.836902017522563,-14.516274835990176,-15.227913529250912,2.0,-16.75415106267385,-17.572016524292312,-18.428687982131205,-19.32599944930306,-20.265871734198765,-21.250318847818896,-22.28144761485048,-23.36146712006406,-24.492690155012692,-25.67753998601047,-26.91855426771191,-28.21839130887901,2.0,-31.00580400752496,-32.499350317273716,-34.0636744173121,-35.702127478942565,-37.41821897885852,-39.215626934971205,-41.09820034244959,-43.069972859118344,-45.13516825163313,-47.298212366068014,-49.56373784432703,-51.93659881362315,2.0,2.0,-59.75124672176624,-62.60675222161133,-65.5975368456354,-68.7300081847007,-72.01087737521455,2.0,2.0,2.0,-86.76400517831975,-90.89920140895998,2.0,-99.7665564701106,2.0
0.0348910121340677,2.0,2.0,2.0,2.0,2.0,2.0,2.0,2.0,2.0,2.0,2.0,2.0,2.0,2.0,2.0,2.0,2.0,2.0,2.0,2.0,2.0,2.0,2.0,2.0,2.0,-0.2795462814480521,-0.2802013916373375,-0.280887847747551,-0.2816070701756197,-0.2823605379852666,-0.2831498015702292,-0.2839765000429869,-0.2848423365459652,-0.2857490877044228,-0.2866986444083534,-0.2876929545439324,-0.2887340762135837,-0.2898324386961002,-0.2909928046083331,-0.2922096587455088,-0.2934855477137491,-0.2948230996154204,-0.2962250897998949,-0.297694445697682,-0.2992342044827419,-0.3008475857688753,-0.3025379370897428,-0.3043087760371676,-0.306181040436232,-0.3081700840278422,-0.3102554307783568,-0.3124414352429667,-0.3147326843669477,-0.3171339576782142,-0.3196503066037733,-0.3222918472541357,-0.3251258520108998,-0.3280969436449599,-0.3312113798915121,-0.3344757149952396,-0.3378968060948954,-0.3415373379429431,-0.3453956675252655,-0.3494402492559545,-0.353679613574232,-0.3581427882070606,-0.3629253079418739,-0.3679387565405506,-0.3731937873181021,-0.3787726102649521,-0.384701153709695,-0.3909156824321321,-0.3974811330884362,-0.4044903243857768,-0.4118376123075032,-0.4196393497270074,-0.4279231832815526,-0.4366062903895333,-0.4459384858208197,-0.4557240407268665,-0.4661660067871795,-0.4771883934318373,-0.4889212491772718,-0.5013302436903014,-0.5145559022845992,-0.5285184586507116,-0.543462027057689,-0.5592367979982857,-0.5760750865725701,-0.5939640134906244,-0.6129122596219518,-0.6331762461604017,-0.6547035419746824,-0.6775566249511589,-0.7018936473865701,-0.7278693011422329,-0.7554807764544839,-0.7848435512103556,-0.8160784411711965,-0.8493823510231151,-0.8848735214214186,-0.9226307481540356,-0.9627982827193317,-1.0055254827386957,-1.050966591537677,-1.0992817403073754,-1.1506855636865652,-1.2053854790033975,-1.2634855493317347,-1.3251633616787988,-1.3905986480829424,-1.4599705600116757,-1.53352798953304,-1.6116278151505976,-1.6942743376220066,-1.781612015058783,-1.8740340051201103,-1.97188932537068,-2.0749744985598304,-2.184019777835784,-2.2989633557744527,2.0,-2.5478413843004675,-2.682322826913181,-2.823760592566315,-2.97289018281808,-3.129260300403867,-3.293941057417786,-3.4671118081843315,-3.648588334684731,-3.839320940068852,-4.039788320372016,-4.250165289709279,-4.470557645056133,-4.701832755832902,-4.944563301585495,-5.199225800348966,-5.466331734610763,-5.7462764369904855,-6.039503066386082,-6.346878863123809,-6.669122378332909,2.0,-7.360937876113977,-7.7319625560445155,2.0,-8.528167280872918,-8.955035909474665,-9.402278000800528,2.0,-10.361517366324083,-10.875539759257872,-11.414049785632914,-11.978197920325286,-12.569188764880982,-13.188284766707888,-13.836809094658186,-14.51614887301336,-15.22775670679832,2.0,-16.75393916665344,-17.571780165981327,-18.428428454411353,2.0,-20.26557130701364,2.0,-22.28111057101034,-23.361113588857048,-24.49232130877297,-25.67715664275868,2.0,-28.217981829191213,-29.579414215754355,-31.005370914896023,-32.49890655651724,2.0,-35.7016640807266,-37.41774724927778,-39.215146196795665,-41.0977116049727,-43.06947655756916,-45.134665271672034,2.0,-49.56322120357291,-51.93607609968397,-54.421350435598725,-57.02436869179188,-59.750707626960455,-62.606208221517626,2.0,-68.72945511179995,-72.0103201091813,-75.44661227210501,2.0,-82.81527525803547,2.0,-90.89862612340738,2.0,2.0,2.0
0.0338961797285078,2.0,2.0,2.0,2.0,2.0,2.0,2.0,2.0,2.0,2.0,2.0,2.0,2.0,2.0,2.0,2.0,2.0,2.0,2.0,2.0,2.0,2.0,2.0,2.0,2.0,-0.2797341636629671,-0.2804164853098458,-0.2811314448564638,-0.281880516358738,-0.2826652541022489,-0.2834872665246228,-0.2843482705170548,-0.2852500313530842,-0.2861944185519617,-0.2871833850909193,-0.2882189760784803,-0.2893033358748855,-0.2904387153128369,-0.2916424929617304,-0.2929077753797001,-0.2942343751620219,-0.2956250470303576,-0.2970826822508071,-0.2986103129751331,-0.3002111181130495,-0.3018884308622843,-0.3036457473198496,-0.3054867320743568,-0.3074152298423901,-0.3094682875208044,-0.3116321538401675,-0.313900397036539,-0.3162777858514209,-0.3187692855039719,-0.3213801322516957,-0.3241157983253864,-0.3270110848875479,-0.3300879083729525,-0.3333130865586492,-0.3366934087035565,-0.3402359881360033,-0.3439482991990776,-0.3479285116850715,-0.3521089237266306,-0.3564905363451088,-0.3610827304343451,-0.3659580790582553,-0.3711305112596227,-0.3765520572354389,-0.3822342085872409,-0.3883135550677221,-0.3947140255115354,-0.4014224751281177,-0.4085671506071162,-0.416121901127384,-0.4240401855828684,-0.432512388468835,-0.4414267515107389,-0.4508465096998604,-0.4608780407296101,-0.4714068374847718,-0.4826905787727434,-0.4945172209616995,-0.5071952685904194,-0.5205041793269858,-0.534760821380508,-0.5497842520674077,-0.5657975732179066,-0.5827843636560572,-0.6007618236398595,-0.6199881737583013,-0.6403444807845466,-0.6619326895309288,-0.6850135271231179,-0.70950198060697,-0.7355022885725718,-0.7631575383006002,-0.7926677667373843,-0.8240290778832355,-0.857367319420743,-0.892813871164464,-0.9305056243487456,-0.970662853351977,-1.0133981434273895,2.0,-1.1071102896827991,-1.1584146238584767,-1.2129106661976212,-1.2707728811907073,-1.332218614138847,-1.397527041179432,2.0,-1.540186820047346,-1.617896877306418,-1.7001492563837055,-1.7874055663422057,-1.879630605406507,-1.976936660895639,-2.079959010742806,2.0,-2.303191480303311,-2.424290102528333,2.0,-2.6859405168237434,-2.8270446134171436,2.0,-3.1322634623095977,2.0,-3.469425209115287,-3.650972018398263,-3.8413560928833888,-4.041512428537855,-4.251799790708137,-4.472260569225745,-4.703310166206654,-4.945825648316169,-5.200304482140752,-5.467251192736053,-5.747188762092253,-6.040467240201246,2.0,-6.669837460809065,2.0,-7.3614423295747935,2.0,-8.121101461547754,-8.528432520545909,-8.955236627750832,-9.402420027406132,-9.87093206834312,-10.361684987189182,-10.87568994870901,2.0,2.0,2.0,-13.18824764582462,-13.83673426116225,-14.516038915203092,-15.227614491311927,-15.972982886705656,2.0,-17.57155440899677,-18.428178706689927,2.0,2.0,2.0,-22.280779551901652,2.0,-24.4919568889334,2.0,-26.917763759342098,-28.217574862507867,-29.578994927495536,2.0,-32.49846373678863,-34.06276797751432,-35.701201684338976,-37.417275455458906,-39.21466529619713,-41.09722271809122,-43.06897982387238,-45.134161113759696,-47.297190955219,-49.56270312123298,2.0,-54.42082034666543,-57.02383278679888,-59.75016637790524,-62.605662042973066,-65.5964371957961,-68.7288994220404,2.0,2.0,-79.04512565236799,-82.81470359138302,2.0,2.0,-95.22913197667629,2.0,2.0
0.0329297125509715,2.0,2.0,2.0,2.0,2.0,2.0,2.0,2.0,2.0,2.0,2.0,2.0,2.0,2.0,2.0,2.0,2.0,2.0,2.0,2.0,2.0,2.0,2.0,2.0,2.0,-0.2799166860284556,-0.2806254287612041,-0.2813680588361562,-0.2821461220539862,-0.282961213983734,-0.2838150327906505,-0.2847093308883257,-0.2856459829318024,-0.286626906270327,-0.2876541349557854,-0.2887298136731004,-0.2898561530338047,-0.2910355060208961,-0.292273396278338,-0.2935856939807336,-0.2949615366317675,-0.2964037872411131,-0.2979154491365545,-0.2994996654587387,-0.3011597309826567,-0.3028991296098731,-0.3047214614716312,-0.3066305557600649,-0.3086303789720777,-0.3107288592435188,-0.312968957129805,-0.3153170521818011,-0.3177780797459212,-0.320357183751619,-0.3230597844352636,-0.325891553887345,-0.3288584470533273,-0.3320210860554522,-0.3353537792092115,-0.3388467368642291,-0.3425072853825359,-0.3463431271697896,-0.3503877929541486,-0.3547000857878549,-0.3592199361828402,-0.3639567803809135,-0.3689206835087526,-0.3742295393527901,-0.379812782719453,-0.3856642898676569,-0.3918209669357682,-0.3984019827151052,-0.4052995441625708,-0.4125283074615231,-0.4202816419389992,-0.428410930173738,-0.4369681221947149,-0.4461070722036769,-0.4556853380013781,-0.4658819540274388,-0.4766464351560882,-0.4880326208969448,-0.5001250846147273,-0.5128895144526753,-0.5264683083510826,-0.5408213311388343,-0.5560625315610462,-0.5722381021143296,-0.5893375834349674,-0.6075955814938137,-0.6268893554796064,-0.6473999701881491,-0.6692325239279372,-0.6923623734266802,-0.7169222721633299,-0.7431246712549595,-0.7709288011484117,-0.8004488359639337,-0.831804159733246,-0.8652422188752105,-0.9007834527662716,-0.9385480738052904,-0.9786788140760084,-1.0213241436804603,-1.066638149127224,-1.1148263807485776,-1.166084124777822,-1.220516603235531,-1.2783028521950477,-1.3396244111977909,-1.4046667615294837,-1.4736163287433073,-1.546752277788306,-1.6243536252424349,-1.706486253580758,-1.7933306903958874,-1.8851335953534936,-1.9824255194124132,-2.0850870575673968,-2.1933329583025887,-2.3078925706335793,-2.4283654316023204,-2.555661349496,-2.689468444352512,-2.8306794931647143,-2.978895277964039,-3.1352665040535657,-3.2992871460364936,-3.471785492854286,-3.653329259084039,-3.843622836379258,-4.043426701572972,2.0,-4.473927566974422,2.0,-4.947219279763857,-5.201494638724066,-5.468266645715046,2.0,-6.0414001925127625,-6.348646302693353,-6.670627669914156,-7.008179449308953,2.0,-7.732846520452909,2.0,2.0,-8.955473892229733,2.0,2.0,-10.36182500294975,2.0,-11.414273135365844,-11.978321215643469,-12.569220011247326,-13.188231605985742,-13.836678672184112,-14.515946406615654,-15.227488032807958,-15.97282509690216,-16.753552040519363,-17.571340071370866,-18.4279394371842,-19.325183498803582,2.0,-21.249381265895053,-22.280455231523632,-23.36042314740444,2.0,-25.67640257218741,-26.91737408627883,-28.217171752967815,-29.57857859917779,-31.00451080541211,-32.498024266579144,-34.06231697553229,2.0,-37.41680453278049,-39.214185561370975,-41.0967340427901,-43.06848262964832,-45.133656173114,-47.296678797993025,-49.56218466552192,-51.93502613747767,-54.420288929883306,-57.02329563374041,-59.74962370489816,2.0,-65.59588411822901,-68.72834137128878,2.0,2.0,-79.04455512271522,-82.81412911945363,-86.76227981259305,-90.89746596680308,-95.22854707570524,2.0,2.0
0.0319908018359254,2.0,2.0,2.0,2.0,2.0,2.0,2.0,2.0,2.0,2.0,2.0,2.0,2.0,2.0,2.0,2.0,2.0,2.0,2.0,2.0,2.0,2.0,2.0,2.0,2.0,-0.2800940036817458,-0.2808284006744482,-0.2815979015157968,-0.2824041071911848,-0.2832486801239613,-0.2841333716231344,-0.2850600143532192,-0.2860305279031618,-0.2870469292047964,-0.2881113182667875,-0.2892259126142685,-0.2903930163394024,-0.291615060327264,-0.2928945791087888,-0.2942440144276838,-0.295667671160836,-0.2971600040075868,-0.2987241198859179,-0.3003632735360776,-0.3020808970845154,-0.3038805671492037,-0.3057660384021892,-0.307741252005701,-0.3098103393892971,-0.3119776218182635,-0.3142670154866852,-0.3166926467496689,-0.3192348815230961,-0.3218990418309985,-0.3246907335304537,-0.3276158202307032,-0.3306804579111955,-0.333898180046327,-0.337335292687239,-0.3409375880298412,-0.3447126848671842,-0.348668516559931,-0.3528134696593087,-0.3572161051866833,-0.3618700461912267,-0.3667473918426639,-0.3718584836848437,-0.3772385718909391,-0.3829788185489047,-0.3889947719276574,-0.3952991943711286,-0.4019828102928998,-0.4090639993097631,-0.4164850733496498,-0.4243204999105784,-0.432654674553925,-0.4413889265556011,-0.4506513378526297,-0.4604580269452601,-0.4707406178036186,-0.4817478865807483,-0.4932835478807003,-0.5055697185958591,-0.5185133373623403,-0.5322707861312355,-0.5467885055788023,-0.5622370889698247,-0.5785140239343056,-0.5958982187887921,-0.6142301040974668,-0.6337313567763999,-0.6544283387642738,-0.6763191756538581,-0.6996465384873345,-0.7244052439851315,-0.7506448456423489,-0.7785054793274013,-0.8082000126100509,-0.8397090548177744,-0.8731567335859564,-0.9086729823907332,-0.946429052451688,-0.9866211768829372,-1.0293056832737242,-1.0746373357135184,-1.1227770586770964,-1.1738910828118645,-1.2281512110607784,-1.2857497910133349,-1.3469591667751315,-1.4119001294080742,-1.480747315656883,-1.5536958135828818,-1.630940929013459,-1.7127067672095528,-1.7994175106507049,-1.8911204771938652,-1.9879477451407073,-2.090236721673895,-2.198494902511659,-2.3124854351678383,-2.432870304260778,-2.559787134950642,-2.693369170560036,2.0,-2.982373228551693,-3.1382004610400287,2.0,-3.474431916062188,-3.655617998707547,-3.846021622558277,-4.045556986561103,-4.255232551897514,2.0,-4.706642216541605,-4.948758492722112,-5.20280855918579,-5.469387978235537,-5.749025364562714,2.0,-6.349599827564382,-6.671499945300542,-7.008921201182154,-7.362631623363416,-7.733370442710365,-8.121916450013678,2.0,-8.955750490386034,-9.402804774136069,-9.871202181182923,-10.36193948316258,2.0,-11.414430616843225,2.0,-12.569273149280344,-13.18823909468716,-13.83664379795434,-14.51587294709783,-15.227378639514864,-15.972682475438518,-16.753379111098052,-17.57113845965251,-18.427711099663345,2.0,2.0,2.0,-22.280138194283456,2.0,2.0,-25.676032481103007,2.0,-28.21677186025012,-29.578165715832384,2.0,-32.497586502492126,2.0,2.0,-37.41633457512369,-39.21370640411524,2.0,-43.06798622845806,-45.13315202112729,-47.29616701839971,-49.56166539044924,2.0,-54.41975647836785,-57.0227571563512,-59.74907943031742,-62.60456422949884,-65.59532922252912,-68.72778192657091,-72.00863343617107,2.0,-79.04398206119754,-82.81355207651532,2.0,-90.89688154916882,-95.22795921506052,2.0,-104.51535629257212
0.0310786618778201,2.0,2.0,2.0,2.0,2.0,2.0,2.0,2.0,2.0,2.0,2.0,2.0,2.0,2.0,2.0,2.0,2.0,2.0,2.0,2.0,2.0,2.0,2.0,2.0,2.0,-0.2802662628943789,-0.2810255588254645,-0.2818211423207187,-0.2826546581718913,-0.2835278484249963,-0.2844425107445605,-0.2854005418353195,-0.2864039408259636,-0.2874547785938905,-0.2885552418571123,-0.2897076130344849,-0.290914292791579,-0.2921777833323995,-0.2935007175159111,-0.2948858442570879,-0.2963528300208654,-0.2978937704576603,-0.2995087947457846,-0.3012012785633693,-0.3029747545731897,-0.3048329288821472,-0.3067796853757943,-0.3088190808684484,-0.3109554021359877,-0.3131931163189528,-0.3155369019581195,-0.3180265733980443,-0.3206476253840316,-0.3233943497685787,-0.3262725208697133,-0.3292881845243529,-0.3324476888096117,-0.3357576924939096,-0.3392556883685673,-0.3429641303132459,-0.3468503953838524,-0.3509226851808434,-0.3551896077730164,-0.3596601678345982,-0.3644371810127811,-0.3694508321827739,-0.3747048368229723,-0.3802100717051491,-0.3860438284988307,-0.3922194012584913,-0.39869101709535,-0.4054723980673448,-0.4127063562462562,-0.4203141189832192,-0.4282863939087139,-0.436758127754398,-0.4457006818924016,-0.455071774899099,-0.4650701427134605,-0.4755795927336197,-0.486673728175528,-0.4984563713163109,-0.510822815018112,-0.5240285229622242,-0.5378681209312937,-0.552660663123106,-0.5681844969630305,-0.5847568439604579,-0.602212374870021,-0.6207672018497467,-0.6404246813828414,-0.6611912751105118,-0.6833504776093282,-0.7067797747059055,-0.7315798975008404,-0.7580321294272079,-0.7860569927280243,-0.8157634840525496,-0.847286949527524,-0.8808672928335023,-0.9164941439125184,-0.9543028179158586,-0.9944345981544128,-1.0370367015456534,-1.082315520143637,-1.1304432488274565,-1.1815234482379475,-1.2357296074078177,-1.2932413565933685,-1.3542433403383507,-1.4189234923290868,-1.487492737943941,-1.560268718407994,-1.637378189467905,-1.7189950000238,-1.8053198826586976,-1.8965757590914152,-1.993260512328908,-2.0953951798310264,-2.2030762919924625,-2.3169222081665684,-2.4370382570836084,2.0,-2.697025765532951,-2.83730696865847,-2.985426872854341,-3.140848120800558,-3.3046774791724047,-3.476793302386663,-3.657464398101163,-3.8476885668822103,-4.047269257857684,-4.2565725543640776,-4.4765488165878144,2.0,2.0,-5.203561654211983,-5.4699172313442075,-5.74936244252306,-6.042456423023433,-6.349773131363651,-6.671717994088494,-7.009003698890075,2.0,-7.733204324758272,-8.121646475946896,2.0,-8.955304119772675,2.0,2.0,-10.3612878897055,2.0,-11.413807588105373,2.0,-12.56857041131865,-13.18748473423792,-13.835842485092307,2.0,-15.226493834596653,2.0,-16.752423106375197,2.0,-18.42669432637365,-19.323886149486345,-20.263647635554367,-21.247990554827396,2.0,2.0,2.0,2.0,-26.915797899187503,2.0,-29.5769430512927,-31.002848841082457,-32.496336006498595,-34.060605410663,-35.69900639519404,-37.41504931086254,-39.21241016451144,-41.09493996088906,2.0,-45.13182783579267,-47.29483446637905,-49.56032483741865,-51.93315274153503,-54.41840143442079,-57.021395017970846,-59.74771131162034,-62.603190080760584,-65.59394915771087,-68.72639664003596,-72.00724300549487,-75.44351731820412,2.0,-82.81214773098144,-86.76029045763332,-90.89546905308462,2.0,2.0,-104.51393314270489
0.0301925293735897,2.0,2.0,2.0,2.0,2.0,2.0,2.0,2.0,2.0,2.0,2.0,2.0,2.0,2.0,2.0,2.0,2.0,2.0,2.0,2.0,2.0,2.0,2.0,2.0,2.0,-0.2804336095372653,-0.2812170896012406,-0.282038004851685,-0.2828980624441,-0.2837990414342282,-0.2847428124568855,-0.285731332529558,-0.286766664802532,-0.2878509492536766,-0.2889864424339544,-0.2901755127273542,-0.2914206212857722,-0.2927243666695772,-0.294089452828018,-0.2955187397184639,-0.297018740855401,-0.2986068849050318,-0.3002713745682558,-0.3020156606770141,-0.3038433924947022,-0.3057583905644404,-0.307764673583098,-0.309866420111821,-0.3120680407608505,-0.3143741443300228,-0.316789567078868,-0.319323618840252,-0.3220212414866156,-0.3248481610558978,-0.3278103327449212,-0.3309139756427424,-0.33416564179922,-0.3375721609131229,-0.3411407192293864,-0.3449354986980382,-0.3489297552396641,-0.353115166845393,-0.3575005666738179,-0.3620952127156446,-0.3669357775068305,-0.3720819865826751,-0.3774746740286106,-0.383125252950191,-0.3890456951104884,-0.3953593951627781,-0.4019934156538726,-0.4089449059794914,-0.4162554025739119,-0.4240445193279626,-0.4322067441599995,-0.4407600691625247,-0.4499038557951916,-0.4594868945250026,-0.4695695392987226,-0.4803045942789274,-0.4915537652935198,-0.5035055010104019,-0.5161041441614919,-0.5294163700016994,-0.5435223467972234,-0.5584010440059961,-0.5741899058405172,-0.5908641602501643,-0.6085310321925641,-0.6272552276112067,-0.6470169634860488,-0.6680735364048287,-0.6902994393899426,-0.7138726392493022,-0.7389251120590925,-0.7654287272566114,-0.7935116757101239,-0.8234193719555262,-0.8551063833018507,-0.8886956985827486,-0.9243150471746716,-0.9622044506972034,-1.002429091912804,-1.0451019423493555,-1.0903766902803476,-1.138413124510382,-1.1893771061629113,-1.2434633467801868,-1.3009194367541443,-1.3618543700963202,-1.4264546685895965,-1.4949173509656764,-1.567443843731739,-1.6442361790778657,-1.725556573666604,-1.811757199196089,-1.9029126555881757,-1.9992115653361,-2.100892985171432,2.0,-2.3220706886556632,-2.441673228923869,-2.5681394547877394,-2.701103012335951,-2.841438544327022,-2.988952000446039,-3.144473563212575,-3.3077082485104254,-3.4798029054177526,-3.660266906386961,-3.8500290593068174,-4.049629843047243,2.0,-4.478442401765072,-4.709203153731075,-4.951421426411018,-5.205175052069951,-5.47129291569919,2.0,-6.043455553802286,-6.3506438297295915,-6.672644317853572,2.0,-7.363356697031741,-7.73385878736458,2.0,-8.529179520393319,-8.955672292262134,2.0,-9.870835364228858,-10.361448455477614,2.0,-11.413937092795276,2.0,2.0,-13.18754541922828,2.0,-14.514998076772802,2.0,-15.971653927688248,2.0,-17.569978854433213,-18.426492980708193,-19.323657607299232,-20.26339393489865,-21.24771337901585,-22.278722770246475,-23.358631056258147,-24.489749501079732,-25.674502076809212,2.0,-28.215175760536763,2.0,-31.002430979736317,-32.495905718351665,-34.060162314148926,-35.698551711347264,-37.41458376689118,-39.211934539835504,-41.094454464271635,-43.06617637139485,-45.13132456087338,-47.29432303035135,-49.55980577341012,-51.93262620180499,-54.41786807938364,-57.02085550409494,2.0,-62.60263812840984,2.0,-68.7258338315171,2.0,-75.44294491301264,-79.0420050833468,-82.81156639789411,-86.75970472838313,-90.89487983546756,-95.22595009585918,-99.76219505354054,-104.51333347446548
0.0293316627839004,2.0,2.0,2.0,2.0,2.0,2.0,2.0,2.0,2.0,2.0,2.0,2.0,2.0,2.0,2.0,2.0,2.0,2.0,2.0,2.0,2.0,2.0,2.0,2.0,2.0,-0.2805961836298007,-0.2814031479611686,-0.2822486634272046,-0.2831344850942563,-0.2840624473191792,-0.2850344846516293,-0.2860526121882644,-0.2871189462378159,-0.2882357098340685,-0.2894052258655637,-0.2906299209577988,-0.2919123449404309,-0.293255173687861,-0.2946612050754323,-0.2961333638344361,-0.2976747232001118,-0.29929940560201,-0.3010119123769122,-0.302806492064861,-0.3046869173519797,-0.3066570994566045,-0.3087211742499606,-0.3108834594541644,-0.3131484818774859,-0.3155210037063405,-0.3180059887516523,-0.3206086567457469,-0.3233550838324894,-0.3262598765670239,-0.3293036145614226,-0.3324926961993419,-0.3358338361536263,-0.3393340757158231,-0.3430008057393227,-0.3468497453467637,-0.3509488728393813,-0.3552441123677856,-0.3597445620966187,-0.3644597151565457,-0.3693995550876239,-0.374636791973751,-0.3801642177062304,-0.3859559175180273,-0.3920241857260902,-0.3984083103508524,-0.4052000346684644,-0.412316710737258,-0.4197734424469841,-0.4276666818454218,-0.4360133584933086,-0.4447592367716668,-0.4539850279683957,-0.4637738815091909,-0.4740310142001319,-0.4848924000869606,-0.4963710363735904,-0.5084078619920503,-0.5212506398015285,-0.5347077481991089,-0.5490125732202231,-0.5640654074598265,-0.580038635966675,-0.5968714432314577,-0.6147525876486435,-0.6335704562430282,-0.6536254408038237,-0.6747553089360782,-0.6971797747139153,-0.7209491613848527,-0.7460592861515074,-0.7727492210509617,-0.8010431703544055,-0.8309873720998825,-0.8627155501731091,-0.8964782987934807,-0.9322506512945646,-0.9701662065910932,-1.010364826641965,-1.0530088493438237,-1.0983407468881308,-1.1464139441922685,-1.197393124386137,-1.2514513961191551,-1.3087682039664692,-1.3695288302596094,-1.4339279154660856,-1.5022522508814111,-1.5746733750608477,-1.6513591932004037,-1.7325226564247287,-1.8183755685544984,-1.909142968525514,-2.005273064683589,-2.106878422266566,-2.2140809813314775,-2.3271978805281344,-2.4468281355493025,-2.572749793341459,-2.705567797982178,-2.845579060296677,-2.9928141952101477,-3.1480458208451614,-3.3111536384317386,-3.482731301191394,-3.6633113360125247,-3.852650029505408,-4.051913654106359,-4.261212889686706,-4.480551283928276,-4.710984956975628,2.0,-5.206871788366481,-5.4728143094455515,2.0,-6.044560968012103,-6.351583653031082,-6.673523424100981,-7.01086159847709,-7.364214043798695,-7.734585615844637,-8.122805861955243,-8.529688898827649,-8.956090220397794,-9.40291126275396,2.0,-10.361644499320873,2.0,-11.41404087517886,2.0,2.0,2.0,-13.835895059678796,-14.51499171498192,-15.226375415488484,-15.971566635090314,2.0,-17.56982256620549,-18.426305882128,2.0,-20.263152231858857,-21.247446791069116,-22.278433490711677,-23.358320362399112,-24.48941918948969,-25.674152508237487,-26.91505692032101,-28.21479216631656,2.0,-31.00201773562377,-32.495478691810625,2.0,-35.69809999812481,-37.41412069861313,2.0,2.0,-43.06568314528226,-45.13082228485187,-47.2938122826416,2.0,2.0,-54.41733457030948,-57.02031499637,-59.74661853691631,-62.6020849551663,-65.59283331271168,-68.72526986176752,2.0,2.0,-79.04142633704369,2.0,-86.75911740859098,-90.89428847582036,-95.2253549471985,-99.76159625666077,-104.51273130528084
0.0284953417126098,2.0,2.0,2.0,2.0,2.0,2.0,2.0,2.0,2.0,2.0,2.0,2.0,2.0,2.0,2.0,2.0,2.0,2.0,2.0,2.0,2.0,2.0,2.0,2.0,2.0,-0.2807541190261799,-0.281583891845828,-0.2824532920660176,-0.2833641292410079,-0.2843182958809918,-0.2853177789107918,-0.2863646528864179,-0.2874610996668319,-0.2886093993904127,-0.289811935811143,-0.2910712312755312,-0.2923898929367565,-0.2937706757201788,-0.295216455857755,-0.2967302501549105,-0.2983152131399171,-0.2999746613489967,-0.3017310561166467,-0.3035744829294723,-0.305506058356847,-0.3075298255619116,-0.3096500227423869,-0.3118710895427463,-0.3141976870796243,-0.3166346928647622,-0.3191872208973087,-0.3218606362424173,-0.3246605535861617,-0.3276307283372545,-0.3307536691778119,-0.3340257113733239,-0.337453743093174,-0.3410449959224771,-0.3448070422541285,-0.3487478138692421,-0.3529094967909798,-0.3573113901705787,-0.3619235219854576,-0.3667557177283987,-0.3718181123201224,-0.3771213243716664,-0.3827758122611082,-0.388704559639701,-0.3949163667559248,-0.4014244018017272,-0.4083136894131306,-0.415590764191125,-0.4232155029559523,-0.431204102599084,-0.4397095726404161,-0.4486430595577296,-0.4580032427856269,-0.4679364866429191,-0.4784029557639613,-0.4893694660157965,-0.5010484954468457,-0.5133094804390781,-0.5262476956666176,-0.53995309303346,-0.5543434909092724,-0.5696597823760483,-0.5857173668697286,-0.6028300702050403,-0.6207932169005648,-0.6399078123340586,-0.660041646632116,-0.6813867944834157,-0.7039847378042571,-0.7278202128432301,-0.7532013549185638,-0.7800137124766068,-0.8083549200997588,-0.8385031115714158,-0.8704207572250451,-0.9042065903774829,-0.9399883634190744,-0.9780357326115012,-1.0183568364992088,-1.0610850505181004,-1.1063725605964956,-1.1543779912714265,-1.2052829290995302,-1.2593380860588996,-1.3166355177483438,-1.377357437369897,-1.4416976988404884,-1.5098552730168284,-1.582034251766442,-1.6584449091567892,-1.7394091160399534,2.0,-1.9158020729691951,-2.011599591656856,-2.112758477288753,-2.2197843325274684,-2.3328135837165136,-2.451905899550556,-2.577620593171215,-2.710262416162699,-2.849732984522492,-2.997018081825757,-3.1516459589544494,-3.314792366187597,-3.4859336084335064,-3.6662724518094425,-3.85560095537594,-4.054367122155089,2.0,2.0,-4.712967611074372,-4.954698160489038,2.0,2.0,2.0,-6.045783453012739,-6.352624244964773,-6.674407976092459,-7.011762150510749,2.0,-7.735391259616094,-8.12348704722564,-8.530259205237723,-8.956562293497695,-9.4032953973126,-9.87140331157038,-10.361878995305135,-10.875764102556408,-11.414152642360891,-11.97818573870942,2.0,2.0,-13.835962072725373,2.0,-15.226349630259037,-15.971500086195649,-16.752054870894888,-17.569682970443342,-18.42613442381275,-19.323240632855494,-20.262922628206873,-21.247191760132715,-22.278154538706374,-23.358018581134925,-24.489096588072673,-25.673810582916992,-26.914697285501457,2.0,-29.575746194793524,-31.001608967225927,-32.49505603474131,2.0,-35.697651605128364,-37.413660458459205,-39.21098952104806,-41.09348884414037,-43.06519153646358,-45.13032136008323,-47.29330233423524,2.0,-51.93157407490203,-54.41680096800606,-57.019774882024066,2.0,2.0,-65.5922740289999,2.0,-72.00553573923185,-75.44179547186921,2.0,-82.81039845116746,-86.75852857689908,-90.893695196594,2.0,-99.76099502970926,-104.51212666995096
0.0276828663039206,2.0,2.0,2.0,2.0,2.0,2.0,2.0,2.0,2.0,2.0,2.0,2.0,2.0,2.0,2.0,2.0,2.0,2.0,2.0,2.0,2.0,2.0,2.0,2.0,2.0,-0.2809075533459538,-0.2817594680924055,-0.2826520610917848,-0.283587185401304,-0.2845668034688033,-0.2855929360700533,-0.2866677234606204,-0.2877934027145148,-0.2889723302697334,-0.2902069461627625,-0.2914998298465486,-0.2928536743886442,-0.2942713107136487,-0.2957556860210172,-0.2973099160922501,-0.2989372279290341,-0.3006410272966265,-0.302429428072995,-0.3043202823457601,-0.3063015340652641,-0.3083773295108476,-0.3105520259553516,-0.312830168009453,-0.3152165535998176,-0.3177161828269136,-0.3203343013917156,-0.3230764128526554,-0.325948282466808,-0.3289619162517239,-0.3321617665303337,-0.3355143645721646,-0.3390267664581561,-0.3427063937448579,-0.3465610078527057,-0.350598738237445,-0.3548281174654327,-0.3593188197147508,-0.3640394537869472,-0.3689852428838562,-0.3741666010086547,-0.3795946416103022,-0.3853117462487202,-0.3913735759386624,-0.3977247647532987,-0.4043787941927826,-0.411349787968585,-0.4187699341344229,-0.4265578177367294,-0.4347172965548489,-0.4432986179915451,-0.4524142863081102,-0.461965285869635,-0.4719783512800655,-0.4826480348012724,-0.4938275345508776,-0.5055902307915565,-0.5180777141010717,-0.5311618924780815,-0.5450461301232477,-0.5596589503423827,-0.5750921103910271,-0.5914089515508947,-0.6086157851808298,-0.626831257538198,-0.6460613720772916,-0.666391529690896,-0.6879218176459785,-0.710606280924402,-0.7347437795167331,-0.7601976856357431,-0.7871331677625164,-0.8157298469372791,-0.8459478386604005,-0.8779036562577334,-0.911883423473354,-0.9478441123957816,-0.985911651784774,-1.0262243977443783,-1.0689991902273408,-1.114376900786324,-1.1624502193102613,-1.2133846065346934,-1.2673523163975022,-1.324532326662892,-1.3851122998132326,-1.4493648356411524,-1.5174517115408628,-1.5895466355118562,-1.6658634709821518,-1.746619890378347,-1.8320369516527777,-1.9223579021600776,-2.0179933657784854,-2.119068903220974,-2.225762299746285,-2.3383046921056443,-2.457302387814537,-2.5827905574518573,-2.71487298639326,-2.8544053702194137,-3.001100184138061,-3.155738716735628,-3.318316207009759,-3.489535656197934,-3.669267590662899,-3.8586183328699057,-4.057129012666622,-4.265847552439256,-4.485260693335418,2.0,-4.956563183827834,2.0,-5.476153205827861,2.0,-6.047136077792471,-6.353776165297578,2.0,-7.012622342720204,-7.366074792017059,2.0,2.0,2.0,2.0,-9.4037321825836,-9.871755502104882,-10.362154672253252,2.0,-11.414297562750775,2.0,-12.569092886455834,2.0,2.0,-14.515056029660082,-15.22634822716022,-15.971455521585684,2.0,2.0,2.0,-19.323054210049783,-20.26270743655628,2.0,2.0,2.0,-24.488783438418448,-25.67347657942351,-26.91434487235955,-28.214044501701615,-29.575359625580333,-31.001206223291288,-32.4946385148883,-34.05885516036312,-35.69720688396557,2.0,-39.210521121769325,2.0,-43.064701958876746,2.0,-47.29279420719361,2.0,2.0,-54.41626808468588,-57.01923455723644,-59.74552443522581,-62.60097846688758,2.0,2.0,2.0,-75.4412187913596,-79.04026464970215,-82.80981224847675,-86.75793787324164,2.0,2.0,2.0,-104.51152029454276
0.0268935566567226,2.0,2.0,2.0,2.0,2.0,2.0,2.0,2.0,2.0,2.0,2.0,2.0,2.0,2.0,2.0,2.0,2.0,2.0,2.0,2.0,2.0,2.0,2.0,2.0,2.0,-0.2810566101113,-0.2819300270922251,-0.2828451418834035,-0.2838038621359915,-0.28480818093468,-0.2858601917225412,-0.2869620865294346,-0.2881161595001865,-0.289324813050919,-0.2905905772972194,-0.2919160871931547,-0.2933041012353454,-0.2947575197097821,-0.2962793839918447,-0.2978728637178618,-0.2995412944377842,-0.3012881607111971,-0.3031171178675129,-0.3050445417619308,-0.3070740320874767,-0.3092003535942939,-0.3114279693682691,-0.3137615409436855,-0.3162059809738231,-0.3187664187326701,-0.3214482279325946,-0.3242570475267953,-0.3271987868534347,-0.3302796390780321,-0.333529136150169,-0.3369599544373441,-0.3405542938800432,-0.3443197365015796,-0.3482642279422792,-0.3523961067729251,-0.3567240952981184,-0.3612681258109615,-0.3660941091295289,-0.3711502286455999,-0.3764471969410878,-0.3819962153259,-0.3878091051298743,-0.3939652925465295,-0.4004518380205477,-0.4072476421317293,-0.4143671266566497,-0.4218569924999961,-0.4298033051160124,-0.4381287219139698,-0.4468509492821959,-0.4560762124400135,-0.4658125161610035,-0.476013261100882,-0.4867701695808138,-0.4981563682754987,-0.5100858572544911,-0.5227077705031086,-0.5360225076847106,-0.54999136970327,-0.564849270384917,-0.580416549402765,-0.5969438943725591,-0.6143126065283944,-0.6327253886558514,-0.6521001930522775,-0.6726593564563744,-0.6942690025579747,-0.7172621440101281,-0.7414722817140957,-0.7671061384801091,-0.7942574950889293,-0.8229113335725293,-0.8532927414840731,-0.8854774382088819,-0.9194991495540084,-0.955483368731908,-0.993712494835635,-1.0341762349969053,-1.077008249325664,-1.122359090132429,-1.1703866075207243,-1.2213546168151632,-1.2753560081824884,-1.3325477456873418,-1.3931166184595454,-1.4572562987835855,2.0,-1.5970552166911978,-1.6731816048580708,-1.7538247005185623,-1.839130379972285,-1.9293256808069357,-2.0246437755549533,-2.1253142951052615,-2.231773765942381,2.0,-2.4628725561294433,-2.5878863787380686,-2.7199988983702963,-2.8590341835052495,-3.00549442952959,-3.159894418188592,-3.322118838076891,-3.493119432964996,-3.672661879713723,-3.861541276132152,2.0,-4.268430814457042,-4.487541386538502,-4.717569058562263,-4.958641271829178,2.0,2.0,-5.756546875696539,2.0,2.0,-6.676472129985962,-7.013543134783796,-7.366949150655256,2.0,-8.125082028401888,2.0,-8.95768833538486,2.0,-9.872157725874017,-10.362475623173754,-10.876218819802215,-11.414478756038786,-11.97840115114019,-12.569187117913588,-13.188030258421753,2.0,2.0,-15.226373147591072,-15.971434786817142,-16.751907818534,-17.569460857241644,-18.425842422791415,2.0,-20.262506812362048,2.0,-22.277630977547908,2.0,-24.48848079878339,-25.67315275965122,-26.914000501487365,-28.213681447454935,-29.574979043560212,2.0,2.0,-34.05842808202737,2.0,-37.41275024429042,-39.21005601389598,-41.09253321549272,-43.064214912520335,-45.12932499952558,2.0,-49.55773640475028,-51.93052482339096,2.0,2.0,-59.7449775780003,-62.60042489884721,-65.59115427561983,-68.72357322341261,-72.00439272625863,2.0,-79.03968219495825,-82.8092243870615,-86.75734584348565,-90.89250341404916,2.0,2.0,-104.5109117036498
0.0261267522556332,2.0,2.0,2.0,2.0,2.0,2.0,2.0,2.0,2.0,2.0,2.0,2.0,2.0,2.0,2.0,2.0,2.0,2.0,2.0,2.0,2.0,2.0,2.0,2.0,2.0,-0.2812014167913381,-0.2820957233979206,-0.2830327149973053,-0.2840143525776349,-0.2850426720789744,-0.2861198215122276,-0.2872480464029059,-0.2884296960593359,-0.2896672364160449,-0.2909632431689235,-0.2923204394789154,-0.2937416343081376,-0.2952298141476234,-0.2967880779962953,-0.2984196888613457,-0.3001280466988251,-0.3019167376351204,-0.3037895042988573,-0.3057502634474386,-0.3078248768036167,-0.3100002803103957,-0.3122793031515365,-0.3146667235871817,-0.317167558035449,-0.3197870544617758,-0.3225307252403142,-0.3254043418789956,-0.3284139438000196,-0.3315658729713002,-0.3348667711336325,-0.3383656810571541,-0.3420396123129523,-0.3458884059520888,-0.349920222163803,-0.3541435430501793,-0.3585673107757771,-0.3632008750186411,-0.3680930975214628,-0.3732564184538365,-0.3786656505502273,-0.3843322658511371,-0.3902682794288724,-0.3964882409298205,-0.4031062768824738,-0.4100397989137851,-0.4173035248923923,-0.4249128834675081,-0.4329641640786223,-0.4414507797229547,-0.450341837003672,-0.4596562525262612,-0.4695612793957316,-0.4799506314652585,-0.4908350042402298,-0.5023770712045666,-0.5145169426155729,-0.5272354913026189,-0.5407643707940932,-0.5549487737441012,-0.5699169453398271,-0.5857335957595757,-0.6023519846440073,-0.6199855672970956,-0.6384888745864163,-0.6581450588022898,-0.6787929805586108,-0.7006992354725851,-0.723780322289349,-0.7481890106603882,-0.7740228007746927,-0.8012482905160915,-0.8301537502542358,-0.8606888221222639,-0.8929309624306387,-0.9271320739286868,-0.9633323801649536,-1.001606283448357,-1.0420901715988664,-1.08502370341572,-1.1305082158137787,-1.1786472140838564,-1.2296059086129287,-1.283554036209953,-1.3406705701169068,-1.4012073878110758,-1.4653414521933563,-1.5332277000647732,-1.605075624805929,-1.6811010890800109,-1.7615250881376563,-1.8465737177267696,-1.936520383333133,-2.0317236290037606,-2.1323167490196036,-2.238525538503823,-2.3505857508837886,-2.4689410999584305,-2.593942053116254,-2.725577114636207,-2.8643163656796733,-3.010716289077568,2.0,-3.3268606347455965,-3.497251425313274,-3.6768822622556274,-3.865286641084973,-4.063743592007786,2.0,-4.490594245723334,-4.720540856258697,2.0,-5.214478950613442,-5.4800835905675225,-5.758867665386202,2.0,-6.357163316962937,-6.678384477635233,-7.015284685718734,-7.368546650144533,2.0,2.0,-8.533132335516184,-8.959097862531637,-9.405530955897564,-9.873371090929808,2.0,2.0,-11.415468879439825,-11.97933080187408,-12.570062184279909,-13.18891231628924,-13.837105277350627,2.0,-15.22720997331562,2.0,-16.752657509811918,-17.570172217573703,-18.426518396670268,-19.323527961858215,2.0,2.0,2.0,-23.35798268392281,-24.488993184457012,-25.67364416333357,2.0,-28.21413497302523,-29.57541578429517,-31.00122999965448,-32.49463174330189,-34.05881985848025,-35.69714490823159,-37.41311604800768,-39.210410105055225,-41.09287626925409,2.0,-45.12964793478063,-47.292600921649154,-49.5580410139237,-51.930821676129526,-54.41602509123557,-57.01897681513695,-59.74525246170267,-62.600692705649344,-65.59141627233313,2.0,2.0,-75.4408869920588,-79.03992244214353,-82.80946012151445,2.0,-90.89273050562583,-95.22378074532472,-99.76000668749028,-104.51112704404412
0.0253818114182604,2.0,2.0,2.0,2.0,2.0,2.0,2.0,2.0,2.0,2.0,2.0,2.0,2.0,2.0,2.0,2.0,2.0,2.0,2.0,2.0,2.0,2.0,2.0,2.0,2.0,-0.2813420866828315,-0.2822566742790392,-0.2832149058852251,-0.2842187820678328,-0.2852704001015099,-0.2863719551408329,-0.2875257335134923,-0.2887341592057078,-0.2899997392200483,-0.2913251216571125,-0.2927130720357274,-0.2941664874426948,-0.2956884057300298,-0.2972820174667201,-0.2989506449966038,-0.300697785632506,-0.3025270869244023,-0.3044423824514066,-0.3064476912317859,-0.3085534102894194,-0.3107764652428347,-0.3131053857862061,-0.3155450783911129,-0.3181006559550395,-0.3207774931295971,-0.3235812250037636,-0.32651774315455,-0.3295932319539343,-0.3328141708259752,-0.3361873462391885,-0.3397288878003672,-0.3434800820217062,-0.3474098095845209,-0.3515263724894634,-0.355838473664476,-0.3603552211348677,-0.3650861837581068,-0.3700413582427213,-0.37529794874394,-0.3808161461281843,-0.3865968986819844,-0.3926524872848126,-0.39899570816073,-0.4056777679480179,-0.4127449776617101,-0.4201487356160971,-0.4279047660368942,-0.4360295485947075,-0.4446675118175619,-0.4537224756203315,-0.4632085628272067,-0.4731889174384377,-0.4837612345888008,-0.4948373161828629,-0.5064586486753269,-0.5188027591512032,-0.531735229244689,-0.545347325116203,-0.5597593815729384,-0.5748582383180283,-0.590869449351521,-0.60769400001076,-0.6254615665790544,-0.644205982443916,-0.6639751729815158,-0.6848550375697041,-0.7068979493873147,-0.7301522918994017,-0.7547704155838986,-0.7806756116522856,-0.8081914085259488,-0.8371972757121164,-0.8678240706075092,-0.9003202855962964,-0.9346244491376376,-0.9708596994672694,-1.009291399132147,-1.0499531722771878,-1.0929472553696122,-1.1384226078794637,-1.1865596822828648,-1.2376048402174002,-1.2916175948903974,-1.348776127980341,-1.4092664427447432,-1.4732817961245286,-1.5410226392282238,-1.612721603038319,-1.688663067761155,2.0,-1.85394862309676,-1.943752604077283,-2.0386498675217735,-2.1388827274182107,-2.244851843174605,-2.356830230644766,-2.4749470033916254,-2.599438970367538,-2.730881308041876,-2.8695035113601057,-3.015305936255197,-3.1691666050912075,2.0,-3.50127755900441,-3.6804127019245967,2.0,-4.066699986679673,-4.274981673529956,-4.493302931671326,-4.722830508394674,-4.9639781985448685,-5.2166483947552456,-5.481912250691325,-5.760453109504873,-6.052643647828897,-6.3587198187498695,-6.679708993396431,-7.016410706410784,2.0,2.0,-8.127657523002119,2.0,-8.95983298023604,-9.406147776933484,-9.87388251316722,-10.364024488540444,-10.877609954368452,-11.415727726964365,2.0,2.0,2.0,-13.83721737836288,-14.51615067664322,-15.227291168170416,-15.972256376831172,-16.75264104248014,-17.57011242851706,-18.42641934064134,-19.323392300698593,2.0,-21.247104826587385,2.0,-23.357726086881083,-24.488711233893508,-25.67333942451998,2.0,-28.213788011774177,-29.57504969583485,-31.000846099029346,-32.494231011388734,-34.05840297542751,-35.696713751828895,-37.41267161841785,-39.20995237264601,2.0,-43.06406615845927,-45.129155625531375,-47.29209875303017,-49.557528791447425,-51.930300272028035,2.0,-57.01843848056911,-59.7447062365894,-62.60014011339051,-65.59085639552914,-68.72326294409321,-72.00407070234893,-75.44030857606268,-79.03933849331845,-82.80887117274045,2.0,-90.8921315709288,-95.22317732135431,-99.75939900145356,-104.5105153104307
0.024658110758226,2.0,2.0,2.0,2.0,2.0,2.0,2.0,2.0,2.0,2.0,2.0,2.0,2.0,2.0,2.0,2.0,2.0,2.0,2.0,2.0,2.0,2.0,2.0,2.0,2.0,-0.2814787561248016,-0.2824130247582259,-0.2833918815777869,-0.2844173599954934,-0.2854916038355311,-0.2866168530095969,-0.2877954520781191,-0.2890298703678574,-0.2903226745301935,-0.29167658415031,-0.2930944045350042,-0.2945791116826302,-0.2961337975194044,-0.2977617318242537,-0.2994663101876085,-0.3012510985965812,-0.3031198374240071,-0.3050764372361049,-0.3071250046463455,-0.3092698333380427,-0.3115302401013771,-0.3139076316365799,-0.3163980720781773,-0.3190068135972138,-0.3217393356041245,-0.3246013906952393,-0.3275989955401128,-0.3307384645701472,-0.334026411016276,-0.3374697793180652,-0.3410758131770569,-0.3448789225945157,-0.3488872250181942,-0.3530861051815525,-0.3574844236261598,-0.3620914709931399,-0.3669169964089458,-0.371971240621091,-0.3772804395561355,-0.3829044766495648,-0.3887960490919189,-0.3949677487661625,-0.4014325795300142,-0.4082042804779802,-0.4153719016207836,-0.4229116447772482,-0.4308101019473042,-0.4390840688081514,-0.4477911443765597,-0.457005278597919,-0.4666580810786644,-0.4767700981281549,-0.4874615107588304,-0.4987237653179811,-0.5105222053122256,-0.5229644420105165,-0.536104656249446,-0.5498706441342283,-0.5644304763011929,-0.5797611546369557,-0.5958565191657946,-0.6129273060822464,-0.6308115283034481,-0.6497846757694369,-0.6696965047923163,-0.6907938129241075,-0.712959761887882,-0.7364657593358488,-0.7611606123309855,-0.7873664270576765,-0.8149659025817807,-0.844123623835445,-0.8749958676415522,-0.9075486867819832,-0.9419827056647344,-0.9784479194020697,-1.0169548186262232,-1.0576382763859862,-1.1007530159994967,-1.1463768391213014,2.0,-1.2456338598282797,-1.2995991551095358,-1.356736081967151,-1.4172562137693951,-1.4812793920367082,-1.5490070113744658,-1.6206483501549958,-1.6964202959517949,-1.7765461499786026,-1.8612627810690776,-1.9509105164425309,-2.0456913191128763,-2.14581494845802,-2.2515352994934665,-2.3631041555374983,-2.480891142702127,2.0,-2.7364769753268896,-2.8745712060848683,2.0,-3.1738144950762313,-3.3352553755445022,-3.505449279872709,-3.684135906493272,-3.872442791170855,-4.07002644272163,-4.277904778346105,-4.496314231021304,-4.725364431322578,-4.966260436700375,-5.219023795941314,-5.483951148457601,-5.76217369926035,-6.054242417939398,-6.360401240998318,-6.681176452928168,-7.017658599590656,-7.370561682868607,2.0,2.0,-8.534933509293403,2.0,2.0,-9.87445817117214,-10.36449880241345,-10.877994365015738,-11.416031223890794,2.0,-12.57035594547378,2.0,2.0,-14.516272128986964,2.0,-15.97231566849116,-16.75265096585791,-17.570077301998666,-18.426342212754545,-19.323276601299455,-20.262799435470757,2.0,-22.277746537447356,-23.35748324154352,-24.488442300031277,-25.673045621268574,-26.9138294483065,-28.213450471986786,-29.57469218788037,-31.000469907477267,-32.493837605174924,2.0,-35.69628875154369,-37.41223200445708,-39.209499232498715,-41.09194047885935,2.0,2.0,-47.29159889786485,-49.55701946191936,-51.92978114416888,2.0,-57.01790216886737,-59.74416214779162,2.0,-65.59029711562857,-68.72269690137921,-72.00349826568316,-75.4397300771688,-79.03875425046897,-82.80828148483657,-86.7563877973323,2.0,-95.22257292154542,-99.75879002002851,-104.50990230801858
0.0239550446634991,2.0,2.0,2.0,2.0,2.0,2.0,2.0,2.0,2.0,2.0,2.0,2.0,2.0,2.0,2.0,2.0,2.0,2.0,2.0,2.0,2.0,2.0,2.0,2.0,2.0,-0.2816115173068177,-0.2825649122107262,-0.2835637901921377,-0.2846102453043919,-0.2857064584830453,-0.2868547235063975,-0.2880574297000519,-0.2893170844230914,-0.29063634111565,-0.2920179371112288,-0.2934647684636923,-0.2949798545287331,-0.2965663707016926,-0.2982276300949521,-0.2999671176544645,-0.301788459005811,-0.3036955050434614,-0.3056922187624901,-0.3077827927880288,-0.3099716312780076,-0.3122633090256133,-0.3146867261783975,-0.3172264581629005,-0.3198868249845614,-0.3226734218149236,-0.3255921095786628,-0.3286490350162995,-0.331850636847071,-0.3352036632200535,-0.3387151898276592,-0.3423926193927958,-0.346243715763988,-0.3503219741712909,-0.3546007844691666,-0.3590828085169337,-0.3637775539844935,-0.3686949282716271,-0.3738453622929163,-0.3792397585973118,-0.3849324266906403,-0.3909315768359808,-0.3972160880811702,-0.4037990036857584,-0.4106944012273996,-0.4179228432946911,-0.4255946458742023,-0.4336314254123636,-0.4420502651131045,-0.4508690683978095,-0.4601931027557467,-0.4700078072883745,-0.4802893994403896,-0.4910597734416259,-0.5024977361659967,-0.5144855451574232,-0.5270436516584733,-0.5403475739545672,-0.5543248753450213,-0.5689679823496294,-0.5845220024694162,-0.6008182173542846,-0.6180091191818647,-0.6361438465326358,-0.6552016187221092,-0.675379744666697,-0.696560308844795,-0.7190089606700325,-0.7425959834054356,-0.7675668684555144,-0.7938744616150843,-0.8216464896623727,-0.8510223827416596,-0.8819590967953637,-0.91473309164232,-0.9493418823605762,-0.9858535694705306,-1.0245038221536933,-1.0653912307091438,-1.108576651809059,-1.1542072815049909,-1.2025022795857343,-1.253637368401033,-1.3076978367361325,-1.364860907534594,-1.425311264914651,-1.4892412822990957,-1.556876145457056,-1.628487271246394,-1.7042120958465428,-1.7842738016218476,-1.868905941437517,-1.958348647151221,-2.052848242354601,-2.1526666811510102,-2.2582091598725142,-2.369672431006067,-2.487270332748205,-2.611263537730707,-2.742049929060024,-2.8801378279249175,-3.0254937370849153,-3.1785337403675213,-3.3399731752112887,-3.5095398771493524,-3.688315369638617,-3.8759794913866834,-4.073666825626923,-4.280998303592628,-4.499292906047856,-4.728222994978983,-4.968633378739739,-5.221352297660524,-5.486229627871027,-5.764090433258544,2.0,-6.362034177408157,-6.682803568579304,-7.019042093921235,-7.371737691256551,-7.741599062524382,-8.129380651066164,-8.535826513694872,2.0,-9.407603569735045,-9.875102509204424,-10.365034689972177,-10.87843287538166,2.0,-11.98002627722308,2.0,2.0,2.0,-14.516367460152813,2.0,2.0,-16.75268917792548,-17.570067487800152,-18.426288242084095,-19.323182268471836,2.0,-21.246754300513224,-22.27754787442262,-23.357254801096765,-24.488186734850693,-25.672764341521287,-26.91352385836677,-28.21312293808453,2.0,-31.000102204607025,-32.49345163315153,-34.05759071559915,-35.69586972034703,-37.4117980116406,-39.20905114953428,-41.09147865219138,-43.063114142246405,-45.12818062977364,-47.2911021301003,2.0,-51.929264154116794,2.0,2.0,2.0,-62.599036978534954,-65.5897387140689,-68.7221311529491,-72.00292606634595,-75.43915146344813,2.0,-82.80769156199788,2.0,2.0,-95.22196776260644,-99.75818046292396,-104.5092882468912
0.023272024789604,2.0,2.0,2.0,2.0,2.0,2.0,2.0,2.0,2.0,2.0,2.0,2.0,2.0,2.0,2.0,2.0,2.0,2.0,2.0,2.0,2.0,2.0,2.0,2.0,2.0,-0.2817404974940836,-0.2827124591202689,-0.2837307876984052,-0.2847976118224669,-0.2859151616355977,-0.2870857686625612,-0.288311881433371,-0.2895960552805185,-0.2909409881141928,-0.2923494795628187,-0.2938244778682763,-0.2953690693123842,-0.2969864884940628,-0.2986801174339574,-0.3004535022609431,-0.3023103602849561,-0.3042545881232021,-0.3062902534659337,-0.3084216306008375,-0.3106531938384502,-0.3129896240061812,-0.3154433457052319,-0.3180309467694074,-0.3207414422301081,-0.323580553432326,-0.3265542407601165,-0.329668772671403,-0.3329307074164909,-0.3363469376556345,-0.3399246545206806,-0.3436714111972238,-0.3475951218011202,-0.3517152809790061,-0.356071709809885,-0.3606350454132186,-0.3654149382967563,-0.3704215089666658,-0.3756653597879935,-0.3811575958403893,-0.3869098694869404,-0.3930054382132209,-0.3993994560502805,-0.4060970628186484,-0.4131125678506257,-0.4204608791846683,-0.4282000775034271,-0.4363711823114764,-0.4449307119743209,-0.4538968783906285,-0.46328929609852,-0.4732606529466565,-0.4837069261207511,-0.4946497869202724,-0.5061625042577764,-0.5183342191661431,-0.5310849496378953,-0.5444676702398615,-0.5586501893998878,-0.5735075802734682,-0.5891449852376572,-0.6056698183510212,-0.6229813763821433,-0.6413216995875625,-0.6605746383993463,-0.6808982655783846,-0.7023080333535466,-0.724882748038359,-0.7486878836989168,-0.7738103562927038,-0.8002751358158775,-0.8282737660400236,-0.857720711370373,-0.8889291260547092,-0.921823167802256,-0.9565022389897074,-0.9932669864809488,-1.0320437606973905,-1.072965604564309,-1.1162813200495585,2.0,-1.2104737500544018,-1.2615987462108735,-1.3156341303258003,-1.3728690823785998,-1.4333811364814806,-1.4973503892452864,-1.564977648880856,-1.6364717716138917,-1.712049552854527,-1.791938558905339,-1.8764536944036625,-1.9658033253718945,-2.0602003404852587,-2.159902419986591,-2.2651711757056994,-2.376270307700893,-2.493562118123331,-2.6174609056411424,-2.748074963220099,-2.8856592203225504,-3.030735506637469,-3.183727203418721,-3.344565468716302,-3.5141197450458987,-3.692427977956576,-3.8799514472098937,-4.077210543073111,-4.284521655446207,-4.502230241581939,-4.731256514572003,-4.9713052810437,-5.223628902701488,-5.488603934586781,-5.766231232497514,-6.057667073547339,-6.363611978024503,2.0,-7.020576276360504,-7.373041576435469,2.0,-8.130318393294228,-8.536673539807218,-8.962471440024798,-9.408455869643586,-9.87582179439295,2.0,-10.878929545043222,2.0,-11.98034671145648,2.0,-13.189417918464612,-13.83750280250077,-14.5164410193694,-15.227638908637116,2.0,-16.752757675320026,-17.570085139714372,-18.426259326527937,-19.323110374869565,2.0,-21.246606651704557,2.0,-23.357042736328392,-24.48794552078683,-25.672496159660824,2.0,2.0,-29.574005341682536,2.0,2.0,-34.05719515943583,-35.695457298907556,-37.41136993614849,-39.20860860209452,2.0,-43.06264485522891,-45.12769943552078,-47.29060939522447,-49.55600859356259,-51.928750223967185,-54.413917198364864,-57.01683403456596,-59.743077555686746,2.0,-65.58918147553183,-68.72156698845629,2.0,2.0,2.0,-82.8071016427456,-86.75519706391646,2.0,-95.22136206173904,-99.75757003319818,2.0
0.0226084795672777,2.0,2.0,2.0,2.0,2.0,2.0,2.0,2.0,2.0,2.0,2.0,2.0,2.0,2.0,2.0,2.0,2.0,2.0,2.0,2.0,2.0,2.0,2.0,2.0,2.0,-0.281865799891246,-0.2828557913534217,-0.2838930030205754,-0.2849796106898396,-0.2861178789196012,-0.2873101825757623,-0.288559030387764,-0.2898670108147112,-0.2912368761585506,-0.2926714901401949,-0.2941738444948072,-0.2957470844992076,-0.2973945134742239,-0.2991195682079799,-0.3009258820007119,-0.3028172250871592,-0.3047975686261643,-0.3068710556371438,-0.3090420582370681,-0.311315118112193,-0.3136950139041506,-0.3161867461422137,-0.3188122310966171,-0.3215714178647822,-0.3244615182681807,-0.3274886173430364,-0.3306590896232947,-0.3339796277485413,-0.3374572233292856,-0.3410992116624628,-0.3449133056011746,-0.3489075327968661,-0.3530903377905079,-0.3575001664884433,-0.3621424561067666,-0.3670050442222209,-0.3720982204319637,-0.3774327799381283,-0.3830200024318497,-0.3888718640422402,-0.3950195196443938,-0.4015197596309711,-0.4083287269280383,-0.4154608796180004,-0.422931367464088,-0.4307560680959054,-0.4390317521742435,-0.4477279171788788,-0.4568371893114029,-0.4663789521382758,-0.4764194423380407,-0.4870256464278041,-0.4981360186268638,-0.5097742216443806,-0.5220715725461714,-0.5350093681497036,-0.5485622261416409,-0.5628503437349011,-0.5779164801445469,-0.593699073294796,-0.610381363180118,-0.6279254780317399,-0.6463495848443523,-0.6658500822206288,-0.6862782632040216,-0.7079296910600309,-0.7306337617155626,-0.7546706449305727,-0.7799010909461576,-0.8066336911579871,-0.834708728008206,-0.8644396568536554,-0.8957498530350709,-0.9287755132682068,-0.9637210744487312,-1.0005421861751078,-1.0394249178644577,-1.0805755098401288,-1.1239923804862455,-1.1698203932554327,-1.2182964765435649,-1.269568142602413,-1.3237258314431246,-1.3809449193004235,-1.441408827777546,-1.505321347479712,-1.5729702028846893,-1.6444687960868007,-1.7200298548908233,-1.799879795892438,-1.8842531525838435,-1.97339211985101,2.0,-2.1670387439421495,-2.272183897163404,-2.38316995711295,-2.5002718560880632,-2.623765696033357,-2.7539946081138873,-2.891503995259784,-3.036357368160178,-3.1887942493212496,2.0,-3.5187880623567245,2.0,-3.884141075141111,-4.080883449997342,-4.288132506692582,-4.505510519110779,-4.734188449021916,2.0,-5.2261291344916785,-5.490892730157493,-5.768593818624962,-6.059678779022566,2.0,2.0,-7.02224853743129,-7.374488031059576,-7.743934624909549,2.0,-8.537554560910811,2.0,-9.409380113485504,2.0,2.0,-10.879490781990713,-11.417247338718605,-11.980717430218768,-12.57109537231047,-13.189635795359372,-13.837654930776544,2.0,2.0,2.0,2.0,-17.570132202121233,-18.42625711009876,-19.323062967282887,-20.262467129664905,2.0,-22.277203370725832,-23.35684696594831,-24.48771908752587,-25.6722415601653,-26.912950177287833,-28.21250123010828,2.0,-30.99939428100566,-32.49270496185011,2.0,2.0,2.0,-39.20817162209728,-41.090571811001226,2.0,-45.127222338409545,-47.290120316261394,-49.55550824383109,-51.928239252027694,-54.41339648900746,-57.01630401015929,2.0,-62.59793920951319,-65.58862568669967,-68.72100365808502,-72.00178436722477,2.0,-79.03700216540645,2.0,-86.75460164680143,-90.8897298972337,-95.22075603826634,2.0,2.0
0.0219638537241654,2.0,2.0,2.0,2.0,2.0,2.0,2.0,2.0,2.0,2.0,2.0,2.0,2.0,2.0,2.0,2.0,2.0,2.0,2.0,2.0,2.0,2.0,2.0,2.0,2.0,-0.2819875245354798,-0.282995028452694,-0.2840505795844443,-0.2851563982443369,-0.2863147847695018,-0.2875281703099878,-0.2887990848605053,-0.2901301917944842,-0.2915242741014141,-0.2929842451835796,-0.2945131583562929,-0.2961142359176338,-0.2977908052902253,-0.2995463871386742,-0.301384673628048,-0.3033094980076478,-0.3053249089711726,-0.3074351357276075,-0.3096446154307799,-0.311957973421985,-0.3143800771328802,-0.3169160157058107,-0.319571166172836,-0.3223774571532071,-0.3253170796923613,-0.3283960443416153,-0.3316208518542337,-0.3349982887304213,-0.3385354809330388,-0.3422399077767502,-0.346119370501694,-0.3501820828514436,-0.3544366168442469,-0.3588919825675984,-0.3636063530147824,-0.3685492580616152,-0.3737265585124596,-0.3791492256564557,-0.3848287802661758,-0.3907771686039513,-0.3970071903975654,-0.4035788157445736,-0.4104959401368512,-0.4177413760064247,-0.4253305189609325,-0.4332794919325545,-0.4416154432811836,-0.4504443002798646,-0.4596925518549786,-0.4693798820554811,-0.4795269069333143,-0.4902484403860652,-0.5015214908077021,-0.5133300833401258,-0.525701009386068,-0.5388203140485639,-0.5525634547016817,-0.5669595729620165,-0.5821978460343457,-0.5981927771826538,-0.6149563519518404,-0.6327265095958772,-0.6513416962336414,-0.670972789107011,-0.6916527140586479,-0.7133885257239692,-0.7363601849273019,-0.7604800027871254,-0.7859945471940697,-0.8128078520536792,-0.8411434379959577,-0.8709925743389499,-0.902457114711088,-0.9357206386353576,-0.9707302297068028,-1.0077512311384895,-1.046831980286404,-1.0880285525782971,-1.131562340417848,-1.1775930937944834,-1.22616773005406,-1.277445765309979,-1.3316261998297645,-1.3889605832909846,-1.4495171892271723,-1.5134874238213158,-1.5810709474325382,-1.6524754965401205,-1.7279204134780064,-1.807713542375488,2.0,-1.98110675646346,-2.0751795159510773,2.0,-2.2793782492071877,-2.390044242637856,-2.506911265851197,-2.6302943546123085,-2.7603819198361217,-2.897460413036771,-3.041899813812222,-3.1943246118838333,-3.3547258831408695,-3.52346528686516,-3.701387289577003,-3.888222513052476,-4.085042804974337,-4.291658007426495,-4.509143660664924,-4.7372408421680525,-4.977285923637205,-5.228949938174029,-5.493236201883912,-5.770928369099868,2.0,-6.367200279197527,-6.687675307425638,2.0,2.0,-7.745298321106256,2.0,-8.538534850757538,-8.964181775883286,-9.410271184676477,2.0,2.0,-10.880120128580616,-11.417768718767372,-11.981142438326806,-12.571434104496255,-13.18989690575794,-13.837846042816178,-14.51666143448012,2.0,2.0,2.0,-17.570210683120468,-18.426283315105024,-19.323041352940592,-20.26240146444959,-21.24637305745626,-22.27706041890085,-23.356669074927225,2.0,2.0,-26.912683066949228,2.0,2.0,2.0,-32.49234535510565,2.0,-35.69465563873255,-37.41053453843237,2.0,-41.09012633245141,-43.06172150098814,-45.126750012723946,2.0,-49.5550117964021,-51.92773175826674,2.0,2.0,-59.742001170939304,-62.59739384372114,-65.58807164338157,2.0,-72.00121476606286,2.0,-79.03641937253904,2.0,2.0,-90.8891291180752,2.0,-99.75634791347,-104.5074417507387
0.0213376078201539,2.0,2.0,2.0,2.0,2.0,2.0,2.0,2.0,2.0,2.0,2.0,2.0,2.0,2.0,2.0,2.0,2.0,2.0,2.0,2.0,2.0,2.0,2.0,2.0,2.0,-0.2821057839025352,-0.2831302996954432,-0.2842036676120789,-0.2853281542353183,-0.2865060914827532,-0.2877399497376635,-0.2890323063860723,-0.2903858765274271,-0.2918034774286516,-0.2932880924128216,-0.294842819043663,-0.2964709107084941,-0.2981757935422464,-0.299961027551649,-0.3018303643763034,-0.3037877157481149,-0.3058371924878696,-0.307983102449489,-0.3102299417443547,-0.3125824446861717,-0.315045539814057,-0.3176244140963256,-0.3203244994774616,-0.3231609867081403,-0.3261487134826338,-0.3292780749820204,-0.3325556500816705,-0.3359883694082911,-0.3395834620402023,-0.3433485168098464,-0.3472914974233653,-0.3514207212260706,-0.3557449241951059,-0.3602732588011308,-0.3650300547749736,-0.3700509759884997,-0.3753099957233142,-0.3808182562161676,-0.3865874356942039,-0.3926297450676439,-0.3989580542191818,-0.4055857592741654,-0.4126045580776531,-0.4199600434586938,-0.4276644436458992,-0.4357341325522305,-0.4441862749826386,-0.4530886970559566,-0.462471958466626,-0.4723006907389419,-0.4825958196593053,-0.4933876662823854,-0.504818750541617,-0.5167928614626442,-0.529335520315867,-0.5425343785677529,-0.556462368272332,-0.5710520917068604,-0.5863729761650036,-0.6025741824303101,-0.6195453548882658,-0.6374111439210801,-0.6562562830306764,-0.6759971881896033,-0.696899849201297,-0.7188193230400115,-0.7419549671157821,-0.7662913485946128,-0.7919524293361203,-0.8189694541406969,-0.8474795684451956,-0.8774692524814354,-0.9091863494501878,-0.9425291896359824,-0.9777916060335342,-1.0149621777284568,-1.054107817384027,-1.0955492297415403,-1.1392448598278024,-1.1853209081549796,-1.2339978009186388,-1.2854625099859966,-1.3397763289806632,-1.3971135489108106,-1.4576562572011842,-1.521663558474064,-1.5893210401476132,-1.6607777362423497,-1.7362508013671831,-1.8159662128059215,-1.9001585429784649,-1.989071162715785,-2.082984061523368,-2.182231243482655,-2.287009964434666,-2.3975896796326084,-2.514255853326353,2.0,-2.767039759163226,-2.904007667906817,-3.048352784956431,-3.2003226440819925,-3.360370907385849,-3.529133787938372,-3.706501091166397,-3.893261952428827,-4.089714451105987,-4.296116994438981,-4.513276810955893,2.0,-4.980815328324033,-5.232597292183069,-5.496497369224859,-5.773842311532069,2.0,-6.36997074652974,-6.690128571596978,2.0,-7.378452908590409,-7.7475061526685405,-8.134509000817888,-8.540340827839502,-8.965828004576007,2.0,-9.87915984665342,-10.368633983453762,-10.881567464089784,-11.419105341679124,-11.98238063717228,-12.572584666567572,-13.190968617619676,2.0,-14.51759884483265,-15.228670068278012,2.0,2.0,2.0,-18.427122595355677,-19.323832867057085,-20.263149390805637,-21.247080564969785,-22.27773098147135,-23.357305485406695,-24.488114361843213,-25.672577555594557,-26.913231727242653,-28.21273170635751,-29.57386105943562,-30.99953375796111,-32.49280318495427,-34.056867447748814,2.0,-37.41093908080652,-39.20813056735902,-41.09050087584162,-43.06208195964773,-45.12709696749164,-47.28997075178497,-49.555335539766936,2.0,2.0,2.0,-59.74228547502137,-62.597669491154704,2.0,-68.72070196251771,-72.0014680915278,2.0,-79.03665915425427,-82.80615647802446,-86.75423444563125,-90.88935159839394,-95.22036721933635,-99.7565603166429,-104.50764950123624
0.0207292177959537,2.0,2.0,2.0,2.0,2.0,2.0,2.0,2.0,2.0,2.0,2.0,2.0,2.0,2.0,2.0,2.0,2.0,2.0,2.0,2.0,2.0,2.0,2.0,2.0,2.0,-0.2822206708927122,-0.2832616967026377,-0.2843523672351347,-0.2854949644717259,-0.2866918780404281,-0.2879456094842435,-0.2892587893587069,-0.2906341609372242,-0.2920746039911677,-0.2935831360828864,-0.2951629170458247,-0.2968172535144848,-0.2985496207545379,-0.300363641180158,-0.3022631295857042,-0.304252060877642,-0.3063346243728351,-0.3085151776904304,-0.310798303142304,-0.3131888117023409,-0.3156917163332486,-0.3183122872391591,-0.321056037545702,-0.3239287436170754,-0.3269556673137361,-0.3301339440966344,-0.3334627610447664,-0.3369491436191658,-0.3406004445631976,-0.344424377239551,-0.3484290179781801,-0.3526228339764438,-0.3570146843934264,-0.361613869275612,-0.3664301152192237,-0.3715073577925765,-0.3768457112953142,-0.3824370657375567,-0.3882932755666755,-0.3944267601686531,-0.400850541695131,-0.4075782368733042,-0.4146484480423356,-0.422110774981128,-0.4299270802120348,-0.4381139826646367,-0.44668888647368,-0.4556700333481945,-0.465164775037773,-0.4751308021375001,-0.4855697310572759,-0.496503789759613,-0.508011419972527,-0.5201462400717526,-0.5328572213253185,-0.5461714615135694,-0.5602356337995174,-0.5750133552688719,-0.5904928201536568,-0.6068117809060689,-0.623992722437614,-0.6419897931890745,-0.6610069067468907,-0.6809816551155989,-0.701967796499697,-0.7241360532176592,-0.7473580241657258,-0.7719553192701579,-0.7977252997221629,-0.8249956231513684,-0.8535909435567582,-0.883872417086055,-0.915665620411437,-0.9492662911609162,-0.9846579611604463,-1.0219304773616067,-1.0613561437372914,-1.1028710917717706,-1.1466377261438212,-1.1929410389123825,-1.2417564877878504,-1.2932418977284392,-1.3476029239201597,-1.4050846063250568,-1.465749110953889,-1.5297867096359414,-1.597395012743256,-1.668781420183001,-1.7442291551907003,-1.8239452780755827,-1.908116833370987,-1.9969890905854468,-2.0908161477150826,-2.1898614371929592,-2.294394489832839,-2.4047109815955303,-2.5212174782264483,-2.6441396006921556,-2.7737475415872868,-2.910344901984448,-3.0542539572269396,-3.206087265765546,-3.3660057410577475,-3.5342110858490186,-3.711425801651338,-3.897951338636326,-4.093892038143849,-4.300319109926367,-4.516891203756913,-4.744924163175924,-4.984033014768064,-5.235539789940438,2.0,-5.776296776386413,2.0,2.0,2.0,-7.027810951254045,-7.380056231527259,2.0,-8.135928118561221,-8.541544920340215,-8.96684799029902,-9.412708983902489,-9.880026938754778,2.0,-10.882349077113876,-11.419760632446588,-11.982923854984993,-12.573028571426624,-13.191323852261602,2.0,-14.517802286493014,-15.228807918049208,-15.973656174556226,-16.753931850104696,-17.571210526126773,2.0,-19.32386666941071,2.0,-21.247020377846457,-22.277629173015843,-23.357165495382656,-24.48793924642343,-25.672370205827516,-26.91299353996362,-28.212465485573123,-29.573568884141583,2.0,-32.492464007627454,-34.05650671443805,2.0,-37.410539817564285,-39.20771469294272,-41.09006856031659,-43.061634480925896,2.0,2.0,-49.55484760109782,-51.927544887726135,2.0,-57.015547902333545,-59.74175379715555,-62.5971285361141,2.0,-68.72014354073556,-72.00090151684167,-75.43709266251415,2.0,-82.80556873071092,-86.75364031953758,-90.8887514284792,2.0,-99.7559489894084,-104.50703302443114
0.0201381745345521,2.0,2.0,2.0,2.0,2.0,2.0,2.0,2.0,2.0,2.0,2.0,2.0,2.0,2.0,2.0,2.0,2.0,2.0,2.0,2.0,2.0,2.0,2.0,2.0,2.0,-0.2823322909175985,-0.2833893419208301,-0.2844968036075302,-0.2856569993547642,-0.2868723383211863,-0.2881453758843359,-0.2894787727848585,-0.290875315258693,-0.2923379428086023,-0.2938697025370844,-0.2954738139216964,-0.2971536432487003,-0.2989127009750546,-0.3007546781331645,-0.3026834458455393,-0.3047030580670643,-0.3068177344870451,-0.3090319344662483,-0.3113503088548431,-0.313777723470847,-0.3163192889414818,-0.3189803499455129,-0.3217665054524853,-0.3246836352422284,-0.3277393658047068,-0.3309651507644523,-0.3343437289652727,-0.3378822294510784,-0.3415881191165701,-0.3454692273244808,-0.3495337591408312,-0.3537902858776036,-0.3582478482048578,-0.3629158332511473,-0.3678041530263831,-0.3729231379674607,-0.3783371342946711,-0.3840091357670719,-0.3899499244556716,-0.3961719328403851,-0.4026884404535154,-0.4095132555358817,-0.4166608834630176,-0.4241994421650162,-0.4321244297655055,-0.4404251627093768,-0.449119297189279,-0.4582253182628111,-0.4677798501056581,-0.4778792148986627,-0.4884577998234977,-0.4995381337702746,-0.5111438194011415,-0.5234027718526124,-0.536277228872235,-0.5497626903262222,-0.5638999116893172,-0.5788601788320988,-0.5945308600398016,-0.610945391978941,-0.6283115543638,-0.6465220081542162,-0.6656200982108408,-0.68582200699701,-0.7069835879685173,-0.7292989788986994,-0.7527737527274498,-0.7774553474131871,-0.8034942657233638,-0.8308472696873044,-0.859728017898977,-0.8900900405053094,-0.9221196826522526,-0.9558641061776124,-0.9913827022324188,-1.0289216796182346,-1.0684111743458324,-1.110094094018608,-1.1540919594420795,-1.2004406920453738,-1.2493356908934032,-1.301021812960979,-1.355522400478208,-1.4130095524689712,2.0,-1.537799955128257,-1.6054982434200675,-1.6769516165569207,-1.7523764364916583,-1.8319972750130695,-1.9160484307723944,2.0,-2.098571702727105,-2.1975438800347766,-2.301990933862391,-2.4121961134656553,-2.5284500245777,-2.651049460659565,-2.7803475417081045,-2.916808790185527,-3.060618378508486,2.0,-3.3715201297672546,-3.539667340932005,2.0,-3.90258359990489,-4.09858595920252,-4.304397588761431,-4.5210072197845355,-4.748441396348438,-4.987642680715128,-5.238542482607626,-5.502452571911664,2.0,-6.069560732754693,-6.374650934882047,2.0,-7.029668664432268,2.0,-7.750800561422967,-8.137504341362126,-8.542882572469853,-8.967982213558052,-9.41366794631636,-9.880858808554576,-10.370436705178014,-10.883219193672318,2.0,-11.983536128712426,-12.573533446111528,-13.19173326032158,-13.83944633038454,2.0,-15.228985280081032,-15.973770282021462,2.0,2.0,2.0,2.0,-20.26314753731186,2.0,-22.277551404737704,-23.35704747132163,-24.487783959588462,-25.67218034099055,-26.91277231686878,-28.21221489584504,-29.573290559032472,-30.99891337867463,-32.49213630802429,-34.05615730744558,-35.69432595773459,-37.41015073236886,-39.20730648321468,-41.08964379823784,-43.061193797552505,-45.12617993808533,-47.28902578534551,-49.55436450350929,-51.92704964629964,-54.41216341965089,2.0,2.0,-62.5965899009906,-65.58724203446901,-68.71958744188777,-72.00033736493516,-75.43652025261025,-79.03549852051641,-82.80498212128363,-86.75304718168918,-90.88815170151634,2.0,-99.75533802671328,-104.50641672816889
0.0195639834351706,2.0,2.0,2.0,2.0,2.0,2.0,2.0,2.0,2.0,2.0,2.0,2.0,2.0,2.0,2.0,2.0,2.0,2.0,2.0,2.0,2.0,2.0,2.0,2.0,2.0,-0.2824407650123205,-0.283513338999975,-0.2846371214243849,-0.2858143988567637,-0.2870476370430184,-0.2883394170268163,-0.2896924483657798,-0.2911095558218046,-0.2925937180543313,-0.2941480448750725,-0.2957757895401839,-0.2974803581205337,-0.2992653453324925,-0.301134480063128,-0.3030916870363203,-0.3051410786338065,-0.3072869592673858,-0.3095338351897024,-0.3118864236061514,-0.3143496894110916,-0.3169287945243308,-0.3196291803337113,-0.3224565281884546,-0.3254167934690747,-0.3285162128252011,-0.3317724030727552,-0.3351993159479016,-0.3387884306196566,-0.3425473342566747,-0.3464839740948006,-0.350606665947262,-0.354924118260388,-0.3594454720658203,-0.3641802925490874,-0.3691386043760944,-0.3743308959850669,-0.3797855550119459,-0.3855359805204327,-0.3915588030211415,-0.3978667965951585,-0.4044733482420946,-0.4113924764443503,-0.4186388999623408,-0.4262282338781339,-0.4342583879174984,-0.4426696748379748,-0.4514795941045766,-0.4607068994745912,-0.4703712136998358,-0.4805483027250895,-0.4912625203730599,-0.502484914949047,-0.5142393941068873,-0.5265652758507384,-0.5395984971135298,-0.553250248417201,-0.5675496385210146,-0.5825958876295838,-0.5984522802616782,-0.6150613234364022,-0.6325055792211938,-0.650923274707168,-0.6702154495981067,-0.6905224304843257,-0.711915089848881,-0.7343235695283306,-0.7580331258691986,-0.782880382547068,-0.8090963102366326,-0.8366458708547653,-0.8656875112785009,-0.896230889047846,-0.9284513897186638,-0.9623107732055756,-0.9981005067876184,-1.0357100227929468,-1.075422994146321,-1.1172769635516775,2.0,-1.2078886718739852,-1.2569706197940098,-1.3086903009880426,-1.363252269992754,-1.420911943639305,-1.4817172044298816,-1.5458560521213098,-1.6135251054640625,-1.6849624146288535,-1.760442859611361,-1.8400966140269364,-1.9241584302939223,-2.0128737800693086,-2.106495881524022,-2.2052897289803197,-2.3095315149172007,-2.419593373976897,-2.5357355035163724,-2.6582219409528465,-2.7873632033203677,-2.9234749783184357,-3.066885571171513,-3.218152762061529,-3.377527137547524,-3.5452421546092094,-3.7217272434765447,-3.9077431199543646,-4.103211947068462,2.0,-4.525155793710432,-4.75227739127428,-4.991215422576154,2.0,-5.505366300602934,-5.7820964575696365,-6.072150685195276,-6.376914233419336,-6.69669028400644,-7.031744488378978,-7.383387209477418,-7.752373418368447,-8.13917379831949,-8.544368285529842,2.0,-9.414735065580874,-9.88175960681334,2.0,2.0,2.0,-11.984222704272902,-12.574104127063924,-13.192200868776414,-13.839821912444972,-14.5183419204299,-15.22920403929188,-15.973921743002146,-16.754083382495423,2.0,-18.427416281099468,2.0,-20.2631913746936,-21.246979740873883,-22.277498819855705,-23.35695236442643,-24.48764971885688,-25.67201002487284,-26.912568282905664,-28.211980033398422,-29.5730269543298,2.0,-32.49182108062708,-34.055819097172666,-35.693966003905906,-37.40977056493233,-39.20690780144371,-41.08922664679511,-43.06076001876534,-45.12573100058462,2.0,2.0,2.0,-54.411661049647265,2.0,-59.74070085889462,-62.59605562231596,-65.5866976320993,-68.71903396900652,2.0,-75.43595036605828,-79.03492080584809,-82.80439714595882,-86.75245524296152,-90.88755362930956,-95.2185514366046,2.0,2.0
0.0190061639993698,2.0,2.0,2.0,2.0,2.0,2.0,2.0,2.0,2.0,2.0,2.0,2.0,2.0,2.0,2.0,2.0,2.0,2.0,2.0,2.0,2.0,2.0,2.0,2.0,2.0,-0.2825461392125956,-0.2836341098860488,-0.2847734424688274,-0.2859673198680382,-0.2872179465809021,-0.2885279429670613,-0.2899000510520958,-0.2913371421930328,-0.2928422315940853,-0.2944184725029534,-0.296069167203684,-0.2977977838914292,-0.2996079515471731,-0.3015034594844628,-0.3034882926749001,-0.3055666163978833,-0.3077428012742597,-0.3100214163064385,-0.3124072468774451,-0.314905327088134,-0.3175209007411634,-0.3202594815527688,-0.3231268355297322,-0.326128996592706,-0.3292722929941414,-0.3325633704204736,-0.3360310293996071,-0.3396693234934204,-0.3434797247262927,-0.3474703093018964,-0.3516494973369069,-0.3560261245256119,-0.3606094451320203,-0.3654091855159267,-0.3704354809863087,-0.3756989894756157,-0.3812108657151711,-0.3870208763800051,-0.3931233883329054,-0.3995149394456466,-0.4062089819001337,-0.4132197391593034,-0.4205621134208047,-0.4282517042036506,-0.4363348398020814,-0.4448535204401158,-0.4537759251670845,-0.4631210366334125,-0.4729087415606914,-0.4831598753686023,-0.4939929022316801,-0.5053532979101596,-0.5172523144501668,-0.5297153106029978,-0.5428335906132036,-0.5566468821515148,-0.5711154655512227,-0.5862702003159795,-0.6022738996505077,-0.6190718975519981,-0.6366669419270146,-0.6552151506016104,-0.6747181867172478,-0.6951468883942349,-0.7167267711373084,-0.7393703701080645,-0.7631686318048192,-0.7882659791712907,-0.8145706260873147,-0.8423859641960045,-0.8715220360955721,-0.90234116124777,-0.9346481074355396,-0.9688069819474444,-1.00468051190993,-1.0425299343867984,-1.082400033662213,2.0,-1.1686762865548763,-1.2153417609632446,-1.2644793254196718,-1.3164263473982891,-1.371165287117375,-1.4288573775285964,-1.4896848363928017,-1.5539725079115958,-1.621775363601044,-1.6932923871438756,-1.768737761733333,-1.8483363084519144,-1.9323353439709692,-2.0210586540339768,-2.1146742447578863,-2.213442084664959,-2.3176375428975433,-2.427546582266947,-2.54346280132489,-2.6656886884199413,-2.7946224572694316,-2.930631858639981,-3.0739538288844113,-3.2249189578300457,-3.383860155120035,-3.5513780684279626,2.0,-3.913324055325087,-4.108549921135646,-4.3140629659117025,-4.529827122932863,-4.7570265192029675,-4.995361274046104,-5.246174451403646,-5.50913119238978,2.0,2.0,-6.379972488434124,-6.699642279095199,-7.034712201053246,-7.386003799790542,-7.754698200092945,-8.141470600209637,-8.546701040385047,2.0,-9.41663376165913,-9.88348442811479,-10.372856548126542,-10.885730684694389,-11.422947388502706,2.0,-12.575491725305772,-13.193483156140726,-13.841010666329836,-14.519447295410332,2.0,-15.974884434788654,2.0,-17.572198746881234,2.0,-19.32491451995479,2.0,-21.247786979822315,-22.278259939991603,2.0,2.0,-25.672654359535777,-26.913179606425658,-28.21256061948077,-29.573578997224747,2.0,2.0,-34.056297580841544,-35.69442326503502,-37.410208049698966,-39.20732660541665,-41.08962872279166,-43.061145492239866,-45.12610081753081,-47.28891813994897,-49.55422984993427,2.0,-54.411979021159674,2.0,-59.74099717049164,2.0,-65.58697479730424,2.0,-72.00003481792108,2.0,2.0,-82.80463453424026,-86.7526860910206,-90.88777840453986,-95.2187702535357,2.0,-104.5060086495932
0.0184642494289554,2.0,2.0,2.0,2.0,2.0,2.0,2.0,2.0,2.0,2.0,2.0,2.0,2.0,2.0,2.0,2.0,2.0,2.0,2.0,2.0,2.0,2.0,2.0,2.0,2.0,-0.2826485148377028,-0.2837515510259362,-0.2849059770423314,-0.2861158417233799,-0.2873833495224843,-0.2887110224265862,-0.2901016485746627,-0.2915581364132181,-0.2930835406062458,-0.29468106010652,-0.2963540473222919,-0.2981060099983516,-0.2999406229253673,-0.301861742581467,-0.3038733916717264,-0.3059798150884947,-0.3081854191724162,-0.3104948583135207,-0.3129129769319693,-0.3154448595285659,-0.3180958522142283,-0.3208715176288701,-0.3237777110776071,-0.3268205664157131,-0.3300064812958784,-0.3333421887339193,-0.3368380501004198,-0.3405240756456743,-0.3443844945953211,-0.3484274447332563,-0.3526614897176422,-0.3570955740415128,-0.3617390807941434,-0.366601837678482,-0.371694156532683,-0.3770268153531055,-0.3826111082385627,-0.3884609031073134,-0.3946409097265101,-0.4011135166290114,-0.4078924651837206,-0.4149922000182825,-0.4224277592279074,-0.4302149473665737,-0.4383703265404696,-0.4469704449841316,-0.4560020659130601,-0.4654615703002435,-0.4753690907163574,-0.4857457164015638,-0.4966381248433927,-0.5081325167963673,-0.5201718808032614,-0.5327818736601221,-0.5459893747615928,-0.5599360390362716,-0.5745689160987212,-0.5898957220107633,-0.605972139729513,-0.6229536126850733,-0.6407408264653766,-0.6593716707059347,-0.6790736045540184,-0.6997166817474842,-0.7213773664730023,-0.7442492738128796,-0.7682068209571788,-0.7934684504448904,-0.8200117876922058,-0.8479266106276792,-0.877333164019795,-0.9082345950220838,-0.9408110976333584,-0.9750676579247276,-1.011153189398743,-1.0491715204591523,-1.089141148373262,-1.1313716578608497,-1.1757769398384692,-1.2225779212718908,-1.2719710798556914,-1.3239728326828886,-1.378753984804466,-1.4366438732863802,-1.497645575666293,-1.5619448911269058,-1.6297364474642098,-1.7013028374393466,-1.7768348065272457,-1.8564975926484708,-1.9405233674942657,-2.029156508846329,-2.1226509082452587,-2.221271182078361,-2.3253652506729847,-2.435196621371646,-2.551021118274422,-2.673148118885045,2.0,-2.9375787275758434,-3.080546900834962,2.0,-3.39017543216033,-3.55739469617149,-3.733325371826583,-3.918693779971379,-4.113745166511978,2.0,2.0,2.0,2.0,-5.249696445410124,-5.512707172394474,-5.788625572612055,-6.078700080644427,2.0,-6.70192687685484,-7.037062422563372,-7.388175202225339,-7.756523582482864,-8.14303983928599,-8.548343668812802,-8.972891366913267,-9.417946652319884,-9.88459628017718,-10.37379512877868,-10.886556032618223,-11.423837341250977,2.0,2.0,-13.19407884003484,-13.841499632543863,-14.519841593998157,-15.230543670911926,-15.97511726962381,-16.75514855210226,-17.572300152100695,2.0,-19.324992937439905,-20.264152922906742,-21.247839982398208,2.0,-23.357625366950725,-24.48824033748671,-25.67252492339577,2.0,-28.212360117288053,-29.573346395384696,-30.99888745721347,2.0,-34.0559834502604,-35.69408544271995,-37.40984814873501,-39.20694625667554,-41.0892289530339,2.0,-45.12566632498498,-47.28846764311774,-49.55376455497625,2.0,2.0,-57.01431812154009,-59.74048068577051,-62.595814226016834,2.0,-68.71875464951769,-71.99947846165117,-75.43563693560117,-79.0345917143161,-82.80405326158379,-86.75209736913051,-90.88718246122328,-95.21816761084172,2.0,2.0
0.0179377862353489,2.0,2.0,2.0,2.0,2.0,2.0,2.0,2.0,2.0,2.0,2.0,2.0,2.0,2.0,2.0,2.0,2.0,2.0,2.0,2.0,2.0,2.0,2.0,2.0,2.0,-0.2827479741235884,-0.2838656376489518,-0.2850353901045423,-0.28626011147992,-0.2875440115314104,-0.2888888570217784,-0.2902974673617898,-0.2917727923572184,-0.2933179283473556,-0.294936114409168,-0.2966307450551256,-0.2984053793474526,-0.3002637392754385,-0.3022097293337378,-0.3042474351072488,-0.3063811350288042,-0.3086153251034801,-0.3109546930576292,-0.3134041600609905,-0.3159688744353056,-0.3186542640205206,-0.321465951677269,-0.324409877555335,-0.3274922425569913,-0.3307195458206935,-0.3340985964456987,-0.3376365368394289,-0.3413542304812398,-0.3452632076798977,-0.3493570269201714,-0.3536443443284334,-0.3581342205575342,-0.3628361807523046,-0.3677601622549715,-0.3729165935957209,-0.37831640401302,-0.3839710325882181,-0.3898924836279001,-0.3961146526945537,-0.4026659501524325,-0.4095274799457892,-0.4167136005596112,-0.4242396555136176,-0.4321216264666907,-0.4403762795512711,-0.4490263429559045,-0.4581640373030753,-0.4677346414764633,-0.4777585246076041,-0.4882570301679381,-0.4992525130431866,-0.510831586188619,-0.5230072564799038,-0.5357600152896477,-0.549117049598078,-0.5631303148727885,-0.57792274064004,-0.5934166663134907,-0.6096451472398736,-0.6267232935136637,-0.6446971469519146,-0.6635235564520067,-0.6833032568887678,-0.7041546884487231,-0.7259954412827433,-0.7489872401599891,-0.7731770304978707,-0.7985203175997684,-0.8253108001226724,-0.8533727640799766,-0.8829760948160821,-0.9140536243785338,-0.9468127082250531,-0.9812277620394662,-1.0175281958941995,-1.0556365956132874,-1.095903887601014,-1.1382049712329745,-1.182803753276288,-1.229806945415904,-1.2792546445098003,-1.3314318449351168,-1.386435355427594,-1.4443594710526837,-1.5053857835491264,-1.5698509535776657,-1.637791508698207,-1.709406508414112,-1.7849090580504816,-1.8645228296560477,-1.9485798785289017,-2.037242329952502,-2.130743598283228,-2.2293489214485263,2.0,-2.4429853778630117,-2.5585991749529446,-2.680516415782868,-2.809134438621911,-2.944702138543048,-3.087549076648418,2.0,-3.3964639745824092,2.0,-3.7392863808929513,-3.924297349494211,2.0,2.0,-4.539131328416067,-4.765467508464479,-5.00358921472311,-5.253457155678967,-5.516295719093335,-5.791978856992573,2.0,-6.385707640467132,-6.704471392662396,-7.039327575979365,-7.390544031475634,-7.758563902621846,-8.144756841610839,2.0,-8.97455672870566,-9.419406160015448,-9.885833190636411,2.0,2.0,2.0,-11.987488915313138,-12.577006810035083,-13.19474819795878,-13.842054672507173,2.0,2.0,2.0,-16.755354236436446,-17.572439181777845,2.0,2.0,-20.264242216029047,2.0,-22.27829345286852,-23.357607355514684,-24.488176094017756,2.0,2.0,-28.212178977543243,2.0,-30.99864185197523,-32.49175998107456,2.0,-35.69376023371124,-37.40949974168264,2.0,-41.08883894653244,2.0,2.0,2.0,-49.55330588709127,2.0,2.0,2.0,-59.73996890269984,2.0,-65.58590271816479,-68.71821053891938,-71.99892477438244,2.0,2.0,-82.80347390855711,-86.75151016288947,-90.88658813463556,2.0,-99.75372450147484,-104.50478027361682
0.0174263338600965,2.0,2.0,2.0,2.0,2.0,2.0,2.0,2.0,2.0,2.0,2.0,2.0,2.0,2.0,2.0,2.0,2.0,2.0,2.0,2.0,2.0,2.0,2.0,2.0,2.0,-0.2828445913243622,-0.2839764627235353,-0.2851610972602226,-0.2864009717459232,-0.2877001136438588,-0.2890616372454457,-0.2904877254902941,-0.2919813565448688,-0.2935456551801217,-0.2951839245916929,-0.2968995855447607,-0.2986962440799869,-0.3005776722857973,-0.3025478233136379,-0.3046108341257285,-0.3067710401335929,-0.3090329891274084,-0.3114014276285082,-0.3138813437346076,-0.3164779692408739,-0.3191967475781295,-0.3220434288458949,-0.3250240005490128,-0.3281447468982661,-0.3314122510084719,-0.3348334103246286,-0.3384154426540272,-0.3421659148894161,-0.3461174306712291,-0.3502606654158351,-0.3545997380120269,-0.3591438309793217,-0.3639025601931285,-0.3688859996059674,-0.3741047133013429,-0.3795697554496471,-0.3852927067012637,-0.3912857089587682,-0.3975614826998102,-0.4041759626161185,-0.4111174748069738,-0.4183876094708172,-0.4260015728761835,-0.4339756166666927,-0.4423267063264969,-0.4510725946045202,-0.4602677947026439,-0.4699463238374451,-0.4800832464646924,-0.4907001451303988,-0.5018196309665208,-0.5134653897626926,-0.5257675338258287,-0.5386589794935439,-0.5521612716205954,-0.5663031964056837,-0.5811895998660391,-0.5968458721158499,-0.6132443900631037,-0.630420148829645,-0.6485528303735992,-0.6675691405247443,-0.6874871985577173,-0.7084823628227135,-0.7305350409173342,-0.7536336412627216,-0.7780265146298606,-0.8036004499678161,-0.8304852287600406,-0.8587985659527315,-0.8884903649200295,-0.9198350189198632,-0.952681823828648,-0.987380633684616,-1.0237672393542503,-1.0621765692775125,-1.102527842919529,-1.1450414574440335,-1.1898261180590952,-1.2369010779405143,-1.2866146806726346,-1.3389313061764294,-1.3939899719973996,-1.4521043706970225,-1.5133424779852047,-1.577843997406277,-1.645802053209006,-1.717523686121448,-1.7931574936475378,-1.872879493437862,-1.9569224239015777,-2.0455285706342443,2.0,2.0,-2.3414901123607583,-2.451111395537528,-2.5666788804299334,-2.688502512154462,-2.816902381924647,2.0,-3.0947846774836605,-3.2451216838737924,-3.403481852515153,-3.570202406971983,-3.745648140845184,-3.9303582420551826,-4.124903912218839,-4.329388162284042,-4.54438754336866,-4.770705864809834,-5.008228906017369,-5.258195786494719,-5.520410510496898,-5.796197894350039,-6.085322301193805,-6.389285771053005,-6.707960359855756,-7.042345860406906,-7.39350473487846,2.0,-8.14734175934931,-8.55221742144714,-8.976858020380332,-9.421717119544404,2.0,-10.376718461624256,-10.889142862135111,-11.426243286783698,2.0,2.0,-13.196237999931572,-13.843426638693582,-14.5215618411874,-15.232079803557454,2.0,-16.75637155648395,-17.573389265208675,2.0,-19.325881523210104,-20.26508614000428,-21.248805723033136,2.0,-23.358403259876155,-24.488926490008463,2.0,2.0,-28.212812691960828,-29.573733418453752,-30.999212554246412,-32.49230198002809,-34.05619852965778,-35.69425160951321,-37.40996870407984,-39.207024104808106,2.0,2.0,2.0,-47.28840069779064,-49.55366693474461,-51.92628347259589,-54.41133308972807,2.0,2.0,-62.595589203268254,2.0,-68.7184880253462,2.0,-75.43533358957474,2.0,2.0,2.0,-90.88681707322236,-95.21778885510297,-99.75394042292383,2.0
0.0169294643061977,2.0,2.0,2.0,2.0,2.0,2.0,2.0,2.0,2.0,2.0,2.0,2.0,2.0,2.0,2.0,2.0,2.0,2.0,2.0,2.0,2.0,2.0,2.0,2.0,2.0,-0.2829384546591609,-0.284084130442463,-0.2852832177531931,-0.2865382331051616,-0.2878518059215025,-0.2892294360045253,-0.2906724811502372,-0.2921838793453354,-0.2937667952450303,-0.2954245527299363,-0.2971606274249856,-0.2989786734818002,-0.3008824969829328,-0.3028761077835747,-0.3049636914599629,-0.3071496318196608,-0.3094385329959133,-0.3118352123690255,-0.3143446971486561,-0.3169722945761137,-0.3197235136748737,-0.322604169542116,-0.3256203267171323,-0.3287783499177072,-0.3320848901850803,-0.3355469343978962,-0.3391717972428855,-0.3429671235342053,-0.3469462920942038,-0.3511375047079176,-0.3555268298211586,-0.3601235525186043,-0.3649374086397198,-0.3699785823830254,-0.375257790511289,-0.3807861737742106,-0.3865754652416943,-0.3926378700516075,-0.3989865188509579,-0.4056402679033404,-0.4126597277389771,-0.4200112783640816,-0.4277105993839857,-0.4357740566608097,-0.4442187845634204,-0.4530627540272441,-0.4623247777623652,-0.4720902819193874,-0.4823369680312998,-0.4930688303353867,-0.5043087293474686,-0.5160805359791939,-0.5284417882995603,-0.541467903435527,-0.5551112448796368,-0.569400775217068,-0.5843673607782578,-0.6001666726271447,-0.6167303028033769,-0.6340789988961918,-0.6522841507933693,-0.6714848614326598,-0.6915960591211638,-0.7126677077319333,-0.734926256625697,-0.7582404876548071,-0.7827138220727894,-0.8085172213117773,-0.8355446731439158,-0.8640396799370307,-0.8939523961500484,-0.9254157650276732,-0.95851964892083,-0.9933154240566988,-1.0299493783640457,-1.0684799393990494,-1.1090180724275218,-1.151727641594665,-1.1965847762748163,-1.2439618119699236,-1.2937608222060286,-1.3461800954977103,-1.4014933425986646,-1.4596976637812311,-1.5209683571435728,-1.5856365080489818,-1.6537711536373298,-1.7255437736995796,-1.801165732462244,-1.8808868840501785,-1.9650136437480656,-2.053680599337329,-2.147141220873745,-2.2456598520618796,-2.34951186010725,-2.458983775707382,-2.574391009207053,-2.6961199221288794,-2.824423999286947,-2.959624884757061,-3.1020676287961892,-3.252105611088737,-3.4100986411237315,-3.576540708169265,-3.751896198892577,-3.93640163204603,-4.130434070707225,-4.3346712311859985,-4.549594354749903,2.0,-5.012832422184813,-5.262305256783539,2.0,2.0,-6.0888548439683685,-6.392220894514576,-6.7109844559413325,2.0,2.0,-7.763857395931965,-8.149476829808382,-8.55401142758036,-8.978418048676726,-9.423364724691552,2.0,-10.378007846299289,-10.89023367053408,-11.427162606758271,2.0,2.0,-13.197071505433344,-13.84412534215415,-14.522141704487089,-15.232554247191736,-15.976869039525909,2.0,-17.573609446930302,-18.42943540786735,-19.325971020434732,-20.26513021329664,-21.248880075747945,-22.27923443008165,-23.358444787575255,2.0,-25.673069965474316,2.0,-28.212672776417612,-29.573556730273072,-30.99900188474264,-32.4920599294807,-34.05592736600781,-35.69395316070592,-37.40964487883252,-39.20667652462257,-41.08889757484956,-43.06033882440744,-45.125222888213294,-47.28797362849367,2.0,-51.925823842841986,-54.41085860384141,2.0,-59.73977633154727,-62.59507534989652,2.0,-68.71795161499091,2.0,-75.4347771209743,-79.03370586462394,-82.80314281109293,-86.7511636623623,2.0,-95.21719119921651,-99.7533358186354,-104.50437906901372
0.0164467617799466,2.0,2.0,2.0,2.0,2.0,2.0,2.0,2.0,2.0,2.0,2.0,2.0,2.0,2.0,2.0,2.0,2.0,2.0,2.0,2.0,2.0,2.0,2.0,2.0,2.0,-0.2830296398447424,-0.2841887221775515,-0.2854018495697917,-0.286671567508577,-0.2880005434462995,-0.2893924218390392,-0.2908519438308786,-0.2923805979556538,-0.2939815884902029,-0.2956582700733813,-0.297414179012139,-0.2992529943582062,-0.3011785754056354,-0.3031949632570507,-0.3053064179116945,-0.307517357537277,-0.3098324368132155,-0.3122565338848487,-0.3147947397895639,-0.3174524143429633,-0.320235146734502,-0.3231487984090995,-0.3261995200677991,-0.3293937394610791,-0.3327381977289523,-0.3362399544172489,-0.3399064000671939,-0.3437452979597957,-0.3477647385435889,-0.351989114164199,-0.3564272466226483,-0.3610750935099571,-0.3659424884667447,-0.37103975915056,-0.3763776859105339,-0.3819675899148191,-0.3878213229424081,-0.3939513087920673,-0.4003705496363922,-0.4070926619889742,-0.4141574972197795,-0.4215882046344021,-0.4293704260475454,-0.4375207135579704,-0.4460563974970755,-0.4549956224271411,-0.4643574188707086,-0.4741724783102443,-0.4845257694968995,-0.4953692891923982,-0.5067261363493653,-0.5186205060245074,-0.5310777445667546,-0.5441958790999722,-0.5579762135989789,-0.572409359106274,-0.5875260999296077,-0.6033917311191834,-0.62011572579068,-0.6376323853036665,-0.6559790999459448,-0.6752876369859074,-0.6955864310337858,-0.7168475386359162,-0.7391907644682774,-0.7627143366299454,-0.7873534006654517,-0.8132920597262656,-0.8405529417109631,-0.8691299783058428,-0.8992907035870907,-0.9308821776500386,-0.9642029796548032,-0.999153860829982,-1.0359927074805158,-1.0746583595749295,-1.1154361946676508,2.0,-1.2033905468230712,-1.2508395185632577,-1.3008018316650662,-1.353455090364443,-1.4088227327487974,-1.4671670593561503,-1.528667797581425,-1.593399257459461,-1.6615531917504534,-1.7334529200660598,-1.8092214152673296,-1.8890385350949317,-1.9731348982316863,-2.061751594616868,-2.1551873070057157,-2.2537320320805705,2.0,-2.4670406184286806,-2.5823919462350267,-2.703952440181147,-2.8320433159050773,-2.9670009967184994,-3.109266029789789,-3.2591800167940175,-3.417057640259499,-3.583276330779234,-3.7582179922913905,2.0,-4.136326729096305,-4.340303679728016,-4.5546755473012785,-4.7803539214759425,-5.017503302908052,-5.2665733216763515,-5.5285911168039235,-5.8034244692005705,-6.092459995270059,-6.3955129290331625,-6.713906048526321,-7.0480109671362134,-7.3982724103815505,2.0,-8.151831947192836,-8.556017996220227,2.0,-9.424945549307337,-9.891089553878944,-10.37944209509866,-10.891448178213508,-11.428188596555716,-11.990773728614078,-12.580363401547933,-13.19797419893954,-13.84490773324342,-14.522795316404732,-15.233093789550695,-15.977307397424,2.0,-17.573876012953324,-18.42962875618556,-19.326098167636665,2.0,2.0,-22.279319843352692,2.0,-24.4889376839902,-25.67304100489014,-26.91336283833666,-28.21255610428006,2.0,-30.998810788960068,-32.491835654627636,-34.05567244086548,-35.69366964678438,-37.4093347257344,-39.2063421435284,-41.088539992498205,2.0,-45.12482376498522,2.0,-49.55278762929998,-51.92537182232915,2.0,-57.01316890932521,-59.73928079195955,-62.594566559654886,2.0,2.0,-71.9981036512914,-75.43422443507617,2.0,-82.80257155662846,-86.75058388787164,2.0,-95.21659575442074,2.0,-104.50376959545858
0.0159778223429837,2.0,2.0,2.0,2.0,2.0,2.0,2.0,2.0,2.0,2.0,2.0,2.0,2.0,2.0,2.0,2.0,2.0,2.0,2.0,2.0,2.0,2.0,2.0,2.0,2.0,-0.28311822887393,-0.2842903241129062,-0.2855170826749169,-0.2868010820863614,-0.2881450109321778,-0.2895516901779761,-0.2910263189944503,-0.2925717375693694,-0.2941902867122674,-0.2958853742384562,-0.2976605457866564,-0.2995195298743112,-0.3014662477929316,-0.3035047725842141,-0.3056394040084894,-0.3078746291035945,-0.3102151374546088,-0.3126658688796513,-0.3152319811868956,-0.3179188641237926,-0.320732207671058,-0.3236779090990941,-0.3267622056458031,-0.329991583619797,-0.3333728736359936,-0.3369132019772236,-0.3406200554192107,-0.3445012597137318,-0.3485650171850982,-0.3528199275879509,-0.3573025898663041,-0.3620000938092491,-0.3669195147059295,-0.3720712534489358,-0.3774662383145579,-0.3831159081670567,-0.3890322369312916,-0.3952277546219667,-0.4017156789324516,-0.4085097133639722,-0.4156243031941671,-0.423121924579601,-0.4309846825677581,-0.4392193264825216,-0.4478433555303313,-0.4568751192796995,-0.4663338303803472,-0.4762396218469918,-0.4866556764461261,-0.497607664739472,-0.5090781189391584,-0.5210914773897554,-0.5336733410057961,-0.5468519413231134,-0.5607653469599501,-0.5753377452086251,-0.5906006089751282,-0.6065860985715397,-0.6234134104142485,-0.64109323724877,-0.6596108479429912,-0.6790057766587789,-0.6994753287385227,-0.7209273145164945,-0.7433960600938414,-0.7670770675043774,-0.7919291374547256,-0.8179594438401815,-0.8454395801610837,-0.8742308507758667,-0.9045033071847852,-0.936347424437714,-0.9697567103091886,-1.0049760911986043,-1.041902635749363,-1.0808534397584326,-1.121717498348791,-1.1647923919130412,-1.2100578450681774,-1.2576917669239245,-1.3078693567464903,-1.360594394104415,-1.416195301484194,-1.4747134467654623,-1.5362688186692863,-1.601152425853618,-1.6695210421516542,-1.741493702140885,-1.8172794598683857,-1.8971555349439853,-1.9813805478554107,-2.070103967549468,-2.1635777533238914,-2.2620648249445123,-2.3658407195755045,-2.4752014146755603,-2.5905258357919596,-2.7120520066461467,-2.8400922153027404,2.0,-3.1170751631610822,-3.26672515159259,-3.4243037606811644,-3.5903218615374985,-3.7651738001091823,-3.9491729959544903,-4.142720281734132,-4.346313008232757,-4.560694442099069,-4.785986678274462,2.0,-5.271813007182844,2.0,-5.808139544102816,-6.09655706287687,-6.399725533138987,2.0,-7.051602369698165,2.0,2.0,-8.154802068391614,-8.55891642998479,-8.982660621523966,-9.427221149225806,-9.893395807403502,-10.381728425568989,2.0,-11.43004527752304,-11.992460590170404,2.0,-13.199574767471736,2.0,-14.524269154314275,2.0,-15.978561072056165,2.0,-17.57495524257788,-18.430633834344572,2.0,-20.2660753890296,-21.249754910333277,-22.280160319983885,2.0,2.0,-25.67382649427102,-26.914102620628036,-28.213254290662217,-29.574060964637777,2.0,-32.49242699652092,-34.05623346626432,-35.69420266547241,-37.40984171635488,-39.206824678056705,-41.08899992225668,2.0,2.0,2.0,2.0,2.0,2.0,-57.01350707992955,-59.739605644464504,2.0,2.0,-68.71770904954111,-71.99838268076286,2.0,2.0,2.0,2.0,2.0,-95.21682309177598,-99.75295352627762,2.0
0.0155222535742704,2.0,2.0,2.0,2.0,2.0,2.0,2.0,2.0,2.0,2.0,2.0,2.0,2.0,2.0,2.0,2.0,2.0,2.0,2.0,2.0,2.0,2.0,2.0,2.0,2.0,-0.2832042889191323,-0.284389028603543,-0.2856290275500643,-0.2869269012649398,-0.2882853530842009,-0.2897072516869209,-0.2911956417324292,-0.2927573429610714,-0.2943929436308472,-0.2961058848249391,-0.2978997610285575,-0.2997783411594859,-0.3017455742209421,-0.3038055896020801,-0.3059627336475979,-0.3082215319762396,-0.3105867350575436,-0.3130633345171555,-0.3156565398832949,-0.3183718044295876,-0.3212148579517689,-0.3241916935914227,-0.3273085832599846,-0.3305721075130358,-0.3339891658250798,-0.3375669560781154,-0.3413130437882322,-0.345235336189737,-0.3493421417550885,-0.3536421335264667,-0.3581519528740794,-0.362897677792938,-0.3678676024991061,-0.3730722381660381,-0.3785226386110666,-0.3842303354001852,-0.3902074331962785,-0.3964666315093419,-0.4030211894360039,-0.4098851044848719,-0.4170727516435447,-0.4246093743065043,-0.4325503386636722,-0.4408668943226154,-0.4495767152777048,-0.4586983305956283,-0.4682511584686267,-0.4782555285955404,-0.4887327376709158,-0.4997775453075513,-0.5113583191100578,-0.5234872244073583,-0.5361901104699556,-0.5494940562589319,-0.5634676249084906,-0.578175509385515,-0.5935800062334996,-0.6097139821425221,-0.6266118634310679,-0.6444447162423387,-0.6631283403590829,-0.6826970871735948,-0.7032389327011944,-0.7248762479086843,-0.7475390703386319,-0.771296541401346,-0.7963554517933862,-0.8226023996740917,-0.8501629663716157,-0.87918485003239,-0.9095828921663244,-0.941627237090282,-0.9752385801404896,-1.0105964875597082,-1.047759542268299,-1.08682920215921,-1.1279174145248327,-1.1711385344632232,-1.216564772848903,-1.2644218794077955,-1.3146684213359277,-1.3676694730771088,-1.4233867761736656,-1.4819737748024622,-1.5437826533237913,-1.6087926157075108,-1.6771936351191998,-1.7492916837892123,-1.8252519889636656,-1.905223612984405,-1.9894362916787025,-2.078129316955974,-2.17166232197934,-2.270207289514837,-2.374017775967312,-2.483380231813653,-2.598593488788958,-2.7199687613134342,2.0,-2.9825694966694027,-3.1245596440079684,-3.2741000304772294,-3.4315661554633445,-3.59734331545787,2.0,-3.955472793062959,-4.148898924814395,-4.352361883697451,2.0,-4.791190900271157,-5.02789697769159,2.0,-5.537751280847163,-5.812269622781741,2.0,2.0,2.0,-7.0545192098258305,-7.404742816063509,-7.771739231752408,-8.157058280347306,-8.561282508104313,-8.984760689696483,2.0,-9.894952237954872,2.0,-10.89499886804075,-11.431312335878458,-11.993531094972631,-12.582816564243902,2.0,2.0,-14.525085321413853,2.0,-15.97912605643662,-16.758637540097247,2.0,2.0,-19.327244719755903,-20.26621548429936,-21.249833273334133,-22.280198704398085,-23.359465667106218,2.0,2.0,2.0,-28.213187232155775,-29.573950921693783,-30.99928518318835,2.0,2.0,-35.693951031681955,-37.40956121540585,2.0,-41.08866717745127,-43.06004206024472,-45.12486518292049,-47.287558001135274,-49.552753565082206,-51.925303729132104,-54.410291253840214,-57.01303901671696,-59.73912280301095,-62.59438255435772,-65.58493513385616,-68.71718716784885,-71.99784902299757,-75.43394891144611,-79.03284863597096,-82.80225810268966,-86.7502528921439,2.0,2.0,-99.75235550925012,-104.50337800182764
0.0150796742417,2.0,2.0,2.0,2.0,2.0,2.0,2.0,2.0,2.0,2.0,2.0,2.0,2.0,2.0,2.0,2.0,2.0,2.0,2.0,2.0,2.0,2.0,2.0,2.0,2.0,-0.2832878947842396,-0.2844849111060087,-0.2857377760475383,-0.2870491110327293,-0.288421675974727,-0.2898583448244025,-0.2913621370370262,-0.2929376904898275,-0.2945898573104016,-0.2963201490706035,-0.2981321970116729,-0.3000298075984077,-0.302016980185363,-0.3040978810968723,-0.3062768917322283,-0.3085585923147008,-0.3109477905417317,-0.3134495144872549,-0.3160690310497231,-0.3188118537633959,-0.3216837727499448,-0.3246908490643976,-0.327839415209074,-0.3311361113567146,-0.3345879030953194,-0.3382020775990983,-0.3419862744355678,-0.345948484259345,-0.3500970934536344,-0.3544408705294311,-0.3589890075930456,-0.3637702972539959,-0.3687892831160886,-0.3740453168925381,-0.3795495344547579,-0.3853136035581002,-0.3913497601501925,-0.3976707935287488,-0.4042901386446456,-0.4112218403781527,-0.4184806656124035,-0.4260819725775537,-0.4340731557353164,-0.4424692803227412,-0.4512624403361094,-0.4604713505311819,-0.4701155994907999,-0.4802157260383331,-0.4907932252015298,-0.50188912591111,-0.5135770681018319,-0.525818219118931,-0.5386386688629377,-0.55206574775277,-0.5661280843209624,-0.580938152444,-0.5964803423525107,-0.6127585415114747,-0.6298075416325072,-0.6477096224753137,-0.6665544022297771,-0.686292001987449,-0.7069645691085951,-0.728724949969701,-0.751576454669107,-0.7755108182289701,-0.800672108166886,-0.8271295138768517,-0.8548410200626475,-0.8840189480780761,-0.9146516337889158,-0.946783136949128,-0.9806440664179916,-1.0161106694613449,-1.0535175622527926,-1.0927209064585373,-1.1340438102888186,-1.1773758326178525,-1.223074698981398,-1.2710142339590058,-1.3215501907804563,-1.3746570621583585,-1.430507269735313,-1.4893699383353003,-1.5512429974712922,2.0,-1.684997163433235,-1.7572089586344035,-1.833200246917664,-1.9132549217241197,-1.9976244957867673,-2.0864532140769394,-2.179991249838462,-2.278500421992397,2.0,-2.4916291969512434,-2.6068584974455877,-2.7282290235254507,-2.8560659693584403,-2.9907073087038887,-3.1325035169395807,-3.281817176005241,-3.439047114398419,-3.604693982231785,-3.779079350160715,-3.962591577691228,2.0,-4.358705906852197,-4.572492791228123,-4.797296079098965,-5.033462999508621,-5.281870462799214,-5.542956230365881,-5.816994320759371,-6.10522147211662,-6.40746946333021,-6.725240352319041,-7.058338926677867,-7.408289354422582,-7.775312114491343,-8.160149750254869,-8.564214794765157,-8.98774583950026,2.0,-9.897291545487388,-10.385657430568855,-10.89733424435986,-11.433421989746334,-11.995434536726352,-12.584543249133183,-13.201970556362191,2.0,-14.526713271720777,-15.236638101309088,2.0,-16.759914089365655,2.0,-18.43201410331341,-19.328265249778553,-20.2671672424077,-21.25072296735741,-22.28103213758749,2.0,-24.490720687637054,-25.674702447474427,2.0,-28.21393479513725,-29.574655635198667,-30.99995057318643,-32.492869553139435,-34.056609003118865,-35.69451574521469,-37.410097086444424,-39.20702631400337,-41.08915162043599,-43.06050381839896,-45.12530506598519,-47.287977889673584,-49.55315464033934,-51.92568740219711,-54.410658374729486,-57.01339051608634,-59.73946009595774,-62.59470631513728,-65.58524612829376,-68.71748617846818,-71.99813675510686,-75.43422587512725,-79.03311576652452,-82.80251565755792,2.0,-90.88553190952352,-95.21646506464664,-99.75258037976816,-104.50359576770684
0.0146497139830728,2.0,2.0,2.0,2.0,2.0,2.0,2.0,2.0,2.0,2.0,2.0,2.0,2.0,2.0,2.0,2.0,2.0,2.0,2.0,2.0,2.0,2.0,2.0,2.0,2.0,-0.2833691167093248,-0.284578062556815,-0.2858434186425822,-0.2871678406961362,-0.2885541077812843,-0.2900051296956165,-0.2915239502941003,-0.2931137695290586,-0.2947810605538152,-0.2965281904480142,-0.2983578894671677,-0.3002739837246276,-0.302280507627378,-0.3043816758577862,-0.3065819277407345,-0.3088858670387276,-0.3112983597013939,-0.3138244834711777,-0.3164695580129366,-0.3192391536767706,-0.3221391041597883,-0.3251755413169941,-0.3283548600499743,-0.3316837684775806,-0.335169299620431,-0.3388188091897395,-0.3426400173127523,-0.3466409925351248,-0.3508301999619567,-0.3552165013548102,-0.3598091758927012,-0.3646179468275571,-0.369683636221267,-0.3749895701831541,-0.380546052382114,-0.3863648652042339,-0.3924583612335568,-0.3988394470006082,-0.4055217111673713,-0.412519303962001,-0.4198471038849904,-0.4275206807894409,-0.4355563470858303,-0.4440234039505424,-0.4528974972302191,-0.4621911726740383,-0.4719242059628963,-0.4821173194092458,-0.492792216289334,-0.5039716311994761,-0.5157278913262061,-0.5280780432167651,-0.541012658087954,-0.5545593124168435,-0.5687468912663415,-0.5836147082373419,-0.5992906598220955,-0.6157089508109687,-0.6329046172807202,-0.6509143632751415,-0.6698721623011716,-0.6897737344907549,-0.7106179719034622,-0.7324502951935172,-0.7554841772478242,-0.779610353061021,-0.8048796634900813,-0.8315086195599757,-0.8594341856094998,-0.8886912836122706,-0.919551865985256,-0.9518754460916272,-0.9858659354791302,-1.0215863977676067,-1.0590755893348112,-1.098548789894684,-1.1399526891518843,-1.1835712231453888,-1.2293488772982075,-1.2775459506070206,-1.3282038156748288,-1.3814585895933829,-1.4375539856788635,-1.4964788645329494,-1.5585425094018872,-1.62386460235735,-1.6925487656953715,-1.7648625626095442,-1.8410549421408524,-1.9212242209648824,-2.005597867971235,-2.094426327806519,-2.1880743589986777,-2.2866720558339213,-2.3904919979299324,-2.499818506922672,-2.61495116337708,-2.736199216871555,-2.863934612774164,-2.998518432386754,-3.140239388105226,-3.2894641360586734,-3.446572057077285,-3.6119545604476855,2.0,-3.969223862280383,-4.16214977440243,-4.365097187203673,-4.578495158191892,-4.802827349763314,-5.0389399351161215,-5.287050148576724,-5.5475972709557935,-5.821696908437457,-6.109301815762315,-6.4115895009956665,2.0,-7.061947493270559,-7.411287725733811,-7.778305860880288,-8.162913785630135,2.0,-8.990076764546934,-9.4338230578842,-9.899137362090231,2.0,-10.898957310925931,2.0,-11.9967564510622,-12.585660484089656,-13.202911698552192,-13.84979598877988,-14.527582867298229,2.0,-15.981223213626286,-16.760505501924303,-17.576987715371473,-18.43240166695348,-19.328566331397948,-20.26739107216004,-21.25087680579311,2.0,2.0,-24.490778685122244,-25.6747906648346,2.0,-28.213923793347917,-29.57459673850607,-30.999847637057226,-32.492726106394194,-34.056427874341125,-35.694300212992786,-37.40984950751891,-39.206749105982134,-41.0888467274086,-43.06017333891174,-45.12495056105398,-47.287601180149686,2.0,-51.9252703692825,-54.4102226716981,-57.01293832305385,-59.73899170882758,-62.59422288315033,-65.58474855875994,-68.71697502644156,-71.99761339268298,-75.43369102301423,2.0,-82.80195908287742,-86.7499351903041,-90.88495552522922,-95.21588051372774,2.0,2.0
0.014232012996167,2.0,2.0,2.0,2.0,2.0,2.0,2.0,2.0,2.0,2.0,2.0,2.0,2.0,2.0,2.0,2.0,2.0,2.0,2.0,2.0,2.0,2.0,2.0,2.0,2.0,-0.2834480219429565,-0.28466854803577,-0.285946035706088,-0.2872831619753055,-0.2886827368704593,-0.2901476982140369,-0.2916811196766659,-0.2932862215519493,-0.2949668518848506,-0.2967303574491268,-0.2985771895693541,-0.3005112369703909,-0.3025365646930938,-0.304657443886708,-0.3068783172004607,-0.3092038692383834,-0.311638991932703,-0.3141888155124658,-0.3168587135805829,-0.3196543019329889,-0.3225814983334686,-0.3256464535198375,-0.3288556411329372,-0.3322158418800739,-0.3357341422034271,-0.339417980750286,-0.3432751379689335,-0.3473137667157584,-0.3515424015352498,-0.3559700153139652,-0.3606059503860129,-0.3654600378292029,-0.3705531317377477,-0.3759075474211828,-0.3815147994330063,-0.3873867998586956,-0.3935359906815332,-0.3999754286923019,-0.4067187763067084,-0.4137803660650176,-0.421175193940165,-0.42891897591387,-0.437028169146335,-0.4455350549702252,-0.454487767837384,-0.4638637886833811,-0.4736830661658313,-0.4839665110344496,-0.4947360201494361,-0.5060145278788654,-0.5178260648025246,-0.5302770484272419,-0.5433225690460657,-0.5569853806395146,-0.5712946220065542,-0.5862808029400745,-0.6020268084544577,-0.6185811731403992,-0.6359193597372268,-0.654078376152585,-0.6731042706847913,-0.6931651353813227,-0.714176282393064,-0.7361825076656962,-0.7592929790260569,-0.7836054900464463,-0.8090699627304054,-0.8357795142000819,-0.8639130306117959,-0.893379872230603,-0.9243337718238188,-0.9568890830651288,-0.990987793362864,-1.0269327432545627,-1.0646050117641028,-1.1042432087829277,-1.145862354789404,-1.1896293516009966,-1.2356078774707613,-1.2839834085050077,-1.3347757527563842,-1.3882895747835593,-1.4444625259960098,-1.503633282326415,-1.5658545708593032,-1.631240001345384,-1.7001573921121191,-1.7726455917336792,-1.848881340587704,-1.9291345010984111,-2.01369278304931,-2.1026727822620757,-2.196323307898889,-2.2949045523217064,-2.3987300905093347,-2.508126586458574,-2.6233059592310446,-2.7445797874140982,-2.8722727584417687,-3.0067230249846935,-3.14828212570681,-3.297319155230997,-3.454301539621483,-3.6195901983475984,-3.79355563981998,-3.976618608230138,-4.169210558428542,2.0,-4.5850021960845035,2.0,-5.044979135151656,-5.2926598588033,-5.553251810138465,-5.826838528929912,2.0,-6.4162828590149985,-6.733145501548917,-7.0660944515023925,-7.415283765823993,2.0,-8.166550462805134,-8.569726304613944,-8.992977157265418,2.0,-9.9018632647644,-10.389637857672934,-10.901203911835628,-11.437329380816156,-11.998924899847667,-12.587613365024415,-13.20468023589629,-13.851405617911364,2.0,-15.239115464434356,-15.982759462871543,-16.761917068045317,-17.57828840296072,2.0,-19.3296815907549,-20.268427459871877,-21.25184266815308,2.0,2.0,2.0,-25.67563900670022,-26.915773462211348,2.0,-29.57535250942491,-31.000559568852992,-32.493398020097345,-34.057062706765024,-35.694900641926196,-37.41041807802238,-39.20728821760375,2.0,-43.060660105037165,-45.12541390288571,-47.288042409015425,-49.55317775057317,-51.925671827049115,-54.41060697273933,-57.01330517252664,2.0,2.0,2.0,-68.71728531301659,-71.99791115398608,-75.43397734269267,-79.03284504612128,-82.80222441237333,-86.75019091754052,2.0,2.0,2.0,-104.50321701337104
0.0138262217376465,2.0,2.0,2.0,2.0,2.0,2.0,2.0,2.0,2.0,2.0,2.0,2.0,2.0,2.0,2.0,2.0,2.0,2.0,2.0,2.0,2.0,2.0,2.0,2.0,2.0,-0.2835246706803641,-0.2847564578810943,-0.2860457295689673,-0.2873952002336303,-0.2888077026518332,-0.2902862021461092,-0.2918338049266695,-0.2934537613588316,-0.2951494770521232,-0.2969266489444421,-0.2987901288221688,-0.3007416061553489,-0.3027851988046531,-0.3049251980764039,-0.307166097457607,-0.3095126343387463,-0.3119697328429186,-0.3145425716499169,-0.3172365719551274,-0.3200574208363727,-0.3230110557808965,-0.3261037130943576,-0.3293419190660738,-0.3327324962098431,-0.3362826292314482,-0.33999979286274,-0.3438918705613768,-0.347967066747502,-0.3522340052181676,-0.3567017314119976,-0.3613796813647139,-0.366277771402774,-0.371406382527162,-0.3767983027050824,-0.3824548644051471,-0.3883785022862476,-0.3945817719872784,-0.4010778588062194,-0.4078805540127017,-0.4150042890902883,-0.4224641274269899,-0.4302761710563911,-0.4384567748248253,-0.4470234132316927,-0.4560301305102621,-0.4654861134878297,-0.47538914818433,-0.485760313161488,-0.4966216987806843,-0.5079964416794309,-0.5199087709024874,-0.5324087026279563,-0.5455619218118104,-0.5593375376576278,-0.5737649254240375,-0.5888748610704702,-0.6046995758041971,-0.6213641429136216,-0.6388407321214101,-0.657144710631352,-0.6763151544446077,-0.6964492373859091,-0.7176224046755244,-0.7397983943495257,-0.7630246191091766,-0.7874722415442821,-0.8131262414640815,-0.8399956003129934,-0.8682452654778523,-0.8979236202117353,-0.929008312702534,-0.9617361055725032,-0.9960705197905004,-1.032097087466093,-1.0700202474191152,-1.109741741553662,-1.1516254959781644,-1.1954972092506762,-1.2417336244079151,-1.2901896185983066,-1.341279325456245,-1.3948675274722029,-1.4512934489806273,-1.510599367008327,-1.5729126696969469,-1.6385784076001004,-1.7075787831813407,-1.7801233139197017,-1.856585140394402,-1.9369918683244447,-2.0215685432919597,-2.110573897833612,-2.2043657762629496,-2.303066316163287,-2.406946878644157,-2.516291858491649,-2.631398173941557,-2.7526078930434346,2.0,-3.0147189390554727,-3.1562311819323865,-3.3051998541665704,-3.462006174950661,-3.627046028503851,-3.8007269495903873,-3.983572844292671,-4.176037108100853,-4.378490443415207,-4.591392439665388,-4.815209703059342,-5.0506919900709875,-5.298304112368818,-5.5583638366473975,2.0,-6.118986763060672,-6.420419597749099,-6.737351249149893,-7.069667506026524,-7.418920912390735,-7.784979948989159,-8.16949865885131,-8.572634674000454,-8.99538285633496,-9.439132367122385,2.0,-10.391569876980425,-10.902828330744873,-11.43892173384748,2.0,-12.588993516120215,2.0,-13.85238874270884,-14.529965553845049,-15.239962860984855,-15.983641916001964,2.0,-17.57890832534518,-18.4341124168457,2.0,2.0,2.0,-22.282192983544803,-23.361275994331937,-24.491636399793368,2.0,2.0,-28.214779928784896,-29.575351416217543,2.0,-32.49330273713131,-34.05692589101693,-35.69472556317996,-37.410207810179536,-39.20704517505045,-41.08908535570914,-43.0603583697477,2.0,-47.28769024032235,2.0,-51.92527591076636,-54.41019091811,2.0,2.0,-62.59409128255371,-65.58458784055796,-68.7167872448797,-71.99739959639794,-75.43345302634837,-79.03230869353501,2.0,-86.74963267329274,2.0,-95.21554090277871,-99.75163050798696,2.0
0.0134320006305541,2.0,2.0,2.0,2.0,2.0,2.0,2.0,2.0,2.0,2.0,2.0,2.0,2.0,2.0,2.0,2.0,2.0,2.0,2.0,2.0,2.0,2.0,2.0,2.0,2.0,-0.2835991464977751,-0.2848418525836902,-0.286142569558254,-0.2875040240384696,-0.2889290810026437,-0.290420728661044,-0.2919821013986689,-0.2936164773216956,-0.2953273041070561,-0.2971181559301449,-0.2989970436038931,-0.300965462116156,-0.3030267940683786,-0.3051853731812207,-0.3074457304631938,-0.3098126538821681,-0.3122910936055332,-0.3148862986348649,-0.3176037221350704,-0.3204490976943873,-0.3234284260367128,-0.3265479862055629,-0.3298143741356852,-0.3332344693049628,-0.336815517822069,-0.3405650690233855,-0.3444910517492126,-0.3486017636577325,-0.352905911058921,-0.3574125929808235,-0.3621313607277084,-0.3670722003935688,-0.3722455810709622,-0.3776643168069749,-0.3833687875385454,-0.3893425937047677,-0.3955984186881377,-0.4021495406463414,-0.4090098633091356,-0.4161939694950193,-0.4237170895670083,-0.4315953136116361,-0.4398452790923535,-0.4484845649629088,-0.4575315634460634,-0.4670640534862667,-0.4770484502481231,-0.4875048331711523,-0.4984554716788149,-0.5099236955901623,-0.5219339348844877,-0.5345117869972484,-0.5477410891198449,-0.5616262878381877,-0.5761684497562449,-0.591398570641092,-0.6073492132205262,-0.6240738098124006,-0.6416848509118223,-0.660129650355414,-0.6794475327158037,-0.6996799068041015,-0.720979283116996,-0.7433201364516205,-0.7667190083979677,-0.7912413226267538,-0.8170794401919146,-0.8441416389134435,-0.8724857551604183,-0.9023545493194552,-0.9336543000821385,-0.9664662750094656,-1.0010297341067695,-1.0372313998739442,-1.0753079352357322,-1.1152839772299346,-1.1572566838374096,-1.2013997699056975,-1.247724108699454,-1.296467119180348,-1.347644070811766,-1.4014646859333753,-1.458046814111647,-1.517472332940708,-1.5800698653487704,-1.6458073095687769,-1.7149647282149774,-1.7877628853457563,-1.8642793340507209,-1.9447486803405865,-2.0295362819952856,-2.118710750229028,-2.212519114570926,-2.311219938655436,-2.4151724378748134,-2.5246177041718085,-2.6398019647627207,-2.7610355026460147,-2.8886421872662744,-3.0229595686854767,-3.1643410076173573,-3.3132269797919656,-3.469973140389019,-3.6349393013388633,-3.808538662341461,-3.9911983991805458,-4.183357977698713,-4.385476827954626,-4.598201604459434,-4.821955119500352,-5.057149854934556,-5.304277768905749,-5.564208941160929,-5.8373720223023335,-6.124104149519736,-6.425598915441382,2.0,-7.07427856407057,2.0,-7.789135132738446,2.0,-8.576254739622227,-8.998721159054227,-9.442052371859448,-9.907155476177484,2.0,-10.905316434874932,2.0,2.0,2.0,-13.207851618983568,-13.854201533483447,-14.531612868904514,-15.241502019222995,-15.985246696813066,-16.764232531943073,-17.580348527621204,-18.43543849085163,-19.33131517311033,-20.26988203414375,-21.253136464223264,-22.28317363299004,-23.362191095064087,-24.49249202942338,2.0,-26.916689064422066,2.0,2.0,-31.00127397126383,-32.49402243046457,-34.05760430840092,-35.6953660976548,2.0,-39.20761797570882,2.0,2.0,-45.12557553939079,2.0,-49.5532460952946,-51.925698090909506,2.0,-57.0132553145762,-59.73925856237731,-62.59444282125482,-65.58492440665896,-68.71710968601266,-71.99770890784833,-75.43374956801163,-79.03259397385072,-82.80195106079209,-86.74989602922419,-90.88488853662696,-95.21578579499254,2.0,2.0
0.013049019780144,2.0,2.0,2.0,2.0,2.0,2.0,2.0,2.0,2.0,2.0,2.0,2.0,2.0,2.0,2.0,2.0,2.0,2.0,2.0,2.0,2.0,2.0,2.0,2.0,2.0,-0.2836714927009558,-0.2849248141324584,-0.2862366485629487,-0.2876097493497768,-0.2890469966719927,-0.2905514214141059,-0.2921261736981969,-0.2937745639531727,-0.2955000615014151,-0.2973062879437014,-0.2991979497429711,-0.3011828150667585,-0.3032613658425552,-0.3054379854892808,-0.307717251865525,-0.3101039589255728,-0.3126031362775205,-0.3152200468426227,-0.3179602144131891,-0.3208294092794321,-0.3238336854578073,-0.3269793788141289,-0.3302731334437219,-0.3337218913828645,-0.3373329669355603,-0.3411139636887652,-0.3450728828942296,-0.349218097094659,-0.3535583731235014,-0.3581029043728111,-0.3628613003217376,-0.367843651361869,-0.3730605166444863,-0.3785229415764802,-0.3842555926019605,-0.3902781255672856,-0.3965849695965576,-0.4031895426858881,-0.4101058399114919,-0.4173485780719324,-0.4249331345573996,-0.4328756452169499,-0.4411929734540371,-0.4499028228275085,-0.4590237137850748,-0.4685944405201923,-0.4786578480118786,-0.4891969882607235,-0.5002343043371739,-0.5117933090944885,-0.5238986362329903,-0.5365760802458686,-0.5498535192502888,-0.5638450936223033,-0.578498716218355,-0.5938456016723733,-0.6099184949054012,-0.6267516913384847,-0.6444405329692792,-0.6630220886343656,-0.6824832607422627,-0.7028656056257828,-0.7242298627162508,-0.7467308101410584,-0.7702973598579759,-0.7949798644912303,-0.8209054686014254,-0.848154942994283,-0.8766952113477366,-0.9066402547259824,-0.9381491613982416,-0.971150960549632,-1.0058237100911145,-1.042258330404197,-1.080419222430676,-1.1206392722214715,-1.1627696321740988,-1.2070983320103164,-1.2536099027607486,-1.3025236337001458,-1.353870588397914,-1.4078941078681355,-1.464577418939483,-1.5242897850811574,-1.5869564036557189,-1.652899432898767,-1.7222467109761703,-1.795098212456484,-1.8718017327211889,-1.952482778266139,-2.037302220190936,-2.12650691800144,-2.220484344356996,-2.319333505756121,-2.423323604911623,2.0,-2.647873182194566,-2.7691424567777023,-2.896776428191226,-3.0310985796547105,-3.172461948386887,-3.3212342766585685,-3.4777979911079875,-3.642550527137833,-3.8159376285415263,-3.998467269667721,-4.1905047162023825,-4.392500723457579,-4.604926525783454,2.0,-5.063166440914107,-5.310244531525817,-5.569827747793019,-5.842471868199679,-6.129215889673417,-6.430254702410017,-6.746325126366199,-7.078450960024697,-7.426763832642028,-7.792724005250513,-8.176400164320109,-8.579162048260484,-9.001726149789517,-9.444580972973448,2.0,-10.396746678742725,-10.907339750390165,2.0,2.0,-12.592874843508154,-13.209292906021313,-13.855419724237056,-14.53263970549994,2.0,2.0,2.0,2.0,2.0,-19.33184922746867,-20.270313564783773,-21.25347624848637,-22.283431407850365,-23.362374439739785,-24.492608994788498,-25.676547841069244,2.0,-28.21570879862774,-29.576229365628407,-31.00128335511425,-32.49398150401359,2.0,2.0,-37.41064457662151,-39.20741353912285,-41.089390294924016,-43.06060458102047,-45.12527752562487,-47.28783103478743,-49.552896475938944,-51.925325243678294,-54.410198653975144,2.0,2.0,-62.593991377525015,-65.58445640085397,-68.71662606714182,-71.99721047297788,-75.43323791670967,-79.03206901712014,2.0,2.0,-90.8843290934274,-95.21521614698663,-99.75128764774112,-104.5022612680715
0.0126769586978172,2.0,2.0,2.0,2.0,2.0,2.0,2.0,2.0,2.0,2.0,2.0,2.0,2.0,2.0,2.0,2.0,2.0,2.0,2.0,2.0,2.0,2.0,2.0,2.0,2.0,-0.2837417715287638,-0.2850054037603945,-0.2863280310756661,-0.2877124418843612,-0.2891615305959953,-0.29067835982235,-0.2922661044407912,-0.293928103141574,-0.2956678480583371,-0.2974890020536709,-0.2993953905743261,-0.3013940253010707,-0.3034893135861238,-0.3056834593374528,-0.3079810876114819,-0.3103870214690734,-0.3129063404503919,-0.3155443475313499,-0.3183066055188435,-0.3211989398256781,-0.3242274464612361,-0.3273985273485477,-0.3307188703276087,-0.3341954760316048,-0.3378357106002303,-0.3416472551911676,-0.3456381711271485,-0.3498168883327676,-0.3541922668527001,-0.3587735535455202,-0.3635704566980841,-0.3685931286062887,-0.3738522215837099,-0.379358888525126,-0.3851247922317854,-0.3911876717973059,-0.3975440932420698,-0.4042005782385944,-0.4111712472884368,-0.4184709547651027,-0.426115153230224,-0.4341201352594538,-0.4425029084460899,-0.451281292203966,-0.4604739705421744,-0.4701005082608884,-0.4802232621978527,-0.4908427972567771,-0.5019643151840936,-0.5136115116846315,-0.5258092037233465,-0.538583392512425,-0.5519613060195185,-0.5660043469289836,-0.5807662475961756,-0.5962265407246966,-0.6124182129027224,-0.629375815701591,-0.6471355420691847,-0.6658381569634294,-0.6854384745110923,-0.705966556688495,-0.7274662436921497,-0.7500533202249721,-0.773782762179275,-0.7986358737267141,-0.8246657637244441,-0.8520664713703061,-0.8807972893962586,-0.910888933130616,-0.942532536852376,-0.9757469948156478,-1.0105349840208806,-1.0471636790172127,-1.0855619578203723,-1.1258688318147274,-1.168251443825692,-1.212667524754887,-1.2594468475815537,-1.3084478119183782,-1.3600788766253205,-1.414187844542421,-1.4711724371023875,-1.5309674120667291,-1.5938587467310137,-1.659975628875325,-1.729393522642898,-1.8025232436409215,-1.8793538648427657,-1.9600886129544384,-2.0451095685373946,-2.1345187679671223,-2.228527460530124,-2.3273925104589246,2.0,-2.541042176628024,-2.656283163926271,-2.7775302135794413,-2.905106462372631,-3.0393477115156804,-3.180674418697829,-3.329433400808779,-3.4859643480663065,-3.650667772745415,-3.823958722973253,2.0,-4.1980404350893386,-4.399761862480756,-4.6120477011508045,-4.8352986523495485,-5.069987742496653,-5.3166261916265265,-5.5758940526765315,-5.848542104055861,-6.13483510281341,-6.435507051409982,-6.751571213125667,-7.083089155052694,-7.43150154995234,-7.796833781399518,-8.180617763375354,-8.582858079522142,-9.005301475062543,-9.448056015908955,-9.912415305341444,-10.399700018647032,-10.910259060714573,-11.44543336719433,2.0,-12.595164073994177,-13.211587965989704,-13.857479180783375,-14.53449943576236,-15.244051137233816,-15.987616907418268,-16.7667058338284,-17.582732158514588,-18.437558469332433,-19.333201727103535,-20.271561385196815,-21.254630982300075,-22.28450273729073,-23.3633712219623,-24.49353791078982,-25.6774156722855,2.0,-28.216530941234904,2.0,2.0,-32.49475550402694,-34.05824520985644,-35.695922306104265,-37.41129135934521,-39.20802461225511,-41.08996820820536,-43.06115192848513,-45.125796567967576,2.0,-49.553364575153665,-51.92577061173265,-54.41062320164891,-57.013244780715816,-59.73921055926279,2.0,-65.5848083413404,-68.71696284718955,2.0,-75.43354685559207,-79.03236532170938,-82.80169834502352,-86.74962118678951,-90.88459179980762,-95.21546892082384,-99.75153105303092,-104.50249596051096
0.0123155060329282,2.0,2.0,2.0,2.0,2.0,2.0,2.0,2.0,2.0,2.0,2.0,2.0,2.0,2.0,2.0,2.0,2.0,2.0,2.0,2.0,2.0,2.0,2.0,2.0,2.0,-0.2838100538450891,-0.2850836982710654,-0.2864168123429053,-0.2878122063810089,-0.289272808915033,-0.2908016822269286,-0.2924020404846701,-0.2940772640993769,-0.2958308533011188,-0.2976665078831144,-0.2995880854697536,-0.3015996280350413,-0.3037106361534941,-0.3059218022746302,-0.3082372532911337,-0.3106618606974962,-0.313200733806956,-0.3158592256649177,-0.3186429393930856,-0.3215577412941632,-0.3246097917266791,-0.3278055181722693,-0.331151682018102,-0.3346553301354631,-0.3383238941123321,-0.3421650974567553,-0.3461870826909003,-0.3503983492345552,-0.3548078167136445,-0.3594248012902216,-0.3642590972564976,-0.369320936719605,-0.3746210529155315,-0.3801706664422881,-0.3859815769910977,-0.3920702350280509,-0.3984747933963047,-0.405181696325293,-0.4122051884088276,-0.4195601682773382,-0.4272623324253506,-0.4353279793292824,-0.4437743046619639,-0.4526192519020363,-0.4618816440974449,-0.4715812000781221,-0.4817414867806541,-0.4924390915475693,-0.5036423818183573,-0.5153752241203149,-0.5276626223168893,-0.5405307647939925,-0.5540070858366105,-0.5681203215362151,-0.5829644499152915,-0.5985348788509275,-0.614841905436736,-0.6319203286014321,-0.6498065953230554,-0.6685665992505022,-0.6883020499506565,-0.7089716666851852,-0.7306195947996659,-0.7532920756649514,-0.7771581596066033,-0.8021769598554311,-0.8283803460721061,-0.8558520362174464,-0.8847679074938505,-0.9150533752032594,-0.9467735607322558,-0.9801930448196944,-1.0151973461782815,-1.051905162647491,-1.0905337396722343,-1.13099258252148,-1.1735471552417112,-1.218195031388712,-1.2650816994551863,-1.3143511554734084,-1.3660674554096428,-1.4204355518730405,-1.4775295725537094,-1.537522123329033,-1.600598419125091,-1.6667962885383256,-1.7365194177743883,-1.8097215842884136,-1.8866654256651392,-1.9676553601717468,-2.0527539254391423,2.0,-2.2363801877459695,-2.3354214309715533,-2.439566862820176,-2.549097403222353,-2.664345149927879,-2.7856748885817613,-2.913310060381855,-3.0475879156147285,-3.1888606004594995,-3.3374954366839034,-3.493874623960103,-3.65841739261088,-3.831612113450883,-4.013822246435766,-4.205486866636134,-4.407072883011031,-4.619059548401422,2.0,2.0,-5.322884632195857,-5.581955585687865,-5.854088733079416,-6.1401169913108715,-6.440722692519925,-6.756175692382077,-7.0876885428892376,-7.435616635408888,2.0,2.0,2.0,-9.008228257099034,-9.451077091756536,-9.915074877902036,2.0,-10.912611552164606,2.0,-12.008492148333922,-12.596711142607234,-13.213224328456802,-13.858985210054673,-14.535772030270572,-15.245124555849133,2.0,2.0,-17.583606574151773,-18.43837375363414,-19.333881695791657,-20.27212231004419,-21.25508586572699,2.0,-23.363647221682363,-24.493737724925136,-25.67754665974157,-26.91760227778874,2.0,-29.577141031329404,2.0,-32.49477597242788,-34.05821419089323,-35.695843941629285,2.0,-39.20786240545431,-41.08976947962285,-43.060918974279936,2.0,2.0,-49.55304315138804,-51.92542394887966,-54.4102528713702,-57.01285244920483,-59.73879727853954,-62.59392730762809,-65.58435773730785,2.0,-71.99704965574013,-75.43304874493163,-79.0318532047991,-82.801173048683,2.0,2.0,-95.21490854529917,-99.75096029789422,-104.50191579527976
0.0119643593122384,2.0,2.0,2.0,2.0,2.0,2.0,2.0,2.0,2.0,2.0,2.0,2.0,2.0,2.0,2.0,2.0,2.0,2.0,2.0,2.0,2.0,2.0,2.0,2.0,2.0,-0.2838763854988886,-0.2851597536624971,-0.28650305594413,-0.2879091154931343,-0.2893808836638671,-0.2909214623379894,-0.2925340854539945,-0.2942221380024098,-0.2959891715751577,-0.297838908164923,-0.2997752351531624,-0.3018022239285122,-0.3039257063325985,-0.306153412296846,-0.3084861822363375,-0.3109289311078366,-0.3134868039321115,-0.3161651940084599,-0.3189697539138989,-0.3219063867635352,-0.3249812999555013,-0.3282009705298524,-0.3315722136838919,-0.3351021409981999,-0.3387982112616027,-0.3426682377321075,-0.3467204091651134,-0.3509632872894031,-0.3554058640555205,-0.3600575322577185,-0.3649281409529682,-0.3700280288141126,-0.3753679760656512,-0.3809593423181389,-0.3868139430841311,-0.3929442359963729,-0.3993796643746335,-0.406135547906189,-0.413210340285861,-0.4206190163060639,-0.4283774682640153,-0.436502086532464,-0.4450101422117984,-0.4539197488421492,-0.4632498652463843,-0.4730203477590394,-0.4832520003396304,-0.4939918111090476,-0.505274538194073,-0.5170905802710537,-0.5294651213624442,-0.5424245343715406,-0.555996448542452,-0.570209805672909,-0.5851037311684225,-0.6007810925380405,-0.6172002385568865,-0.6343960300294702,-0.652405229688536,-0.6712662827044209,-0.6910901322572232,-0.7118972440288134,-0.7336891591821691,-0.7565124899989761,-0.7804464653462125,-0.805626133626151,-0.8319982386548984,-0.859618828820852,-0.8886380375345914,-0.9191117977528912,-0.9510288178127596,-0.9845292352303662,-1.0197436079327868,-1.0566262397052284,-1.095385309596812,-1.1360784931441454,-1.1787192282497967,-1.2236160807785852,-1.2706406242763368,-1.3201232397879068,-1.3720049213082048,-1.4265743004007467,-1.4838136928349974,-1.544043252433578,-1.60720050486126,-1.6737145697535525,-1.7435154214626778,-1.8168920319314816,-1.89406835277294,-1.975121399688157,-2.0603705544286255,-2.1500519581851303,-2.2443006387693076,-2.3433716525928374,-2.447653774977117,-2.5573433004106048,-2.6726903098360935,-2.794002504817146,-2.9216008588051334,-3.0558597270857786,-3.1971723173002076,-3.345824804670832,-3.5022013470778157,-3.666702175285109,-3.8397437942410058,-4.0217589683392205,2.0,-4.414603414065085,-4.62648451873841,-4.849269279486418,2.0,-5.329626492251267,2.0,-5.86041171792648,-6.146217311096023,-6.446288019941853,-6.761703930992026,-7.0928800805898975,-7.440397443244962,-7.805552651261645,-8.188392546212322,-8.59056507550659,-9.012093346222509,2.0,-9.918670223969348,-10.405075166797785,-10.915528173143745,-11.450548376275162,-12.011147319156894,-12.599062717567117,-13.215484251182144,-13.861320205161103,-14.53788939492657,-15.2470323510798,2.0,-16.76908543084555,-17.58516815866793,-18.43999362401393,2.0,-20.273502634375298,-21.256358234258453,-22.28603931820624,-23.36473722045655,-24.494750633183116,-25.678490117318745,-26.918482944425055,-28.217378207454704,-29.577950978359233,-31.00302721037671,2.0,-34.05899803376294,-35.69658042549014,-37.41186322494372,-39.20851642474959,-41.09038661325173,-43.061502083790494,-45.12608397588646,2.0,-49.55353935618851,-51.92589503671809,-54.410700677246254,-57.01327841665511,-59.73920335220551,-62.59431418428671,-65.58472716239183,-68.71684816593982,-71.99738694753114,-75.43337123730998,-79.03216207488771,-82.80146906177514,-86.74936741303962,2.0,-95.2151703675402,2.0,-104.50215713614573
0.0116232246867985,2.0,2.0,2.0,2.0,2.0,2.0,2.0,2.0,2.0,2.0,2.0,2.0,2.0,2.0,2.0,2.0,2.0,2.0,2.0,2.0,2.0,2.0,2.0,2.0,2.0,-0.2839408258294024,-0.285233638377977,-0.2865868406804056,-0.2880032607764171,-0.2894858864226342,-0.2910378364057437,-0.2926623630136996,-0.2943628853309934,-0.296142984555654,-0.2980063931839768,-0.2999570500565658,-0.3019990447390165,-0.30413668089666,-0.3063782867964972,-0.3087278716781761,-0.311188238062096,-0.3137645628028577,-0.3164622721712341,-0.3192870702710844,-0.3222449068777576,-0.3253420244412233,-0.3285849523437004,-0.3319805591268516,-0.3355359976238308,-0.3392587848629503,-0.3431567990196464,-0.3472382870981362,-0.3515118695418649,-0.3559865990528313,-0.3606719447047204,-0.3655778285724979,-0.370714667469494,-0.3760933222900136,-0.3817252123399483,-0.3876222653562359,-0.3937970139105644,-0.4002625675630783,-0.4070611319330592,-0.4141857460492311,-0.4216464955852439,-0.4294597165189412,-0.4376415711534023,-0.4462095775635191,-0.4551819850070535,-0.4645778713553081,-0.4744172434110705,-0.4847210477204368,-0.4955112309909187,-0.5068575753532166,-0.51875441942304,-0.5312135891895567,-0.5442616400159224,-0.5579263959662536,-0.5722369913960955,-0.5872239515592184,-0.6029587126020988,-0.6194866266563894,-0.6367964044830776,-0.6549249909678673,-0.6739110870594907,-0.6937952325094509,-0.7147320405177626,-0.7366638327308266,-0.7596336279538797,-0.7836904945502057,-0.8089665329107669,-0.8355022720105043,-0.8632943812007153,-0.892402267211645,-0.9230400283080096,-0.9551485747534604,-0.9887776936647352,-1.0241414556001782,-1.0612377725969917,-1.1000912258981632,-1.140995654519977,-1.1838550871392144,-1.2288533501159125,-1.2761312565429836,-1.325695049466711,-1.377846149197671,-1.4324953433078769,-1.490020782608645,-1.55032827034922,-1.613780634133959,-1.6803773081680191,-1.75036535642149,-1.8239461967481807,-1.9011837436848011,-1.9824716341217912,-2.0678833123544504,-2.1576075542781643,-2.252006920937888,-2.351281375848868,-2.4556249419193636,-2.565317121599172,-2.680718374820146,-2.802143791197419,-2.929832734029219,-3.064120331042867,-3.205358719869215,-3.3539133264901375,-3.510180291218937,-3.674636293588884,-3.847622047507087,-4.029563474761613,-4.220914146149173,-4.422142882268748,-4.633735862954048,-4.856195661933021,-5.09016839302273,-5.336203434125832,-5.594760630715562,-5.866402396632179,-6.151786060737741,-6.451839921732643,-6.766870830147367,-7.097565176026546,-7.445124375826434,-7.8096368341881535,-8.192550587226595,2.0,-9.015720128229296,-9.457643108785604,-9.921648807047388,-10.407875081743583,2.0,-11.452863521845282,-12.013370274559868,-12.600925524490725,2.0,-13.86292688489474,-14.53946315831273,-15.24836237579793,-15.99136925757982,-16.77002870520504,-17.58597162230441,-18.440846649600203,-19.336237022399775,-20.274215118079635,-21.25694735066782,-22.28651911133814,-23.365119591074457,-24.495045781723594,-25.67870685117251,2.0,2.0,-29.577975886624458,-31.003068642364298,-32.49568600795567,2.0,-35.69656008032065,-37.411794016476385,-39.20840296717587,-41.0902320268188,2.0,-45.12585672375428,-47.288292898155774,-49.553249622445016,-51.925577611677745,2.0,-57.012911069145574,-59.73881319622969,-62.59390320596639,2.0,-68.71639908287331,-71.99692061908834,2.0,-79.03166439216324,-82.80095711989534,-86.74884206541934,-90.88377676703624,-95.21462052714077,-99.75065085367858,2.0
0.0112918166860475,2.0,2.0,2.0,2.0,2.0,2.0,2.0,2.0,2.0,2.0,2.0,2.0,2.0,2.0,2.0,2.0,2.0,2.0,2.0,2.0,2.0,2.0,2.0,2.0,2.0,-0.2840034259485086,-0.2853054181088449,-0.2866682254335634,-0.2880947127606148,-0.2895878783788875,-0.2911508647374177,-0.2927869509624418,-0.2944995848813911,-0.296292368916508,-0.2981690685515765,-0.300133628424761,-0.3021901989288922,-0.3043431009427779,-0.3065968647119673,-0.3089627458555515,-0.3114402228459562,-0.3140344739241462,-0.316750958057227,-0.3195954166024124,-0.3225738510878818,-0.3256925391899918,-0.3289580625520831,-0.3323773303241167,-0.3359575537708285,-0.3397063035355985,-0.3436314970243519,-0.3477414633149959,-0.3520448655616346,-0.3565508323709273,-0.3612689008994927,-0.3662090543972464,-0.3713817806786725,-0.3767980250152955,-0.3824692848683206,-0.38840757859781,-0.3946255157890195,-0.4011362977474791,-0.4079610329906243,-0.4151340643356918,-0.4226456726922996,-0.4305118371475545,-0.4387492887134491,-0.4473755368199608,-0.4564089402030625,-0.4658687213033407,-0.4757750130569398,-0.4861489028501774,-0.4970124954351188,-0.508397444296723,-0.5203727838154268,-0.5329141067583207,-0.546048327469305,-0.5598032685390207,-0.5742083233421181,-0.5892942172547722,-0.6050931338958248,-0.6217115705828479,-0.6391321270461869,-0.6573766893018115,-0.6764842571946232,-0.6964955811907797,-0.7174922144232276,-0.7395598758158985,-0.7626719702710208,-0.7868778791705123,-0.8122293225797469,-0.8389156018867563,-0.8668742989570227,-0.8961566636997806,-0.9268690541597154,-0.9591635808298156,-0.992987658391338,-1.0284308318667787,-1.0657348009618428,-1.1048056304193026,-1.1457942637541327,-1.1888852462631547,-1.2340175865738194,-1.2814921756159554,-1.3312684190921538,-1.3835539640421757,-1.438450457127646,-1.4960907770184235,2.0,-1.620228028107972,-1.6869962671837777,-1.757205290264196,-1.8308627835175435,-1.908388076235068,-1.9897901483849296,-2.0752802818985514,-2.1652687764813043,-2.2597943713507815,-2.359110875511824,-2.4635897216741203,-2.5734683978230932,-2.6889675195613103,-2.810392722264626,-2.9380640107940685,-3.0724186864744127,-3.2137279654288076,-3.3623313753790693,-3.518612049236638,-3.6829698524088736,-3.85582139094374,2.0,2.0,2.0,-4.64144502035401,-4.863811486043651,-5.097568128507223,-5.343254671103902,-5.601463915690873,-5.8729916429532345,-6.158275623012143,-6.4578680504931025,-6.772536767950093,-7.103254294476716,2.0,2.0,-8.197230663541852,2.0,-9.019853274927383,-9.461690332003451,-9.925167005459254,-10.411512788830455,2.0,-11.45575853154735,-12.01638075702819,-12.603671825591624,-13.21948322070294,2.0,-14.541796715418617,-15.250540579603356,2.0,2.0,-17.58758297053807,-18.442387420383483,-19.33784804596062,-20.275751400133185,-21.25835686439021,-22.28781671476353,-23.366317850494788,-24.49615541828279,-25.679737022442392,-26.91958764648732,-28.218354181196553,2.0,2.0,-32.49651864547555,2.0,-35.69735458223738,-37.41254029721541,-39.2091048487361,-41.09089324470074,-43.06193363848068,-45.12644580393059,2.0,2.0,-51.92607758735096,-54.41083177470658,-57.01336166626192,-59.73924190639264,-62.594311093558154,-65.58468507698424,-68.71676964268227,2.0,-75.43322664539204,-79.03198740605131,-82.80126620469271,-86.74913806255658,-90.88406069835648,-95.2148926393194,-99.7509121968038,-104.5018371848402
0.0109698579789238,2.0,2.0,2.0,2.0,2.0,2.0,2.0,2.0,2.0,2.0,2.0,2.0,2.0,2.0,2.0,2.0,2.0,2.0,2.0,2.0,2.0,2.0,2.0,2.0,2.0,-0.2840642409408868,-0.2853751444011936,-0.2867472925897575,-0.2881835577007479,-0.2896869652021005,-0.2912606753026495,-0.2929079987505065,-0.2946323949877786,-0.2964374988856504,-0.2983271028796422,-0.3003051875352168,-0.3023759094042905,-0.3045436413296398,-0.3068129265244857,-0.3091907829643933,-0.3116848782307553,-0.3142965354841763,-0.3170312550139106,-0.3198948121857699,-0.3228932428502747,-0.3260328720987961,-0.3293203394117574,-0.3327625836504654,-0.3363668736194561,-0.3401408403659671,-0.3440924478868264,-0.3482300601525155,-0.3525624285170525,-0.3570987323621546,-0.3618485763693029,-0.3668220174981945,-0.3720295847920583,-0.3774823534874024,-0.3831918524244783,-0.3891701910814236,-0.3954300879170839,-0.4019848022409245,-0.4088482620870876,-0.4160542818427772,-0.4236151148145815,-0.431532794545605,-0.4398242978966752,-0.4485071138491881,-0.4575997599896364,-0.4671215925384005,-0.4770928734211894,-0.487534841795311,-0.4984697253024678,-0.509920822786573,-0.5219424264233392,-0.534563653689147,-0.5477814408533366,-0.5616239701993707,-0.5761207652504347,-0.5913027464508058,-0.607202300969487,-0.6238685125289923,-0.6413965604262941,-0.6597537590260307,-0.6789792990561738,-0.699114230357738,-0.7202015553063454,-0.7423659859522738,-0.7656162889765374,-0.7899669485636854,-0.8154699999821342,-0.8422210135937986,-0.8703414990648684,-0.899793318290426,-0.9306394296185192,-0.9630498040310734,-0.997063064060304,-1.0326870091111648,-1.070084707819394,-1.1093667912662664,-1.1505095883191958,-1.1937480448601618,-1.2391159250149988,-1.286671196220358,-1.33669778656589,-1.3890943532701807,-1.4442260295798932,-1.502002503689845,-1.5627704206238917,-1.626478098202104,-1.693509584685411,-1.7637917455633672,-1.8377417917015273,-1.9153614060117623,-1.9968970903820868,-2.0826533056525385,-2.1726946799412796,-2.267323234680206,-2.366867697886207,-2.4714496961540395,-2.581346124290378,-2.6969240764373876,-2.8184921130627174,-2.9462843950510713,2.0,-3.2218909926595236,-3.370422302870601,-3.526702295893068,-3.691056949076095,-3.8638833577437506,-4.045617286168858,2.0,-4.437641580480755,-4.648892624807228,-4.870998025984305,-5.104597547078571,-5.3501588749515525,-5.608223930366345,-5.879371628281419,-6.164214405680013,-6.4636658044704545,-6.77820129910714,2.0,-7.455191666707824,-7.8193867342410925,-8.201411832199032,-8.602748487365051,2.0,-9.465317077696874,2.0,-10.414448005409389,2.0,-11.458193852486383,-12.018659126227009,-12.605990296837025,-13.221434970624042,-13.86679979459985,-14.543373746490513,-15.252170452914124,-15.994718569897096,-16.772974055953128,-17.58856987182295,2.0,2.0,-20.276629441449153,2.0,-22.288435308251188,-23.366823479108017,-24.496560510236677,-25.680051932798616,-26.919821907311004,-28.218515845199097,2.0,-31.003903399978793,2.0,2.0,2.0,-37.41253057981494,-39.209045519507605,-41.090788156331215,-43.06178685709035,-45.12626038344556,-47.2886290747625,-49.55352315179463,-51.925792807712305,-54.41051848171639,-57.01302206133776,-59.73887761550272,-62.593923838342405,-65.58427631537789,-68.71634090991172,2.0,-75.43276159922448,2.0,-82.80076924016329,-86.74862658420962,-90.88353557599386,-95.21435421167236,-99.75036215585776,-104.50127591416428
0.0106570791417869,2.0,2.0,2.0,2.0,2.0,2.0,2.0,2.0,2.0,2.0,2.0,2.0,2.0,2.0,2.0,2.0,2.0,2.0,2.0,2.0,2.0,2.0,2.0,2.0,2.0,-0.2841233281207834,-0.2854428877310568,-0.2868240953412919,-0.2882698488327905,-0.2897832061243753,-0.2913673273198771,-0.2930255641656551,-0.2947613883498313,-0.2965784573129146,-0.2984805984351982,-0.3004718062640939,-0.3025562822695904,-0.3047384068165158,-0.3070227826400427,-0.3094142164180717,-0.3119226354373783,-0.3145512036540344,-0.3173036322369097,-0.3201857409556443,-0.3232036059988075,-0.3263635890649866,-0.3296723731152867,-0.333136935666013,-0.3367646170705123,-0.3405630678364872,-0.3445403212992702,-0.3487048016919691,-0.3530653092158443,-0.3576310903060684,-0.3624117963338209,-0.3674175621124419,-0.3726590022626803,-0.378147215711605,-0.3838938581463888,-0.389911112953916,-0.3962117480967785,-0.4028091425565082,-0.4097173031287892,-0.4169508566496707,-0.4245576487777129,-0.4325254290506988,-0.4408693912595945,-0.4496071634483765,-0.4587573648192609,-0.4683394742831612,-0.4783738923888785,-0.4888819787394279,-0.499886122759275,-0.5114097570605525,-0.5234774416466572,-0.5361681053998202,-0.5494671313921486,-0.5633947510901208,-0.5779806643515879,-0.5932559848944807,-0.6092533023001608,-0.6260067516265606,-0.6436002616913632,-0.6620668809139376,-0.68140702461579,-0.7016619891100897,-0.7228750322214709,-0.745098200188257,-0.7684829102682016,-0.7929741170878204,-0.8186245171637644,-0.8454887162948996,-0.8737189578037086,-0.9033355428552304,-0.93435406957523,-0.9668406230231608,-1.0010351333790324,-1.036851650340453,-1.074364156447608,-1.1138149269369544,-1.1551725713871814,-1.1984939601482,-1.2440907390705571,-1.2918472628362765,-1.341999585219699,-1.3946510996658006,-1.4498701555684883,-1.5079175940794989,-1.5687722336967822,-1.632767597980712,-1.6998842514299064,-1.7704357189221729,-1.8445042143122496,-1.9222817772030236,-2.004061588388676,-2.0898883959565535,-2.180130860260487,-2.2749675041675297,-2.374565800388898,-2.479258848340151,-2.5893679341440135,-2.705062461311813,-2.826646442224005,-2.9544470998367696,-3.0889180879439575,-3.230277067554521,-3.3788858747089354,-3.5351276573127315,-3.6994000227169272,-3.8721197496560937,-4.053756350374573,-4.244808559686979,-4.445678589556166,-4.656858364069871,-4.878860457907576,-5.112215406944505,-5.357471354591965,-5.615237318241751,-5.886261698276196,-6.171022616798617,2.0,-6.784188282559728,-7.114288858934783,-7.460867514891522,-7.824530662722349,-8.206630880743111,-8.60737551141856,-9.028125522529642,2.0,-9.932557186430872,-10.418038683665015,-10.92763766048527,-11.46156782059121,-12.02159252800793,-12.608967507409194,-13.22427804109514,-13.869305466562842,-14.545617649244283,-15.254475091486643,-15.99696076793353,-16.774987343174143,2.0,-18.444863814851207,-19.34020971683913,-20.278219664649423,-21.260674440426335,-22.28987533059285,-23.36814768737571,-24.49778209439412,-25.68118245535787,2.0,-28.219490692356754,-29.5798156942027,-31.004751810069283,2.0,-34.060762189659215,-35.69824970427004,-37.41333610749087,-39.2098015876575,-41.09149906165658,-43.0624557566731,-45.12689101710376,-47.28922424391037,-49.554085670329144,-51.926325087181326,-54.41102274537392,-57.01350022235429,-59.73933150590406,2.0,-65.58468662577232,-68.71673148606001,2.0,-75.43311658650659,-79.0318447018744,-82.80109299817917,-86.74893615893491,-90.88383180932946,-95.21463841048086,-99.7506341014982,-104.5015367654054
0.0103532184329566,2.0,2.0,2.0,2.0,2.0,2.0,2.0,2.0,2.0,2.0,2.0,2.0,2.0,2.0,2.0,2.0,2.0,2.0,2.0,2.0,2.0,2.0,2.0,2.0,2.0,-0.2841807271510436,-0.285508692994485,-0.2868987116278367,-0.2883536896676326,-0.2898767093632308,-0.2914709541321972,-0.2931397855471855,-0.294886710463022,-0.2967154051045002,-0.2986297205700912,-0.3006336819519793,-0.3027315153782294,-0.3049276306758461,-0.3072266522522593,-0.3096334305272467,-0.3121534676609602,-0.314798455421314,-0.3175680923422546,-0.320468217360505,-0.3235049426600926,-0.3266846976636529,-0.3300141772551704,-0.3335004224894873,-0.337150808955914,-0.340973044482535,-0.344975214834462,-0.3491657845216155,-0.3535536249061914,-0.3581480229799536,-0.3629587111096716,-0.36799587582127,-0.3732702059370765,-0.3787928671552034,-0.3845755746809675,-0.3906306284727924,-0.3969708310294852,-0.4036096826437698,-0.4105612559820226,-0.4178403227428741,-0.4254722640897078,-0.4334886872385568,-0.4418835997240498,-0.4506747262620574,-0.459880826283051,-0.4695214784207082,-0.4796172149671388,-0.4901895267485633,-0.5012609332985241,-0.5128550208835048,-0.5249964931453854,-0.5377242370556197,-0.5511021631006795,-0.5651124193993656,-0.5797848860224097,-0.5951508604832383,-0.6112431268886834,-0.6280960254572234,-0.6457455241390253,-0.6643093670300675,-0.6837608151434325,-0.7041323574059365,-0.7254674848628754,-0.7478118173952735,-0.771260408706271,-0.7958883021757784,-0.8216816722489199,-0.8486956335092274,-0.8769893995766891,-0.9067661393843855,-0.9379519910647984,-0.970614440260218,-1.004879500321211,-1.0408830464757313,-1.0785914447821727,-1.1181174203586484,-1.1596838092929078,-1.2032188013522442,-1.2488997662694696,-1.296888769979558,-1.3471516121209677,-1.4000197907803802,-1.4554249175695555,-1.513628174764565,-1.5747014056066813,-1.6388350498997992,-1.706155261387341,-1.7768747067578632,-1.85107973381162,-1.929107049195088,-2.010954905190387,-2.0970289649167757,-2.1874183788603663,-2.282307321602146,-2.382139259963638,-2.4869964326495615,-2.597136346525993,-2.7129114963091885,-2.834666969886239,-2.9626085092100216,-3.0970685892588894,-3.238395505764359,-3.387001941252673,-3.5432958534365726,-3.7075973967878055,-3.88032341674106,-4.061909427730361,-4.252809872338152,-4.453497137723777,-4.664467844238375,-4.8863217175497935,-5.119558342373312,-5.364694395067871,-5.622304001084916,-5.892978179025446,2.0,-6.476212852874616,-6.79021799469762,-7.119896519390739,-7.4660064237873245,-7.829697798843065,2.0,2.0,-9.032285470150947,-9.47322041257784,2.0,-10.42143069728683,-10.930540798637606,-11.46458481801361,-12.02415461676712,2.0,-13.226636803008148,-13.871351401614875,2.0,2.0,-15.998606288196932,-16.776440647482605,2.0,-18.445896815037976,2.0,2.0,-21.26155429221175,2.0,-23.368797134167735,-24.498314766026965,-25.681611268596267,-26.92120652147846,-28.219743707643687,2.0,-31.004862225448473,2.0,2.0,2.0,2.0,2.0,2.0,2.0,-45.12675223774237,-47.28904624085112,-49.55387113293864,-51.926076744966295,-54.41074315289965,2.0,-59.73899586605444,2.0,2.0,-68.71632544058141,2.0,-75.43267101153228,-79.03138123965161,-82.8006127623598,-86.74844018594862,-90.88332108428791,-95.21411378002128,-99.75009641131372,-104.50098678312884
0.0100580215736804,2.0,2.0,2.0,2.0,2.0,2.0,2.0,2.0,2.0,2.0,2.0,2.0,2.0,2.0,2.0,2.0,2.0,2.0,2.0,2.0,2.0,2.0,2.0,2.0,2.0,-0.2842364885462377,-0.2855726188660668,-0.2869711861514254,-0.2884351321452736,-0.2899675227566176,-0.2915715971102525,-0.2932507227442543,-0.2950084267026173,-0.2968484131823797,-0.2987745533522367,-0.300790898571778,-0.3029017012885736,-0.3051114008162331,-0.3074246559438556,-0.3098463432574344,-0.3123815593400666,-0.3150387481420497,-0.3178250971843279,-0.3207427206637696,-0.3237977854456769,-0.32699673456406,-0.3303463225636969,-0.3338536331923284,-0.3375260830096888,-0.3413714204450902,-0.3453977927746254,-0.3496137016345762,-0.3540280955650792,-0.3586502987281467,-0.3634901077306215,-0.3685577757384933,-0.3738640521199392,-0.3794201688843286,-0.3852379320279215,-0.3913296768433112,-0.3977083384424076,-0.404387445543932,-0.4113810819370478,-0.4187044351071068,-0.4263726891669112,-0.4344252510984521,-0.4428696438799586,-0.4517126180672748,-0.4609730130418162,-0.4706705348105264,-0.480825837006646,-0.4914605376813216,-0.5025972869397501,-0.5142598122913544,-0.5264729661041206,-0.5392627789037796,-0.5526925980553358,-0.566783133045148,-0.5815396818475385,-0.5969937219035135,-0.613178006402331,-0.6301277298836331,-0.6478784101278363,-0.6664917861771564,-0.6860513603455162,-0.7065361517447776,-0.7279899096384057,-0.7504584583592423,-0.7739897913705118,-0.7987256288031257,-0.8246579553890564,-0.8518175100707965,-0.8802623353875526,-0.9101081510632758,-0.9414568947911148,-0.9742895959536166,-1.008676544242818,-1.044812417628738,-1.08271112250812,-1.1224043338912062,-1.164083431092169,-1.2078308504566564,-1.2536500486449755,-1.3018091015778517,-1.3523084141967316,-1.4052626635506869,-1.460919799075308,-1.5192130356409153,-1.5805502578789532,-1.6447972883200466,-1.7123737688266707,-1.783181879898045,-1.8576839269987793,-1.9357928945318252,-2.017904260913599,-2.1041120022478874,-2.1946028690933903,-2.2897826574373825,-2.3896962305820137,-2.4946187488851015,-2.604996307536047,-2.720926413017828,-2.842711818148893,-2.9706863914279023,-3.105300422155139,-3.2467589986656993,-3.395426070995405,-3.5516821386732005,-3.715924953905089,-3.8885933463946976,-4.070187491101773,-4.261076390793141,-4.461732764668255,-4.672651023521946,-4.894346311498684,-5.127352206563898,-5.372222691889057,-5.629613670003954,-5.900178436944894,2.0,-6.483026245902767,2.0,-7.126044583611813,-7.47211779227173,-7.835306238571253,-8.216605519221098,-8.617042491026037,-9.036953812332486,-9.477975616422617,-9.940269136055711,2.0,2.0,2.0,2.0,-12.614247156024202,2.0,-13.87429518719531,-14.549923016934734,-15.25831934051967,2.0,2.0,-17.59368481374804,-18.447763156496247,-19.342766599221655,-20.28057364114718,-21.26312317232583,2.0,-23.370269062995696,-24.49966688130723,-25.68285733495731,-26.92235831395376,-28.220811033122125,-29.580985372301804,-31.00578549422558,-32.49825524184035,-34.061584907528754,2.0,-37.41423755168484,-39.21062045678541,-41.09221651106995,-43.0630801712951,-45.12742976015863,-47.289684102097496,-49.5544729279074,2.0,-54.41128022420423,-57.01370036248527,2.0,-62.594451809571176,2.0,-68.71673834817393,-71.99716528246348,2.0,2.0,-82.80095292583788,-86.74876496084114,-90.883631300047,-95.21441054787056,-99.7503804314174,-104.50125881272152
0.0097712415353464,2.0,2.0,2.0,2.0,2.0,2.0,2.0,2.0,2.0,2.0,2.0,2.0,2.0,2.0,2.0,2.0,2.0,2.0,2.0,2.0,2.0,2.0,2.0,2.0,2.0,-0.2842906597755973,-0.2856347246304588,-0.2870416014092716,-0.2885142416267268,-0.2900557525918447,-0.2916693695970477,-0.293358486685268,-0.2951266620251439,-0.296977614111337,-0.2989152401531264,-0.3009436147919627,-0.3030670185363943,-0.3052899129343069,-0.3076169923369025,-0.310053148227933,-0.3126035354866546,-0.3152735083340341,-0.3180747312972339,-0.3210093651797928,-0.3240822298796528,-0.3272998289822483,-0.330668961327093,-0.3341967275847186,-0.3378906037479475,-0.3417583810846334,-0.3458082571110548,-0.3500487970433139,-0.354488971691654,-0.3591381796305264,-0.3640062671234749,-0.3691035702490156,-0.3744408724392965,-0.3800295056013037,-0.3858813027746094,-0.3920086967578607,-0.3984246918231902,-0.405142919405827,-0.4121776276029731,-0.4195437748496428,-0.4272570158603388,-0.4353349543010437,-0.4438274297728201,-0.452720759840189,-0.4620338993707641,-0.4717866657756199,-0.4819998243121974,-0.4926951220028839,-0.5038953396839929,-0.5156243412160477,-0.5279071196604306,-0.5407698559165576,-0.5542399486899003,-0.5684059680074309,-0.583244187577703,-0.5987837682543649,-0.6150578640885882,-0.6321012050416979,-0.64995016859629,-0.6686428547961261,-0.6882762645169809,-0.7088710600654511,-0.7304400318780807,-0.7530292533581109,-0.7766869801124612,-0.8014816504500705,-0.8275489517422995,-0.8548498759165534,-0.8834427729412665,-0.9133886933937604,-0.9448612508747132,-0.9778594493056616,-1.012419736213288,-1.0486292260073982,-1.0867127020664564,-1.1265994802532002,-1.168374988169872,-1.212310779742273,-1.2583460480295443,-1.3065881363425165,-1.3573173923340638,-1.4104496353935347,-1.466257299028598,-1.5248071923802031,-1.5862316005317725,-1.6507506171831352,-1.7184145826586523,-1.7895113477901123,-1.8640992009286437,-1.9424426014382097,-2.0247090888138324,-2.1110362285201663,-2.2018116152111773,-2.2970619933254235,-2.397132055302428,-2.5023094880136285,-2.6127403105176934,-2.728730445968373,-2.850725945115706,-2.978872880734752,-3.1135019217082167,-3.2549601138183677,-3.403692051115858,-3.560046861521706,-3.724365713458353,2.0,-4.078577729580433,-4.269359509515853,-4.469882091641413,-4.680701473510244,-4.902332944078309,-5.135261951320583,-5.380048245117291,-5.637271253984373,-5.907530598070676,-6.191447467967135,2.0,-6.803330564848183,-7.13252645118037,-7.478107109778138,-7.841131323328629,-8.222307636047049,-8.6221623385295,-9.042121594150734,-9.482622189458622,2.0,2.0,-10.93842450448785,-11.471697197008645,-12.031291998843887,-12.617565505653646,-13.232485449959894,-13.87728462882888,2.0,-15.26079022010728,-16.00311343590415,-16.781059037505628,2.0,-18.4497512257728,-19.34456262290424,-20.282204546851258,-21.26465034035973,-22.29385431945938,2.0,-24.50109028149851,-25.6841665100378,-26.923566029177827,2.0,-29.582021752164312,-31.00674899658348,-32.49915299907718,-34.062423103470124,-35.69990165894199,-37.415057491602,-39.211466053714446,2.0,-43.06382713325131,-45.12813168370952,-47.29034467640165,-49.55509549535832,-51.92723249985671,2.0,-57.014225256937216,-59.7399750535945,-62.594922921574025,-65.58518385135328,2.0,-71.99756904627618,2.0,2.0,-82.80130164157403,-86.7490976677567,-90.88394909469122,-95.21471412458226,-99.750670570042,-104.50153668414434
0.0094926383327634,2.0,2.0,2.0,2.0,2.0,2.0,2.0,2.0,2.0,2.0,2.0,2.0,2.0,2.0,2.0,2.0,2.0,2.0,2.0,2.0,2.0,2.0,2.0,2.0,2.0,-0.2843432861158219,-0.2856950584805662,-0.2871100015996767,-0.2885911045333378,-0.2901414653355325,-0.2917643554833512,-0.2934631903057827,-0.2952415367412371,-0.2971031443194522,-0.2990519239117638,-0.301091988375872,-0.3032276358508622,-0.3054633555132888,-0.307803860081222,-0.3102540832325444,-0.3128191876598591,-0.3155045889451098,-0.3183171120926933,-0.3212682462707998,-0.3243584034786572,-0.3275941149135206,-0.3309822169068741,-0.3345298568347243,-0.3382445377037905,-0.3421341116357947,-0.3462068233449185,-0.3504712682495781,-0.3549364874040394,-0.3596119234860983,-0.3645074924706791,-0.3696335725761236,-0.3750010035065618,-0.3806212058247714,-0.3865060556811112,-0.3926680894013413,-0.399120351891808,-0.4058765566949989,-0.412951061379194,-0.4203588796626234,-0.428115764742223,-0.4362381793973879,-0.4447568309721966,-0.4536990685702086,-0.4630634308421318,-0.4728698489052255,-0.4831392002504201,-0.4938933537170327,-0.5051552156670339,-0.5169487824475467,-0.5292991849228045,-0.5422327483485184,-0.5557770479959615,-0.569979953006252,-0.5848974937023709,-0.6005201527740742,-0.6168812651816666,-0.6340156702898356,-0.6519601643262873,-0.6707528303478997,-0.6904339113104202,-0.7111347095129962,-0.7328155812998576,-0.7555220039289551,-0.7793024857760594,-0.8042078338280745,-0.8303501767900034,-0.8577884012175631,-0.8865251051941275,-0.9166217166250836,-0.9481579521673766,-0.9813168878720322,-1.016045528084761,-1.052418136476253,-1.090585871986351,-1.1306607231110697,-1.1726330064691517,-1.2166440844289397,-1.26288916198547,-1.3113240848650798,-1.362159825215692,-1.4155259832896312,-1.4714194827690443,-1.5302116898716382,-1.5917959250375278,2.0,-1.7243521644809,-1.795618012948213,-1.870376929898194,-1.9489227023454097,-2.0312899480214193,-2.11790436887343,-2.2087477445520785,-2.304204471039605,-2.4044648138480555,-2.5096942748132594,-2.6203111252287834,-2.736514222975974,-2.858541032895381,-2.9867146748204485,-3.121511768880927,-3.2631169038716608,-3.411891019546717,-3.568213059122989,-3.7324802809014574,-3.905206855192396,-4.086745394540979,-4.2775290702546895,-4.478032226656721,-4.688749266898697,-4.910196867500341,-5.142910079780798,-5.387470513126594,2.0,-5.914684807491836,-6.19848070299506,-6.496585905788297,-6.809666495221081,-7.138537282396474,-7.484065588081406,-7.846770407683216,-8.227409827957707,-8.627260335303015,-9.046791719070228,-9.48693367176527,-9.949042890393702,-10.433473263268436,-10.94202050271188,-11.475012688122494,2.0,-12.6205607072957,-13.234994307531723,2.0,2.0,-15.262795536574902,2.0,2.0,-17.59753920328694,-18.451175777505757,-19.345764222013997,-20.28321480609409,-21.265495826938626,2.0,2.0,2.0,2.0,-26.924083551783777,-28.222343249139225,-29.582344985159025,2.0,-32.499319809777,-34.06252275810223,-35.69994055804972,2.0,2.0,2.0,-43.063819387852334,-45.12807355371075,-47.290240166379505,2.0,-51.9270463761223,-54.41161289076264,-57.01396932623716,-59.73968805969375,-62.59460709105996,-65.58484111096263,-68.71679532897912,-71.9971781741098,2.0,-79.03167082203211,-82.8008497727321,-86.74862799986234,-90.88346255575108,-95.21421214037105,-99.7501540834777,-104.50100619969004
0.0092219788233343,2.0,2.0,2.0,2.0,2.0,2.0,2.0,2.0,2.0,2.0,2.0,2.0,2.0,2.0,2.0,2.0,2.0,2.0,2.0,2.0,2.0,2.0,2.0,2.0,2.0,-0.2843944127011011,-0.2857536694226149,-0.287176450707067,-0.2886657613682013,-0.2902247200679707,-0.2918566141097731,-0.293564881688774,-0.2953531060684461,-0.2972250602361019,-0.2991846806555787,-0.301236090009156,-0.3033836267148162,-0.3056317976584745,-0.3079853396853055,-0.3104492178744937,-0.313028636066923,-0.3157290234712819,-0.3185560765303583,-0.3215198378756571,-0.3246267967273635,-0.3278801047602604,-0.3312866347830663,-0.3348535731604268,-0.3385884763722908,-0.3424992330124255,-0.3465941101851956,-0.3508817898743047,-0.3553713378406308,-0.3600722540153867,-0.3649945164757203,-0.3701485463219601,-0.3755452635042758,-0.3811961123470001,-0.3871130969823986,-0.393308764031206,-0.3997962518501621,-0.4065893678117107,-0.4137025116553058,-0.4211508081276796,-0.4289500900762658,-0.4371169385012375,-0.4456687250107805,-0.4546502681498953,-0.4640643944334748,-0.4739229319617899,-0.4842468718109798,-0.4950581965175949,-0.5063799461497069,-0.5182362323298246,-0.5306523259847528,-0.5436546926654006,-0.5572710403991146,-0.5715304481634915,-0.5865057210886058,-0.6022090884509201,-0.6186547320964424,-0.6358777468297023,-0.6539148959429387,-0.672804605059794,-0.6925874447824729,-0.7133377384403604,-0.7351273165143002,-0.7579475949949908,-0.7818473261725192,-0.8068775737001388,-0.8330918247050777,-0.8606495055712795,-0.8895259121344625,-0.9197688421699926,-0.9514429520054024,-0.984685140831221,-1.0195773292173094,-1.0561212343142774,-1.0943950086573704,-1.1346190797901683,-1.176782750873969,-1.2209427661220604,-1.2673200637019113,-1.3159687444140329,-1.3669211936536485,-1.4204796201591643,-1.4766114432668571,-1.5354899379057567,-1.597327276248943,-1.662116906915719,-1.7302389633085078,-1.8015912985366889,-1.8766357453037896,-1.955265218998836,-2.0379357927708543,-2.1246318374748574,-2.215701042934977,-2.311331086781161,-2.4116610656126585,-2.5171692180177425,-2.62791368463321,-2.7441698436191286,-2.8663956302646953,-2.9947760432513144,-3.1296037388201583,-3.2712241004975913,-3.4201081787174834,-3.57655853248288,-3.740931930257235,-3.9136413433427566,-4.095120187579548,-4.285821869086054,-4.486274722535184,-4.696976231264243,-4.918387916272873,-5.151049037422556,-5.395521571800735,-5.652388131111936,-5.922254550574294,-6.205762585608739,-6.503710378575401,-6.816699473447187,-7.14538254200183,2.0,-7.852830246092099,-8.233478523694863,-8.632897708899486,2.0,2.0,-9.953678837204002,-10.438206851303647,-10.94612484054807,-11.479230129332583,-12.037876674180485,-12.624139675620016,-13.238450366277393,2.0,2.0,2.0,2.0,-16.784883088242886,-17.59982340424983,2.0,-19.34780834417827,2.0,-21.267167427457103,-22.296200479102588,2.0,-24.503442860575465,2.0,-26.92542044877072,-28.223575333804124,-29.58348381505095,-31.00804530917336,-32.50030008513984,-34.06343539571149,-35.70079210195633,-37.41587044496102,-39.21232611958427,2.0,2.0,-45.1288310921245,-47.290951877205885,-49.55561760145635,2.0,2.0,-57.014530331485986,2.0,-62.59510887647669,-65.5853165893372,-68.71724612232717,-71.99760606903672,2.0,-79.03205744550222,-82.80121761719575,-86.74897856951077,-90.8837970007202,-95.21453098477652,-99.7504586652854,-104.50129729310078
0.0089590365119566,2.0,2.0,2.0,2.0,2.0,2.0,2.0,2.0,2.0,2.0,2.0,2.0,2.0,2.0,2.0,2.0,2.0,2.0,2.0,2.0,2.0,2.0,2.0,2.0,2.0,-0.2844440805576531,-0.2858106068869037,-0.2872410034817005,-0.288738281409569,-0.2903055983336848,-0.2919462404074835,-0.2936636652114107,-0.2954614861658227,-0.2973434905878924,-0.2993136361503973,-0.3013760737863233,-0.3035351533841893,-0.30579541265828,-0.3081616280880341,-0.3106387809066582,-0.3132320842390095,-0.3159470256279727,-0.3187893247020955,-0.3217649764492973,-0.3248875089026138,-0.328157904180651,-0.3315823329249694,-0.3351680254931511,-0.338922568395003,-0.3428538864994772,-0.3469703169774338,-0.3512805516135977,-0.3557937319251503,-0.3605194026912326,-0.3654675887157634,-0.3706487650900777,-0.3760739260318875,-0.3817545629043072,-0.3877027330555787,-0.3939310735186139,-0.400452801245026,-0.4072817375093919,-0.4144324346945806,-0.4219199129571586,-0.4297605131890434,-0.4379704981438736,-0.4465674576733289,-0.4555742210713049,-0.4650366801402065,-0.4749458465297897,-0.4853228097836761,-0.4961896755821733,-0.5075695892730828,-0.5194867965454417,-0.5319667015976832,-0.5450358999931004,-0.5587222594718487,-0.5730549652160333,-0.5880678775832597,-0.6038496415188042,-0.6203773089353559,-0.6376864087389489,-0.6558136305357702,-0.6747977594362312,-0.6946793280529803,-0.7155007938420876,-0.7373727325662254,-0.7603037035098243,-0.7843192665029417,-0.8094708341204507,-0.8358121528537303,-0.8634285165533508,-0.89244044755957,-0.9228258236789678,-0.9546487939476056,-0.987977661672902,-1.0230079766561553,-1.059718183960915,-1.0981662774823624,-1.1384640745734442,-1.180813591038004,-1.2251682533057855,-1.2716244059617867,-1.3204797714761622,-1.3716498169455946,-1.4252914158259038,-1.481654538547953,-1.540687055329118,-1.6027002573585,-1.6677242957189278,-1.7359574613071764,-1.807580640628574,-1.882715057130957,-1.961606141394652,-2.0443914182770797,-2.1312869034062523,-2.2225480401863287,-2.318259182280954,-2.4189033283798724,-2.5244928501559767,-2.6353490960807915,-2.751870887224707,-2.874186100514808,2.0,-3.1376097036251114,-3.2794176974920095,-3.4283576040976396,-3.584807868003512,-3.7491804687570665,-3.9219844317510866,-4.103535944735693,-4.294287568944165,-4.494712516771513,-4.705306173177606,-4.926583079471709,-5.1590858705492995,-5.403457749419065,-5.660242216297391,2.0,-6.2134199475068295,-6.5111026227566535,-6.823743149215046,-7.15211766569793,-7.497121626618357,-7.85933357445695,-8.239497113806893,2.0,-9.057733744410417,2.0,-9.958773035864937,-10.44287707124732,-10.950626731201062,2.0,-12.041958996316438,2.0,-13.242085108869034,-13.885789984342656,-14.56091875584621,-15.268699175225583,2.0,-16.787319874104448,2.0,-18.455777393646873,-19.34999328370245,-20.28702241783259,-21.268941967250655,-22.29781208940145,2.0,-24.50504153846675,-25.6877902440958,-26.926828112248167,-28.22487002394044,-29.5846781603684,-31.009149985492623,-32.501324940883855,-34.06438830752394,2.0,-37.41669904450845,2.0,2.0,-43.06546574682104,2.0,2.0,2.0,-51.92832891266995,-54.4128221050544,-57.01511031783304,-59.740765850282415,-62.59562669054615,-65.5858068161284,-68.71771062681947,-71.99804664610514,-75.43384146844976,-79.03245492286784,-82.80159582108077,-86.74933845622918,-90.8841398851025,2.0,-99.75077067814703,-104.50159528162467
0.0087035913614851,2.0,2.0,2.0,2.0,2.0,2.0,2.0,2.0,2.0,2.0,2.0,2.0,2.0,2.0,2.0,2.0,2.0,2.0,2.0,2.0,2.0,2.0,2.0,2.0,2.0,-0.2844923328439832,-0.285865919834672,-0.2873037156427662,-0.2888087490679616,-0.2903841765206762,-0.2920333175003078,-0.2937596390742834,-0.2955667889043109,-0.2974585501492418,-0.2994389283694594,-0.3015120799603737,-0.3036823732907077,-0.3059543873119502,-0.3083329091273917,-0.3108229449701305,-0.3134297508073563,-0.3161588259331112,-0.3190159331525803,-0.3220070921249798,-0.3251406239580637,-0.3284276245886318,-0.3318694283981043,-0.3354733387401417,-0.339246946756111,-0.3431982449165681,-0.3473355935916674,-0.3516677461501756,-0.3562038698854773,-0.360953590254776,-0.3659269491861314,-0.3711344966517884,-0.3765872780477171,-0.3822968414082572,-0.3882753264394974,-0.3945354012341924,-0.4010903514911224,-0.4079541135937441,-0.4151412447959537,-0.422667006360022,-0.4305475383996653,-0.4387994138407529,-0.4474402571793378,-0.4564884402119612,-0.4659801650441975,-0.4759384982839891,-0.4863669636122675,-0.4972877650591872,-0.5087241771460728,-0.5207005575312421,-0.5332424364374224,-0.5463765463878056,-0.5601308927703194,-0.5745348069897285,-0.589619013065582,-0.6054408351558821,-0.622048336056092,-0.6394408772345678,-0.6576555833846285,-0.6767313407500899,-0.6967088798423515,-0.7176308565646988,-0.7395496613472213,-0.7625879473542405,-0.7867160141477196,-0.811985413772595,-0.8384501492442229,-0.8661667776924442,-0.8952651620498366,-0.9257882146470736,-0.9577558178563516,-0.9912361729836228,-1.026330128747936,-1.0632021177430553,-1.1018191740862853,-1.1422647409895004,-1.1847150130629,-1.2292587639557695,-1.2759114170710937,-1.324843988044431,-1.3762243595134016,-1.4300384403661552,-1.4865298945927112,-1.5457974252104023,-1.6078903062109768,-1.673164814779632,-1.7415308340048337,-1.813366206485586,-1.888660606427152,-1.967751723270352,-2.05067601723172,-2.137807752085772,-2.229141410960681,-2.3251695133739165,-2.425882523205465,-2.531636775287046,-2.6427262865921053,-2.75930049500005,-2.881753864283535,-3.010405310531358,-3.1454718913555144,-3.2872966566530524,-3.4363561393391855,-3.5929504632337355,-3.7574270058632946,-3.930198656273447,-4.111697289102003,2.0,-4.502850238827648,-4.713441421882334,-4.934694426942716,-5.167148541289366,-5.411366765549455,-5.667934548004006,-5.9374602616826175,-6.220639997957808,-6.518187885241654,-6.8307048043412255,-7.158896900593785,-7.503493269204688,-7.8652931688066525,-8.245358395341878,-8.644283993737323,-9.06283026944335,-9.502312828790826,-9.963469310229572,-10.44709780104738,2.0,2.0,-12.045574879429475,-12.630904780739192,2.0,-13.888751110552525,-14.563376162877612,-15.270966410613942,2.0,-16.789285834770116,-17.60369900358538,-18.45734300395293,-19.351624117473133,-20.288419099763917,2.0,-22.29880127710787,-23.376628899228308,2.0,-25.688663534397165,-26.927573895838865,-28.225486719061927,-29.585180948860735,-31.009551743453688,-32.50163580515929,-34.06461770534167,-35.701835681418004,-37.41678859984667,-39.21314317602935,-41.09473951198652,2.0,-45.12965583608499,-47.291673322851565,-49.55624434339923,-51.92821638069311,-54.4126672255248,-57.01491633444014,-59.740536068682914,2.0,-65.58551274438862,-68.71738802614031,-71.99769741430488,-75.43346743774389,-79.03205777055715,-82.80117707780366,-86.7488995438453,-90.88368209531052,-95.21438256784673,-99.75027863304844,-104.50108749467464
0.0084554296085991,2.0,2.0,2.0,2.0,2.0,2.0,2.0,2.0,2.0,2.0,2.0,2.0,2.0,2.0,2.0,2.0,2.0,2.0,2.0,2.0,2.0,2.0,2.0,2.0,2.0,-0.2845392075556616,-0.2859196539012894,-0.2873646319164228,-0.2888771888516054,-0.2904604957507662,-0.2921178922544252,-0.2938528583300958,-0.2956690596440777,-0.2975703097327901,-0.299560611794459,-0.3016441643828771,-0.3038253530474846,-0.3061087785318132,-0.3084992539302315,-0.311001801205974,-0.3136217221693879,-0.316364536742854,-0.3192360184779265,-0.3222422466563597,-0.3253895567802691,-0.3286897479935473,-0.3321484507676118,-0.3357700430398671,-0.3395621789493306,-0.3435328836049404,-0.3476905609555613,-0.3520440015495897,-0.3566024291482542,-0.3613754956077338,-0.3663733153827911,-0.3716064825586078,-0.3770860939944858,-0.3828237688567967,-0.3888316807469384,-0.3951225716794624,-0.4017098217861301,-0.408607398673414,-0.4158299797623974,-0.4233928351527853,-0.4313121591738579,-0.4396047795213592,-0.4482882419964705,-0.4573810715721393,-0.4669026136865802,-0.4769036564506257,-0.4873821527820169,-0.4983553559004627,-0.5098466485365336,-0.5218805109000915,-0.5344825945755548,-0.5476797624974825,-0.5615001534486102,-0.575973240718107,-0.5911298973116579,-0.6070024561599183,-0.6236737314165344,-0.641147415963376,-0.6594471086314453,-0.6786118046060046,-0.6986826467394347,-0.7197022754009484,-0.7417156594891197,-0.7648110307934153,-0.7890483889954637,-0.8144322602572871,-0.841016886713095,-0.868858982451792,-0.8980182002802366,-0.9286726604508162,-0.9607806715305114,-0.994408136331528,-1.0296269604541313,-1.0665960822109228,-1.1053778379286534,-1.1459953736782738,-1.1885355866440963,-1.2332456369293183,-1.2800908065264582,-1.3291537922504906,-1.380686406200272,-1.4347147079854514,-1.4913017195902778,-1.5507846489683588,-1.6130988708121718,-1.678477752958743,-1.7470984591980818,-1.8190203684184427,-1.894585247712376,-1.9737626477377328,-2.0569741661167513,-2.1441903995221607,-2.235821098856687,-2.331938573703221,-2.432839175900533,-2.538806990771876,-2.6499663796599204,-2.7667750079869617,-2.889402107630665,-3.018106235093955,-3.153321104762837,-3.295359623913831,-3.4444958814841495,-3.6011050923844503,-3.765629413269579,-3.938526784739421,-4.1201286856168124,-4.310886778765052,-4.511273323658379,-4.721781844697099,-4.942929811934374,-5.175335696097964,2.0,-5.67602387331631,-5.945479444349242,-6.22851701793027,-6.5257995910696955,2.0,-7.165948266960364,-7.510443200655605,-7.872133654998313,-8.251798181133491,-8.650292291358992,-9.068824875706731,-9.507979630225195,-9.968641302034383,-10.452338503544436,2.0,-11.49168847713294,-12.049665598624252,-12.635104717441484,-13.248624124784222,-13.892346879914715,-14.566775989874603,-15.273912394975651,-16.01540327176139,2.0,-17.606216822489735,-18.45958840065322,-19.35391731613733,-20.290669709198312,-21.272138289159365,-22.30062303940248,-23.378281052904985,-24.507384358094132,-25.690241668331375,-26.92914577033763,-28.22692619430132,-29.586503311428608,-31.010770160798582,-32.50276226518542,2.0,-35.702805149450114,-37.41769128960368,-39.21398522907916,2.0,-43.06632682256175,2.0,-47.2924721802852,-49.556993429488195,-51.928919660062896,-54.41332850542821,-57.015539010216294,-59.74112322618374,2.0,-65.58603636883325,-68.71788326217727,-71.99816631344372,-75.43391198811484,-79.03247950860657,-82.80157767345142,-86.74928032766633,-90.88404436655958,-95.2147275125678,-99.7506073498046,-104.50140091336642
0.0082143435849194,2.0,2.0,2.0,2.0,2.0,2.0,2.0,2.0,2.0,2.0,2.0,2.0,2.0,2.0,2.0,2.0,2.0,2.0,2.0,2.0,2.0,2.0,2.0,2.0,2.0,-0.2845847476687777,-0.2859718529309754,-0.2874238116147906,-0.2889436720504545,-0.2905346374974981,-0.2922000472811994,-0.2939434103794128,-0.295768406928266,-0.297678868295136,-0.2996788170089146,-0.3017724749650203,-0.3039642487162904,-0.3062587590013746,-0.3086608357791866,-0.311175553784922,-0.3138082059441435,-0.31656435399048,-0.3194498087937069,-0.3224706666849188,-0.3256332959141872,-0.3289444051725799,-0.3324194786591599,-0.3360582542996599,-0.3398683889350148,-0.3438579466681868,-0.3480353635447635,-0.3524094788309017,-0.3569895702082816,-0.3617853219073815,-0.3668069010631244,-0.3720649453976649,-0.3775706281518406,-0.3833356010235118,-0.3893720931995958,-0.3956929408517396,-0.4023115494083927,-0.4092419822028104,-0.4164989604726621,-0.4240978875077213,-0.4320549258821683,-0.4403870692311378,-0.4491119321738505,-0.4582481368518666,-0.4678150980152222,-0.4778411776384688,-0.4883682692212044,-0.499392372604432,-0.510936975648471,-0.5230266752578379,-0.5356872375650535,-0.5489456583921805,-0.5628302017359296,-0.5773704810632987,-0.5925975106325365,-0.6085437786982881,-0.6252525832925316,-0.642805085380767,-0.6611873303941233,-0.6804385633375511,-0.7005998903569363,-0.7217143687356502,-0.7438270945685829,-0.7669853056703235,-0.7913139785202319,-0.8168090406975804,-0.8435101259842248,-0.8714743020240575,-0.9007613396682056,-0.9314744702608366,-0.9637184656195604,-0.997489143950994,-1.0328576675344925,-1.0699000243412633,-1.108834370075097,-1.1496191603645909,-1.1923346251508744,-1.2371185689466315,-1.284150358649289,-1.3334091827120191,-1.3850204150346728,-1.4392574125791495,-1.496062387652394,-1.5556290799919297,-1.6181757435827504,-1.683684492432736,-1.7525064386341769,-1.824636631602066,-1.9003407512601729,-1.9797603465885472,-2.063092085626863,-2.1505377111156094,-2.2423171132994932,-2.3385986798764224,-2.4397284425338177,-2.5457720893617553,2.0,-2.774143005786319,-2.8968376359563797,-3.0258044201260392,-3.161157655673241,-3.3032380918266107,-3.4524934492452837,-3.609287702838389,-3.773926846415287,-3.946823587522888,2.0,-4.319207929842075,-4.519663290867493,-4.730217659808174,-4.951388097048888,-5.1837125903510355,-5.427754954432938,-5.684100949246876,-5.953380933154266,-6.2363152647719735,-6.533501445992162,-6.84561586313753,-7.173377036885838,2.0,-7.878842715366031,-8.258356748087035,2.0,2.0,-9.513619202380186,-9.974320646731814,-10.457484234480706,2.0,-11.49638208877172,2.0,-12.639247246831676,-13.252634178646309,-13.89585811756163,-14.570409460656776,-15.277125692230705,-16.018292308063625,-16.795152477985315,-17.608938711090445,-18.461992455002797,-19.356146033791624,-20.292998350815942,-21.274295918729916,-22.3025627998827,-23.38003434492134,-24.5089774832223,2.0,-26.930748989061353,2.0,-29.587895691217525,-31.012051101286534,-32.50394364594506,-34.066754624347524,-35.70381881336744,-37.41863366477226,-39.21486312151722,-41.0963480136254,2.0,-45.13131726201936,-47.293303352159896,-49.55777178381362,-51.92964971673173,2.0,-57.01618410947526,-59.741730757565094,-62.59649068281398,-65.58657698674743,2.0,2.0,2.0,-79.03291408081797,-82.80199002601086,2.0,-90.8844167407583,-95.21508181034235,-99.75094476604468,-104.50172254567636
0.0079801315432257,2.0,2.0,2.0,2.0,2.0,2.0,2.0,2.0,2.0,2.0,2.0,2.0,2.0,2.0,2.0,2.0,2.0,2.0,2.0,2.0,2.0,2.0,2.0,2.0,2.0,-0.2846289881525395,-0.286022572376446,-0.2874813112075761,-0.2890082712527084,-0.2906066729479644,-0.292279870338854,-0.2940313980496879,-0.2958649368423183,-0.2977843449295387,-0.2997936659213533,-0.3018971460944569,-0.3040991988603011,-0.3064044745387858,-0.3088178324267419,-0.3113443572513059,-0.3139893883263152,-0.316758491484284,-0.3196575194349923,-0.3226925863960022,-0.3258701089282132,-0.3291968000279467,-0.3326826126911658,-0.3363380763944524,-0.3401656889477777,-0.3441735499691061,-0.3483701419615448,-0.3527643492829023,-0.35736546829261,-0.3621832565736128,-0.3672279052251739,-0.3725101277468262,-0.378041119189986,-0.3838326063621691,-0.3898968789873974,-0.3962468026351383,-0.4028958852439197,-0.4098582171332118,-0.4171486053839685,-0.4247825593197787,-0.4327762872609811,-0.4411467119117148,-0.4499118705698516,-0.4590901865386536,-0.4687012612456536,-0.4787655727291788,-0.4893251832042045,-0.5003987217450206,-0.5119951036583072,-0.5241390331769988,-0.536856398793401,-0.5501743102030645,-0.5641211639502922,-0.5787267065092122,-0.5940220908030701,-0.6100399528128352,-0.6268144702998965,-0.6444129052072033,-0.6628753313371518,-0.682210302339315,-0.7024598284820878,-0.7236664313164286,-0.745875647203123,-0.769134918848967,-0.7935103062044716,-0.8191133667234896,-0.8459274707678408,-0.8740102134918758,-0.903421284168108,-0.9342238082519017,-0.9665660350537862,-1.0004751895628965,-1.0359889512382583,-1.0731835621340189,-1.1121817558376097,-1.1531290687003757,-1.1960146792079709,-1.2409303317544833,-1.2880799712488753,-1.3375287458313825,-1.3893185830597925,-1.4436515506630356,-1.500668796897741,-1.5603861301250743,-1.623083909381776,-1.688829239017119,-1.757731228799159,-1.8301125205992672,-1.9059223391632307,-1.98558336437327,-2.069045013786184,-2.1567225234746052,-2.248607749831832,-2.3451605462583656,-2.4463628269111006,-2.5526911927230915,-2.66423246270533,-2.7812877541184924,-2.9042586467523237,-3.0332791615944834,-3.16872213320682,-3.3110298466783092,-3.460402459884491,-3.617213637370987,-3.78191362227073,-3.954951679364911,-4.136653637376773,-4.327470477971262,-4.527872255154879,-4.7383519504958125,2.0,-5.19181352149105,-5.43582727977442,-5.692124474001474,-5.96131994604214,-6.244052070299599,-6.540986294181437,-6.852820809294746,2.0,-7.524411654345028,-7.885602391017617,2.0,-8.662729057439172,-9.08063687080276,-9.519288213223428,-9.979439827315328,-10.46237113670435,2.0,-11.50053657474816,2.0,-12.642831277871515,-13.25626924368716,-13.899028505639116,-14.57334911682949,2.0,-16.020699909080793,-16.797432226745,2.0,-18.46392024618059,2.0,2.0,2.0,-22.30393257897127,-23.381188520152858,-24.509945802741132,-25.692583886590356,2.0,2.0,-29.588624484834273,-31.012652651571,2.0,-34.06714319350802,-35.7041179358582,-37.41885192333971,-39.215008497009094,2.0,2.0,2.0,2.0,2.0,-51.92962415975964,-54.413939135763144,-57.01606343233311,-59.74156806417501,-62.596289349390275,2.0,-68.71812458753274,-71.9983496260659,-75.43404127914197,-79.03255826299294,2.0,-86.74926895129305,-90.88399223067182,2.0,-99.75048143960367,-104.5012418569342
0.0077525974886294,2.0,2.0,2.0,2.0,2.0,2.0,2.0,2.0,2.0,2.0,2.0,2.0,2.0,2.0,2.0,2.0,2.0,2.0,2.0,2.0,2.0,2.0,2.0,2.0,2.0,-0.2846719677652696,-0.2860718384946867,-0.2875371597890597,-0.2890710155487986,-0.2906766380284069,-0.2923574014353017,-0.2941168514992811,-0.2959586862783139,-0.2978867872726322,-0.2999052108789454,-0.302018214732928,-0.3042302596460451,-0.3065459961692438,-0.3089703046662136,-0.3115083077293192,-0.3141653457724648,-0.3169470329305763,-0.3198592484375123,-0.3229081226668129,-0.3261001027253627,-0.3294419372854319,-0.3329406815572747,-0.3366100286244224,-0.3404546227123455,-0.344480276160594,-0.3486954914296233,-0.3531092117669216,-0.3577307686915403,-0.3625699559757592,-0.3676370294839052,-0.3729427250736659,-0.3784983075040378,-0.3843155526962998,-0.3904067946256318,-0.3967849857682715,-0.4034636530529615,-0.4104569861821108,-0.41777983761298,-0.4254477851504984,-0.4334771213513095,-0.4418848981136068,-0.4506890784066872,-0.4599083106608834,-0.4695622423668617,-0.4796714339209389,-0.4902574095640594,-0.5013772077432074,-0.5130238880163505,-0.5252205024988539,-0.5379930484984683,-0.5513687527606408,-0.565376136949542,-0.5800450774797221,-0.5954068654777964,-0.6114942737449705,-0.6283416332462478,-0.6459848998707901,-0.6645173312768868,-0.6839341263476792,-0.7042688583352599,-0.7255649559057267,-0.7478679060751848,-0.7712253523150605,-0.7956871262703905,-0.821355815523575,-0.8482800878640052,-0.8764777362165519,-0.9060093290508752,-0.9369382164494082,-0.969338457010077,-1.003382443398128,-1.039037523417261,-1.0763799454498029,-1.1154895736681576,-1.1565483910579135,-1.1995992987462856,-1.2446881435612374,-1.2919116680098937,-1.3415439617732556,-1.3935273685540408,-1.447971830854098,-1.5051613240695358,-1.5650945099837228,-1.6278743519578884,-1.693849513051944,-1.7629490718606726,-1.8354604708215885,-1.9115262362683323,-1.991273865070678,-2.0750075972192974,-2.162771286938117,-2.2549455112199825,-2.3515828657024564,-2.453047378116857,-2.5595020411144054,-2.671192024415786,-2.788501653740335,-2.911542612104628,-3.0407526409148593,-3.176416189984377,-3.318776736994586,-3.468245738920345,-3.6252685342036566,-3.7901011276455145,-3.96315398276068,-4.14485590727827,-4.335780463787146,-4.53628200793745,-4.746838980351115,-4.9679662336235095,-5.200201500968836,-5.444107312701743,-5.7002842406835725,-5.969421805672101,-6.252091646291081,-6.54895045340773,-6.860694488476447,2.0,-7.531757625035803,-7.892623010544211,-8.271632202714203,-8.66952488007204,-9.087111292033136,-9.525281245552549,2.0,-10.468067377769984,-10.974314177309251,-11.50573963977998,2.0,-12.647464695082675,2.0,2.0,-14.57691789570918,-15.283653413260105,-16.024045018679303,-16.800348824368868,-17.614216865237893,-18.46673945726552,-19.36024655802759,-20.29680395260664,-21.278212798703116,-22.306155002399503,-23.38318322562184,-24.511746317229793,-25.69421721254104,-26.93309305957283,2.0,-29.590179131672464,2.0,2.0,-34.068349004205544,2.0,-37.41988475881195,-39.21596805963995,-41.0973207876735,2.0,2.0,2.0,2.0,-51.9304145707644,-54.41468003565487,2.0,-59.74222209333563,-62.59690480202305,-65.58692055511752,-68.71867206547743,-71.99886677185297,-75.43453030038067,-79.03302156853556,-82.80204861227377,-86.74968489042455,-90.88438721855952,2.0,-99.75083834161596,-104.50158153520276
0.00753155101456,2.0,2.0,2.0,2.0,2.0,2.0,2.0,2.0,2.0,2.0,2.0,2.0,2.0,2.0,2.0,2.0,2.0,2.0,2.0,2.0,2.0,2.0,2.0,2.0,2.0,-0.2847137216642547,-0.2861196976239892,-0.2875914140925049,-0.2891319690689127,-0.2907445969929048,-0.2924327172321909,-0.2941998566547812,-0.2960497500608561,-0.2979862986722449,-0.300013568515735,-0.3021358359440876,-0.304357572704543,-0.3066834672495899,-0.3091184179766312,-0.3116675637180642,-0.3143362714146502,-0.3171301870236344,-0.3200552006362915,-0.3231174897618428,-0.326323511518872,-0.3296800604767699,-0.3331942116262676,-0.3368741980519584,-0.3407352890751191,-0.3447782185100425,-0.3490115294929615,-0.353444202867909,-0.3580856094227392,-0.3629455873482126,-0.3680344380712083,-0.3733629422185671,-0.3789424098167077,-0.3847846729560196,-0.390902118192506,-0.3973077587278112,-0.404015176307287,-0.411038614146906,-0.4183929939681221,-0.4260939712409937,-0.4341579037721239,-0.4426019278508551,-0.4514440374914795,-0.4607030132588204,-0.4703985714045562,-0.4805513673598675,-0.4911830050174663,-0.5023276823402101,-0.5140232218575587,-0.526271013293645,-0.539097158844998,-0.5525290015977755,-0.5665951838437033,-0.5813257078456793,-0.5967519963329587,-0.6129069599511827,-0.6298250755353483,-0.647542441727247,-0.6661123277566914,-0.6856083686255832,-0.7060261023759643,-0.7274091326065621,-0.7498030967570423,-0.7732559439358033,-0.7978176715215859,-0.8235407997811417,-0.8505652695464497,-0.878874804162335,-0.908523474022572,-0.9395749253625828,-0.9720952780825298,-1.0062064800574388,-1.0419987402878277,-1.079484730930472,-1.118744947979598,-1.1598696611733272,-1.2030813892034262,-1.248338403089613,-1.2957377166599535,-1.3454443740248103,-1.397615506841854,-1.4522568733938097,-1.5095251132637402,-1.5696679818073185,-1.6326586875434057,-1.6987261378751095,-1.768059527848135,2.0,-1.916969651324629,-1.9968984746933764,-2.0807997696060507,-2.168776477351797,2.0,-2.3579362059968796,-2.459583397191079,-2.56616639656553,-2.6781235148890867,-2.795509387849312,-2.918787747551175,-3.048165088890191,-3.183890224260602,-3.326471362568679,-3.476129023516016,-3.6331934390337257,-3.798089712475392,-3.9713252782447905,-4.153187219532397,-4.344125485987303,-4.544608377863151,-4.755141268759813,-4.976330383137106,-5.208607645933938,-5.452533912650502,-5.7086961245311265,-5.9777097917419395,-6.2602141794593384,-6.556876972704634,-6.868440308167973,-7.195686982032047,-7.539295499547012,-7.900046770162096,-8.278753008549657,2.0,-9.093579031092831,-9.531718472737175,-9.991415916431563,-10.473661183340315,-10.97994060721863,-11.510911655971716,-12.067815812068607,-12.652181287034006,-13.264688093938938,-13.907358103768678,-14.580855192491844,-15.287166171124888,-16.027664595816468,-16.803512004524165,2.0,-18.469741303968437,-19.362930643974153,-20.299176250347067,2.0,-22.30848401593784,-23.38531434478188,-24.51366329680246,-25.69595071844537,2.0,2.0,-29.591783926362677,-31.015578549218944,-32.50711820626633,2.0,-35.70640157658391,-37.42096634810997,-39.216971134349784,-41.09825329435265,2.0,-45.132928353128534,2.0,-49.55945921085898,2.0,-54.4154501244303,-57.01748116413225,-59.74290026107144,-62.59754285107726,-65.58752121249006,-68.7192380619344,-71.99940089791446,-75.43503540851681,-79.0334993670073,2.0,-86.75011373560143,-90.88479399812954,-95.2153987003172,2.0,-104.50193042761084
0.0073168071434271,2.0,2.0,2.0,2.0,2.0,2.0,2.0,2.0,2.0,2.0,2.0,2.0,2.0,2.0,2.0,2.0,2.0,2.0,2.0,2.0,2.0,2.0,2.0,2.0,2.0,-0.2847542823409817,-0.2861661909084596,-0.2876441236843209,-0.2891911903003278,-0.2908106425963962,-0.2925058954264872,-0.2942805155552502,-0.2961382380016196,-0.2980829874603343,-0.3001188489933253,-0.3022501128034112,-0.3044812722413968,-0.3068170362828721,-0.3092623303898786,-0.3118222967331341,-0.3145023529828258,-0.3173081424945912,-0.3202455954230685,-0.3233209084436307,-0.3265405811877537,-0.3299114155618804,-0.3334405360767339,-0.3371353996136934,-0.3410077812359414,-0.345067486948085,-0.3493183752290126,-0.3537694526862174,-0.3584301382873649,-0.3633103092136268,-0.3684203032512115,-0.3737709646219096,-0.3793736344426193,-0.3852401972935754,-0.3913830970796218,-0.3978154001438208,-0.4045507260252242,-0.4116034108942835,-0.4189884226009502,-0.4267214779206739,-0.4348189914006036,-0.443298182503244,-0.4521771861418873,-0.4614747796857529,-0.4712107696716605,-0.4814059134923053,-0.4920819121254395,-0.5032614996452403,-0.5149929739670693,-0.5272904685742944,-0.5401686745557523,-0.5536550442165988,-0.567778337438106,-0.582568675948782,-0.5980576139546534,-0.6142781962834125,-0.6312650373793274,-0.6490543962219671,-0.6676842447214884,-0.6872322701858964,-0.7077306376982214,-0.7291981046238523,-0.7516805424323294,-0.7752259805344786,-0.799884724021857,-0.825709464000506,-0.8527806304555807,-0.8811987473507086,-0.9109610232214852,-0.9421316286689272,-0.9747768373118104,-1.008966389154779,-1.0448681800676156,-1.0824938282133991,-1.12190010068697,-1.1631712837098076,-1.2064535188617018,-1.2518739585191312,-1.2994443875656263,-1.3492666106482851,-1.4015728098443732,-1.4564052089223702,-1.513833637435424,-1.574092150606084,-1.6372961922520028,-1.7034930103286303,-1.773000226797985,-1.8458549621400444,-1.9222282700821056,-2.0024099660764265,-2.086391475473514,-2.1746362554629055,-2.2670616032667494,-2.3641600051405622,-2.465883989934617,-2.5727690515362593,-2.684799148944383,-2.8024313343777276,-2.925852761937245,-3.055310665193998,-3.191316561909507,-3.3339913745306937,-3.4836934432863185,-3.640979468257476,-3.8060463069905497,-3.979298377174348,-4.161167375186867,-4.352238536546363,-4.552837392787014,-4.763449361808699,-4.984587442132343,-5.216789576540132,-5.460623373459152,-5.716762335030606,-5.985742865107808,-6.268194100697356,-6.564786197681913,-6.876217581168299,2.0,2.0,2.0,-8.285563979468815,-8.682948249224854,-9.100024081279631,2.0,-9.997078418918928,-10.47929894184425,-10.985089247361817,-11.515691289311295,-12.072558182912127,-12.656292812398672,-13.268887121935592,-13.910901833163772,-14.584495635626965,2.0,-16.03062188756282,2.0,-17.619470822420432,-18.472034455155093,2.0,-20.301066786647706,-21.28203597110729,-22.310068060094167,-23.38690602953501,2.0,-25.697081362025003,-26.93561664262866,-28.233226818994765,-29.59261391337048,2.0,-32.50783054689292,-34.07020274556753,2.0,2.0,2.0,2.0,-43.068969859841125,-45.13299876596949,2.0,2.0,2.0,2.0,-57.01744728751563,-59.74281728771197,-62.59741463449997,-65.58735100603774,-68.71903024515512,-71.9991577599717,-75.43475904545782,-79.03319258156858,-82.80216599371586,2.0,-90.88440820523331,-95.21499018806766,-99.75077544695225,-104.5014807631141
0.0071081861718272,2.0,2.0,2.0,2.0,2.0,2.0,2.0,2.0,2.0,2.0,2.0,2.0,2.0,2.0,2.0,2.0,2.0,2.0,2.0,2.0,2.0,2.0,2.0,2.0,2.0,-0.284793689264723,-0.2862113574168907,-0.2876953283598698,-0.2892487076860919,-0.2908747824166988,-0.2925769686187165,-0.2943588513709579,-0.296224181831912,-0.298176892832415,-0.300221097077547,-0.3023610959447148,-0.3046014161666089,-0.3069467594330421,-0.3094020856402442,-0.3119725769701385,-0.3146636421589375,-0.3174809686018534,-0.3204305000166711,-0.3235184675811748,-0.3267513919841217,-0.3301361099556735,-0.3336797671605434,-0.337389858487648,-0.3412742326775643,-0.3453486176276519,-0.3496165859919161,-0.354085545220656,-0.3587649625174632,-0.363664749758228,-0.3687952979704629,-0.3741674769772237,-0.3797926850576033,-0.3856828526435367,-0.3918504772724839,-0.3983086783028461,-0.405071126528037,-0.4121522214020188,-0.4195670046705491,-0.4273312048377971,-0.4354613830001851,-0.4439747915300704,-0.4528895485837022,-0.4622246332994261,-0.4719999146112323,-0.48223619256836,-0.4929552788726953,-0.5041799935596315,-0.5159359234080092,-0.5282817049135573,-0.5412104859643514,-0.5547498250342369,-0.5689285973245187,-0.5837770458209262,-0.5993268430718186,-0.6156111701695256,-0.6326647753771764,-0.6505240592911077,-0.6692271463505818,-0.6888139690382895,-0.7093887308105695,-0.7309382155236405,-0.7535065762645518,-0.7771418741829396,-0.8018949852723831,-0.8278183898854383,-0.8549675295096387,-0.8834604875593189,-0.9133334640033566,-0.9446195139909996,-0.9773859807287608,-1.0117024745838823,-1.0476623342816311,-1.0854235514560664,-1.1249718107620204,-1.1663917126383734,-1.2097718530907982,-1.2553182924056936,-1.3030549116760626,-1.353051309209807,-1.405430377947002,-1.4604484989500293,-1.518071395815862,-1.5784224336529424,-1.6418189224673527,-1.7082327854545003,-1.7778223997911315,-1.850908272093269,-1.9274550477249963,-2.0077924268009184,-2.0920292037762858,-2.1803632225549654,-2.2730622043938613,-2.370246681686037,-2.4722573156254755,-2.579231251104982,-2.6914879714602686,-2.809283908646854,-2.9328148238600704,-3.06256826602896,-3.1986442121865446,-3.34146377623115,-3.4914294429792654,-3.6487722360088104,-3.8138860387429423,-3.9873447258807246,-4.169397201597164,-4.360488650856821,-4.561086351672116,-4.7717409114991085,-4.992975886182566,-5.225251262708673,-5.46912976817644,-5.725198210471598,-5.994069983453806,-6.276385941223571,-6.57284721364625,-6.884207205772521,-7.211124049148101,-7.554354642752446,-7.914689957268775,-8.292950622642952,2.0,-9.10680846200894,-9.544407340388394,-10.003586406129193,2.0,2.0,-11.521406996167922,-12.077681729616051,-12.661435743463857,-13.273548548488334,-13.91545667141444,2.0,-15.294385007996349,-16.034157486796666,-16.80999918954434,-17.622762977776013,2.0,-19.36818456413489,-20.303846524247536,2.0,-22.312291541577324,-23.38921842127504,-24.51720179833575,-25.69905273445743,-26.93739642865553,-28.234841889869156,2.0,-31.01802001783437,2.0,2.0,-35.70817141555544,-37.42253577180131,-39.21836156736614,-41.09948305435809,-43.06991930274618,-45.133882551543934,-47.29578669438259,2.0,2.0,-54.41630286733221,-57.01822952567239,-59.74355043666784,2.0,2.0,-68.71963891458853,-71.99973134036877,-75.43530015284173,-79.03370362113345,-82.80264852247814,-86.750209730953,-90.88484133054298,-95.21540059993436,-99.75116516552796,-104.5018505483788
0.0069055135201623,2.0,2.0,2.0,2.0,2.0,2.0,2.0,2.0,2.0,2.0,2.0,2.0,2.0,2.0,2.0,2.0,2.0,2.0,2.0,2.0,2.0,2.0,2.0,2.0,2.0,-0.2848319743876248,-0.2862552415182938,-0.2877450680169102,-0.2893045910770702,-0.2909370860332061,-0.2926460109471499,-0.2944349478266909,-0.2963076663057987,-0.2982681155658098,-0.3003204205663051,-0.302468913518927,-0.3047181191351037,-0.307072778500814,-0.3095378528990181,-0.3121185551858535,-0.3148203176592328,-0.3176488464894544,-0.3206101168104256,-0.3237103759362493,-0.3269561750044683,-0.3303543729077663,-0.3339121544514766,-0.3376370322526038,-0.3415368973306404,-0.3456217124816765,-0.3499062660170389,-0.354392596789144,-0.3590902074112448,-0.3640090521475999,-0.3691595479682344,-0.3745526393807852,-0.3801997419399722,-0.3861128421928434,-0.3923044968128039,-0.3987878389059399,-0.4055766350241179,-0.4126853207047838,-0.4201290133763073,-0.4279235024451442,-0.4360853695813947,-0.4446319854431921,-0.4535815204684756,-0.4629530445211665,-0.4727664697279127,-0.4830427113493589,-0.4938036461613002,-0.5050722019605036,-0.5168723860154752,-0.5292445752982948,-0.5422224830645737,-0.5558132775197147,-0.5700459424138975,-0.5849508341443446,-0.600559751178019,-0.6169059964751049,-0.634024453090313,-0.6519516629042886,-0.6707258924219522,-0.6903872269176579,-0.7109993758653962,-0.7326285497531291,-0.7552803547188842,-0.7790031822750727,-0.8038477185606755,-0.8298670531431516,-0.8571166389745665,-0.8856575082688171,-0.9156378054232908,-0.9470364130773696,-0.9799204621590184,-1.0143601181401205,-1.050429465435866,-1.0882694439901406,-1.1279555876020528,-1.1695199972957342,-1.2130514404786432,-1.2586640809416274,-1.3065622153465162,-1.356727696872865,-1.4092678549713145,-1.4643761099027746,-1.5221879122672697,-1.5827368025203508,-1.6462122665532508,-1.7128369627718196,-1.7826163942934177,-1.855817031673056,-1.9325989232266363,-2.0130206766053016,-2.097507495632553,-2.185995767304698,-2.278891008600664,-2.3762588086577865,-2.4784522488688756,-2.585590181201195,-2.698064644294541,-2.815951901440664,-2.9397885659873997,-3.0696182946027477,-3.205890101372303,2.0,-3.4989482592967422,-3.6564636592874304,-3.8218134799148777,-3.995315962349348,-4.177397854228983,-4.368648602766026,-4.569404599306472,-4.780134418143965,-5.001350096739627,-5.233587338530975,-5.477468023803097,-5.733574714147323,2.0,-6.284773541619194,-6.581178070394867,-6.892375564581739,-7.219095097726095,-7.562097930754258,2.0,-8.300420454249052,-8.697356661707067,-9.113967490490175,-9.551170612664103,-10.00998907238471,-10.491663125724866,-10.99698971870802,-11.526985197650024,2.0,-12.666635389407148,-13.27834034056775,-13.920198288203409,-14.592851630970689,-15.298569218341203,-16.038024595522888,2.0,-17.626356300186753,-18.47804662589687,-19.37109229803998,2.0,-21.28713391589024,-22.314633001073204,-23.391464753580465,2.0,2.0,-26.93929075029481,-28.236555842377385,-29.5956915155396,2.0,-32.51097139261246,2.0,-35.70953443234286,2.0,-39.21951867795194,-41.10055345712403,-43.070912187018074,-45.134805438154096,-47.29664633912609,2.0,-51.93288731958989,2.0,-57.01904360838242,2.0,2.0,-65.58866930305389,-68.72026997006374,-72.00032542402948,-75.43585987888807,-79.03423184416731,-82.80314812439127,-86.75068141706625,-90.88528820595232,-95.21582425943316,-99.75156666530866,-104.50223203112547
0.0067086195865472,2.0,2.0,2.0,2.0,2.0,2.0,2.0,2.0,2.0,2.0,2.0,2.0,2.0,2.0,2.0,2.0,2.0,2.0,2.0,2.0,2.0,2.0,2.0,2.0,2.0,-0.2848691662279466,-0.286297872852869,-0.2877933931271761,-0.2893588802559831,-0.2909976355445203,-0.2927130968849762,-0.2945088886506504,-0.296388784682272,-0.2983567461325058,-0.3004169305819715,-0.3025736689013391,-0.3048315145340928,-0.3071952208488078,-0.3096697637939362,-0.3122603901463342,-0.3149725472282303,-0.3178119636179437,-0.3207846354495056,-0.3238968374201386,-0.3271551409396623,-0.3305664369485032,-0.3341379403155188,-0.3378771920291188,-0.3417921027947167,-0.345890964525382,-0.3501875064711153,-0.354690708026218,-0.3594059888704929,-0.364343342409058,-0.3695132298718809,-0.3749266154239402,-0.3805949853694426,-0.3865303552659527,-0.3927453407743304,-0.3992531171882288,-0.4060675133226422,-0.413202988238542,-0.4206747385457206,-0.4284986310553621,-0.4366913188212368,-0.4452701818215243,-0.4542535047300786,-0.4636604150320428,-0.4735109026102783,-0.4838259557545984,-0.4946275530721459,-0.5059386876628964,-0.5177834678393125,-0.5301871342518132,-0.5432045302622015,-0.5568453021099066,-0.5711303121410003,-0.5860900289046309,-0.6017563686382958,-0.618162756735685,-0.6353442074316611,-0.6533373918166692,-0.6721807246180872,-0.6919144359299827,-0.7125806675915133,-0.7342680887176009,-0.7570009516047199,-0.7808086790940026,-0.8057421367938309,-0.8318546060947558,-0.8592018912185633,-0.8878424423672401,-0.9178717787563996,-0.9493795679137615,-0.9823778934595648,-1.0169375462830166,-1.0531320243483318,-1.0910393228120745,-1.1308469546835431,-1.1725516544478785,-1.2162301215974118,-1.2619756976427834,-1.3099588845385453,-1.3602886360397477,-1.413000851432122,-1.468208322783506,-1.5261724549542377,-1.586913550227599,-1.6505304905000884,-1.7172909652215205,-1.7872848846916063,-1.8605928378229977,-1.937572177207305,-2.0182289565033056,-2.102800279259338,-2.191542868268521,-2.2845177672683663,-2.382156016693384,-2.484427852234899,-2.591852942968102,-2.7044037169302264,-2.822595878881572,-2.9465053798910357,-3.0765427552629703,-3.2129982068752914,-3.356088402386532,-3.5063731479633677,-3.6640287194219145,-3.829420061818693,-4.003096261665817,-4.1853806382841485,-4.376669130705396,-4.577426642324147,-4.788232598905123,-5.009561193789442,-5.2418879987343505,-5.4857738005276,-5.741804312603243,-6.010592438058201,-6.292806119916065,-6.589171653648339,-6.9003113101515625,-7.226955217074584,-7.5698664753495395,-7.929839692499248,-8.30770120638861,-8.704312402942927,2.0,-9.557785532368635,-10.016445117487304,-10.497672003618153,-11.002581279677282,-11.532560915067483,-12.088407677543984,2.0,-13.28307831380356,-13.924288593965615,-14.59701752954166,-15.30209082194521,-16.04165387508998,-16.816561718643946,2.0,-18.480845379880943,-19.37340711206742,-20.309141328344392,2.0,-22.31648775771728,2.0,-24.521118742309007,-25.702721624065177,2.0,2.0,2.0,-31.020350338717133,2.0,-34.07393482111419,-35.710230811279644,-37.424361895972766,-39.219980813513025,-41.10091763862275,-43.0711883143724,-45.135002582183944,2.0,-49.56112036953315,-51.93289105334569,2.0,-57.01909634818354,2.0,-62.59877559275558,-65.58857867329407,2.0,-72.00014844404375,-75.43564539859742,-79.0339821477538,2.0,-86.75036877274579,-90.884947447765,-95.21545739540282,2.0,-104.50181815879152
0.0065173396048824,2.0,2.0,2.0,2.0,2.0,2.0,2.0,2.0,2.0,2.0,2.0,2.0,2.0,2.0,2.0,2.0,2.0,2.0,2.0,2.0,2.0,2.0,2.0,2.0,2.0,-0.2849052953394347,-0.2863392836370994,-0.2878403361638471,-0.2894116122469296,-0.2910564347415418,-0.2927782474587416,-0.2945806982586998,-0.2964675626778836,-0.2984428312423778,-0.3005106569803219,-0.3026754097901731,-0.3049416406763412,-0.3073141266577444,-0.3097978781415572,-0.3123981441023977,-0.3151203967749794,-0.3179703873767683,-0.3209541253523088,-0.3240779258600636,-0.3273483799853952,-0.3307723973522737,-0.3343572234889365,-0.3381104316049499,-0.3420399592870797,-0.3461541330511868,-0.3504616496005555,-0.3549804438039334,-0.35971289118447,-0.3646682259602054,-0.3698569457845219,-0.3752900548063301,-0.3809790852016135,-0.3869360925232222,-0.3931737324872929,-0.3997052530006135,-0.4065445105201576,-0.4137060336212739,-0.4212050434062431,-0.4290575238227169,-0.4372800950910499,-0.4458902959766979,-0.4549064602597995,-0.4643477292514381,-0.4742342207422345,-0.4845869817605628,-0.4954280641321371,-0.5067805634028133,-0.518668670354486,-0.5311177124825919,-0.5441594449455663,-0.5578487684881497,-0.5721846294198165,-0.5871976075785386,-0.6029197289890843,-0.6193845430506416,-0.6366271870957858,-0.6546844238957678,-0.6735949267019629,-0.6933989471346269,-0.7141388173007157,-0.7358630675740608,-0.7586746779679514,-0.782564881328193,-0.8075847232226068,-0.8337876297545523,-0.861229714594908,-0.8899695172648447,-0.9200685083162352,-0.9516599918216953,-0.9847694864618144,-1.0194454264687152,-1.0557618209457331,-1.0937967082760307,-1.1336625651519057,-1.1755034917878309,-1.2193247384634092,-1.265219848228686,-1.3132870741790528,-1.3637576849283373,-1.4166370471378364,-1.4720195830969696,-1.5300569709614087,-1.5909847351580124,-1.654797119919318,-1.721635516106784,-1.7918377081623147,-1.8653642153936936,-1.9424260096710044,-2.0233152714934466,-2.1080355039343233,-2.1969596142512096,-2.290163844277304,-2.3879189334154756,-2.49045668041092,-2.5979776343205216,-2.710782774635242,-2.8290978144743986,-2.953198185418416,-3.0834370993167344,-3.2199682550746065,-3.36336803181314,-3.5137449535083087,-3.6714993722134386,-3.8371559539453255,2.0,-4.193261033153093,-4.384706611633458,-4.585650177005539,-4.796530946133516,-5.017857903981644,-5.250170224888483,-5.494139965084742,-5.750240827336275,-6.0190765897136185,-6.301288399477125,-6.597546199456639,-6.908549627881412,-7.235028557800648,-7.577806120562537,2.0,-8.315460635092059,-8.711973643086557,-9.128130550096635,-9.564862038614692,-10.023178555718337,-10.504296681455315,-11.00909561133169,-11.53860523450182,-12.094096471401777,-12.677041722139844,2.0,-13.929348591906372,-14.60170310648398,2.0,2.0,2.0,-17.632847992870552,-18.484482107515948,-19.37664794479418,-20.312029990153817,-21.292355223029396,-22.31922875249503,-23.395445426832115,2.0,-25.705043359347556,2.0,2.0,-29.5983800956328,-31.021947691868,2.0,-34.07552955558818,2.0,-37.42575594699221,2.0,-41.102098843463935,2.0,2.0,-47.29771197571314,-49.56199525807352,2.0,2.0,-57.01990769197392,2.0,-62.59954999883228,2.0,-68.72081560746305,2.0,-75.43624764313935,-79.03454953234103,-82.80340083958241,2.0,-90.88542502546682,-95.21590923344664,2.0,-104.50222373019146
0.0063315135069732,2.0,2.0,2.0,2.0,2.0,2.0,2.0,2.0,2.0,2.0,2.0,2.0,2.0,2.0,2.0,2.0,2.0,2.0,2.0,2.0,2.0,2.0,2.0,2.0,2.0,-0.2849403965125471,-0.286379513516265,-0.2878859381874294,-0.2894628471199116,-0.2911135583336721,-0.2928415481051748,-0.2946504573527129,-0.2965440968642566,-0.2985264544477259,-0.300601710638746,-0.3027742333297614,-0.3050486163174664,-0.3074296381558776,-0.309922331514973,-0.3125319567732075,-0.3152640096206484,-0.3181242720376119,-0.321118768093145,-0.3242538354756509,-0.3275360871328425,-0.3309724635971037,-0.3345702333002673,-0.3383370007430207,-0.3422807285320886,-0.3464097720144097,-0.3507328691233446,-0.3552618920531209,-0.3600110155870043,-0.3649838163961337,-0.3701908314636628,-0.3756431063714788,-0.3813521946025477,-0.3873302244571927,-0.3935898816482296,-0.4001444507466928,-0.4070078633086484,-0.4141946791420701,-0.4217202035247808,-0.4296003834844828,-0.4378520470975154,-0.4464926810132601,-0.4555407233034563,-0.4650153796442446,-0.474936842382863,-0.4853262340567208,-0.4962056808738763,-0.5075983582803651,-0.5195285472082593,-0.5320216663749577,-0.5451043522663356,-0.5588235256649793,-0.5732087837091147,-0.5882734983067084,-0.6040498069239817,-0.6205713768709736,-0.6378734636661414,-0.6559929992854369,-0.6749686686835337,-0.6948409860620414,-0.7156523890650898,-0.737447168096435,-0.7603005209116717,-0.7842708181189733,-0.8093745953907936,-0.8356654272596327,-0.863199524144474,-0.892035726086402,-0.9222357088863604,-0.953875200680174,-0.9870926093172178,-1.0218813734928431,-1.0583163605012826,-1.0964752110608658,-1.1364394390881047,-1.1783709659001596,-1.2223307437495914,-1.2683711989745885,-1.3165905669871176,-1.367127165351932,-1.420169234846167,-1.475721791096383,-1.5339041636183817,-1.5949393623814692,-1.6589416934957135,-1.7259742211226348,-1.7962603587059205,-1.869998923032636,-1.9472288809886664,-2.0282562425947717,-2.1132126680696066,-2.202221368429805,-2.2956772094626774,-2.3935588505612544,-2.496322122714977,-2.6039961500262314,-2.7170164110789905,-2.8354618192014343,-2.9598153165635006,-3.090134343013361,-3.226978663802625,-3.3704607212045707,-3.5209912385874724,-3.6790008904225937,-3.8447194861293426,-4.018622726360839,-4.201188148690006,-4.392724998766815,-4.593697757837478,-4.804678675207113,-5.026161488896343,-5.258603215948357,-5.502562672919453,-5.758624574980989,-6.027404138692769,-6.309634712154305,-6.605904487194915,-6.916898215810946,-7.243349210131712,-7.586020431649801,-7.945709081101715,2.0,-8.719514691650161,-9.135532037569757,-9.572158551670608,-10.030344665970851,-10.511097111217982,-11.01547412252318,2.0,-12.100232520118068,2.0,-13.293658803156536,-13.934575788695408,-14.606421732629704,-15.31131541182938,-16.04996661672032,-16.82482013824545,-17.636647205786833,2.0,-19.380202742152104,-20.3150975722484,-21.295276809884484,-22.32219326255944,2.0,-24.525653038451377,-25.707300028278095,-26.945088463458266,-28.241693008689236,-29.60025291942914,-31.023642625707996,2.0,-34.07707872695081,-35.713349922494366,-37.42722691646,-39.22261123644318,-41.10334022622723,-43.07342591509097,-45.1370745409534,-47.29869523645212,-49.56290898106029,-51.934558027648265,-54.418716156368525,2.0,-59.74597476369997,2.0,2.0,-68.72152309261392,-72.00145302337201,-75.43687199400611,-79.03513735546278,-82.80395498107634,-86.75139705765805,-90.88591865147129,-95.21637570989776,-99.75204502997587,-104.50264204480592
0.0061509857885804,2.0,2.0,2.0,2.0,2.0,2.0,2.0,2.0,2.0,2.0,2.0,2.0,2.0,2.0,2.0,2.0,2.0,2.0,2.0,2.0,2.0,2.0,2.0,2.0,2.0,-0.2849744959003631,-0.2864185953859994,-0.2879302397827543,-0.2895126129092071,-0.2911690497187673,-0.2929030338439253,-0.294718224508007,-0.2966184355013226,-0.2986076874441384,-0.300690157903446,-0.302870238863424,-0.3051525363229487,-0.3075418536223055,-0.3100432235555724,-0.3126619431229245,-0.3154035221773104,-0.3182737586915316,-0.3212787081742279,-0.3244247166734457,-0.3277184297732993,-0.3311668141460062,-0.3347771531014238,-0.3385570905656345,-0.342514610606252,-0.3466581005193315,-0.3509963309286499,-0.3555384835928912,-0.3603006141619967,-0.3652903812705072,-0.3705151680230818,-0.3759860476758908,-0.3817146423577422,-0.3877130834918446,-0.3939941215843414,-0.4005710957435964,-0.4074579610975616,-0.4146693547940792,-0.4222206043854085,-0.4301277179449556,-0.4384076407821428,-0.4470778508479677,-0.4561568397148339,-0.4656639245414974,-0.4756193664046653,-0.4860443378448935,-0.4969610484633883,-0.5083927578914488,-0.5203638266304622,-0.5328997622952296,-0.5460272910446194,-0.5597744020727462,-0.5742036405377913,-0.5893186102052846,-0.6051475586933616,-0.6217242567505734,-0.6390840863325072,-0.6572641004742358,-0.6763031120705345,-0.69624177267103,-0.717122649581895,-0.7389903768618908,-0.7618916305009129,-0.7859280017220691,-0.8111132668249434,-0.8374894719077054,-0.8651129861242618,-0.894042851909156,-0.9243409128092456,-0.956071938521523,-0.9893492683184494,-1.0242480159139695,-1.0607979026353327,-1.099077096584817,-1.1391674138254897,-1.1811562537907012,-1.2252509437003276,-1.271432410975966,-1.319799519131885,-1.3704558871835637,-1.4236003979442204,-1.47931818286671,-1.5376735390338223,-1.5987913480115516,-1.6629676347979283,-1.7301934497365958,-1.800602125103004,-1.874501085223132,-1.9519467478128532,-2.0330593199553353,-2.1182417874853057,-2.207461805873167,-2.3010329186714196,-2.3991701474301568,-2.5020197759412626,-2.609965783960269,-2.7230716051133887,-2.841805917703357,-2.9662432690495546,-3.0968433585421415,-3.233794351180714,-3.3774449011482197,-3.528209169596462,-3.686288300596809,-3.8522189685096184,-4.026319507894879,-4.2089373231483656,-4.400595507334616,-4.601780150095646,-4.812867175480041,-5.0343642347350475,-5.266819828785504,-5.510902146408197,-5.767064788765993,-6.035918643901969,-6.318104067742667,-6.614290433147305,2.0,2.0,-7.594155881658448,-7.953783079719902,-8.331244592486946,-8.72740935729259,-9.143181500362475,-9.579499717620315,2.0,-10.518002955352104,-11.022298389118315,-11.551327677604489,2.0,-12.688570366455798,-13.299348862072383,-13.93972285211438,-14.611642693306706,2.0,-16.054623468983316,-16.828911330058254,-17.640826336266425,2.0,-19.38380792826015,-20.318458691204043,-21.298198900310084,-22.32516482911152,2.0,2.0,-25.709530151548257,2.0,2.0,2.0,-31.02544436469953,-32.51650563686586,-34.07859214923841,-35.714924328585724,2.0,-39.22403353861874,-41.10464602023035,-43.07462898184888,-45.13818579662927,-47.29972431257018,-49.56386414524555,-51.93544649930849,2.0,2.0,-59.74677507242544,-62.601186799437166,-65.59084420296179,-68.72225853247697,-72.00214286084706,2.0,-79.03574671600678,-82.80452878582176,-86.75193800379293,-90.88642916643492,-95.21685820992744,-99.75250111313184,-104.50307374730676
0.0059756053792904,2.0,2.0,2.0,2.0,2.0,2.0,2.0,2.0,2.0,2.0,2.0,2.0,2.0,2.0,2.0,2.0,2.0,2.0,2.0,2.0,2.0,2.0,2.0,2.0,2.0,-0.2850076243400005,-0.2864565657769526,-0.2879732806350363,-0.2895609692139996,-0.2912229686273492,-0.2929627815894434,-0.2947840712951281,-0.2966906829571414,-0.2986866218671828,-0.3007761065298109,-0.3029635307001553,-0.3052535136880087,-0.3076508844983642,-0.3101606978210751,-0.3127882499140618,-0.3155390839397757,-0.3184190101585588,-0.3214341122033183,-0.3245907540863429,-0.3278956040213159,-0.3313556478974532,-0.3349782054900693,-0.3387709341789752,-0.3427418572433427,-0.3468993781647511,-0.3512523066501569,-0.3558098502926972,-0.3605817737785245,-0.3655880157680297,-0.3708300643437297,-0.3763190201038986,-0.3820665490841168,-0.3880848201429364,-0.3943866367146291,-0.4009853580416499,-0.4078950087153496,-0.4151302632214065,-0.4227065114072621,-0.4306398495472147,-0.4389471491369086,-0.4476460492549162,-0.4567551464395518,-0.4662937460572484,-0.4762821743164988,-0.4867417010466346,-0.4976946154491831,-0.5091642405130024,-0.5211750141080411,-0.5337525413808644,-0.5469236312377915,-0.5607163665523236,-0.575169040285004,-0.5903328247158917,-0.6062128978108684,-0.6228431478532364,-0.6402590627757316,-0.6584978209638437,-0.6775983585993828,-0.6976014346314516,-0.7185498442437501,-0.7404882519003034,-0.7634635441506277,-0.7875353293404527,-0.8127997683258344,-0.8392588978603093,-0.8669692649735042,-0.8959900739677088,-0.926383350849828,-0.958213826420173,-0.991550609168693,-1.0265423221982382,-1.0632038015505627,-1.10159996050579,-1.1418129896589526,-1.1839285260528931,-1.2280804645810972,-1.2743989296625469,-1.322909638810942,-1.3737163022219998,-1.4269277181772857,-1.4828013937868203,-1.5413248073370809,-1.602618638470661,-1.666864543112179,-1.7342780432894538,-1.8048832583594956,-1.8788560035270785,-1.9565111669827635,-2.037843364962604,-2.1231035778483243,-2.2125572751918914,-2.3062470247309523,-2.404592440232327,-2.5076378107684225,-2.6157294975756376,-2.7290645827179163,-2.8479262829750276,-2.9725779689576797,-3.103335381090072,-3.240432937462149,-3.384323395527557,-3.535154166024986,-3.69349199672746,-3.859558675379752,-4.033710574597747,-4.216572623677371,-4.408383733127951,-4.6095986629542836,-4.820775106808073,-5.042443407619349,-5.275032750876711,-5.519100300244186,-5.775228879847299,-6.0440867978223745,-6.3263232979296395,-6.622536227491999,-6.933426530072309,-7.2597251945936465,2.0,-7.961639154798544,-8.338889095300523,-8.734902481091561,-9.15055352588271,-9.586749054062029,-10.04447307864784,-10.524745524418575,-11.028627082026963,-11.55743752602896,-12.112273622840044,-12.69419569204856,-13.304493530299936,-13.94489366214916,-14.616296683102862,-15.320362850438505,-16.058790294820334,-16.832713797298222,2.0,-18.494988448868124,-19.386707383144433,-20.321470306757263,-21.300748454959823,-22.32740440636223,-23.403237370699852,-24.530176371084945,-25.71123211233488,-26.94892109730877,-28.245554655832542,-29.603688715373114,-31.02665554367452,-32.51752219373087,2.0,-35.715721178309956,-37.42964607062105,2.0,2.0,2.0,-45.13859643436153,-47.300041729500094,-49.56409832538958,-51.93560530699089,-54.419635210117306,2.0,2.0,2.0,2.0,-68.72224047882783,-72.00207374553497,-75.43740396371298,-79.03558768151677,-82.80433003092419,-86.75170256992999,-90.88615981013744,-95.21655741754049,2.0,2.0
0.0058052255160948,2.0,2.0,2.0,2.0,2.0,2.0,2.0,2.0,2.0,2.0,2.0,2.0,2.0,2.0,2.0,2.0,2.0,2.0,2.0,2.0,2.0,2.0,2.0,2.0,2.0,-0.2850398070167641,-0.2864934463565146,-0.2880150881113892,-0.2896079352721918,-0.2912753368788741,-0.2930208068232397,-0.2948480251205357,-0.2967608388132923,-0.2987632803617955,-0.3008595676243962,-0.3030541298755884,-0.30535157822876,-0.3077567771603905,-0.3102747759724116,-0.3129109121739347,-0.3156707398034896,-0.3185600746306567,-0.3215850360979536,-0.3247520025949701,-0.328067665434461,-0.3315390399578874,-0.3351734562283013,-0.3389786107474303,-0.3429625565156277,-0.3471337105505351,-0.3515009142818054,-0.3560734156188717,-0.3608608951859992,-0.3658773011110804,-0.3711361147744786,-0.3766426395167939,-0.3824085569278837,-0.3884461016250211,-0.3947680884246718,-0.4013879432504714,-0.4083197296474182,-0.4155781664074287,-0.4231786977720836,-0.4311374685038026,-0.4394713958850746,-0.4481982025348944,-0.4573365232739966,-0.4669057277399612,-0.4769262126039045,-0.4874193196604472,-0.4984073935155004,-0.5099138416485404,-0.5219631943382383,-0.5345811216515097,-0.5477945246545919,-0.5616315813994711,-0.5761217976895344,-0.5913190083139763,-0.6072487510582296,-0.6239310211137973,-0.6414014224038491,-0.6596972465116413,-0.6788575553411913,-0.6989232592656878,-0.7199372097973393,-0.7419442882446101,-0.7649915124178549,-0.7891281127662929,-0.8144403840263177,-0.8409800924456206,-0.8687748183002287,-0.8978840415653387,-0.9283699373645424,-0.9602976985075458,-0.9937355875427007,-1.028775346469469,-1.0655452228475044,-1.1040552688768812,-1.1443871195183226,-1.1866275164036444,-1.2308665610166425,-1.2772876106641906,-1.3259377667432055,-1.3768904986851345,-1.4302548320288286,-1.486194834142099,-1.5448816747505278,-1.6063465035752102,-1.670721027034055,-1.7382594180001547,-1.8090556144515189,-1.883203805317119,-1.9609630794221256,-2.042508445292355,-2.127915047506707,-2.217529896100747,-2.3114573743451725,-2.409887748489453,-2.513186017683157,-2.6213763028676644,-2.7349665529719944,-2.8539508649075045,-2.978849750161682,-3.1097040404523826,-3.2470903096115116,-3.391061319038814,-3.542167230706206,-3.700627327636805,-3.8668050227555497,-4.041248112196081,-4.224181124348036,-4.416067243037635,-4.617519532823672,-4.828840897979102,-5.050537673418537,-5.283168259448493,-5.527388938035769,-5.783648871554461,-6.052557882469086,-6.33475540631852,-6.6309082320922865,-6.941743413036766,-7.268049108257454,-7.610506986739091,-7.969915697992859,-8.347111383086819,-8.742963713007095,-9.158381822450972,2.0,-10.051808938116686,-10.53196796740879,-11.035755847660583,2.0,-12.11866650291376,2.0,-13.310617167071436,-13.950517067427487,-14.621625601628386,-15.325617170232729,-16.063458848211358,2.0,2.0,-18.49920937082988,-19.39044091543121,-20.325032632238297,-21.304252513728148,-22.33042629027864,2.0,2.0,-25.713808705035703,-26.951203617828305,-28.247821104163133,-29.60598156246115,2.0,-32.51937395613264,-34.08111711753311,2.0,2.0,-39.22638647059878,-41.106734245412035,2.0,-45.13982557322431,-47.30117628326183,-49.56514790170797,-51.93657895849746,-54.42054008014933,-57.02234451804485,2.0,-62.602009336212525,-65.59170746638654,2.0,2.0,2.0,-79.03624537802915,-82.80494826199053,-86.7522843226536,-90.88670805187196,-95.21707456083162,-99.7526594574297,-104.50317820281914
0.0056397036205762,2.0,2.0,2.0,2.0,2.0,2.0,2.0,2.0,2.0,2.0,2.0,2.0,2.0,2.0,2.0,2.0,2.0,2.0,2.0,2.0,2.0,2.0,2.0,2.0,2.0,-0.2850710712308061,-0.2865292789216686,-0.28805570543759,-0.2896535560844799,-0.2913262043180837,-0.2930771755865478,-0.2949101502898115,-0.2968289939762512,-0.2988377504493013,-0.3009406492674324,-0.3031421379747885,-0.3054468415869207,-0.307859637661114,-0.3103856016075696,-0.3130300682670208,-0.3157986220425733,-0.3186971068984887,-0.3217316456181792,-0.3249086420065256,-0.3282348083815279,-0.331717190332404,-0.3353631353010939,-0.339180355393599,-0.3431769452102534,-0.3473613420519276,-0.351742411263391,-0.3563294401954657,-0.3611321312651533,-0.366160681792038,-0.37143341390251,-0.3769569921382527,-0.3827407849074892,-0.3887970351236285,-0.3951386341282856,-0.4017790217710142,-0.4087323051835614,-0.4160132692480053,-0.4236373821640332,-0.4316208575799597,-0.4399806472624337,-0.4487345996894636,-0.4579012736581788,-0.4675002092773044,-0.4775518335714782,-0.4880775507452982,-0.499099781777669,-0.5106420100547777,-0.5227288315581197,-0.5353860047021901,-0.5486405137496007,-0.5625206207619402,-0.5770559290464432,-0.5922774419699257,-0.6082549785734388,-0.6249877825999639,-0.6425111120322458,-0.6608623717273421,-0.680080740600264,-0.7002072555722789,-0.7212848968189851,-0.7433586884260841,-0.7664756446383008,-0.7906855579582094,-0.8160397259056884,-0.8426520640672717,-0.8705287686976113,-0.8997238197717762,-0.930299582006985,-0.9623215025302524,-0.9958580780344404,-1.0309808973274115,-1.0678200114113523,-1.106440238198631,-1.1468876304887927,-1.189249224119887,-1.2336150650966855,-1.2800936313785105,-1.3288791465175165,-1.379973867759234,-1.4334867681795664,-1.4895325717460528,-1.5483368388995,-1.6099676984831806,-1.6745162766152604,-1.74212708205007,-1.813108833276155,-1.887451269038456,-1.9653135263100048,-2.0470399000061787,-2.132663638256365,-2.2223600697041896,-2.3165187653011485,-2.4151360127794885,-2.5185757165429834,-2.6270233713447406,-2.740699994588976,-2.859957696900183,-2.9849424752939804,-3.116087325772152,-3.253557740155077,-3.397773946753987,-3.5490242146619164,-3.7076136814940623,-3.8740663085334974,-4.048579206633798,-4.231678725019449,-4.423809433918544,-4.62531452947472,-4.836704163893725,-5.058611182271098,-5.2914046872108536,-5.5356395237200635,-5.791897579777929,-6.060879090352489,-6.343173799570977,-6.639401144614738,-6.950260800982983,-7.276483093440242,-7.618831831221592,-7.978105154445238,-8.355202235706644,-8.7509885085414,-9.166326540749726,-9.602166719001914,-10.059498345993868,-10.539350063751831,-11.042791408042284,-11.571098943241994,-12.12542270981716,2.0,-13.31662439399888,-13.956345586125623,-14.627342502576616,-15.330745070683488,-16.06862834933614,2.0,2.0,2.0,-19.3945773188527,-20.32857696088964,-21.30787627131873,-22.33373494505921,2.0,-24.53609490980166,-25.71659903260796,2.0,-28.250042197096903,-29.608286320600687,-31.03091189299921,-32.52134845622433,-34.082899020647154,-35.718864227239536,-37.432714451906136,-39.22796744944203,2.0,2.0,-45.14111869620565,-47.30236758399592,2.0,-51.937598103272954,-54.4214860639899,2.0,-59.74837934999514,-62.60278245652567,2.0,-68.72386625214962,2.0,-75.43883309676133,-79.03692853568752,-82.80558985304366,-86.7528873400674,-90.88727607174656,2.0,-99.753164623323,2.0
0.0054789011795939,2.0,2.0,2.0,2.0,2.0,2.0,2.0,2.0,2.0,2.0,2.0,2.0,2.0,2.0,2.0,2.0,2.0,2.0,2.0,2.0,2.0,2.0,2.0,2.0,2.0,-0.2851014454922796,-0.2865640907004677,-0.2880951587856006,-0.2896978816215724,-0.2913756294942835,-0.2931319352259952,-0.294970497860816,-0.2968952007021443,-0.2989100849760063,-0.3010194172955462,-0.3032276331380478,-0.3055393901888616,-0.3079595626561071,-0.3104932549096391,-0.3131458192615255,-0.3159228530005278,-0.3188302213350848,-0.3218740631059402,-0.3250608035865425,-0.3283971745748086,-0.3318902468684934,-0.3355473847827371,-0.3393763336321704,-0.3433851992101103,-0.3475824643970039,-0.3519770097056629,-0.3565781410434977,-0.3613956207818883,-0.3664396457888635,-0.3717222041363464,-0.3772623664795572,-0.3830635110646019,-0.3891379463579432,-0.3954985821137224,-0.4021589077949389,-0.4091330836070094,-0.4164359250084495,-0.4240829511667091,-0.4320904242016949,-0.440475350768764,-0.4492555944136839,-0.4584498738823209,-0.4680776903698195,-0.4781595624489518,-0.488716960383347,-0.4997723730827373,-0.5113493528583158,-0.5234725731963756,-0.536167870024918,-0.5494623069669081,-0.5633842364062692,-0.5779633458989175,-0.5932307358975051,-0.6092324315884154,-0.6260143242202787,-0.6435890680264813,-0.661994177096856,-0.6812689194381483,-0.7014545331920955,-0.722594024772655,-0.744732638019171,-0.7679175998155594,-0.7921983621301398,-0.8176271162411386,-0.8442762246645006,-0.8722325467834401,-0.9015109880166032,-0.9321741350671872,-0.96428754271158,-0.9979197530049694,-1.0331430437630291,-1.0700323766826791,-1.1087570173589134,-1.149316902313715,-1.1917959648331404,-1.2362850681719553,-1.2828793904826084,-1.331736633486371,-1.3829690737141311,-1.4366263058086082,-1.4928233258873873,-1.5516931845981876,-1.613485460879187,-1.6782029505377154,-1.7459842396884744,-1.8170459457567296,-1.8915772243380309,-1.9696372671858409,-2.05144229883616,-2.137276476138539,-2.2271749673201473,-2.3214354128916144,-2.4202876797995647,-2.5238210094439553,-2.632508751964044,-2.7463541552984827,-2.8657928393921175,-2.9909768633967406,-3.122287900306615,-3.2599395173018952,-3.4043556057498376,-3.555715847169005,-3.7145918114609793,-3.881119860920752,-4.05584983456011,-4.239138733035444,-4.431330941246512,-4.633031908165707,-4.8446363421046295,-5.066584544766606,-5.2994136248166095,-5.543827185287145,-5.800244429354505,-6.069272468988157,-6.351547462554779,2.0,-6.9586298209083575,-7.284891266699932,-7.627256939021632,-7.986526279336624,-8.363534282004904,-8.759153889954776,-9.174294275016798,-9.6099172826977,-10.067113177957166,-10.54685794492726,-11.050198922204004,-11.578254272619072,-12.132180964212491,-12.713284685828832,-13.323018575813252,2.0,-14.632927282349016,2.0,-16.073821839147,-16.846953552060036,2.0,2.0,-19.39875481266923,-20.33246836418716,2.0,2.0,-23.412203096713327,-24.538995310070632,-25.719590588183287,-26.95631927184487,-28.252390836014747,2.0,2.0,-32.523458750010874,-34.08479680324765,2.0,2.0,-39.229503331837535,-41.10987090649297,-43.07937376935166,-45.14248103778959,-47.30362019153837,-49.56740349616874,2.0,2.0,-57.024143967895775,2.0,-62.60358063546958,2.0,-68.72468087845773,2.0,-75.43959092984672,-79.03763861315203,-82.806256122926,-86.75351372764618,-90.88786493623692,-95.21816453923958,-99.7536875177206,-104.50414886296366
0.0053226836293728,2.0,2.0,2.0,2.0,2.0,2.0,2.0,2.0,2.0,2.0,2.0,2.0,2.0,2.0,2.0,2.0,2.0,2.0,2.0,2.0,2.0,2.0,2.0,2.0,2.0,-0.2851309529034812,-0.2865979096361682,-0.2881335010013844,-0.289740952056123,-0.2914236507321661,-0.2931851456779642,-0.2950291403968394,-0.296959535050567,-0.2989803896945965,-0.3010959547449913,-0.3033107118897328,-0.305629310782431,-0.3080566607500078,-0.3105978620424799,-0.3132582978846692,-0.3160435743083927,-0.3189595713278731,-0.3220124494583177,-0.3252086590014642,-0.3285549503646621,-0.3320584019977067,-0.3357264199674061,-0.339566757810033,-0.3435875580973317,-0.3477973141837459,-0.352204942450408,-0.3568197881906049,-0.3616516235770455,-0.3667106809964537,-0.372007702322241,-0.3775588387207631,-0.3833768370899859,-0.3894689340423969,-0.3958480667118891,-0.4025277623421988,-0.4095222258631739,-0.4168463141887061,-0.4245155986307041,-0.4325463818078108,-0.4409557259623667,-0.4497615163513853,-0.4589825995149805,-0.4686384693455105,-0.478749722220688,-0.4893378918306306,-0.5004255375335359,-0.512036275914987,-0.524194852789309,-0.5369271807904235,-0.5502604047210294,-0.5642229575224538,-0.5788446155674797,-0.5941565698555106,-0.6101914890308477,-0.6270104998741983,-0.6446351819613071,-0.6630925914423926,-0.6824221454335991,-0.7026651166925519,-0.7238647280946148,-0.7460662644078285,-0.7693171525381237,-0.7936670689952119,-0.8191680409191053,-0.8458745661713509,-0.8738851573116184,-0.9032445979980064,-0.9339925819343003,-0.9661947671147856,-0.9999202019194944,-1.0352408878952537,-1.0722323135395069,-1.1110030723161866,-1.1516720612083764,-1.1942653972779842,-1.238874185676735,-1.2855937757638776,-1.3345243874532349,-1.385871541203466,-1.439669050659483,-1.496012809910159,-1.555023582239956,-1.6168923552080197,-1.6817739410420718,-1.749727185099284,-1.820897300992072,-1.8955712373997768,2.0,-2.055779866081382,-2.1417388988995936,-2.2318517531650848,-2.3262315575000123,-2.425268506506571,-2.5290408748223956,-2.6378083818763116,-2.751907962283191,-2.871425371497351,-2.996879929237963,-3.1282757903962968,-3.266207396535817,-3.4106993756663755,-3.5623640472908793,-3.721312327060422,-3.888068330161961,-4.062961331332633,-4.246311860402212,-4.438781058762057,-4.6405991328942795,-4.852244335035596,-5.074390322236634,-5.307416262780679,-5.551848344287948,-5.808266959351441,-6.077399056967848,-6.35978783353506,-6.656067145738338,2.0,-7.293119297675424,-7.635384671994442,-7.994589264571238,-8.37156128051792,-8.767123723147547,-9.182189173774262,-9.617710758503604,-10.074681294347508,2.0,-11.057161200985504,-11.585028671836575,-12.138836303001233,2.0,-13.32902214121311,2.0,-14.638535263844416,-15.341500672104814,2.0,-16.85169957471503,2.0,-18.51176858017709,2.0,-20.336104229649003,-21.314454011470744,-22.340305939204455,-23.41502121415172,-24.541322831808927,-25.721890412728044,-26.95854954489876,-28.25425516742925,-29.61209141730308,-31.03482053158132,-32.5250289935856,-34.086119630521544,-35.7216924015421,2.0,2.0,-41.110698974847985,2.0,-45.14317765680416,2.0,-49.56786440160565,2.0,2.0,2.0,-59.74935802560088,2.0,-65.59328788354676,-68.72469239555133,2.0,2.0,-79.03759263429785,-82.8061610442044,-86.75337369219224,2.0,-95.2179445680234,-99.7534324361196,-104.50386105386832
0.0051709202428967,2.0,2.0,2.0,2.0,2.0,2.0,2.0,2.0,2.0,2.0,2.0,2.0,2.0,2.0,2.0,2.0,2.0,2.0,2.0,2.0,2.0,2.0,2.0,2.0,2.0,-0.2851596167868139,-0.2866307619587102,-0.2881707359595304,-0.289782781023942,-0.2914702906698189,-0.2932368222435286,-0.2950860989649027,-0.2970220158624983,-0.2990486531510786,-0.3011702909209489,-0.3033913877338424,-0.3057166392465701,-0.3081509470794762,-0.3106994512560583,-0.3133675286747475,-0.3161608098793601,-0.3190851854683931,-0.3221468433835455,-0.3253522434215588,-0.328708169448808,-0.3322217058535119,-0.335900284217666,-0.3397516917138339,-0.3437840803417173,-0.3480059749560957,-0.3524263180695756,-0.3570544735141641,-0.3619002566872358,-0.3669739176354605,-0.3722862410204621,-0.3778484713721031,-0.3836813843529589,-0.3897906348929347,-0.39618772658997,-0.4028862422487286,-0.4099004152460518,-0.4172451451426168,-0.4249360527897339,-0.4329894813845974,-0.4414225657960678,-0.4502532350480129,-0.459500287046391,-0.4691833984399282,-0.4793231940853785,-0.4899412605862506,-0.5010602150012671,-0.5127037426485035,-0.5248966703400033,-0.537664972819022,-0.5510358750048361,-0.565037890519692,-0.5797008804535085,-0.5950561253170741,-0.6111363864935566,-0.6279791777730995,-0.6456523753431369,-0.6641606047190522,-0.6835433790532627,-0.7038420869741452,-0.7251000813207302,-0.7473627658697449,-0.7706776992479395,-0.7950946937846352,-0.8206659122164267,-0.8474460303849158,-0.8754929139172613,-0.9049310290464284,-0.9357614291004962,-0.9680500142338828,-1.001865769291972,-1.0372811582307238,-1.07437152353707,-1.1132169574118556,-1.1539642473654517,-1.196668591928592,-1.2413936514042188,-1.288235108215481,-1.3372931785310185,-1.388697931403142,-1.4426315846608118,-1.4991180954563326,-1.558278292090754,-1.6202386845116898,-1.6852529735593598,-1.7533730891321118,-1.8247182304089915,-1.8994646910016584,-1.9779033258983472,-2.060055132462153,-2.1460977767044747,-2.236412874985048,-2.331010475113947,-2.4301298695015,-2.5341343996623538,-2.6430641473997936,-2.7573314165772467,-2.877093231876841,-3.002649010180569,-3.1343198521557536,-3.2723376134599285,-3.417101292278849,-3.5688706614602994,-3.7280284713024,-3.894966586583793,-4.0699490233979745,-4.253613491361226,-4.446155704289821,-4.648094769722066,-4.860006493608307,-5.082231567359932,-5.315297655543817,-5.559912636218026,-5.816518567354502,-6.085697386246163,-6.368084466094948,2.0,-6.975330738451584,-7.301586811376523,-7.643900633645228,-8.003071609503245,-8.379933137114207,-8.775359598023655,-9.190265620949356,-9.625685592412095,-10.082571003665878,-10.561931396379505,-11.064849464545086,-11.592452211491938,-12.145908428348568,2.0,-13.335688977134277,-13.97459992628031,-14.644574346891885,-15.347226131948172,-16.084269116993255,-16.856833635027996,2.0,-18.516447820573266,-19.406781323208225,-20.340232490748985,-21.318532402765182,-22.34382754764121,-23.418656790759997,2.0,-25.7247791680874,-26.96154900507654,2.0,-29.614518496042955,-31.037039330330902,-32.52734452348476,-34.08829396409483,2.0,-37.43696637982479,-39.23188650950379,2.0,-43.08179909624134,-45.14470024585551,-47.30558590429095,-49.56914499355735,-51.94020799371153,-54.42383987523352,-57.025347969929946,-59.75029508057395,-62.60451018257009,-65.59410026903852,2.0,2.0,2.0,-79.03836320232419,2.0,-86.75405044257042,-90.88831895241968,2.0,-99.7539948876656,-104.50439113189152
0.0050234840205128,2.0,2.0,2.0,2.0,2.0,2.0,2.0,2.0,2.0,2.0,2.0,2.0,2.0,2.0,2.0,2.0,2.0,2.0,2.0,2.0,2.0,2.0,2.0,2.0,2.0,-0.2851874660931341,-0.2866626779039959,-0.2882069121203614,-0.2898234162935618,-0.2915155980394326,-0.2932870231881613,-0.29514142579902,-0.2970827110589311,-0.2991149711321098,-0.3012424972621252,-0.3034697618951652,-0.3058014804158765,-0.3082425489758916,-0.3107981402464714,-0.313473638242339,-0.3162746927500999,-0.3192072094238783,-0.322277395014043,-0.3254917305557898,-0.3288570020665558,-0.3323803428698634,-0.3360691824911321,-0.3399313422186867,-0.3439749823410852,-0.3482086708743745,-0.3526413654820123,-0.3572824544149283,-0.3621417828712856,-0.3672296335517959,-0.3725568159013541,-0.3781346100862355,-0.3839772154640155,-0.3901031334719309,-0.3965176780229602,-0.4032344744654151,-0.4102677934444573,-0.4176325764758747,-0.4253444873216844,-0.4334199137653237,-0.4418760085127563,-0.4507307781664018,-0.4600031662466978,-0.4697127475857473,-0.4798802707278529,-0.4905273766919795,-0.5016767446757741,-0.513352131350338,-0.5255784232331592,-0.5383816700446343,-0.5517891743551697,-0.56582952385659,-0.5805326658189317,-0.5959299619264726,-0.6120542683238499,-0.6289399890989842,-0.646640488173198,-0.6651980774988585,-0.6846325519067344,-0.7049854084723515,-0.7263001157914544,-0.7486221879737545,-0.7719991571841814,-0.7964815024444833,-0.8221209796773007,-0.8489725695018222,-0.8770936374884396,-0.9065692468722664,-0.9374797075675928,-0.9698521453460052,-1.0037557762333036,-1.039263061846485,-1.0764499128651912,-1.1153961481877697,-1.1561909017495726,-1.1990030064148465,-1.2438410909459867,-1.290800844948803,-1.3399828162347616,-1.3914921385538177,-1.445509575324737,-1.5021343077214655,-1.5614398957005906,-1.623552209910934,-1.688632482774025,-1.7569148755618738,-1.8284299393805177,-1.9033305450073956,-1.981866733537828,-2.0642089880770698,-2.150449864517342,-2.240843564029532,-2.3356530592197275,-2.434952544169338,-2.539082463253161,-2.648248445797633,-2.7625998735637793,-2.8826130454873935,-3.0083097523470954,-3.140190930920401,-3.278377659929873,-3.4233395890435148,-3.5752568983425475,-3.734650076648894,-3.9016680351077273,-4.076969116266675,-4.2607095477687835,-4.453426160513205,-4.6555991737520515,-4.86757231170374,-5.089944594835388,-5.323251073590646,-5.567932594128778,-5.824566948104577,-6.0938732017798305,-6.376416707742368,-6.67281130916866,-6.983752877776154,-7.3099696765344415,-7.6522449988407795,-8.01144966830479,-8.388324185481554,-8.783742203124559,-9.198615246643024,-9.633897399915938,-10.090583904929993,-10.569712557006778,-11.072411215698642,2.0,-12.15324516239288,-12.7336860753954,-13.342484854186411,2.0,-14.65087193298422,-15.353365615383394,2.0,-16.862321705906215,-17.67227307084546,-18.521193382767965,-19.411539997225784,-20.34443300721023,-21.322731707673363,-22.347651285803646,2.0,2.0,-25.727862202499836,-26.964463939962528,2.0,-29.617140296139073,-31.039358553919417,-32.529594002326476,-34.090606982062965,-35.72573041000413,-37.43884307679855,-39.23358395483143,-41.11375834453389,-43.08334143160436,-45.14629533105781,-47.307057475859715,-49.57049394737995,-51.9414488052352,-54.42498403703345,-57.02640594574384,2.0,2.0,-65.59494820781087,2.0,2.0,-75.44123769509224,2.0,2.0,-86.75475384973603,-90.88897901195314,-95.21916193500417,-99.7545781576294,2.0
0.0048802515836544,2.0,2.0,2.0,2.0,2.0,2.0,2.0,2.0,2.0,2.0,2.0,2.0,2.0,2.0,2.0,2.0,2.0,2.0,2.0,2.0,2.0,2.0,2.0,2.0,2.0,-0.2852145222389167,-0.2866936822323764,-0.2882420523712902,-0.2898628913420915,-0.2915596105672354,-0.2933357920513363,-0.2951951704626364,-0.2971416719613848,-0.2991793957777753,-0.3013126411864689,-0.3035458999602276,-0.3058838912462588,-0.3083315397589671,-0.3108940068805766,-0.3135767156395975,-0.3163853217549211,-0.3193257470445974,-0.3224042144800697,-0.3256272291961844,-0.3290015897899976,-0.3325344433171702,-0.3362332538170097,-0.3401058569423545,-0.3441604348406938,-0.3484055740079195,-0.3528502590469476,-0.3575039205670931,-0.3623764032315982,-0.3674780407900519,-0.3728196590944922,-0.3784125663871778,-0.3842686558474348,-0.3904066991204505,-0.3968381953165625,-0.4035727513679267,-0.4106246703596097,-0.4180089336114496,-0.4257412467095468,-0.4338380487456257,-0.4423165437840823,-0.4511947349442085,-0.4604916596951144,-0.4702269720729184,-0.48042142215105,-0.4910967370779956,-0.5022756534307896,-0.5139819870637709,-0.5262406862003655,-0.5390778806003924,-0.5525209387579103,-0.5665985265496578,-0.5813406703400126,-0.5967788178520174,-0.612945909054298,-0.6298764423918595,-0.6476065562676976,-0.6662058930853031,-0.6856905880343429,-0.7060960453778562,-0.7274658220171866,-0.7498456307219782,-0.773283213011853,-0.7978286658076468,-0.8235344384997185,-0.8504553414485134,-0.8786492846079104,-0.9081761585242444,-0.9391488658728836,-0.9716027589703164,-1.0055917044908858,-1.0411883827609951,-1.0784688666601916,-1.1175130418374772,-1.1584042652001794,-1.2012708447832563,-1.246218569360788,-1.2932932381299171,-1.3425955680551385,-1.3942310471453505,-1.4483101618007637,-1.5050648882273,-1.564511255363865,-1.6267712805931158,-1.691978546637046,-1.7603554692097367,-1.832035557486449,-1.9071090582981831,-1.9857367824469672,-2.0682435532908894,-2.1546773115628413,-2.2452040101391986,-2.340163324591496,-2.439677927995175,-2.543904826358318,-2.6532845283668225,-2.7678604879404887,-2.8879751154751667,-3.0139274768808466,-3.1458945491805923,-3.2843529383239396,-3.429400128778171,-3.581605810119446,-3.741082484942107,-3.9083998527215815,-4.0837885346609335,-4.2677172794207605,-4.46064729129538,-4.662889189435439,-4.875096409134108,-5.097643526287104,-5.331002169650239,-5.575829268828889,-5.832676375967847,-6.1020621324833195,-6.384619802181587,-6.681055734693777,2.0,-7.318440118441901,-7.660773133043614,-8.019917700126616,-8.396709007714476,2.0,-9.206828526083385,-9.642067414518143,-10.098693503082732,-10.577748673229864,-11.080319540663128,-11.60753818572701,-12.16058222314424,-12.740745312838794,-13.34943202980626,2.0,2.0,-15.35937835526724,-16.09583862196945,-16.868006539565304,-17.677438454248755,-18.52643175070004,-19.416170899165976,-20.34911377317596,-21.326822766551743,-22.35184356099715,-23.425792787358123,-24.551749290250115,-25.731242166841316,-26.96739505035787,-28.262944854431876,2.0,-31.04185911446895,-32.531826150499185,2.0,-35.72796430474808,-37.440845614894776,-39.23538936082839,-41.115394183636475,-43.08485121790177,-45.14786331149216,2.0,-49.57191692268362,2.0,-54.42618631399424,2.0,2.0,-62.60637382568126,-65.59583394020942,-68.72707952709743,2.0,-75.4420313057382,2.0,-82.80841552005046,-86.7554858075377,-90.88966500416082,-95.21980629906884,-99.7551832815338,-104.50550972506431
0.0047411030715949,2.0,2.0,2.0,2.0,2.0,2.0,2.0,2.0,2.0,2.0,2.0,2.0,2.0,2.0,2.0,2.0,2.0,2.0,2.0,2.0,2.0,2.0,2.0,2.0,2.0,-0.285240803629791,-0.286723806670592,-0.2882761988127179,-0.289901246384559,-0.2916023823445142,-0.2933831834834349,-0.2952474003647132,-0.2971989719416643,-0.2992420025333027,-0.3013808041057559,-0.3036198886464746,-0.305963975495484,-0.3084180051297279,-0.3109871705028852,-0.3136768835093487,-0.3164928271847191,-0.3194409369255472,-0.3225274570225288,-0.3257588959940617,-0.3291420903314381,-0.3326841854874166,-0.3363926844755891,-0.3402754302842801,-0.3443406314566564,-0.3485968912639927,-0.3530532411769742,-0.3577191004022828,-0.3626043705789815,-0.3677194058354163,-0.3730750431945462,-0.3786826420738705,-0.3845541017000251,-0.3907018964046307,-0.3971493812300437,-0.4039011839092927,-0.4109711685534473,-0.4183743540872209,-0.4261264901603435,-0.4342440421636578,-0.4427442813414209,-0.4516452482851711,-0.4609660213717136,-0.4707262956661643,-0.4809469133719728,-0.4916496292392092,-0.5028572455766365,-0.5145936405426605,-0.5268838227532944,-0.5397539908566654,-0.5532315862474513,-0.5673453478023308,-0.5821253784490347,-0.5976032073153787,-0.6138118594799876,-0.6307859237702194,-0.6485616292921431,-0.6671838772000938,-0.6867173537773851,-0.7071739022556441,-0.7285972164409729,-0.7510330518673686,-0.7745293389938875,-0.7991362770829473,-0.8249064484576814,-0.851894829347895,-0.8801591036945555,-0.9097602255406814,-0.9407678489060816,-0.9733008642512196,-1.0073726807354246,-1.043056155489948,-1.0804275601656272,-1.1195669387473923,-1.1605578878675424,-1.2034880663234109,-1.248523591249443,-1.2957098846983923,-1.3451291271045864,-1.396887056991898,-1.4510944240302344,-1.5079043625205883,-1.5674876368983677,-1.629891133900197,-1.695248535817994,-1.7636998181012484,-1.8355276767181108,-1.9107692667804992,-1.9895728664472776,-2.0721486528583646,-2.158770261727693,-2.249493097113563,-2.3445256129242966,-2.444249888293592,-2.5486961051708827,-2.6581531574390196,-2.7729624588099906,-2.8932088477337508,-3.019355405146315,-3.1515330636339844,-3.290121984698932,-3.435414289005519,-3.587730959481536,-3.747438795694692,-3.914895949209006,-4.0904491634191125,-4.274599114669495,-4.467595385343175,-4.670116887461345,-4.882438815952708,-5.1050502523302335,-5.338662816645794,-5.583619209149893,-5.840496048259388,-6.109997057162878,-6.392726182891704,-6.68926936534394,-7.000319568965406,2.0,-7.668970906053472,-8.028167445900745,-8.404986707650874,-8.800301057662514,-9.215022748682406,2.0,-10.106546835386306,-10.585405201776728,-11.087849559245816,-11.614947902500845,-12.167870296734034,-12.74785053310739,-13.356170441129713,-13.994176269879038,-14.663488717607205,-15.365446395870574,-16.101458675408633,-16.87317669502226,-17.6826337542918,-18.53108067111138,-19.420631255876135,-20.353274911468738,2.0,-22.35541653456686,2.0,2.0,-25.73425875356552,-26.96996255969288,-28.265181615473896,-29.622333777155493,-31.043903740079312,-32.53353743504885,2.0,-35.729595730290505,-37.44229063914053,-39.23660542903034,-41.11641430431504,-43.08570223095055,2.0,2.0,-49.57268317196976,-51.9433875811704,-54.426701099627365,-57.02792592258616,2.0,-62.60660651074129,-65.59599085747489,-68.72716801327131,2.0,2.0,2.0,2.0,-86.75546462023512,-90.88959248405226,-95.21968668878142,-99.75502013733151,-104.50530690114304
0.0046059220411451,2.0,2.0,2.0,2.0,2.0,2.0,2.0,2.0,2.0,2.0,2.0,2.0,2.0,2.0,2.0,2.0,2.0,2.0,2.0,2.0,2.0,2.0,2.0,2.0,2.0,-0.285266339574821,-0.2867530707651916,-0.2883093607346654,-0.289938501516344,-0.2916439172361691,-0.293429206185916,-0.2952981234306235,-0.2972546131900256,-0.2993028004425532,-0.3014469955022335,-0.3036917382050783,-0.3060417469941903,-0.3085019842338077,-0.3110776431330412,-0.3137741557354145,-0.3165972196837748,-0.3195527984311018,-0.3226471362085688,-0.3258867600680444,-0.3292785251399023,-0.3328296104510484,-0.3365475177002147,-0.3404401104849606,-0.3445156306980094,-0.3487827027815963,-0.353250367459997,-0.357928085255415,-0.3628257780749782,-0.3679538158473563,-0.3733230637312494,-0.3789449408066491,-0.3848313439863255,-0.3909947972930758,-0.3974518457524555,-0.4042203976417477,-0.4113079363845259,-0.4187295047964111,-0.4265008924367606,-0.4346386048179126,-0.4431599676289958,-0.4520831015372771,-0.4614269887613555,-0.4712115447570651,-0.481457575608214,-0.4921869064763137,-0.5034224017212261,-0.515187996102054,-0.5275087642388474,-0.5404109673698767,-0.5539221124921674,-0.5680710150763281,-0.5828878497151527,-0.5984042256366761,-0.6146532520166601,-0.6316696033509048,-0.6494896003855476,-0.6681512817589773,-0.6877157676515666,-0.7082219540839316,-0.7296972541964764,-0.7521875388776671,-0.7757408554901826,-0.8004075253758018,-0.8262402567021897,-0.8532941558627649,-0.8816273482323371,-0.9113000927727078,-0.9423759238567876,-0.9749528301019634,-1.0091051533416835,-1.0448729481724215,-1.0823327067554176,-1.1215645441212432,-1.162652374020449,-1.205684085414657,-1.2507671020319528,-1.298061775087236,-1.3475946551934224,-1.3994715428703794,-1.453803501505474,-1.510706752957911,-1.57038583941802,-1.632928819178661,-1.698432218905134,-1.7670362768821728,-1.8389299540376227,-1.91433489736255,-1.9933093897551584,-2.0760227795588575,-2.16275976835574,-2.253673532504785,-2.3488920156626953,-2.448709153591181,-2.553368307572885,-2.662983532503693,-2.7779418148145845,-2.898425694363697,-3.0246569418467715,-3.1570869674015634,-3.2957890117247217,-3.4413216360661285,-3.5937763537519576,-3.753715514001895,-3.921286425104857,-4.0971111868581485,-4.281340687550654,-4.4746316634819685,-4.677255413246608,-4.889708828452931,-5.112598897860331,-5.346273392012295,-5.591327622403361,-5.84844293358184,-6.118063549875996,-6.400821600721243,-6.6974321013719536,-7.008636679209913,-7.335052994897433,-7.67744181008287,-8.036599064209515,-8.413357387127203,-8.80864875521653,-9.223379401878402,-9.658449909146748,-10.1148585945309,-10.59364836333938,-11.095907953230494,-11.622773108139048,-12.175429979593146,-12.755222846107417,-13.363433331388196,-14.001335562562332,-14.670322499689078,-15.371838266890023,-16.107658779472036,-16.879316253085545,-17.688252341988697,-18.536453977266227,-19.425881206690935,-20.357962686145456,-21.33542578012312,2.0,-23.433421510937244,-24.558407431890004,-25.737815217722307,-26.97348699633579,-28.268219296442844,2.0,2.0,2.0,-34.09671795292808,-35.73185579014837,-37.44458845203148,-39.238667146650215,-41.118270432101085,-43.087381720617614,-45.15018108062189,-47.311021563879414,-49.57427124948784,-51.94484470538915,-54.428037080731016,-57.02915479745801,2.0,-62.60765476812816,-65.59696255942383,-68.72807070123524,-72.00767890086554,-75.44280629914302,2.0,-82.80926933817061,2.0,-90.8903366845085,-95.22038380581216,2.0,-104.50592130836338
0.00447459536921,2.0,2.0,2.0,2.0,2.0,2.0,2.0,2.0,2.0,2.0,2.0,2.0,2.0,2.0,2.0,2.0,2.0,2.0,2.0,2.0,2.0,2.0,2.0,2.0,2.0,-0.2852911429390615,-0.2867814958432416,-0.2883415856165552,-0.2899746941190461,-0.291684272735266,-0.2934739162614176,-0.2953473990045544,-0.2973086676255521,-0.2993618612182263,-0.3015113040687301,-0.3037615339476801,-0.3061172959493646,-0.3085835557272824,-0.3111655217759123,-0.3138686445554443,-0.3166986347459748,-0.3196614641038459,-0.3227633922139259,-0.3260109708380722,-0.3294110684003173,-0.3329708786145288,-0.3366979209589059,-0.340600086701883,-0.3446856283065138,-0.3489632024518677,-0.3534418679721861,-0.3581311063436049,-0.3630408558825557,-0.3681815256925227,-0.3735640175040933,-0.3791997429837537,-0.3851006709520986,-0.3912793129848745,-0.3977487972079296,-0.404530489019119,-0.411635084522531,-0.4190745040160915,-0.4268645947707047,-0.4350218995889724,-0.4435637738279218,-0.4525083972033557,-0.4618747991039498,-0.4716829184666261,-0.4819536382937071,-0.4927088278520807,-0.5039714076825843,-0.5157653705276475,-0.5281158449525021,-0.5410491669323542,-0.5545929043913419,-0.5687759410853168,-0.5836285272986087,-0.5991823521185653,-0.6154705983273152,-0.632528026244364,-0.6503910469242973,-0.6690977898460309,-0.6886881980340415,-0.7092400493245069,-0.7307658490355352,-0.7533090300821973,-0.7769177447687432,-0.801642438731022,-0.8275358873357603,-0.854653512549576,-0.8830531761315968,-0.9127959194247026,-0.943944882435346,-0.9765668353652984,-1.0107881111981616,-1.0466378162230814,-1.0841833651330253,-1.123504979724962,-1.1646869973154426,-1.20781727719334,-1.2529881479610545,-1.3003465109954535,-1.3499896245670764,-1.4019821637184884,-1.456435154868571,-1.513465109887572,-1.5732012920461182,-1.635879617143778,-1.701524812621191,-1.770277385299861,-1.8422844912045564,-1.9177985001446851,-1.9969391323003736,-2.0798263955466583,-2.1666377382232067,-2.257734522815562,-2.3531468111458076,-2.4530774675147184,-2.5579072241257625,-2.667739103738574,-2.7827788251694345,-2.9034934796364356,-3.0299246350331175,-3.1624825824309983,-3.301441598181712,-3.4470602068864395,-3.599788268332727,-3.759812824356252,-3.927673927933925,-4.103582507580795,-4.288075594509178,-4.481492130717083,-4.6842644060621925,-4.896973026010382,-5.119932532168284,-5.353795366386929,-5.599071690399591,-5.85623962773942,-6.125953366730337,-6.408922244873465,-6.705669468604413,-7.016887560157469,-7.343301661895764,-7.6857919092026785,-8.045047631500953,-8.421881791223617,-8.817165957020334,-9.231811360524423,-9.666772953932869,-10.123052973905214,-10.60177405372706,-11.103968348870382,-11.630754841114344,-12.183322882240336,-12.762911790748978,-13.370811973593574,2.0,-14.677188007541996,-15.37863444008047,-16.114158516890814,-16.885324417829562,-17.694127776398588,-18.542169841162483,2.0,-20.36315865111547,2.0,2.0,2.0,2.0,-25.74137214836836,-26.977104732823317,2.0,-29.628169823791783,-31.049828087495623,-32.53892833248652,2.0,2.0,2.0,2.0,-41.12025053332438,-43.08916766005465,-45.15179989860859,2.0,-49.57584581703211,-51.94638469608519,-54.429446387472545,-57.030448349948266,-59.75494403323621,-62.608754417040224,-65.59798034107015,-68.72901494669202,2.0,-75.44362391476481,2.0,2.0,2.0,2.0,2.0,-99.75635429776078,-104.50655942083904
0.004347013158125,2.0,2.0,2.0,2.0,2.0,2.0,2.0,2.0,2.0,2.0,2.0,2.0,2.0,2.0,2.0,2.0,2.0,2.0,2.0,2.0,2.0,2.0,2.0,2.0,2.0,-0.2853152434570812,-0.2868091119099833,-0.2883728855275426,-0.2900098560046042,-0.2917234740023683,-0.2935173500828137,-0.2953952652168112,-0.2973611781510604,-0.2994192352171488,-0.3015737734196216,-0.3038293366407098,-0.3061906832208516,-0.3086628005538386,-0.3112508992918244,-0.3139604425821912,-0.3167971551552813,-0.3197670250719302,-0.3228763286248213,-0.3261316381599866,-0.3295398273109831,-0.3331081102507045,-0.3368440319944783,-0.3407554943289087,-0.3448507763649612,-0.3491385470241726,-0.3536278872167711,-0.3583283183992991,-0.363249786403988,-0.368402721458243,-0.373798075990861,-0.3794472647906667,-0.3853622936681212,-0.3915557129950596,-0.3980406686245632,-0.4048317276916185,-0.4119528785278095,-0.4194096453859871,-0.4272179032985726,-0.4353942302466465,-0.4439560404946923,-0.4529215088973972,-0.4623097966814197,-0.4721408209494214,-0.482435525014201,-0.4932158376179741,-0.5045047215589696,-0.5163262410937657,-0.5287055764175009,-0.5416691264272497,-0.5552445233649184,-0.5694607205330555,-0.5843480389987125,-0.5999382378512661,-0.6162645835846168,-0.6333619154996583,-0.6512667299142183,-0.6700172467607048,-0.6896535018276791,-0.7102290483648708,-0.731803907839027,-0.7543984678997778,-0.7780609992478423,-0.802842058568503,-0.8287945189926657,-0.8559740805015841,-0.8844385131677648,-0.9142489959275976,-0.9454690008128376,-0.9781653607165256,-1.012422972214013,-1.0483522461867227,-1.0859811332137823,-1.1253899500283706,-1.166663402417332,-1.2098895056930965,-1.2551606771204733,-1.302573840694906,-1.35231623346745,-1.4044210367167107,-1.45899160141419,-1.516144738883048,-1.5760028586003891,-1.6387460906967837,-1.7045290320492397,-1.773425873735171,-1.845584084214088,-1.9211632248280328,-2.000465155599803,-2.083521225769635,-2.170509698014868,-2.2616794168247822,-2.357280629379235,-2.457408627808311,-2.5623163437992473,-2.672358793633942,-2.787612045039087,-2.908416471514501,-3.0350824563030185,-3.167746804750713,-3.306932689741292,-3.452734188256459,-3.605628428784737,-3.765867796363043,-3.933878954912924,-4.109985404417792,-4.294661142728814,-4.488205624955676,-4.6912458208663015,-4.904029734026564,-5.127226714284232,-5.361257509994374,-5.606595261296483,-5.863981699123259,-6.133886701136674,-6.416896389932973,-6.713702809681959,-7.025102766526115,-7.351677280941437,-7.694185174731978,-8.053420858943252,-8.430224618819128,-8.825565824840943,-9.240252055864458,-9.675231085605706,-10.131500794192252,-10.610104284432458,-11.112131377415244,-11.638720003009963,-12.19109117242104,2.0,-13.37835938275206,-14.015815892413944,-14.684339634482404,-15.385388825994308,-16.12062286631047,-16.891758398034785,2.0,-18.54776744331235,-19.436635974230256,-20.368347278224515,-21.3449411269545,-22.368912975635,-23.44182649723335,-24.566735557712377,-25.74529071860704,2.0,-28.275160424662737,-29.63131694841745,2.0,-32.54192420977599,2.0,-35.73643509005393,2.0,-39.243197060504066,-41.12236762946208,-43.09107063983905,-45.153519521539714,2.0,2.0,-51.9479802115377,2.0,-57.031811750578576,-59.75619699836344,-62.60990929089329,2.0,-68.73000355813328,-72.0094744351961,-75.44447755718298,2.0,2.0,2.0,-90.8919192410496,2.0,-99.75706145421888,-104.50722247102097
0.0042230686436901,2.0,2.0,2.0,2.0,2.0,2.0,2.0,2.0,2.0,2.0,2.0,2.0,2.0,2.0,2.0,2.0,2.0,2.0,2.0,2.0,2.0,2.0,2.0,2.0,2.0,-0.2853386547225678,-0.2868359417212028,-0.2884032934389862,-0.2900440082212083,-0.2917615553367296,-0.2935595438784884,-0.2954417655203776,-0.2974121868754992,-0.2994749703555628,-0.3016344573612513,-0.3038952037930939,-0.3062619815416649,-0.3087397801934294,-0.3113338320070908,-0.3140496173884128,-0.3168928552872811,-0.3198695714681692,-0.322986040686348,-0.3262488489883632,-0.3296649042877598,-0.3332414210595694,-0.3369859648344244,-0.3409064553148388,-0.3450111966196199,-0.3493088769544428,-0.3538086005041592,-0.3585198892021479,-0.3634527463653051,-0.3686176125259628,-0.374025445499576,-0.3796877151999243,-0.3856164407476171,-0.3918242056492036,-0.3983241891807919,-0.4051301967691358,-0.4122615779785845,-0.4197352149772347,-0.4275610910679839,-0.4357559280311038,-0.4443369978485023,-0.4533228583523537,-0.462732375784467,-0.4725856380649879,-0.4829036389999525,-0.4937083539360289,-0.5050227991345111,-0.5168710828824459,-0.5292784568663605,-0.5422713672024668,-0.5558775211864376,-0.5701259305197945,-0.5850469866814747,-0.6006725222829008,-0.6170358769042245,-0.6341719740963574,-0.6521173861810805,-0.6709104267026441,-0.6905912192133418,-0.7112017920667322,-0.7328123000755764,-0.7554567740208424,-0.7791715830364692,-0.8040073948438495,-0.8300171924132451,-0.8572568304367272,-0.8857841630168939,-0.9156605453243746,-0.946949562137617,-0.979718203371949,-1.014036534126396,-1.0500176836079838,-1.0877275272065396,-1.127221297940108,-1.1685833143640914,-1.211902514553531,-1.2572710653616923,-1.304786306193152,-1.354576462920827,-1.4067902198126412,-1.4614749953228463,-1.51874782054707,-1.578731154386278,-1.6415536884794228,-1.7074474048247168,-1.7764843070754075,-1.848789391619953,-1.924517167050756,-2.003890427413231,-2.0871106732422096,-2.1742708406317712,-2.2655577032832896,-2.3612960732141226,-2.4616160362301276,-2.566685974703636,-2.6768464554246916,-2.7923139873460494,-2.91324922675838,-3.0400929214073447,-3.1729960453342247,-3.312266909668164,-3.4583225928613266,-3.611301665420232,-3.771811165515359,-3.9399225714211137,-4.116300196256642,-4.301058578773759,-4.494907366478499,-4.698027821640992,-4.911058588859442,-5.134407549508236,-5.368517665911212,-5.614145637194458,-5.87163759898062,-6.14159347611701,-6.424824970188401,-6.72181672744977,-7.03324505780273,-7.359833234652033,-7.702473391096623,-8.061837079977845,-8.438738122837178,-8.83404578665034,-9.248670636366018,2.0,2.0,-10.618391001657333,-11.120380536511371,-11.646914750077023,-12.19918499620026,-12.778434462098092,-13.38595921934059,-14.023131971573893,-14.691504340132662,2.0,-16.127491866204277,2.0,-17.706318437672333,-18.553857747624377,-19.44228540464513,-20.373600084775696,2.0,-22.37355570200569,-23.446567770215218,-24.57084223119441,-25.749510072251788,-26.984297863632523,-28.278735549373728,2.0,-31.055704375898184,-32.544868760901686,2.0,-35.738979644439134,-37.45137653095825,-39.24546798529163,2.0,-43.09310257410319,-45.155349661260665,-47.31574847353125,-49.57889008302706,-51.94953579187988,-54.43250807757355,-57.033250598486354,-59.75751659234336,-62.61112339871973,-65.6001677348146,-68.73103959671256,-72.01043502573923,-75.44537011008944,2.0,2.0,-86.75867712110703,2.0,-95.22265110390506,-99.7577974274445,2.0
0.0041026581058271,2.0,2.0,2.0,2.0,2.0,2.0,2.0,2.0,2.0,2.0,2.0,2.0,2.0,2.0,2.0,2.0,2.0,2.0,2.0,2.0,2.0,2.0,2.0,2.0,2.0,-0.2853613976886939,-0.2868620082489568,-0.2884328377597911,-0.2900772016039634,-0.2917985630142673,-0.293600548743727,-0.2954869568356235,-0.2974617660465465,-0.2995291385257044,-0.3016934319006253,-0.3039592166318256,-0.3063312695416121,-0.3088145953944829,-0.3114144354941236,-0.3141362721119827,-0.3169858627555165,-0.3199692268275794,-0.3230926549512208,-0.3263627601465483,-0.3297864561374683,-0.3333709679359011,-0.3371238903088046,-0.3410531533939511,-0.3451670902455449,-0.3494743906996068,-0.3539841951825327,-0.3587060443249011,-0.3636499563579901,-0.3688264063457688,-0.374246372369231,-0.3799213504244955,-0.385863383361162,-0.3920850855152314,-0.3985996576372301,-0.4054209568461431,-0.4125634552728301,-0.4200512964814641,-0.4278943392357673,-0.4361070917079291,-0.4447070782875334,-0.4537125258649356,-0.4631426873789232,-0.4730175488676695,-0.4833581832344981,-0.494186599717948,-0.505525875339285,-0.5174001614182351,-0.5298347664304144,-0.5428562023437442,-0.556492231843147,-0.5707719319269143,-0.5857257614864116,-0.6013856224892851,-0.6177849287653189,-0.6349586797128353,-0.6529435321313701,-0.6717778786466713,-0.691501927257905,-0.7121578200525613,-0.7337908435765363,-0.7564838014357432,-0.7802493907048296,-0.8051383907813097,-0.8312038246848111,-0.8585018764729883,-0.8870904141372244,-0.9170306404357286,-0.9483866747064322,-0.9812255975185836,-1.0156174834453415,-1.0516359134123532,-1.0894215362579398,-1.1289976701469446,-1.1704461083593865,-1.2138555090510743,-1.2593186789034403,-1.30693305380974,-1.3568001084555903,-1.4090871865528334,-1.4638829053985207,-1.5212719300797144,-1.5813770741690871,-1.6443269348638934,-1.7102752505795813,-1.7794483743020666,-1.8518959554521517,-1.9277727580814552,-2.007242148350403,-2.090587095843484,-2.1779142542838974,-2.269375899475287,-2.365182656478526,-2.465689036979245,-2.570954272509738,-2.6812038103036344,-2.7968629824020796,-2.918016189945402,-3.044936600272167,-3.1780719686311425,-3.3175121013254896,-3.463722011749634,-3.616953290179388,-3.777549307303979,-3.945935489634984,-4.122392061101377,-4.307431681636701,-4.50136777471399,-4.704706995529946,-4.917901868646787,-5.14135088510832,-5.375758248835383,-5.621446479295575,-5.879070678407517,-6.149283270478606,-6.432570511086851,-6.729594775249723,-7.041215119794421,-7.367979065510217,-7.710638853460333,-8.069986924719457,2.0,-8.842295928785255,-9.256977339633517,-9.69190569864551,-10.148077101351888,-10.626535626002962,-11.128370085085022,-11.654741826922583,-12.206912372142302,-12.786057142012458,-13.393468286629062,-14.030503102525234,-14.69857525622242,-15.399155145782109,-16.133881346735667,-16.90446907172592,-17.7124193066009,-18.559439871651644,-19.447573249750956,-20.37883954465062,-21.354828371277677,-22.37815312923145,2.0,-24.574809814339996,-25.753056154305,2.0,2.0,-29.637791276593745,2.0,-32.54711022790141,-34.107096322510365,-35.74107699690322,-37.45313081318784,-39.246994812188554,2.0,-43.09458234021152,-45.15659488751337,-47.31679338393284,-49.57976199780655,-51.95031411186952,2.0,-57.0340355122972,-59.75816557348299,-62.61165218825267,-65.60058984452621,2.0,2.0,-75.4455347028696,-79.04329101185121,-82.81164520027579,2.0,-90.89275839997802,2.0,-99.75778131460478,-104.50784385597682
0.0039856807817837,2.0,2.0,2.0,2.0,2.0,2.0,2.0,2.0,2.0,2.0,2.0,2.0,2.0,2.0,2.0,2.0,2.0,2.0,2.0,2.0,2.0,2.0,2.0,2.0,2.0,-0.2853834919821817,-0.2868873270176831,-0.2884615354426638,-0.2901094361358011,-0.2918345023123089,-0.2936403643365163,-0.2955308409634055,-0.2975099052781837,-0.299581737037498,-0.3017507027682192,-0.3040213769241249,-0.3063985488067728,-0.3088872426149961,-0.3114926981126145,-0.3142204268529398,-0.3170761809228796,-0.3200659995562132,-0.3231961955008945,-0.3264733754537268,-0.3299044893846197,-0.333496770337269,-0.3372578294854993,-0.341195615642476,-0.3453184745782262,-0.3496351300113554,-0.354154721986358,-0.3588868363382148,-0.3638414845821639,-0.369029178573895,-0.3744609356989021,-0.3801482489840733,-0.3861032131246678,-0.3923384554968352,-0.3988672160639276,-0.405703363528505,-0.4128614177853821,-0.4203585220571401,-0.4282182185853098,-0.4364484345200329,-0.4450666733596928,-0.454091281736713,-0.463541454726634,-0.4734373088259879,-0.4837999322211947,-0.4946513760269849,-0.5060147647287307,-0.5179143108978016,-0.5303753732264781,-0.5434245208620012,-0.5570895700303418,-0.5713996678102731,-0.58638533431811,-0.6020785403596787,-0.6185127727914888,-0.6357231022519589,-0.6537462677350747,-0.6726207421960713,-0.6923868256608043,-0.7130867283046514,-0.7347646630322131,-0.7574824883492111,-0.7812974103895242,-0.8062380795306443,-0.8323577913291272,-0.8597123656074179,-0.8883601625194246,-0.9183626585069624,-0.9497839157117718,-0.9826909782264568,-1.017154287469166,-1.0532475409225857,-1.0910694569183208,-1.1307257027178974,-1.172257945121373,-1.2157551220350906,-1.261310283086712,-1.3090208235810332,-1.3589890177046997,-1.4113228219104923,-1.4662264099625015,-1.5237283190415762,-1.583951694996329,-1.6470254249731002,-1.7130845031438775,-1.7823346156330482,-1.854920714832602,-1.9309427600095157,-2.0105639395622164,-2.093974274010118,-2.1814634932961687,-2.273094997203857,-2.3690649484436546,-2.4696593793459045,-2.575114236334051,-2.6855626788477363,-2.8013001104322584,-2.9226650720831304,-3.0497770950503114,-3.1830257222732916,-3.3227020063035293,-3.4689958746928236,-3.622478209448517,-3.783229362943126,-3.951811431221043,-4.128452065388348,-4.313674296264166,-4.507774687035018,-4.711332569271662,-4.924618003734284,-5.148374010482307,-5.38285696397444,-5.628740041687794,-5.886576956554001,-6.156850895976382,-6.440308271322169,-6.737570319911829,-7.049236472603395,-7.376027936026527,-7.718841662765855,-8.078347534961278,-8.455349997137082,-8.850717646465894,-9.265359647901608,-9.700279238507475,-10.15648763530133,-10.63495974191756,-11.136786925177784,-11.663110215805268,-12.215121999367838,-12.79406761281204,2.0,2.0,2.0,-15.406533403765945,-16.141068715647016,2.0,-17.718830187092113,-18.56578440432957,-19.453712812887556,-20.384431456063332,-21.36036144167606,-22.383370241705737,-23.455476240116173,-24.579565526518344,-25.75728375285481,2.0,-28.285503549123753,-29.64132433266746,2.0,-32.55021088629951,2.0,-35.74405788498244,-37.45576505328731,-39.249323675237136,2.0,-43.09689815673394,-45.15868788091847,-47.31867568249304,2.0,-51.95185960975776,-54.43489311746164,2.0,2.0,-62.61300273815888,-65.60183110450555,-68.73251089718899,-72.01173427891597,-75.44651471925886,-79.04420077182458,-82.81249156353573,2.0,2.0,-95.2235004398435,-99.75858199905444,2.0
0.0038720387818125,2.0,2.0,2.0,2.0,2.0,2.0,2.0,2.0,2.0,2.0,2.0,2.0,2.0,2.0,2.0,2.0,2.0,2.0,2.0,2.0,2.0,2.0,2.0,2.0,2.0,-0.2854049586876194,-0.2869119235806407,-0.2884894108197212,-0.29014074888254,-0.2918694157466712,-0.2936790506324186,-0.2955734690940168,-0.2975566723718378,-0.299632830542056,-0.301806335195599,-0.3040817614579706,-0.306463910140046,-0.3089578135976852,-0.3115687279763557,-0.3143021728725238,-0.3171639194772701,-0.3201600037914598,-0.3232967678095359,-0.326580834933644,-0.3300191479028626,-0.3336189763008339,-0.3373879390451733,-0.3413340095014242,-0.3454655406418444,-0.3497912748500461,-0.3543203785821147,-0.3590624562111117,-0.3640275435926084,-0.3692261738892322,-0.3746693696162766,-0.3803686705256114,-0.3863361935938157,-0.3925845851181754,-0.3991271133299387,-0.4059776996832589,-0.4131508657269865,-0.4206618691259371,-0.4285328261850464,-0.4367799816338797,-0.4454159936064447,-0.4544591852069184,-0.4639288307811533,-0.4738450816015345,-0.4842290566990072,-0.4951028656906755,-0.5064896864434256,-0.5184137703001193,-0.530900534939785,-0.5439765987758584,-0.5576698402731225,-0.5720094656214493,-0.5870260597046619,-0.6027516606374216,-0.6192198189994693,-0.6364656848538803,-0.6545260648366596,-0.6734395218649829,-0.6932464332158561,-0.7139890980978704,-0.7357117984638025,-0.7584609982574102,-0.7823154876252386,-0.8073063501109599,-0.833478632120981,-0.8608882667703968,-0.8895938404841077,-0.9196566738598994,-0.951141110127294,-0.9841144131281766,-1.0186471816756526,-1.054813120309905,-1.0926896020337429,-1.1324043615167627,-1.174018014404894,-1.217600459877506,-1.2632449278887914,-1.311049070608349,-1.3611151686505782,-1.4135503449123104,-1.4685029554973423,-1.5261145269036336,-1.5864527574857097,-1.6496467447843215,-1.7158318510184318,-1.785149628842806,-1.857859059090879,-1.9340221859286533,-2.013790828111189,-2.097335737636486,-2.1849115530170544,-2.2767080528973715,-2.3728507164006665,-2.473545386139718,-2.579155686022878,-2.6897970286081345,-2.805677240306909,-2.9271811561248677,-3.054508464579536,-3.1878655617415257,-3.3277436647360465,-3.4742745732544034,-3.6278453142632654,-3.7888520843402897,-3.957519423386867,-4.134431748737496,-4.3197386106797975,-4.514127497281991,-4.717768504671709,-4.93135979108262,-5.155196377166277,-5.389886875653775,-5.63596370616759,-5.893869435338969,-6.164399075314473,-6.448008885257065,-6.745322591920257,-7.057158423047888,-7.384164007088382,-7.727031196456877,-8.086550903335894,-8.463622579808533,-8.859115113945013,-9.273860314641263,-9.708808189217155,-10.164955062647604,-10.643342776516649,-11.145070245580666,2.0,2.0,-12.802213735398436,-13.409320644228323,-14.0460091104092,-14.713698503893877,-15.413867692583793,-16.14816057439227,-16.918251697293364,-17.725701025652228,-18.57224448343477,-19.459744888822183,-20.390453184949287,-21.36604212819697,-22.38855886717805,-23.460730694402287,-24.584198958532884,-25.76198801509228,-26.996096835767627,2.0,-29.64494308693131,-31.065522662286476,2.0,-34.11294934355438,-35.74701764107987,2.0,2.0,2.0,-43.0991805942755,-45.16093060017147,2.0,-49.5832742467279,2.0,-54.43640147662891,-57.03719196111205,2.0,2.0,-65.60313868000748,2.0,-72.01284435465517,-75.44754159431794,2.0,2.0,-86.7602765793822,-90.89430316774808,-95.2242885398872,-99.75940336220634,-104.50937259579722
0.0037616370072543,2.0,2.0,2.0,2.0,2.0,2.0,2.0,2.0,2.0,2.0,2.0,2.0,2.0,2.0,2.0,2.0,2.0,2.0,2.0,2.0,2.0,2.0,2.0,2.0,2.0,-0.2854258120731341,-0.2869358200989031,-0.2885164958101527,-0.2901711727917796,-0.2919033264687286,-0.2937166299959395,-0.2956148852673786,-0.2976021033921874,-0.299682471919813,-0.3018603799602332,-0.30414042130408,-0.3065274035159576,-0.3090263695677094,-0.3116425873325763,-0.3143815818564535,-0.3172491439090836,-0.3202513268793069,-0.3233944705864633,-0.3266852217547143,-0.3301305308272542,-0.3337376953746588,-0.3375143367219633,-0.3414684534746,-0.3456084038982216,-0.3499429606451018,-0.354481306033145,-0.3592330590886212,-0.3642082824939338,-0.3694175326984431,-0.3748718466795268,-0.3805828035082875,-0.3865625169240723,-0.3928236847007497,-0.3993796041501222,-0.4062441953256535,-0.4134320447021343,-0.4209584230268879,-0.4288393441658357,-0.437102103692893,-0.4457553351939844,-0.4548165813325344,-0.4643051392774882,-0.4742411984804604,-0.484645919412266,-0.4955414606087425,-0.5069510388117604,-0.5188989553666953,-0.5314106907240049,-0.5445129037030996,-0.5582335350842937,-0.5726018434010883,-0.5876484837259157,-0.6034055499188474,-0.619906666465322,-0.6371870494833237,-0.65528358622064,-0.6742349071029434,-0.69408146757423,-0.7148656835233868,-0.7366319129588249,-0.7594266592415733,-0.7833044763965811,-0.8083440970549789,-0.8345674492433615,-0.8620305728532304,-0.8907921676908044,-0.9209137148746332,-0.9524596103193048,-0.9854972979703706,-1.0200974218956405,-1.0563339699472056,-1.09428443818044,-1.1340350622605433,-1.175727796188305,-1.2193930766005965,-1.2651242978550226,-1.3130193082960169,-1.363180574392302,-1.4157154284863824,-1.47073628370762,-1.5284324889486878,-1.5888823666126708,-1.6521932494876597,-1.7185007133421335,-1.787946680887391,-1.8607134586493463,-1.937013499284656,-2.0169255316452084,-2.100620483873193,-2.188277961014427,-2.2802177930815937,-2.3765283346593207,-2.477398682126346,-2.5830816146323348,-2.6939103648258684,-2.809987035023193,-2.93156823928801,-3.059105007335164,-3.1926811515987983,-3.332641313347714,-3.4794058457540413,-3.633120666168771,-3.79431420749923,-3.963206127675464,-4.14024064402745,-4.325808035739655,-4.520298651639423,-4.724187904417223,-4.937909282971262,-5.161928551790579,-5.396829597416431,-5.6429808664760035,-5.901186981205779,-6.171819259425546,-6.455515366092425,-6.753093902004329,-7.065046646137302,-7.392092977875175,-7.735100863793198,-8.094805217457118,-8.471969799403272,-8.867460360141353,-9.282184898342242,-9.717197245477168,-10.173412099554614,-10.651844953139063,-11.153586198899134,-11.67977628219634,-12.231608441449795,-12.810328091315265,-13.417269540804604,-14.0538603876024,-14.721451730896462,-15.42152231586589,-16.15562111344018,-16.925360196928928,-17.732439248269653,-18.57884059061774,-19.466261174847418,-20.396521709514587,-21.371705161055157,-22.39425816358185,-23.46588696049661,2.0,-25.766688229633104,-27.000520925983807,-28.293854230857683,2.0,-31.069034128889093,-32.55724624802526,-34.11616355274205,-35.74990179084215,-37.46162404377179,2.0,-41.1331353056665,2.0,-45.16324979839306,2.0,-49.58520466486401,-51.95524229911199,2.0,2.0,2.0,2.0,-65.60451731105215,2.0,-72.01401065263553,2.0,-79.0461501235124,-82.81430151547436,2.0,-90.89510440981584,2.0,-99.76020414614553,-104.51018558830212
0.0036543830709572,2.0,2.0,2.0,2.0,2.0,2.0,2.0,2.0,2.0,2.0,2.0,2.0,2.0,2.0,2.0,2.0,2.0,2.0,2.0,2.0,2.0,2.0,2.0,2.0,2.0,-0.2854460687461871,-0.2869590345826841,-0.2885428072082973,-0.2902007236748385,-0.2919362803927756,-0.293753132343474,-0.2956551179608259,-0.2976462370712645,-0.2997306925370873,-0.3019128810189577,-0.3041974061628584,-0.3065890824996981,-0.3090929688721733,-0.3117143387412353,-0.3144587320246823,-0.3173319417958046,-0.3203400433729154,-0.3234893880014416,-0.3267866263677749,-0.3302387410879499,-0.3338530226538555,-0.3376371255109677,-0.3415990485622366,-0.3457471846026128,-0.3500903128618016,-0.3546376349335161,-0.3593987936422512,-0.3643838606390151,-0.3696034250767798,-0.3750685422982184,-0.3807908089428369,-0.3867823743462756,-0.3930559533685798,-0.399624861830127,-0.4065030784537375,-0.4137051879559754,-0.4212465038816964,-0.4291430706359461,-0.4374149798649581,-0.4460849791430045,-0.4551637675958239,-0.4646706969513879,-0.4746259997888707,-0.4850508734824976,-0.4959675258998104,-0.5073992107314362,-0.5193702881157399,-0.5319062720437479,-0.545033886690269,-0.5587811233213669,-0.5731772995091946,-0.5882531227796337,-0.6040407563124534,-0.6205738883646701,-0.6378878061604016,-0.6560194630420191,-0.6750075700592307,-0.6948926695872917,-0.7157172262123433,-0.7375257190471542,-0.7603647315103896,-0.7842830576462368,-0.8093521993012999,-0.8356251600410957,-0.8631401414857495,-0.89195625987519,-0.9221348067282422,-0.9537404012650228,-0.9868406167860952,-1.0215062297451,-1.057811369243022,-1.0958336791152778,-1.135654479339539,-1.177388740418898,-1.2211344812921818,-1.2669499767475765,-1.3149332422943656,-1.365186975352049,-1.417818659645342,-1.472940931313527,-1.530684380065235,-1.5912425682658342,-1.6546669705998498,-1.7210933280917675,-1.790663669554318,-1.8635273726654156,-1.9399192727085997,-2.0199704787306523,-2.1038115601422023,-2.191621812788083,-2.283627180298299,-2.3801009031318676,-2.4811422181362732,-2.5869675560878895,-2.69790630921789,-2.8141737231034005,-2.9359465320401603,-3.0635698821230375,-3.197359104936576,-3.3374836910293357,-3.484390353122554,-3.6383426587897194,-3.799620327479357,-3.968764897918784,-4.145919979031311,-4.331719570954627,-4.52635680184953,-4.730468183040841,-4.944312447754904,-5.168593412705714,-5.403574057843696,-5.650030446528745,-5.908327853449386,-6.179102852286529,-6.463066068683302,2.0,-7.072768748191495,-7.400053972906747,-7.743168643456483,-8.102901201320114,-8.480147173016551,-8.875792154735125,-9.29064902139324,-9.725667741414188,-10.18184272887564,2.0,-11.161949434594508,2.0,-12.23996825590896,-12.81865664264158,-13.425518141373418,-14.061916546073212,-14.7292744985816,2.0,-16.163011087295423,-16.932641066156275,-17.739609419651583,-18.58567105972411,-19.472652902082913,2.0,-21.377849073974016,-22.39987265754499,-23.47128079145193,-24.59446275894565,-25.771384057927236,-27.005286478141983,-28.29800996206612,-29.653177583942924,-31.07280167843697,-32.56079808643032,2.0,2.0,-37.464548932784695,-39.25750209798457,-41.135725680983576,-43.10369138060273,2.0,2.0,-49.587267457669654,-51.95709843766337,2.0,-57.0402362724504,-59.76433076975731,-62.617519575536285,2.0,2.0,2.0,-75.44974966030738,2.0,-82.81527032628051,-86.76203655139214,-90.89594161481396,-95.22583497342052,2.0,2.0
0.0035501872199642,2.0,2.0,2.0,2.0,2.0,2.0,2.0,2.0,2.0,2.0,2.0,2.0,2.0,2.0,2.0,2.0,2.0,2.0,2.0,2.0,2.0,2.0,2.0,2.0,2.0,-0.2854657489508489,-0.2869815875675014,-0.2885683662940508,-0.2902294353334934,-0.2919682866259899,-0.293788593356329,-0.2956942007011955,-0.2976891116579966,-0.2997775366813618,-0.3019638841718597,-0.3042527637750933,-0.3066490004449728,-0.3091576660574163,-0.3117840416767481,-0.3145336741748299,-0.3174123761391976,-0.3204262243837422,-0.3235815888216514,-0.3268851361091348,-0.3303438577059007,-0.3339650560572683,-0.3377564019837732,-0.3417259200301668,-0.3458820021212586,-0.3502334570438468,-0.3547895072261654,-0.3595597866349943,-0.3645544242266202,-0.3697840018359928,-0.3752596163131965,-0.3809928762859292,-0.3869959506536641,-0.393281587149884,-0.3998631236348443,-0.4067545659064572,-0.4139705149065935,-0.4215263540162599,-0.4294381107836157,-0.4377226366022241,-0.4464052073942599,-0.4555010391381049,-0.4650258080867265,-0.4749997958049381,-0.4854442610712519,-0.4963814171121744,-0.5078345795071066,-0.5198281517901886,-0.5323876933393727,-0.5455399866793382,-0.559313065823655,-0.5737363121198638,-0.5888404891607837,-0.6046578180119265,-0.6212220523811942,-0.6385685433118136,-0.6567343180479568,-0.6757581576017276,-0.6956806847801374,-0.7165444417022608,-0.7383939906127164,-0.7612760049431858,-0.7852393681017023,-0.810335285915595,-0.8366526548097635,-0.8642182130000353,-0.8930870968740241,-0.9233210146431428,-0.9549846031589804,-0.988145560085652,-1.0228747912272689,-1.0592465630254102,-1.0973386610053102,-1.1372325563500862,-1.1790135790290996,-1.2228259263655394,-1.26872350890813,-1.3167925335692503,-1.3671360599387117,-1.4198618071958689,-1.475082589500819,-1.5329166030791153,-1.593535349247038,-1.6570700277166963,-1.7236118898031791,-1.79330335755697,-1.866293605386145,-1.94274221027666,-2.0229288595640673,-2.1069115789838087,-2.194870090765662,-2.286992919333328,-2.3835714254196185,-2.484778554812085,-2.5907776829006326,-2.701795775386336,-2.818240793960834,-2.9402077611874446,-3.067950046785334,-3.201903622476729,-3.342244890666708,-3.489233263042909,-3.6434155053803,-3.804899821003622,-3.974164909744954,-4.151577054551111,-4.337462280769877,-4.532372736314047,-4.736569113531711,-4.950703419091083,-5.175067948964613,-5.410321921594045,-5.656893737872089,-5.915349840978657,-6.186369354548756,-6.470401646354337,-6.7682418504859925,-7.080514457126005,-7.407851883332952,-7.751071885411213,-8.111015741963909,-8.488384766474619,-8.884043268217683,-9.2989011099689,-9.734032678483915,-10.190306453573598,-10.668754349097592,-11.17046568400889,-11.696580198212745,-12.24829012344296,-12.826857429899166,2.0,-14.069993744235727,-14.737273442960722,-15.436989751977244,-16.17069741668597,2.0,-17.746654659357723,-18.592555056670044,-19.479464872049775,-20.409237522641956,2.0,-22.405768273292843,-23.476993040174897,-24.599603597311887,-25.776589515737857,2.0,-28.302638672830412,-29.657275523506524,2.0,-32.56435953051256,2.0,-35.75627947798628,-37.46745655608207,-39.26047727292804,-41.13853329174177,-43.106162854679475,-45.167724873704785,-47.32742648857693,-49.58947660254609,-51.959079122787195,-54.44144695922936,2.0,-59.76583577258192,-62.61908941788319,2.0,-68.73772197764991,-72.01652906896393,2.0,-79.04829259528236,-82.81628556565327,-86.76297798703014,-90.89681642745748,2.0,-99.7617466609455,-104.51179002856176
0.0034489622604057,2.0,2.0,2.0,2.0,2.0,2.0,2.0,2.0,2.0,2.0,2.0,2.0,2.0,2.0,2.0,2.0,2.0,2.0,2.0,2.0,2.0,2.0,2.0,2.0,2.0,-0.2854848692961015,-0.2870035002468326,-0.2885932055797876,-0.2902573329051688,-0.2919993980718531,-0.2938230688001013,-0.2957321883504397,-0.2977307820090313,-0.2998230676153424,-0.3020134534750148,-0.3043065666451814,-0.3067072370774724,-0.3092205475101477,-0.3118517856022893,-0.3146065125558285,-0.3174905410097498,-0.3205099838379931,-0.3236711966448564,-0.3269808734772821,-0.330446013896407,-0.3340739373893641,-0.3378723216042387,-0.341849211875966,-0.3460130242679659,-0.3503725627486889,-0.354937084594232,-0.3597162423670795,-0.3647201688698089,-0.3699594851890608,-0.3754452892545171,-0.3811892263639671,-0.3872034840612,-0.3935008327093798,-0.4000946486563239,-0.4069989296084584,-0.4142283401295174,-0.4217982676773454,-0.4297247966949516,-0.4380247446901762,-0.4467160894805812,-0.4558284876587157,-0.46537059192709,-0.4753627462595315,-0.4858262194277115,-0.4967832938744472,-0.5082573137310649,-0.5202727413496753,-0.5328551688006689,-0.5460314326368645,-0.5598296199116471,-0.5742791602010823,-0.5894108747762152,-0.6052570507736892,-0.621851497262866,-0.639229631427266,-0.6574285482187052,-0.6764871013781272,-0.6964459285063551,-0.7173478202520122,-0.739237251603645,-0.7621610388857706,-0.7861681536486602,-0.8113098938954898,-0.8376497533315751,-0.8652643435764646,-0.8941845802475809,-0.924472285247104,-0.9561922081867732,-0.9894121688565048,-1.0242031988215885,-1.0606396980302668,-1.0987995889050373,-1.138764486909834,-1.180619879734886,-1.2244669812350306,-1.2704438453185936,-1.3185961963378372,-1.3690269629813028,-1.4218440840080433,-1.47716043540981,-1.535094815880455,-1.5957707851972711,-1.6593998607148168,-1.7260539633468968,-1.7958629432422395,-1.86897626853075,-1.9455501804364028,-2.0257953655928542,-2.1099157599079037,-2.198018541155494,-2.29029232459324,-2.3869346657588193,-2.4883008484815186,-2.5944684978635344,-2.705663598623274,-2.8221775430974168,-2.9443330482261585,-3.0722728385448543,-3.2062996086026914,-3.346851286590996,-3.4940589018231516,-3.6483197897123416,-3.8100391788923855,-3.979416971983732,-4.15704323579347,-4.343119019943642,-4.538181283617296,-4.742600835981473,-4.956869595580661,-5.181440730147813,-5.416860576512566,-5.663570045858503,-5.922275776441006,-6.193361499175762,-6.477641960397376,-6.775629800424611,-7.087952811508232,-7.415521580941862,-7.758909216522703,-8.118882494266048,-8.496323497762525,-8.892152127563344,-9.307154442695326,-9.742278766403428,-10.198517966546458,2.0,-11.178704482696851,-11.70484384282129,-12.256555457241586,-12.835087278984588,-13.441744176677783,-14.07789129038085,-14.744952831784342,-15.44448207568028,-16.178063465111777,-16.94725586336358,-17.753755716257537,-18.59933043669824,-19.48581742978955,-20.415319600263192,2.0,2.0,-23.482127486813777,-24.604753411985367,2.0,-27.014299727803852,-28.306821403082868,-29.66103918371665,-31.080554785367667,2.0,2.0,2.0,-37.46998056621729,-39.262717882993975,-41.14087842875147,-43.10817378296735,-45.16940744418902,-47.32896447456589,-49.59110576157191,2.0,-54.44264174496027,-57.04285512611938,-59.76666904735617,2.0,2.0,-68.73847185091077,2.0,2.0,-79.04868978049183,-82.81658946045907,-86.76319853887593,-90.89696188371543,-95.22672697555596,-99.76176257554312,2.0
0.0033506234845336,2.0,2.0,2.0,2.0,2.0,2.0,2.0,2.0,2.0,2.0,2.0,2.0,2.0,2.0,2.0,2.0,2.0,2.0,2.0,2.0,2.0,2.0,2.0,2.0,2.0,-0.2855034426653438,-0.2870247829843645,-0.2886173252311899,-0.290284428947505,-0.2920296078446591,-0.2938565380507049,-0.2957690725435664,-0.2977712439915425,-0.2998672750016978,-0.3020615892199875,-0.3043588100754521,-0.3067637854663835,-0.3092816036985917,-0.3119175617816982,-0.3146772362058935,-0.3175664458950986,-0.3205913105247802,-0.3237582106103557,-0.3270738394138891,-0.3305452032960906,-0.3341796627968304,-0.3379848893441454,-0.3419689376810946,-0.3461402519881892,-0.3505076472830304,-0.3550803981369692,-0.359868172185173,-0.3648811285658082,-0.3701298992096057,-0.3756256071393815,-0.3813799145833361,-0.3874050363524418,-0.3937137610953826,-0.4003194934781602,-0.4072362461921179,-0.4144787377571375,-0.4220623579674994,-0.4300032159358086,-0.438318223551355,-0.4470250448413433,-0.4561467630182955,-0.4657057111871506,-0.4757155039136917,-0.4861974522194644,-0.4971738793346776,-0.5086681697801579,-0.5207048212936363,-0.5333094816247481,-0.5465090320378931,-0.5603316088414958,-0.5748066942088476,-0.5899651654426263,-0.6058393617153469,-0.6224631582796604,-0.6398720315905921,-0.658103145420283,-0.6771954201050493,-0.697189622403373,-0.7181283666959497,-0.7400566265686525,-0.7630209928863861,-0.7870706107671116,-0.8122568561662669,-0.8386335810145528,-0.8662816075460621,-0.8952517351131624,-0.9255916924896606,-0.9573663436237428,-0.99064362450015,-1.0254946904819444,-1.061994068827372,-1.1002198184279408,-1.140253695494024,-1.18218133327285,-1.2260924172771772,-1.27211753180848,-1.3203507387047446,-1.370866239697546,-1.4237721016589102,-1.4791816416852894,-1.5372132571617074,-1.5979912139560222,-1.6616676428639412,-1.7284306971836056,-1.7983538375959331,-1.8715867317997323,-1.948286137952792,-2.0286162442854687,-2.1128411075472657,-2.2010838795762315,-2.293504474591078,-2.3903004857754273,-2.4917325454438632,-2.59806450247185,-2.7094310708015876,-2.826070703873381,-2.948354345654205,-3.0764860071472926,-3.2106850147112236,-3.3513443753255814,-3.498766084207414,-3.653169005866161,-3.815054443592479,-3.9846712786611658,-4.1623816743077855,-4.348711684169298,-4.5438660417267505,-4.748548148748254,-4.962932062686504,-5.1877590581747555,-5.423267096009268,-5.6702747358780545,-5.929060409336272,-6.200411984069434,-6.484825077188098,-6.782912032673536,-7.095527229578356,-7.423178304704562,2.0,-8.126836417539764,-8.504438149678256,-8.900294934683306,-9.31532055119606,2.0,-10.20696364692122,-10.685463948729204,-11.187183826993586,-11.713261859839958,-12.2648987182794,-12.843425183875024,-13.450065811830848,-14.086176202772632,-14.753184614902956,-15.452583340796194,-16.185930809336067,-16.95485325154525,-17.761092653344576,-18.606537667815054,-19.492932630248756,-20.422188591596523,-21.396303745405472,-22.41754297629662,-23.488245564192724,-24.610399286996884,-25.786554339298153,2.0,-28.31147885997226,-29.665795076141137,-31.08467479960591,-32.571931505211246,-34.129913400246856,2.0,-37.47345847647683,-39.265717148805685,-41.143818183981544,-43.11108642856411,-45.17196486342876,2.0,-49.59337243476347,-51.9627776878728,-54.44468161864694,-57.04469159042707,-59.76833084845096,-62.621396525778856,-65.60992127595172,-68.74004811677759,2.0,-75.45276154157348,-79.04990554254415,-82.81771062581245,-86.76423509438474,2.0,-95.22761867646422,-99.76259255606656,-104.51255178624189
0.003255088599835,2.0,2.0,2.0,2.0,2.0,2.0,2.0,2.0,2.0,2.0,2.0,2.0,2.0,2.0,2.0,2.0,2.0,2.0,2.0,2.0,2.0,2.0,2.0,2.0,2.0,-0.2855214879124254,-0.2870454602276251,-0.2886407618487861,-0.2903107505794829,-0.2920589502821834,-0.2938890523342071,-0.2958048996503347,-0.2978105515384672,-0.2999102156977129,-0.3021083465430758,-0.3044095625442651,-0.3068187238301784,-0.3093409158980561,-0.3119814634159946,-0.31474594020019,-0.3176401889253734,-0.3206703179403211,-0.3238427329765707,-0.3271641460097012,-0.3306415692670267,-0.3342823704307541,-0.3380942365752802,-0.3420852494181787,-0.3462638413080525,-0.3506388737217943,-0.3552196111131385,-0.3600157682586028,-0.3650374913565378,-0.3702954441113331,-0.3758007725802883,-0.3815651564292959,-0.3876008314738279,-0.3939206073606636,-0.4005379156685212,-0.4074667998618577,-0.4147219909820155,-0.4223189044960047,-0.4302737016096483,-0.4386032825540794,-0.4473253852543414,-0.4564585692976888,-0.4660312593470558,-0.4760581868601669,-0.4865580814804859,-0.497553302035946,-0.5090672873084681,-0.5211245584100529,-0.5337508185051962,-0.5469729898508612,-0.5608192594881446,-0.5753191602651061,-0.5905036219544295,-0.6064050406215293,-0.6230573468673575,-0.640496084916454,-0.658758474916494,-0.6778835071796956,-0.6979120183906775,-0.7188867826089966,-0.7408525953046816,-0.7638562743427049,-0.7879472881929058,-0.8131767884004798,-0.8395987952557717,-0.8672699205693417,-0.8962884082718472,-0.9266791256888324,-0.9585069421360431,-0.9918399059336924,-1.0267492933482631,-1.0633097549800854,-1.1015994821371031,-1.141700367509147,-1.1836981068270838,-1.2276827778992274,-1.2737482363858543,-1.3220551047823057,-1.3726530789241096,-1.4256451979213576,-1.481144978468839,-1.539271189023973,-1.6001482211985998,-1.663906361442492,-1.730739549647411,-1.8007735125846531,-1.8741226343056303,-1.9509436966141351,-2.0314012191559887,-2.1156829037978575,-2.2040618397832596,-2.29662479638573,-2.3935699746525447,-2.495105289532489,-2.601557509349363,-2.713090946607275,-2.829905362060911,-2.952260801326823,-3.0805787830786735,-3.214973082913344,-3.3557311304335182,-3.5033388407172454,-3.6579596551837184,-3.819926250066133,-3.989775330175203,-4.167667750008569,-4.354144593775967,-4.549557520090286,-4.754325637088433,-4.968984192125513,-5.193896691944358,-5.429696185706101,-5.676787989203054,-5.935810541789669,-6.207316022370638,-6.4918479147677886,-6.79022153717219,-7.102905830700402,-7.430711108371756,-7.77441764297036,-8.134680027565278,-8.512334364922626,-8.90840011865603,-9.323604475351054,-9.758893831421227,-10.215260147722672,-10.693809858374012,-11.19562538441231,-11.72177599503325,-12.273453495903276,-12.851905025291313,2.0,2.0,2.0,-15.460611283081136,-16.19387541643639,-16.962706599433705,-17.76880794399976,-18.613955365943468,-19.499998621248505,2.0,-21.403034624038423,-22.424073507461593,-23.494277168857153,2.0,-25.79228447058904,-27.024702782744,-28.31662382657378,-29.67046600688019,2.0,2.0,2.0,2.0,-37.477089791831126,2.0,-41.14671048412865,-43.11407729579474,-45.174735130376085,-47.333670230347465,2.0,-51.96508325594946,-54.44686560127477,-57.04665079898389,2.0,2.0,2.0,-68.74162538495248,-72.02011330839362,-75.45415618495713,-79.05118562767011,-82.81888908766268,-86.76532286436148,-90.89892897291762,-95.22855247484172,-99.76346004958828,-104.51335969452172
0.0031622776601683,2.0,2.0,2.0,2.0,2.0,2.0,2.0,2.0,2.0,2.0,2.0,2.0,2.0,2.0,2.0,2.0,2.0,2.0,2.0,2.0,2.0,2.0,2.0,2.0,2.0,-0.2855390201665878,-0.2870655480468244,-0.2886635269844793,-0.2903363221770231,-0.292087458879933,-0.2939206336406362,-0.2958397138893307,-0.297848736300661,-0.2999519435771555,-0.3021537711093344,-0.3044588639244959,-0.306872088242038,-0.3093985299621175,-0.3120435377316997,-0.3148126825408114,-0.3177118142051385,-0.3207470701927747,-0.3239248497327531,-0.3272518756799469,-0.3307351814776357,-0.3343821449056985,-0.3382004671201319,-0.3421982305746787,-0.3463839087331435,-0.3507663530128477,-0.3553548571387276,-0.3601591461768545,-0.3651893889455616,-0.3704562651531445,-0.3759709332133716,-0.3817451082886215,-0.3877910345237947,-0.3941215474942483,-0.4007500996130643,-0.4076907563019837,-0.4149582905422803,-0.4225681236983978,-0.4305364562538432,-0.4388802094558777,-0.4476171650815007,-0.4567658658046378,-0.4663475090567022,-0.4763910831702488,-0.4869084130451856,-0.4979218989526718,-0.5094550056954508,-0.5215323091112206,-0.5341795529010662,-0.5474236967211903,-0.561292981911081,-0.5758169884111481,-0.5910266995205136,-0.6069545625250589,-0.6236345649397794,-0.6411023128702886,-0.6593950863853786,-0.678551941526033,-0.698613749948181,-0.7196234551975669,-0.7416258318396252,-0.7646679136457196,-0.7887989269742045,-0.8140704358948467,-0.8405364413836419,-0.8682535046488948,-0.8972954735667438,-0.9277354959253346,-0.959614963457241,-0.9930020203231268,-1.027968062302823,-1.0645878637001214,-1.1029396272499477,-1.1431057196755958,-1.185171716102146,-1.2292276320914013,-1.275367962976707,-1.323711007081776,-1.3743886028889616,-1.4274645570239042,-1.4830522414251075,-1.5412703441135194,-1.6022436218074176,-1.6661025117279782,-1.7329838592251123,-1.8031242311356617,-1.8765861123577936,-1.953525354631609,-2.0341066567599024,-2.118502523535727,-2.2069546857522147,-2.299655970333427,-2.396746366861419,-2.4984334893831748,-2.6049507620093575,-2.716646302880457,-2.8336303654138173,-2.956153854701812,-3.084554712502531,-3.2191386920215104,-3.3600955257774396,-3.507780873412994,-3.6626134266822703,-3.8247782141235778,-3.994733568542844,-4.172862212861467,-4.3594266510790645,-4.555086386957957,-4.760017106896247,-4.974863778872769,-5.199968539674322,-5.435942278461668,-5.683206949930508,-5.942438499966831,-6.214044162618656,-6.498873283091965,-6.79732236455887,-7.110211968309213,-7.438219374524351,-7.781986692071505,-8.142431146527855,-8.520314858522179,2.0,-9.331654241301834,-9.76711117505393,-10.223635335608448,-10.702251758411618,2.0,-11.730157573789809,2.0,2.0,-13.466875447987302,-14.102841933612387,-14.769658710155,-15.468818660331657,2.0,2.0,2.0,-18.621453712078356,-19.50739576332481,-20.436180412884145,2.0,2.0,2.0,-24.62232580040576,-25.7978773143692,-27.030254588510928,-28.321837363102137,-29.675257821465827,-31.093977871547033,-32.58029025724433,-34.138217921839654,-35.770247680711655,-37.48061884067793,-39.272591542593275,-41.14981767182473,2.0,-45.1777177093546,-47.33630856779658,2.0,-51.9673230674338,2.0,-57.04874555153322,-59.7719813486292,-62.62470014294528,2.0,2.0,-72.02170459504538,-75.45562954802861,-79.0525351952005,-82.82012875669727,-86.76646561295684,2.0,-95.22953021052918,2.0,-104.5142034802464
